task,pass,solver_run,status,steps,duration_ns
cal-12-d1-1,0,0,ok,118,6292
cal-12-d1-1,0,1,ok,118,2335
cal-12-d1-2,0,0,ok,55,6563
cal-12-d1-2,0,1,ok,55,2034
cal-12-d1-3,0,0,ok,103,8877
cal-12-d1-3,0,1,ok,103,3086
cal-12-d1-4,0,0,ok,25,7555
cal-12-d1-4,0,1,ok,25,2855
cal-12-d1-5,0,0,ok,20,5210
cal-12-d1-5,0,1,ok,20,1603
cal-12-d2-1,0,0,ok,130,9929
cal-12-d2-1,0,1,ok,130,3086
cal-12-d2-2,0,0,ok,788,7905
cal-12-d2-2,0,1,ok,788,3848
cal-12-d2-4,0,0,ok,26,5210
cal-12-d2-4,0,1,ok,26,1613
cal-12-d2-5,0,0,ok,488,4488
cal-12-d2-5,0,1,ok,488,2906
cal-12-d3-2,0,0,ok,792,14177
cal-12-d3-2,0,1,ok,792,9208
cal-12-d3-3,0,0,ok,6380,38935
cal-12-d3-3,0,1,ok,6380,33875
cal-12-d3-5,0,0,ok,1269,6893
cal-12-d3-5,0,1,ok,1269,5010
cal-12-d4-2,0,0,ok,623,12004
cal-12-d4-2,0,1,ok,623,4469
cal-12-d4-3,0,0,ok,7150,44055
cal-12-d4-3,0,1,ok,7150,36450
cal-12-d4-4,0,0,ok,1918,12705
cal-12-d4-4,0,1,ok,1918,8647
cal-12-d4-5,0,0,ok,375,8025
cal-12-d4-5,0,1,ok,375,4659
cal-12-d5-1,0,0,ok,1300,9969
cal-12-d5-1,0,1,ok,1300,6863
cal-12-d5-2,0,0,ok,991,6863
cal-12-d5-2,0,1,ok,991,5250
cal-12-d5-4,0,0,ok,611,5921
cal-12-d5-4,0,1,ok,611,3637
cal-12-d5-5,0,0,ok,4475,18846
cal-12-d5-5,0,1,ok,4475,17063
cal-34-d1-1,0,0,ok,272,24407
cal-34-d1-1,0,1,ok,272,9999
cal-34-d1-2,0,0,ok,323,4629
cal-34-d1-2,0,1,ok,323,2625
cal-34-d1-3,0,0,ok,69,8717
cal-34-d1-3,0,1,ok,69,2144
cal-34-d1-4,0,0,ok,828,7374
cal-34-d1-4,0,1,ok,828,4409
cal-34-d1-5,0,0,ok,24,10390
cal-34-d1-5,0,1,ok,24,3848
cal-34-d2-1,0,0,ok,456,6292
cal-34-d2-1,0,1,ok,456,3657
cal-34-d2-2,0,0,ok,26,4539
cal-34-d2-2,0,1,ok,26,1252
cal-34-d2-3,0,0,ok,33,4729
cal-34-d2-3,0,1,ok,33,1643
cal-34-d2-4,0,0,ok,872,10680
cal-34-d2-4,0,1,ok,872,4910
cal-34-d2-5,0,0,ok,7231,41179
cal-34-d2-5,0,1,ok,7231,35839
cal-34-d3-1,0,0,ok,1207,8075
cal-34-d3-1,0,1,ok,1207,6332
cal-34-d3-2,0,0,ok,1071,9758
cal-34-d3-2,0,1,ok,1071,5891
cal-34-d3-3,0,0,ok,182983,932826
cal-34-d3-3,0,1,ok,182983,902738
cal-34-d3-4,0,0,ok,236,7284
cal-34-d3-4,0,1,ok,236,3357
cal-34-d3-5,0,0,ok,165,6934
cal-34-d3-5,0,1,ok,165,3166
cal-34-d4-1,0,0,ok,4466,19758
cal-34-d4-1,0,1,ok,4466,17373
cal-34-d4-2,0,0,ok,2341,14718
cal-34-d4-2,0,1,ok,2341,10861
cal-34-d4-3,0,0,ok,250997,1066193
cal-34-d4-3,0,1,ok,250997,1054620
cal-34-d4-4,0,0,ok,1070,9619
cal-34-d4-4,0,1,ok,1070,6092
cal-34-d4-5,0,0,ok,201,17684
cal-34-d4-5,0,1,ok,201,4068
cal-34-d5-1,0,0,ok,13265,55447
cal-34-d5-1,0,1,ok,13265,47972
cal-34-d5-2,0,0,ok,1127,11402
cal-34-d5-2,0,1,ok,1127,5711
cal-34-d5-3,0,0,ok,844,9509
cal-34-d5-3,0,1,ok,844,5661
cal-34-d5-4,0,0,ok,3492,31751
cal-34-d5-4,0,1,ok,3492,24888
cal-34-d5-5,0,0,ok,10737,139328
cal-34-d5-5,0,1,ok,10737,134319
cal-56-d2-1,0,0,ok,4528,23556
cal-56-d2-1,0,1,ok,4528,18867
cal-56-d2-2,0,0,ok,134,26231
cal-56-d2-2,0,1,ok,134,10290
cal-56-d2-3,0,0,ok,4337,34717
cal-56-d2-3,0,1,ok,4337,25209
cal-56-d3-1,0,0,ok,682125,2782047
cal-56-d3-1,0,1,ok,682125,3392462
cal-56-d3-2,0,0,ok,1000,11983
cal-56-d3-2,0,1,ok,1000,7585
cal-56-d3-3,0,0,ok,3050,20219
cal-56-d3-3,0,1,ok,3050,15871
cal-56-d4-1,0,0,ok,52283,240723
cal-56-d4-1,0,1,ok,52283,229422
cal-56-d4-2,0,0,ok,233,10180
cal-56-d4-2,0,1,ok,233,4148
cal-56-d4-3,0,0,ok,43949,157934
cal-56-d4-3,0,1,ok,43949,150730
clk-12-d1-1,0,0,ok,121,14628
clk-12-d1-1,0,1,ok,121,4930
clk-12-d1-2,0,0,ok,127,4920
clk-12-d1-2,0,1,ok,127,2635
clk-12-d1-3,0,0,ok,2130,18456
clk-12-d1-3,0,1,ok,2130,12384
clk-12-d1-4,0,0,ok,90,11302
clk-12-d1-4,0,1,ok,90,3557
clk-12-d1-5,0,0,ok,95,22914
clk-12-d1-5,0,1,ok,95,9468
clk-12-d2-1,0,0,ok,605,7194
clk-12-d2-1,0,1,ok,605,5110
clk-12-d2-2,0,0,ok,10294,50517
clk-12-d2-2,0,1,ok,10294,48313
clk-12-d2-3,0,0,ok,94,11513
clk-12-d2-3,0,1,ok,94,4128
clk-12-d2-5,0,0,ok,90,19307
clk-12-d2-5,0,1,ok,90,2956
clk-12-d3-1,0,0,ok,90,7695
clk-12-d3-1,0,1,ok,90,2796
clk-12-d3-2,0,0,ok,155,6773
clk-12-d3-2,0,1,ok,155,3186
clk-12-d3-3,0,0,ok,96,7605
clk-12-d3-3,0,1,ok,96,3126
clk-12-d3-4,0,0,ok,25,5871
clk-12-d3-4,0,1,ok,25,1432
clk-12-d3-5,0,0,ok,90,9889
clk-12-d3-5,0,1,ok,90,3337
clk-12-d4-1,0,0,ok,98,7053
clk-12-d4-1,0,1,ok,98,2916
clk-12-d4-2,0,0,ok,90,4238
clk-12-d4-2,0,1,ok,90,2315
clk-12-d4-4,0,0,ok,1582,16121
clk-12-d4-4,0,1,ok,1582,10530
clk-12-d4-5,0,0,ok,96,5431
clk-12-d4-5,0,1,ok,96,2665
clk-12-d5-2,0,0,ok,171,8486
clk-12-d5-2,0,1,ok,171,3307
clk-12-d5-3,0,0,ok,4255,29658
clk-12-d5-3,0,1,ok,4255,22784
clk-12-d5-4,0,0,ok,1799,15469
clk-12-d5-4,0,1,ok,1799,10590
clk-12-d5-5,0,0,ok,92,15179
clk-12-d5-5,0,1,ok,92,3907
clk-34-d1-1,0,0,ok,97,12123
clk-34-d1-1,0,1,ok,97,3497
clk-34-d1-2,0,0,ok,2015,15510
clk-34-d1-2,0,1,ok,2015,12123
clk-34-d1-3,0,0,ok,34,3597
clk-34-d1-3,0,1,ok,34,1343
clk-34-d1-4,0,0,ok,9917,54265
clk-34-d1-4,0,1,ok,9917,48494
clk-34-d1-5,0,0,ok,16663,51800
clk-34-d1-5,0,1,ok,16663,43594
clk-34-d2-1,0,0,ok,4251,25740
clk-34-d2-1,0,1,ok,4251,22443
clk-34-d2-2,0,0,ok,285,11492
clk-34-d2-2,0,1,ok,285,6302
clk-34-d2-3,0,0,ok,95,11823
clk-34-d2-3,0,1,ok,95,3707
clk-34-d2-4,0,0,ok,517,18546
clk-34-d2-4,0,1,ok,517,11072
clk-34-d2-5,0,0,ok,2872,19648
clk-34-d2-5,0,1,ok,2872,16432
clk-34-d3-2,0,0,ok,96,6904
clk-34-d3-2,0,1,ok,96,2866
clk-34-d3-3,0,0,ok,98,11322
clk-34-d3-3,0,1,ok,98,3617
clk-34-d3-4,0,0,ok,98,8306
clk-34-d3-4,0,1,ok,98,3306
clk-34-d3-5,0,0,ok,3407,21231
clk-34-d3-5,0,1,ok,3407,17254
clk-34-d4-1,0,0,ok,4227,22633
clk-34-d4-1,0,1,ok,4227,17463
clk-34-d4-2,0,0,ok,616,19908
clk-34-d4-2,0,1,ok,616,13386
clk-34-d4-3,0,0,ok,100,7324
clk-34-d4-3,0,1,ok,100,2976
clk-34-d4-4,0,0,ok,2034,37562
clk-34-d4-4,0,1,ok,2034,33204
clk-34-d5-1,0,0,ok,2659,13786
clk-34-d5-1,0,1,ok,2659,12253
clk-34-d5-3,0,0,ok,2974,25859
clk-34-d5-3,0,1,ok,2974,17544
clk-34-d5-5,0,0,ok,111,12805
clk-34-d5-5,0,1,ok,111,4138
clk-56-d2-1,0,0,ok,8927,50257
clk-56-d2-1,0,1,ok,8927,44085
clk-56-d2-2,0,0,ok,208,7084
clk-56-d2-2,0,1,ok,208,4308
clk-56-d2-3,0,0,ok,108,9268
clk-56-d2-3,0,1,ok,108,3287
clk-56-d3-1,0,0,ok,15481,80485
clk-56-d3-1,0,1,ok,15481,73922
clk-56-d3-2,0,0,ok,143,6823
clk-56-d3-2,0,1,ok,143,3898
clk-56-d3-3,0,0,ok,315,12694
clk-56-d3-3,0,1,ok,315,7014
clk-56-d4-1,0,0,ok,31981,138988
clk-56-d4-1,0,1,ok,31981,124319
clk-56-d4-2,0,0,ok,15004,88250
clk-56-d4-2,0,1,ok,15004,56469
clk-56-d4-3,0,0,ok,3126,24006
clk-56-d4-3,0,1,ok,3126,21601
div-56-d2-1,0,0,ok,948,10390
div-56-d2-1,0,1,ok,948,5000
div-56-d2-2,0,0,ok,15099,45187
div-56-d2-2,0,1,ok,15099,43634
div-56-d2-3,0,0,ok,733,5881
div-56-d2-3,0,1,ok,733,3366
div-56-d3-1,0,0,ok,31509,113588
div-56-d3-1,0,1,ok,31509,121064
div-56-d3-2,0,0,ok,5545,35778
div-56-d3-2,0,1,ok,5545,32062
div-56-d3-3,0,0,ok,197,8536
div-56-d3-3,0,1,ok,197,2905
div-56-d4-1,0,0,ok,17055,62471
div-56-d4-1,0,1,ok,17055,57691
div-56-d4-2,0,0,ok,14890,106555
div-56-d4-2,0,1,ok,14890,99371
div-56-d4-3,0,0,ok,16044,49516
div-56-d4-3,0,1,ok,16044,45708
enum-12-d1-1,0,0,ok,79,7214
enum-12-d1-1,0,1,ok,79,2014
enum-12-d1-4,0,0,ok,166,6122
enum-12-d1-4,0,1,ok,166,2665
enum-12-d2-4,0,0,ok,70,6072
enum-12-d2-4,0,1,ok,70,2214
enum-12-d2-5,0,0,ok,650,12884
enum-12-d2-5,0,1,ok,650,8106
enum-12-d3-1,0,0,ok,91,4488
enum-12-d3-1,0,1,ok,91,2304
enum-12-d3-3,0,0,ok,138,6703
enum-12-d3-3,0,1,ok,138,2525
enum-12-d3-4,0,0,ok,408,9578
enum-12-d3-4,0,1,ok,408,4810
enum-12-d4-2,0,0,ok,121,6222
enum-12-d4-2,0,1,ok,121,2335
enum-12-d4-4,0,0,ok,644,14027
enum-12-d4-4,0,1,ok,644,6442
enum-12-d4-5,0,0,ok,89,6362
enum-12-d4-5,0,1,ok,89,2335
enum-12-d5-2,0,0,ok,313,5130
enum-12-d5-2,0,1,ok,313,3317
enum-12-d5-3,0,0,ok,83,5461
enum-12-d5-3,0,1,ok,83,2054
enum-12-d5-4,0,0,ok,757,7564
enum-12-d5-4,0,1,ok,757,4418
enum-34-d1-1,0,0,ok,121,4088
enum-34-d1-1,0,1,ok,121,1964
enum-34-d1-2,0,0,ok,115,7654
enum-34-d1-2,0,1,ok,115,2394
enum-34-d1-4,0,0,ok,149,8115
enum-34-d1-4,0,1,ok,149,2485
enum-34-d2-1,0,0,ok,92,4859
enum-34-d2-1,0,1,ok,92,2094
enum-34-d2-3,0,0,ok,1219,21842
enum-34-d2-3,0,1,ok,1219,17614
enum-34-d2-4,0,0,ok,274,4509
enum-34-d2-4,0,1,ok,274,2675
enum-34-d2-5,0,0,ok,119,5611
enum-34-d2-5,0,1,ok,119,2125
enum-34-d3-2,0,0,ok,124,5360
enum-34-d3-2,0,1,ok,124,2144
enum-34-d3-3,0,0,ok,594,7825
enum-34-d3-3,0,1,ok,594,4048
enum-34-d3-4,0,0,ok,22528,104822
enum-34-d3-4,0,1,ok,22528,103059
enum-34-d3-5,0,0,ok,691,14939
enum-34-d3-5,0,1,ok,691,7434
enum-34-d4-1,0,0,ok,1533,16051
enum-34-d4-1,0,1,ok,1533,10631
enum-34-d4-3,0,0,ok,3724,21681
enum-34-d4-3,0,1,ok,3724,15820
enum-34-d4-4,0,0,ok,907,12263
enum-34-d4-4,0,1,ok,907,6042
enum-34-d4-5,0,0,ok,480,18386
enum-34-d4-5,0,1,ok,480,7133
enum-34-d5-1,0,0,ok,22532,107226
enum-34-d5-1,0,1,ok,22532,102738
enum-34-d5-2,0,0,ok,1584,10480
enum-34-d5-2,0,1,ok,1584,6021
enum-34-d5-4,0,0,ok,688,12454
enum-34-d5-4,0,1,ok,688,6703
enum-56-d2-1,0,0,ok,190,4379
enum-56-d2-1,0,1,ok,190,2645
enum-56-d2-2,0,0,ok,125,5180
enum-56-d2-2,0,1,ok,125,2124
enum-56-d2-3,0,0,ok,883,15590
enum-56-d2-3,0,1,ok,883,8556
enum-56-d3-1,0,0,ok,5662,20720
enum-56-d3-1,0,1,ok,5662,15830
enum-56-d3-2,0,0,ok,7934,72400
enum-56-d3-2,0,1,ok,7934,58081
enum-56-d3-3,0,0,ok,10713,73241
enum-56-d3-3,0,1,ok,10713,65516
enum-56-d4-1,0,0,ok,224150,1774206
enum-56-d4-1,0,1,ok,224150,1318518
enum-56-d4-2,0,0,ok,18884,142925
enum-56-d4-2,0,1,ok,18884,129760
enum-56-d4-3,0,0,ok,713,10701
enum-56-d4-3,0,1,ok,713,5681
frac-56-d2-1,0,0,ok,17719,62520
frac-56-d2-1,0,1,ok,17719,59705
frac-56-d2-2,0,0,ok,14426,61880
frac-56-d2-2,0,1,ok,14426,54535
frac-56-d2-3,0,0,ok,295,6262
frac-56-d2-3,0,1,ok,295,3427
frac-56-d3-1,0,0,ok,20670,85375
frac-56-d3-1,0,1,ok,20670,82809
frac-56-d3-2,0,0,ok,32557,115953
frac-56-d3-2,0,1,ok,32557,111885
frac-56-d3-3,0,0,ok,13917,54846
frac-56-d3-3,0,1,ok,13917,50007
frac-56-d4-1,0,0,ok,20699,170569
frac-56-d4-1,0,1,ok,20699,153306
frac-56-d4-2,0,0,ok,427,8947
frac-56-d4-2,0,1,ok,427,3917
frac-56-d4-3,0,0,ok,46564,181961
frac-56-d4-3,0,1,ok,46564,169927
game-56-d2-1,0,0,ok,692,12194
game-56-d2-1,0,1,ok,692,7194
game-56-d2-2,0,0,ok,1887,17333
game-56-d2-2,0,1,ok,1887,12555
game-56-d2-3,0,0,ok,1046,20380
game-56-d2-3,0,1,ok,1046,7986
game-56-d3-1,0,0,ok,867,10390
game-56-d3-1,0,1,ok,867,7585
game-56-d3-2,0,0,ok,5153,98790
game-56-d3-2,0,1,ok,5153,87338
game-56-d3-3,0,0,ok,800,12344
game-56-d3-3,0,1,ok,800,7153
game-56-d4-1,0,0,ok,1213,10210
game-56-d4-1,0,1,ok,1213,8606
game-56-d4-2,0,0,ok,3467,71567
game-56-d4-2,0,1,ok,3467,61118
game-56-d4-3,0,0,ok,1597,14468
game-56-d4-3,0,1,ok,1597,11172
gaps-12-d1-1,0,0,ok,100,3446
gaps-12-d1-1,0,1,ok,100,1994
gaps-12-d1-2,0,0,ok,73,3387
gaps-12-d1-2,0,1,ok,73,1473
gaps-12-d1-3,0,0,ok,285,5871
gaps-12-d1-3,0,1,ok,285,3728
gaps-12-d1-4,0,0,ok,24,5290
gaps-12-d1-4,0,1,ok,24,1704
gaps-12-d1-5,0,0,ok,72,3677
gaps-12-d1-5,0,1,ok,72,1963
gaps-12-d2-1,0,0,ok,123,5591
gaps-12-d2-1,0,1,ok,123,2174
gaps-12-d2-3,0,0,ok,110,3467
gaps-12-d2-3,0,1,ok,110,1954
gaps-12-d3-1,0,0,ok,104,59013
gaps-12-d3-1,0,1,ok,104,20339
gaps-12-d3-3,0,0,ok,43,5030
gaps-12-d3-3,0,1,ok,43,2215
gaps-12-d3-4,0,0,ok,79,3507
gaps-12-d3-4,0,1,ok,79,1834
gaps-12-d3-5,0,0,ok,105,8607
gaps-12-d3-5,0,1,ok,105,2976
gaps-12-d4-3,0,0,ok,218,3577
gaps-12-d4-3,0,1,ok,218,2174
gaps-12-d4-5,0,0,ok,127,8767
gaps-12-d4-5,0,1,ok,127,3797
gaps-12-d5-2,0,0,ok,25,4839
gaps-12-d5-2,0,1,ok,25,1834
gaps-12-d5-3,0,0,ok,54,4219
gaps-12-d5-3,0,1,ok,54,1763
gaps-12-d5-4,0,0,ok,29,3487
gaps-12-d5-4,0,1,ok,29,1482
gaps-12-d5-5,0,0,ok,150,4228
gaps-12-d5-5,0,1,ok,150,2485
gaps-34-d1-1,0,0,ok,271,7164
gaps-34-d1-1,0,1,ok,271,2885
gaps-34-d1-2,0,0,ok,24,2725
gaps-34-d1-2,0,1,ok,24,1543
gaps-34-d1-3,0,0,ok,29,3907
gaps-34-d1-3,0,1,ok,29,1683
gaps-34-d1-4,0,0,ok,149,6883
gaps-34-d1-4,0,1,ok,149,3176
gaps-34-d1-5,0,0,ok,824,22243
gaps-34-d1-5,0,1,ok,824,13917
gaps-34-d2-1,0,0,ok,118,8045
gaps-34-d2-1,0,1,ok,118,32212
gaps-34-d2-2,0,0,ok,162,6984
gaps-34-d2-2,0,1,ok,162,2976
gaps-34-d2-3,0,0,ok,473,6412
gaps-34-d2-3,0,1,ok,473,3196
gaps-34-d2-4,0,0,ok,31,3536
gaps-34-d2-4,0,1,ok,31,1583
gaps-34-d2-5,0,0,ok,383,11933
gaps-34-d2-5,0,1,ok,383,5300
gaps-34-d3-2,0,0,ok,547,14148
gaps-34-d3-2,0,1,ok,547,10029
gaps-34-d3-3,0,0,ok,71,7825
gaps-34-d3-3,0,1,ok,71,3096
gaps-34-d3-4,0,0,ok,31,3857
gaps-34-d3-4,0,1,ok,31,1843
gaps-34-d4-1,0,0,ok,178,6373
gaps-34-d4-1,0,1,ok,178,2224
gaps-34-d4-2,0,0,ok,4898,59173
gaps-34-d4-2,0,1,ok,4898,52100
gaps-34-d4-3,0,0,ok,31,4208
gaps-34-d4-3,0,1,ok,31,1573
gaps-34-d4-4,0,0,ok,138,6242
gaps-34-d4-4,0,1,ok,138,2795
gaps-34-d4-5,0,0,ok,372,9758
gaps-34-d4-5,0,1,ok,372,5060
gaps-34-d5-1,0,0,ok,207,4800
gaps-34-d5-1,0,1,ok,207,2294
gaps-34-d5-2,0,0,ok,713,15049
gaps-34-d5-2,0,1,ok,713,9138
gaps-34-d5-3,0,0,ok,1348,12764
gaps-34-d5-3,0,1,ok,1348,8516
gaps-34-d5-5,0,0,ok,243,4939
gaps-34-d5-5,0,1,ok,243,2204
gaps-56-d2-1,0,0,ok,108,8126
gaps-56-d2-1,0,1,ok,108,3136
gaps-56-d2-2,0,0,ok,618,11182
gaps-56-d2-2,0,1,ok,618,8546
gaps-56-d2-3,0,0,ok,541,8767
gaps-56-d2-3,0,1,ok,541,4729
gaps-56-d3-1,0,0,ok,60301,305619
gaps-56-d3-1,0,1,ok,60301,298695
gaps-56-d3-2,0,0,ok,617,57911
gaps-56-d3-2,0,1,ok,617,16522
gaps-56-d3-3,0,0,ok,377,8206
gaps-56-d3-3,0,1,ok,377,5070
gaps-56-d4-1,0,0,ok,941,9568
gaps-56-d4-1,0,1,ok,941,3808
gaps-56-d4-2,0,0,ok,1395,15420
gaps-56-d4-2,0,1,ok,1395,9318
gaps-56-d4-3,0,0,ok,105638,655332
gaps-56-d4-3,0,1,ok,105638,1036515
grid-56-d2-1,0,0,ok,712,17544
grid-56-d2-1,0,1,ok,712,7945
grid-56-d2-2,0,0,ok,221,8316
grid-56-d2-2,0,1,ok,221,4219
grid-56-d2-3,0,0,ok,1362,24457
grid-56-d2-3,0,1,ok,1362,16943
grid-56-d3-1,0,0,ok,1179,19608
grid-56-d3-1,0,1,ok,1179,12754
grid-56-d3-2,0,0,ok,1732,19527
grid-56-d3-2,0,1,ok,1732,13295
grid-56-d3-3,0,0,ok,1251,16492
grid-56-d3-3,0,1,ok,1251,9759
grid-56-d4-1,0,0,ok,5876,62520
grid-56-d4-1,0,1,ok,5876,54405
grid-56-d4-2,0,0,ok,18448,182160
grid-56-d4-2,0,1,ok,18448,181039
grid-56-d4-3,0,0,ok,535571,5672472
grid-56-d4-3,0,1,ok,535571,8802098
kl-34-d1-1,0,0,ok,224,10239
kl-34-d1-1,0,1,ok,224,3617
kl-34-d5-2,0,0,ok,1008543,6605118
kl-34-d5-2,0,1,ok,1008543,4693758
kl-56-d2-1,0,0,ok,557,13576
kl-56-d2-1,0,1,ok,557,7014
kl-56-d2-2,0,0,ok,587,14127
kl-56-d2-2,0,1,ok,587,5921
kl-56-d2-3,0,0,ok,468,6643
kl-56-d2-3,0,1,ok,468,6202
kl-56-d3-1,0,0,ok,556,15430
kl-56-d3-1,0,1,ok,556,6432
kl-56-d3-2,0,0,ok,64797,344403
kl-56-d3-2,0,1,ok,64797,324154
kl-56-d3-3,0,0,ok,2065,18836
kl-56-d3-3,0,1,ok,2065,13476
kl-56-d4-1,0,0,ok,2605,27132
kl-56-d4-1,0,1,ok,2605,17203
kl-56-d4-2,0,0,ok,1765,90164
kl-56-d4-2,0,1,ok,1765,29697
kl-56-d4-3,0,0,ok,35374,591859
kl-56-d4-3,0,1,ok,35374,595597
ord-12-d1-1,0,0,ok,742,17513
ord-12-d1-1,0,1,ok,742,7925
ord-12-d1-2,0,0,ok,773,31110
ord-12-d1-2,0,1,ok,773,15009
ord-12-d1-3,0,0,ok,721,26260
ord-12-d1-3,0,1,ok,721,9628
ord-12-d1-4,0,0,ok,744,11652
ord-12-d1-4,0,1,ok,744,127585
ord-12-d1-5,0,0,ok,798,18535
ord-12-d1-5,0,1,ok,798,9959
ord-12-d2-1,0,0,ok,3039,36480
ord-12-d2-1,0,1,ok,3039,21381
ord-12-d2-2,0,0,ok,16892,123127
ord-12-d2-2,0,1,ok,16892,100684
ord-12-d2-3,0,0,ok,3154,83090
ord-12-d2-3,0,1,ok,3154,79433
ord-12-d2-4,0,0,ok,3153,31571
ord-12-d2-4,0,1,ok,3153,22173
ord-12-d2-5,0,0,ok,3369,25809
ord-12-d2-5,0,1,ok,3369,22212
ord-12-d3-2,0,0,ok,3153,29988
ord-12-d3-2,0,1,ok,3153,23134
ord-12-d3-3,0,0,ok,3544,24337
ord-12-d3-3,0,1,ok,3544,21031
ord-12-d3-4,0,0,ok,3319,32783
ord-12-d3-4,0,1,ok,3319,22564
ord-12-d3-5,0,0,ok,3145,23135
ord-12-d3-5,0,1,ok,3145,20128
ord-12-d4-1,0,0,ok,19015,117386
ord-12-d4-1,0,1,ok,19015,109891
ord-12-d4-2,0,0,ok,3279,22724
ord-12-d4-2,0,1,ok,3279,23074
ord-12-d4-4,0,0,ok,3449,31802
ord-12-d4-4,0,1,ok,3449,23085
ord-12-d4-5,0,0,ok,6642,50667
ord-12-d4-5,0,1,ok,6642,43724
ord-12-d5-2,0,0,ok,3173,31601
ord-12-d5-2,0,1,ok,3173,22874
ord-12-d5-3,0,0,ok,18951,109240
ord-12-d5-3,0,1,ok,18951,105063
ord-12-d5-4,0,0,ok,3493,34286
ord-12-d5-4,0,1,ok,3493,24868
ord-12-d5-5,0,0,ok,7444,49886
ord-12-d5-5,0,1,ok,7444,44696
ord-34-d1-1,0,0,ok,27999,199975
ord-34-d1-1,0,1,ok,27999,193142
ord-34-d1-2,0,0,ok,560,17053
ord-34-d1-2,0,1,ok,560,4418
ord-34-d1-3,0,0,ok,28115,110623
ord-34-d1-3,0,1,ok,28115,105333
ord-34-d1-4,0,0,ok,921069,6670774
ord-34-d1-4,0,1,ok,921069,6121056
ord-34-d1-5,0,0,ok,3154,30368
ord-34-d1-5,0,1,ok,3154,21913
ord-34-d2-1,0,0,ok,3885,45016
ord-34-d2-1,0,1,ok,3885,31801
ord-34-d2-2,0,0,ok,18440,109862
ord-34-d2-2,0,1,ok,18440,98339
ord-34-d2-3,0,0,ok,3236,32433
ord-34-d2-3,0,1,ok,3236,21402
ord-34-d2-4,0,0,ok,18996,142234
ord-34-d2-4,0,1,ok,18996,114631
ord-34-d2-5,0,0,ok,765,11843
ord-34-d2-5,0,1,ok,765,8557
ord-34-d3-1,0,0,ok,127355,675450
ord-34-d3-1,0,1,ok,127355,926403
ord-34-d3-2,0,0,ok,3175,30649
ord-34-d3-2,0,1,ok,3175,22453
ord-34-d3-3,0,0,ok,526,15570
ord-34-d3-3,0,1,ok,526,4488
ord-34-d3-4,0,0,ok,18947,137515
ord-34-d3-4,0,1,ok,18947,115152
ord-34-d3-5,0,0,ok,3224,29587
ord-34-d3-5,0,1,ok,3224,30078
ord-34-d4-1,0,0,ok,18475,142013
ord-34-d4-1,0,1,ok,18475,138206
ord-34-d4-3,0,0,ok,18564,319265
ord-34-d4-3,0,1,ok,18564,203522
ord-34-d4-4,0,0,ok,984,13276
ord-34-d4-4,0,1,ok,984,6262
ord-34-d4-5,0,0,ok,5313,44846
ord-34-d4-5,0,1,ok,5313,25008
ord-34-d5-1,0,0,ok,128680,697573
ord-34-d5-1,0,1,ok,128680,925412
ord-34-d5-2,0,0,ok,20388,117106
ord-34-d5-2,0,1,ok,20388,111194
ord-34-d5-3,0,0,ok,3211,30780
ord-34-d5-3,0,1,ok,3211,22022
ord-34-d5-5,0,0,ok,18776,114340
ord-34-d5-5,0,1,ok,18776,105303
ord-56-d2-1,0,0,ok,19022,112777
ord-56-d2-1,0,1,ok,19022,104371
ord-56-d2-2,0,0,ok,6289,37883
ord-56-d2-2,0,1,ok,6289,28455
ord-56-d2-3,0,0,ok,18020,112827
ord-56-d2-3,0,1,ok,18020,295820
ord-56-d3-1,0,0,ok,131940,691080
ord-56-d3-1,0,1,ok,131940,905063
ord-56-d3-2,0,0,ok,39025,349002
ord-56-d3-2,0,1,ok,39025,219713
ord-56-d3-3,0,0,ok,18622,109731
ord-56-d3-3,0,1,ok,18622,102317
ord-56-d4-1,0,0,ok,1002845,7265940
ord-56-d4-1,0,1,ok,1002845,6242891
ord-56-d4-2,0,0,ok,3767,34085
ord-56-d4-2,0,1,ok,3767,26030
ord-56-d4-3,0,0,ok,131560,1002290
ord-56-d4-3,0,1,ok,131560,1277018
par-12-d1-1,0,0,ok,117,5350
par-12-d1-1,0,1,ok,117,1974
par-12-d1-3,0,0,ok,61,4699
par-12-d1-3,0,1,ok,61,1683
par-12-d1-4,0,0,ok,454,16321
par-12-d1-4,0,1,ok,454,4859
par-12-d1-5,0,0,ok,148,18786
par-12-d1-5,0,1,ok,148,6542
par-12-d2-3,0,0,ok,113,7705
par-12-d2-3,0,1,ok,113,2345
par-12-d2-5,0,0,ok,142,4178
par-12-d2-5,0,1,ok,142,2004
par-12-d3-1,0,0,ok,152,12263
par-12-d3-1,0,1,ok,152,3467
par-12-d3-2,0,0,ok,316,5741
par-12-d3-2,0,1,ok,316,2856
par-12-d3-4,0,0,ok,704,12744
par-12-d3-4,0,1,ok,704,6553
par-12-d4-2,0,0,ok,252,4359
par-12-d4-2,0,1,ok,252,2455
par-12-d4-4,0,0,ok,13046,131143
par-12-d4-4,0,1,ok,13046,109271
par-12-d4-5,0,0,ok,80487,416532
par-12-d4-5,0,1,ok,80487,538597
par-12-d5-2,0,0,ok,1604,32413
par-12-d5-2,0,1,ok,1604,17363
par-34-d1-1,0,0,ok,128,5160
par-34-d1-1,0,1,ok,128,2726
par-34-d1-2,0,0,ok,1516,10440
par-34-d1-2,0,1,ok,1516,6542
par-34-d1-3,0,0,ok,73,4158
par-34-d1-3,0,1,ok,73,1783
par-34-d1-4,0,0,ok,12049,60677
par-34-d1-4,0,1,ok,12049,54885
par-34-d1-5,0,0,ok,78,4739
par-34-d1-5,0,1,ok,78,1834
par-34-d2-1,0,0,ok,707,11493
par-34-d2-1,0,1,ok,707,6212
par-34-d2-2,0,0,ok,55,5651
par-34-d2-2,0,1,ok,55,2174
par-34-d2-3,0,0,ok,1640,15921
par-34-d2-3,0,1,ok,1640,10811
par-34-d3-1,0,0,ok,199875,344043
par-34-d3-1,0,1,ok,199875,326148
par-34-d3-2,0,0,ok,1529,13656
par-34-d3-2,0,1,ok,1529,8206
par-34-d3-3,0,0,ok,2287,13647
par-34-d3-3,0,1,ok,2287,9568
par-34-d3-4,0,0,ok,28521,980829
par-34-d3-4,0,1,ok,28521,230023
par-34-d3-5,0,0,ok,545,7405
par-34-d3-5,0,1,ok,545,4719
par-34-d4-1,0,0,ok,2008,26661
par-34-d4-1,0,1,ok,2008,18005
par-34-d4-3,0,0,ok,142,7615
par-34-d4-3,0,1,ok,142,3016
par-34-d4-4,0,0,ok,107,7885
par-34-d4-4,0,1,ok,107,3306
par-34-d4-5,0,0,ok,53570,688877
par-34-d4-5,0,1,ok,53570,463763
par-34-d5-1,0,0,ok,88014,685510
par-34-d5-1,0,1,ok,88014,615555
par-34-d5-2,0,0,ok,977,13556
par-34-d5-2,0,1,ok,977,8848
par-34-d5-4,0,0,ok,110044,1035233
par-34-d5-4,0,1,ok,110044,798467
par-34-d5-5,0,0,ok,136,6592
par-34-d5-5,0,1,ok,136,2395
par-56-d2-1,0,0,ok,3946,49054
par-56-d2-1,0,1,ok,3946,39276
par-56-d2-2,0,0,ok,1154997,3335762
par-56-d2-2,0,1,ok,1154997,3655829
par-56-d2-3,0,0,ok,578886,2320638
par-56-d2-3,0,1,ok,578886,2671995
par-56-d3-1,0,0,ok,632,21972
par-56-d3-1,0,1,ok,632,13807
par-56-d3-2,0,0,ok,562591,8090698
par-56-d3-2,0,1,ok,562591,11061048
par-56-d3-3,0,0,ok,146408,1124956
par-56-d3-3,0,1,ok,146408,1620911
par-56-d4-1,0,0,ok,1327362,13356497
par-56-d4-1,0,1,ok,1327362,16391120
par-56-d4-2,0,0,ok,103746,1599149
par-56-d4-2,0,1,ok,103746,652306
par-56-d4-3,0,0,ok,1372300,3535117
par-56-d4-3,0,1,ok,1372300,4072411
pct-56-d2-1,0,0,ok,1776,18365
pct-56-d2-1,0,1,ok,1776,8496
pct-56-d2-2,0,0,ok,17942,92388
pct-56-d2-2,0,1,ok,17942,75386
pct-56-d2-3,0,0,ok,23509,89372
pct-56-d2-3,0,1,ok,23509,86717
pct-56-d3-1,0,0,ok,16444,179355
pct-56-d3-1,0,1,ok,16444,175989
pct-56-d3-2,0,0,ok,17847,86226
pct-56-d3-2,0,1,ok,17847,81347
pct-56-d3-3,0,0,ok,14832,62460
pct-56-d3-3,0,1,ok,14832,57491
pct-56-d4-1,0,0,ok,20947,87218
pct-56-d4-1,0,1,ok,20947,84793
pct-56-d4-2,0,0,ok,5690,77610
pct-56-d4-2,0,1,ok,5690,46660
pct-56-d4-3,0,0,ok,613,22413
pct-56-d4-3,0,1,ok,613,10190
pig-12-d1-2,0,0,ok,527,21080
pig-12-d1-2,0,1,ok,527,8226
pig-12-d1-3,0,0,ok,3306,96125
pig-12-d1-3,0,1,ok,3306,81276
pig-12-d2-3,0,0,ok,69,6763
pig-12-d2-3,0,1,ok,69,4148
pig-12-d3-3,0,0,ok,273722,2425069
pig-12-d3-3,0,1,ok,273722,2706330
pig-12-d5-5,0,0,ok,597,16732
pig-12-d5-5,0,1,ok,597,6413
pig-34-d1-1,0,0,ok,2944,27773
pig-34-d1-1,0,1,ok,2944,21652
pig-34-d1-2,0,0,ok,85,4609
pig-34-d1-2,0,1,ok,85,1763
pig-34-d1-5,0,0,ok,182,8396
pig-34-d1-5,0,1,ok,182,2986
pig-34-d2-2,0,0,ok,129,8236
pig-34-d2-2,0,1,ok,129,2786
pig-34-d2-3,0,0,ok,30322,312001
pig-34-d2-3,0,1,ok,30322,332731
pig-34-d2-4,0,0,ok,524,33124
pig-34-d2-4,0,1,ok,524,6332
pig-34-d2-5,0,0,ok,159,20970
pig-34-d2-5,0,1,ok,159,3296
pig-34-d3-3,0,0,ok,76941,684087
pig-34-d3-3,0,1,ok,76941,2432724
pig-34-d3-4,0,0,ok,99,16231
pig-34-d3-4,0,1,ok,99,2225
pig-34-d4-2,0,0,ok,2413617,33161711
pig-34-d4-2,0,1,ok,2413617,23663192
pig-34-d4-3,0,0,ok,30483,168535
pig-34-d4-3,0,1,ok,30483,132164
pig-34-d4-4,0,0,ok,70,9157
pig-34-d4-4,0,1,ok,70,3407
pig-34-d4-5,0,0,ok,1973,47231
pig-34-d4-5,0,1,ok,1973,25920
pig-34-d5-2,0,0,ok,1456,41730
pig-34-d5-2,0,1,ok,1456,16542
pig-34-d5-4,0,0,ok,1100817,16480733
pig-34-d5-4,0,1,ok,1100817,10118733
pig-34-d5-5,0,0,ok,2156484,21790486
pig-34-d5-5,0,1,ok,2156484,21077984
pig-56-d2-1,0,0,ok,4434,31120
pig-56-d2-1,0,1,ok,4434,14929
pig-56-d2-2,0,0,ok,2163,130140
pig-56-d2-2,0,1,ok,2163,14598
pig-56-d2-3,0,0,ok,112378,780854
pig-56-d2-3,0,1,ok,112378,770885
pig-56-d3-1,0,0,ok,1836,72300
pig-56-d3-1,0,1,ok,1836,28354
pig-56-d3-2,0,0,ok,17531,153967
pig-56-d3-2,0,1,ok,17531,133016
pig-56-d3-3,0,0,ok,46177,403316
pig-56-d3-3,0,1,ok,46177,450718
pig-56-d4-1,0,0,ok,7697,91075
pig-56-d4-1,0,1,ok,7697,51990
pig-56-d4-2,0,0,ok,72741,1647242
pig-56-d4-2,0,1,ok,72741,1623065
pig-56-d4-3,0,0,ok,192080,1335181
pig-56-d4-3,0,1,ok,192080,3529425
ratio-56-d2-1,0,0,ok,17059,152133
ratio-56-d2-1,0,1,ok,17059,119470
ratio-56-d2-2,0,0,ok,1128,37172
ratio-56-d2-2,0,1,ok,1128,13175
ratio-56-d2-3,0,0,ok,17063,178393
ratio-56-d2-3,0,1,ok,17063,118047
ratio-56-d3-1,0,0,ok,5235,63452
ratio-56-d3-1,0,1,ok,5235,36390
ratio-56-d3-2,0,0,ok,17065,64193
ratio-56-d3-2,0,1,ok,17065,55648
ratio-56-d3-3,0,0,ok,18981,117507
ratio-56-d3-3,0,1,ok,18981,96646
ratio-56-d4-1,0,0,ok,36102,278386
ratio-56-d4-1,0,1,ok,36102,248729
ratio-56-d4-2,0,0,ok,2386,17844
ratio-56-d4-2,0,1,ok,2386,10941
ratio-56-d4-3,0,0,ok,7612,85945
ratio-56-d4-3,0,1,ok,7612,70977
sets-56-d2-1,0,0,ok,714823,3303050
sets-56-d2-1,0,1,ok,714823,5249007
sets-56-d2-2,0,0,ok,206541,862441
sets-56-d2-2,0,1,ok,206541,1809313
sets-56-d2-3,0,0,ok,1070996,6631608
sets-56-d2-3,0,1,ok,1070996,4813218
sets-56-d3-1,0,0,ok,340116,1363655
sets-56-d3-1,0,1,ok,340116,3042639
sets-56-d3-2,0,0,ok,1092164,12400136
sets-56-d3-2,0,1,ok,1092164,10740981
sets-56-d3-3,0,0,ok,2200623,16411279
sets-56-d3-3,0,1,ok,2200623,16103617
sets-56-d4-1,0,0,ok,1917227,25442818
sets-56-d4-1,0,1,ok,1917227,32382871
sets-56-d4-2,0,0,ok,279129,3855163
sets-56-d4-2,0,1,ok,279129,2978445
sets-56-d4-3,0,0,ok,951694,3987267
sets-56-d4-3,0,1,ok,951694,6316462
tri-12-d1-2,0,0,ok,15053,46730
tri-12-d1-2,0,1,ok,15053,41870
tri-12-d1-3,0,0,ok,26,2534
tri-12-d1-3,0,1,ok,26,1373
tri-12-d1-5,0,0,ok,32,14568
tri-12-d1-5,0,1,ok,32,3176
tri-12-d2-1,0,0,ok,31,6232
tri-12-d2-1,0,1,ok,31,1653
tri-12-d2-2,0,0,ok,17055,61619
tri-12-d2-2,0,1,ok,17055,54995
tri-12-d3-1,0,0,ok,41,5741
tri-12-d3-1,0,1,ok,41,2154
tri-12-d3-3,0,0,ok,34,2224
tri-12-d3-3,0,1,ok,34,1403
tri-12-d3-4,0,0,ok,15052,47081
tri-12-d3-4,0,1,ok,15052,42151
tri-12-d3-5,0,0,ok,34,3356
tri-12-d3-5,0,1,ok,34,1342
tri-12-d4-1,0,0,ok,17055,58823
tri-12-d4-1,0,1,ok,17055,55056
tri-12-d5-2,0,0,ok,17054,55717
tri-12-d5-2,0,1,ok,17054,54515
tri-12-d5-3,0,0,ok,144,5801
tri-12-d5-3,0,1,ok,144,2585
tri-12-d5-4,0,0,ok,20062,80475
tri-12-d5-4,0,1,ok,20062,77499
tri-12-d5-5,0,0,ok,1882,12043
tri-12-d5-5,0,1,ok,1882,9508
tri-34-d1-2,0,0,ok,15053,115633
tri-34-d1-2,0,1,ok,15053,90955
tri-34-d1-3,0,0,ok,34,6011
tri-34-d1-3,0,1,ok,34,1854
tri-34-d1-5,0,0,ok,29,6212
tri-34-d1-5,0,1,ok,29,2094
tri-34-d2-1,0,0,ok,42,8196
tri-34-d2-1,0,1,ok,42,2444
tri-34-d2-2,0,0,ok,15055,47862
tri-34-d2-2,0,1,ok,15055,42442
tri-34-d2-4,0,0,ok,39,26491
tri-34-d2-4,0,1,ok,39,4850
tri-34-d2-5,0,0,ok,32,27583
tri-34-d2-5,0,1,ok,32,3677
tri-34-d3-1,0,0,ok,17056,134479
tri-34-d3-1,0,1,ok,17056,118799
tri-34-d3-4,0,0,ok,17055,68912
tri-34-d3-4,0,1,ok,17055,55387
tri-34-d4-1,0,0,ok,30,6562
tri-34-d4-1,0,1,ok,30,1793
tri-34-d4-2,0,0,ok,17056,59004
tri-34-d4-2,0,1,ok,17056,60096
tri-34-d4-3,0,0,ok,34,22633
tri-34-d4-3,0,1,ok,34,4679
tri-34-d4-5,0,0,ok,17058,140009
tri-34-d4-5,0,1,ok,17058,118588
tri-34-d5-1,0,0,ok,133,28805
tri-34-d5-1,0,1,ok,133,7955
tri-34-d5-2,0,0,ok,19055,161080
tri-34-d5-2,0,1,ok,19055,146091
tri-34-d5-3,0,0,ok,2543,111044
tri-34-d5-3,0,1,ok,2543,84673
tri-34-d5-4,0,0,ok,100,37342
tri-34-d5-4,0,1,ok,100,7054
tri-56-d2-1,0,0,ok,120,27964
tri-56-d2-1,0,1,ok,120,4398
tri-56-d2-2,0,0,ok,33073,241595
tri-56-d2-2,0,1,ok,33073,258839
tri-56-d2-3,0,0,ok,62,7755
tri-56-d2-3,0,1,ok,62,2164
tri-56-d3-1,0,0,ok,9390,39897
tri-56-d3-1,0,1,ok,9390,33494
tri-56-d3-2,0,0,ok,100075,1602435
tri-56-d3-2,0,1,ok,100075,1243294
tri-56-d3-3,0,0,ok,2819,24588
tri-56-d3-3,0,1,ok,2819,21361
tri-56-d4-1,0,0,ok,5810,73091
tri-56-d4-1,0,1,ok,5810,68562
tri-56-d4-2,0,0,ok,28915,146212
tri-56-d4-2,0,1,ok,28915,149718
tri-56-d4-3,0,0,ok,55391,314505
tri-56-d4-3,0,1,ok,55391,305368
wp-34-d1-4,0,0,ok,36,5600
wp-34-d1-4,0,1,ok,36,1964
wp-34-d1-5,0,0,ok,446,11592
wp-34-d1-5,0,1,ok,446,17393
wp-34-d3-3,0,0,ok,2376,34907
wp-34-d3-3,0,1,ok,2376,23646
wp-56-d2-1,0,0,ok,13478,170488
wp-56-d2-1,0,1,ok,13478,153976
wp-56-d2-2,0,0,ok,411519,3230520
wp-56-d2-2,0,1,ok,411519,3176195
wp-56-d2-3,0,0,ok,902,21120
wp-56-d2-3,0,1,ok,902,13126
wp-56-d3-1,0,0,ok,2159,34416
wp-56-d3-1,0,1,ok,2159,26331
wp-56-d3-2,0,0,ok,363974,3344600
wp-56-d3-2,0,1,ok,363974,2693667
wp-56-d3-3,0,0,ok,775,16993
wp-56-d3-3,0,1,ok,775,11152
wp-56-d4-1,0,0,ok,308938,5874080
wp-56-d4-1,0,1,ok,308938,3255428
wp-56-d4-2,0,0,ok,7365,84192
wp-56-d4-2,0,1,ok,7365,81006
wp-56-d4-3,0,0,ok,201798,1286066
wp-56-d4-3,0,1,ok,201798,1706827
cal-12-d1-1,1,0,ok,118,9268
cal-12-d1-1,1,1,ok,118,3026
cal-12-d1-2,1,0,ok,55,4679
cal-12-d1-2,1,1,ok,55,1854
cal-12-d1-3,1,0,ok,103,4870
cal-12-d1-3,1,1,ok,103,3647
cal-12-d1-4,1,0,ok,25,4729
cal-12-d1-4,1,1,ok,25,1573
cal-12-d1-5,1,0,ok,20,2374
cal-12-d1-5,1,1,ok,20,1132
cal-12-d2-1,1,0,ok,130,7725
cal-12-d2-1,1,1,ok,130,2946
cal-12-d2-2,1,0,ok,788,6031
cal-12-d2-2,1,1,ok,788,4047
cal-12-d2-4,1,0,ok,26,4088
cal-12-d2-4,1,1,ok,26,1673
cal-12-d2-5,1,0,ok,488,23796
cal-12-d2-5,1,1,ok,488,7104
cal-12-d3-2,1,0,ok,792,26882
cal-12-d3-2,1,1,ok,792,8967
cal-12-d3-3,1,0,ok,6380,90524
cal-12-d3-3,1,1,ok,6380,70436
cal-12-d3-5,1,0,ok,1269,19287
cal-12-d3-5,1,1,ok,1269,11182
cal-12-d4-2,1,0,ok,623,13175
cal-12-d4-2,1,1,ok,623,4709
cal-12-d4-3,1,0,ok,7150,41580
cal-12-d4-3,1,1,ok,7150,35809
cal-12-d4-4,1,0,ok,1918,41219
cal-12-d4-4,1,1,ok,1918,19027
cal-12-d4-5,1,0,ok,375,13255
cal-12-d4-5,1,1,ok,375,5581
cal-12-d5-1,1,0,ok,1300,10992
cal-12-d5-1,1,1,ok,1300,7134
cal-12-d5-2,1,0,ok,991,30989
cal-12-d5-2,1,1,ok,991,12303
cal-12-d5-4,1,0,ok,611,11352
cal-12-d5-4,1,1,ok,611,7865
cal-12-d5-5,1,0,ok,4475,24898
cal-12-d5-5,1,1,ok,4475,18605
cal-34-d1-1,1,0,ok,272,6983
cal-34-d1-1,1,1,ok,272,3327
cal-34-d1-2,1,0,ok,323,7925
cal-34-d1-2,1,1,ok,323,3106
cal-34-d1-3,1,0,ok,69,9789
cal-34-d1-3,1,1,ok,69,2705
cal-34-d1-4,1,0,ok,828,8697
cal-34-d1-4,1,1,ok,828,5531
cal-34-d1-5,1,0,ok,24,5009
cal-34-d1-5,1,1,ok,24,1313
cal-34-d2-1,1,0,ok,456,12584
cal-34-d2-1,1,1,ok,456,4178
cal-34-d2-2,1,0,ok,26,16382
cal-34-d2-2,1,1,ok,26,2655
cal-34-d2-3,1,0,ok,33,11863
cal-34-d2-3,1,1,ok,33,3256
cal-34-d2-4,1,0,ok,872,17824
cal-34-d2-4,1,1,ok,872,4829
cal-34-d2-5,1,0,ok,7231,46700
cal-34-d2-5,1,1,ok,7231,38134
cal-34-d3-1,1,0,ok,1207,36730
cal-34-d3-1,1,1,ok,1207,15260
cal-34-d3-2,1,0,ok,1071,24847
cal-34-d3-2,1,1,ok,1071,12304
cal-34-d3-3,1,0,ok,182983,900504
cal-34-d3-3,1,1,ok,182983,889823
cal-34-d3-4,1,0,ok,236,9558
cal-34-d3-4,1,1,ok,236,3937
cal-34-d3-5,1,0,ok,165,36200
cal-34-d3-5,1,1,ok,165,7184
cal-34-d4-1,1,0,ok,4466,27423
cal-34-d4-1,1,1,ok,4466,18125
cal-34-d4-2,1,0,ok,2341,16953
cal-34-d4-2,1,1,ok,2341,11572
cal-34-d4-3,1,0,ok,250997,1092063
cal-34-d4-3,1,1,ok,250997,1067837
cal-34-d4-4,1,0,ok,1070,11773
cal-34-d4-4,1,1,ok,1070,6402
cal-34-d4-5,1,0,ok,201,18506
cal-34-d4-5,1,1,ok,201,4128
cal-34-d5-1,1,0,ok,13265,53964
cal-34-d5-1,1,1,ok,13265,47722
cal-34-d5-2,1,0,ok,1127,8396
cal-34-d5-2,1,1,ok,1127,5320
cal-34-d5-3,1,0,ok,844,14508
cal-34-d5-3,1,1,ok,844,6072
cal-34-d5-4,1,0,ok,3492,37072
cal-34-d5-4,1,1,ok,3492,25690
cal-34-d5-5,1,0,ok,10737,155851
cal-34-d5-5,1,1,ok,10737,133347
cal-56-d2-1,1,0,ok,4528,28044
cal-56-d2-1,1,1,ok,4528,19026
cal-56-d2-2,1,0,ok,134,15410
cal-56-d2-2,1,1,ok,134,8476
cal-56-d2-3,1,0,ok,4337,29587
cal-56-d2-3,1,1,ok,4337,24787
cal-56-d3-1,1,0,ok,682125,2968225
cal-56-d3-1,1,1,ok,682125,2976962
cal-56-d3-2,1,0,ok,1000,13807
cal-56-d3-2,1,1,ok,1000,7565
cal-56-d3-3,1,0,ok,3050,17925
cal-56-d3-3,1,1,ok,3050,15509
cal-56-d4-1,1,0,ok,52283,231315
cal-56-d4-1,1,1,ok,52283,218881
cal-56-d4-2,1,0,ok,233,9658
cal-56-d4-2,1,1,ok,233,4068
cal-56-d4-3,1,0,ok,43949,155890
cal-56-d4-3,1,1,ok,43949,151712
clk-12-d1-1,1,0,ok,121,16742
clk-12-d1-1,1,1,ok,121,3697
clk-12-d1-2,1,0,ok,127,12103
clk-12-d1-2,1,1,ok,127,3827
clk-12-d1-3,1,0,ok,2130,20740
clk-12-d1-3,1,1,ok,2130,12504
clk-12-d1-4,1,0,ok,90,7033
clk-12-d1-4,1,1,ok,90,2956
clk-12-d1-5,1,0,ok,95,5891
clk-12-d1-5,1,1,ok,95,2795
clk-12-d2-1,1,0,ok,605,6392
clk-12-d2-1,1,1,ok,605,4929
clk-12-d2-2,1,0,ok,10294,56318
clk-12-d2-2,1,1,ok,10294,48493
clk-12-d2-3,1,0,ok,94,7705
clk-12-d2-3,1,1,ok,94,3367
clk-12-d2-5,1,0,ok,90,4920
clk-12-d2-5,1,1,ok,90,2525
clk-12-d3-1,1,0,ok,90,8507
clk-12-d3-1,1,1,ok,90,2876
clk-12-d3-2,1,0,ok,155,6542
clk-12-d3-2,1,1,ok,155,3647
clk-12-d3-3,1,0,ok,96,13697
clk-12-d3-3,1,1,ok,96,3206
clk-12-d3-4,1,0,ok,25,6342
clk-12-d3-4,1,1,ok,25,1402
clk-12-d3-5,1,0,ok,90,21311
clk-12-d3-5,1,1,ok,90,3817
clk-12-d4-1,1,0,ok,98,12735
clk-12-d4-1,1,1,ok,98,3978
clk-12-d4-2,1,0,ok,90,8216
clk-12-d4-2,1,1,ok,90,3316
clk-12-d4-4,1,0,ok,1582,22043
clk-12-d4-4,1,1,ok,1582,11392
clk-12-d4-5,1,0,ok,96,6653
clk-12-d4-5,1,1,ok,96,2765
clk-12-d5-2,1,0,ok,171,15250
clk-12-d5-2,1,1,ok,171,4569
clk-12-d5-3,1,0,ok,4255,46029
clk-12-d5-3,1,1,ok,4255,23585
clk-12-d5-4,1,0,ok,1799,57261
clk-12-d5-4,1,1,ok,1799,24347
clk-12-d5-5,1,0,ok,92,12113
clk-12-d5-5,1,1,ok,92,3717
clk-34-d1-1,1,0,ok,97,5220
clk-34-d1-1,1,1,ok,97,2504
clk-34-d1-2,1,0,ok,2015,24186
clk-34-d1-2,1,1,ok,2015,13055
clk-34-d1-3,1,0,ok,34,17484
clk-34-d1-3,1,1,ok,34,3797
clk-34-d1-4,1,0,ok,9917,130000
clk-34-d1-4,1,1,ok,9917,103549
clk-34-d1-5,1,0,ok,16663,105654
clk-34-d1-5,1,1,ok,16663,93871
clk-34-d2-1,1,0,ok,4251,45027
clk-34-d2-1,1,1,ok,4251,24407
clk-34-d2-2,1,0,ok,285,48413
clk-34-d2-2,1,1,ok,285,16542
clk-34-d2-3,1,0,ok,95,23655
clk-34-d2-3,1,1,ok,95,7143
clk-34-d2-4,1,0,ok,517,33324
clk-34-d2-4,1,1,ok,517,26040
clk-34-d2-5,1,0,ok,2872,47211
clk-34-d2-5,1,1,ok,2872,18646
clk-34-d3-2,1,0,ok,96,16832
clk-34-d3-2,1,1,ok,96,3827
clk-34-d3-3,1,0,ok,98,14107
clk-34-d3-3,1,1,ok,98,3967
clk-34-d3-4,1,0,ok,98,4789
clk-34-d3-4,1,1,ok,98,3857
clk-34-d3-5,1,0,ok,3407,27402
clk-34-d3-5,1,1,ok,3407,18376
clk-34-d4-1,1,0,ok,4227,29697
clk-34-d4-1,1,1,ok,4227,18897
clk-34-d4-2,1,0,ok,616,58282
clk-34-d4-2,1,1,ok,616,40618
clk-34-d4-3,1,0,ok,100,29627
clk-34-d4-3,1,1,ok,100,7053
clk-34-d4-4,1,0,ok,2034,44576
clk-34-d4-4,1,1,ok,2034,42001
clk-34-d5-1,1,0,ok,2659,42371
clk-34-d5-1,1,1,ok,2659,27012
clk-34-d5-3,1,0,ok,2974,60777
clk-34-d5-3,1,1,ok,2974,36951
clk-34-d5-5,1,0,ok,111,33083
clk-34-d5-5,1,1,ok,111,8977
clk-56-d2-1,1,0,ok,8927,74653
clk-56-d2-1,1,1,ok,8927,45778
clk-56-d2-2,1,0,ok,208,18956
clk-56-d2-2,1,1,ok,208,4879
clk-56-d2-3,1,0,ok,108,8807
clk-56-d2-3,1,1,ok,108,3076
clk-56-d3-1,1,0,ok,15481,91636
clk-56-d3-1,1,1,ok,15481,82409
clk-56-d3-2,1,0,ok,143,22293
clk-56-d3-2,1,1,ok,143,8747
clk-56-d3-3,1,0,ok,315,23475
clk-56-d3-3,1,1,ok,315,10720
clk-56-d4-1,1,0,ok,31981,320748
clk-56-d4-1,1,1,ok,31981,271172
clk-56-d4-2,1,0,ok,15004,89242
clk-56-d4-2,1,1,ok,15004,57972
clk-56-d4-3,1,0,ok,3126,23075
clk-56-d4-3,1,1,ok,3126,18976
div-56-d2-1,1,0,ok,948,12895
div-56-d2-1,1,1,ok,948,5180
div-56-d2-2,1,0,ok,15099,46129
div-56-d2-2,1,1,ok,15099,43964
div-56-d2-3,1,0,ok,733,9629
div-56-d2-3,1,1,ok,733,4108
div-56-d3-1,1,0,ok,31509,258247
div-56-d3-1,1,1,ok,31509,233820
div-56-d3-2,1,0,ok,5545,44605
div-56-d3-2,1,1,ok,5545,33675
div-56-d3-3,1,0,ok,197,10631
div-56-d3-3,1,1,ok,197,3687
div-56-d4-1,1,0,ok,17055,191077
div-56-d4-1,1,1,ok,17055,191148
div-56-d4-2,1,0,ok,14890,108359
div-56-d4-2,1,1,ok,14890,104050
div-56-d4-3,1,0,ok,16044,52932
div-56-d4-3,1,1,ok,16044,46510
enum-12-d1-1,1,0,ok,79,5100
enum-12-d1-1,1,1,ok,79,2043
enum-12-d1-4,1,0,ok,166,10210
enum-12-d1-4,1,1,ok,166,3397
enum-12-d2-4,1,0,ok,70,6373
enum-12-d2-4,1,1,ok,70,2746
enum-12-d2-5,1,0,ok,650,45698
enum-12-d2-5,1,1,ok,650,19247
enum-12-d3-1,1,0,ok,91,10520
enum-12-d3-1,1,1,ok,91,4168
enum-12-d3-3,1,0,ok,138,11662
enum-12-d3-3,1,1,ok,138,2795
enum-12-d3-4,1,0,ok,408,15931
enum-12-d3-4,1,1,ok,408,5531
enum-12-d4-2,1,0,ok,121,8927
enum-12-d4-2,1,1,ok,121,3056
enum-12-d4-4,1,0,ok,644,19408
enum-12-d4-4,1,1,ok,644,6833
enum-12-d4-5,1,0,ok,89,5110
enum-12-d4-5,1,1,ok,89,3177
enum-12-d5-2,1,0,ok,313,11873
enum-12-d5-2,1,1,ok,313,3728
enum-12-d5-3,1,0,ok,83,3877
enum-12-d5-3,1,1,ok,83,1994
enum-12-d5-4,1,0,ok,757,13026
enum-12-d5-4,1,1,ok,757,5260
enum-34-d1-1,1,0,ok,121,9107
enum-34-d1-1,1,1,ok,121,2585
enum-34-d1-2,1,0,ok,115,12774
enum-34-d1-2,1,1,ok,115,2605
enum-34-d1-4,1,0,ok,149,8947
enum-34-d1-4,1,1,ok,149,2565
enum-34-d2-1,1,0,ok,92,11402
enum-34-d2-1,1,1,ok,92,2524
enum-34-d2-3,1,0,ok,1219,64595
enum-34-d2-3,1,1,ok,1219,26240
enum-34-d2-4,1,0,ok,274,10580
enum-34-d2-4,1,1,ok,274,3607
enum-34-d2-5,1,0,ok,119,9448
enum-34-d2-5,1,1,ok,119,2585
enum-34-d3-2,1,0,ok,124,5380
enum-34-d3-2,1,1,ok,124,2204
enum-34-d3-3,1,0,ok,594,10179
enum-34-d3-3,1,1,ok,594,7024
enum-34-d3-4,1,0,ok,22528,312181
enum-34-d3-4,1,1,ok,22528,217559
enum-34-d3-5,1,0,ok,691,84202
enum-34-d3-5,1,1,ok,691,17945
enum-34-d4-1,1,0,ok,1533,18405
enum-34-d4-1,1,1,ok,1533,11412
enum-34-d4-3,1,0,ok,3724,27012
enum-34-d4-3,1,1,ok,3724,17484
enum-34-d4-4,1,0,ok,907,15660
enum-34-d4-4,1,1,ok,907,6503
enum-34-d4-5,1,0,ok,480,13516
enum-34-d4-5,1,1,ok,480,7665
enum-34-d5-1,1,0,ok,22532,107607
enum-34-d5-1,1,1,ok,22532,103710
enum-34-d5-2,1,0,ok,1584,11302
enum-34-d5-2,1,1,ok,1584,6833
enum-34-d5-4,1,0,ok,688,12774
enum-34-d5-4,1,1,ok,688,6532
enum-56-d2-1,1,0,ok,190,14207
enum-56-d2-1,1,1,ok,190,8055
enum-56-d2-2,1,0,ok,125,4238
enum-56-d2-2,1,1,ok,125,2726
enum-56-d2-3,1,0,ok,883,13987
enum-56-d2-3,1,1,ok,883,7104
enum-56-d3-1,1,0,ok,5662,22804
enum-56-d3-1,1,1,ok,5662,17794
enum-56-d3-2,1,0,ok,7934,85755
enum-56-d3-2,1,1,ok,7934,65877
enum-56-d3-3,1,0,ok,10713,187080
enum-56-d3-3,1,1,ok,10713,153936
enum-56-d4-1,1,0,ok,224150,2739735
enum-56-d4-1,1,1,ok,224150,1533693
enum-56-d4-2,1,0,ok,18884,169767
enum-56-d4-2,1,1,ok,18884,131613
enum-56-d4-3,1,0,ok,713,15821
enum-56-d4-3,1,1,ok,713,8656
frac-56-d2-1,1,0,ok,17719,67480
frac-56-d2-1,1,1,ok,17719,59584
frac-56-d2-2,1,0,ok,14426,80846
frac-56-d2-2,1,1,ok,14426,66238
frac-56-d2-3,1,0,ok,295,7264
frac-56-d2-3,1,1,ok,295,3637
frac-56-d3-1,1,0,ok,20670,90304
frac-56-d3-1,1,1,ok,20670,84042
frac-56-d3-2,1,0,ok,32557,121964
frac-56-d3-2,1,1,ok,32557,112446
frac-56-d3-3,1,0,ok,13917,59214
frac-56-d3-3,1,1,ok,13917,54064
frac-56-d4-1,1,0,ok,20699,174385
frac-56-d4-1,1,1,ok,20699,159718
frac-56-d4-2,1,0,ok,427,13706
frac-56-d4-2,1,1,ok,427,4559
frac-56-d4-3,1,0,ok,46564,180778
frac-56-d4-3,1,1,ok,46564,169146
game-56-d2-1,1,0,ok,692,45808
game-56-d2-1,1,1,ok,692,16742
game-56-d2-2,1,0,ok,1887,25950
game-56-d2-2,1,1,ok,1887,14338
game-56-d2-3,1,0,ok,1046,16532
game-56-d2-3,1,1,ok,1046,10481
game-56-d3-1,1,0,ok,867,19428
game-56-d3-1,1,1,ok,867,8617
game-56-d3-2,1,0,ok,5153,116635
game-56-d3-2,1,1,ok,5153,88781
game-56-d3-3,1,0,ok,800,11473
game-56-d3-3,1,1,ok,800,8676
game-56-d4-1,1,0,ok,1213,18335
game-56-d4-1,1,1,ok,1213,11011
game-56-d4-2,1,0,ok,3467,187742
game-56-d4-2,1,1,ok,3467,133887
game-56-d4-3,1,0,ok,1597,35358
game-56-d4-3,1,1,ok,1597,22834
gaps-12-d1-1,1,0,ok,100,8306
gaps-12-d1-1,1,1,ok,100,2926
gaps-12-d1-2,1,0,ok,73,3046
gaps-12-d1-2,1,1,ok,73,1644
gaps-12-d1-3,1,0,ok,285,26010
gaps-12-d1-3,1,1,ok,285,9348
gaps-12-d1-4,1,0,ok,24,8176
gaps-12-d1-4,1,1,ok,24,3176
gaps-12-d1-5,1,0,ok,72,21993
gaps-12-d1-5,1,1,ok,72,5431
gaps-12-d2-1,1,0,ok,123,9077
gaps-12-d2-1,1,1,ok,123,2384
gaps-12-d2-3,1,0,ok,110,21371
gaps-12-d2-3,1,1,ok,110,5841
gaps-12-d3-1,1,0,ok,104,12454
gaps-12-d3-1,1,1,ok,104,4639
gaps-12-d3-3,1,0,ok,43,12584
gaps-12-d3-3,1,1,ok,43,4028
gaps-12-d3-4,1,0,ok,79,8145
gaps-12-d3-4,1,1,ok,79,3106
gaps-12-d3-5,1,0,ok,105,7445
gaps-12-d3-5,1,1,ok,105,2985
gaps-12-d4-3,1,0,ok,218,9439
gaps-12-d4-3,1,1,ok,218,4409
gaps-12-d4-5,1,0,ok,127,9127
gaps-12-d4-5,1,1,ok,127,3647
gaps-12-d5-2,1,0,ok,25,6032
gaps-12-d5-2,1,1,ok,25,1743
gaps-12-d5-3,1,0,ok,54,7144
gaps-12-d5-3,1,1,ok,54,2384
gaps-12-d5-4,1,0,ok,29,2565
gaps-12-d5-4,1,1,ok,29,1363
gaps-12-d5-5,1,0,ok,150,12354
gaps-12-d5-5,1,1,ok,150,3316
gaps-34-d1-1,1,0,ok,271,9478
gaps-34-d1-1,1,1,ok,271,3576
gaps-34-d1-2,1,0,ok,24,6142
gaps-34-d1-2,1,1,ok,24,1973
gaps-34-d1-3,1,0,ok,29,22554
gaps-34-d1-3,1,1,ok,29,3867
gaps-34-d1-4,1,0,ok,149,16912
gaps-34-d1-4,1,1,ok,149,6773
gaps-34-d1-5,1,0,ok,824,44055
gaps-34-d1-5,1,1,ok,824,30048
gaps-34-d2-1,1,0,ok,118,15230
gaps-34-d2-1,1,1,ok,118,4689
gaps-34-d2-2,1,0,ok,162,15509
gaps-34-d2-2,1,1,ok,162,6031
gaps-34-d2-3,1,0,ok,473,24818
gaps-34-d2-3,1,1,ok,473,8487
gaps-34-d2-4,1,0,ok,31,13646
gaps-34-d2-4,1,1,ok,31,2395
gaps-34-d2-5,1,0,ok,383,16892
gaps-34-d2-5,1,1,ok,383,6583
gaps-34-d3-2,1,0,ok,547,19387
gaps-34-d3-2,1,1,ok,547,11653
gaps-34-d3-3,1,0,ok,71,6562
gaps-34-d3-3,1,1,ok,71,2926
gaps-34-d3-4,1,0,ok,31,4048
gaps-34-d3-4,1,1,ok,31,1724
gaps-34-d4-1,1,0,ok,178,7685
gaps-34-d4-1,1,1,ok,178,2355
gaps-34-d4-2,1,0,ok,4898,62791
gaps-34-d4-2,1,1,ok,4898,56369
gaps-34-d4-3,1,0,ok,31,5029
gaps-34-d4-3,1,1,ok,31,1634
gaps-34-d4-4,1,0,ok,138,9208
gaps-34-d4-4,1,1,ok,138,3176
gaps-34-d4-5,1,0,ok,372,13456
gaps-34-d4-5,1,1,ok,372,5771
gaps-34-d5-1,1,0,ok,207,5891
gaps-34-d5-1,1,1,ok,207,2836
gaps-34-d5-2,1,0,ok,713,18305
gaps-34-d5-2,1,1,ok,713,9969
gaps-34-d5-3,1,0,ok,1348,46369
gaps-34-d5-3,1,1,ok,1348,18566
gaps-34-d5-5,1,0,ok,243,5661
gaps-34-d5-5,1,1,ok,243,2244
gaps-56-d2-1,1,0,ok,108,10801
gaps-56-d2-1,1,1,ok,108,3767
gaps-56-d2-2,1,0,ok,618,13697
gaps-56-d2-2,1,1,ok,618,9950
gaps-56-d2-3,1,0,ok,541,10690
gaps-56-d2-3,1,1,ok,541,5180
gaps-56-d3-1,1,0,ok,60301,706110
gaps-56-d3-1,1,1,ok,60301,661364
gaps-56-d3-2,1,0,ok,617,41970
gaps-56-d3-2,1,1,ok,617,26090
gaps-56-d3-3,1,0,ok,377,13155
gaps-56-d3-3,1,1,ok,377,7815
gaps-56-d4-1,1,0,ok,941,10710
gaps-56-d4-1,1,1,ok,941,4890
gaps-56-d4-2,1,0,ok,1395,14047
gaps-56-d4-2,1,1,ok,1395,10520
gaps-56-d4-3,1,0,ok,105638,520261
gaps-56-d4-3,1,1,ok,105638,493610
grid-56-d2-1,1,0,ok,712,22383
grid-56-d2-1,1,1,ok,712,8146
grid-56-d2-2,1,0,ok,221,8116
grid-56-d2-2,1,1,ok,221,4038
grid-56-d2-3,1,0,ok,1362,20830
grid-56-d2-3,1,1,ok,1362,16712
grid-56-d3-1,1,0,ok,1179,21942
grid-56-d3-1,1,1,ok,1179,12414
grid-56-d3-2,1,0,ok,1732,18195
grid-56-d3-2,1,1,ok,1732,12534
grid-56-d3-3,1,0,ok,1251,13045
grid-56-d3-3,1,1,ok,1251,10350
grid-56-d4-1,1,0,ok,5876,66858
grid-56-d4-1,1,1,ok,5876,55176
grid-56-d4-2,1,0,ok,18448,984676
grid-56-d4-2,1,1,ok,18448,405781
grid-56-d4-3,1,0,ok,535571,5495080
grid-56-d4-3,1,1,ok,535571,5801621
kl-34-d1-1,1,0,ok,224,7935
kl-34-d1-1,1,1,ok,224,3266
kl-34-d5-2,1,0,ok,1008543,4983886
kl-34-d5-2,1,1,ok,1008543,7346916
kl-56-d2-1,1,0,ok,557,17153
kl-56-d2-1,1,1,ok,557,7314
kl-56-d2-2,1,0,ok,587,13396
kl-56-d2-2,1,1,ok,587,6944
kl-56-d2-3,1,0,ok,468,10380
kl-56-d2-3,1,1,ok,468,5020
kl-56-d3-1,1,0,ok,556,9177
kl-56-d3-1,1,1,ok,556,27473
kl-56-d3-2,1,0,ok,64797,724265
kl-56-d3-2,1,1,ok,64797,682504
kl-56-d3-3,1,0,ok,2065,24728
kl-56-d3-3,1,1,ok,2065,14198
kl-56-d4-1,1,0,ok,2605,21011
kl-56-d4-1,1,1,ok,2605,17905
kl-56-d4-2,1,0,ok,1765,22834
kl-56-d4-2,1,1,ok,1765,12684
kl-56-d4-3,1,0,ok,35374,231526
kl-56-d4-3,1,1,ok,35374,301751
ord-12-d1-1,1,0,ok,742,18015
ord-12-d1-1,1,1,ok,742,7735
ord-12-d1-2,1,0,ok,773,9418
ord-12-d1-2,1,1,ok,773,7745
ord-12-d1-3,1,0,ok,721,9599
ord-12-d1-3,1,1,ok,721,21411
ord-12-d1-4,1,0,ok,744,12895
ord-12-d1-4,1,1,ok,744,7033
ord-12-d1-5,1,0,ok,798,16131
ord-12-d1-5,1,1,ok,798,8055
ord-12-d2-1,1,0,ok,3039,28305
ord-12-d2-1,1,1,ok,3039,20359
ord-12-d2-2,1,0,ok,16892,109641
ord-12-d2-2,1,1,ok,16892,97918
ord-12-d2-3,1,0,ok,3154,27413
ord-12-d2-3,1,1,ok,3154,21752
ord-12-d2-4,1,0,ok,3153,22764
ord-12-d2-4,1,1,ok,3153,19668
ord-12-d2-5,1,0,ok,3369,31841
ord-12-d2-5,1,1,ok,3369,22844
ord-12-d3-2,1,0,ok,3153,25058
ord-12-d3-2,1,1,ok,3153,20049
ord-12-d3-3,1,0,ok,3544,31731
ord-12-d3-3,1,1,ok,3544,22704
ord-12-d3-4,1,0,ok,3319,24988
ord-12-d3-4,1,1,ok,3319,21431
ord-12-d3-5,1,0,ok,3145,31110
ord-12-d3-5,1,1,ok,3145,22182
ord-12-d4-1,1,0,ok,19015,109120
ord-12-d4-1,1,1,ok,19015,102598
ord-12-d4-2,1,0,ok,3279,24998
ord-12-d4-2,1,1,ok,3279,20830
ord-12-d4-4,1,0,ok,3449,24988
ord-12-d4-4,1,1,ok,3449,20670
ord-12-d4-5,1,0,ok,6642,52551
ord-12-d4-5,1,1,ok,6642,172452
ord-12-d5-2,1,0,ok,3173,27453
ord-12-d5-2,1,1,ok,3173,20830
ord-12-d5-3,1,0,ok,18951,118819
ord-12-d5-3,1,1,ok,18951,116384
ord-12-d5-4,1,0,ok,3493,32332
ord-12-d5-4,1,1,ok,3493,23917
ord-12-d5-5,1,0,ok,7444,50196
ord-12-d5-5,1,1,ok,7444,44044
ord-34-d1-1,1,0,ok,27999,197620
ord-34-d1-1,1,1,ok,27999,187441
ord-34-d1-2,1,0,ok,560,17444
ord-34-d1-2,1,1,ok,560,4909
ord-34-d1-3,1,0,ok,28115,113268
ord-34-d1-3,1,1,ok,28115,95534
ord-34-d1-4,1,0,ok,921069,6730610
ord-34-d1-4,1,1,ok,921069,9111283
ord-34-d1-5,1,0,ok,3154,29547
ord-34-d1-5,1,1,ok,3154,22663
ord-34-d2-1,1,0,ok,3885,42221
ord-34-d2-1,1,1,ok,3885,33554
ord-34-d2-2,1,0,ok,18440,487308
ord-34-d2-2,1,1,ok,18440,378378
ord-34-d2-3,1,0,ok,3236,25439
ord-34-d2-3,1,1,ok,3236,21111
ord-34-d2-4,1,0,ok,18996,118969
ord-34-d2-4,1,1,ok,18996,106455
ord-34-d2-5,1,0,ok,765,14999
ord-34-d2-5,1,1,ok,765,7724
ord-34-d3-1,1,0,ok,127355,722911
ord-34-d3-1,1,1,ok,127355,673266
ord-34-d3-2,1,0,ok,3175,103008
ord-34-d3-2,1,1,ok,3175,63683
ord-34-d3-3,1,0,ok,526,23365
ord-34-d3-3,1,1,ok,526,7254
ord-34-d3-4,1,0,ok,18947,146322
ord-34-d3-4,1,1,ok,18947,118669
ord-34-d3-5,1,0,ok,3224,34276
ord-34-d3-5,1,1,ok,3224,23426
ord-34-d4-1,1,0,ok,18475,122426
ord-34-d4-1,1,1,ok,18475,118388
ord-34-d4-3,1,0,ok,18564,544518
ord-34-d4-3,1,1,ok,18564,132014
ord-34-d4-4,1,0,ok,984,46900
ord-34-d4-4,1,1,ok,984,8576
ord-34-d4-5,1,0,ok,5313,33885
ord-34-d4-5,1,1,ok,5313,21441
ord-34-d5-1,1,0,ok,128680,682845
ord-34-d5-1,1,1,ok,128680,944879
ord-34-d5-2,1,0,ok,20388,122005
ord-34-d5-2,1,1,ok,20388,109251
ord-34-d5-3,1,0,ok,3211,33935
ord-34-d5-3,1,1,ok,3211,22523
ord-34-d5-5,1,0,ok,18776,119791
ord-34-d5-5,1,1,ok,18776,132385
ord-56-d2-1,1,0,ok,19022,284498
ord-56-d2-1,1,1,ok,19022,228921
ord-56-d2-2,1,0,ok,6289,76267
ord-56-d2-2,1,1,ok,6289,34777
ord-56-d2-3,1,0,ok,18020,111415
ord-56-d2-3,1,1,ok,18020,105534
ord-56-d3-1,1,0,ok,131940,1540887
ord-56-d3-1,1,1,ok,131940,1925708
ord-56-d3-2,1,0,ok,39025,492088
ord-56-d3-2,1,1,ok,39025,457070
ord-56-d3-3,1,0,ok,18622,294327
ord-56-d3-3,1,1,ok,18622,235554
ord-56-d4-1,1,0,ok,1002845,8239604
ord-56-d4-1,1,1,ok,1002845,11698374
ord-56-d4-2,1,0,ok,3767,41820
ord-56-d4-2,1,1,ok,3767,29136
ord-56-d4-3,1,0,ok,131560,1641881
ord-56-d4-3,1,1,ok,131560,847162
par-12-d1-1,1,0,ok,117,8647
par-12-d1-1,1,1,ok,117,2826
par-12-d1-3,1,0,ok,61,5751
par-12-d1-3,1,1,ok,61,1594
par-12-d1-4,1,0,ok,454,16501
par-12-d1-4,1,1,ok,454,5090
par-12-d1-5,1,0,ok,148,9017
par-12-d1-5,1,1,ok,148,2425
par-12-d2-3,1,0,ok,113,6322
par-12-d2-3,1,1,ok,113,2365
par-12-d2-5,1,0,ok,142,11993
par-12-d2-5,1,1,ok,142,5782
par-12-d3-1,1,0,ok,152,11692
par-12-d3-1,1,1,ok,152,3547
par-12-d3-2,1,0,ok,316,5160
par-12-d3-2,1,1,ok,316,3597
par-12-d3-4,1,0,ok,704,15049
par-12-d3-4,1,1,ok,704,6913
par-12-d4-2,1,0,ok,252,4809
par-12-d4-2,1,1,ok,252,2565
par-12-d4-4,1,0,ok,13046,285880
par-12-d4-4,1,1,ok,13046,250402
par-12-d4-5,1,0,ok,80487,934059
par-12-d4-5,1,1,ok,80487,843313
par-12-d5-2,1,0,ok,1604,71818
par-12-d5-2,1,1,ok,1604,36540
par-34-d1-1,1,0,ok,128,24327
par-34-d1-1,1,1,ok,128,7614
par-34-d1-2,1,0,ok,1516,14377
par-34-d1-2,1,1,ok,1516,7214
par-34-d1-3,1,0,ok,73,6442
par-34-d1-3,1,1,ok,73,2595
par-34-d1-4,1,0,ok,12049,66408
par-34-d1-4,1,1,ok,12049,58192
par-34-d1-5,1,0,ok,78,4268
par-34-d1-5,1,1,ok,78,3356
par-34-d2-1,1,0,ok,707,16892
par-34-d2-1,1,1,ok,707,7344
par-34-d2-2,1,0,ok,55,9368
par-34-d2-2,1,1,ok,55,3266
par-34-d2-3,1,0,ok,1640,48343
par-34-d2-3,1,1,ok,1640,26682
par-34-d3-1,1,0,ok,199875,794940
par-34-d3-1,1,1,ok,199875,755715
par-34-d3-2,1,0,ok,1529,18285
par-34-d3-2,1,1,ok,1529,9439
par-34-d3-3,1,0,ok,2287,11833
par-34-d3-3,1,1,ok,2287,9819
par-34-d3-4,1,0,ok,28521,182080
par-34-d3-4,1,1,ok,28521,193683
par-34-d3-5,1,0,ok,545,12615
par-34-d3-5,1,1,ok,545,5391
par-34-d4-1,1,0,ok,2008,30359
par-34-d4-1,1,1,ok,2008,19637
par-34-d4-3,1,0,ok,142,44396
par-34-d4-3,1,1,ok,142,13216
par-34-d4-4,1,0,ok,107,24026
par-34-d4-4,1,1,ok,107,9688
par-34-d4-5,1,0,ok,53570,568394
par-34-d4-5,1,1,ok,53570,563365
par-34-d5-1,1,0,ok,88014,659059
par-34-d5-1,1,1,ok,88014,646565
par-34-d5-2,1,0,ok,977,50367
par-34-d5-2,1,1,ok,977,20340
par-34-d5-4,1,0,ok,110044,842883
par-34-d5-4,1,1,ok,110044,825029
par-34-d5-5,1,0,ok,136,20439
par-34-d5-5,1,1,ok,136,4749
par-56-d2-1,1,0,ok,3946,60877
par-56-d2-1,1,1,ok,3946,49115
par-56-d2-2,1,0,ok,1154997,3900731
par-56-d2-2,1,1,ok,1154997,3500200
par-56-d2-3,1,0,ok,578886,4734486
par-56-d2-3,1,1,ok,578886,2645825
par-56-d3-1,1,0,ok,632,20800
par-56-d3-1,1,1,ok,632,10771
par-56-d3-2,1,0,ok,562591,6827646
par-56-d3-2,1,1,ok,562591,6507580
par-56-d3-3,1,0,ok,146408,1147970
par-56-d3-3,1,1,ok,146408,1989761
par-56-d4-1,1,0,ok,1327362,17506067
par-56-d4-1,1,1,ok,1327362,13196519
par-56-d4-2,1,0,ok,103746,613340
par-56-d4-2,1,1,ok,103746,604884
par-56-d4-3,1,0,ok,1372300,3571738
par-56-d4-3,1,1,ok,1372300,3875561
pct-56-d2-1,1,0,ok,1776,18104
pct-56-d2-1,1,1,ok,1776,8316
pct-56-d2-2,1,0,ok,17942,91186
pct-56-d2-2,1,1,ok,17942,76167
pct-56-d2-3,1,0,ok,23509,88981
pct-56-d2-3,1,1,ok,23509,84262
pct-56-d3-1,1,0,ok,16444,70656
pct-56-d3-1,1,1,ok,16444,69464
pct-56-d3-2,1,0,ok,17847,86176
pct-56-d3-2,1,1,ok,17847,78762
pct-56-d3-3,1,0,ok,14832,180958
pct-56-d3-3,1,1,ok,14832,124710
pct-56-d4-1,1,0,ok,20947,199174
pct-56-d4-1,1,1,ok,20947,181259
pct-56-d4-2,1,0,ok,5690,50738
pct-56-d4-2,1,1,ok,5690,44636
pct-56-d4-3,1,0,ok,613,13215
pct-56-d4-3,1,1,ok,613,5430
pig-12-d1-2,1,0,ok,527,21080
pig-12-d1-2,1,1,ok,527,7124
pig-12-d1-3,1,0,ok,3306,38203
pig-12-d1-3,1,1,ok,3306,30880
pig-12-d2-3,1,0,ok,69,20550
pig-12-d2-3,1,1,ok,69,6192
pig-12-d3-3,1,0,ok,273722,4376637
pig-12-d3-3,1,1,ok,273722,4943639
pig-12-d5-5,1,0,ok,597,14618
pig-12-d5-5,1,1,ok,597,6642
pig-34-d1-1,1,0,ok,2944,25499
pig-34-d1-1,1,1,ok,2944,24046
pig-34-d1-2,1,0,ok,85,27914
pig-34-d1-2,1,1,ok,85,4999
pig-34-d1-5,1,0,ok,182,8015
pig-34-d1-5,1,1,ok,182,3226
pig-34-d2-2,1,0,ok,129,3637
pig-34-d2-2,1,1,ok,129,2254
pig-34-d2-3,1,0,ok,30322,134328
pig-34-d2-3,1,1,ok,30322,136613
pig-34-d2-4,1,0,ok,524,9529
pig-34-d2-4,1,1,ok,524,5170
pig-34-d2-5,1,0,ok,159,17674
pig-34-d2-5,1,1,ok,159,6232
pig-34-d3-3,1,0,ok,76941,582161
pig-34-d3-3,1,1,ok,76941,1153972
pig-34-d3-4,1,0,ok,99,7143
pig-34-d3-4,1,1,ok,99,2094
pig-34-d4-2,1,0,ok,2413617,22078030
pig-34-d4-2,1,1,ok,2413617,19678641
pig-34-d4-3,1,0,ok,30483,134089
pig-34-d4-3,1,1,ok,30483,120582
pig-34-d4-4,1,0,ok,70,3437
pig-34-d4-4,1,1,ok,70,2886
pig-34-d4-5,1,0,ok,1973,35539
pig-34-d4-5,1,1,ok,1973,24156
pig-34-d5-2,1,0,ok,1456,11562
pig-34-d5-2,1,1,ok,1456,8106
pig-34-d5-4,1,0,ok,1100817,7239990
pig-34-d5-4,1,1,ok,1100817,7520260
pig-34-d5-5,1,0,ok,2156484,11603031
pig-34-d5-5,1,1,ok,2156484,11022252
pig-56-d2-1,1,0,ok,4434,26120
pig-56-d2-1,1,1,ok,4434,14107
pig-56-d2-2,1,0,ok,2163,51719
pig-56-d2-2,1,1,ok,2163,29437
pig-56-d2-3,1,0,ok,112378,512036
pig-56-d2-3,1,1,ok,112378,332300
pig-56-d3-1,1,0,ok,1836,29627
pig-56-d3-1,1,1,ok,1836,20028
pig-56-d3-2,1,0,ok,17531,57280
pig-56-d3-2,1,1,ok,17531,51028
pig-56-d3-3,1,0,ok,46177,172973
pig-56-d3-3,1,1,ok,46177,171330
pig-56-d4-1,1,0,ok,7697,36089
pig-56-d4-1,1,1,ok,7697,26120
pig-56-d4-2,1,0,ok,72741,799279
pig-56-d4-2,1,1,ok,72741,1095509
pig-56-d4-3,1,0,ok,192080,1835094
pig-56-d4-3,1,1,ok,192080,1210521
ratio-56-d2-1,1,0,ok,17059,61438
ratio-56-d2-1,1,1,ok,17059,55497
ratio-56-d2-2,1,0,ok,1128,43484
ratio-56-d2-2,1,1,ok,1128,12875
ratio-56-d2-3,1,0,ok,17063,121464
ratio-56-d2-3,1,1,ok,17063,116153
ratio-56-d3-1,1,0,ok,5235,95183
ratio-56-d3-1,1,1,ok,5235,79563
ratio-56-d3-2,1,0,ok,17065,123779
ratio-56-d3-2,1,1,ok,17065,118729
ratio-56-d3-3,1,0,ok,18981,98851
ratio-56-d3-3,1,1,ok,18981,88691
ratio-56-d4-1,1,0,ok,36102,122476
ratio-56-d4-1,1,1,ok,36102,115502
ratio-56-d4-2,1,0,ok,2386,12464
ratio-56-d4-2,1,1,ok,2386,10350
ratio-56-d4-3,1,0,ok,7612,79253
ratio-56-d4-3,1,1,ok,7612,66598
sets-56-d2-1,1,0,ok,714823,3191325
sets-56-d2-1,1,1,ok,714823,2909462
sets-56-d2-2,1,0,ok,206541,747730
sets-56-d2-2,1,1,ok,206541,1326063
sets-56-d2-3,1,0,ok,1070996,4775054
sets-56-d2-3,1,1,ok,1070996,5215693
sets-56-d3-1,1,0,ok,340116,1238334
sets-56-d3-1,1,1,ok,340116,1273221
sets-56-d3-2,1,0,ok,1092164,4493492
sets-56-d3-2,1,1,ok,1092164,4667807
sets-56-d3-3,1,0,ok,2200623,9202208
sets-56-d3-3,1,1,ok,2200623,11457321
sets-56-d4-1,1,0,ok,1917227,27797703
sets-56-d4-1,1,1,ok,1917227,16172469
sets-56-d4-2,1,0,ok,279129,2135602
sets-56-d4-2,1,1,ok,279129,4685171
sets-56-d4-3,1,0,ok,951694,5342336
sets-56-d4-3,1,1,ok,951694,5050575
tri-12-d1-2,1,0,ok,15053,45307
tri-12-d1-2,1,1,ok,15053,42242
tri-12-d1-3,1,0,ok,26,2104
tri-12-d1-3,1,1,ok,26,1483
tri-12-d1-5,1,0,ok,32,5631
tri-12-d1-5,1,1,ok,32,1583
tri-12-d2-1,1,0,ok,31,2574
tri-12-d2-1,1,1,ok,31,1954
tri-12-d2-2,1,0,ok,17055,56969
tri-12-d2-2,1,1,ok,17055,54094
tri-12-d3-1,1,0,ok,41,7765
tri-12-d3-1,1,1,ok,41,2044
tri-12-d3-3,1,0,ok,34,2064
tri-12-d3-3,1,1,ok,34,1182
tri-12-d3-4,1,0,ok,15052,46810
tri-12-d3-4,1,1,ok,15052,42091
tri-12-d3-5,1,0,ok,34,3947
tri-12-d3-5,1,1,ok,34,1453
tri-12-d4-1,1,0,ok,17055,57500
tri-12-d4-1,1,1,ok,17055,54936
tri-12-d5-2,1,0,ok,17054,57881
tri-12-d5-2,1,1,ok,17054,54515
tri-12-d5-3,1,0,ok,144,15259
tri-12-d5-3,1,1,ok,144,8095
tri-12-d5-4,1,0,ok,20062,85114
tri-12-d5-4,1,1,ok,20062,74413
tri-12-d5-5,1,0,ok,1882,13506
tri-12-d5-5,1,1,ok,1882,9789
tri-34-d1-2,1,0,ok,15053,47963
tri-34-d1-2,1,1,ok,15053,41801
tri-34-d1-3,1,0,ok,34,2575
tri-34-d1-3,1,1,ok,34,1182
tri-34-d1-5,1,0,ok,29,3658
tri-34-d1-5,1,1,ok,29,1342
tri-34-d2-1,1,0,ok,42,6893
tri-34-d2-1,1,1,ok,42,2084
tri-34-d2-2,1,0,ok,15055,45548
tri-34-d2-2,1,1,ok,15055,41590
tri-34-d2-4,1,0,ok,39,3206
tri-34-d2-4,1,1,ok,39,2023
tri-34-d2-5,1,0,ok,32,3957
tri-34-d2-5,1,1,ok,32,1533
tri-34-d3-1,1,0,ok,17056,60507
tri-34-d3-1,1,1,ok,17056,55607
tri-34-d3-4,1,0,ok,17055,57350
tri-34-d3-4,1,1,ok,17055,54876
tri-34-d4-1,1,0,ok,30,4809
tri-34-d4-1,1,1,ok,30,1693
tri-34-d4-2,1,0,ok,17056,61589
tri-34-d4-2,1,1,ok,17056,54715
tri-34-d4-3,1,0,ok,34,4148
tri-34-d4-3,1,1,ok,34,1332
tri-34-d4-5,1,0,ok,17058,58723
tri-34-d4-5,1,1,ok,17058,54355
tri-34-d5-1,1,0,ok,133,6021
tri-34-d5-1,1,1,ok,133,3316
tri-34-d5-2,1,0,ok,19055,69523
tri-34-d5-2,1,1,ok,19055,69995
tri-34-d5-3,1,0,ok,2543,43243
tri-34-d5-3,1,1,ok,2543,34616
tri-34-d5-4,1,0,ok,100,12885
tri-34-d5-4,1,1,ok,100,3226
tri-56-d2-1,1,0,ok,120,13826
tri-56-d2-1,1,1,ok,120,3497
tri-56-d2-2,1,0,ok,33073,174295
tri-56-d2-2,1,1,ok,33073,146722
tri-56-d2-3,1,0,ok,62,6172
tri-56-d2-3,1,1,ok,62,1784
tri-56-d3-1,1,0,ok,9390,38244
tri-56-d3-1,1,1,ok,9390,31661
tri-56-d3-2,1,0,ok,100075,1176545
tri-56-d3-2,1,1,ok,100075,1880261
tri-56-d3-3,1,0,ok,2819,22013
tri-56-d3-3,1,1,ok,2819,16872
tri-56-d4-1,1,0,ok,5810,65757
tri-56-d4-1,1,1,ok,5810,58152
tri-56-d4-2,1,0,ok,28915,139779
tri-56-d4-2,1,1,ok,28915,135611
tri-56-d4-3,1,0,ok,55391,1383173
tri-56-d4-3,1,1,ok,55391,307402
wp-34-d1-4,1,0,ok,36,5009
wp-34-d1-4,1,1,ok,36,1573
wp-34-d1-5,1,0,ok,446,13997
wp-34-d1-5,1,1,ok,446,5531
wp-34-d3-3,1,0,ok,2376,40689
wp-34-d3-3,1,1,ok,2376,23646
wp-56-d2-1,1,0,ok,13478,374010
wp-56-d2-1,1,1,ok,13478,324625
wp-56-d2-2,1,0,ok,411519,6849368
wp-56-d2-2,1,1,ok,411519,6366488
wp-56-d2-3,1,0,ok,902,30548
wp-56-d2-3,1,1,ok,902,15610
wp-56-d3-1,1,0,ok,2159,45517
wp-56-d3-1,1,1,ok,2159,31210
wp-56-d3-2,1,0,ok,363974,5963452
wp-56-d3-2,1,1,ok,363974,5857738
wp-56-d3-3,1,0,ok,775,15150
wp-56-d3-3,1,1,ok,775,11091
wp-56-d4-1,1,0,ok,308938,2527096
wp-56-d4-1,1,1,ok,308938,3330002
wp-56-d4-2,1,0,ok,7365,91727
wp-56-d4-2,1,1,ok,7365,248960
wp-56-d4-3,1,0,ok,201798,1762033
wp-56-d4-3,1,1,ok,201798,1254445
cal-12-d1-1,2,0,ok,118,8166
cal-12-d1-1,2,1,ok,118,2786
cal-12-d1-2,2,0,ok,55,4749
cal-12-d1-2,2,1,ok,55,2004
cal-12-d1-3,2,0,ok,103,11923
cal-12-d1-3,2,1,ok,103,2986
cal-12-d1-4,2,0,ok,25,3577
cal-12-d1-4,2,1,ok,25,1453
cal-12-d1-5,2,0,ok,20,2084
cal-12-d1-5,2,1,ok,20,1102
cal-12-d2-1,2,0,ok,130,9949
cal-12-d2-1,2,1,ok,130,3227
cal-12-d2-2,2,0,ok,788,6102
cal-12-d2-2,2,1,ok,788,3567
cal-12-d2-4,2,0,ok,26,6963
cal-12-d2-4,2,1,ok,26,2144
cal-12-d2-5,2,0,ok,488,4850
cal-12-d2-5,2,1,ok,488,2916
cal-12-d3-2,2,0,ok,792,8687
cal-12-d3-2,2,1,ok,792,3998
cal-12-d3-3,2,0,ok,6380,35969
cal-12-d3-3,2,1,ok,6380,32322
cal-12-d3-5,2,0,ok,1269,37091
cal-12-d3-5,2,1,ok,1269,12525
cal-12-d4-2,2,0,ok,623,33965
cal-12-d4-2,2,1,ok,623,8205
cal-12-d4-3,2,0,ok,7150,101215
cal-12-d4-3,2,1,ok,7150,77610
cal-12-d4-4,2,0,ok,1918,25058
cal-12-d4-4,2,1,ok,1918,17925
cal-12-d4-5,2,0,ok,375,20981
cal-12-d4-5,2,1,ok,375,9849
cal-12-d5-1,2,0,ok,1300,26100
cal-12-d5-1,2,1,ok,1300,8396
cal-12-d5-2,2,0,ok,991,10260
cal-12-d5-2,2,1,ok,991,5792
cal-12-d5-4,2,0,ok,611,4829
cal-12-d5-4,2,1,ok,611,3688
cal-12-d5-5,2,0,ok,4475,23425
cal-12-d5-5,2,1,ok,4475,17995
cal-34-d1-1,2,0,ok,272,4509
cal-34-d1-1,2,1,ok,272,2916
cal-34-d1-2,2,0,ok,323,19458
cal-34-d1-2,2,1,ok,323,6623
cal-34-d1-3,2,0,ok,69,13276
cal-34-d1-3,2,1,ok,69,3236
cal-34-d1-4,2,0,ok,828,13777
cal-34-d1-4,2,1,ok,828,4719
cal-34-d1-5,2,0,ok,24,7053
cal-34-d1-5,2,1,ok,24,1413
cal-34-d2-1,2,0,ok,456,12704
cal-34-d2-1,2,1,ok,456,4168
cal-34-d2-2,2,0,ok,26,3607
cal-34-d2-2,2,1,ok,26,1653
cal-34-d2-3,2,0,ok,33,4729
cal-34-d2-3,2,1,ok,33,1834
cal-34-d2-4,2,0,ok,872,9799
cal-34-d2-4,2,1,ok,872,4479
cal-34-d2-5,2,0,ok,7231,109431
cal-34-d2-5,2,1,ok,7231,84773
cal-34-d3-1,2,0,ok,1207,20820
cal-34-d3-1,2,1,ok,1207,7405
cal-34-d3-2,2,0,ok,1071,11713
cal-34-d3-2,2,1,ok,1071,6573
cal-34-d3-3,2,0,ok,182983,934018
cal-34-d3-3,2,1,ok,182983,918869
cal-34-d3-4,2,0,ok,236,9458
cal-34-d3-4,2,1,ok,236,3827
cal-34-d3-5,2,0,ok,165,29827
cal-34-d3-5,2,1,ok,165,6883
cal-34-d4-1,2,0,ok,4466,69283
cal-34-d4-1,2,1,ok,4466,39356
cal-34-d4-2,2,0,ok,2341,35418
cal-34-d4-2,2,1,ok,2341,23726
cal-34-d4-3,2,0,ok,250997,1122441
cal-34-d4-3,2,1,ok,250997,1117242
cal-34-d4-4,2,0,ok,1070,11643
cal-34-d4-4,2,1,ok,1070,8857
cal-34-d4-5,2,0,ok,201,17664
cal-34-d4-5,2,1,ok,201,4759
cal-34-d5-1,2,0,ok,13265,56989
cal-34-d5-1,2,1,ok,13265,48093
cal-34-d5-2,2,0,ok,1127,13546
cal-34-d5-2,2,1,ok,1127,6262
cal-34-d5-3,2,0,ok,844,11833
cal-34-d5-3,2,1,ok,844,6292
cal-34-d5-4,2,0,ok,3492,30228
cal-34-d5-4,2,1,ok,3492,26060
cal-34-d5-5,2,0,ok,10737,344253
cal-34-d5-5,2,1,ok,10737,308364
cal-56-d2-1,2,0,ok,4528,67931
cal-56-d2-1,2,1,ok,4528,46139
cal-56-d2-2,2,0,ok,134,13947
cal-56-d2-2,2,1,ok,134,4398
cal-56-d2-3,2,0,ok,4337,32773
cal-56-d2-3,2,1,ok,4337,25499
cal-56-d3-1,2,0,ok,682125,3009595
cal-56-d3-1,2,1,ok,682125,3022269
cal-56-d3-2,2,0,ok,1000,10962
cal-56-d3-2,2,1,ok,1000,8346
cal-56-d3-3,2,0,ok,3050,22363
cal-56-d3-3,2,1,ok,3050,20500
cal-56-d4-1,2,0,ok,52283,237978
cal-56-d4-1,2,1,ok,52283,222268
cal-56-d4-2,2,0,ok,233,11002
cal-56-d4-2,2,1,ok,233,4328
cal-56-d4-3,2,0,ok,43949,367318
cal-56-d4-3,2,1,ok,43949,370684
clk-12-d1-1,2,0,ok,121,35889
clk-12-d1-1,2,1,ok,121,6804
clk-12-d1-2,2,0,ok,127,18525
clk-12-d1-2,2,1,ok,127,3687
clk-12-d1-3,2,0,ok,2130,15119
clk-12-d1-3,2,1,ok,2130,12354
clk-12-d1-4,2,0,ok,90,49475
clk-12-d1-4,2,1,ok,90,19637
clk-12-d1-5,2,0,ok,95,11843
clk-12-d1-5,2,1,ok,95,4299
clk-12-d2-1,2,0,ok,605,7845
clk-12-d2-1,2,1,ok,605,5541
clk-12-d2-2,2,0,ok,10294,53383
clk-12-d2-2,2,1,ok,10294,48885
clk-12-d2-3,2,0,ok,94,5921
clk-12-d2-3,2,1,ok,94,3046
clk-12-d2-5,2,0,ok,90,11181
clk-12-d2-5,2,1,ok,90,3697
clk-12-d3-1,2,0,ok,90,4208
clk-12-d3-1,2,1,ok,90,2625
clk-12-d3-2,2,0,ok,155,10721
clk-12-d3-2,2,1,ok,155,3897
clk-12-d3-3,2,0,ok,96,4669
clk-12-d3-3,2,1,ok,96,2836
clk-12-d3-4,2,0,ok,25,4138
clk-12-d3-4,2,1,ok,25,1573
clk-12-d3-5,2,0,ok,90,7475
clk-12-d3-5,2,1,ok,90,2715
clk-12-d4-1,2,0,ok,98,4579
clk-12-d4-1,2,1,ok,98,2705
clk-12-d4-2,2,0,ok,90,9007
clk-12-d4-2,2,1,ok,90,2926
clk-12-d4-4,2,0,ok,1582,13326
clk-12-d4-4,2,1,ok,1582,10420
clk-12-d4-5,2,0,ok,96,8647
clk-12-d4-5,2,1,ok,96,8586
clk-12-d5-2,2,0,ok,171,6222
clk-12-d5-2,2,1,ok,171,2996
clk-12-d5-3,2,0,ok,4255,24306
clk-12-d5-3,2,1,ok,4255,22764
clk-12-d5-4,2,0,ok,1799,18266
clk-12-d5-4,2,1,ok,1799,11351
clk-12-d5-5,2,0,ok,92,6272
clk-12-d5-5,2,1,ok,92,3236
clk-34-d1-1,2,0,ok,97,11422
clk-34-d1-1,2,1,ok,97,3547
clk-34-d1-2,2,0,ok,2015,22524
clk-34-d1-2,2,1,ok,2015,12955
clk-34-d1-3,2,0,ok,34,5470
clk-34-d1-3,2,1,ok,34,1634
clk-34-d1-4,2,0,ok,9917,56669
clk-34-d1-4,2,1,ok,9917,48413
clk-34-d1-5,2,0,ok,16663,48404
clk-34-d1-5,2,1,ok,16663,43634
clk-34-d2-1,2,0,ok,4251,25930
clk-34-d2-1,2,1,ok,4251,22954
clk-34-d2-2,2,0,ok,285,13907
clk-34-d2-2,2,1,ok,285,6793
clk-34-d2-3,2,0,ok,95,11903
clk-34-d2-3,2,1,ok,95,3707
clk-34-d2-4,2,0,ok,517,20460
clk-34-d2-4,2,1,ok,517,12695
clk-34-d2-5,2,0,ok,2872,26311
clk-34-d2-5,2,1,ok,2872,17754
clk-34-d3-2,2,0,ok,96,12174
clk-34-d3-2,2,1,ok,96,3437
clk-34-d3-3,2,0,ok,98,7013
clk-34-d3-3,2,1,ok,98,3276
clk-34-d3-4,2,0,ok,98,9358
clk-34-d3-4,2,1,ok,98,3637
clk-34-d3-5,2,0,ok,3407,21512
clk-34-d3-5,2,1,ok,3407,18406
clk-34-d4-1,2,0,ok,4227,98240
clk-34-d4-1,2,1,ok,4227,44015
clk-34-d4-2,2,0,ok,616,65687
clk-34-d4-2,2,1,ok,616,30178
clk-34-d4-3,2,0,ok,100,9368
clk-34-d4-3,2,1,ok,100,3667
clk-34-d4-4,2,0,ok,2034,44806
clk-34-d4-4,2,1,ok,2034,39366
clk-34-d5-1,2,0,ok,2659,14237
clk-34-d5-1,2,1,ok,2659,12134
clk-34-d5-3,2,0,ok,2974,26030
clk-34-d5-3,2,1,ok,2974,17494
clk-34-d5-5,2,0,ok,111,45728
clk-34-d5-5,2,1,ok,111,9338
clk-56-d2-1,2,0,ok,8927,114331
clk-56-d2-1,2,1,ok,8927,94823
clk-56-d2-2,2,0,ok,208,18075
clk-56-d2-2,2,1,ok,208,12234
clk-56-d2-3,2,0,ok,108,36370
clk-56-d2-3,2,1,ok,108,6893
clk-56-d3-1,2,0,ok,15481,85415
clk-56-d3-1,2,1,ok,15481,74012
clk-56-d3-2,2,0,ok,143,8987
clk-56-d3-2,2,1,ok,143,6583
clk-56-d3-3,2,0,ok,315,17273
clk-56-d3-3,2,1,ok,315,8076
clk-56-d4-1,2,0,ok,31981,137044
clk-56-d4-1,2,1,ok,31981,126834
clk-56-d4-2,2,0,ok,15004,65817
clk-56-d4-2,2,1,ok,15004,58693
clk-56-d4-3,2,0,ok,3126,24337
clk-56-d4-3,2,1,ok,3126,19527
div-56-d2-1,2,0,ok,948,7425
div-56-d2-1,2,1,ok,948,4679
div-56-d2-2,2,0,ok,15099,45447
div-56-d2-2,2,1,ok,15099,43273
div-56-d2-3,2,0,ok,733,5781
div-56-d2-3,2,1,ok,733,3648
div-56-d3-1,2,0,ok,31509,109882
div-56-d3-1,2,1,ok,31509,110072
div-56-d3-2,2,0,ok,5545,41049
div-56-d3-2,2,1,ok,5545,34387
div-56-d3-3,2,0,ok,197,8656
div-56-d3-3,2,1,ok,197,2926
div-56-d4-1,2,0,ok,17055,60477
div-56-d4-1,2,1,ok,17055,57841
div-56-d4-2,2,0,ok,14890,105523
div-56-d4-2,2,1,ok,14890,101906
div-56-d4-3,2,0,ok,16044,48393
div-56-d4-3,2,1,ok,16044,45338
enum-12-d1-1,2,0,ok,79,7714
enum-12-d1-1,2,1,ok,79,1994
enum-12-d1-4,2,0,ok,166,8366
enum-12-d1-4,2,1,ok,166,2555
enum-12-d2-4,2,0,ok,70,3226
enum-12-d2-4,2,1,ok,70,2805
enum-12-d2-5,2,0,ok,650,13055
enum-12-d2-5,2,1,ok,650,9438
enum-12-d3-1,2,0,ok,91,8075
enum-12-d3-1,2,1,ok,91,2285
enum-12-d3-3,2,0,ok,138,8346
enum-12-d3-3,2,1,ok,138,2665
enum-12-d3-4,2,0,ok,408,43794
enum-12-d3-4,2,1,ok,408,5551
enum-12-d4-2,2,0,ok,121,3847
enum-12-d4-2,2,1,ok,121,2174
enum-12-d4-4,2,0,ok,644,30509
enum-12-d4-4,2,1,ok,644,18676
enum-12-d4-5,2,0,ok,89,4970
enum-12-d4-5,2,1,ok,89,2274
enum-12-d5-2,2,0,ok,313,9789
enum-12-d5-2,2,1,ok,313,3377
enum-12-d5-3,2,0,ok,83,6954
enum-12-d5-3,2,1,ok,83,2555
enum-12-d5-4,2,0,ok,757,7886
enum-12-d5-4,2,1,ok,757,4709
enum-34-d1-1,2,0,ok,121,6582
enum-34-d1-1,2,1,ok,121,2204
enum-34-d1-2,2,0,ok,115,3296
enum-34-d1-2,2,1,ok,115,1973
enum-34-d1-4,2,0,ok,149,7805
enum-34-d1-4,2,1,ok,149,2786
enum-34-d2-1,2,0,ok,92,29377
enum-34-d2-1,2,1,ok,92,4940
enum-34-d2-3,2,0,ok,1219,25148
enum-34-d2-3,2,1,ok,1219,15009
enum-34-d2-4,2,0,ok,274,5982
enum-34-d2-4,2,1,ok,274,3226
enum-34-d2-5,2,0,ok,119,7434
enum-34-d2-5,2,1,ok,119,2565
enum-34-d3-2,2,0,ok,124,5961
enum-34-d3-2,2,1,ok,124,2254
enum-34-d3-3,2,0,ok,594,12924
enum-34-d3-3,2,1,ok,594,4920
enum-34-d3-4,2,0,ok,22528,108849
enum-34-d3-4,2,1,ok,22528,102728
enum-34-d3-5,2,0,ok,691,12353
enum-34-d3-5,2,1,ok,691,6854
enum-34-d4-1,2,0,ok,1533,18185
enum-34-d4-1,2,1,ok,1533,11402
enum-34-d4-3,2,0,ok,3724,25258
enum-34-d4-3,2,1,ok,3724,17875
enum-34-d4-4,2,0,ok,907,10490
enum-34-d4-4,2,1,ok,907,5811
enum-34-d4-5,2,0,ok,480,12233
enum-34-d4-5,2,1,ok,480,7214
enum-34-d5-1,2,0,ok,22532,108038
enum-34-d5-1,2,1,ok,22532,103640
enum-34-d5-2,2,0,ok,1584,14037
enum-34-d5-2,2,1,ok,1584,7905
enum-34-d5-4,2,0,ok,688,12184
enum-34-d5-4,2,1,ok,688,6262
enum-56-d2-1,2,0,ok,190,6212
enum-56-d2-1,2,1,ok,190,2795
enum-56-d2-2,2,0,ok,125,7975
enum-56-d2-2,2,1,ok,125,3477
enum-56-d2-3,2,0,ok,883,14218
enum-56-d2-3,2,1,ok,883,6322
enum-56-d3-1,2,0,ok,5662,23055
enum-56-d3-1,2,1,ok,5662,18145
enum-56-d3-2,2,0,ok,7934,83851
enum-56-d3-2,2,1,ok,7934,64384
enum-56-d3-3,2,0,ok,10713,77349
enum-56-d3-3,2,1,ok,10713,67459
enum-56-d4-1,2,0,ok,224150,1444121
enum-56-d4-1,2,1,ok,224150,1696075
enum-56-d4-2,2,0,ok,18884,139037
enum-56-d4-2,2,1,ok,18884,133777
enum-56-d4-3,2,0,ok,713,37883
enum-56-d4-3,2,1,ok,713,13476
frac-56-d2-1,2,0,ok,17719,66418
frac-56-d2-1,2,1,ok,17719,62651
frac-56-d2-2,2,0,ok,14426,65926
frac-56-d2-2,2,1,ok,14426,60086
frac-56-d2-3,2,0,ok,295,8576
frac-56-d2-3,2,1,ok,295,3257
frac-56-d3-1,2,0,ok,20670,88410
frac-56-d3-1,2,1,ok,20670,87358
frac-56-d3-2,2,0,ok,32557,114570
frac-56-d3-2,2,1,ok,32557,115522
frac-56-d3-3,2,0,ok,13917,54465
frac-56-d3-3,2,1,ok,13917,50628
frac-56-d4-1,2,0,ok,20699,173204
frac-56-d4-1,2,1,ok,20699,156591
frac-56-d4-2,2,0,ok,427,6192
frac-56-d4-2,2,1,ok,427,3346
frac-56-d4-3,2,0,ok,46564,180057
frac-56-d4-3,2,1,ok,46564,172853
game-56-d2-1,2,0,ok,692,10340
game-56-d2-1,2,1,ok,692,37693
game-56-d2-2,2,0,ok,1887,21061
game-56-d2-2,2,1,ok,1887,13546
game-56-d2-3,2,0,ok,1046,51319
game-56-d2-3,2,1,ok,1046,20078
game-56-d3-1,2,0,ok,867,29857
game-56-d3-1,2,1,ok,867,16913
game-56-d3-2,2,0,ok,5153,111755
game-56-d3-2,2,1,ok,5153,92348
game-56-d3-3,2,0,ok,800,49476
game-56-d3-3,2,1,ok,800,16823
game-56-d4-1,2,0,ok,1213,28224
game-56-d4-1,2,1,ok,1213,19438
game-56-d4-2,2,0,ok,3467,171971
game-56-d4-2,2,1,ok,3467,128337
game-56-d4-3,2,0,ok,1597,38705
game-56-d4-3,2,1,ok,1597,23726
gaps-12-d1-1,2,0,ok,100,14067
gaps-12-d1-1,2,1,ok,100,5170
gaps-12-d1-2,2,0,ok,73,14237
gaps-12-d1-2,2,1,ok,73,2084
gaps-12-d1-3,2,0,ok,285,16752
gaps-12-d1-3,2,1,ok,285,5541
gaps-12-d1-4,2,0,ok,24,2786
gaps-12-d1-4,2,1,ok,24,1573
gaps-12-d1-5,2,0,ok,72,5020
gaps-12-d1-5,2,1,ok,72,2595
gaps-12-d2-1,2,0,ok,123,5881
gaps-12-d2-1,2,1,ok,123,3026
gaps-12-d2-3,2,0,ok,110,18226
gaps-12-d2-3,2,1,ok,110,5169
gaps-12-d3-1,2,0,ok,104,9659
gaps-12-d3-1,2,1,ok,104,4790
gaps-12-d3-3,2,0,ok,43,12053
gaps-12-d3-3,2,1,ok,43,3827
gaps-12-d3-4,2,0,ok,79,8566
gaps-12-d3-4,2,1,ok,79,3827
gaps-12-d3-5,2,0,ok,105,8927
gaps-12-d3-5,2,1,ok,105,3216
gaps-12-d4-3,2,0,ok,218,5942
gaps-12-d4-3,2,1,ok,218,2795
gaps-12-d4-5,2,0,ok,127,4188
gaps-12-d4-5,2,1,ok,127,2625
gaps-12-d5-2,2,0,ok,25,6453
gaps-12-d5-2,2,1,ok,25,2725
gaps-12-d5-3,2,0,ok,54,7284
gaps-12-d5-3,2,1,ok,54,2765
gaps-12-d5-4,2,0,ok,29,2395
gaps-12-d5-4,2,1,ok,29,1383
gaps-12-d5-5,2,0,ok,150,28595
gaps-12-d5-5,2,1,ok,150,7515
gaps-34-d1-1,2,0,ok,271,12995
gaps-34-d1-1,2,1,ok,271,5441
gaps-34-d1-2,2,0,ok,24,21762
gaps-34-d1-2,2,1,ok,24,3997
gaps-34-d1-3,2,0,ok,29,14758
gaps-34-d1-3,2,1,ok,29,2084
gaps-34-d1-4,2,0,ok,149,21953
gaps-34-d1-4,2,1,ok,149,7043
gaps-34-d1-5,2,0,ok,824,31581
gaps-34-d1-5,2,1,ok,824,16071
gaps-34-d2-1,2,0,ok,118,6653
gaps-34-d2-1,2,1,ok,118,2224
gaps-34-d2-2,2,0,ok,162,9669
gaps-34-d2-2,2,1,ok,162,4047
gaps-34-d2-3,2,0,ok,473,8496
gaps-34-d2-3,2,1,ok,473,3937
gaps-34-d2-4,2,0,ok,31,4890
gaps-34-d2-4,2,1,ok,31,2033
gaps-34-d2-5,2,0,ok,383,11241
gaps-34-d2-5,2,1,ok,383,7514
gaps-34-d3-2,2,0,ok,547,19237
gaps-34-d3-2,2,1,ok,547,12895
gaps-34-d3-3,2,0,ok,71,7464
gaps-34-d3-3,2,1,ok,71,3356
gaps-34-d3-4,2,0,ok,31,6252
gaps-34-d3-4,2,1,ok,31,1934
gaps-34-d4-1,2,0,ok,178,24888
gaps-34-d4-1,2,1,ok,178,5250
gaps-34-d4-2,2,0,ok,4898,70906
gaps-34-d4-2,2,1,ok,4898,60246
gaps-34-d4-3,2,0,ok,31,17133
gaps-34-d4-3,2,1,ok,31,3627
gaps-34-d4-4,2,0,ok,138,21992
gaps-34-d4-4,2,1,ok,138,7715
gaps-34-d4-5,2,0,ok,372,9228
gaps-34-d4-5,2,1,ok,372,7144
gaps-34-d5-1,2,0,ok,207,8046
gaps-34-d5-1,2,1,ok,207,2736
gaps-34-d5-2,2,0,ok,713,15690
gaps-34-d5-2,2,1,ok,713,9418
gaps-34-d5-3,2,0,ok,1348,11282
gaps-34-d5-3,2,1,ok,1348,8396
gaps-34-d5-5,2,0,ok,243,8045
gaps-34-d5-5,2,1,ok,243,2374
gaps-56-d2-1,2,0,ok,108,9990
gaps-56-d2-1,2,1,ok,108,3276
gaps-56-d2-2,2,0,ok,618,13687
gaps-56-d2-2,2,1,ok,618,7745
gaps-56-d2-3,2,0,ok,541,7374
gaps-56-d2-3,2,1,ok,541,4409
gaps-56-d3-1,2,0,ok,60301,309055
gaps-56-d3-1,2,1,ok,60301,312001
gaps-56-d3-2,2,0,ok,617,15870
gaps-56-d3-2,2,1,ok,617,11583
gaps-56-d3-3,2,0,ok,377,7985
gaps-56-d3-3,2,1,ok,377,5340
gaps-56-d4-1,2,0,ok,941,12825
gaps-56-d4-1,2,1,ok,941,4599
gaps-56-d4-2,2,0,ok,1395,13526
gaps-56-d4-2,2,1,ok,1395,9668
gaps-56-d4-3,2,0,ok,105638,527236
gaps-56-d4-3,2,1,ok,105638,556962
grid-56-d2-1,2,0,ok,712,24457
grid-56-d2-1,2,1,ok,712,8105
grid-56-d2-2,2,0,ok,221,10510
grid-56-d2-2,2,1,ok,221,4358
grid-56-d2-3,2,0,ok,1362,22544
grid-56-d2-3,2,1,ok,1362,17093
grid-56-d3-1,2,0,ok,1179,20038
grid-56-d3-1,2,1,ok,1179,11963
grid-56-d3-2,2,0,ok,1732,16693
grid-56-d3-2,2,1,ok,1732,12624
grid-56-d3-3,2,0,ok,1251,14107
grid-56-d3-3,2,1,ok,1251,9829
grid-56-d4-1,2,0,ok,5876,61769
grid-56-d4-1,2,1,ok,5876,54445
grid-56-d4-2,2,0,ok,18448,182963
grid-56-d4-2,2,1,ok,18448,180748
grid-56-d4-3,2,0,ok,535571,6097570
grid-56-d4-3,2,1,ok,535571,5275187
kl-34-d1-1,2,0,ok,224,8377
kl-34-d1-1,2,1,ok,224,3166
kl-34-d5-2,2,0,ok,1008543,6037134
kl-34-d5-2,2,1,ok,1008543,5280438
kl-56-d2-1,2,0,ok,557,20539
kl-56-d2-1,2,1,ok,557,9739
kl-56-d2-2,2,0,ok,587,15360
kl-56-d2-2,2,1,ok,587,6042
kl-56-d2-3,2,0,ok,468,7424
kl-56-d2-3,2,1,ok,468,4459
kl-56-d3-1,2,0,ok,556,11783
kl-56-d3-1,2,1,ok,556,6472
kl-56-d3-2,2,0,ok,64797,785873
kl-56-d3-2,2,1,ok,64797,323162
kl-56-d3-3,2,0,ok,2065,19928
kl-56-d3-3,2,1,ok,2065,13546
kl-56-d4-1,2,0,ok,2605,27352
kl-56-d4-1,2,1,ok,2605,17113
kl-56-d4-2,2,0,ok,1765,18265
kl-56-d4-2,2,1,ok,1765,10830
kl-56-d4-3,2,0,ok,35374,222369
kl-56-d4-3,2,1,ok,35374,240183
ord-12-d1-1,2,0,ok,742,15870
ord-12-d1-1,2,1,ok,742,8005
ord-12-d1-2,2,0,ok,773,9007
ord-12-d1-2,2,1,ok,773,60527
ord-12-d1-3,2,0,ok,721,20630
ord-12-d1-3,2,1,ok,721,7946
ord-12-d1-4,2,0,ok,744,10420
ord-12-d1-4,2,1,ok,744,6583
ord-12-d1-5,2,0,ok,798,18195
ord-12-d1-5,2,1,ok,798,8666
ord-12-d2-1,2,0,ok,3039,78521
ord-12-d2-1,2,1,ok,3039,60336
ord-12-d2-2,2,0,ok,16892,112356
ord-12-d2-2,2,1,ok,16892,98569
ord-12-d2-3,2,0,ok,3154,23986
ord-12-d2-3,2,1,ok,3154,20560
ord-12-d2-4,2,0,ok,3153,26832
ord-12-d2-4,2,1,ok,3153,20560
ord-12-d2-5,2,0,ok,3369,34126
ord-12-d2-5,2,1,ok,3369,20640
ord-12-d3-2,2,0,ok,3153,28135
ord-12-d3-2,2,1,ok,3153,21010
ord-12-d3-3,2,0,ok,3544,26651
ord-12-d3-3,2,1,ok,3544,21051
ord-12-d3-4,2,0,ok,3319,48433
ord-12-d3-4,2,1,ok,3319,23666
ord-12-d3-5,2,0,ok,3145,26501
ord-12-d3-5,2,1,ok,3145,22824
ord-12-d4-1,2,0,ok,19015,117907
ord-12-d4-1,2,1,ok,19015,106074
ord-12-d4-2,2,0,ok,3279,29367
ord-12-d4-2,2,1,ok,3279,21311
ord-12-d4-4,2,0,ok,3449,24227
ord-12-d4-4,2,1,ok,3449,21101
ord-12-d4-5,2,0,ok,6642,55356
ord-12-d4-5,2,1,ok,6642,44886
ord-12-d5-2,2,0,ok,3173,25789
ord-12-d5-2,2,1,ok,3173,21492
ord-12-d5-3,2,0,ok,18951,118969
ord-12-d5-3,2,1,ok,18951,104091
ord-12-d5-4,2,0,ok,3493,29417
ord-12-d5-4,2,1,ok,3493,22393
ord-12-d5-5,2,0,ok,7444,152784
ord-12-d5-5,2,1,ok,7444,46690
ord-34-d1-1,2,0,ok,27999,189064
ord-34-d1-1,2,1,ok,27999,196308
ord-34-d1-2,2,0,ok,560,18646
ord-34-d1-2,2,1,ok,560,4629
ord-34-d1-3,2,0,ok,28115,110763
ord-34-d1-3,2,1,ok,28115,97849
ord-34-d1-4,2,0,ok,921069,6334477
ord-34-d1-4,2,1,ok,921069,5705937
ord-34-d1-5,2,0,ok,3154,102367
ord-34-d1-5,2,1,ok,3154,26792
ord-34-d2-1,2,0,ok,3885,39185
ord-34-d2-1,2,1,ok,3885,31461
ord-34-d2-2,2,0,ok,18440,107246
ord-34-d2-2,2,1,ok,18440,98920
ord-34-d2-3,2,0,ok,3236,29627
ord-34-d2-3,2,1,ok,3236,22834
ord-34-d2-4,2,0,ok,18996,498009
ord-34-d2-4,2,1,ok,18996,129399
ord-34-d2-5,2,0,ok,765,9709
ord-34-d2-5,2,1,ok,765,6813
ord-34-d3-1,2,0,ok,127355,635273
ord-34-d3-1,2,1,ok,127355,988273
ord-34-d3-2,2,0,ok,3175,27052
ord-34-d3-2,2,1,ok,3175,20509
ord-34-d3-3,2,0,ok,526,17493
ord-34-d3-3,2,1,ok,526,4729
ord-34-d3-4,2,0,ok,18947,125622
ord-34-d3-4,2,1,ok,18947,112676
ord-34-d3-5,2,0,ok,3224,28825
ord-34-d3-5,2,1,ok,3224,22404
ord-34-d4-1,2,0,ok,18475,113489
ord-34-d4-1,2,1,ok,18475,605636
ord-34-d4-3,2,0,ok,18564,114440
ord-34-d4-3,2,1,ok,18564,107047
ord-34-d4-4,2,0,ok,984,19207
ord-34-d4-4,2,1,ok,984,6552
ord-34-d4-5,2,0,ok,5313,34947
ord-34-d4-5,2,1,ok,5313,23365
ord-34-d5-1,2,0,ok,128680,682224
ord-34-d5-1,2,1,ok,128680,676793
ord-34-d5-2,2,0,ok,20388,123628
ord-34-d5-2,2,1,ok,20388,106585
ord-34-d5-3,2,0,ok,3211,36510
ord-34-d5-3,2,1,ok,3211,23575
ord-34-d5-5,2,0,ok,18776,127035
ord-34-d5-5,2,1,ok,18776,102217
ord-56-d2-1,2,0,ok,19022,118448
ord-56-d2-1,2,1,ok,19022,352459
ord-56-d2-2,2,0,ok,6289,41340
ord-56-d2-2,2,1,ok,6289,27173
ord-56-d2-3,2,0,ok,18020,113879
ord-56-d2-3,2,1,ok,18020,101976
ord-56-d3-1,2,0,ok,131940,1108575
ord-56-d3-1,2,1,ok,131940,718012
ord-56-d3-2,2,0,ok,39025,228269
ord-56-d3-2,2,1,ok,39025,214653
ord-56-d3-3,2,0,ok,18622,117616
ord-56-d3-3,2,1,ok,18622,103309
ord-56-d4-1,2,0,ok,1002845,6599647
ord-56-d4-1,2,1,ok,1002845,10447296
ord-56-d4-2,2,0,ok,3767,92498
ord-56-d4-2,2,1,ok,3767,54134
ord-56-d4-3,2,0,ok,131560,1794886
ord-56-d4-3,2,1,ok,131560,1912603
par-12-d1-1,2,0,ok,117,18025
par-12-d1-1,2,1,ok,117,4278
par-12-d1-3,2,0,ok,61,8777
par-12-d1-3,2,1,ok,61,1723
par-12-d1-4,2,0,ok,454,24297
par-12-d1-4,2,1,ok,454,5090
par-12-d1-5,2,0,ok,148,12334
par-12-d1-5,2,1,ok,148,2615
par-12-d2-3,2,0,ok,113,32562
par-12-d2-3,2,1,ok,113,6082
par-12-d2-5,2,0,ok,142,10690
par-12-d2-5,2,1,ok,142,4549
par-12-d3-1,2,0,ok,152,18175
par-12-d3-1,2,1,ok,152,4478
par-12-d3-2,2,0,ok,316,8716
par-12-d3-2,2,1,ok,316,3477
par-12-d3-4,2,0,ok,704,125652
par-12-d3-4,2,1,ok,704,25269
par-12-d4-2,2,0,ok,252,7504
par-12-d4-2,2,1,ok,252,2886
par-12-d4-4,2,0,ok,13046,135150
par-12-d4-4,2,1,ok,13046,120542
par-12-d4-5,2,0,ok,80487,899622
par-12-d4-5,2,1,ok,80487,837172
par-12-d5-2,2,0,ok,1604,71377
par-12-d5-2,2,1,ok,1604,39335
par-34-d1-1,2,0,ok,128,9308
par-34-d1-1,2,1,ok,128,3928
par-34-d1-2,2,0,ok,1516,13556
par-34-d1-2,2,1,ok,1516,7745
par-34-d1-3,2,0,ok,73,8296
par-34-d1-3,2,1,ok,73,4138
par-34-d1-4,2,0,ok,12049,67019
par-34-d1-4,2,1,ok,12049,55197
par-34-d1-5,2,0,ok,78,6532
par-34-d1-5,2,1,ok,78,2264
par-34-d2-1,2,0,ok,707,19097
par-34-d2-1,2,1,ok,707,6863
par-34-d2-2,2,0,ok,55,7114
par-34-d2-2,2,1,ok,55,3437
par-34-d2-3,2,0,ok,1640,46219
par-34-d2-3,2,1,ok,1640,25008
par-34-d3-1,2,0,ok,199875,738121
par-34-d3-1,2,1,ok,199875,736919
par-34-d3-2,2,0,ok,1529,36360
par-34-d3-2,2,1,ok,1529,29678
par-34-d3-3,2,0,ok,2287,260652
par-34-d3-3,2,1,ok,2287,31420
par-34-d3-4,2,0,ok,28521,393348
par-34-d3-4,2,1,ok,28521,386264
par-34-d3-5,2,0,ok,545,21170
par-34-d3-5,2,1,ok,545,11462
par-34-d4-1,2,0,ok,2008,50276
par-34-d4-1,2,1,ok,2008,21792
par-34-d4-3,2,0,ok,142,11061
par-34-d4-3,2,1,ok,142,4018
par-34-d4-4,2,0,ok,107,6142
par-34-d4-4,2,1,ok,107,2796
par-34-d4-5,2,0,ok,53570,1037738
par-34-d4-5,2,1,ok,53570,1444752
par-34-d5-1,2,0,ok,88014,1423341
par-34-d5-1,2,1,ok,88014,1981035
par-34-d5-2,2,0,ok,977,54034
par-34-d5-2,2,1,ok,977,21832
par-34-d5-4,2,0,ok,110044,901636
par-34-d5-4,2,1,ok,110044,1892704
par-34-d5-5,2,0,ok,136,4659
par-34-d5-5,2,1,ok,136,2775
par-56-d2-1,2,0,ok,3946,126313
par-56-d2-1,2,1,ok,3946,92308
par-56-d2-2,2,0,ok,1154997,5618067
par-56-d2-2,2,1,ok,1154997,7215613
par-56-d2-3,2,0,ok,578886,2734656
par-56-d2-3,2,1,ok,578886,2450548
par-56-d3-1,2,0,ok,632,16693
par-56-d3-1,2,1,ok,632,11542
par-56-d3-2,2,0,ok,562591,7003716
par-56-d3-2,2,1,ok,562591,6026254
par-56-d3-3,2,0,ok,146408,1116399
par-56-d3-3,2,1,ok,146408,1100429
par-56-d4-1,2,0,ok,1327362,15068613
par-56-d4-1,2,1,ok,1327362,12579100
par-56-d4-2,2,0,ok,103746,612930
par-56-d4-2,2,1,ok,103746,610405
par-56-d4-3,2,0,ok,1372300,3556698
par-56-d4-3,2,1,ok,1372300,3679084
pct-56-d2-1,2,0,ok,1776,49495
pct-56-d2-1,2,1,ok,1776,17724
pct-56-d2-2,2,0,ok,17942,85294
pct-56-d2-2,2,1,ok,17942,76047
pct-56-d2-3,2,0,ok,23509,86837
pct-56-d2-3,2,1,ok,23509,84513
pct-56-d3-1,2,0,ok,16444,69283
pct-56-d3-1,2,1,ok,16444,67500
pct-56-d3-2,2,0,ok,17847,87529
pct-56-d3-2,2,1,ok,17847,78701
pct-56-d3-3,2,0,ok,14832,64855
pct-56-d3-3,2,1,ok,14832,57260
pct-56-d4-1,2,0,ok,20947,88941
pct-56-d4-1,2,1,ok,20947,84724
pct-56-d4-2,2,0,ok,5690,23476
pct-56-d4-2,2,1,ok,5690,20881
pct-56-d4-3,2,0,ok,613,12173
pct-56-d4-3,2,1,ok,613,5821
pig-12-d1-2,2,0,ok,527,13827
pig-12-d1-2,2,1,ok,527,5921
pig-12-d1-3,2,0,ok,3306,110884
pig-12-d1-3,2,1,ok,3306,74484
pig-12-d2-3,2,0,ok,69,7154
pig-12-d2-3,2,1,ok,69,3276
pig-12-d3-3,2,0,ok,273722,2272555
pig-12-d3-3,2,1,ok,273722,5362925
pig-12-d5-5,2,0,ok,597,48072
pig-12-d5-5,2,1,ok,597,20098
pig-34-d1-1,2,0,ok,2944,38123
pig-34-d1-1,2,1,ok,2944,24778
pig-34-d1-2,2,0,ok,85,6312
pig-34-d1-2,2,1,ok,85,2444
pig-34-d1-5,2,0,ok,182,23135
pig-34-d1-5,2,1,ok,182,9058
pig-34-d2-2,2,0,ok,129,3647
pig-34-d2-2,2,1,ok,129,1904
pig-34-d2-3,2,0,ok,30322,134148
pig-34-d2-3,2,1,ok,30322,130451
pig-34-d2-4,2,0,ok,524,11893
pig-34-d2-4,2,1,ok,524,5491
pig-34-d2-5,2,0,ok,159,5782
pig-34-d2-5,2,1,ok,159,2214
pig-34-d3-3,2,0,ok,76941,857551
pig-34-d3-3,2,1,ok,76941,761647
pig-34-d3-4,2,0,ok,99,3968
pig-34-d3-4,2,1,ok,99,1643
pig-34-d4-2,2,0,ok,2413617,19355027
pig-34-d4-2,2,1,ok,2413617,18238958
pig-34-d4-3,2,0,ok,30483,134158
pig-34-d4-3,2,1,ok,30483,122787
pig-34-d4-4,2,0,ok,70,13646
pig-34-d4-4,2,1,ok,70,5270
pig-34-d4-5,2,0,ok,1973,99271
pig-34-d4-5,2,1,ok,1973,52591
pig-34-d5-2,2,0,ok,1456,24627
pig-34-d5-2,2,1,ok,1456,8497
pig-34-d5-4,2,0,ok,1100817,7751775
pig-34-d5-4,2,1,ok,1100817,10180652
pig-34-d5-5,2,0,ok,2156484,14699964
pig-34-d5-5,2,1,ok,2156484,19840041
pig-56-d2-1,2,0,ok,4434,55006
pig-56-d2-1,2,1,ok,4434,30409
pig-56-d2-2,2,0,ok,2163,35398
pig-56-d2-2,2,1,ok,2163,102097
pig-56-d2-3,2,0,ok,112378,359933
pig-56-d2-3,2,1,ok,112378,357408
pig-56-d3-1,2,0,ok,1836,31561
pig-56-d3-1,2,1,ok,1836,22924
pig-56-d3-2,2,0,ok,17531,72289
pig-56-d3-2,2,1,ok,17531,57020
pig-56-d3-3,2,0,ok,46177,178664
pig-56-d3-3,2,1,ok,46177,174396
pig-56-d4-1,2,0,ok,7697,29066
pig-56-d4-1,2,1,ok,7697,22664
pig-56-d4-2,2,0,ok,72741,2030980
pig-56-d4-2,2,1,ok,72741,1612545
pig-56-d4-3,2,0,ok,192080,2647127
pig-56-d4-3,2,1,ok,192080,3020455
ratio-56-d2-1,2,0,ok,17059,65185
ratio-56-d2-1,2,1,ok,17059,55216
ratio-56-d2-2,2,0,ok,1128,40679
ratio-56-d2-2,2,1,ok,1128,13426
ratio-56-d2-3,2,0,ok,17063,144288
ratio-56-d2-3,2,1,ok,17063,118949
ratio-56-d3-1,2,0,ok,5235,108008
ratio-56-d3-1,2,1,ok,5235,73191
ratio-56-d3-2,2,0,ok,17065,107157
ratio-56-d3-2,2,1,ok,17065,80064
ratio-56-d3-3,2,0,ok,18981,107086
ratio-56-d3-3,2,1,ok,18981,86997
ratio-56-d4-1,2,0,ok,36102,275801
ratio-56-d4-1,2,1,ok,36102,204544
ratio-56-d4-2,2,0,ok,2386,44947
ratio-56-d4-2,2,1,ok,2386,23245
ratio-56-d4-3,2,0,ok,7612,165048
ratio-56-d4-3,2,1,ok,7612,140781
sets-56-d2-1,2,0,ok,714823,3632624
sets-56-d2-1,2,1,ok,714823,2780283
sets-56-d2-2,2,0,ok,206541,2396845
sets-56-d2-2,2,1,ok,206541,1566987
sets-56-d2-3,2,0,ok,1070996,7577260
sets-56-d2-3,2,1,ok,1070996,4997843
sets-56-d3-1,2,0,ok,340116,2961062
sets-56-d3-1,2,1,ok,340116,3261079
sets-56-d3-2,2,0,ok,1092164,9076877
sets-56-d3-2,2,1,ok,1092164,11182541
sets-56-d3-3,2,0,ok,2200623,14792572
sets-56-d3-3,2,1,ok,2200623,12370158
sets-56-d4-1,2,0,ok,1917227,20741056
sets-56-d4-1,2,1,ok,1917227,34804394
sets-56-d4-2,2,0,ok,279129,2252928
sets-56-d4-2,2,1,ok,279129,3267571
sets-56-d4-3,2,0,ok,951694,4431333
sets-56-d4-3,2,1,ok,951694,4957345
tri-12-d1-2,2,0,ok,15053,52962
tri-12-d1-2,2,1,ok,15053,42372
tri-12-d1-3,2,0,ok,26,4348
tri-12-d1-3,2,1,ok,26,1242
tri-12-d1-5,2,0,ok,32,7374
tri-12-d1-5,2,1,ok,32,1543
tri-12-d2-1,2,0,ok,31,6512
tri-12-d2-1,2,1,ok,31,2214
tri-12-d2-2,2,0,ok,17055,79283
tri-12-d2-2,2,1,ok,17055,54925
tri-12-d3-1,2,0,ok,41,10200
tri-12-d3-1,2,1,ok,41,2344
tri-12-d3-3,2,0,ok,34,4038
tri-12-d3-3,2,1,ok,34,1553
tri-12-d3-4,2,0,ok,15052,50558
tri-12-d3-4,2,1,ok,15052,42332
tri-12-d3-5,2,0,ok,34,6572
tri-12-d3-5,2,1,ok,34,1763
tri-12-d4-1,2,0,ok,17055,61939
tri-12-d4-1,2,1,ok,17055,54865
tri-12-d5-2,2,0,ok,17054,64654
tri-12-d5-2,2,1,ok,17054,55607
tri-12-d5-3,2,0,ok,144,11061
tri-12-d5-3,2,1,ok,144,3045
tri-12-d5-4,2,0,ok,20062,196739
tri-12-d5-4,2,1,ok,20062,159076
tri-12-d5-5,2,0,ok,1882,35939
tri-12-d5-5,2,1,ok,1882,20289
tri-34-d1-2,2,0,ok,15053,50106
tri-34-d1-2,2,1,ok,15053,43163
tri-34-d1-3,2,0,ok,34,2925
tri-34-d1-3,2,1,ok,34,1603
tri-34-d1-5,2,0,ok,29,5671
tri-34-d1-5,2,1,ok,29,1723
tri-34-d2-1,2,0,ok,42,22323
tri-34-d2-1,2,1,ok,42,3797
tri-34-d2-2,2,0,ok,15055,104591
tri-34-d2-2,2,1,ok,15055,88911
tri-34-d2-4,2,0,ok,39,17473
tri-34-d2-4,2,1,ok,39,2405
tri-34-d2-5,2,0,ok,32,10841
tri-34-d2-5,2,1,ok,32,1733
tri-34-d3-1,2,0,ok,17056,69002
tri-34-d3-1,2,1,ok,17056,55918
tri-34-d3-4,2,0,ok,17055,71587
tri-34-d3-4,2,1,ok,17055,55597
tri-34-d4-1,2,0,ok,30,8276
tri-34-d4-1,2,1,ok,30,1693
tri-34-d4-2,2,0,ok,17056,63913
tri-34-d4-2,2,1,ok,17056,62511
tri-34-d4-3,2,0,ok,34,2735
tri-34-d4-3,2,1,ok,34,1322
tri-34-d4-5,2,0,ok,17058,142985
tri-34-d4-5,2,1,ok,17058,118949
tri-34-d5-1,2,0,ok,133,11092
tri-34-d5-1,2,1,ok,133,4619
tri-34-d5-2,2,0,ok,19055,74213
tri-34-d5-2,2,1,ok,19055,68051
tri-34-d5-3,2,0,ok,2543,44636
tri-34-d5-3,2,1,ok,2543,41981
tri-34-d5-4,2,0,ok,100,11782
tri-34-d5-4,2,1,ok,100,3316
tri-56-d2-1,2,0,ok,120,11953
tri-56-d2-1,2,1,ok,120,3537
tri-56-d2-2,2,0,ok,33073,282404
tri-56-d2-2,2,1,ok,33073,191399
tri-56-d2-3,2,0,ok,62,6994
tri-56-d2-3,2,1,ok,62,2044
tri-56-d3-1,2,0,ok,9390,55247
tri-56-d3-1,2,1,ok,9390,50107
tri-56-d3-2,2,0,ok,100075,1908765
tri-56-d3-2,2,1,ok,100075,1191273
tri-56-d3-3,2,0,ok,2819,26340
tri-56-d3-3,2,1,ok,2819,21061
tri-56-d4-1,2,0,ok,5810,161821
tri-56-d4-1,2,1,ok,5810,132045
tri-56-d4-2,2,0,ok,28915,299005
tri-56-d4-2,2,1,ok,28915,291070
tri-56-d4-3,2,0,ok,55391,699006
tri-56-d4-3,2,1,ok,55391,670762
wp-34-d1-4,2,0,ok,36,14768
wp-34-d1-4,2,1,ok,36,1983
wp-34-d1-5,2,0,ok,446,12834
wp-34-d1-5,2,1,ok,446,6082
wp-34-d3-3,2,0,ok,2376,44486
wp-34-d3-3,2,1,ok,2376,23295
wp-56-d2-1,2,0,ok,13478,183293
wp-56-d2-1,2,1,ok,13478,145240
wp-56-d2-2,2,0,ok,411519,3009264
wp-56-d2-2,2,1,ok,411519,3502193
wp-56-d2-3,2,0,ok,902,17724
wp-56-d2-3,2,1,ok,902,13346
wp-56-d3-1,2,0,ok,2159,36871
wp-56-d3-1,2,1,ok,2159,26642
wp-56-d3-2,2,0,ok,363974,2617249
wp-56-d3-2,2,1,ok,363974,3227264
wp-56-d3-3,2,0,ok,775,19016
wp-56-d3-3,2,1,ok,775,10992
wp-56-d4-1,2,0,ok,308938,2516976
wp-56-d4-1,2,1,ok,308938,2942205
wp-56-d4-2,2,0,ok,7365,101165
wp-56-d4-2,2,1,ok,7365,75665
wp-56-d4-3,2,0,ok,201798,1546638
wp-56-d4-3,2,1,ok,201798,1254666
cal-12-d1-1,3,0,ok,118,7615
cal-12-d1-1,3,1,ok,118,2745
cal-12-d1-2,3,0,ok,55,2995
cal-12-d1-2,3,1,ok,55,1512
cal-12-d1-3,3,0,ok,103,8206
cal-12-d1-3,3,1,ok,103,2936
cal-12-d1-4,3,0,ok,25,3237
cal-12-d1-4,3,1,ok,25,1433
cal-12-d1-5,3,0,ok,20,1923
cal-12-d1-5,3,1,ok,20,1192
cal-12-d2-1,3,0,ok,130,6873
cal-12-d2-1,3,1,ok,130,2655
cal-12-d2-2,3,0,ok,788,5922
cal-12-d2-2,3,1,ok,788,3587
cal-12-d2-4,3,0,ok,26,7555
cal-12-d2-4,3,1,ok,26,2144
cal-12-d2-5,3,0,ok,488,4709
cal-12-d2-5,3,1,ok,488,3226
cal-12-d3-2,3,0,ok,792,6222
cal-12-d3-2,3,1,ok,792,3978
cal-12-d3-3,3,0,ok,6380,51308
cal-12-d3-3,3,1,ok,6380,55036
cal-12-d3-5,3,0,ok,1269,9228
cal-12-d3-5,3,1,ok,1269,5140
cal-12-d4-2,3,0,ok,623,11592
cal-12-d4-2,3,1,ok,623,4408
cal-12-d4-3,3,0,ok,7150,42852
cal-12-d4-3,3,1,ok,7150,35228
cal-12-d4-4,3,0,ok,1918,19508
cal-12-d4-4,3,1,ok,1918,10600
cal-12-d4-5,3,0,ok,375,10500
cal-12-d4-5,3,1,ok,375,5090
cal-12-d5-1,3,0,ok,1300,8677
cal-12-d5-1,3,1,ok,1300,6322
cal-12-d5-2,3,0,ok,991,36992
cal-12-d5-2,3,1,ok,991,20790
cal-12-d5-4,3,0,ok,611,10480
cal-12-d5-4,3,1,ok,611,7645
cal-12-d5-5,3,0,ok,4475,44165
cal-12-d5-5,3,1,ok,4475,36851
cal-34-d1-1,3,0,ok,272,7204
cal-34-d1-1,3,1,ok,272,4339
cal-34-d1-2,3,0,ok,323,8897
cal-34-d1-2,3,1,ok,323,3066
cal-34-d1-3,3,0,ok,69,10520
cal-34-d1-3,3,1,ok,69,2756
cal-34-d1-4,3,0,ok,828,25740
cal-34-d1-4,3,1,ok,828,10059
cal-34-d1-5,3,0,ok,24,5080
cal-34-d1-5,3,1,ok,24,1453
cal-34-d2-1,3,0,ok,456,8236
cal-34-d2-1,3,1,ok,456,4219
cal-34-d2-2,3,0,ok,26,5421
cal-34-d2-2,3,1,ok,26,1443
cal-34-d2-3,3,0,ok,33,6833
cal-34-d2-3,3,1,ok,33,1753
cal-34-d2-4,3,0,ok,872,12133
cal-34-d2-4,3,1,ok,872,5391
cal-34-d2-5,3,0,ok,7231,42071
cal-34-d2-5,3,1,ok,7231,35949
cal-34-d3-1,3,0,ok,1207,14097
cal-34-d3-1,3,1,ok,1207,7634
cal-34-d3-2,3,0,ok,1071,11602
cal-34-d3-2,3,1,ok,1071,6192
cal-34-d3-3,3,0,ok,182983,925973
cal-34-d3-3,3,1,ok,182983,881337
cal-34-d3-4,3,0,ok,236,9819
cal-34-d3-4,3,1,ok,236,3797
cal-34-d3-5,3,0,ok,165,10100
cal-34-d3-5,3,1,ok,165,3497
cal-34-d4-1,3,0,ok,4466,33645
cal-34-d4-1,3,1,ok,4466,18014
cal-34-d4-2,3,0,ok,2341,49406
cal-34-d4-2,3,1,ok,2341,25780
cal-34-d4-3,3,0,ok,250997,2296382
cal-34-d4-3,3,1,ok,250997,2317412
cal-34-d4-4,3,0,ok,1070,10219
cal-34-d4-4,3,1,ok,1070,5711
cal-34-d4-5,3,0,ok,201,43574
cal-34-d4-5,3,1,ok,201,16472
cal-34-d5-1,3,0,ok,13265,57190
cal-34-d5-1,3,1,ok,13265,51640
cal-34-d5-2,3,0,ok,1127,40919
cal-34-d5-2,3,1,ok,1127,16542
cal-34-d5-3,3,0,ok,844,11472
cal-34-d5-3,3,1,ok,844,6072
cal-34-d5-4,3,0,ok,3492,83070
cal-34-d5-4,3,1,ok,3492,53192
cal-34-d5-5,3,0,ok,10737,170018
cal-34-d5-5,3,1,ok,10737,160860
cal-56-d2-1,3,0,ok,4528,77299
cal-56-d2-1,3,1,ok,4528,56088
cal-56-d2-2,3,0,ok,134,33725
cal-56-d2-2,3,1,ok,134,8296
cal-56-d2-3,3,0,ok,4337,74574
cal-56-d2-3,3,1,ok,4337,58442
cal-56-d3-1,3,0,ok,682125,6740108
cal-56-d3-1,3,1,ok,682125,6175892
cal-56-d3-2,3,0,ok,1000,38293
cal-56-d3-2,3,1,ok,1000,16813
cal-56-d3-3,3,0,ok,3050,37512
cal-56-d3-3,3,1,ok,3050,20149
cal-56-d4-1,3,0,ok,52283,258287
cal-56-d4-1,3,1,ok,52283,260682
cal-56-d4-2,3,0,ok,233,29547
cal-56-d4-2,3,1,ok,233,9949
cal-56-d4-3,3,0,ok,43949,344053
cal-56-d4-3,3,1,ok,43949,337971
clk-12-d1-1,3,0,ok,121,38975
clk-12-d1-1,3,1,ok,121,8095
clk-12-d1-2,3,0,ok,127,31580
clk-12-d1-2,3,1,ok,127,11142
clk-12-d1-3,3,0,ok,2130,34827
clk-12-d1-3,3,1,ok,2130,29056
clk-12-d1-4,3,0,ok,90,15189
clk-12-d1-4,3,1,ok,90,6012
clk-12-d1-5,3,0,ok,95,28976
clk-12-d1-5,3,1,ok,95,3877
clk-12-d2-1,3,0,ok,605,11803
clk-12-d2-1,3,1,ok,605,6182
clk-12-d2-2,3,0,ok,10294,52110
clk-12-d2-2,3,1,ok,10294,48754
clk-12-d2-3,3,0,ok,94,7865
clk-12-d2-3,3,1,ok,94,3106
clk-12-d2-5,3,0,ok,90,7364
clk-12-d2-5,3,1,ok,90,2625
clk-12-d3-1,3,0,ok,90,46550
clk-12-d3-1,3,1,ok,90,7534
clk-12-d3-2,3,0,ok,155,14739
clk-12-d3-2,3,1,ok,155,4478
clk-12-d3-3,3,0,ok,96,42131
clk-12-d3-3,3,1,ok,96,7695
clk-12-d3-4,3,0,ok,25,12674
clk-12-d3-4,3,1,ok,25,2815
clk-12-d3-5,3,0,ok,90,31400
clk-12-d3-5,3,1,ok,90,7815
clk-12-d4-1,3,0,ok,98,11543
clk-12-d4-1,3,1,ok,98,4008
clk-12-d4-2,3,0,ok,90,4578
clk-12-d4-2,3,1,ok,90,2675
clk-12-d4-4,3,0,ok,1582,19969
clk-12-d4-4,3,1,ok,1582,11552
clk-12-d4-5,3,0,ok,96,6272
clk-12-d4-5,3,1,ok,96,3056
clk-12-d5-2,3,0,ok,171,13907
clk-12-d5-2,3,1,ok,171,4308
clk-12-d5-3,3,0,ok,4255,25349
clk-12-d5-3,3,1,ok,4255,22323
clk-12-d5-4,3,0,ok,1799,13365
clk-12-d5-4,3,1,ok,1799,10521
clk-12-d5-5,3,0,ok,92,9759
clk-12-d5-5,3,1,ok,92,3587
clk-34-d1-1,3,0,ok,97,4309
clk-34-d1-1,3,1,ok,97,2435
clk-34-d1-2,3,0,ok,2015,85785
clk-34-d1-2,3,1,ok,2015,38254
clk-34-d1-3,3,0,ok,34,6172
clk-34-d1-3,3,1,ok,34,1954
clk-34-d1-4,3,0,ok,9917,174155
clk-34-d1-4,3,1,ok,9917,147103
clk-34-d1-5,3,0,ok,16663,52050
clk-34-d1-5,3,1,ok,16663,43874
clk-34-d2-1,3,0,ok,4251,32573
clk-34-d2-1,3,1,ok,4251,23435
clk-34-d2-2,3,0,ok,285,9358
clk-34-d2-2,3,1,ok,285,42843
clk-34-d2-3,3,0,ok,95,35298
clk-34-d2-3,3,1,ok,95,7655
clk-34-d2-4,3,0,ok,517,23535
clk-34-d2-4,3,1,ok,517,11853
clk-34-d2-5,3,0,ok,2872,74604
clk-34-d2-5,3,1,ok,2872,36511
clk-34-d3-2,3,0,ok,96,203382
clk-34-d3-2,3,1,ok,96,26751
clk-34-d3-3,3,0,ok,98,40388
clk-34-d3-3,3,1,ok,98,8967
clk-34-d3-4,3,0,ok,98,30459
clk-34-d3-4,3,1,ok,98,4489
clk-34-d3-5,3,0,ok,3407,71838
clk-34-d3-5,3,1,ok,3407,37602
clk-34-d4-1,3,0,ok,4227,33876
clk-34-d4-1,3,1,ok,4227,18686
clk-34-d4-2,3,0,ok,616,18455
clk-34-d4-2,3,1,ok,616,14437
clk-34-d4-3,3,0,ok,100,11151
clk-34-d4-3,3,1,ok,100,4198
clk-34-d4-4,3,0,ok,2034,45267
clk-34-d4-4,3,1,ok,2034,38023
clk-34-d5-1,3,0,ok,2659,14979
clk-34-d5-1,3,1,ok,2659,12464
clk-34-d5-3,3,0,ok,2974,22093
clk-34-d5-3,3,1,ok,2974,17855
clk-34-d5-5,3,0,ok,111,9629
clk-34-d5-5,3,1,ok,111,4940
clk-56-d2-1,3,0,ok,8927,55296
clk-56-d2-1,3,1,ok,8927,45447
clk-56-d2-2,3,0,ok,208,14608
clk-56-d2-2,3,1,ok,208,5501
clk-56-d2-3,3,0,ok,108,49726
clk-56-d2-3,3,1,ok,108,8045
clk-56-d3-1,3,0,ok,15481,82278
clk-56-d3-1,3,1,ok,15481,75315
clk-56-d3-2,3,0,ok,143,7023
clk-56-d3-2,3,1,ok,143,4228
clk-56-d3-3,3,0,ok,315,39086
clk-56-d3-3,3,1,ok,315,19107
clk-56-d4-1,3,0,ok,31981,141112
clk-56-d4-1,3,1,ok,31981,126604
clk-56-d4-2,3,0,ok,15004,60947
clk-56-d4-2,3,1,ok,15004,60606
clk-56-d4-3,3,0,ok,3126,59735
clk-56-d4-3,3,1,ok,3126,41881
div-56-d2-1,3,0,ok,948,36551
div-56-d2-1,3,1,ok,948,28365
div-56-d2-2,3,0,ok,15099,51890
div-56-d2-2,3,1,ok,15099,44074
div-56-d2-3,3,0,ok,733,17173
div-56-d2-3,3,1,ok,733,8156
div-56-d3-1,3,0,ok,31509,238419
div-56-d3-1,3,1,ok,31509,235303
div-56-d3-2,3,0,ok,5545,47221
div-56-d3-2,3,1,ok,5545,37923
div-56-d3-3,3,0,ok,197,6533
div-56-d3-3,3,1,ok,197,2605
div-56-d4-1,3,0,ok,17055,61549
div-56-d4-1,3,1,ok,17055,57951
div-56-d4-2,3,0,ok,14890,112096
div-56-d4-2,3,1,ok,14890,106184
div-56-d4-3,3,0,ok,16044,50998
div-56-d4-3,3,1,ok,16044,44977
enum-12-d1-1,3,0,ok,79,4619
enum-12-d1-1,3,1,ok,79,2435
enum-12-d1-4,3,0,ok,166,9668
enum-12-d1-4,3,1,ok,166,3005
enum-12-d2-4,3,0,ok,70,2845
enum-12-d2-4,3,1,ok,70,1964
enum-12-d2-5,3,0,ok,650,13947
enum-12-d2-5,3,1,ok,650,8386
enum-12-d3-1,3,0,ok,91,3917
enum-12-d3-1,3,1,ok,91,2013
enum-12-d3-3,3,0,ok,138,4108
enum-12-d3-3,3,1,ok,138,2595
enum-12-d3-4,3,0,ok,408,11192
enum-12-d3-4,3,1,ok,408,4930
enum-12-d4-2,3,0,ok,121,3367
enum-12-d4-2,3,1,ok,121,2144
enum-12-d4-4,3,0,ok,644,14759
enum-12-d4-4,3,1,ok,644,6693
enum-12-d4-5,3,0,ok,89,3497
enum-12-d4-5,3,1,ok,89,1853
enum-12-d5-2,3,0,ok,313,5210
enum-12-d5-2,3,1,ok,313,3036
enum-12-d5-3,3,0,ok,83,7565
enum-12-d5-3,3,1,ok,83,2325
enum-12-d5-4,3,0,ok,757,7825
enum-12-d5-4,3,1,ok,757,4949
enum-34-d1-1,3,0,ok,121,4769
enum-34-d1-1,3,1,ok,121,3196
enum-34-d1-2,3,0,ok,115,8125
enum-34-d1-2,3,1,ok,115,3406
enum-34-d1-4,3,0,ok,149,12124
enum-34-d1-4,3,1,ok,149,2695
enum-34-d2-1,3,0,ok,92,4889
enum-34-d2-1,3,1,ok,92,1944
enum-34-d2-3,3,0,ok,1219,25329
enum-34-d2-3,3,1,ok,1219,11923
enum-34-d2-4,3,0,ok,274,6723
enum-34-d2-4,3,1,ok,274,3146
enum-34-d2-5,3,0,ok,119,5300
enum-34-d2-5,3,1,ok,119,2405
enum-34-d3-2,3,0,ok,124,8085
enum-34-d3-2,3,1,ok,124,2635
enum-34-d3-3,3,0,ok,594,8676
enum-34-d3-3,3,1,ok,594,3957
enum-34-d3-4,3,0,ok,22528,109581
enum-34-d3-4,3,1,ok,22528,106355
enum-34-d3-5,3,0,ok,691,15169
enum-34-d3-5,3,1,ok,691,6954
enum-34-d4-1,3,0,ok,1533,17945
enum-34-d4-1,3,1,ok,1533,11142
enum-34-d4-3,3,0,ok,3724,24537
enum-34-d4-3,3,1,ok,3724,17935
enum-34-d4-4,3,0,ok,907,11573
enum-34-d4-4,3,1,ok,907,6773
enum-34-d4-5,3,0,ok,480,13987
enum-34-d4-5,3,1,ok,480,7024
enum-34-d5-1,3,0,ok,22532,292352
enum-34-d5-1,3,1,ok,22532,106645
enum-34-d5-2,3,0,ok,1584,19647
enum-34-d5-2,3,1,ok,1584,6683
enum-34-d5-4,3,0,ok,688,13376
enum-34-d5-4,3,1,ok,688,6583
enum-56-d2-1,3,0,ok,190,5731
enum-56-d2-1,3,1,ok,190,2545
enum-56-d2-2,3,0,ok,125,3436
enum-56-d2-2,3,1,ok,125,2254
enum-56-d2-3,3,0,ok,883,13526
enum-56-d2-3,3,1,ok,883,6282
enum-56-d3-1,3,0,ok,5662,26552
enum-56-d3-1,3,1,ok,5662,16792
enum-56-d3-2,3,0,ok,7934,72470
enum-56-d3-2,3,1,ok,7934,66629
enum-56-d3-3,3,0,ok,10713,82148
enum-56-d3-3,3,1,ok,10713,66719
enum-56-d4-1,3,0,ok,224150,1967408
enum-56-d4-1,3,1,ok,224150,1581616
enum-56-d4-2,3,0,ok,18884,143928
enum-56-d4-2,3,1,ok,18884,129469
enum-56-d4-3,3,0,ok,713,9188
enum-56-d4-3,3,1,ok,713,5440
frac-56-d2-1,3,0,ok,17719,62941
frac-56-d2-1,3,1,ok,17719,60477
frac-56-d2-2,3,0,ok,14426,64124
frac-56-d2-2,3,1,ok,14426,55748
frac-56-d2-3,3,0,ok,295,4479
frac-56-d2-3,3,1,ok,295,2705
frac-56-d3-1,3,0,ok,20670,88832
frac-56-d3-1,3,1,ok,20670,82969
frac-56-d3-2,3,0,ok,32557,116986
frac-56-d3-2,3,1,ok,32557,112586
frac-56-d3-3,3,0,ok,13917,50768
frac-56-d3-3,3,1,ok,13917,50247
frac-56-d4-1,3,0,ok,20699,172221
frac-56-d4-1,3,1,ok,20699,162984
frac-56-d4-2,3,0,ok,427,6322
frac-56-d4-2,3,1,ok,427,3327
frac-56-d4-3,3,0,ok,46564,176870
frac-56-d4-3,3,1,ok,46564,170208
game-56-d2-1,3,0,ok,692,16151
game-56-d2-1,3,1,ok,692,7785
game-56-d2-2,3,0,ok,1887,15941
game-56-d2-2,3,1,ok,1887,12253
game-56-d2-3,3,0,ok,1046,13206
game-56-d2-3,3,1,ok,1046,8587
game-56-d3-1,3,0,ok,867,11061
game-56-d3-1,3,1,ok,867,7655
game-56-d3-2,3,0,ok,5153,171099
game-56-d3-2,3,1,ok,5153,144418
game-56-d3-3,3,0,ok,800,25419
game-56-d3-3,3,1,ok,800,7935
game-56-d4-1,3,0,ok,1213,19077
game-56-d4-1,3,1,ok,1213,9549
game-56-d4-2,3,0,ok,3467,121073
game-56-d4-2,3,1,ok,3467,96175
game-56-d4-3,3,0,ok,1597,19508
game-56-d4-3,3,1,ok,1597,10881
gaps-12-d1-1,3,0,ok,100,4269
gaps-12-d1-1,3,1,ok,100,2084
gaps-12-d1-2,3,0,ok,73,4268
gaps-12-d1-2,3,1,ok,73,1613
gaps-12-d1-3,3,0,ok,285,5971
gaps-12-d1-3,3,1,ok,285,3777
gaps-12-d1-4,3,0,ok,24,2455
gaps-12-d1-4,3,1,ok,24,1553
gaps-12-d1-5,3,0,ok,72,7344
gaps-12-d1-5,3,1,ok,72,2384
gaps-12-d2-1,3,0,ok,123,7935
gaps-12-d2-1,3,1,ok,123,2324
gaps-12-d2-3,3,0,ok,110,7375
gaps-12-d2-3,3,1,ok,110,2434
gaps-12-d3-1,3,0,ok,104,4569
gaps-12-d3-1,3,1,ok,104,2505
gaps-12-d3-3,3,0,ok,43,7815
gaps-12-d3-3,3,1,ok,43,2294
gaps-12-d3-4,3,0,ok,79,4038
gaps-12-d3-4,3,1,ok,79,2334
gaps-12-d3-5,3,0,ok,105,5601
gaps-12-d3-5,3,1,ok,105,2575
gaps-12-d4-3,3,0,ok,218,7003
gaps-12-d4-3,3,1,ok,218,3968
gaps-12-d4-5,3,0,ok,127,4118
gaps-12-d4-5,3,1,ok,127,2585
gaps-12-d5-2,3,0,ok,25,6834
gaps-12-d5-2,3,1,ok,25,1793
gaps-12-d5-3,3,0,ok,54,10972
gaps-12-d5-3,3,1,ok,54,2565
gaps-12-d5-4,3,0,ok,29,2355
gaps-12-d5-4,3,1,ok,29,1403
gaps-12-d5-5,3,0,ok,150,31430
gaps-12-d5-5,3,1,ok,150,6412
gaps-34-d1-1,3,0,ok,271,10170
gaps-34-d1-1,3,1,ok,271,3106
gaps-34-d1-2,3,0,ok,24,24617
gaps-34-d1-2,3,1,ok,24,4228
gaps-34-d1-3,3,0,ok,29,13175
gaps-34-d1-3,3,1,ok,29,3036
gaps-34-d1-4,3,0,ok,149,21842
gaps-34-d1-4,3,1,ok,149,4058
gaps-34-d1-5,3,0,ok,824,38233
gaps-34-d1-5,3,1,ok,824,14718
gaps-34-d2-1,3,0,ok,118,15731
gaps-34-d2-1,3,1,ok,118,2705
gaps-34-d2-2,3,0,ok,162,18215
gaps-34-d2-2,3,1,ok,162,3316
gaps-34-d2-3,3,0,ok,473,13606
gaps-34-d2-3,3,1,ok,473,3857
gaps-34-d2-4,3,0,ok,31,9759
gaps-34-d2-4,3,1,ok,31,2054
gaps-34-d2-5,3,0,ok,383,17184
gaps-34-d2-5,3,1,ok,383,5921
gaps-34-d3-2,3,0,ok,547,30479
gaps-34-d3-2,3,1,ok,547,10079
gaps-34-d3-3,3,0,ok,71,19778
gaps-34-d3-3,3,1,ok,71,3186
gaps-34-d3-4,3,0,ok,31,12835
gaps-34-d3-4,3,1,ok,31,2054
gaps-34-d4-1,3,0,ok,178,14558
gaps-34-d4-1,3,1,ok,178,2464
gaps-34-d4-2,3,0,ok,4898,78230
gaps-34-d4-2,3,1,ok,4898,60978
gaps-34-d4-3,3,0,ok,31,14177
gaps-34-d4-3,3,1,ok,31,1974
gaps-34-d4-4,3,0,ok,138,17414
gaps-34-d4-4,3,1,ok,138,3116
gaps-34-d4-5,3,0,ok,372,23865
gaps-34-d4-5,3,1,ok,372,13616
gaps-34-d5-1,3,0,ok,207,16722
gaps-34-d5-1,3,1,ok,207,3086
gaps-34-d5-2,3,0,ok,713,52181
gaps-34-d5-2,3,1,ok,713,22474
gaps-34-d5-3,3,0,ok,1348,41500
gaps-34-d5-3,3,1,ok,1348,19227
gaps-34-d5-5,3,0,ok,243,25800
gaps-34-d5-5,3,1,ok,243,5290
gaps-56-d2-1,3,0,ok,108,29386
gaps-56-d2-1,3,1,ok,108,8437
gaps-56-d2-2,3,0,ok,618,42241
gaps-56-d2-2,3,1,ok,618,18956
gaps-56-d2-3,3,0,ok,541,20269
gaps-56-d2-3,3,1,ok,541,9038
gaps-56-d3-1,3,0,ok,60301,674178
gaps-56-d3-1,3,1,ok,60301,720979
gaps-56-d3-2,3,0,ok,617,52321
gaps-56-d3-2,3,1,ok,617,24016
gaps-56-d3-3,3,0,ok,377,42762
gaps-56-d3-3,3,1,ok,377,6914
gaps-56-d4-1,3,0,ok,941,29426
gaps-56-d4-1,3,1,ok,941,10781
gaps-56-d4-2,3,0,ok,1395,29677
gaps-56-d4-2,3,1,ok,1395,20059
gaps-56-d4-3,3,0,ok,105638,1025164
gaps-56-d4-3,3,1,ok,105638,987492
grid-56-d2-1,3,0,ok,712,46930
grid-56-d2-1,3,1,ok,712,18685
grid-56-d2-2,3,0,ok,221,14899
grid-56-d2-2,3,1,ok,221,8567
grid-56-d2-3,3,0,ok,1362,47872
grid-56-d2-3,3,1,ok,1362,35057
grid-56-d3-1,3,0,ok,1179,47361
grid-56-d3-1,3,1,ok,1179,27292
grid-56-d3-2,3,0,ok,1732,39015
grid-56-d3-2,3,1,ok,1732,28786
grid-56-d3-3,3,0,ok,1251,49775
grid-56-d3-3,3,1,ok,1251,24558
grid-56-d4-1,3,0,ok,5876,92938
grid-56-d4-1,3,1,ok,5876,58382
grid-56-d4-2,3,0,ok,18448,196358
grid-56-d4-2,3,1,ok,18448,186088
grid-56-d4-3,3,0,ok,535571,5891284
grid-56-d4-3,3,1,ok,535571,5626253
kl-34-d1-1,3,0,ok,224,29998
kl-34-d1-1,3,1,ok,224,7705
kl-34-d5-2,3,0,ok,1008543,10446515
kl-34-d5-2,3,1,ok,1008543,10675275
kl-56-d2-1,3,0,ok,557,32342
kl-56-d2-1,3,1,ok,557,6683
kl-56-d2-2,3,0,ok,587,10730
kl-56-d2-2,3,1,ok,587,5210
kl-56-d2-3,3,0,ok,468,14638
kl-56-d2-3,3,1,ok,468,6362
kl-56-d3-1,3,0,ok,556,11702
kl-56-d3-1,3,1,ok,556,68331
kl-56-d3-2,3,0,ok,64797,365734
kl-56-d3-2,3,1,ok,64797,340355
kl-56-d3-3,3,0,ok,2065,28345
kl-56-d3-3,3,1,ok,2065,16241
kl-56-d4-1,3,0,ok,2605,23235
kl-56-d4-1,3,1,ok,2605,166761
kl-56-d4-2,3,0,ok,1765,75084
kl-56-d4-2,3,1,ok,1765,27714
kl-56-d4-3,3,0,ok,35374,523528
kl-56-d4-3,3,1,ok,35374,476848
ord-12-d1-1,3,0,ok,742,45688
ord-12-d1-1,3,1,ok,742,99502
ord-12-d1-2,3,0,ok,773,42101
ord-12-d1-2,3,1,ok,773,17053
ord-12-d1-3,3,0,ok,721,31270
ord-12-d1-3,3,1,ok,721,14518
ord-12-d1-4,3,0,ok,744,35819
ord-12-d1-4,3,1,ok,744,8336
ord-12-d1-5,3,0,ok,798,12534
ord-12-d1-5,3,1,ok,798,8777
ord-12-d2-1,3,0,ok,3039,32402
ord-12-d2-1,3,1,ok,3039,22404
ord-12-d2-2,3,0,ok,16892,125321
ord-12-d2-2,3,1,ok,16892,106705
ord-12-d2-3,3,0,ok,3154,83390
ord-12-d2-3,3,1,ok,3154,59294
ord-12-d2-4,3,0,ok,3153,61569
ord-12-d2-4,3,1,ok,3153,43865
ord-12-d2-5,3,0,ok,3369,60196
ord-12-d2-5,3,1,ok,3369,48022
ord-12-d3-2,3,0,ok,3153,81316
ord-12-d3-2,3,1,ok,3153,47903
ord-12-d3-3,3,0,ok,3544,69904
ord-12-d3-3,3,1,ok,3544,46991
ord-12-d3-4,3,0,ok,3319,69444
ord-12-d3-4,3,1,ok,3319,49105
ord-12-d3-5,3,0,ok,3145,54816
ord-12-d3-5,3,1,ok,3145,44696
ord-12-d4-1,3,0,ok,19015,143336
ord-12-d4-1,3,1,ok,19015,115522
ord-12-d4-2,3,0,ok,3279,25950
ord-12-d4-2,3,1,ok,3279,21932
ord-12-d4-4,3,0,ok,3449,57180
ord-12-d4-4,3,1,ok,3449,43885
ord-12-d4-5,3,0,ok,6642,57992
ord-12-d4-5,3,1,ok,6642,55267
ord-12-d5-2,3,0,ok,3173,29917
ord-12-d5-2,3,1,ok,3173,93140
ord-12-d5-3,3,0,ok,18951,269830
ord-12-d5-3,3,1,ok,18951,236976
ord-12-d5-4,3,0,ok,3493,36731
ord-12-d5-4,3,1,ok,3493,107787
ord-12-d5-5,3,0,ok,7444,60065
ord-12-d5-5,3,1,ok,7444,51440
ord-34-d1-1,3,0,ok,27999,219973
ord-34-d1-1,3,1,ok,27999,197129
ord-34-d1-2,3,0,ok,560,17093
ord-34-d1-2,3,1,ok,560,5139
ord-34-d1-3,3,0,ok,28115,130611
ord-34-d1-3,3,1,ok,28115,103389
ord-34-d1-4,3,0,ok,921069,7110511
ord-34-d1-4,3,1,ok,921069,8336682
ord-34-d1-5,3,0,ok,3154,32894
ord-34-d1-5,3,1,ok,3154,21842
ord-34-d2-1,3,0,ok,3885,43404
ord-34-d2-1,3,1,ok,3885,32192
ord-34-d2-2,3,0,ok,18440,263297
ord-34-d2-2,3,1,ok,18440,213962
ord-34-d2-3,3,0,ok,3236,65817
ord-34-d2-3,3,1,ok,3236,46960
ord-34-d2-4,3,0,ok,18996,143416
ord-34-d2-4,3,1,ok,18996,130661
ord-34-d2-5,3,0,ok,765,28926
ord-34-d2-5,3,1,ok,765,11291
ord-34-d3-1,3,0,ok,127355,960940
ord-34-d3-1,3,1,ok,127355,1281988
ord-34-d3-2,3,0,ok,3175,72550
ord-34-d3-2,3,1,ok,3175,46059
ord-34-d3-3,3,0,ok,526,20029
ord-34-d3-3,3,1,ok,526,4910
ord-34-d3-4,3,0,ok,18947,135942
ord-34-d3-4,3,1,ok,18947,112066
ord-34-d3-5,3,0,ok,3224,35157
ord-34-d3-5,3,1,ok,3224,23776
ord-34-d4-1,3,0,ok,18475,353811
ord-34-d4-1,3,1,ok,18475,122696
ord-34-d4-3,3,0,ok,18564,111665
ord-34-d4-3,3,1,ok,18564,106696
ord-34-d4-4,3,0,ok,984,16582
ord-34-d4-4,3,1,ok,984,6653
ord-34-d4-5,3,0,ok,5313,32352
ord-34-d4-5,3,1,ok,5313,21972
ord-34-d5-1,3,0,ok,128680,1013071
ord-34-d5-1,3,1,ok,128680,769121
ord-34-d5-2,3,0,ok,20388,129179
ord-34-d5-2,3,1,ok,20388,111074
ord-34-d5-3,3,0,ok,3211,28935
ord-34-d5-3,3,1,ok,3211,22263
ord-34-d5-5,3,0,ok,18776,271403
ord-34-d5-5,3,1,ok,18776,721740
ord-56-d2-1,3,0,ok,19022,117025
ord-56-d2-1,3,1,ok,19022,105112
ord-56-d2-2,3,0,ok,6289,43784
ord-56-d2-2,3,1,ok,6289,35138
ord-56-d2-3,3,0,ok,18020,115202
ord-56-d2-3,3,1,ok,18020,101806
ord-56-d3-1,3,0,ok,131940,1091802
ord-56-d3-1,3,1,ok,131940,685099
ord-56-d3-2,3,0,ok,39025,559217
ord-56-d3-2,3,1,ok,39025,472860
ord-56-d3-3,3,0,ok,18622,265742
ord-56-d3-3,3,1,ok,18622,908198
ord-56-d4-1,3,0,ok,1002845,6430552
ord-56-d4-1,3,1,ok,1002845,6075448
ord-56-d4-2,3,0,ok,3767,86616
ord-56-d4-2,3,1,ok,3767,63001
ord-56-d4-3,3,0,ok,131560,2000482
ord-56-d4-3,3,1,ok,131560,777587
par-12-d1-1,3,0,ok,117,5441
par-12-d1-1,3,1,ok,117,2274
par-12-d1-3,3,0,ok,61,4268
par-12-d1-3,3,1,ok,61,1693
par-12-d1-4,3,0,ok,454,14007
par-12-d1-4,3,1,ok,454,5430
par-12-d1-5,3,0,ok,148,24918
par-12-d1-5,3,1,ok,148,4830
par-12-d2-3,3,0,ok,113,10320
par-12-d2-3,3,1,ok,113,3026
par-12-d2-5,3,0,ok,142,4619
par-12-d2-5,3,1,ok,142,2023
par-12-d3-1,3,0,ok,152,12574
par-12-d3-1,3,1,ok,152,3457
par-12-d3-2,3,0,ok,316,6292
par-12-d3-2,3,1,ok,316,3016
par-12-d3-4,3,0,ok,704,14779
par-12-d3-4,3,1,ok,704,7144
par-12-d4-2,3,0,ok,252,5090
par-12-d4-2,3,1,ok,252,2515
par-12-d4-4,3,0,ok,13046,122095
par-12-d4-4,3,1,ok,13046,124370
par-12-d4-5,3,0,ok,80487,489963
par-12-d4-5,3,1,ok,80487,417684
par-12-d5-2,3,0,ok,1604,37713
par-12-d5-2,3,1,ok,1604,19307
par-34-d1-1,3,0,ok,128,5871
par-34-d1-1,3,1,ok,128,2074
par-34-d1-2,3,0,ok,1516,12213
par-34-d1-2,3,1,ok,1516,6873
par-34-d1-3,3,0,ok,73,6913
par-34-d1-3,3,1,ok,73,2234
par-34-d1-4,3,0,ok,12049,64094
par-34-d1-4,3,1,ok,12049,53193
par-34-d1-5,3,0,ok,78,6453
par-34-d1-5,3,1,ok,78,2635
par-34-d2-1,3,0,ok,707,19788
par-34-d2-1,3,1,ok,707,7264
par-34-d2-2,3,0,ok,55,9168
par-34-d2-2,3,1,ok,55,2955
par-34-d2-3,3,0,ok,1640,53243
par-34-d2-3,3,1,ok,1640,26581
par-34-d3-1,3,0,ok,199875,358691
par-34-d3-1,3,1,ok,199875,369541
par-34-d3-2,3,0,ok,1529,50217
par-34-d3-2,3,1,ok,1529,18937
par-34-d3-3,3,0,ok,2287,19989
par-34-d3-3,3,1,ok,2287,10771
par-34-d3-4,3,0,ok,28521,196459
par-34-d3-4,3,1,ok,28521,176590
par-34-d3-5,3,0,ok,545,12785
par-34-d3-5,3,1,ok,545,5891
par-34-d4-1,3,0,ok,2008,81997
par-34-d4-1,3,1,ok,2008,41681
par-34-d4-3,3,0,ok,142,15880
par-34-d4-3,3,1,ok,142,11132
par-34-d4-4,3,0,ok,107,11843
par-34-d4-4,3,1,ok,107,4198
par-34-d4-5,3,0,ok,53570,508830
par-34-d4-5,3,1,ok,53570,522236
par-34-d5-1,3,0,ok,88014,666774
par-34-d5-1,3,1,ok,88014,650532
par-34-d5-2,3,0,ok,977,23595
par-34-d5-2,3,1,ok,977,9919
par-34-d5-4,3,0,ok,110044,832964
par-34-d5-4,3,1,ok,110044,808577
par-34-d5-5,3,0,ok,136,7805
par-34-d5-5,3,1,ok,136,2915
par-56-d2-1,3,0,ok,3946,55547
par-56-d2-1,3,1,ok,3946,45067
par-56-d2-2,3,0,ok,1154997,4041392
par-56-d2-2,3,1,ok,1154997,4639262
par-56-d2-3,3,0,ok,578886,3363326
par-56-d2-3,3,1,ok,578886,3719101
par-56-d3-1,3,0,ok,632,48323
par-56-d3-1,3,1,ok,632,23365
par-56-d3-2,3,0,ok,562591,11330236
par-56-d3-2,3,1,ok,562591,8795225
par-56-d3-3,3,0,ok,146408,1168049
par-56-d3-3,3,1,ok,146408,1222293
par-56-d4-1,3,0,ok,1327362,15487119
par-56-d4-1,3,1,ok,1327362,15806584
par-56-d4-2,3,0,ok,103746,659871
par-56-d4-2,3,1,ok,103746,637458
par-56-d4-3,3,0,ok,1372300,6653081
par-56-d4-3,3,1,ok,1372300,4447574
pct-56-d2-1,3,0,ok,1776,41941
pct-56-d2-1,3,1,ok,1776,17885
pct-56-d2-2,3,0,ok,17942,90224
pct-56-d2-2,3,1,ok,17942,77359
pct-56-d2-3,3,0,ok,23509,90344
pct-56-d2-3,3,1,ok,23509,84893
pct-56-d3-1,3,0,ok,16444,68853
pct-56-d3-1,3,1,ok,16444,65827
pct-56-d3-2,3,0,ok,17847,92799
pct-56-d3-2,3,1,ok,17847,86848
pct-56-d3-3,3,0,ok,14832,63612
pct-56-d3-3,3,1,ok,14832,57520
pct-56-d4-1,3,0,ok,20947,84753
pct-56-d4-1,3,1,ok,20947,82679
pct-56-d4-2,3,0,ok,5690,27513
pct-56-d4-2,3,1,ok,5690,21401
pct-56-d4-3,3,0,ok,613,41710
pct-56-d4-3,3,1,ok,613,10801
pig-12-d1-2,3,0,ok,527,38844
pig-12-d1-2,3,1,ok,527,13356
pig-12-d1-3,3,0,ok,3306,58242
pig-12-d1-3,3,1,ok,3306,53363
pig-12-d2-3,3,0,ok,69,3196
pig-12-d2-3,3,1,ok,69,1893
pig-12-d3-3,3,0,ok,273722,5863510
pig-12-d3-3,3,1,ok,273722,4109192
pig-12-d5-5,3,0,ok,597,16862
pig-12-d5-5,3,1,ok,597,7315
pig-34-d1-1,3,0,ok,2944,28695
pig-34-d1-1,3,1,ok,2944,25159
pig-34-d1-2,3,0,ok,85,23816
pig-34-d1-2,3,1,ok,85,4007
pig-34-d1-5,3,0,ok,182,9208
pig-34-d1-5,3,1,ok,182,3116
pig-34-d2-2,3,0,ok,129,3376
pig-34-d2-2,3,1,ok,129,1824
pig-34-d2-3,3,0,ok,30322,303294
pig-34-d2-3,3,1,ok,30322,259289
pig-34-d2-4,3,0,ok,524,15179
pig-34-d2-4,3,1,ok,524,5631
pig-34-d2-5,3,0,ok,159,21481
pig-34-d2-5,3,1,ok,159,4799
pig-34-d3-3,3,0,ok,76941,840849
pig-34-d3-3,3,1,ok,76941,586930
pig-34-d3-4,3,0,ok,99,8667
pig-34-d3-4,3,1,ok,99,2495
pig-34-d4-2,3,0,ok,2413617,21397209
pig-34-d4-2,3,1,ok,2413617,20540229
pig-34-d4-3,3,0,ok,30483,140671
pig-34-d4-3,3,1,ok,30483,130110
pig-34-d4-4,3,0,ok,70,10570
pig-34-d4-4,3,1,ok,70,2164
pig-34-d4-5,3,0,ok,1973,37152
pig-34-d4-5,3,1,ok,1973,28385
pig-34-d5-2,3,0,ok,1456,10801
pig-34-d5-2,3,1,ok,1456,8666
pig-34-d5-4,3,0,ok,1100817,15377969
pig-34-d5-4,3,1,ok,1100817,9862399
pig-34-d5-5,3,0,ok,2156484,26167965
pig-34-d5-5,3,1,ok,2156484,17727874
pig-56-d2-1,3,0,ok,4434,26682
pig-56-d2-1,3,1,ok,4434,15319
pig-56-d2-2,3,0,ok,2163,22693
pig-56-d2-2,3,1,ok,2163,10591
pig-56-d2-3,3,0,ok,112378,773129
pig-56-d2-3,3,1,ok,112378,724856
pig-56-d3-1,3,0,ok,1836,33515
pig-56-d3-1,3,1,ok,1836,20239
pig-56-d3-2,3,0,ok,17531,144949
pig-56-d3-2,3,1,ok,17531,120011
pig-56-d3-3,3,0,ok,46177,476357
pig-56-d3-3,3,1,ok,46177,364913
pig-56-d4-1,3,0,ok,7697,39366
pig-56-d4-1,3,1,ok,7697,25680
pig-56-d4-2,3,0,ok,72741,894051
pig-56-d4-2,3,1,ok,72741,848113
pig-56-d4-3,3,0,ok,192080,3237834
pig-56-d4-3,3,1,ok,192080,2794911
ratio-56-d2-1,3,0,ok,17059,69964
ratio-56-d2-1,3,1,ok,17059,55797
ratio-56-d2-2,3,0,ok,1128,8677
ratio-56-d2-2,3,1,ok,1128,5621
ratio-56-d2-3,3,0,ok,17063,58633
ratio-56-d2-3,3,1,ok,17063,55747
ratio-56-d3-1,3,0,ok,5235,50577
ratio-56-d3-1,3,1,ok,5235,47682
ratio-56-d3-2,3,0,ok,17065,62140
ratio-56-d3-2,3,1,ok,17065,55767
ratio-56-d3-3,3,0,ok,18981,103800
ratio-56-d3-3,3,1,ok,18981,92628
ratio-56-d4-1,3,0,ok,36102,121724
ratio-56-d4-1,3,1,ok,36102,115582
ratio-56-d4-2,3,0,ok,2386,17073
ratio-56-d4-2,3,1,ok,2386,11662
ratio-56-d4-3,3,0,ok,7612,80906
ratio-56-d4-3,3,1,ok,7612,70035
sets-56-d2-1,3,0,ok,714823,5501683
sets-56-d2-1,3,1,ok,714823,2583254
sets-56-d2-2,3,0,ok,206541,852411
sets-56-d2-2,3,1,ok,206541,721088
sets-56-d2-3,3,0,ok,1070996,4970611
sets-56-d2-3,3,1,ok,1070996,4295802
sets-56-d3-1,3,0,ok,340116,1400777
sets-56-d3-1,3,1,ok,340116,2536504
sets-56-d3-2,3,0,ok,1092164,4698787
sets-56-d3-2,3,1,ok,1092164,5014004
sets-56-d3-3,3,0,ok,2200623,8900057
sets-56-d3-3,3,1,ok,2200623,9503849
sets-56-d4-1,3,0,ok,1917227,15439818
sets-56-d4-1,3,1,ok,1917227,19575943
sets-56-d4-2,3,0,ok,279129,2080596
sets-56-d4-2,3,1,ok,279129,2935051
sets-56-d4-3,3,0,ok,951694,4205657
sets-56-d4-3,3,1,ok,951694,4022035
tri-12-d1-2,3,0,ok,15053,43925
tri-12-d1-2,3,1,ok,15053,41269
tri-12-d1-3,3,0,ok,26,2214
tri-12-d1-3,3,1,ok,26,1092
tri-12-d1-5,3,0,ok,32,2776
tri-12-d1-5,3,1,ok,32,1193
tri-12-d2-1,3,0,ok,31,2635
tri-12-d2-1,3,1,ok,31,1313
tri-12-d2-2,3,0,ok,17055,56689
tri-12-d2-2,3,1,ok,17055,53644
tri-12-d3-1,3,0,ok,41,8517
tri-12-d3-1,3,1,ok,41,2064
tri-12-d3-3,3,0,ok,34,5230
tri-12-d3-3,3,1,ok,34,1583
tri-12-d3-4,3,0,ok,15052,47121
tri-12-d3-4,3,1,ok,15052,41650
tri-12-d3-5,3,0,ok,34,2265
tri-12-d3-5,3,1,ok,34,1242
tri-12-d4-1,3,0,ok,17055,56559
tri-12-d4-1,3,1,ok,17055,54435
tri-12-d5-2,3,0,ok,17054,61288
tri-12-d5-2,3,1,ok,17054,55006
tri-12-d5-3,3,0,ok,144,11592
tri-12-d5-3,3,1,ok,144,3006
tri-12-d5-4,3,0,ok,20062,84282
tri-12-d5-4,3,1,ok,20062,74073
tri-12-d5-5,3,0,ok,1882,16873
tri-12-d5-5,3,1,ok,1882,9909
tri-34-d1-2,3,0,ok,15053,43734
tri-34-d1-2,3,1,ok,15053,41960
tri-34-d1-3,3,0,ok,34,19738
tri-34-d1-3,3,1,ok,34,3296
tri-34-d1-5,3,0,ok,29,5571
tri-34-d1-5,3,1,ok,29,1493
tri-34-d2-1,3,0,ok,42,8036
tri-34-d2-1,3,1,ok,42,2815
tri-34-d2-2,3,0,ok,15055,48845
tri-34-d2-2,3,1,ok,15055,46119
tri-34-d2-4,3,0,ok,39,7705
tri-34-d2-4,3,1,ok,39,2275
tri-34-d2-5,3,0,ok,32,19388
tri-34-d2-5,3,1,ok,32,3296
tri-34-d3-1,3,0,ok,17056,134208
tri-34-d3-1,3,1,ok,17056,208411
tri-34-d3-4,3,0,ok,17055,61719
tri-34-d3-4,3,1,ok,17055,55326
tri-34-d4-1,3,0,ok,30,3546
tri-34-d4-1,3,1,ok,30,1453
tri-34-d4-2,3,0,ok,17056,58092
tri-34-d4-2,3,1,ok,17056,54685
tri-34-d4-3,3,0,ok,34,2464
tri-34-d4-3,3,1,ok,34,1242
tri-34-d4-5,3,0,ok,17058,143396
tri-34-d4-5,3,1,ok,17058,231636
tri-34-d5-1,3,0,ok,133,10280
tri-34-d5-1,3,1,ok,133,3857
tri-34-d5-2,3,0,ok,19055,69614
tri-34-d5-2,3,1,ok,19055,67931
tri-34-d5-3,3,0,ok,2543,40879
tri-34-d5-3,3,1,ok,2543,37542
tri-34-d5-4,3,0,ok,100,9719
tri-34-d5-4,3,1,ok,100,3306
tri-56-d2-1,3,0,ok,120,12214
tri-56-d2-1,3,1,ok,120,4298
tri-56-d2-2,3,0,ok,33073,182762
tri-56-d2-2,3,1,ok,33073,191599
tri-56-d2-3,3,0,ok,62,4599
tri-56-d2-3,3,1,ok,62,1984
tri-56-d3-1,3,0,ok,9390,43323
tri-56-d3-1,3,1,ok,9390,32332
tri-56-d3-2,3,0,ok,100075,1834523
tri-56-d3-2,3,1,ok,100075,1498175
tri-56-d3-3,3,0,ok,2819,23696
tri-56-d3-3,3,1,ok,2819,19317
tri-56-d4-1,3,0,ok,5810,74123
tri-56-d4-1,3,1,ok,5810,62270
tri-56-d4-2,3,0,ok,28915,152805
tri-56-d4-2,3,1,ok,28915,159607
tri-56-d4-3,3,0,ok,55391,318172
tri-56-d4-3,3,1,ok,55391,529860
wp-34-d1-4,3,0,ok,36,4108
wp-34-d1-4,3,1,ok,36,1713
wp-34-d1-5,3,0,ok,446,15780
wp-34-d1-5,3,1,ok,446,6051
wp-34-d3-3,3,0,ok,2376,39476
wp-34-d3-3,3,1,ok,2376,23415
wp-56-d2-1,3,0,ok,13478,384010
wp-56-d2-1,3,1,ok,13478,147625
wp-56-d2-2,3,0,ok,411519,3441647
wp-56-d2-2,3,1,ok,411519,2910825
wp-56-d2-3,3,0,ok,902,18746
wp-56-d2-3,3,1,ok,902,12735
wp-56-d3-1,3,0,ok,2159,34646
wp-56-d3-1,3,1,ok,2159,26100
wp-56-d3-2,3,0,ok,363974,3085200
wp-56-d3-2,3,1,ok,363974,2611267
wp-56-d3-3,3,0,ok,775,18315
wp-56-d3-3,3,1,ok,775,11572
wp-56-d4-1,3,0,ok,308938,2858283
wp-56-d4-1,3,1,ok,308938,2475757
wp-56-d4-2,3,0,ok,7365,85695
wp-56-d4-2,3,1,ok,7365,75105
wp-56-d4-3,3,0,ok,201798,1240338
wp-56-d4-3,3,1,ok,201798,1509877
cal-12-d1-1,4,0,ok,118,7995
cal-12-d1-1,4,1,ok,118,2425
cal-12-d1-2,4,0,ok,55,6502
cal-12-d1-2,4,1,ok,55,1994
cal-12-d1-3,4,0,ok,103,6723
cal-12-d1-3,4,1,ok,103,2584
cal-12-d1-4,4,0,ok,25,2996
cal-12-d1-4,4,1,ok,25,1543
cal-12-d1-5,4,0,ok,20,3426
cal-12-d1-5,4,1,ok,20,1342
cal-12-d2-1,4,0,ok,130,5390
cal-12-d2-1,4,1,ok,130,2474
cal-12-d2-2,4,0,ok,788,26090
cal-12-d2-2,4,1,ok,788,9408
cal-12-d2-4,4,0,ok,26,4990
cal-12-d2-4,4,1,ok,26,1523
cal-12-d2-5,4,0,ok,488,3888
cal-12-d2-5,4,1,ok,488,2896
cal-12-d3-2,4,0,ok,792,7875
cal-12-d3-2,4,1,ok,792,4178
cal-12-d3-3,4,0,ok,6380,34957
cal-12-d3-3,4,1,ok,6380,31912
cal-12-d3-5,4,0,ok,1269,8105
cal-12-d3-5,4,1,ok,1269,5090
cal-12-d4-2,4,0,ok,623,6553
cal-12-d4-2,4,1,ok,623,3718
cal-12-d4-3,4,0,ok,7150,38925
cal-12-d4-3,4,1,ok,7150,39576
cal-12-d4-4,4,0,ok,1918,13115
cal-12-d4-4,4,1,ok,1918,8907
cal-12-d4-5,4,0,ok,375,7996
cal-12-d4-5,4,1,ok,375,4879
cal-12-d5-1,4,0,ok,1300,13245
cal-12-d5-1,4,1,ok,1300,10390
cal-12-d5-2,4,0,ok,991,6903
cal-12-d5-2,4,1,ok,991,6843
cal-12-d5-4,4,0,ok,611,10049
cal-12-d5-4,4,1,ok,611,4498
cal-12-d5-5,4,0,ok,4475,21081
cal-12-d5-5,4,1,ok,4475,17303
cal-34-d1-1,4,0,ok,272,4669
cal-34-d1-1,4,1,ok,272,2895
cal-34-d1-2,4,0,ok,323,6833
cal-34-d1-2,4,1,ok,323,2796
cal-34-d1-3,4,0,ok,69,9678
cal-34-d1-3,4,1,ok,69,2756
cal-34-d1-4,4,0,ok,828,6673
cal-34-d1-4,4,1,ok,828,4559
cal-34-d1-5,4,0,ok,24,4980
cal-34-d1-5,4,1,ok,24,1553
cal-34-d2-1,4,0,ok,456,10110
cal-34-d2-1,4,1,ok,456,4218
cal-34-d2-2,4,0,ok,26,11322
cal-34-d2-2,4,1,ok,26,1263
cal-34-d2-3,4,0,ok,33,3947
cal-34-d2-3,4,1,ok,33,1463
cal-34-d2-4,4,0,ok,872,8347
cal-34-d2-4,4,1,ok,872,4529
cal-34-d2-5,4,0,ok,7231,43323
cal-34-d2-5,4,1,ok,7231,37442
cal-34-d3-1,4,0,ok,1207,14217
cal-34-d3-1,4,1,ok,1207,7324
cal-34-d3-2,4,0,ok,1071,8356
cal-34-d3-2,4,1,ok,1071,5811
cal-34-d3-3,4,0,ok,182983,1939173
cal-34-d3-3,4,1,ok,182983,1886743
cal-34-d3-4,4,0,ok,236,9378
cal-34-d3-4,4,1,ok,236,3817
cal-34-d3-5,4,0,ok,165,22423
cal-34-d3-5,4,1,ok,165,7243
cal-34-d4-1,4,0,ok,4466,47722
cal-34-d4-1,4,1,ok,4466,41119
cal-34-d4-2,4,0,ok,2341,19978
cal-34-d4-2,4,1,ok,2341,12064
cal-34-d4-3,4,0,ok,250997,1114717
cal-34-d4-3,4,1,ok,250997,1062185
cal-34-d4-4,4,0,ok,1070,39406
cal-34-d4-4,4,1,ok,1070,13396
cal-34-d4-5,4,0,ok,201,15330
cal-34-d4-5,4,1,ok,201,4889
cal-34-d5-1,4,0,ok,13265,51489
cal-34-d5-1,4,1,ok,13265,47872
cal-34-d5-2,4,0,ok,1127,11162
cal-34-d5-2,4,1,ok,1127,5570
cal-34-d5-3,4,0,ok,844,45377
cal-34-d5-3,4,1,ok,844,13206
cal-34-d5-4,4,0,ok,3492,210135
cal-34-d5-4,4,1,ok,3492,66258
cal-34-d5-5,4,0,ok,10737,155599
cal-34-d5-5,4,1,ok,10737,152313
cal-56-d2-1,4,0,ok,4528,23365
cal-56-d2-1,4,1,ok,4528,18285
cal-56-d2-2,4,0,ok,134,13907
cal-56-d2-2,4,1,ok,134,4008
cal-56-d2-3,4,0,ok,4337,31160
cal-56-d2-3,4,1,ok,4337,25188
cal-56-d3-1,4,0,ok,682125,3365289
cal-56-d3-1,4,1,ok,682125,5480723
cal-56-d3-2,4,0,ok,1000,16061
cal-56-d3-2,4,1,ok,1000,7655
cal-56-d3-3,4,0,ok,3050,23345
cal-56-d3-3,4,1,ok,3050,17794
cal-56-d4-1,4,0,ok,52283,245984
cal-56-d4-1,4,1,ok,52283,242196
cal-56-d4-2,4,0,ok,233,7785
cal-56-d4-2,4,1,ok,233,3937
cal-56-d4-3,4,0,ok,43949,156562
cal-56-d4-3,4,1,ok,43949,151251
clk-12-d1-1,4,0,ok,121,10661
clk-12-d1-1,4,1,ok,121,3146
clk-12-d1-2,4,0,ok,127,9438
clk-12-d1-2,4,1,ok,127,3166
clk-12-d1-3,4,0,ok,2130,14367
clk-12-d1-3,4,1,ok,2130,11893
clk-12-d1-4,4,0,ok,90,6312
clk-12-d1-4,4,1,ok,90,2805
clk-12-d1-5,4,0,ok,95,10741
clk-12-d1-5,4,1,ok,95,3397
clk-12-d2-1,4,0,ok,605,18145
clk-12-d2-1,4,1,ok,605,14538
clk-12-d2-2,4,0,ok,10294,133918
clk-12-d2-2,4,1,ok,10294,104452
clk-12-d2-3,4,0,ok,94,17484
clk-12-d2-3,4,1,ok,94,6252
clk-12-d2-5,4,0,ok,90,29146
clk-12-d2-5,4,1,ok,90,8306
clk-12-d3-1,4,0,ok,90,9318
clk-12-d3-1,4,1,ok,90,5110
clk-12-d3-2,4,0,ok,155,49004
clk-12-d3-2,4,1,ok,155,43404
clk-12-d3-3,4,0,ok,96,5981
clk-12-d3-3,4,1,ok,96,4098
clk-12-d3-4,4,0,ok,25,4679
clk-12-d3-4,4,1,ok,25,1773
clk-12-d3-5,4,0,ok,90,6914
clk-12-d3-5,4,1,ok,90,2876
clk-12-d4-1,4,0,ok,98,4618
clk-12-d4-1,4,1,ok,98,2926
clk-12-d4-2,4,0,ok,90,8376
clk-12-d4-2,4,1,ok,90,3156
clk-12-d4-4,4,0,ok,1582,13036
clk-12-d4-4,4,1,ok,1582,10150
clk-12-d4-5,4,0,ok,96,4228
clk-12-d4-5,4,1,ok,96,61488
clk-12-d5-2,4,0,ok,171,9368
clk-12-d5-2,4,1,ok,171,3667
clk-12-d5-3,4,0,ok,4255,25439
clk-12-d5-3,4,1,ok,4255,22784
clk-12-d5-4,4,0,ok,1799,14639
clk-12-d5-4,4,1,ok,1799,10490
clk-12-d5-5,4,0,ok,92,5831
clk-12-d5-5,4,1,ok,92,2986
clk-34-d1-1,4,0,ok,97,7204
clk-34-d1-1,4,1,ok,97,2695
clk-34-d1-2,4,0,ok,2015,14829
clk-34-d1-2,4,1,ok,2015,12595
clk-34-d1-3,4,0,ok,34,4879
clk-34-d1-3,4,1,ok,34,1593
clk-34-d1-4,4,0,ok,9917,64885
clk-34-d1-4,4,1,ok,9917,48764
clk-34-d1-5,4,0,ok,16663,221357
clk-34-d1-5,4,1,ok,16663,186619
clk-34-d2-1,4,0,ok,4251,81558
clk-34-d2-1,4,1,ok,4251,57792
clk-34-d2-2,4,0,ok,285,36501
clk-34-d2-2,4,1,ok,285,7334
clk-34-d2-3,4,0,ok,95,9819
clk-34-d2-3,4,1,ok,95,3467
clk-34-d2-4,4,0,ok,517,31561
clk-34-d2-4,4,1,ok,517,22784
clk-34-d2-5,4,0,ok,2872,24307
clk-34-d2-5,4,1,ok,2872,29897
clk-34-d3-2,4,0,ok,96,9258
clk-34-d3-2,4,1,ok,96,3777
clk-34-d3-3,4,0,ok,98,7694
clk-34-d3-3,4,1,ok,98,3467
clk-34-d3-4,4,0,ok,98,3938
clk-34-d3-4,4,1,ok,98,2515
clk-34-d3-5,4,0,ok,3407,37693
clk-34-d3-5,4,1,ok,3407,29958
clk-34-d4-1,4,0,ok,4227,25890
clk-34-d4-1,4,1,ok,4227,17253
clk-34-d4-2,4,0,ok,616,18506
clk-34-d4-2,4,1,ok,616,13646
clk-34-d4-3,4,0,ok,100,8607
clk-34-d4-3,4,1,ok,100,3226
clk-34-d4-4,4,0,ok,2034,37021
clk-34-d4-4,4,1,ok,2034,33514
clk-34-d5-1,4,0,ok,2659,15370
clk-34-d5-1,4,1,ok,2659,12103
clk-34-d5-3,4,0,ok,2974,22043
clk-34-d5-3,4,1,ok,2974,249310
clk-34-d5-5,4,0,ok,111,12133
clk-34-d5-5,4,1,ok,111,4408
clk-56-d2-1,4,0,ok,8927,53853
clk-56-d2-1,4,1,ok,8927,44576
clk-56-d2-2,4,0,ok,208,12574
clk-56-d2-2,4,1,ok,208,5079
clk-56-d2-3,4,0,ok,108,14377
clk-56-d2-3,4,1,ok,108,4439
clk-56-d3-1,4,0,ok,15481,80204
clk-56-d3-1,4,1,ok,15481,73180
clk-56-d3-2,4,0,ok,143,9849
clk-56-d3-2,4,1,ok,143,4479
clk-56-d3-3,4,0,ok,315,10741
clk-56-d3-3,4,1,ok,315,7985
clk-56-d4-1,4,0,ok,31981,139539
clk-56-d4-1,4,1,ok,31981,123939
clk-56-d4-2,4,0,ok,15004,64064
clk-56-d4-2,4,1,ok,15004,56699
clk-56-d4-3,4,0,ok,3126,20910
clk-56-d4-3,4,1,ok,3126,18676
div-56-d2-1,4,0,ok,948,8476
div-56-d2-1,4,1,ok,948,4559
div-56-d2-2,4,0,ok,15099,45828
div-56-d2-2,4,1,ok,15099,43023
div-56-d2-3,4,0,ok,733,8777
div-56-d2-3,4,1,ok,733,3968
div-56-d3-1,4,0,ok,31509,113739
div-56-d3-1,4,1,ok,31509,187000
div-56-d3-2,4,0,ok,5545,40407
div-56-d3-2,4,1,ok,5545,30880
div-56-d3-3,4,0,ok,197,6683
div-56-d3-3,4,1,ok,197,2686
div-56-d4-1,4,0,ok,17055,60657
div-56-d4-1,4,1,ok,17055,57581
div-56-d4-2,4,0,ok,14890,108419
div-56-d4-2,4,1,ok,14890,98369
div-56-d4-3,4,0,ok,16044,54405
div-56-d4-3,4,1,ok,16044,45989
enum-12-d1-1,4,0,ok,79,9067
enum-12-d1-1,4,1,ok,79,2194
enum-12-d1-4,4,0,ok,166,9739
enum-12-d1-4,4,1,ok,166,2845
enum-12-d2-4,4,0,ok,70,6683
enum-12-d2-4,4,1,ok,70,2435
enum-12-d2-5,4,0,ok,650,13537
enum-12-d2-5,4,1,ok,650,8045
enum-12-d3-1,4,0,ok,91,9148
enum-12-d3-1,4,1,ok,91,2275
enum-12-d3-3,4,0,ok,138,3798
enum-12-d3-3,4,1,ok,138,2264
enum-12-d3-4,4,0,ok,408,11221
enum-12-d3-4,4,1,ok,408,4519
enum-12-d4-2,4,0,ok,121,4970
enum-12-d4-2,4,1,ok,121,2164
enum-12-d4-4,4,0,ok,644,15921
enum-12-d4-4,4,1,ok,644,9849
enum-12-d4-5,4,0,ok,89,6753
enum-12-d4-5,4,1,ok,89,2244
enum-12-d5-2,4,0,ok,313,5872
enum-12-d5-2,4,1,ok,313,3136
enum-12-d5-3,4,0,ok,83,4999
enum-12-d5-3,4,1,ok,83,2134
enum-12-d5-4,4,0,ok,757,8156
enum-12-d5-4,4,1,ok,757,4339
enum-34-d1-1,4,0,ok,121,4017
enum-34-d1-1,4,1,ok,121,2926
enum-34-d1-2,4,0,ok,115,5650
enum-34-d1-2,4,1,ok,115,2044
enum-34-d1-4,4,0,ok,149,4950
enum-34-d1-4,4,1,ok,149,2304
enum-34-d2-1,4,0,ok,92,4047
enum-34-d2-1,4,1,ok,92,1773
enum-34-d2-3,4,0,ok,1219,20099
enum-34-d2-3,4,1,ok,1219,10641
enum-34-d2-4,4,0,ok,274,8807
enum-34-d2-4,4,1,ok,274,3106
enum-34-d2-5,4,0,ok,119,7454
enum-34-d2-5,4,1,ok,119,2375
enum-34-d3-2,4,0,ok,124,39466
enum-34-d3-2,4,1,ok,124,8607
enum-34-d3-3,4,0,ok,594,9589
enum-34-d3-3,4,1,ok,594,4469
enum-34-d3-4,4,0,ok,22528,244611
enum-34-d3-4,4,1,ok,22528,224492
enum-34-d3-5,4,0,ok,691,27232
enum-34-d3-5,4,1,ok,691,16151
enum-34-d4-1,4,0,ok,1533,17844
enum-34-d4-1,4,1,ok,1533,11161
enum-34-d4-3,4,0,ok,3724,23876
enum-34-d4-3,4,1,ok,3724,17224
enum-34-d4-4,4,0,ok,907,12414
enum-34-d4-4,4,1,ok,907,6082
enum-34-d4-5,4,0,ok,480,14819
enum-34-d4-5,4,1,ok,480,7234
enum-34-d5-1,4,0,ok,22532,110793
enum-34-d5-1,4,1,ok,22532,108519
enum-34-d5-2,4,0,ok,1584,10450
enum-34-d5-2,4,1,ok,1584,6242
enum-34-d5-4,4,0,ok,688,9338
enum-34-d5-4,4,1,ok,688,6523
enum-56-d2-1,4,0,ok,190,8206
enum-56-d2-1,4,1,ok,190,2855
enum-56-d2-2,4,0,ok,125,7204
enum-56-d2-2,4,1,ok,125,2896
enum-56-d2-3,4,0,ok,883,24417
enum-56-d2-3,4,1,ok,883,15250
enum-56-d3-1,4,0,ok,5662,24557
enum-56-d3-1,4,1,ok,5662,17253
enum-56-d3-2,4,0,ok,7934,83952
enum-56-d3-2,4,1,ok,7934,61078
enum-56-d3-3,4,0,ok,10713,80365
enum-56-d3-3,4,1,ok,10713,65926
enum-56-d4-1,4,0,ok,224150,3481153
enum-56-d4-1,4,1,ok,224150,2519130
enum-56-d4-2,4,0,ok,18884,159287
enum-56-d4-2,4,1,ok,18884,137815
enum-56-d4-3,4,0,ok,713,8396
enum-56-d4-3,4,1,ok,713,9057
frac-56-d2-1,4,0,ok,17719,146391
frac-56-d2-1,4,1,ok,17719,128938
frac-56-d2-2,4,0,ok,14426,157763
frac-56-d2-2,4,1,ok,14426,136974
frac-56-d2-3,4,0,ok,295,18515
frac-56-d2-3,4,1,ok,295,7053
frac-56-d3-1,4,0,ok,20670,102057
frac-56-d3-1,4,1,ok,20670,93100
frac-56-d3-2,4,0,ok,32557,115222
frac-56-d3-2,4,1,ok,32557,115402
frac-56-d3-3,4,0,ok,13917,119941
frac-56-d3-3,4,1,ok,13917,59735
frac-56-d4-1,4,0,ok,20699,172271
frac-56-d4-1,4,1,ok,20699,159127
frac-56-d4-2,4,0,ok,427,6132
frac-56-d4-2,4,1,ok,427,3356
frac-56-d4-3,4,0,ok,46564,183453
frac-56-d4-3,4,1,ok,46564,169245
game-56-d2-1,4,0,ok,692,15620
game-56-d2-1,4,1,ok,692,7735
game-56-d2-2,4,0,ok,1887,19136
game-56-d2-2,4,1,ok,1887,12805
game-56-d2-3,4,0,ok,1046,13556
game-56-d2-3,4,1,ok,1046,8136
game-56-d3-1,4,0,ok,867,10601
game-56-d3-1,4,1,ok,867,7535
game-56-d3-2,4,0,ok,5153,98239
game-56-d3-2,4,1,ok,5153,83400
game-56-d3-3,4,0,ok,800,10540
game-56-d3-3,4,1,ok,800,7905
game-56-d4-1,4,0,ok,1213,14478
game-56-d4-1,4,1,ok,1213,10079
game-56-d4-2,4,0,ok,3467,77319
game-56-d4-2,4,1,ok,3467,61819
game-56-d4-3,4,0,ok,1597,19738
game-56-d4-3,4,1,ok,1597,11432
gaps-12-d1-1,4,0,ok,100,7414
gaps-12-d1-1,4,1,ok,100,2756
gaps-12-d1-2,4,0,ok,73,2735
gaps-12-d1-2,4,1,ok,73,1613
gaps-12-d1-3,4,0,ok,285,9048
gaps-12-d1-3,4,1,ok,285,4228
gaps-12-d1-4,4,0,ok,24,2725
gaps-12-d1-4,4,1,ok,24,1373
gaps-12-d1-5,4,0,ok,72,37172
gaps-12-d1-5,4,1,ok,72,24958
gaps-12-d2-1,4,0,ok,123,4669
gaps-12-d2-1,4,1,ok,123,2054
gaps-12-d2-3,4,0,ok,110,5230
gaps-12-d2-3,4,1,ok,110,2274
gaps-12-d3-1,4,0,ok,104,4649
gaps-12-d3-1,4,1,ok,104,2244
gaps-12-d3-3,4,0,ok,43,5421
gaps-12-d3-3,4,1,ok,43,1753
gaps-12-d3-4,4,0,ok,79,7755
gaps-12-d3-4,4,1,ok,79,2645
gaps-12-d3-5,4,0,ok,105,6222
gaps-12-d3-5,4,1,ok,105,2515
gaps-12-d4-3,4,0,ok,218,3177
gaps-12-d4-3,4,1,ok,218,2215
gaps-12-d4-5,4,0,ok,127,6312
gaps-12-d4-5,4,1,ok,127,3828
gaps-12-d5-2,4,0,ok,25,4859
gaps-12-d5-2,4,1,ok,25,1713
gaps-12-d5-3,4,0,ok,54,7374
gaps-12-d5-3,4,1,ok,54,2124
gaps-12-d5-4,4,0,ok,29,2364
gaps-12-d5-4,4,1,ok,29,3427
gaps-12-d5-5,4,0,ok,150,5741
gaps-12-d5-5,4,1,ok,150,2716
gaps-34-d1-1,4,0,ok,271,5350
gaps-34-d1-1,4,1,ok,271,2374
gaps-34-d1-2,4,0,ok,24,3968
gaps-34-d1-2,4,1,ok,24,1413
gaps-34-d1-3,4,0,ok,29,3887
gaps-34-d1-3,4,1,ok,29,1413
gaps-34-d1-4,4,0,ok,149,6502
gaps-34-d1-4,4,1,ok,149,2715
gaps-34-d1-5,4,0,ok,824,19849
gaps-34-d1-5,4,1,ok,824,13135
gaps-34-d2-1,4,0,ok,118,4880
gaps-34-d2-1,4,1,ok,118,2084
gaps-34-d2-2,4,0,ok,162,5340
gaps-34-d2-2,4,1,ok,162,2605
gaps-34-d2-3,4,0,ok,473,7274
gaps-34-d2-3,4,1,ok,473,4218
gaps-34-d2-4,4,0,ok,31,3697
gaps-34-d2-4,4,1,ok,31,1754
gaps-34-d2-5,4,0,ok,383,24667
gaps-34-d2-5,4,1,ok,383,11282
gaps-34-d3-2,4,0,ok,547,14198
gaps-34-d3-2,4,1,ok,547,9509
gaps-34-d3-3,4,0,ok,71,9708
gaps-34-d3-3,4,1,ok,71,3096
gaps-34-d3-4,4,0,ok,31,5701
gaps-34-d3-4,4,1,ok,31,1924
gaps-34-d4-1,4,0,ok,178,4088
gaps-34-d4-1,4,1,ok,178,2144
gaps-34-d4-2,4,0,ok,4898,60466
gaps-34-d4-2,4,1,ok,4898,53373
gaps-34-d4-3,4,0,ok,31,6252
gaps-34-d4-3,4,1,ok,31,1974
gaps-34-d4-4,4,0,ok,138,8897
gaps-34-d4-4,4,1,ok,138,3167
gaps-34-d4-5,4,0,ok,372,8326
gaps-34-d4-5,4,1,ok,372,4910
gaps-34-d5-1,4,0,ok,207,5271
gaps-34-d5-1,4,1,ok,207,2395
gaps-34-d5-2,4,0,ok,713,18996
gaps-34-d5-2,4,1,ok,713,9659
gaps-34-d5-3,4,0,ok,1348,11763
gaps-34-d5-3,4,1,ok,1348,8286
gaps-34-d5-5,4,0,ok,243,5420
gaps-34-d5-5,4,1,ok,243,2164
gaps-56-d2-1,4,0,ok,108,8737
gaps-56-d2-1,4,1,ok,108,3046
gaps-56-d2-2,4,0,ok,618,10651
gaps-56-d2-2,4,1,ok,618,8326
gaps-56-d2-3,4,0,ok,541,7644
gaps-56-d2-3,4,1,ok,541,4268
gaps-56-d3-1,4,0,ok,60301,714716
gaps-56-d3-1,4,1,ok,60301,347018
gaps-56-d3-2,4,0,ok,617,16592
gaps-56-d3-2,4,1,ok,617,11151
gaps-56-d3-3,4,0,ok,377,12234
gaps-56-d3-3,4,1,ok,377,7194
gaps-56-d4-1,4,0,ok,941,9358
gaps-56-d4-1,4,1,ok,941,3797
gaps-56-d4-2,4,0,ok,1395,16101
gaps-56-d4-2,4,1,ok,1395,9598
gaps-56-d4-3,4,0,ok,105638,824548
gaps-56-d4-3,4,1,ok,105638,483631
grid-56-d2-1,4,0,ok,712,19798
grid-56-d2-1,4,1,ok,712,7424
grid-56-d2-2,4,0,ok,221,8526
grid-56-d2-2,4,1,ok,221,4108
grid-56-d2-3,4,0,ok,1362,28986
grid-56-d2-3,4,1,ok,1362,17123
grid-56-d3-1,4,0,ok,1179,21331
grid-56-d3-1,4,1,ok,1179,11643
grid-56-d3-2,4,0,ok,1732,21521
grid-56-d3-2,4,1,ok,1732,13175
grid-56-d3-3,4,0,ok,1251,13606
grid-56-d3-3,4,1,ok,1251,9659
grid-56-d4-1,4,0,ok,5876,63642
grid-56-d4-1,4,1,ok,5876,54876
grid-56-d4-2,4,0,ok,18448,185177
grid-56-d4-2,4,1,ok,18448,175257
grid-56-d4-3,4,0,ok,535571,5877768
grid-56-d4-3,4,1,ok,535571,5803734
kl-34-d1-1,4,0,ok,224,7254
kl-34-d1-1,4,1,ok,224,3226
kl-34-d5-2,4,0,ok,1008543,4998084
kl-34-d5-2,4,1,ok,1008543,5065203
kl-56-d2-1,4,0,ok,557,13095
kl-56-d2-1,4,1,ok,557,6593
kl-56-d2-2,4,0,ok,587,11983
kl-56-d2-2,4,1,ok,587,5520
kl-56-d2-3,4,0,ok,468,9558
kl-56-d2-3,4,1,ok,468,5029
kl-56-d3-1,4,0,ok,556,8977
kl-56-d3-1,4,1,ok,556,5441
kl-56-d3-2,4,0,ok,64797,320667
kl-56-d3-2,4,1,ok,64797,313083
kl-56-d3-3,4,0,ok,2065,20470
kl-56-d3-3,4,1,ok,2065,13366
kl-56-d4-1,4,0,ok,2605,28114
kl-56-d4-1,4,1,ok,2605,17914
kl-56-d4-2,4,0,ok,1765,22122
kl-56-d4-2,4,1,ok,1765,11302
kl-56-d4-3,4,0,ok,35374,228330
kl-56-d4-3,4,1,ok,35374,222759
ord-12-d1-1,4,0,ok,742,22674
ord-12-d1-1,4,1,ok,742,8215
ord-12-d1-2,4,0,ok,773,11493
ord-12-d1-2,4,1,ok,773,7785
ord-12-d1-3,4,0,ok,721,19066
ord-12-d1-3,4,1,ok,721,7815
ord-12-d1-4,4,0,ok,744,10520
ord-12-d1-4,4,1,ok,744,7204
ord-12-d1-5,4,0,ok,798,11262
ord-12-d1-5,4,1,ok,798,8146
ord-12-d2-1,4,0,ok,3039,26311
ord-12-d2-1,4,1,ok,3039,21231
ord-12-d2-2,4,0,ok,16892,106856
ord-12-d2-2,4,1,ok,16892,96836
ord-12-d2-3,4,0,ok,3154,28525
ord-12-d2-3,4,1,ok,3154,21452
ord-12-d2-4,4,0,ok,3153,22673
ord-12-d2-4,4,1,ok,3153,19748
ord-12-d2-5,4,0,ok,3369,47611
ord-12-d2-5,4,1,ok,3369,26571
ord-12-d3-2,4,0,ok,3153,22854
ord-12-d3-2,4,1,ok,3153,20951
ord-12-d3-3,4,0,ok,3544,25079
ord-12-d3-3,4,1,ok,3544,22433
ord-12-d3-4,4,0,ok,3319,31360
ord-12-d3-4,4,1,ok,3319,21982
ord-12-d3-5,4,0,ok,3145,23565
ord-12-d3-5,4,1,ok,3145,20750
ord-12-d4-1,4,0,ok,19015,121815
ord-12-d4-1,4,1,ok,19015,104782
ord-12-d4-2,4,0,ok,3279,25469
ord-12-d4-2,4,1,ok,3279,20089
ord-12-d4-4,4,0,ok,3449,32923
ord-12-d4-4,4,1,ok,3449,23936
ord-12-d4-5,4,0,ok,6642,48333
ord-12-d4-5,4,1,ok,6642,43423
ord-12-d5-2,4,0,ok,3173,64754
ord-12-d5-2,4,1,ok,3173,32112
ord-12-d5-3,4,0,ok,18951,116574
ord-12-d5-3,4,1,ok,18951,105163
ord-12-d5-4,4,0,ok,3493,27102
ord-12-d5-4,4,1,ok,3493,21792
ord-12-d5-5,4,0,ok,7444,52751
ord-12-d5-5,4,1,ok,7444,45227
ord-34-d1-1,4,0,ok,27999,193733
ord-34-d1-1,4,1,ok,27999,193192
ord-34-d1-2,4,0,ok,560,17313
ord-34-d1-2,4,1,ok,560,5201
ord-34-d1-3,4,0,ok,28115,109561
ord-34-d1-3,4,1,ok,28115,97238
ord-34-d1-4,4,0,ok,921069,8578798
ord-34-d1-4,4,1,ok,921069,9323622
ord-34-d1-5,4,0,ok,3154,29447
ord-34-d1-5,4,1,ok,3154,28375
ord-34-d2-1,4,0,ok,3885,49926
ord-34-d2-1,4,1,ok,3885,62550
ord-34-d2-2,4,0,ok,18440,267515
ord-34-d2-2,4,1,ok,18440,113328
ord-34-d2-3,4,0,ok,3236,28254
ord-34-d2-3,4,1,ok,3236,24107
ord-34-d2-4,4,0,ok,18996,121694
ord-34-d2-4,4,1,ok,18996,114510
ord-34-d2-5,4,0,ok,765,13526
ord-34-d2-5,4,1,ok,765,7875
ord-34-d3-1,4,0,ok,127355,710769
ord-34-d3-1,4,1,ok,127355,1024693
ord-34-d3-2,4,0,ok,3175,34176
ord-34-d3-2,4,1,ok,3175,22694
ord-34-d3-3,4,0,ok,526,18326
ord-34-d3-3,4,1,ok,526,4939
ord-34-d3-4,4,0,ok,18947,299917
ord-34-d3-4,4,1,ok,18947,243309
ord-34-d3-5,4,0,ok,3224,54024
ord-34-d3-5,4,1,ok,3224,40137
ord-34-d4-1,4,0,ok,18475,121865
ord-34-d4-1,4,1,ok,18475,102558
ord-34-d4-3,4,0,ok,18564,280860
ord-34-d4-3,4,1,ok,18564,230524
ord-34-d4-4,4,0,ok,984,20790
ord-34-d4-4,4,1,ok,984,6543
ord-34-d4-5,4,0,ok,5313,85033
ord-34-d4-5,4,1,ok,5313,49876
ord-34-d5-1,4,0,ok,128680,1777332
ord-34-d5-1,4,1,ok,128680,749162
ord-34-d5-2,4,0,ok,20388,163053
ord-34-d5-2,4,1,ok,20388,125402
ord-34-d5-3,4,0,ok,3211,30459
ord-34-d5-3,4,1,ok,3211,24236
ord-34-d5-5,4,0,ok,18776,122666
ord-34-d5-5,4,1,ok,18776,107337
ord-56-d2-1,4,0,ok,19022,289017
ord-56-d2-1,4,1,ok,19022,238129
ord-56-d2-2,4,0,ok,6289,54846
ord-56-d2-2,4,1,ok,6289,36840
ord-56-d2-3,4,0,ok,18020,129890
ord-56-d2-3,4,1,ok,18020,115472
ord-56-d3-1,4,0,ok,131940,780021
ord-56-d3-1,4,1,ok,131940,729455
ord-56-d3-2,4,0,ok,39025,495013
ord-56-d3-2,4,1,ok,39025,457511
ord-56-d3-3,4,0,ok,18622,149057
ord-56-d3-3,4,1,ok,18622,118007
ord-56-d4-1,4,0,ok,1002845,9648518
ord-56-d4-1,4,1,ok,1002845,7023484
ord-56-d4-2,4,0,ok,3767,89092
ord-56-d4-2,4,1,ok,3767,57741
ord-56-d4-3,4,0,ok,131560,2267376
ord-56-d4-3,4,1,ok,131560,1604169
par-12-d1-1,4,0,ok,117,11342
par-12-d1-1,4,1,ok,117,4388
par-12-d1-3,4,0,ok,61,5280
par-12-d1-3,4,1,ok,61,3045
par-12-d1-4,4,0,ok,454,23415
par-12-d1-4,4,1,ok,454,58432
par-12-d1-5,4,0,ok,148,15881
par-12-d1-5,4,1,ok,148,2454
par-12-d2-3,4,0,ok,113,6171
par-12-d2-3,4,1,ok,113,3106
par-12-d2-5,4,0,ok,142,18906
par-12-d2-5,4,1,ok,142,6382
par-12-d3-1,4,0,ok,152,17464
par-12-d3-1,4,1,ok,152,5680
par-12-d3-2,4,0,ok,316,21401
par-12-d3-2,4,1,ok,316,6994
par-12-d3-4,4,0,ok,704,24537
par-12-d3-4,4,1,ok,704,13276
par-12-d4-2,4,0,ok,252,9238
par-12-d4-2,4,1,ok,252,5000
par-12-d4-4,4,0,ok,13046,269459
par-12-d4-4,4,1,ok,13046,260101
par-12-d4-5,4,0,ok,80487,936413
par-12-d4-5,4,1,ok,80487,1363475
par-12-d5-2,4,0,ok,1604,64935
par-12-d5-2,4,1,ok,1604,36080
par-34-d1-1,4,0,ok,128,17012
par-34-d1-1,4,1,ok,128,3386
par-34-d1-2,4,0,ok,1516,23104
par-34-d1-2,4,1,ok,1516,15430
par-34-d1-3,4,0,ok,73,8998
par-34-d1-3,4,1,ok,73,2555
par-34-d1-4,4,0,ok,12049,71298
par-34-d1-4,4,1,ok,12049,176360
par-34-d1-5,4,0,ok,78,16953
par-34-d1-5,4,1,ok,78,3707
par-34-d2-1,4,0,ok,707,49997
par-34-d2-1,4,1,ok,707,24076
par-34-d2-2,4,0,ok,55,12173
par-34-d2-2,4,1,ok,55,3877
par-34-d2-3,4,0,ok,1640,20079
par-34-d2-3,4,1,ok,1640,13105
par-34-d3-1,4,0,ok,199875,355765
par-34-d3-1,4,1,ok,199875,349944
par-34-d3-2,4,0,ok,1529,14108
par-34-d3-2,4,1,ok,1529,8326
par-34-d3-3,4,0,ok,2287,16713
par-34-d3-3,4,1,ok,2287,11021
par-34-d3-4,4,0,ok,28521,188663
par-34-d3-4,4,1,ok,28521,615695
par-34-d3-5,4,0,ok,545,11181
par-34-d3-5,4,1,ok,545,5300
par-34-d4-1,4,0,ok,2008,30669
par-34-d4-1,4,1,ok,2008,19458
par-34-d4-3,4,0,ok,142,37682
par-34-d4-3,4,1,ok,142,7024
par-34-d4-4,4,0,ok,107,14347
par-34-d4-4,4,1,ok,107,5320
par-34-d4-5,4,0,ok,53570,528277
par-34-d4-5,4,1,ok,53570,503069
par-34-d5-1,4,0,ok,88014,1415425
par-34-d5-1,4,1,ok,88014,1845914
par-34-d5-2,4,0,ok,977,13967
par-34-d5-2,4,1,ok,977,9729
par-34-d5-4,4,0,ok,110044,1732005
par-34-d5-4,4,1,ok,110044,1700244
par-34-d5-5,4,0,ok,136,7315
par-34-d5-5,4,1,ok,136,2906
par-56-d2-1,4,0,ok,3946,122075
par-56-d2-1,4,1,ok,3946,89212
par-56-d2-2,4,0,ok,1154997,4988625
par-56-d2-2,4,1,ok,1154997,4540803
par-56-d2-3,4,0,ok,578886,3907173
par-56-d2-3,4,1,ok,578886,4781106
par-56-d3-1,4,0,ok,632,35859
par-56-d3-1,4,1,ok,632,22023
par-56-d3-2,4,0,ok,562591,6639404
par-56-d3-2,4,1,ok,562591,6477872
par-56-d3-3,4,0,ok,146408,2587753
par-56-d3-3,4,1,ok,146408,1639828
par-56-d4-1,4,0,ok,1327362,12375337
par-56-d4-1,4,1,ok,1327362,20410460
par-56-d4-2,4,0,ok,103746,923848
par-56-d4-2,4,1,ok,103746,617609
par-56-d4-3,4,0,ok,1372300,4470398
par-56-d4-3,4,1,ok,1372300,3768236
pct-56-d2-1,4,0,ok,1776,20940
pct-56-d2-1,4,1,ok,1776,8136
pct-56-d2-2,4,0,ok,17942,79323
pct-56-d2-2,4,1,ok,17942,76217
pct-56-d2-3,4,0,ok,23509,91095
pct-56-d2-3,4,1,ok,23509,88050
pct-56-d3-1,4,0,ok,16444,67550
pct-56-d3-1,4,1,ok,16444,64794
pct-56-d3-2,4,0,ok,17847,89974
pct-56-d3-2,4,1,ok,17847,80415
pct-56-d3-3,4,0,ok,14832,65115
pct-56-d3-3,4,1,ok,14832,57681
pct-56-d4-1,4,0,ok,20947,86126
pct-56-d4-1,4,1,ok,20947,83170
pct-56-d4-2,4,0,ok,5690,26561
pct-56-d4-2,4,1,ok,5690,21271
pct-56-d4-3,4,0,ok,613,8105
pct-56-d4-3,4,1,ok,613,4498
pig-12-d1-2,4,0,ok,527,19878
pig-12-d1-2,4,1,ok,527,6062
pig-12-d1-3,4,0,ok,3306,39876
pig-12-d1-3,4,1,ok,3306,32072
pig-12-d2-3,4,0,ok,69,6032
pig-12-d2-3,4,1,ok,69,2525
pig-12-d3-3,4,0,ok,273722,2957825
pig-12-d3-3,4,1,ok,273722,2365134
pig-12-d5-5,4,0,ok,597,18585
pig-12-d5-5,4,1,ok,597,7034
pig-34-d1-1,4,0,ok,2944,26801
pig-34-d1-1,4,1,ok,2944,22374
pig-34-d1-2,4,0,ok,85,8016
pig-34-d1-2,4,1,ok,85,2324
pig-34-d1-5,4,0,ok,182,6102
pig-34-d1-5,4,1,ok,182,2494
pig-34-d2-2,4,0,ok,129,3226
pig-34-d2-2,4,1,ok,129,1754
pig-34-d2-3,4,0,ok,30322,125532
pig-34-d2-3,4,1,ok,30322,117917
pig-34-d2-4,4,0,ok,524,13105
pig-34-d2-4,4,1,ok,524,5480
pig-34-d2-5,4,0,ok,159,5701
pig-34-d2-5,4,1,ok,159,2144
pig-34-d3-3,4,0,ok,76941,546041
pig-34-d3-3,4,1,ok,76941,1158501
pig-34-d3-4,4,0,ok,99,4238
pig-34-d3-4,4,1,ok,99,1974
pig-34-d4-2,4,0,ok,2413617,20648558
pig-34-d4-2,4,1,ok,2413617,18969665
pig-34-d4-3,4,0,ok,30483,194374
pig-34-d4-3,4,1,ok,30483,117666
pig-34-d4-4,4,0,ok,70,3377
pig-34-d4-4,4,1,ok,70,1603
pig-34-d4-5,4,0,ok,1973,32041
pig-34-d4-5,4,1,ok,1973,30929
pig-34-d5-2,4,0,ok,1456,12865
pig-34-d5-2,4,1,ok,1456,8656
pig-34-d5-4,4,0,ok,1100817,7135339
pig-34-d5-4,4,1,ok,1100817,7741265
pig-34-d5-5,4,0,ok,2156484,13491587
pig-34-d5-5,4,1,ok,2156484,21953771
pig-56-d2-1,4,0,ok,4434,50638
pig-56-d2-1,4,1,ok,4434,30338
pig-56-d2-2,4,0,ok,2163,31551
pig-56-d2-2,4,1,ok,2163,23555
pig-56-d2-3,4,0,ok,112378,385332
pig-56-d2-3,4,1,ok,112378,375644
pig-56-d3-1,4,0,ok,1836,32482
pig-56-d3-1,4,1,ok,1836,22273
pig-56-d3-2,4,0,ok,17531,61789
pig-56-d3-2,4,1,ok,17531,51098
pig-56-d3-3,4,0,ok,46177,179034
pig-56-d3-3,4,1,ok,46177,175858
pig-56-d4-1,4,0,ok,7697,28625
pig-56-d4-1,4,1,ok,7697,29697
pig-56-d4-2,4,0,ok,72741,815270
pig-56-d4-2,4,1,ok,72741,744233
pig-56-d4-3,4,0,ok,192080,1542270
pig-56-d4-3,4,1,ok,192080,1265366
ratio-56-d2-1,4,0,ok,17059,59525
ratio-56-d2-1,4,1,ok,17059,55627
ratio-56-d2-2,4,0,ok,1128,7354
ratio-56-d2-2,4,1,ok,1128,5450
ratio-56-d2-3,4,0,ok,17063,67871
ratio-56-d2-3,4,1,ok,17063,54796
ratio-56-d3-1,4,0,ok,5235,41740
ratio-56-d3-1,4,1,ok,5235,32372
ratio-56-d3-2,4,0,ok,17065,61578
ratio-56-d3-2,4,1,ok,17065,55657
ratio-56-d3-3,4,0,ok,18981,287965
ratio-56-d3-3,4,1,ok,18981,161221
ratio-56-d4-1,4,0,ok,36102,118337
ratio-56-d4-1,4,1,ok,36102,118678
ratio-56-d4-2,4,0,ok,2386,16812
ratio-56-d4-2,4,1,ok,2386,10911
ratio-56-d4-3,4,0,ok,7612,76558
ratio-56-d4-3,4,1,ok,7612,65206
sets-56-d2-1,4,0,ok,714823,3750361
sets-56-d2-1,4,1,ok,714823,2515112
sets-56-d2-2,4,0,ok,206541,1077665
sets-56-d2-2,4,1,ok,206541,746257
sets-56-d2-3,4,0,ok,1070996,4735769
sets-56-d2-3,4,1,ok,1070996,4272316
sets-56-d3-1,4,0,ok,340116,1332586
sets-56-d3-1,4,1,ok,340116,1699703
sets-56-d3-2,4,0,ok,1092164,5411049
sets-56-d3-2,4,1,ok,1092164,4754845
sets-56-d3-3,4,0,ok,2200623,8800735
sets-56-d3-3,4,1,ok,2200623,8957026
sets-56-d4-1,4,0,ok,1917227,15946474
sets-56-d4-1,4,1,ok,1917227,15915444
sets-56-d4-2,4,0,ok,279129,2226868
sets-56-d4-2,4,1,ok,279129,5204511
sets-56-d4-3,4,0,ok,951694,4928399
sets-56-d4-3,4,1,ok,951694,4637288
tri-12-d1-2,4,0,ok,15053,45868
tri-12-d1-2,4,1,ok,15053,42282
tri-12-d1-3,4,0,ok,26,2465
tri-12-d1-3,4,1,ok,26,1242
tri-12-d1-5,4,0,ok,32,3758
tri-12-d1-5,4,1,ok,32,1523
tri-12-d2-1,4,0,ok,31,2405
tri-12-d2-1,4,1,ok,31,1363
tri-12-d2-2,4,0,ok,17055,57341
tri-12-d2-2,4,1,ok,17055,53984
tri-12-d3-1,4,0,ok,41,8537
tri-12-d3-1,4,1,ok,41,2164
tri-12-d3-3,4,0,ok,34,2835
tri-12-d3-3,4,1,ok,34,1253
tri-12-d3-4,4,0,ok,15052,48964
tri-12-d3-4,4,1,ok,15052,42241
tri-12-d3-5,4,0,ok,34,2535
tri-12-d3-5,4,1,ok,34,1443
tri-12-d4-1,4,0,ok,17055,57401
tri-12-d4-1,4,1,ok,17055,55206
tri-12-d5-2,4,0,ok,17054,71137
tri-12-d5-2,4,1,ok,17054,55387
tri-12-d5-3,4,0,ok,144,6923
tri-12-d5-3,4,1,ok,144,2314
tri-12-d5-4,4,0,ok,20062,85364
tri-12-d5-4,4,1,ok,20062,74163
tri-12-d5-5,4,0,ok,1882,14928
tri-12-d5-5,4,1,ok,1882,10019
tri-34-d1-2,4,0,ok,15053,43604
tri-34-d1-2,4,1,ok,15053,41560
tri-34-d1-3,4,0,ok,34,18256
tri-34-d1-3,4,1,ok,34,3417
tri-34-d1-5,4,0,ok,29,8867
tri-34-d1-5,4,1,ok,29,3146
tri-34-d2-1,4,0,ok,42,8797
tri-34-d2-1,4,1,ok,42,2866
tri-34-d2-2,4,0,ok,15055,44175
tri-34-d2-2,4,1,ok,15055,41540
tri-34-d2-4,4,0,ok,39,7575
tri-34-d2-4,4,1,ok,39,2344
tri-34-d2-5,4,0,ok,32,34226
tri-34-d2-5,4,1,ok,32,11512
tri-34-d3-1,4,0,ok,17056,59806
tri-34-d3-1,4,1,ok,17056,55888
tri-34-d3-4,4,0,ok,17055,60016
tri-34-d3-4,4,1,ok,17055,55597
tri-34-d4-1,4,0,ok,30,13305
tri-34-d4-1,4,1,ok,30,3296
tri-34-d4-2,4,0,ok,17056,324004
tri-34-d4-2,4,1,ok,17056,70285
tri-34-d4-3,4,0,ok,34,2996
tri-34-d4-3,4,1,ok,34,1113
tri-34-d4-5,4,0,ok,17058,133106
tri-34-d4-5,4,1,ok,17058,122946
tri-34-d5-1,4,0,ok,133,23866
tri-34-d5-1,4,1,ok,133,7985
tri-34-d5-2,4,0,ok,19055,152444
tri-34-d5-2,4,1,ok,19055,145631
tri-34-d5-3,4,0,ok,2543,77019
tri-34-d5-3,4,1,ok,2543,57160
tri-34-d5-4,4,0,ok,100,29918
tri-34-d5-4,4,1,ok,100,7684
tri-56-d2-1,4,0,ok,120,14729
tri-56-d2-1,4,1,ok,120,4879
tri-56-d2-2,4,0,ok,33073,166100
tri-56-d2-2,4,1,ok,33073,169557
tri-56-d2-3,4,0,ok,62,6823
tri-56-d2-3,4,1,ok,62,2255
tri-56-d3-1,4,0,ok,9390,40548
tri-56-d3-1,4,1,ok,9390,31752
tri-56-d3-2,4,0,ok,100075,2596990
tri-56-d3-2,4,1,ok,100075,3197657
tri-56-d3-3,4,0,ok,2819,34747
tri-56-d3-3,4,1,ok,2819,25629
tri-56-d4-1,4,0,ok,5810,82188
tri-56-d4-1,4,1,ok,5810,76077
tri-56-d4-2,4,0,ok,28915,148817
tri-56-d4-2,4,1,ok,28915,155449
tri-56-d4-3,4,0,ok,55391,310248
tri-56-d4-3,4,1,ok,55391,330897
wp-34-d1-4,4,0,ok,36,6823
wp-34-d1-4,4,1,ok,36,1854
wp-34-d1-5,4,0,ok,446,10330
wp-34-d1-5,4,1,ok,446,5410
wp-34-d3-3,4,0,ok,2376,95103
wp-34-d3-3,4,1,ok,2376,50136
wp-56-d2-1,4,0,ok,13478,213471
wp-56-d2-1,4,1,ok,13478,174365
wp-56-d2-2,4,0,ok,411519,2976260
wp-56-d2-2,4,1,ok,411519,5750132
wp-56-d2-3,4,0,ok,902,39626
wp-56-d2-3,4,1,ok,902,29416
wp-56-d3-1,4,0,ok,2159,42231
wp-56-d3-1,4,1,ok,2159,28916
wp-56-d3-2,4,0,ok,363974,2988765
wp-56-d3-2,4,1,ok,363974,5668294
wp-56-d3-3,4,0,ok,775,43233
wp-56-d3-3,4,1,ok,775,22914
wp-56-d4-1,4,0,ok,308938,5051597
wp-56-d4-1,4,1,ok,308938,3205792
wp-56-d4-2,4,0,ok,7365,95834
wp-56-d4-2,4,1,ok,7365,94592
wp-56-d4-3,4,0,ok,201798,2118660
wp-56-d4-3,4,1,ok,201798,1327736
cal-12-d1-1,5,0,ok,118,8667
cal-12-d1-1,5,1,ok,118,2845
cal-12-d1-2,5,0,ok,55,3627
cal-12-d1-2,5,1,ok,55,2264
cal-12-d1-3,5,0,ok,103,4479
cal-12-d1-3,5,1,ok,103,2666
cal-12-d1-4,5,0,ok,25,16922
cal-12-d1-4,5,1,ok,25,3637
cal-12-d1-5,5,0,ok,20,4659
cal-12-d1-5,5,1,ok,20,2495
cal-12-d2-1,5,0,ok,130,16913
cal-12-d2-1,5,1,ok,130,7305
cal-12-d2-2,5,0,ok,788,6232
cal-12-d2-2,5,1,ok,788,3887
cal-12-d2-4,5,0,ok,26,4609
cal-12-d2-4,5,1,ok,26,1704
cal-12-d2-5,5,0,ok,488,7384
cal-12-d2-5,5,1,ok,488,3216
cal-12-d3-2,5,0,ok,792,10450
cal-12-d3-2,5,1,ok,792,4569
cal-12-d3-3,5,0,ok,6380,100554
cal-12-d3-3,5,1,ok,6380,70255
cal-12-d3-5,5,0,ok,1269,17163
cal-12-d3-5,5,1,ok,1269,10751
cal-12-d4-2,5,0,ok,623,16732
cal-12-d4-2,5,1,ok,623,7895
cal-12-d4-3,5,0,ok,7150,92108
cal-12-d4-3,5,1,ok,7150,79763
cal-12-d4-4,5,0,ok,1918,20479
cal-12-d4-4,5,1,ok,1918,17474
cal-12-d4-5,5,0,ok,375,18205
cal-12-d4-5,5,1,ok,375,11492
cal-12-d5-1,5,0,ok,1300,17333
cal-12-d5-1,5,1,ok,1300,14438
cal-12-d5-2,5,0,ok,991,12915
cal-12-d5-2,5,1,ok,991,6181
cal-12-d5-4,5,0,ok,611,21832
cal-12-d5-4,5,1,ok,611,10510
cal-12-d5-5,5,0,ok,4475,42963
cal-12-d5-5,5,1,ok,4475,37232
cal-34-d1-1,5,0,ok,272,60226
cal-34-d1-1,5,1,ok,272,32984
cal-34-d1-2,5,0,ok,323,6222
cal-34-d1-2,5,1,ok,323,4289
cal-34-d1-3,5,0,ok,69,12654
cal-34-d1-3,5,1,ok,69,3968
cal-34-d1-4,5,0,ok,828,11021
cal-34-d1-4,5,1,ok,828,4960
cal-34-d1-5,5,0,ok,24,1883
cal-34-d1-5,5,1,ok,24,1233
cal-34-d2-1,5,0,ok,456,22242
cal-34-d2-1,5,1,ok,456,11913
cal-34-d2-2,5,0,ok,26,5281
cal-34-d2-2,5,1,ok,26,1543
cal-34-d2-3,5,0,ok,33,5230
cal-34-d2-3,5,1,ok,33,1903
cal-34-d2-4,5,0,ok,872,8386
cal-34-d2-4,5,1,ok,872,4619
cal-34-d2-5,5,0,ok,7231,126443
cal-34-d2-5,5,1,ok,7231,80706
cal-34-d3-1,5,0,ok,1207,14327
cal-34-d3-1,5,1,ok,1207,10300
cal-34-d3-2,5,0,ok,1071,8295
cal-34-d3-2,5,1,ok,1071,6252
cal-34-d3-3,5,0,ok,182983,896095
cal-34-d3-3,5,1,ok,182983,892408
cal-34-d3-4,5,0,ok,236,7143
cal-34-d3-4,5,1,ok,236,3306
cal-34-d3-5,5,0,ok,165,8376
cal-34-d3-5,5,1,ok,165,3156
cal-34-d4-1,5,0,ok,4466,78201
cal-34-d4-1,5,1,ok,4466,21913
cal-34-d4-2,5,0,ok,2341,16602
cal-34-d4-2,5,1,ok,2341,11432
cal-34-d4-3,5,0,ok,250997,1084678
cal-34-d4-3,5,1,ok,250997,1072275
cal-34-d4-4,5,0,ok,1070,9799
cal-34-d4-4,5,1,ok,1070,5851
cal-34-d4-5,5,0,ok,201,15990
cal-34-d4-5,5,1,ok,201,3817
cal-34-d5-1,5,0,ok,13265,54775
cal-34-d5-1,5,1,ok,13265,48584
cal-34-d5-2,5,0,ok,1127,8377
cal-34-d5-2,5,1,ok,1127,5290
cal-34-d5-3,5,0,ok,844,11101
cal-34-d5-3,5,1,ok,844,5691
cal-34-d5-4,5,0,ok,3492,85074
cal-34-d5-4,5,1,ok,3492,72158
cal-34-d5-5,5,0,ok,10737,147434
cal-34-d5-5,5,1,ok,10737,138677
cal-56-d2-1,5,0,ok,4528,23546
cal-56-d2-1,5,1,ok,4528,18386
cal-56-d2-2,5,0,ok,134,19828
cal-56-d2-2,5,1,ok,134,3948
cal-56-d2-3,5,0,ok,4337,29586
cal-56-d2-3,5,1,ok,4337,25489
cal-56-d3-1,5,0,ok,682125,2761237
cal-56-d3-1,5,1,ok,682125,3155275
cal-56-d3-2,5,0,ok,1000,42031
cal-56-d3-2,5,1,ok,1000,22734
cal-56-d3-3,5,0,ok,3050,17845
cal-56-d3-3,5,1,ok,3050,16361
cal-56-d4-1,5,0,ok,52283,254540
cal-56-d4-1,5,1,ok,52283,221437
cal-56-d4-2,5,0,ok,233,7644
cal-56-d4-2,5,1,ok,233,4047
cal-56-d4-3,5,0,ok,43949,157002
cal-56-d4-3,5,1,ok,43949,150991
clk-12-d1-1,5,0,ok,121,13236
clk-12-d1-1,5,1,ok,121,3406
clk-12-d1-2,5,0,ok,127,9549
clk-12-d1-2,5,1,ok,127,3577
clk-12-d1-3,5,0,ok,2130,14097
clk-12-d1-3,5,1,ok,2130,11773
clk-12-d1-4,5,0,ok,90,7674
clk-12-d1-4,5,1,ok,90,2855
clk-12-d1-5,5,0,ok,95,6042
clk-12-d1-5,5,1,ok,95,3547
clk-12-d2-1,5,0,ok,605,7214
clk-12-d2-1,5,1,ok,605,5170
clk-12-d2-2,5,0,ok,10294,52552
clk-12-d2-2,5,1,ok,10294,48423
clk-12-d2-3,5,0,ok,94,6001
clk-12-d2-3,5,1,ok,94,2686
clk-12-d2-5,5,0,ok,90,4258
clk-12-d2-5,5,1,ok,90,2385
clk-12-d3-1,5,0,ok,90,8266
clk-12-d3-1,5,1,ok,90,3025
clk-12-d3-2,5,0,ok,155,12815
clk-12-d3-2,5,1,ok,155,4218
clk-12-d3-3,5,0,ok,96,10079
clk-12-d3-3,5,1,ok,96,3146
clk-12-d3-4,5,0,ok,25,3898
clk-12-d3-4,5,1,ok,25,1382
clk-12-d3-5,5,0,ok,90,4318
clk-12-d3-5,5,1,ok,90,2505
clk-12-d4-1,5,0,ok,98,6472
clk-12-d4-1,5,1,ok,98,3687
clk-12-d4-2,5,0,ok,90,3978
clk-12-d4-2,5,1,ok,90,2475
clk-12-d4-4,5,0,ok,1582,19909
clk-12-d4-4,5,1,ok,1582,10961
clk-12-d4-5,5,0,ok,96,4689
clk-12-d4-5,5,1,ok,96,2815
clk-12-d5-2,5,0,ok,171,6292
clk-12-d5-2,5,1,ok,171,3146
clk-12-d5-3,5,0,ok,4255,31651
clk-12-d5-3,5,1,ok,4255,22925
clk-12-d5-4,5,0,ok,1799,17814
clk-12-d5-4,5,1,ok,1799,11031
clk-12-d5-5,5,0,ok,92,10981
clk-12-d5-5,5,1,ok,92,3687
clk-34-d1-1,5,0,ok,97,5772
clk-34-d1-1,5,1,ok,97,2605
clk-34-d1-2,5,0,ok,2015,17123
clk-34-d1-2,5,1,ok,2015,12544
clk-34-d1-3,5,0,ok,34,2795
clk-34-d1-3,5,1,ok,34,1242
clk-34-d1-4,5,0,ok,9917,57059
clk-34-d1-4,5,1,ok,9917,48152
clk-34-d1-5,5,0,ok,16663,51569
clk-34-d1-5,5,1,ok,16663,43423
clk-34-d2-1,5,0,ok,4251,26071
clk-34-d2-1,5,1,ok,4251,73782
clk-34-d2-2,5,0,ok,285,11593
clk-34-d2-2,5,1,ok,285,6372
clk-34-d2-3,5,0,ok,95,11171
clk-34-d2-3,5,1,ok,95,3577
clk-34-d2-4,5,0,ok,517,15069
clk-34-d2-4,5,1,ok,517,10951
clk-34-d2-5,5,0,ok,2872,25739
clk-34-d2-5,5,1,ok,2872,17203
clk-34-d3-2,5,0,ok,96,10781
clk-34-d3-2,5,1,ok,96,8086
clk-34-d3-3,5,0,ok,98,12154
clk-34-d3-3,5,1,ok,98,3507
clk-34-d3-4,5,0,ok,98,8707
clk-34-d3-4,5,1,ok,98,2895
clk-34-d3-5,5,0,ok,3407,25149
clk-34-d3-5,5,1,ok,3407,17694
clk-34-d4-1,5,0,ok,4227,27393
clk-34-d4-1,5,1,ok,4227,17754
clk-34-d4-2,5,0,ok,616,16722
clk-34-d4-2,5,1,ok,616,13085
clk-34-d4-3,5,0,ok,100,7604
clk-34-d4-3,5,1,ok,100,2865
clk-34-d4-4,5,0,ok,2034,106014
clk-34-d4-4,5,1,ok,2034,75907
clk-34-d5-1,5,0,ok,2659,16642
clk-34-d5-1,5,1,ok,2659,12454
clk-34-d5-3,5,0,ok,2974,23586
clk-34-d5-3,5,1,ok,2974,17563
clk-34-d5-5,5,0,ok,111,10721
clk-34-d5-5,5,1,ok,111,3947
clk-56-d2-1,5,0,ok,8927,52602
clk-56-d2-1,5,1,ok,8927,44266
clk-56-d2-2,5,0,ok,208,7775
clk-56-d2-2,5,1,ok,208,4970
clk-56-d2-3,5,0,ok,108,11743
clk-56-d2-3,5,1,ok,108,4148
clk-56-d3-1,5,0,ok,15481,77689
clk-56-d3-1,5,1,ok,15481,74824
clk-56-d3-2,5,0,ok,143,9759
clk-56-d3-2,5,1,ok,143,4388
clk-56-d3-3,5,0,ok,315,13476
clk-56-d3-3,5,1,ok,315,6493
clk-56-d4-1,5,0,ok,31981,134569
clk-56-d4-1,5,1,ok,31981,126494
clk-56-d4-2,5,0,ok,15004,66909
clk-56-d4-2,5,1,ok,15004,57290
clk-56-d4-3,5,0,ok,3126,24256
clk-56-d4-3,5,1,ok,3126,18867
div-56-d2-1,5,0,ok,948,6833
div-56-d2-1,5,1,ok,948,4799
div-56-d2-2,5,0,ok,15099,48313
div-56-d2-2,5,1,ok,15099,43674
div-56-d2-3,5,0,ok,733,5030
div-56-d2-3,5,1,ok,733,3376
div-56-d3-1,5,0,ok,31509,110382
div-56-d3-1,5,1,ok,31509,111465
div-56-d3-2,5,0,ok,5545,42232
div-56-d3-2,5,1,ok,5545,31661
div-56-d3-3,5,0,ok,197,32843
div-56-d3-3,5,1,ok,197,4629
div-56-d4-1,5,0,ok,17055,69053
div-56-d4-1,5,1,ok,17055,58002
div-56-d4-2,5,0,ok,14890,101877
div-56-d4-2,5,1,ok,14890,96857
div-56-d4-3,5,0,ok,16044,50979
div-56-d4-3,5,1,ok,16044,44946
enum-12-d1-1,5,0,ok,79,5951
enum-12-d1-1,5,1,ok,79,2043
enum-12-d1-4,5,0,ok,166,5751
enum-12-d1-4,5,1,ok,166,2375
enum-12-d2-4,5,0,ok,70,2394
enum-12-d2-4,5,1,ok,70,1803
enum-12-d2-5,5,0,ok,650,16532
enum-12-d2-5,5,1,ok,650,9388
enum-12-d3-1,5,0,ok,91,4378
enum-12-d3-1,5,1,ok,91,1934
enum-12-d3-3,5,0,ok,138,4559
enum-12-d3-3,5,1,ok,138,2164
enum-12-d3-4,5,0,ok,408,7815
enum-12-d3-4,5,1,ok,408,4760
enum-12-d4-2,5,0,ok,121,3196
enum-12-d4-2,5,1,ok,121,1964
enum-12-d4-4,5,0,ok,644,17284
enum-12-d4-4,5,1,ok,644,5922
enum-12-d4-5,5,0,ok,89,3837
enum-12-d4-5,5,1,ok,89,1844
enum-12-d5-2,5,0,ok,313,5671
enum-12-d5-2,5,1,ok,313,2726
enum-12-d5-3,5,0,ok,83,3126
enum-12-d5-3,5,1,ok,83,1673
enum-12-d5-4,5,0,ok,757,6222
enum-12-d5-4,5,1,ok,757,4258
enum-34-d1-1,5,0,ok,121,5140
enum-34-d1-1,5,1,ok,121,2515
enum-34-d1-2,5,0,ok,115,3847
enum-34-d1-2,5,1,ok,115,2044
enum-34-d1-4,5,0,ok,149,3927
enum-34-d1-4,5,1,ok,149,2265
enum-34-d2-1,5,0,ok,92,7505
enum-34-d2-1,5,1,ok,92,2314
enum-34-d2-3,5,0,ok,1219,22403
enum-34-d2-3,5,1,ok,1219,11883
enum-34-d2-4,5,0,ok,274,4439
enum-34-d2-4,5,1,ok,274,2685
enum-34-d2-5,5,0,ok,119,5120
enum-34-d2-5,5,1,ok,119,2134
enum-34-d3-2,5,0,ok,124,4239
enum-34-d3-2,5,1,ok,124,2013
enum-34-d3-3,5,0,ok,594,9358
enum-34-d3-3,5,1,ok,594,4198
enum-34-d3-4,5,0,ok,22528,103740
enum-34-d3-4,5,1,ok,22528,101024
enum-34-d3-5,5,0,ok,691,12695
enum-34-d3-5,5,1,ok,691,6693
enum-34-d4-1,5,0,ok,1533,14809
enum-34-d4-1,5,1,ok,1533,10731
enum-34-d4-3,5,0,ok,3724,24427
enum-34-d4-3,5,1,ok,3724,17233
enum-34-d4-4,5,0,ok,907,12754
enum-34-d4-4,5,1,ok,907,6032
enum-34-d4-5,5,0,ok,480,10400
enum-34-d4-5,5,1,ok,480,6613
enum-34-d5-1,5,0,ok,22532,109170
enum-34-d5-1,5,1,ok,22532,103089
enum-34-d5-2,5,0,ok,1584,11051
enum-34-d5-2,5,1,ok,1584,5871
enum-34-d5-4,5,0,ok,688,14959
enum-34-d5-4,5,1,ok,688,7054
enum-56-d2-1,5,0,ok,190,5972
enum-56-d2-1,5,1,ok,190,2996
enum-56-d2-2,5,0,ok,125,4358
enum-56-d2-2,5,1,ok,125,2124
enum-56-d2-3,5,0,ok,883,10059
enum-56-d2-3,5,1,ok,883,5450
enum-56-d3-1,5,0,ok,5662,24266
enum-56-d3-1,5,1,ok,5662,17524
enum-56-d3-2,5,0,ok,7934,146722
enum-56-d3-2,5,1,ok,7934,132987
enum-56-d3-3,5,0,ok,10713,78101
enum-56-d3-3,5,1,ok,10713,72229
enum-56-d4-1,5,0,ok,224150,1337706
enum-56-d4-1,5,1,ok,224150,1437999
enum-56-d4-2,5,0,ok,18884,138918
enum-56-d4-2,5,1,ok,18884,126554
enum-56-d4-3,5,0,ok,713,11453
enum-56-d4-3,5,1,ok,713,5571
frac-56-d2-1,5,0,ok,17719,62390
frac-56-d2-1,5,1,ok,17719,59755
frac-56-d2-2,5,0,ok,14426,62701
frac-56-d2-2,5,1,ok,14426,55397
frac-56-d2-3,5,0,ok,295,6312
frac-56-d2-3,5,1,ok,295,3367
frac-56-d3-1,5,0,ok,20670,84373
frac-56-d3-1,5,1,ok,20670,83511
frac-56-d3-2,5,0,ok,32557,115894
frac-56-d3-2,5,1,ok,32557,115312
frac-56-d3-3,5,0,ok,13917,51690
frac-56-d3-3,5,1,ok,13917,50217
frac-56-d4-1,5,0,ok,20699,174997
frac-56-d4-1,5,1,ok,20699,154177
frac-56-d4-2,5,0,ok,427,8296
frac-56-d4-2,5,1,ok,427,4088
frac-56-d4-3,5,0,ok,46564,176289
frac-56-d4-3,5,1,ok,46564,169676
game-56-d2-1,5,0,ok,692,15219
game-56-d2-1,5,1,ok,692,7264
game-56-d2-2,5,0,ok,1887,15781
game-56-d2-2,5,1,ok,1887,11523
game-56-d2-3,5,0,ok,1046,13766
game-56-d2-3,5,1,ok,1046,8917
game-56-d3-1,5,0,ok,867,25950
game-56-d3-1,5,1,ok,867,19367
game-56-d3-2,5,0,ok,5153,100003
game-56-d3-2,5,1,ok,5153,86587
game-56-d3-3,5,0,ok,800,12684
game-56-d3-3,5,1,ok,800,7304
game-56-d4-1,5,0,ok,1213,10891
game-56-d4-1,5,1,ok,1213,8767
game-56-d4-2,5,0,ok,3467,72870
game-56-d4-2,5,1,ok,3467,59455
game-56-d4-3,5,0,ok,1597,28174
game-56-d4-3,5,1,ok,1597,10751
gaps-12-d1-1,5,0,ok,100,7554
gaps-12-d1-1,5,1,ok,100,2695
gaps-12-d1-2,5,0,ok,73,6082
gaps-12-d1-2,5,1,ok,73,1993
gaps-12-d1-3,5,0,ok,285,7605
gaps-12-d1-3,5,1,ok,285,4379
gaps-12-d1-4,5,0,ok,24,3757
gaps-12-d1-4,5,1,ok,24,1393
gaps-12-d1-5,5,0,ok,72,4609
gaps-12-d1-5,5,1,ok,72,2104
gaps-12-d2-1,5,0,ok,123,3827
gaps-12-d2-1,5,1,ok,123,1823
gaps-12-d2-3,5,0,ok,110,4238
gaps-12-d2-3,5,1,ok,110,1893
gaps-12-d3-1,5,0,ok,104,6602
gaps-12-d3-1,5,1,ok,104,2585
gaps-12-d3-3,5,0,ok,43,5220
gaps-12-d3-3,5,1,ok,43,2135
gaps-12-d3-4,5,0,ok,79,6071
gaps-12-d3-4,5,1,ok,79,2464
gaps-12-d3-5,5,0,ok,105,6372
gaps-12-d3-5,5,1,ok,105,2755
gaps-12-d4-3,5,0,ok,218,5029
gaps-12-d4-3,5,1,ok,218,2254
gaps-12-d4-5,5,0,ok,127,5811
gaps-12-d4-5,5,1,ok,127,2445
gaps-12-d5-2,5,0,ok,25,2174
gaps-12-d5-2,5,1,ok,25,1433
gaps-12-d5-3,5,0,ok,54,6493
gaps-12-d5-3,5,1,ok,54,2274
gaps-12-d5-4,5,0,ok,29,2214
gaps-12-d5-4,5,1,ok,29,1403
gaps-12-d5-5,5,0,ok,150,5821
gaps-12-d5-5,5,1,ok,150,2585
gaps-34-d1-1,5,0,ok,271,6823
gaps-34-d1-1,5,1,ok,271,2495
gaps-34-d1-2,5,0,ok,24,6082
gaps-34-d1-2,5,1,ok,24,1973
gaps-34-d1-3,5,0,ok,29,3637
gaps-34-d1-3,5,1,ok,29,1372
gaps-34-d1-4,5,0,ok,149,7795
gaps-34-d1-4,5,1,ok,149,3457
gaps-34-d1-5,5,0,ok,824,22754
gaps-34-d1-5,5,1,ok,824,14057
gaps-34-d2-1,5,0,ok,118,6021
gaps-34-d2-1,5,1,ok,118,4178
gaps-34-d2-2,5,0,ok,162,8857
gaps-34-d2-2,5,1,ok,162,3176
gaps-34-d2-3,5,0,ok,473,7043
gaps-34-d2-3,5,1,ok,473,3457
gaps-34-d2-4,5,0,ok,31,4499
gaps-34-d2-4,5,1,ok,31,1693
gaps-34-d2-5,5,0,ok,383,21171
gaps-34-d2-5,5,1,ok,383,9779
gaps-34-d3-2,5,0,ok,547,15871
gaps-34-d3-2,5,1,ok,547,9899
gaps-34-d3-3,5,0,ok,71,7174
gaps-34-d3-3,5,1,ok,71,2916
gaps-34-d3-4,5,0,ok,31,2786
gaps-34-d3-4,5,1,ok,31,1513
gaps-34-d4-1,5,0,ok,178,6933
gaps-34-d4-1,5,1,ok,178,2295
gaps-34-d4-2,5,0,ok,4898,59465
gaps-34-d4-2,5,1,ok,4898,52661
gaps-34-d4-3,5,0,ok,31,5170
gaps-34-d4-3,5,1,ok,31,1753
gaps-34-d4-4,5,0,ok,138,20189
gaps-34-d4-4,5,1,ok,138,8126
gaps-34-d4-5,5,0,ok,372,15740
gaps-34-d4-5,5,1,ok,372,7354
gaps-34-d5-1,5,0,ok,207,12965
gaps-34-d5-1,5,1,ok,207,2805
gaps-34-d5-2,5,0,ok,713,15260
gaps-34-d5-2,5,1,ok,713,9549
gaps-34-d5-3,5,0,ok,1348,13847
gaps-34-d5-3,5,1,ok,1348,8346
gaps-34-d5-5,5,0,ok,243,7555
gaps-34-d5-5,5,1,ok,243,2846
gaps-56-d2-1,5,0,ok,108,8246
gaps-56-d2-1,5,1,ok,108,3216
gaps-56-d2-2,5,0,ok,618,12895
gaps-56-d2-2,5,1,ok,618,8527
gaps-56-d2-3,5,0,ok,541,16963
gaps-56-d2-3,5,1,ok,541,17784
gaps-56-d3-1,5,0,ok,60301,306430
gaps-56-d3-1,5,1,ok,60301,301901
gaps-56-d3-2,5,0,ok,617,20138
gaps-56-d3-2,5,1,ok,617,11262
gaps-56-d3-3,5,0,ok,377,8306
gaps-56-d3-3,5,1,ok,377,5060
gaps-56-d4-1,5,0,ok,941,9799
gaps-56-d4-1,5,1,ok,941,4108
gaps-56-d4-2,5,0,ok,1395,12063
gaps-56-d4-2,5,1,ok,1395,8957
gaps-56-d4-3,5,0,ok,105638,463923
gaps-56-d4-3,5,1,ok,105638,649150
grid-56-d2-1,5,0,ok,712,26511
grid-56-d2-1,5,1,ok,712,8056
grid-56-d2-2,5,0,ok,221,8016
grid-56-d2-2,5,1,ok,221,4078
grid-56-d2-3,5,0,ok,1362,19617
grid-56-d2-3,5,1,ok,1362,15420
grid-56-d3-1,5,0,ok,1179,22002
grid-56-d3-1,5,1,ok,1179,12363
grid-56-d3-2,5,0,ok,1732,16632
grid-56-d3-2,5,1,ok,1732,12584
grid-56-d3-3,5,0,ok,1251,18857
grid-56-d3-3,5,1,ok,1251,10620
grid-56-d4-1,5,0,ok,5876,185467
grid-56-d4-1,5,1,ok,5876,158314
grid-56-d4-2,5,0,ok,18448,179495
grid-56-d4-2,5,1,ok,18448,170979
grid-56-d4-3,5,0,ok,535571,5728200
grid-56-d4-3,5,1,ok,535571,9424226
kl-34-d1-1,5,0,ok,224,25058
kl-34-d1-1,5,1,ok,224,5852
kl-34-d5-2,5,0,ok,1008543,5671069
kl-34-d5-2,5,1,ok,1008543,9686441
kl-56-d2-1,5,0,ok,557,19487
kl-56-d2-1,5,1,ok,557,6823
kl-56-d2-2,5,0,ok,587,8767
kl-56-d2-2,5,1,ok,587,6162
kl-56-d2-3,5,0,ok,468,10080
kl-56-d2-3,5,1,ok,468,5822
kl-56-d3-1,5,0,ok,556,15871
kl-56-d3-1,5,1,ok,556,7875
kl-56-d3-2,5,0,ok,64797,748130
kl-56-d3-2,5,1,ok,64797,326479
kl-56-d3-3,5,0,ok,2065,23696
kl-56-d3-3,5,1,ok,2065,14288
kl-56-d4-1,5,0,ok,2605,26180
kl-56-d4-1,5,1,ok,2605,19117
kl-56-d4-2,5,0,ok,1765,17274
kl-56-d4-2,5,1,ok,1765,13256
kl-56-d4-3,5,0,ok,35374,240342
kl-56-d4-3,5,1,ok,35374,245082
ord-12-d1-1,5,0,ok,742,21742
ord-12-d1-1,5,1,ok,742,9077
ord-12-d1-2,5,0,ok,773,12174
ord-12-d1-2,5,1,ok,773,8647
ord-12-d1-3,5,0,ok,721,21291
ord-12-d1-3,5,1,ok,721,7975
ord-12-d1-4,5,0,ok,744,52852
ord-12-d1-4,5,1,ok,744,18235
ord-12-d1-5,5,0,ok,798,24407
ord-12-d1-5,5,1,ok,798,15279
ord-12-d2-1,5,0,ok,3039,80735
ord-12-d2-1,5,1,ok,3039,45708
ord-12-d2-2,5,0,ok,16892,266663
ord-12-d2-2,5,1,ok,16892,223410
ord-12-d2-3,5,0,ok,3154,89632
ord-12-d2-3,5,1,ok,3154,72910
ord-12-d2-4,5,0,ok,3153,54224
ord-12-d2-4,5,1,ok,3153,46339
ord-12-d2-5,5,0,ok,3369,55397
ord-12-d2-5,5,1,ok,3369,45197
ord-12-d3-2,5,0,ok,3153,37372
ord-12-d3-2,5,1,ok,3153,24748
ord-12-d3-3,5,0,ok,3544,95564
ord-12-d3-3,5,1,ok,3544,22063
ord-12-d3-4,5,0,ok,3319,80004
ord-12-d3-4,5,1,ok,3319,50748
ord-12-d3-5,5,0,ok,3145,51950
ord-12-d3-5,5,1,ok,3145,43594
ord-12-d4-1,5,0,ok,19015,973915
ord-12-d4-1,5,1,ok,19015,282093
ord-12-d4-2,5,0,ok,3279,65035
ord-12-d4-2,5,1,ok,3279,44666
ord-12-d4-4,5,0,ok,3449,58954
ord-12-d4-4,5,1,ok,3449,47121
ord-12-d4-5,5,0,ok,6642,121494
ord-12-d4-5,5,1,ok,6642,109721
ord-12-d5-2,5,0,ok,3173,60246
ord-12-d5-2,5,1,ok,3173,46981
ord-12-d5-3,5,0,ok,18951,158986
ord-12-d5-3,5,1,ok,18951,142404
ord-12-d5-4,5,0,ok,3493,45227
ord-12-d5-4,5,1,ok,3493,41730
ord-12-d5-5,5,0,ok,7444,70565
ord-12-d5-5,5,1,ok,7444,57812
ord-34-d1-1,5,0,ok,27999,217880
ord-34-d1-1,5,1,ok,27999,196358
ord-34-d1-2,5,0,ok,560,34496
ord-34-d1-2,5,1,ok,560,10721
ord-34-d1-3,5,0,ok,28115,629753
ord-34-d1-3,5,1,ok,28115,162513
ord-34-d1-4,5,0,ok,921069,9631545
ord-34-d1-4,5,1,ok,921069,9421351
ord-34-d1-5,5,0,ok,3154,93490
ord-34-d1-5,5,1,ok,3154,82108
ord-34-d2-1,5,0,ok,3885,44626
ord-34-d2-1,5,1,ok,3885,33234
ord-34-d2-2,5,0,ok,18440,259860
ord-34-d2-2,5,1,ok,18440,220264
ord-34-d2-3,5,0,ok,3236,31641
ord-34-d2-3,5,1,ok,3236,28274
ord-34-d2-4,5,0,ok,18996,566310
ord-34-d2-4,5,1,ok,18996,162673
ord-34-d2-5,5,0,ok,765,13105
ord-34-d2-5,5,1,ok,765,8476
ord-34-d3-1,5,0,ok,127355,679638
ord-34-d3-1,5,1,ok,127355,1760400
ord-34-d3-2,5,0,ok,3175,32032
ord-34-d3-2,5,1,ok,3175,21421
ord-34-d3-3,5,0,ok,526,17013
ord-34-d3-3,5,1,ok,526,5470
ord-34-d3-4,5,0,ok,18947,147925
ord-34-d3-4,5,1,ok,18947,115763
ord-34-d3-5,5,0,ok,3224,31520
ord-34-d3-5,5,1,ok,3224,24507
ord-34-d4-1,5,0,ok,18475,112557
ord-34-d4-1,5,1,ok,18475,106846
ord-34-d4-3,5,0,ok,18564,120352
ord-34-d4-3,5,1,ok,18564,115281
ord-34-d4-4,5,0,ok,984,15279
ord-34-d4-4,5,1,ok,984,7004
ord-34-d4-5,5,0,ok,5313,40538
ord-34-d4-5,5,1,ok,5313,41680
ord-34-d5-1,5,0,ok,128680,2005993
ord-34-d5-1,5,1,ok,128680,1528904
ord-34-d5-2,5,0,ok,20388,207289
ord-34-d5-2,5,1,ok,20388,143176
ord-34-d5-3,5,0,ok,3211,24247
ord-34-d5-3,5,1,ok,3211,24698
ord-34-d5-5,5,0,ok,18776,109250
ord-34-d5-5,5,1,ok,18776,100093
ord-56-d2-1,5,0,ok,19022,113979
ord-56-d2-1,5,1,ok,19022,107948
ord-56-d2-2,5,0,ok,6289,39566
ord-56-d2-2,5,1,ok,6289,31050
ord-56-d2-3,5,0,ok,18020,114070
ord-56-d2-3,5,1,ok,18020,101796
ord-56-d3-1,5,0,ok,131940,1705153
ord-56-d3-1,5,1,ok,131940,1836015
ord-56-d3-2,5,0,ok,39025,279829
ord-56-d3-2,5,1,ok,39025,233710
ord-56-d3-3,5,0,ok,18622,155430
ord-56-d3-3,5,1,ok,18622,110252
ord-56-d4-1,5,0,ok,1002845,12588088
ord-56-d4-1,5,1,ok,1002845,9513207
ord-56-d4-2,5,0,ok,3767,43734
ord-56-d4-2,5,1,ok,3767,43824
ord-56-d4-3,5,0,ok,131560,1609900
ord-56-d4-3,5,1,ok,131560,1545486
par-12-d1-1,5,0,ok,117,11512
par-12-d1-1,5,1,ok,117,4178
par-12-d1-3,5,0,ok,61,5400
par-12-d1-3,5,1,ok,61,17894
par-12-d1-4,5,0,ok,454,17955
par-12-d1-4,5,1,ok,454,4859
par-12-d1-5,5,0,ok,148,6642
par-12-d1-5,5,1,ok,148,2154
par-12-d2-3,5,0,ok,113,5721
par-12-d2-3,5,1,ok,113,2776
par-12-d2-5,5,0,ok,142,9047
par-12-d2-5,5,1,ok,142,2775
par-12-d3-1,5,0,ok,152,8837
par-12-d3-1,5,1,ok,152,2955
par-12-d3-2,5,0,ok,316,28896
par-12-d3-2,5,1,ok,316,8176
par-12-d3-4,5,0,ok,704,28454
par-12-d3-4,5,1,ok,704,13526
par-12-d4-2,5,0,ok,252,9819
par-12-d4-2,5,1,ok,252,3527
par-12-d4-4,5,0,ok,13046,130892
par-12-d4-4,5,1,ok,13046,127295
par-12-d4-5,5,0,ok,80487,945852
par-12-d4-5,5,1,ok,80487,510252
par-12-d5-2,5,0,ok,1604,26331
par-12-d5-2,5,1,ok,1604,17574
par-34-d1-1,5,0,ok,128,5530
par-34-d1-1,5,1,ok,128,2104
par-34-d1-2,5,0,ok,1516,41530
par-34-d1-2,5,1,ok,1516,19538
par-34-d1-3,5,0,ok,73,7123
par-34-d1-3,5,1,ok,73,2174
par-34-d1-4,5,0,ok,12049,214533
par-34-d1-4,5,1,ok,12049,100704
par-34-d1-5,5,0,ok,78,3517
par-34-d1-5,5,1,ok,78,1673
par-34-d2-1,5,0,ok,707,19738
par-34-d2-1,5,1,ok,707,6773
par-34-d2-2,5,0,ok,55,8877
par-34-d2-2,5,1,ok,55,3738
par-34-d2-3,5,0,ok,1640,16061
par-34-d2-3,5,1,ok,1640,10871
par-34-d3-1,5,0,ok,199875,336067
par-34-d3-1,5,1,ok,199875,331479
par-34-d3-2,5,0,ok,1529,14107
par-34-d3-2,5,1,ok,1529,8447
par-34-d3-3,5,0,ok,2287,15160
par-34-d3-3,5,1,ok,2287,10069
par-34-d3-4,5,0,ok,28521,1179942
par-34-d3-4,5,1,ok,28521,482679
par-34-d3-5,5,0,ok,545,9628
par-34-d3-5,5,1,ok,545,4819
par-34-d4-1,5,0,ok,2008,32393
par-34-d4-1,5,1,ok,2008,18346
par-34-d4-3,5,0,ok,142,36540
par-34-d4-3,5,1,ok,142,7564
par-34-d4-4,5,0,ok,107,10440
par-34-d4-4,5,1,ok,107,4870
par-34-d4-5,5,0,ok,53570,515783
par-34-d4-5,5,1,ok,53570,1258914
par-34-d5-1,5,0,ok,88014,693906
par-34-d5-1,5,1,ok,88014,1642202
par-34-d5-2,5,0,ok,977,28896
par-34-d5-2,5,1,ok,977,19227
par-34-d5-4,5,0,ok,110044,863964
par-34-d5-4,5,1,ok,110044,846149
par-34-d5-5,5,0,ok,136,16322
par-34-d5-5,5,1,ok,136,6583
par-56-d2-1,5,0,ok,3946,66548
par-56-d2-1,5,1,ok,3946,45918
par-56-d2-2,5,0,ok,1154997,3809024
par-56-d2-2,5,1,ok,1154997,3298511
par-56-d2-3,5,0,ok,578886,2260021
par-56-d2-3,5,1,ok,578886,2370775
par-56-d3-1,5,0,ok,632,19057
par-56-d3-1,5,1,ok,632,9979
par-56-d3-2,5,0,ok,562591,6065830
par-56-d3-2,5,1,ok,562591,6682256
par-56-d3-3,5,0,ok,146408,1682880
par-56-d3-3,5,1,ok,146408,1088315
par-56-d4-1,5,0,ok,1327362,13702534
par-56-d4-1,5,1,ok,1327362,12933002
par-56-d4-2,5,0,ok,103746,966561
par-56-d4-2,5,1,ok,103746,609934
par-56-d4-3,5,0,ok,1372300,5075633
par-56-d4-3,5,1,ok,1372300,3714362
pct-56-d2-1,5,0,ok,1776,13436
pct-56-d2-1,5,1,ok,1776,7975
pct-56-d2-2,5,0,ok,17942,83481
pct-56-d2-2,5,1,ok,17942,76607
pct-56-d2-3,5,0,ok,23509,86727
pct-56-d2-3,5,1,ok,23509,83902
pct-56-d3-1,5,0,ok,16444,71568
pct-56-d3-1,5,1,ok,16444,65617
pct-56-d3-2,5,0,ok,17847,84693
pct-56-d3-2,5,1,ok,17847,79473
pct-56-d3-3,5,0,ok,14832,79172
pct-56-d3-3,5,1,ok,14832,57791
pct-56-d4-1,5,0,ok,20947,90224
pct-56-d4-1,5,1,ok,20947,84272
pct-56-d4-2,5,0,ok,5690,22854
pct-56-d4-2,5,1,ok,5690,20460
pct-56-d4-3,5,0,ok,613,8727
pct-56-d4-3,5,1,ok,613,4508
pig-12-d1-2,5,0,ok,527,11382
pig-12-d1-2,5,1,ok,527,5270
pig-12-d1-3,5,0,ok,3306,40057
pig-12-d1-3,5,1,ok,3306,31490
pig-12-d2-3,5,0,ok,69,7274
pig-12-d2-3,5,1,ok,69,1934
pig-12-d3-3,5,0,ok,273722,2141464
pig-12-d3-3,5,1,ok,273722,2425891
pig-12-d5-5,5,0,ok,597,12784
pig-12-d5-5,5,1,ok,597,5772
pig-34-d1-1,5,0,ok,2944,29016
pig-34-d1-1,5,1,ok,2944,21642
pig-34-d1-2,5,0,ok,85,4940
pig-34-d1-2,5,1,ok,85,1753
pig-34-d1-5,5,0,ok,182,3828
pig-34-d1-5,5,1,ok,182,2185
pig-34-d2-2,5,0,ok,129,5651
pig-34-d2-2,5,1,ok,129,2104
pig-34-d2-3,5,0,ok,30322,120633
pig-34-d2-3,5,1,ok,30322,111795
pig-34-d2-4,5,0,ok,524,14328
pig-34-d2-4,5,1,ok,524,5992
pig-34-d2-5,5,0,ok,159,3447
pig-34-d2-5,5,1,ok,159,1854
pig-34-d3-3,5,0,ok,76941,542214
pig-34-d3-3,5,1,ok,76941,526203
pig-34-d3-4,5,0,ok,99,5130
pig-34-d3-4,5,1,ok,99,1823
pig-34-d4-2,5,0,ok,2413617,20415649
pig-34-d4-2,5,1,ok,2413617,18815698
pig-34-d4-3,5,0,ok,30483,125311
pig-34-d4-3,5,1,ok,30483,113829
pig-34-d4-4,5,0,ok,70,4188
pig-34-d4-4,5,1,ok,70,1923
pig-34-d4-5,5,0,ok,1973,27062
pig-34-d4-5,5,1,ok,1973,23135
pig-34-d5-2,5,0,ok,1456,10881
pig-34-d5-2,5,1,ok,1456,7575
pig-34-d5-4,5,0,ok,1100817,7526141
pig-34-d5-4,5,1,ok,1100817,7428654
pig-34-d5-5,5,0,ok,2156484,11497448
pig-34-d5-5,5,1,ok,2156484,11240393
pig-56-d2-1,5,0,ok,4434,24958
pig-56-d2-1,5,1,ok,4434,14758
pig-56-d2-2,5,0,ok,2163,18225
pig-56-d2-2,5,1,ok,2163,10130
pig-56-d2-3,5,0,ok,112378,415079
pig-56-d2-3,5,1,ok,112378,545260
pig-56-d3-1,5,0,ok,1836,26832
pig-56-d3-1,5,1,ok,1836,17464
pig-56-d3-2,5,0,ok,17531,60807
pig-56-d3-2,5,1,ok,17531,52541
pig-56-d3-3,5,0,ok,46177,178153
pig-56-d3-3,5,1,ok,46177,169196
pig-56-d4-1,5,0,ok,7697,30709
pig-56-d4-1,5,1,ok,7697,23706
pig-56-d4-2,5,0,ok,72741,740917
pig-56-d4-2,5,1,ok,72741,712251
pig-56-d4-3,5,0,ok,192080,1269354
pig-56-d4-3,5,1,ok,192080,1509436
ratio-56-d2-1,5,0,ok,17059,58273
ratio-56-d2-1,5,1,ok,17059,54746
ratio-56-d2-2,5,0,ok,1128,9919
ratio-56-d2-2,5,1,ok,1128,5771
ratio-56-d2-3,5,0,ok,17063,60356
ratio-56-d2-3,5,1,ok,17063,55267
ratio-56-d3-1,5,0,ok,5235,40027
ratio-56-d3-1,5,1,ok,5235,32793
ratio-56-d3-2,5,0,ok,17065,59063
ratio-56-d3-2,5,1,ok,17065,54655
ratio-56-d3-3,5,0,ok,18981,91576
ratio-56-d3-3,5,1,ok,18981,86797
ratio-56-d4-1,5,0,ok,36102,118739
ratio-56-d4-1,5,1,ok,36102,122255
ratio-56-d4-2,5,0,ok,2386,11843
ratio-56-d4-2,5,1,ok,2386,9899
ratio-56-d4-3,5,0,ok,7612,84983
ratio-56-d4-3,5,1,ok,7612,65075
sets-56-d2-1,5,0,ok,714823,2496157
sets-56-d2-1,5,1,ok,714823,3555235
sets-56-d2-2,5,0,ok,206541,1705664
sets-56-d2-2,5,1,ok,206541,912627
sets-56-d2-3,5,0,ok,1070996,5078638
sets-56-d2-3,5,1,ok,1070996,4379743
sets-56-d3-1,5,0,ok,340116,1798643
sets-56-d3-1,5,1,ok,340116,1265276
sets-56-d3-2,5,0,ok,1092164,4420211
sets-56-d3-2,5,1,ok,1092164,4650064
sets-56-d3-3,5,0,ok,2200623,9440667
sets-56-d3-3,5,1,ok,2200623,9649009
sets-56-d4-1,5,0,ok,1917227,16440245
sets-56-d4-1,5,1,ok,1917227,17090998
sets-56-d4-2,5,0,ok,279129,3233425
sets-56-d4-2,5,1,ok,279129,2199966
sets-56-d4-3,5,0,ok,951694,3486443
sets-56-d4-3,5,1,ok,951694,4253941
tri-12-d1-2,5,0,ok,15053,45988
tri-12-d1-2,5,1,ok,15053,41891
tri-12-d1-3,5,0,ok,26,3437
tri-12-d1-3,5,1,ok,26,1152
tri-12-d1-5,5,0,ok,32,1794
tri-12-d1-5,5,1,ok,32,1382
tri-12-d2-1,5,0,ok,31,3256
tri-12-d2-1,5,1,ok,31,1413
tri-12-d2-2,5,0,ok,17055,57170
tri-12-d2-2,5,1,ok,17055,54345
tri-12-d3-1,5,0,ok,41,4889
tri-12-d3-1,5,1,ok,41,1593
tri-12-d3-3,5,0,ok,34,4208
tri-12-d3-3,5,1,ok,34,1493
tri-12-d3-4,5,0,ok,15052,43945
tri-12-d3-4,5,1,ok,15052,41570
tri-12-d3-5,5,0,ok,34,4038
tri-12-d3-5,5,1,ok,34,1222
tri-12-d4-1,5,0,ok,17055,60727
tri-12-d4-1,5,1,ok,17055,54705
tri-12-d5-2,5,0,ok,17054,55266
tri-12-d5-2,5,1,ok,17054,54485
tri-12-d5-3,5,0,ok,144,8777
tri-12-d5-3,5,1,ok,144,3026
tri-12-d5-4,5,0,ok,20062,81527
tri-12-d5-4,5,1,ok,20062,73722
tri-12-d5-5,5,0,ok,1882,24066
tri-12-d5-5,5,1,ok,1882,10340
tri-34-d1-2,5,0,ok,15053,43364
tri-34-d1-2,5,1,ok,15053,41510
tri-34-d1-3,5,0,ok,34,5310
tri-34-d1-3,5,1,ok,34,1463
tri-34-d1-5,5,0,ok,29,2655
tri-34-d1-5,5,1,ok,29,1162
tri-34-d2-1,5,0,ok,42,7945
tri-34-d2-1,5,1,ok,42,2344
tri-34-d2-2,5,0,ok,15055,45438
tri-34-d2-2,5,1,ok,15055,41359
tri-34-d2-4,5,0,ok,39,7184
tri-34-d2-4,5,1,ok,39,2054
tri-34-d2-5,5,0,ok,32,3657
tri-34-d2-5,5,1,ok,32,1343
tri-34-d3-1,5,0,ok,17056,61508
tri-34-d3-1,5,1,ok,17056,55767
tri-34-d3-4,5,0,ok,17055,56108
tri-34-d3-4,5,1,ok,17055,54765
tri-34-d4-1,5,0,ok,30,4178
tri-34-d4-1,5,1,ok,30,1994
tri-34-d4-2,5,0,ok,17056,59855
tri-34-d4-2,5,1,ok,17056,55126
tri-34-d4-3,5,0,ok,34,2485
tri-34-d4-3,5,1,ok,34,1172
tri-34-d4-5,5,0,ok,17058,58403
tri-34-d4-5,5,1,ok,17058,54686
tri-34-d5-1,5,0,ok,133,7695
tri-34-d5-1,5,1,ok,133,3466
tri-34-d5-2,5,0,ok,19055,69143
tri-34-d5-2,5,1,ok,19055,69113
tri-34-d5-3,5,0,ok,2543,37462
tri-34-d5-3,5,1,ok,2543,35348
tri-34-d5-4,5,0,ok,100,12675
tri-34-d5-4,5,1,ok,100,3377
tri-56-d2-1,5,0,ok,120,10340
tri-56-d2-1,5,1,ok,120,3026
tri-56-d2-2,5,0,ok,33073,154117
tri-56-d2-2,5,1,ok,33073,147815
tri-56-d2-3,5,0,ok,62,4669
tri-56-d2-3,5,1,ok,62,1904
tri-56-d3-1,5,0,ok,9390,39235
tri-56-d3-1,5,1,ok,9390,32282
tri-56-d3-2,5,0,ok,100075,1218506
tri-56-d3-2,5,1,ok,100075,1450793
tri-56-d3-3,5,0,ok,2819,23786
tri-56-d3-3,5,1,ok,2819,17423
tri-56-d4-1,5,0,ok,5810,64173
tri-56-d4-1,5,1,ok,5810,58242
tri-56-d4-2,5,0,ok,28915,133998
tri-56-d4-2,5,1,ok,28915,129950
tri-56-d4-3,5,0,ok,55391,302422
tri-56-d4-3,5,1,ok,55391,299627
wp-34-d1-4,5,0,ok,36,5921
wp-34-d1-4,5,1,ok,36,1663
wp-34-d1-5,5,0,ok,446,11242
wp-34-d1-5,5,1,ok,446,5490
wp-34-d3-3,5,0,ok,2376,39526
wp-34-d3-3,5,1,ok,2376,22764
wp-56-d2-1,5,0,ok,13478,156822
wp-56-d2-1,5,1,ok,13478,145681
wp-56-d2-2,5,0,ok,411519,3271809
wp-56-d2-2,5,1,ok,411519,2811564
wp-56-d2-3,5,0,ok,902,17504
wp-56-d2-3,5,1,ok,902,12785
wp-56-d3-1,5,0,ok,2159,35839
wp-56-d3-1,5,1,ok,2159,26191
wp-56-d3-2,5,0,ok,363974,2967684
wp-56-d3-2,5,1,ok,363974,2617209
wp-56-d3-3,5,0,ok,775,18796
wp-56-d3-3,5,1,ok,775,10701
wp-56-d4-1,5,0,ok,308938,2486938
wp-56-d4-1,5,1,ok,308938,2445979
wp-56-d4-2,5,0,ok,7365,87598
wp-56-d4-2,5,1,ok,7365,76056
wp-56-d4-3,5,0,ok,201798,1280586
wp-56-d4-3,5,1,ok,201798,1480791
cal-12-d1-1,6,0,ok,118,7033
cal-12-d1-1,6,1,ok,118,2625
cal-12-d1-2,6,0,ok,55,4608
cal-12-d1-2,6,1,ok,55,1763
cal-12-d1-3,6,0,ok,103,6593
cal-12-d1-3,6,1,ok,103,2815
cal-12-d1-4,6,0,ok,25,3026
cal-12-d1-4,6,1,ok,25,1362
cal-12-d1-5,6,0,ok,20,3807
cal-12-d1-5,6,1,ok,20,1293
cal-12-d2-1,6,0,ok,130,5872
cal-12-d2-1,6,1,ok,130,2856
cal-12-d2-2,6,0,ok,788,5371
cal-12-d2-2,6,1,ok,788,3987
cal-12-d2-4,6,0,ok,26,5200
cal-12-d2-4,6,1,ok,26,1483
cal-12-d2-5,6,0,ok,488,4048
cal-12-d2-5,6,1,ok,488,2885
cal-12-d3-2,6,0,ok,792,10280
cal-12-d3-2,6,1,ok,792,4138
cal-12-d3-3,6,0,ok,6380,35458
cal-12-d3-3,6,1,ok,6380,32833
cal-12-d3-5,6,0,ok,1269,8637
cal-12-d3-5,6,1,ok,1269,5050
cal-12-d4-2,6,0,ok,623,7985
cal-12-d4-2,6,1,ok,623,3747
cal-12-d4-3,6,0,ok,7150,40087
cal-12-d4-3,6,1,ok,7150,35759
cal-12-d4-4,6,0,ok,1918,12985
cal-12-d4-4,6,1,ok,1918,8877
cal-12-d4-5,6,0,ok,375,9098
cal-12-d4-5,6,1,ok,375,4539
cal-12-d5-1,6,0,ok,1300,8045
cal-12-d5-1,6,1,ok,1300,6653
cal-12-d5-2,6,0,ok,991,7805
cal-12-d5-2,6,1,ok,991,5230
cal-12-d5-4,6,0,ok,611,4599
cal-12-d5-4,6,1,ok,611,3627
cal-12-d5-5,6,0,ok,4475,224903
cal-12-d5-5,6,1,ok,4475,20469
cal-34-d1-1,6,0,ok,272,4268
cal-34-d1-1,6,1,ok,272,3196
cal-34-d1-2,6,0,ok,323,8627
cal-34-d1-2,6,1,ok,323,2976
cal-34-d1-3,6,0,ok,69,9919
cal-34-d1-3,6,1,ok,69,3046
cal-34-d1-4,6,0,ok,828,10140
cal-34-d1-4,6,1,ok,828,4809
cal-34-d1-5,6,0,ok,24,2885
cal-34-d1-5,6,1,ok,24,1102
cal-34-d2-1,6,0,ok,456,6663
cal-34-d2-1,6,1,ok,456,3828
cal-34-d2-2,6,0,ok,26,4369
cal-34-d2-2,6,1,ok,26,1533
cal-34-d2-3,6,0,ok,33,4839
cal-34-d2-3,6,1,ok,33,1452
cal-34-d2-4,6,0,ok,872,7003
cal-34-d2-4,6,1,ok,872,4749
cal-34-d2-5,6,0,ok,7231,42832
cal-34-d2-5,6,1,ok,7231,36260
cal-34-d3-1,6,0,ok,1207,14277
cal-34-d3-1,6,1,ok,1207,7053
cal-34-d3-2,6,0,ok,1071,9548
cal-34-d3-2,6,1,ok,1071,6282
cal-34-d3-3,6,0,ok,182983,874424
cal-34-d3-3,6,1,ok,182983,867410
cal-34-d3-4,6,0,ok,236,16211
cal-34-d3-4,6,1,ok,236,8867
cal-34-d3-5,6,0,ok,165,6202
cal-34-d3-5,6,1,ok,165,4128
cal-34-d4-1,6,0,ok,4466,20369
cal-34-d4-1,6,1,ok,4466,17654
cal-34-d4-2,6,0,ok,2341,13857
cal-34-d4-2,6,1,ok,2341,10621
cal-34-d4-3,6,0,ok,250997,1092424
cal-34-d4-3,6,1,ok,250997,1141197
cal-34-d4-4,6,0,ok,1070,11853
cal-34-d4-4,6,1,ok,1070,6372
cal-34-d4-5,6,0,ok,201,15529
cal-34-d4-5,6,1,ok,201,3657
cal-34-d5-1,6,0,ok,13265,53683
cal-34-d5-1,6,1,ok,13265,47732
cal-34-d5-2,6,0,ok,1127,27543
cal-34-d5-2,6,1,ok,1127,16482
cal-34-d5-3,6,0,ok,844,9197
cal-34-d5-3,6,1,ok,844,5801
cal-34-d5-4,6,0,ok,3492,31261
cal-34-d5-4,6,1,ok,3492,24227
cal-34-d5-5,6,0,ok,10737,145500
cal-34-d5-5,6,1,ok,10737,135340
cal-56-d2-1,6,0,ok,4528,21221
cal-56-d2-1,6,1,ok,4528,19067
cal-56-d2-2,6,0,ok,134,10851
cal-56-d2-2,6,1,ok,134,3637
cal-56-d2-3,6,0,ok,4337,30158
cal-56-d2-3,6,1,ok,4337,24327
cal-56-d3-1,6,0,ok,682125,4097028
cal-56-d3-1,6,1,ok,682125,5955647
cal-56-d3-2,6,0,ok,1000,14598
cal-56-d3-2,6,1,ok,1000,13506
cal-56-d3-3,6,0,ok,3050,35057
cal-56-d3-3,6,1,ok,3050,15891
cal-56-d4-1,6,0,ok,52283,240673
cal-56-d4-1,6,1,ok,52283,248689
cal-56-d4-2,6,0,ok,233,31210
cal-56-d4-2,6,1,ok,233,14859
cal-56-d4-3,6,0,ok,43949,158665
cal-56-d4-3,6,1,ok,43949,157253
clk-12-d1-1,6,0,ok,121,32483
clk-12-d1-1,6,1,ok,121,7615
clk-12-d1-2,6,0,ok,127,13686
clk-12-d1-2,6,1,ok,127,6392
clk-12-d1-3,6,0,ok,2130,33975
clk-12-d1-3,6,1,ok,2130,27502
clk-12-d1-4,6,0,ok,90,18506
clk-12-d1-4,6,1,ok,90,5801
clk-12-d1-5,6,0,ok,95,5020
clk-12-d1-5,6,1,ok,95,2394
clk-12-d2-1,6,0,ok,605,11702
clk-12-d2-1,6,1,ok,605,6052
clk-12-d2-2,6,0,ok,10294,50567
clk-12-d2-2,6,1,ok,10294,48283
clk-12-d2-3,6,0,ok,94,6753
clk-12-d2-3,6,1,ok,94,3016
clk-12-d2-5,6,0,ok,90,42612
clk-12-d2-5,6,1,ok,90,8046
clk-12-d3-1,6,0,ok,90,9689
clk-12-d3-1,6,1,ok,90,5491
clk-12-d3-2,6,0,ok,155,16341
clk-12-d3-2,6,1,ok,155,11862
clk-12-d3-3,6,0,ok,96,6573
clk-12-d3-3,6,1,ok,96,3116
clk-12-d3-4,6,0,ok,25,4799
clk-12-d3-4,6,1,ok,25,1913
clk-12-d3-5,6,0,ok,90,6582
clk-12-d3-5,6,1,ok,90,2645
clk-12-d4-1,6,0,ok,98,4309
clk-12-d4-1,6,1,ok,98,2635
clk-12-d4-2,6,0,ok,90,3797
clk-12-d4-2,6,1,ok,90,2474
clk-12-d4-4,6,0,ok,1582,17594
clk-12-d4-4,6,1,ok,1582,10230
clk-12-d4-5,6,0,ok,96,4418
clk-12-d4-5,6,1,ok,96,2745
clk-12-d5-2,6,0,ok,171,12524
clk-12-d5-2,6,1,ok,171,4118
clk-12-d5-3,6,0,ok,4255,32212
clk-12-d5-3,6,1,ok,4255,23365
clk-12-d5-4,6,0,ok,1799,12324
clk-12-d5-4,6,1,ok,1799,10240
clk-12-d5-5,6,0,ok,92,10921
clk-12-d5-5,6,1,ok,92,3577
clk-34-d1-1,6,0,ok,97,4719
clk-34-d1-1,6,1,ok,97,2555
clk-34-d1-2,6,0,ok,2015,18926
clk-34-d1-2,6,1,ok,2015,12524
clk-34-d1-3,6,0,ok,34,2615
clk-34-d1-3,6,1,ok,34,1783
clk-34-d1-4,6,0,ok,9917,144689
clk-34-d1-4,6,1,ok,9917,105303
clk-34-d1-5,6,0,ok,16663,55166
clk-34-d1-5,6,1,ok,16663,45378
clk-34-d2-1,6,0,ok,4251,27253
clk-34-d2-1,6,1,ok,4251,22894
clk-34-d2-2,6,0,ok,285,8456
clk-34-d2-2,6,1,ok,285,5701
clk-34-d2-3,6,0,ok,95,8907
clk-34-d2-3,6,1,ok,95,3827
clk-34-d2-4,6,0,ok,517,16271
clk-34-d2-4,6,1,ok,517,11672
clk-34-d2-5,6,0,ok,2872,20209
clk-34-d2-5,6,1,ok,2872,16512
clk-34-d3-2,6,0,ok,96,17904
clk-34-d3-2,6,1,ok,96,8396
clk-34-d3-3,6,0,ok,98,7154
clk-34-d3-3,6,1,ok,98,2866
clk-34-d3-4,6,0,ok,98,4017
clk-34-d3-4,6,1,ok,98,2484
clk-34-d3-5,6,0,ok,3407,23085
clk-34-d3-5,6,1,ok,3407,18245
clk-34-d4-1,6,0,ok,4227,22874
clk-34-d4-1,6,1,ok,4227,17062
clk-34-d4-2,6,0,ok,616,16181
clk-34-d4-2,6,1,ok,616,13145
clk-34-d4-3,6,0,ok,100,7534
clk-34-d4-3,6,1,ok,100,2815
clk-34-d4-4,6,0,ok,2034,41861
clk-34-d4-4,6,1,ok,2034,32733
clk-34-d5-1,6,0,ok,2659,13846
clk-34-d5-1,6,1,ok,2659,12233
clk-34-d5-3,6,0,ok,2974,22523
clk-34-d5-3,6,1,ok,2974,16873
clk-34-d5-5,6,0,ok,111,12584
clk-34-d5-5,6,1,ok,111,4229
clk-56-d2-1,6,0,ok,8927,50437
clk-56-d2-1,6,1,ok,8927,43764
clk-56-d2-2,6,0,ok,208,7334
clk-56-d2-2,6,1,ok,208,4118
clk-56-d2-3,6,0,ok,108,12043
clk-56-d2-3,6,1,ok,108,3907
clk-56-d3-1,6,0,ok,15481,83120
clk-56-d3-1,6,1,ok,15481,74182
clk-56-d3-2,6,0,ok,143,8126
clk-56-d3-2,6,1,ok,143,4138
clk-56-d3-3,6,0,ok,315,17243
clk-56-d3-3,6,1,ok,315,7715
clk-56-d4-1,6,0,ok,31981,401714
clk-56-d4-1,6,1,ok,31981,381866
clk-56-d4-2,6,0,ok,15004,116374
clk-56-d4-2,6,1,ok,15004,100503
clk-56-d4-3,6,0,ok,3126,23966
clk-56-d4-3,6,1,ok,3126,19307
div-56-d2-1,6,0,ok,948,8938
div-56-d2-1,6,1,ok,948,4859
div-56-d2-2,6,0,ok,15099,44786
div-56-d2-2,6,1,ok,15099,43233
div-56-d2-3,6,0,ok,733,6653
div-56-d2-3,6,1,ok,733,3627
div-56-d3-1,6,0,ok,31509,111335
div-56-d3-1,6,1,ok,31509,107627
div-56-d3-2,6,0,ok,5545,39085
div-56-d3-2,6,1,ok,5545,31110
div-56-d3-3,6,0,ok,197,8767
div-56-d3-3,6,1,ok,197,2925
div-56-d4-1,6,0,ok,17055,62991
div-56-d4-1,6,1,ok,17055,58262
div-56-d4-2,6,0,ok,14890,104181
div-56-d4-2,6,1,ok,14890,107628
div-56-d4-3,6,0,ok,16044,49094
div-56-d4-3,6,1,ok,16044,45217
enum-12-d1-1,6,0,ok,79,6924
enum-12-d1-1,6,1,ok,79,2124
enum-12-d1-4,6,0,ok,166,6562
enum-12-d1-4,6,1,ok,166,2334
enum-12-d2-4,6,0,ok,70,5210
enum-12-d2-4,6,1,ok,70,1984
enum-12-d2-5,6,0,ok,650,12805
enum-12-d2-5,6,1,ok,650,8356
enum-12-d3-1,6,0,ok,91,4088
enum-12-d3-1,6,1,ok,91,2144
enum-12-d3-3,6,0,ok,138,4449
enum-12-d3-3,6,1,ok,138,2475
enum-12-d3-4,6,0,ok,408,7715
enum-12-d3-4,6,1,ok,408,4188
enum-12-d4-2,6,0,ok,121,5912
enum-12-d4-2,6,1,ok,121,2024
enum-12-d4-4,6,0,ok,644,15069
enum-12-d4-4,6,1,ok,644,6433
enum-12-d4-5,6,0,ok,89,3397
enum-12-d4-5,6,1,ok,89,1864
enum-12-d5-2,6,0,ok,313,7846
enum-12-d5-2,6,1,ok,313,3266
enum-12-d5-3,6,0,ok,83,3307
enum-12-d5-3,6,1,ok,83,1764
enum-12-d5-4,6,0,ok,757,6933
enum-12-d5-4,6,1,ok,757,4719
enum-34-d1-1,6,0,ok,121,7354
enum-34-d1-1,6,1,ok,121,2204
enum-34-d1-2,6,0,ok,115,12714
enum-34-d1-2,6,1,ok,115,14258
enum-34-d1-4,6,0,ok,149,6492
enum-34-d1-4,6,1,ok,149,2344
enum-34-d2-1,6,0,ok,92,7324
enum-34-d2-1,6,1,ok,92,2324
enum-34-d2-3,6,0,ok,1219,20610
enum-34-d2-3,6,1,ok,1219,11963
enum-34-d2-4,6,0,ok,274,4508
enum-34-d2-4,6,1,ok,274,2836
enum-34-d2-5,6,0,ok,119,5971
enum-34-d2-5,6,1,ok,119,2324
enum-34-d3-2,6,0,ok,124,4929
enum-34-d3-2,6,1,ok,124,2214
enum-34-d3-3,6,0,ok,594,7705
enum-34-d3-3,6,1,ok,594,4038
enum-34-d3-4,6,0,ok,22528,106525
enum-34-d3-4,6,1,ok,22528,102898
enum-34-d3-5,6,0,ok,691,12874
enum-34-d3-5,6,1,ok,691,7134
enum-34-d4-1,6,0,ok,1533,14738
enum-34-d4-1,6,1,ok,1533,10290
enum-34-d4-3,6,0,ok,3724,21792
enum-34-d4-3,6,1,ok,3724,17354
enum-34-d4-4,6,0,ok,907,10070
enum-34-d4-4,6,1,ok,907,5901
enum-34-d4-5,6,0,ok,480,14188
enum-34-d4-5,6,1,ok,480,7314
enum-34-d5-1,6,0,ok,22532,105984
enum-34-d5-1,6,1,ok,22532,102307
enum-34-d5-2,6,0,ok,1584,11312
enum-34-d5-2,6,1,ok,1584,6633
enum-34-d5-4,6,0,ok,688,9879
enum-34-d5-4,6,1,ok,688,6272
enum-56-d2-1,6,0,ok,190,4038
enum-56-d2-1,6,1,ok,190,2795
enum-56-d2-2,6,0,ok,125,4468
enum-56-d2-2,6,1,ok,125,2144
enum-56-d2-3,6,0,ok,883,10942
enum-56-d2-3,6,1,ok,883,6142
enum-56-d3-1,6,0,ok,5662,20179
enum-56-d3-1,6,1,ok,5662,15900
enum-56-d3-2,6,0,ok,7934,71798
enum-56-d3-2,6,1,ok,7934,59474
enum-56-d3-3,6,0,ok,10713,78341
enum-56-d3-3,6,1,ok,10713,70215
enum-56-d4-1,6,0,ok,224150,1382472
enum-56-d4-1,6,1,ok,224150,2133358
enum-56-d4-2,6,0,ok,18884,134930
enum-56-d4-2,6,1,ok,18884,127074
enum-56-d4-3,6,0,ok,713,10069
enum-56-d4-3,6,1,ok,713,5812
frac-56-d2-1,6,0,ok,17719,66208
frac-56-d2-1,6,1,ok,17719,118939
frac-56-d2-2,6,0,ok,14426,62761
frac-56-d2-2,6,1,ok,14426,56028
frac-56-d2-3,6,0,ok,295,6383
frac-56-d2-3,6,1,ok,295,2976
frac-56-d3-1,6,0,ok,20670,83712
frac-56-d3-1,6,1,ok,20670,83430
frac-56-d3-2,6,0,ok,32557,115001
frac-56-d3-2,6,1,ok,32557,112176
frac-56-d3-3,6,0,ok,13917,51389
frac-56-d3-3,6,1,ok,13917,50077
frac-56-d4-1,6,0,ok,20699,169737
frac-56-d4-1,6,1,ok,20699,151562
frac-56-d4-2,6,0,ok,427,7515
frac-56-d4-2,6,1,ok,427,3467
frac-56-d4-3,6,0,ok,46564,176340
frac-56-d4-3,6,1,ok,46564,167403
game-56-d2-1,6,0,ok,692,14648
game-56-d2-1,6,1,ok,692,7094
game-56-d2-2,6,0,ok,1887,16722
game-56-d2-2,6,1,ok,1887,11683
game-56-d2-3,6,0,ok,1046,16031
game-56-d2-3,6,1,ok,1046,8817
game-56-d3-1,6,0,ok,867,11222
game-56-d3-1,6,1,ok,867,7645
game-56-d3-2,6,0,ok,5153,99321
game-56-d3-2,6,1,ok,5153,85284
game-56-d3-3,6,0,ok,800,13415
game-56-d3-3,6,1,ok,800,7975
game-56-d4-1,6,0,ok,1213,11683
game-56-d4-1,6,1,ok,1213,8786
game-56-d4-2,6,0,ok,3467,71327
game-56-d4-2,6,1,ok,3467,59565
game-56-d4-3,6,0,ok,1597,13576
game-56-d4-3,6,1,ok,1597,10149
gaps-12-d1-1,6,0,ok,100,5100
gaps-12-d1-1,6,1,ok,100,2565
gaps-12-d1-2,6,0,ok,73,2645
gaps-12-d1-2,6,1,ok,73,1523
gaps-12-d1-3,6,0,ok,285,7434
gaps-12-d1-3,6,1,ok,285,3868
gaps-12-d1-4,6,0,ok,24,2325
gaps-12-d1-4,6,1,ok,24,1573
gaps-12-d1-5,6,0,ok,72,29868
gaps-12-d1-5,6,1,ok,72,13947
gaps-12-d2-1,6,0,ok,123,5110
gaps-12-d2-1,6,1,ok,123,2034
gaps-12-d2-3,6,0,ok,110,7444
gaps-12-d2-3,6,1,ok,110,2344
gaps-12-d3-1,6,0,ok,104,8186
gaps-12-d3-1,6,1,ok,104,2695
gaps-12-d3-3,6,0,ok,43,8596
gaps-12-d3-3,6,1,ok,43,2475
gaps-12-d3-4,6,0,ok,79,4379
gaps-12-d3-4,6,1,ok,79,2285
gaps-12-d3-5,6,0,ok,105,8116
gaps-12-d3-5,6,1,ok,105,2886
gaps-12-d4-3,6,0,ok,218,7705
gaps-12-d4-3,6,1,ok,218,2785
gaps-12-d4-5,6,0,ok,127,12063
gaps-12-d4-5,6,1,ok,127,5150
gaps-12-d5-2,6,0,ok,25,4238
gaps-12-d5-2,6,1,ok,25,1894
gaps-12-d5-3,6,0,ok,54,8697
gaps-12-d5-3,6,1,ok,54,2765
gaps-12-d5-4,6,0,ok,29,3507
gaps-12-d5-4,6,1,ok,29,1533
gaps-12-d5-5,6,0,ok,150,5049
gaps-12-d5-5,6,1,ok,150,2565
gaps-34-d1-1,6,0,ok,271,3747
gaps-34-d1-1,6,1,ok,271,2214
gaps-34-d1-2,6,0,ok,24,3447
gaps-34-d1-2,6,1,ok,24,1452
gaps-34-d1-3,6,0,ok,29,4358
gaps-34-d1-3,6,1,ok,29,1754
gaps-34-d1-4,6,0,ok,149,7535
gaps-34-d1-4,6,1,ok,149,2896
gaps-34-d1-5,6,0,ok,824,23385
gaps-34-d1-5,6,1,ok,824,14257
gaps-34-d2-1,6,0,ok,118,4439
gaps-34-d2-1,6,1,ok,118,1823
gaps-34-d2-2,6,0,ok,162,4598
gaps-34-d2-2,6,1,ok,162,2475
gaps-34-d2-3,6,0,ok,473,8777
gaps-34-d2-3,6,1,ok,473,3788
gaps-34-d2-4,6,0,ok,31,4789
gaps-34-d2-4,6,1,ok,31,1714
gaps-34-d2-5,6,0,ok,383,8597
gaps-34-d2-5,6,1,ok,383,4809
gaps-34-d3-2,6,0,ok,547,15711
gaps-34-d3-2,6,1,ok,547,9027
gaps-34-d3-3,6,0,ok,71,6683
gaps-34-d3-3,6,1,ok,71,2655
gaps-34-d3-4,6,0,ok,31,2815
gaps-34-d3-4,6,1,ok,31,1352
gaps-34-d4-1,6,0,ok,178,4208
gaps-34-d4-1,6,1,ok,178,1973
gaps-34-d4-2,6,0,ok,4898,60988
gaps-34-d4-2,6,1,ok,4898,52050
gaps-34-d4-3,6,0,ok,31,3036
gaps-34-d4-3,6,1,ok,31,1472
gaps-34-d4-4,6,0,ok,138,6272
gaps-34-d4-4,6,1,ok,138,2786
gaps-34-d4-5,6,0,ok,372,8938
gaps-34-d4-5,6,1,ok,372,5380
gaps-34-d5-1,6,0,ok,207,3838
gaps-34-d5-1,6,1,ok,207,2365
gaps-34-d5-2,6,0,ok,713,17454
gaps-34-d5-2,6,1,ok,713,15309
gaps-34-d5-3,6,0,ok,1348,15470
gaps-34-d5-3,6,1,ok,1348,9127
gaps-34-d5-5,6,0,ok,243,7193
gaps-34-d5-5,6,1,ok,243,2645
gaps-56-d2-1,6,0,ok,108,11231
gaps-56-d2-1,6,1,ok,108,3758
gaps-56-d2-2,6,0,ok,618,12434
gaps-56-d2-2,6,1,ok,618,7915
gaps-56-d2-3,6,0,ok,541,10059
gaps-56-d2-3,6,1,ok,541,4528
gaps-56-d3-1,6,0,ok,60301,307031
gaps-56-d3-1,6,1,ok,60301,294136
gaps-56-d3-2,6,0,ok,617,40087
gaps-56-d3-2,6,1,ok,617,44756
gaps-56-d3-3,6,0,ok,377,9558
gaps-56-d3-3,6,1,ok,377,5100
gaps-56-d4-1,6,0,ok,941,11983
gaps-56-d4-1,6,1,ok,941,4188
gaps-56-d4-2,6,0,ok,1395,14167
gaps-56-d4-2,6,1,ok,1395,9619
gaps-56-d4-3,6,0,ok,105638,483271
gaps-56-d4-3,6,1,ok,105638,456879
grid-56-d2-1,6,0,ok,712,25089
grid-56-d2-1,6,1,ok,712,8366
grid-56-d2-2,6,0,ok,221,6672
grid-56-d2-2,6,1,ok,221,3677
grid-56-d2-3,6,0,ok,1362,23896
grid-56-d2-3,6,1,ok,1362,17112
grid-56-d3-1,6,0,ok,1179,70556
grid-56-d3-1,6,1,ok,1179,34947
grid-56-d3-2,6,0,ok,1732,18215
grid-56-d3-2,6,1,ok,1732,13577
grid-56-d3-3,6,0,ok,1251,16512
grid-56-d3-3,6,1,ok,1251,10450
grid-56-d4-1,6,0,ok,5876,68782
grid-56-d4-1,6,1,ok,5876,54515
grid-56-d4-2,6,0,ok,18448,178494
grid-56-d4-2,6,1,ok,18448,176580
grid-56-d4-3,6,0,ok,535571,5615573
grid-56-d4-3,6,1,ok,535571,5316536
kl-34-d1-1,6,0,ok,224,6974
kl-34-d1-1,6,1,ok,224,3176
kl-34-d5-2,6,0,ok,1008543,4687997
kl-34-d5-2,6,1,ok,1008543,5340162
kl-56-d2-1,6,0,ok,557,13506
kl-56-d2-1,6,1,ok,557,5911
kl-56-d2-2,6,0,ok,587,25018
kl-56-d2-2,6,1,ok,587,7233
kl-56-d2-3,6,0,ok,468,12654
kl-56-d2-3,6,1,ok,468,5019
kl-56-d3-1,6,0,ok,556,9629
kl-56-d3-1,6,1,ok,556,5471
kl-56-d3-2,6,0,ok,64797,326418
kl-56-d3-2,6,1,ok,64797,314315
kl-56-d3-3,6,0,ok,2065,20640
kl-56-d3-3,6,1,ok,2065,13486
kl-56-d4-1,6,0,ok,2605,23706
kl-56-d4-1,6,1,ok,2605,16752
kl-56-d4-2,6,0,ok,1765,22333
kl-56-d4-2,6,1,ok,1765,11863
kl-56-d4-3,6,0,ok,35374,222618
kl-56-d4-3,6,1,ok,35374,216988
ord-12-d1-1,6,0,ok,742,16773
ord-12-d1-1,6,1,ok,742,7585
ord-12-d1-2,6,0,ok,773,9589
ord-12-d1-2,6,1,ok,773,7153
ord-12-d1-3,6,0,ok,721,13536
ord-12-d1-3,6,1,ok,721,7445
ord-12-d1-4,6,0,ok,744,9478
ord-12-d1-4,6,1,ok,744,7043
ord-12-d1-5,6,0,ok,798,11522
ord-12-d1-5,6,1,ok,798,7524
ord-12-d2-1,6,0,ok,3039,24307
ord-12-d2-1,6,1,ok,3039,20119
ord-12-d2-2,6,0,ok,16892,103289
ord-12-d2-2,6,1,ok,16892,99512
ord-12-d2-3,6,0,ok,3154,31401
ord-12-d2-3,6,1,ok,3154,21852
ord-12-d2-4,6,0,ok,3153,23716
ord-12-d2-4,6,1,ok,3153,21401
ord-12-d2-5,6,0,ok,3369,23496
ord-12-d2-5,6,1,ok,3369,21191
ord-12-d3-2,6,0,ok,3153,30840
ord-12-d3-2,6,1,ok,3153,21962
ord-12-d3-3,6,0,ok,3544,51629
ord-12-d3-3,6,1,ok,3544,21842
ord-12-d3-4,6,0,ok,3319,38064
ord-12-d3-4,6,1,ok,3319,23214
ord-12-d3-5,6,0,ok,3145,23295
ord-12-d3-5,6,1,ok,3145,20820
ord-12-d4-1,6,0,ok,19015,114040
ord-12-d4-1,6,1,ok,19015,390371
ord-12-d4-2,6,0,ok,3279,25720
ord-12-d4-2,6,1,ok,3279,20770
ord-12-d4-4,6,0,ok,3449,23274
ord-12-d4-4,6,1,ok,3449,21761
ord-12-d4-5,6,0,ok,6642,71237
ord-12-d4-5,6,1,ok,6642,46991
ord-12-d5-2,6,0,ok,3173,27233
ord-12-d5-2,6,1,ok,3173,21030
ord-12-d5-3,6,0,ok,18951,119109
ord-12-d5-3,6,1,ok,18951,109240
ord-12-d5-4,6,0,ok,3493,31731
ord-12-d5-4,6,1,ok,3493,23755
ord-12-d5-5,6,0,ok,7444,50758
ord-12-d5-5,6,1,ok,7444,182090
ord-34-d1-1,6,0,ok,27999,205576
ord-34-d1-1,6,1,ok,27999,191309
ord-34-d1-2,6,0,ok,560,14528
ord-34-d1-2,6,1,ok,560,4619
ord-34-d1-3,6,0,ok,28115,338933
ord-34-d1-3,6,1,ok,28115,182321
ord-34-d1-4,6,0,ok,921069,5981056
ord-34-d1-4,6,1,ok,921069,6339917
ord-34-d1-5,6,0,ok,3154,28976
ord-34-d1-5,6,1,ok,3154,21361
ord-34-d2-1,6,0,ok,3885,41440
ord-34-d2-1,6,1,ok,3885,31811
ord-34-d2-2,6,0,ok,18440,108729
ord-34-d2-2,6,1,ok,18440,98830
ord-34-d2-3,6,0,ok,3236,26030
ord-34-d2-3,6,1,ok,3236,20690
ord-34-d2-4,6,0,ok,18996,112075
ord-34-d2-4,6,1,ok,18996,198783
ord-34-d2-5,6,0,ok,765,15129
ord-34-d2-5,6,1,ok,765,8116
ord-34-d3-1,6,0,ok,127355,659540
ord-34-d3-1,6,1,ok,127355,634722
ord-34-d3-2,6,0,ok,3175,30228
ord-34-d3-2,6,1,ok,3175,22172
ord-34-d3-3,6,0,ok,526,18395
ord-34-d3-3,6,1,ok,526,4649
ord-34-d3-4,6,0,ok,18947,318834
ord-34-d3-4,6,1,ok,18947,119931
ord-34-d3-5,6,0,ok,3224,26391
ord-34-d3-5,6,1,ok,3224,22393
ord-34-d4-1,6,0,ok,18475,114740
ord-34-d4-1,6,1,ok,18475,102367
ord-34-d4-3,6,0,ok,18564,134008
ord-34-d4-3,6,1,ok,18564,104331
ord-34-d4-4,6,0,ok,984,38724
ord-34-d4-4,6,1,ok,984,14588
ord-34-d4-5,6,0,ok,5313,34226
ord-34-d4-5,6,1,ok,5313,22403
ord-34-d5-1,6,0,ok,128680,683796
ord-34-d5-1,6,1,ok,128680,918889
ord-34-d5-2,6,0,ok,20388,119390
ord-34-d5-2,6,1,ok,20388,116094
ord-34-d5-3,6,0,ok,3211,28635
ord-34-d5-3,6,1,ok,3211,21882
ord-34-d5-5,6,0,ok,18776,111354
ord-34-d5-5,6,1,ok,18776,103429
ord-56-d2-1,6,0,ok,19022,115943
ord-56-d2-1,6,1,ok,19022,109100
ord-56-d2-2,6,0,ok,6289,32923
ord-56-d2-2,6,1,ok,6289,25820
ord-56-d2-3,6,0,ok,18020,115954
ord-56-d2-3,6,1,ok,18020,102698
ord-56-d3-1,6,0,ok,131940,805371
ord-56-d3-1,6,1,ok,131940,707232
ord-56-d3-2,6,0,ok,39025,221076
ord-56-d3-2,6,1,ok,39025,211186
ord-56-d3-3,6,0,ok,18622,123608
ord-56-d3-3,6,1,ok,18622,105233
ord-56-d4-1,6,0,ok,1002845,6694439
ord-56-d4-1,6,1,ok,1002845,5817682
ord-56-d4-2,6,0,ok,3767,33074
ord-56-d4-2,6,1,ok,3767,26180
ord-56-d4-3,6,0,ok,131560,733472
ord-56-d4-3,6,1,ok,131560,1022499
par-12-d1-1,6,0,ok,117,7344
par-12-d1-1,6,1,ok,117,2575
par-12-d1-3,6,0,ok,61,5771
par-12-d1-3,6,1,ok,61,1634
par-12-d1-4,6,0,ok,454,18335
par-12-d1-4,6,1,ok,454,4679
par-12-d1-5,6,0,ok,148,4438
par-12-d1-5,6,1,ok,148,2114
par-12-d2-3,6,0,ok,113,6232
par-12-d2-3,6,1,ok,113,2184
par-12-d2-5,6,0,ok,142,5460
par-12-d2-5,6,1,ok,142,3116
par-12-d3-1,6,0,ok,152,8126
par-12-d3-1,6,1,ok,152,2826
par-12-d3-2,6,0,ok,316,9498
par-12-d3-2,6,1,ok,316,3627
par-12-d3-4,6,0,ok,704,10751
par-12-d3-4,6,1,ok,704,6402
par-12-d4-2,6,0,ok,252,8917
par-12-d4-2,6,1,ok,252,3186
par-12-d4-4,6,0,ok,13046,113819
par-12-d4-4,6,1,ok,13046,103589
par-12-d4-5,6,0,ok,80487,992141
par-12-d4-5,6,1,ok,80487,406332
par-12-d5-2,6,0,ok,1604,31751
par-12-d5-2,6,1,ok,1604,16742
par-34-d1-1,6,0,ok,128,4098
par-34-d1-1,6,1,ok,128,2205
par-34-d1-2,6,0,ok,1516,12825
par-34-d1-2,6,1,ok,1516,7034
par-34-d1-3,6,0,ok,73,5150
par-34-d1-3,6,1,ok,73,1753
par-34-d1-4,6,0,ok,12049,65836
par-34-d1-4,6,1,ok,12049,52952
par-34-d1-5,6,0,ok,78,4188
par-34-d1-5,6,1,ok,78,1763
par-34-d2-1,6,0,ok,707,17854
par-34-d2-1,6,1,ok,707,6563
par-34-d2-2,6,0,ok,55,6583
par-34-d2-2,6,1,ok,55,2234
par-34-d2-3,6,0,ok,1640,19557
par-34-d2-3,6,1,ok,1640,12154
par-34-d3-1,6,0,ok,199875,348151
par-34-d3-1,6,1,ok,199875,341447
par-34-d3-2,6,0,ok,1529,16952
par-34-d3-2,6,1,ok,1529,8717
par-34-d3-3,6,0,ok,2287,15349
par-34-d3-3,6,1,ok,2287,16813
par-34-d3-4,6,0,ok,28521,185277
par-34-d3-4,6,1,ok,28521,180107
par-34-d3-5,6,0,ok,545,38424
par-34-d3-5,6,1,ok,545,12574
par-34-d4-1,6,0,ok,2008,38554
par-34-d4-1,6,1,ok,2008,29527
par-34-d4-3,6,0,ok,142,6953
par-34-d4-3,6,1,ok,142,3216
par-34-d4-4,6,0,ok,107,19418
par-34-d4-4,6,1,ok,107,5230
par-34-d4-5,6,0,ok,53570,516905
par-34-d4-5,6,1,ok,53570,540170
par-34-d5-1,6,0,ok,88014,702553
par-34-d5-1,6,1,ok,88014,676843
par-34-d5-2,6,0,ok,977,17133
par-34-d5-2,6,1,ok,977,9247
par-34-d5-4,6,0,ok,110044,1597245
par-34-d5-4,6,1,ok,110044,1790968
par-34-d5-5,6,0,ok,136,7856
par-34-d5-5,6,1,ok,136,2795
par-56-d2-1,6,0,ok,3946,54566
par-56-d2-1,6,1,ok,3946,42081
par-56-d2-2,6,0,ok,1154997,3480692
par-56-d2-2,6,1,ok,1154997,3257683
par-56-d2-3,6,0,ok,578886,1994661
par-56-d2-3,6,1,ok,578886,2199064
par-56-d3-1,6,0,ok,632,19919
par-56-d3-1,6,1,ok,632,10009
par-56-d3-2,6,0,ok,562591,6217722
par-56-d3-2,6,1,ok,562591,5620563
par-56-d3-3,6,0,ok,146408,1040474
par-56-d3-3,6,1,ok,146408,1449070
par-56-d4-1,6,0,ok,1327362,13036541
par-56-d4-1,6,1,ok,1327362,13473402
par-56-d4-2,6,0,ok,103746,618782
par-56-d4-2,6,1,ok,103746,864144
par-56-d4-3,6,0,ok,1372300,3723860
par-56-d4-3,6,1,ok,1372300,4182493
pct-56-d2-1,6,0,ok,1776,14758
pct-56-d2-1,6,1,ok,1776,8116
pct-56-d2-2,6,0,ok,17942,410791
pct-56-d2-2,6,1,ok,17942,206056
pct-56-d2-3,6,0,ok,23509,95474
pct-56-d2-3,6,1,ok,23509,88710
pct-56-d3-1,6,0,ok,16444,74523
pct-56-d3-1,6,1,ok,16444,64895
pct-56-d3-2,6,0,ok,17847,96977
pct-56-d3-2,6,1,ok,17847,81046
pct-56-d3-3,6,0,ok,14832,62391
pct-56-d3-3,6,1,ok,14832,56909
pct-56-d4-1,6,0,ok,20947,84904
pct-56-d4-1,6,1,ok,20947,82929
pct-56-d4-2,6,0,ok,5690,27884
pct-56-d4-2,6,1,ok,5690,21481
pct-56-d4-3,6,0,ok,613,11012
pct-56-d4-3,6,1,ok,613,4909
pig-12-d1-2,6,0,ok,527,18225
pig-12-d1-2,6,1,ok,527,6393
pig-12-d1-3,6,0,ok,3306,113068
pig-12-d1-3,6,1,ok,3306,91607
pig-12-d2-3,6,0,ok,69,4579
pig-12-d2-3,6,1,ok,69,1793
pig-12-d3-3,6,0,ok,273722,2758071
pig-12-d3-3,6,1,ok,273722,2252688
pig-12-d5-5,6,0,ok,597,14478
pig-12-d5-5,6,1,ok,597,6693
pig-34-d1-1,6,0,ok,2944,25378
pig-34-d1-1,6,1,ok,2944,21982
pig-34-d1-2,6,0,ok,85,3637
pig-34-d1-2,6,1,ok,85,1593
pig-34-d1-5,6,0,ok,182,5060
pig-34-d1-5,6,1,ok,182,2214
pig-34-d2-2,6,0,ok,129,4228
pig-34-d2-2,6,1,ok,129,2585
pig-34-d2-3,6,0,ok,30322,128477
pig-34-d2-3,6,1,ok,30322,114861
pig-34-d2-4,6,0,ok,524,13295
pig-34-d2-4,6,1,ok,524,5661
pig-34-d2-5,6,0,ok,159,3647
pig-34-d2-5,6,1,ok,159,1794
pig-34-d3-3,6,0,ok,76941,542114
pig-34-d3-3,6,1,ok,76941,948766
pig-34-d3-4,6,0,ok,99,4398
pig-34-d3-4,6,1,ok,99,1924
pig-34-d4-2,6,0,ok,2413617,18814787
pig-34-d4-2,6,1,ok,2413617,17635116
pig-34-d4-3,6,0,ok,30483,125562
pig-34-d4-3,6,1,ok,30483,114140
pig-34-d4-4,6,0,ok,70,3607
pig-34-d4-4,6,1,ok,70,2114
pig-34-d4-5,6,0,ok,1973,27273
pig-34-d4-5,6,1,ok,1973,29828
pig-34-d5-2,6,0,ok,1456,11031
pig-34-d5-2,6,1,ok,1456,7194
pig-34-d5-4,6,0,ok,1100817,7644489
pig-34-d5-4,6,1,ok,1100817,6921848
pig-34-d5-5,6,0,ok,2156484,11171510
pig-34-d5-5,6,1,ok,2156484,11384600
pig-56-d2-1,6,0,ok,4434,21612
pig-56-d2-1,6,1,ok,4434,15500
pig-56-d2-2,6,0,ok,2163,15710
pig-56-d2-2,6,1,ok,2163,9889
pig-56-d2-3,6,0,ok,112378,340836
pig-56-d2-3,6,1,ok,112378,330647
pig-56-d3-1,6,0,ok,1836,28926
pig-56-d3-1,6,1,ok,1836,18536
pig-56-d3-2,6,0,ok,17531,55537
pig-56-d3-2,6,1,ok,17531,52141
pig-56-d3-3,6,0,ok,46177,173504
pig-56-d3-3,6,1,ok,46177,171751
pig-56-d4-1,6,0,ok,7697,26010
pig-56-d4-1,6,1,ok,7697,22653
pig-56-d4-2,6,0,ok,72741,747048
pig-56-d4-2,6,1,ok,72741,730717
pig-56-d4-3,6,0,ok,192080,1195031
pig-56-d4-3,6,1,ok,192080,1659395
ratio-56-d2-1,6,0,ok,17059,58132
ratio-56-d2-1,6,1,ok,17059,54795
ratio-56-d2-2,6,0,ok,1128,9528
ratio-56-d2-2,6,1,ok,1128,5831
ratio-56-d2-3,6,0,ok,17063,147634
ratio-56-d2-3,6,1,ok,17063,169676
ratio-56-d3-1,6,0,ok,5235,40748
ratio-56-d3-1,6,1,ok,5235,33795
ratio-56-d3-2,6,0,ok,17065,58773
ratio-56-d3-2,6,1,ok,17065,54886
ratio-56-d3-3,6,0,ok,18981,90004
ratio-56-d3-3,6,1,ok,18981,85695
ratio-56-d4-1,6,0,ok,36102,122516
ratio-56-d4-1,6,1,ok,36102,115923
ratio-56-d4-2,6,0,ok,2386,11973
ratio-56-d4-2,6,1,ok,2386,9999
ratio-56-d4-3,6,0,ok,7612,79893
ratio-56-d4-3,6,1,ok,7612,63994
sets-56-d2-1,6,0,ok,714823,3095761
sets-56-d2-1,6,1,ok,714823,3171777
sets-56-d2-2,6,0,ok,206541,706521
sets-56-d2-2,6,1,ok,206541,944579
sets-56-d2-3,6,0,ok,1070996,4378390
sets-56-d2-3,6,1,ok,1070996,3929275
sets-56-d3-1,6,0,ok,340116,1259335
sets-56-d3-1,6,1,ok,340116,1689202
sets-56-d3-2,6,0,ok,1092164,5473849
sets-56-d3-2,6,1,ok,1092164,5685838
sets-56-d3-3,6,0,ok,2200623,10558119
sets-56-d3-3,6,1,ok,2200623,13061789
sets-56-d4-1,6,0,ok,1917227,16427680
sets-56-d4-1,6,1,ok,1917227,18048932
sets-56-d4-2,6,0,ok,279129,2081839
sets-56-d4-2,6,1,ok,279129,2148988
sets-56-d4-3,6,0,ok,951694,4184256
sets-56-d4-3,6,1,ok,951694,3411538
tri-12-d1-2,6,0,ok,15053,46219
tri-12-d1-2,6,1,ok,15053,41830
tri-12-d1-3,6,0,ok,26,2024
tri-12-d1-3,6,1,ok,26,1112
tri-12-d1-5,6,0,ok,32,1713
tri-12-d1-5,6,1,ok,32,1282
tri-12-d2-1,6,0,ok,31,5251
tri-12-d2-1,6,1,ok,31,1794
tri-12-d2-2,6,0,ok,17055,59856
tri-12-d2-2,6,1,ok,17055,54625
tri-12-d3-1,6,0,ok,41,4128
tri-12-d3-1,6,1,ok,41,1613
tri-12-d3-3,6,0,ok,34,3627
tri-12-d3-3,6,1,ok,34,1312
tri-12-d3-4,6,0,ok,15052,44305
tri-12-d3-4,6,1,ok,15052,41420
tri-12-d3-5,6,0,ok,34,5070
tri-12-d3-5,6,1,ok,34,1593
tri-12-d4-1,6,0,ok,17055,58262
tri-12-d4-1,6,1,ok,17055,54876
tri-12-d5-2,6,0,ok,17054,55817
tri-12-d5-2,6,1,ok,17054,57020
tri-12-d5-3,6,0,ok,144,5942
tri-12-d5-3,6,1,ok,144,2245
tri-12-d5-4,6,0,ok,20062,81156
tri-12-d5-4,6,1,ok,20062,73712
tri-12-d5-5,6,0,ok,1882,16281
tri-12-d5-5,6,1,ok,1882,9728
tri-34-d1-2,6,0,ok,15053,43063
tri-34-d1-2,6,1,ok,15053,41700
tri-34-d1-3,6,0,ok,34,3327
tri-34-d1-3,6,1,ok,34,1453
tri-34-d1-5,6,0,ok,29,1954
tri-34-d1-5,6,1,ok,29,1042
tri-34-d2-1,6,0,ok,42,4478
tri-34-d2-1,6,1,ok,42,1873
tri-34-d2-2,6,0,ok,15055,45477
tri-34-d2-2,6,1,ok,15055,41610
tri-34-d2-4,6,0,ok,39,3717
tri-34-d2-4,6,1,ok,39,1984
tri-34-d2-5,6,0,ok,32,3697
tri-34-d2-5,6,1,ok,32,1193
tri-34-d3-1,6,0,ok,17056,59775
tri-34-d3-1,6,1,ok,17056,55938
tri-34-d3-4,6,0,ok,17055,55997
tri-34-d3-4,6,1,ok,17055,54946
tri-34-d4-1,6,0,ok,30,2565
tri-34-d4-1,6,1,ok,30,1102
tri-34-d4-2,6,0,ok,17056,57030
tri-34-d4-2,6,1,ok,17056,54014
tri-34-d4-3,6,0,ok,34,5461
tri-34-d4-3,6,1,ok,34,1413
tri-34-d4-5,6,0,ok,17058,59776
tri-34-d4-5,6,1,ok,17058,54615
tri-34-d5-1,6,0,ok,133,8707
tri-34-d5-1,6,1,ok,133,3297
tri-34-d5-2,6,0,ok,19055,73702
tri-34-d5-2,6,1,ok,19055,68262
tri-34-d5-3,6,0,ok,2543,37502
tri-34-d5-3,6,1,ok,2543,34807
tri-34-d5-4,6,0,ok,100,12895
tri-34-d5-4,6,1,ok,100,3346
tri-56-d2-1,6,0,ok,120,13185
tri-56-d2-1,6,1,ok,120,3506
tri-56-d2-2,6,0,ok,33073,152123
tri-56-d2-2,6,1,ok,33073,213391
tri-56-d2-3,6,0,ok,62,4539
tri-56-d2-3,6,1,ok,62,1733
tri-56-d3-1,6,0,ok,9390,42773
tri-56-d3-1,6,1,ok,9390,35759
tri-56-d3-2,6,0,ok,100075,1625680
tri-56-d3-2,6,1,ok,100075,1215169
tri-56-d3-3,6,0,ok,2819,23445
tri-56-d3-3,6,1,ok,2819,17574
tri-56-d4-1,6,0,ok,5810,61619
tri-56-d4-1,6,1,ok,5810,58232
tri-56-d4-2,6,0,ok,28915,140621
tri-56-d4-2,6,1,ok,28915,130431
tri-56-d4-3,6,0,ok,55391,302663
tri-56-d4-3,6,1,ok,55391,296191
wp-34-d1-4,6,0,ok,36,8016
wp-34-d1-4,6,1,ok,36,1864
wp-34-d1-5,6,0,ok,446,14739
wp-34-d1-5,6,1,ok,446,6743
wp-34-d3-3,6,0,ok,2376,36390
wp-34-d3-3,6,1,ok,2376,22262
wp-56-d2-1,6,0,ok,13478,163946
wp-56-d2-1,6,1,ok,13478,145039
wp-56-d2-2,6,0,ok,411519,2840910
wp-56-d2-2,6,1,ok,411519,4211259
wp-56-d2-3,6,0,ok,902,17564
wp-56-d2-3,6,1,ok,902,13566
wp-56-d3-1,6,0,ok,2159,39155
wp-56-d3-1,6,1,ok,2159,26661
wp-56-d3-2,6,0,ok,363974,3467707
wp-56-d3-2,6,1,ok,363974,2996720
wp-56-d3-3,6,0,ok,775,15330
wp-56-d3-3,6,1,ok,775,10631
wp-56-d4-1,6,0,ok,308938,2477982
wp-56-d4-1,6,1,ok,308938,3144886
wp-56-d4-2,6,0,ok,7365,87769
wp-56-d4-2,6,1,ok,7365,78441
wp-56-d4-3,6,0,ok,201798,1240528
wp-56-d4-3,6,1,ok,201798,2064986
cal-12-d1-1,7,0,ok,118,5821
cal-12-d1-1,7,1,ok,118,2675
cal-12-d1-2,7,0,ok,55,6052
cal-12-d1-2,7,1,ok,55,1904
cal-12-d1-3,7,0,ok,103,5080
cal-12-d1-3,7,1,ok,103,2545
cal-12-d1-4,7,0,ok,25,6122
cal-12-d1-4,7,1,ok,25,1584
cal-12-d1-5,7,0,ok,20,3637
cal-12-d1-5,7,1,ok,20,1292
cal-12-d2-1,7,0,ok,130,9048
cal-12-d2-1,7,1,ok,130,3116
cal-12-d2-2,7,0,ok,788,7103
cal-12-d2-2,7,1,ok,788,3837
cal-12-d2-4,7,0,ok,26,4850
cal-12-d2-4,7,1,ok,26,1763
cal-12-d2-5,7,0,ok,488,3898
cal-12-d2-5,7,1,ok,488,2755
cal-12-d3-2,7,0,ok,792,7284
cal-12-d3-2,7,1,ok,792,4017
cal-12-d3-3,7,0,ok,6380,35217
cal-12-d3-3,7,1,ok,6380,31010
cal-12-d3-5,7,0,ok,1269,6252
cal-12-d3-5,7,1,ok,1269,55938
cal-12-d4-2,7,0,ok,623,10330
cal-12-d4-2,7,1,ok,623,3838
cal-12-d4-3,7,0,ok,7150,40237
cal-12-d4-3,7,1,ok,7150,36450
cal-12-d4-4,7,0,ok,1918,14708
cal-12-d4-4,7,1,ok,1918,9087
cal-12-d4-5,7,0,ok,375,8106
cal-12-d4-5,7,1,ok,375,4719
cal-12-d5-1,7,0,ok,1300,7825
cal-12-d5-1,7,1,ok,1300,6673
cal-12-d5-2,7,0,ok,991,10470
cal-12-d5-2,7,1,ok,991,5530
cal-12-d5-4,7,0,ok,611,9057
cal-12-d5-4,7,1,ok,611,4539
cal-12-d5-5,7,0,ok,4475,85074
cal-12-d5-5,7,1,ok,4475,18185
cal-34-d1-1,7,0,ok,272,4338
cal-34-d1-1,7,1,ok,272,2886
cal-34-d1-2,7,0,ok,323,6062
cal-34-d1-2,7,1,ok,323,2975
cal-34-d1-3,7,0,ok,69,8206
cal-34-d1-3,7,1,ok,69,2505
cal-34-d1-4,7,0,ok,828,10059
cal-34-d1-4,7,1,ok,828,5220
cal-34-d1-5,7,0,ok,24,5090
cal-34-d1-5,7,1,ok,24,1393
cal-34-d2-1,7,0,ok,456,7655
cal-34-d2-1,7,1,ok,456,3897
cal-34-d2-2,7,0,ok,26,3266
cal-34-d2-2,7,1,ok,26,1162
cal-34-d2-3,7,0,ok,33,5431
cal-34-d2-3,7,1,ok,33,1543
cal-34-d2-4,7,0,ok,872,6743
cal-34-d2-4,7,1,ok,872,4659
cal-34-d2-5,7,0,ok,7231,43023
cal-34-d2-5,7,1,ok,7231,36951
cal-34-d3-1,7,0,ok,1207,11022
cal-34-d3-1,7,1,ok,1207,6572
cal-34-d3-2,7,0,ok,1071,7955
cal-34-d3-2,7,1,ok,1071,5741
cal-34-d3-3,7,0,ok,182983,885595
cal-34-d3-3,7,1,ok,182983,866679
cal-34-d3-4,7,0,ok,236,7044
cal-34-d3-4,7,1,ok,236,3517
cal-34-d3-5,7,0,ok,165,9017
cal-34-d3-5,7,1,ok,165,3166
cal-34-d4-1,7,0,ok,4466,19598
cal-34-d4-1,7,1,ok,4466,17343
cal-34-d4-2,7,0,ok,2341,18686
cal-34-d4-2,7,1,ok,2341,11311
cal-34-d4-3,7,0,ok,250997,1081111
cal-34-d4-3,7,1,ok,250997,1049330
cal-34-d4-4,7,0,ok,1070,7484
cal-34-d4-4,7,1,ok,1070,5641
cal-34-d4-5,7,0,ok,201,15380
cal-34-d4-5,7,1,ok,201,4028
cal-34-d5-1,7,0,ok,13265,55366
cal-34-d5-1,7,1,ok,13265,48373
cal-34-d5-2,7,0,ok,1127,10590
cal-34-d5-2,7,1,ok,1127,5551
cal-34-d5-3,7,0,ok,844,10981
cal-34-d5-3,7,1,ok,844,6041
cal-34-d5-4,7,0,ok,3492,31180
cal-34-d5-4,7,1,ok,3492,24136
cal-34-d5-5,7,0,ok,10737,327731
cal-34-d5-5,7,1,ok,10737,138166
cal-56-d2-1,7,0,ok,4528,21432
cal-56-d2-1,7,1,ok,4528,21131
cal-56-d2-2,7,0,ok,134,11041
cal-56-d2-2,7,1,ok,134,3357
cal-56-d2-3,7,0,ok,4337,27523
cal-56-d2-3,7,1,ok,4337,24577
cal-56-d3-1,7,0,ok,682125,3153332
cal-56-d3-1,7,1,ok,682125,3534796
cal-56-d3-2,7,0,ok,1000,12734
cal-56-d3-2,7,1,ok,1000,7384
cal-56-d3-3,7,0,ok,3050,19337
cal-56-d3-3,7,1,ok,3050,16392
cal-56-d4-1,7,0,ok,52283,233319
cal-56-d4-1,7,1,ok,52283,219763
cal-56-d4-2,7,0,ok,233,9007
cal-56-d4-2,7,1,ok,233,3908
cal-56-d4-3,7,0,ok,43949,158034
cal-56-d4-3,7,1,ok,43949,152384
clk-12-d1-1,7,0,ok,121,12624
clk-12-d1-1,7,1,ok,121,3106
clk-12-d1-2,7,0,ok,127,4910
clk-12-d1-2,7,1,ok,127,2796
clk-12-d1-3,7,0,ok,2130,15780
clk-12-d1-3,7,1,ok,2130,12203
clk-12-d1-4,7,0,ok,90,5180
clk-12-d1-4,7,1,ok,90,2735
clk-12-d1-5,7,0,ok,95,4278
clk-12-d1-5,7,1,ok,95,2755
clk-12-d2-1,7,0,ok,605,12955
clk-12-d2-1,7,1,ok,605,6393
clk-12-d2-2,7,0,ok,10294,50327
clk-12-d2-2,7,1,ok,10294,47993
clk-12-d2-3,7,0,ok,94,11182
clk-12-d2-3,7,1,ok,94,3667
clk-12-d2-5,7,0,ok,90,10731
clk-12-d2-5,7,1,ok,90,3396
clk-12-d3-1,7,0,ok,90,4238
clk-12-d3-1,7,1,ok,90,2595
clk-12-d3-2,7,0,ok,155,8526
clk-12-d3-2,7,1,ok,155,9287
clk-12-d3-3,7,0,ok,96,5371
clk-12-d3-3,7,1,ok,96,2655
clk-12-d3-4,7,0,ok,25,3697
clk-12-d3-4,7,1,ok,25,1413
clk-12-d3-5,7,0,ok,90,6873
clk-12-d3-5,7,1,ok,90,2856
clk-12-d4-1,7,0,ok,98,4699
clk-12-d4-1,7,1,ok,98,2786
clk-12-d4-2,7,0,ok,90,7435
clk-12-d4-2,7,1,ok,90,2805
clk-12-d4-4,7,0,ok,1582,14188
clk-12-d4-4,7,1,ok,1582,10250
clk-12-d4-5,7,0,ok,96,4779
clk-12-d4-5,7,1,ok,96,2715
clk-12-d5-2,7,0,ok,171,8216
clk-12-d5-2,7,1,ok,171,3477
clk-12-d5-3,7,0,ok,4255,25289
clk-12-d5-3,7,1,ok,4255,22443
clk-12-d5-4,7,0,ok,1799,13436
clk-12-d5-4,7,1,ok,1799,10590
clk-12-d5-5,7,0,ok,92,8076
clk-12-d5-5,7,1,ok,92,3025
clk-34-d1-1,7,0,ok,97,4248
clk-34-d1-1,7,1,ok,97,2375
clk-34-d1-2,7,0,ok,2015,22123
clk-34-d1-2,7,1,ok,2015,13166
clk-34-d1-3,7,0,ok,34,2746
clk-34-d1-3,7,1,ok,34,1122
clk-34-d1-4,7,0,ok,9917,57802
clk-34-d1-4,7,1,ok,9917,48633
clk-34-d1-5,7,0,ok,16663,51750
clk-34-d1-5,7,1,ok,16663,44065
clk-34-d2-1,7,0,ok,4251,31701
clk-34-d2-1,7,1,ok,4251,23174
clk-34-d2-2,7,0,ok,285,15741
clk-34-d2-2,7,1,ok,285,7254
clk-34-d2-3,7,0,ok,95,11071
clk-34-d2-3,7,1,ok,95,3688
clk-34-d2-4,7,0,ok,517,17514
clk-34-d2-4,7,1,ok,517,10610
clk-34-d2-5,7,0,ok,2872,52932
clk-34-d2-5,7,1,ok,2872,16552
clk-34-d3-2,7,0,ok,96,7865
clk-34-d3-2,7,1,ok,96,3116
clk-34-d3-3,7,0,ok,98,9228
clk-34-d3-3,7,1,ok,98,3477
clk-34-d3-4,7,0,ok,98,4388
clk-34-d3-4,7,1,ok,98,2915
clk-34-d3-5,7,0,ok,3407,25569
clk-34-d3-5,7,1,ok,3407,18125
clk-34-d4-1,7,0,ok,4227,23355
clk-34-d4-1,7,1,ok,4227,17183
clk-34-d4-2,7,0,ok,616,18806
clk-34-d4-2,7,1,ok,616,13536
clk-34-d4-3,7,0,ok,100,7935
clk-34-d4-3,7,1,ok,100,3016
clk-34-d4-4,7,0,ok,2034,41120
clk-34-d4-4,7,1,ok,2034,34006
clk-34-d5-1,7,0,ok,2659,17534
clk-34-d5-1,7,1,ok,2659,12233
clk-34-d5-3,7,0,ok,2974,22203
clk-34-d5-3,7,1,ok,2974,16972
clk-34-d5-5,7,0,ok,111,9429
clk-34-d5-5,7,1,ok,111,3376
clk-56-d2-1,7,0,ok,8927,48835
clk-56-d2-1,7,1,ok,8927,44206
clk-56-d2-2,7,0,ok,208,6923
clk-56-d2-2,7,1,ok,208,3768
clk-56-d2-3,7,0,ok,108,6743
clk-56-d2-3,7,1,ok,108,2835
clk-56-d3-1,7,0,ok,15481,77489
clk-56-d3-1,7,1,ok,15481,73592
clk-56-d3-2,7,0,ok,143,7805
clk-56-d3-2,7,1,ok,143,3907
clk-56-d3-3,7,0,ok,315,9669
clk-56-d3-3,7,1,ok,315,7003
clk-56-d4-1,7,0,ok,31981,141783
clk-56-d4-1,7,1,ok,31981,142254
clk-56-d4-2,7,0,ok,15004,167883
clk-56-d4-2,7,1,ok,15004,100984
clk-56-d4-3,7,0,ok,3126,22113
clk-56-d4-3,7,1,ok,3126,19047
div-56-d2-1,7,0,ok,948,9889
div-56-d2-1,7,1,ok,948,4949
div-56-d2-2,7,0,ok,15099,47181
div-56-d2-2,7,1,ok,15099,44155
div-56-d2-3,7,0,ok,733,8476
div-56-d2-3,7,1,ok,733,4048
div-56-d3-1,7,0,ok,31509,112697
div-56-d3-1,7,1,ok,31509,109261
div-56-d3-2,7,0,ok,5545,36801
div-56-d3-2,7,1,ok,5545,31551
div-56-d3-3,7,0,ok,197,7605
div-56-d3-3,7,1,ok,197,2935
div-56-d4-1,7,0,ok,17055,62811
div-56-d4-1,7,1,ok,17055,57651
div-56-d4-2,7,0,ok,14890,106205
div-56-d4-2,7,1,ok,14890,97788
div-56-d4-3,7,0,ok,16044,49725
div-56-d4-3,7,1,ok,16044,303294
enum-12-d1-1,7,0,ok,79,7345
enum-12-d1-1,7,1,ok,79,2304
enum-12-d1-4,7,0,ok,166,7374
enum-12-d1-4,7,1,ok,166,6122
enum-12-d2-4,7,0,ok,70,5671
enum-12-d2-4,7,1,ok,70,2465
enum-12-d2-5,7,0,ok,650,13236
enum-12-d2-5,7,1,ok,650,8126
enum-12-d3-1,7,0,ok,91,8166
enum-12-d3-1,7,1,ok,91,2345
enum-12-d3-3,7,0,ok,138,5951
enum-12-d3-3,7,1,ok,138,2544
enum-12-d3-4,7,0,ok,408,8486
enum-12-d3-4,7,1,ok,408,4298
enum-12-d4-2,7,0,ok,121,6803
enum-12-d4-2,7,1,ok,121,2254
enum-12-d4-4,7,0,ok,644,16322
enum-12-d4-4,7,1,ok,644,6352
enum-12-d4-5,7,0,ok,89,7604
enum-12-d4-5,7,1,ok,89,2425
enum-12-d5-2,7,0,ok,313,6452
enum-12-d5-2,7,1,ok,313,3036
enum-12-d5-3,7,0,ok,83,2815
enum-12-d5-3,7,1,ok,83,2425
enum-12-d5-4,7,0,ok,757,9628
enum-12-d5-4,7,1,ok,757,4749
enum-34-d1-1,7,0,ok,121,4078
enum-34-d1-1,7,1,ok,121,2044
enum-34-d1-2,7,0,ok,115,8046
enum-34-d1-2,7,1,ok,115,2915
enum-34-d1-4,7,0,ok,149,7935
enum-34-d1-4,7,1,ok,149,2465
enum-34-d2-1,7,0,ok,92,3657
enum-34-d2-1,7,1,ok,92,2134
enum-34-d2-3,7,0,ok,1219,23124
enum-34-d2-3,7,1,ok,1219,12995
enum-34-d2-4,7,0,ok,274,5260
enum-34-d2-4,7,1,ok,274,2926
enum-34-d2-5,7,0,ok,119,4900
enum-34-d2-5,7,1,ok,119,2335
enum-34-d3-2,7,0,ok,124,9789
enum-34-d3-2,7,1,ok,124,3857
enum-34-d3-3,7,0,ok,594,12013
enum-34-d3-3,7,1,ok,594,4589
enum-34-d3-4,7,0,ok,22528,104201
enum-34-d3-4,7,1,ok,22528,104091
enum-34-d3-5,7,0,ok,691,14929
enum-34-d3-5,7,1,ok,691,7755
enum-34-d4-1,7,0,ok,1533,17423
enum-34-d4-1,7,1,ok,1533,11953
enum-34-d4-3,7,0,ok,3724,25789
enum-34-d4-3,7,1,ok,3724,17123
enum-34-d4-4,7,0,ok,907,17714
enum-34-d4-4,7,1,ok,907,6132
enum-34-d4-5,7,0,ok,480,12855
enum-34-d4-5,7,1,ok,480,7154
enum-34-d5-1,7,0,ok,22532,105032
enum-34-d5-1,7,1,ok,22532,102137
enum-34-d5-2,7,0,ok,1584,10511
enum-34-d5-2,7,1,ok,1584,5510
enum-34-d5-4,7,0,ok,688,13506
enum-34-d5-4,7,1,ok,688,6322
enum-56-d2-1,7,0,ok,190,5861
enum-56-d2-1,7,1,ok,190,2595
enum-56-d2-2,7,0,ok,125,6051
enum-56-d2-2,7,1,ok,125,2454
enum-56-d2-3,7,0,ok,883,14427
enum-56-d2-3,7,1,ok,883,6192
enum-56-d3-1,7,0,ok,5662,20339
enum-56-d3-1,7,1,ok,5662,15861
enum-56-d3-2,7,0,ok,7934,65226
enum-56-d3-2,7,1,ok,7934,55678
enum-56-d3-3,7,0,ok,10713,72680
enum-56-d3-3,7,1,ok,10713,225344
enum-56-d4-1,7,0,ok,224150,1270807
enum-56-d4-1,7,1,ok,224150,1605381
enum-56-d4-2,7,0,ok,18884,319576
enum-56-d4-2,7,1,ok,18884,137766
enum-56-d4-3,7,0,ok,713,12704
enum-56-d4-3,7,1,ok,713,6142
frac-56-d2-1,7,0,ok,17719,65196
frac-56-d2-1,7,1,ok,17719,59695
frac-56-d2-2,7,0,ok,14426,62070
frac-56-d2-2,7,1,ok,14426,54345
frac-56-d2-3,7,0,ok,295,6443
frac-56-d2-3,7,1,ok,295,3016
frac-56-d3-1,7,0,ok,20670,83471
frac-56-d3-1,7,1,ok,20670,80916
frac-56-d3-2,7,0,ok,32557,121824
frac-56-d3-2,7,1,ok,32557,113338
frac-56-d3-3,7,0,ok,13917,103719
frac-56-d3-3,7,1,ok,13917,52671
frac-56-d4-1,7,0,ok,20699,164447
frac-56-d4-1,7,1,ok,20699,152994
frac-56-d4-2,7,0,ok,427,12364
frac-56-d4-2,7,1,ok,427,5100
frac-56-d4-3,7,0,ok,46564,174546
frac-56-d4-3,7,1,ok,46564,169867
game-56-d2-1,7,0,ok,692,14939
game-56-d2-1,7,1,ok,692,7575
game-56-d2-2,7,0,ok,1887,15881
game-56-d2-2,7,1,ok,1887,11762
game-56-d2-3,7,0,ok,1046,11362
game-56-d2-3,7,1,ok,1046,9649
game-56-d3-1,7,0,ok,867,14478
game-56-d3-1,7,1,ok,867,7835
game-56-d3-2,7,0,ok,5153,93951
game-56-d3-2,7,1,ok,5153,84132
game-56-d3-3,7,0,ok,800,15730
game-56-d3-3,7,1,ok,800,7805
game-56-d4-1,7,0,ok,1213,10741
game-56-d4-1,7,1,ok,1213,8777
game-56-d4-2,7,0,ok,3467,73161
game-56-d4-2,7,1,ok,3467,59284
game-56-d4-3,7,0,ok,1597,15019
game-56-d4-3,7,1,ok,1597,10340
gaps-12-d1-1,7,0,ok,100,3437
gaps-12-d1-1,7,1,ok,100,1954
gaps-12-d1-2,7,0,ok,73,7876
gaps-12-d1-2,7,1,ok,73,7124
gaps-12-d1-3,7,0,ok,285,7855
gaps-12-d1-3,7,1,ok,285,3828
gaps-12-d1-4,7,0,ok,24,2595
gaps-12-d1-4,7,1,ok,24,1813
gaps-12-d1-5,7,0,ok,72,6563
gaps-12-d1-5,7,1,ok,72,2314
gaps-12-d2-1,7,0,ok,123,4489
gaps-12-d2-1,7,1,ok,123,2234
gaps-12-d2-3,7,0,ok,110,3267
gaps-12-d2-3,7,1,ok,110,2084
gaps-12-d3-1,7,0,ok,104,8326
gaps-12-d3-1,7,1,ok,104,2746
gaps-12-d3-3,7,0,ok,43,6773
gaps-12-d3-3,7,1,ok,43,2214
gaps-12-d3-4,7,0,ok,79,5842
gaps-12-d3-4,7,1,ok,79,2244
gaps-12-d3-5,7,0,ok,105,4960
gaps-12-d3-5,7,1,ok,105,2705
gaps-12-d4-3,7,0,ok,218,3176
gaps-12-d4-3,7,1,ok,218,2134
gaps-12-d4-5,7,0,ok,127,7996
gaps-12-d4-5,7,1,ok,127,3296
gaps-12-d5-2,7,0,ok,25,2806
gaps-12-d5-2,7,1,ok,25,1413
gaps-12-d5-3,7,0,ok,54,8236
gaps-12-d5-3,7,1,ok,54,2335
gaps-12-d5-4,7,0,ok,29,2455
gaps-12-d5-4,7,1,ok,29,1323
gaps-12-d5-5,7,0,ok,150,20469
gaps-12-d5-5,7,1,ok,150,8296
gaps-34-d1-1,7,0,ok,271,4489
gaps-34-d1-1,7,1,ok,271,2255
gaps-34-d1-2,7,0,ok,24,4068
gaps-34-d1-2,7,1,ok,24,1643
gaps-34-d1-3,7,0,ok,29,2195
gaps-34-d1-3,7,1,ok,29,1283
gaps-34-d1-4,7,0,ok,149,5441
gaps-34-d1-4,7,1,ok,149,2494
gaps-34-d1-5,7,0,ok,824,24036
gaps-34-d1-5,7,1,ok,824,14588
gaps-34-d2-1,7,0,ok,118,20198
gaps-34-d2-1,7,1,ok,118,7103
gaps-34-d2-2,7,0,ok,162,12424
gaps-34-d2-2,7,1,ok,162,3076
gaps-34-d2-3,7,0,ok,473,10300
gaps-34-d2-3,7,1,ok,473,4919
gaps-34-d2-4,7,0,ok,31,6412
gaps-34-d2-4,7,1,ok,31,1924
gaps-34-d2-5,7,0,ok,383,15900
gaps-34-d2-5,7,1,ok,383,5861
gaps-34-d3-2,7,0,ok,547,26241
gaps-34-d3-2,7,1,ok,547,12474
gaps-34-d3-3,7,0,ok,71,5721
gaps-34-d3-3,7,1,ok,71,2585
gaps-34-d3-4,7,0,ok,31,6182
gaps-34-d3-4,7,1,ok,31,1983
gaps-34-d4-1,7,0,ok,178,7113
gaps-34-d4-1,7,1,ok,178,2295
gaps-34-d4-2,7,0,ok,4898,57912
gaps-34-d4-2,7,1,ok,4898,52321
gaps-34-d4-3,7,0,ok,31,5070
gaps-34-d4-3,7,1,ok,31,1733
gaps-34-d4-4,7,0,ok,138,7334
gaps-34-d4-4,7,1,ok,138,2875
gaps-34-d4-5,7,0,ok,372,9098
gaps-34-d4-5,7,1,ok,372,4619
gaps-34-d5-1,7,0,ok,207,5280
gaps-34-d5-1,7,1,ok,207,2505
gaps-34-d5-2,7,0,ok,713,17012
gaps-34-d5-2,7,1,ok,713,9368
gaps-34-d5-3,7,0,ok,1348,10680
gaps-34-d5-3,7,1,ok,1348,8036
gaps-34-d5-5,7,0,ok,243,4148
gaps-34-d5-5,7,1,ok,243,2074
gaps-56-d2-1,7,0,ok,108,10180
gaps-56-d2-1,7,1,ok,108,3307
gaps-56-d2-2,7,0,ok,618,10781
gaps-56-d2-2,7,1,ok,618,8666
gaps-56-d2-3,7,0,ok,541,9027
gaps-56-d2-3,7,1,ok,541,4859
gaps-56-d3-1,7,0,ok,60301,305167
gaps-56-d3-1,7,1,ok,60301,1624378
gaps-56-d3-2,7,0,ok,617,17384
gaps-56-d3-2,7,1,ok,617,11312
gaps-56-d3-3,7,0,ok,377,14508
gaps-56-d3-3,7,1,ok,377,5851
gaps-56-d4-1,7,0,ok,941,7365
gaps-56-d4-1,7,1,ok,941,4007
gaps-56-d4-2,7,0,ok,1395,14859
gaps-56-d4-2,7,1,ok,1395,9007
gaps-56-d4-3,7,0,ok,105638,469373
gaps-56-d4-3,7,1,ok,105638,925552
grid-56-d2-1,7,0,ok,712,19548
grid-56-d2-1,7,1,ok,712,7545
grid-56-d2-2,7,0,ok,221,8216
grid-56-d2-2,7,1,ok,221,4048
grid-56-d2-3,7,0,ok,1362,19989
grid-56-d2-3,7,1,ok,1362,16071
grid-56-d3-1,7,0,ok,1179,19417
grid-56-d3-1,7,1,ok,1179,11773
grid-56-d3-2,7,0,ok,1732,23185
grid-56-d3-2,7,1,ok,1732,13356
grid-56-d3-3,7,0,ok,1251,15289
grid-56-d3-3,7,1,ok,1251,10019
grid-56-d4-1,7,0,ok,5876,67249
grid-56-d4-1,7,1,ok,5876,55186
grid-56-d4-2,7,0,ok,18448,176069
grid-56-d4-2,7,1,ok,18448,173945
grid-56-d4-3,7,0,ok,535571,5747676
grid-56-d4-3,7,1,ok,535571,5825176
kl-34-d1-1,7,0,ok,224,7835
kl-34-d1-1,7,1,ok,224,3727
kl-34-d5-2,7,0,ok,1008543,5128033
kl-34-d5-2,7,1,ok,1008543,5183301
kl-56-d2-1,7,0,ok,557,16942
kl-56-d2-1,7,1,ok,557,6703
kl-56-d2-2,7,0,ok,587,15289
kl-56-d2-2,7,1,ok,587,5651
kl-56-d2-3,7,0,ok,468,7475
kl-56-d2-3,7,1,ok,468,4058
kl-56-d3-1,7,0,ok,556,11261
kl-56-d3-1,7,1,ok,556,5310
kl-56-d3-2,7,0,ok,64797,314796
kl-56-d3-2,7,1,ok,64797,612049
kl-56-d3-3,7,0,ok,2065,21562
kl-56-d3-3,7,1,ok,2065,13306
kl-56-d4-1,7,0,ok,2605,26481
kl-56-d4-1,7,1,ok,2605,17674
kl-56-d4-2,7,0,ok,1765,15790
kl-56-d4-2,7,1,ok,1765,10240
kl-56-d4-3,7,0,ok,35374,223190
kl-56-d4-3,7,1,ok,35374,213441
ord-12-d1-1,7,0,ok,742,16412
ord-12-d1-1,7,1,ok,742,8336
ord-12-d1-2,7,0,ok,773,17223
ord-12-d1-2,7,1,ok,773,7985
ord-12-d1-3,7,0,ok,721,9217
ord-12-d1-3,7,1,ok,721,6322
ord-12-d1-4,7,0,ok,744,21922
ord-12-d1-4,7,1,ok,744,8085
ord-12-d1-5,7,0,ok,798,17704
ord-12-d1-5,7,1,ok,798,8316
ord-12-d2-1,7,0,ok,3039,21852
ord-12-d2-1,7,1,ok,3039,21241
ord-12-d2-2,7,0,ok,16892,117196
ord-12-d2-2,7,1,ok,16892,100183
ord-12-d2-3,7,0,ok,3154,24207
ord-12-d2-3,7,1,ok,3154,20690
ord-12-d2-4,7,0,ok,3153,24417
ord-12-d2-4,7,1,ok,3153,20680
ord-12-d2-5,7,0,ok,3369,24968
ord-12-d2-5,7,1,ok,3369,20860
ord-12-d3-2,7,0,ok,3153,31731
ord-12-d3-2,7,1,ok,3153,23325
ord-12-d3-3,7,0,ok,3544,25028
ord-12-d3-3,7,1,ok,3544,21361
ord-12-d3-4,7,0,ok,3319,36650
ord-12-d3-4,7,1,ok,3319,22663
ord-12-d3-5,7,0,ok,3145,28154
ord-12-d3-5,7,1,ok,3145,20219
ord-12-d4-1,7,0,ok,19015,110944
ord-12-d4-1,7,1,ok,19015,105914
ord-12-d4-2,7,0,ok,3279,31390
ord-12-d4-2,7,1,ok,3279,21902
ord-12-d4-4,7,0,ok,3449,24417
ord-12-d4-4,7,1,ok,3449,20961
ord-12-d4-5,7,0,ok,6642,61799
ord-12-d4-5,7,1,ok,6642,45428
ord-12-d5-2,7,0,ok,3173,26471
ord-12-d5-2,7,1,ok,3173,22082
ord-12-d5-3,7,0,ok,18951,111544
ord-12-d5-3,7,1,ok,18951,212119
ord-12-d5-4,7,0,ok,3493,35067
ord-12-d5-4,7,1,ok,3493,24247
ord-12-d5-5,7,0,ok,7444,54926
ord-12-d5-5,7,1,ok,7444,51709
ord-34-d1-1,7,0,ok,27999,200597
ord-34-d1-1,7,1,ok,27999,184234
ord-34-d1-2,7,0,ok,560,16903
ord-34-d1-2,7,1,ok,560,4279
ord-34-d1-3,7,0,ok,28115,107788
ord-34-d1-3,7,1,ok,28115,95364
ord-34-d1-4,7,0,ok,921069,5907484
ord-34-d1-4,7,1,ok,921069,6199798
ord-34-d1-5,7,0,ok,3154,30578
ord-34-d1-5,7,1,ok,3154,21682
ord-34-d2-1,7,0,ok,3885,39486
ord-34-d2-1,7,1,ok,3885,31020
ord-34-d2-2,7,0,ok,18440,112607
ord-34-d2-2,7,1,ok,18440,98920
ord-34-d2-3,7,0,ok,3236,23736
ord-34-d2-3,7,1,ok,3236,20689
ord-34-d2-4,7,0,ok,18996,121464
ord-34-d2-4,7,1,ok,18996,106825
ord-34-d2-5,7,0,ok,765,17333
ord-34-d2-5,7,1,ok,765,8065
ord-34-d3-1,7,0,ok,127355,917757
ord-34-d3-1,7,1,ok,127355,654811
ord-34-d3-2,7,0,ok,3175,36340
ord-34-d3-2,7,1,ok,3175,27523
ord-34-d3-3,7,0,ok,526,17023
ord-34-d3-3,7,1,ok,526,4208
ord-34-d3-4,7,0,ok,18947,121053
ord-34-d3-4,7,1,ok,18947,108889
ord-34-d3-5,7,0,ok,3224,34437
ord-34-d3-5,7,1,ok,3224,23585
ord-34-d4-1,7,0,ok,18475,115372
ord-34-d4-1,7,1,ok,18475,104651
ord-34-d4-3,7,0,ok,18564,116885
ord-34-d4-3,7,1,ok,18564,106996
ord-34-d4-4,7,0,ok,984,16271
ord-34-d4-4,7,1,ok,984,6894
ord-34-d4-5,7,0,ok,5313,31120
ord-34-d4-5,7,1,ok,5313,20590
ord-34-d5-1,7,0,ok,128680,677404
ord-34-d5-1,7,1,ok,128680,1243233
ord-34-d5-2,7,0,ok,20388,119700
ord-34-d5-2,7,1,ok,20388,378439
ord-34-d5-3,7,0,ok,3211,31009
ord-34-d5-3,7,1,ok,3211,37783
ord-34-d5-5,7,0,ok,18776,112126
ord-34-d5-5,7,1,ok,18776,103269
ord-56-d2-1,7,0,ok,19022,113979
ord-56-d2-1,7,1,ok,19022,104110
ord-56-d2-2,7,0,ok,6289,32633
ord-56-d2-2,7,1,ok,6289,27263
ord-56-d2-3,7,0,ok,18020,117095
ord-56-d2-3,7,1,ok,18020,106605
ord-56-d3-1,7,0,ok,131940,709767
ord-56-d3-1,7,1,ok,131940,683356
ord-56-d3-2,7,0,ok,39025,220495
ord-56-d3-2,7,1,ok,39025,207991
ord-56-d3-3,7,0,ok,18622,126463
ord-56-d3-3,7,1,ok,18622,103820
ord-56-d4-1,7,0,ok,1002845,5690727
ord-56-d4-1,7,1,ok,1002845,5870383
ord-56-d4-2,7,0,ok,3767,35538
ord-56-d4-2,7,1,ok,3767,26691
ord-56-d4-3,7,0,ok,131560,1351963
ord-56-d4-3,7,1,ok,131560,781725
par-12-d1-1,7,0,ok,117,20690
par-12-d1-1,7,1,ok,117,2525
par-12-d1-3,7,0,ok,61,10851
par-12-d1-3,7,1,ok,61,2966
par-12-d1-4,7,0,ok,454,17143
par-12-d1-4,7,1,ok,454,15399
par-12-d1-5,7,0,ok,148,11091
par-12-d1-5,7,1,ok,148,2275
par-12-d2-3,7,0,ok,113,8336
par-12-d2-3,7,1,ok,113,2285
par-12-d2-5,7,0,ok,142,9498
par-12-d2-5,7,1,ok,142,2786
par-12-d3-1,7,0,ok,152,12694
par-12-d3-1,7,1,ok,152,3086
par-12-d3-2,7,0,ok,316,10670
par-12-d3-2,7,1,ok,316,3547
par-12-d3-4,7,0,ok,704,14428
par-12-d3-4,7,1,ok,704,6392
par-12-d4-2,7,0,ok,252,6533
par-12-d4-2,7,1,ok,252,2786
par-12-d4-4,7,0,ok,13046,127756
par-12-d4-4,7,1,ok,13046,108218
par-12-d4-5,7,0,ok,80487,398627
par-12-d4-5,7,1,ok,80487,385081
par-12-d5-2,7,0,ok,1604,31019
par-12-d5-2,7,1,ok,1604,17173
par-34-d1-1,7,0,ok,128,4208
par-34-d1-1,7,1,ok,128,1954
par-34-d1-2,7,0,ok,1516,12394
par-34-d1-2,7,1,ok,1516,7043
par-34-d1-3,7,0,ok,73,6573
par-34-d1-3,7,1,ok,73,2164
par-34-d1-4,7,0,ok,12049,58272
par-34-d1-4,7,1,ok,12049,59855
par-34-d1-5,7,0,ok,78,6543
par-34-d1-5,7,1,ok,78,2014
par-34-d2-1,7,0,ok,707,38454
par-34-d2-1,7,1,ok,707,14969
par-34-d2-2,7,0,ok,55,7124
par-34-d2-2,7,1,ok,55,2325
par-34-d2-3,7,0,ok,1640,16101
par-34-d2-3,7,1,ok,1640,10991
par-34-d3-1,7,0,ok,199875,399239
par-34-d3-1,7,1,ok,199875,334344
par-34-d3-2,7,0,ok,1529,12704
par-34-d3-2,7,1,ok,1529,7605
par-34-d3-3,7,0,ok,2287,12424
par-34-d3-3,7,1,ok,2287,9959
par-34-d3-4,7,0,ok,28521,176901
par-34-d3-4,7,1,ok,28521,165709
par-34-d3-5,7,0,ok,545,10621
par-34-d3-5,7,1,ok,545,5000
par-34-d4-1,7,0,ok,2008,27593
par-34-d4-1,7,1,ok,2008,17583
par-34-d4-3,7,0,ok,142,6944
par-34-d4-3,7,1,ok,142,2805
par-34-d4-4,7,0,ok,107,8156
par-34-d4-4,7,1,ok,107,2535
par-34-d4-5,7,0,ok,53570,1712928
par-34-d4-5,7,1,ok,53570,542274
par-34-d5-1,7,0,ok,88014,1126869
par-34-d5-1,7,1,ok,88014,723212
par-34-d5-2,7,0,ok,977,16932
par-34-d5-2,7,1,ok,977,9779
par-34-d5-4,7,0,ok,110044,789971
par-34-d5-4,7,1,ok,110044,746448
par-34-d5-5,7,0,ok,136,7094
par-34-d5-5,7,1,ok,136,2505
par-56-d2-1,7,0,ok,3946,50107
par-56-d2-1,7,1,ok,3946,40157
par-56-d2-2,7,0,ok,1154997,3717888
par-56-d2-2,7,1,ok,1154997,3672962
par-56-d2-3,7,0,ok,578886,2634613
par-56-d2-3,7,1,ok,578886,2024508
par-56-d3-1,7,0,ok,632,19077
par-56-d3-1,7,1,ok,632,10630
par-56-d3-2,7,0,ok,562591,6384543
par-56-d3-2,7,1,ok,562591,5731897
par-56-d3-3,7,0,ok,146408,1087193
par-56-d3-3,7,1,ok,146408,1063658
par-56-d4-1,7,0,ok,1327362,13420681
par-56-d4-1,7,1,ok,1327362,15543598
par-56-d4-2,7,0,ok,103746,990928
par-56-d4-2,7,1,ok,103746,625855
par-56-d4-3,7,0,ok,1372300,3860393
par-56-d4-3,7,1,ok,1372300,4379813
pct-56-d2-1,7,0,ok,1776,14628
pct-56-d2-1,7,1,ok,1776,7965
pct-56-d2-2,7,0,ok,17942,211026
pct-56-d2-2,7,1,ok,17942,78531
pct-56-d2-3,7,0,ok,23509,90795
pct-56-d2-3,7,1,ok,23509,84923
pct-56-d3-1,7,0,ok,16444,71618
pct-56-d3-1,7,1,ok,16444,66237
pct-56-d3-2,7,0,ok,17847,85154
pct-56-d3-2,7,1,ok,17847,79323
pct-56-d3-3,7,0,ok,14832,66808
pct-56-d3-3,7,1,ok,14832,57831
pct-56-d4-1,7,0,ok,20947,89983
pct-56-d4-1,7,1,ok,20947,84082
pct-56-d4-2,7,0,ok,5690,28144
pct-56-d4-2,7,1,ok,5690,21522
pct-56-d4-3,7,0,ok,613,7083
pct-56-d4-3,7,1,ok,613,4419
pig-12-d1-2,7,0,ok,527,16091
pig-12-d1-2,7,1,ok,527,5991
pig-12-d1-3,7,0,ok,3306,35869
pig-12-d1-3,7,1,ok,3306,31421
pig-12-d2-3,7,0,ok,69,5962
pig-12-d2-3,7,1,ok,69,1944
pig-12-d3-3,7,0,ok,273722,2719125
pig-12-d3-3,7,1,ok,273722,2206929
pig-12-d5-5,7,0,ok,597,18055
pig-12-d5-5,7,1,ok,597,6883
pig-34-d1-1,7,0,ok,2944,26130
pig-34-d1-1,7,1,ok,2944,21462
pig-34-d1-2,7,0,ok,85,6913
pig-34-d1-2,7,1,ok,85,2064
pig-34-d1-5,7,0,ok,182,8336
pig-34-d1-5,7,1,ok,182,2975
pig-34-d2-2,7,0,ok,129,4168
pig-34-d2-2,7,1,ok,129,1823
pig-34-d2-3,7,0,ok,30322,119981
pig-34-d2-3,7,1,ok,30322,137545
pig-34-d2-4,7,0,ok,524,12243
pig-34-d2-4,7,1,ok,524,5380
pig-34-d2-5,7,0,ok,159,2935
pig-34-d2-5,7,1,ok,159,1643
pig-34-d3-3,7,0,ok,76941,546723
pig-34-d3-3,7,1,ok,76941,534118
pig-34-d3-4,7,0,ok,99,5872
pig-34-d3-4,7,1,ok,99,2204
pig-34-d4-2,7,0,ok,2413617,20775031
pig-34-d4-2,7,1,ok,2413617,17010362
pig-34-d4-3,7,0,ok,30483,130852
pig-34-d4-3,7,1,ok,30483,121774
pig-34-d4-4,7,0,ok,70,4398
pig-34-d4-4,7,1,ok,70,2175
pig-34-d4-5,7,0,ok,1973,28004
pig-34-d4-5,7,1,ok,1973,24017
pig-34-d5-2,7,0,ok,1456,19928
pig-34-d5-2,7,1,ok,1456,8386
pig-34-d5-4,7,0,ok,1100817,7057620
pig-34-d5-4,7,1,ok,1100817,7215543
pig-34-d5-5,7,0,ok,2156484,11673777
pig-34-d5-5,7,1,ok,2156484,11532255
pig-56-d2-1,7,0,ok,4434,25339
pig-56-d2-1,7,1,ok,4434,15139
pig-56-d2-2,7,0,ok,2163,24317
pig-56-d2-2,7,1,ok,2163,13215
pig-56-d2-3,7,0,ok,112378,342760
pig-56-d2-3,7,1,ok,112378,328904
pig-56-d3-1,7,0,ok,1836,28645
pig-56-d3-1,7,1,ok,1836,19016
pig-56-d3-2,7,0,ok,17531,57280
pig-56-d3-2,7,1,ok,17531,52041
pig-56-d3-3,7,0,ok,46177,179175
pig-56-d3-3,7,1,ok,46177,168314
pig-56-d4-1,7,0,ok,7697,33675
pig-56-d4-1,7,1,ok,7697,25219
pig-56-d4-2,7,0,ok,72741,750264
pig-56-d4-2,7,1,ok,72741,1159993
pig-56-d4-3,7,0,ok,192080,1620590
pig-56-d4-3,7,1,ok,192080,1251229
ratio-56-d2-1,7,0,ok,17059,59414
ratio-56-d2-1,7,1,ok,17059,55556
ratio-56-d2-2,7,0,ok,1128,7345
ratio-56-d2-2,7,1,ok,1128,5581
ratio-56-d2-3,7,0,ok,17063,58412
ratio-56-d2-3,7,1,ok,17063,58502
ratio-56-d3-1,7,0,ok,5235,39746
ratio-56-d3-1,7,1,ok,5235,33875
ratio-56-d3-2,7,0,ok,17065,59194
ratio-56-d3-2,7,1,ok,17065,55938
ratio-56-d3-3,7,0,ok,18981,92679
ratio-56-d3-3,7,1,ok,18981,87419
ratio-56-d4-1,7,0,ok,36102,121544
ratio-56-d4-1,7,1,ok,36102,115763
ratio-56-d4-2,7,0,ok,2386,11883
ratio-56-d4-2,7,1,ok,2386,10250
ratio-56-d4-3,7,0,ok,7612,85535
ratio-56-d4-3,7,1,ok,7612,65546
sets-56-d2-1,7,0,ok,714823,2520623
sets-56-d2-1,7,1,ok,714823,3104788
sets-56-d2-2,7,0,ok,206541,697142
sets-56-d2-2,7,1,ok,206541,786364
sets-56-d2-3,7,0,ok,1070996,4607081
sets-56-d2-3,7,1,ok,1070996,4752080
sets-56-d3-1,7,0,ok,340116,1268693
sets-56-d3-1,7,1,ok,340116,1365459
sets-56-d3-2,7,0,ok,1092164,5075462
sets-56-d3-2,7,1,ok,1092164,3897655
sets-56-d3-3,7,0,ok,2200623,8999457
sets-56-d3-3,7,1,ok,2200623,9949587
sets-56-d4-1,7,0,ok,1917227,15662558
sets-56-d4-1,7,1,ok,1917227,15088903
sets-56-d4-2,7,0,ok,279129,2074194
sets-56-d4-2,7,1,ok,279129,2425150
sets-56-d4-3,7,0,ok,951694,4415010
sets-56-d4-3,7,1,ok,951694,3597557
tri-12-d1-2,7,0,ok,15053,47261
tri-12-d1-2,7,1,ok,15053,42922
tri-12-d1-3,7,0,ok,26,2495
tri-12-d1-3,7,1,ok,26,1232
tri-12-d1-5,7,0,ok,32,3918
tri-12-d1-5,7,1,ok,32,1342
tri-12-d2-1,7,0,ok,31,5611
tri-12-d2-1,7,1,ok,31,1473
tri-12-d2-2,7,0,ok,17055,59635
tri-12-d2-2,7,1,ok,17055,54585
tri-12-d3-1,7,0,ok,41,6342
tri-12-d3-1,7,1,ok,41,1844
tri-12-d3-3,7,0,ok,34,5410
tri-12-d3-3,7,1,ok,34,1663
tri-12-d3-4,7,0,ok,15052,47672
tri-12-d3-4,7,1,ok,15052,42702
tri-12-d3-5,7,0,ok,34,5130
tri-12-d3-5,7,1,ok,34,1442
tri-12-d4-1,7,0,ok,17055,57571
tri-12-d4-1,7,1,ok,17055,54996
tri-12-d5-2,7,0,ok,17054,59063
tri-12-d5-2,7,1,ok,17054,54975
tri-12-d5-3,7,0,ok,144,4549
tri-12-d5-3,7,1,ok,144,2175
tri-12-d5-4,7,0,ok,20062,80335
tri-12-d5-4,7,1,ok,20062,73922
tri-12-d5-5,7,0,ok,1882,16572
tri-12-d5-5,7,1,ok,1882,10531
tri-34-d1-2,7,0,ok,15053,47502
tri-34-d1-2,7,1,ok,15053,48033
tri-34-d1-3,7,0,ok,34,5090
tri-34-d1-3,7,1,ok,34,1463
tri-34-d1-5,7,0,ok,29,2084
tri-34-d1-5,7,1,ok,29,1182
tri-34-d2-1,7,0,ok,42,7465
tri-34-d2-1,7,1,ok,42,2264
tri-34-d2-2,7,0,ok,15055,47491
tri-34-d2-2,7,1,ok,15055,42642
tri-34-d2-4,7,0,ok,39,7254
tri-34-d2-4,7,1,ok,39,2284
tri-34-d2-5,7,0,ok,32,4108
tri-34-d2-5,7,1,ok,32,1293
tri-34-d3-1,7,0,ok,17056,60907
tri-34-d3-1,7,1,ok,17056,56369
tri-34-d3-4,7,0,ok,17055,56990
tri-34-d3-4,7,1,ok,17055,54595
tri-34-d4-1,7,0,ok,30,4168
tri-34-d4-1,7,1,ok,30,1263
tri-34-d4-2,7,0,ok,17056,58974
tri-34-d4-2,7,1,ok,17056,54676
tri-34-d4-3,7,0,ok,34,2755
tri-34-d4-3,7,1,ok,34,1142
tri-34-d4-5,7,0,ok,17058,60286
tri-34-d4-5,7,1,ok,17058,55327
tri-34-d5-1,7,0,ok,133,8657
tri-34-d5-1,7,1,ok,133,3367
tri-34-d5-2,7,0,ok,19055,69494
tri-34-d5-2,7,1,ok,19055,67169
tri-34-d5-3,7,0,ok,2543,41219
tri-34-d5-3,7,1,ok,2543,33404
tri-34-d5-4,7,0,ok,100,13025
tri-34-d5-4,7,1,ok,100,3346
tri-56-d2-1,7,0,ok,120,10770
tri-56-d2-1,7,1,ok,120,3236
tri-56-d2-2,7,0,ok,33073,161081
tri-56-d2-2,7,1,ok,33073,149658
tri-56-d2-3,7,0,ok,62,3447
tri-56-d2-3,7,1,ok,62,1633
tri-56-d3-1,7,0,ok,9390,39957
tri-56-d3-1,7,1,ok,9390,32533
tri-56-d3-2,7,0,ok,100075,1347244
tri-56-d3-2,7,1,ok,100075,1244997
tri-56-d3-3,7,0,ok,2819,26351
tri-56-d3-3,7,1,ok,2819,17624
tri-56-d4-1,7,0,ok,5810,61498
tri-56-d4-1,7,1,ok,5810,57651
tri-56-d4-2,7,0,ok,28915,137906
tri-56-d4-2,7,1,ok,28915,133767
tri-56-d4-3,7,0,ok,55391,316369
tri-56-d4-3,7,1,ok,55391,330657
wp-34-d1-4,7,0,ok,36,6913
wp-34-d1-4,7,1,ok,36,2194
wp-34-d1-5,7,0,ok,446,14528
wp-34-d1-5,7,1,ok,446,5911
wp-34-d3-3,7,0,ok,2376,37512
wp-34-d3-3,7,1,ok,2376,23986
wp-56-d2-1,7,0,ok,13478,156210
wp-56-d2-1,7,1,ok,13478,142595
wp-56-d2-2,7,0,ok,411519,2857141
wp-56-d2-2,7,1,ok,411519,3399556
wp-56-d2-3,7,0,ok,902,21210
wp-56-d2-3,7,1,ok,902,13105
wp-56-d3-1,7,0,ok,2159,36019
wp-56-d3-1,7,1,ok,2159,26481
wp-56-d3-2,7,0,ok,363974,2586721
wp-56-d3-2,7,1,ok,363974,3012621
wp-56-d3-3,7,0,ok,775,20048
wp-56-d3-3,7,1,ok,775,10460
wp-56-d4-1,7,0,ok,308938,2715679
wp-56-d4-1,7,1,ok,308938,2549379
wp-56-d4-2,7,0,ok,7365,81337
wp-56-d4-2,7,1,ok,7365,304537
wp-56-d4-3,7,0,ok,201798,1240949
wp-56-d4-3,7,1,ok,201798,1637623
cal-12-d1-1,8,0,ok,118,7674
cal-12-d1-1,8,1,ok,118,2816
cal-12-d1-2,8,0,ok,55,5030
cal-12-d1-2,8,1,ok,55,1673
cal-12-d1-3,8,0,ok,103,5391
cal-12-d1-3,8,1,ok,103,2885
cal-12-d1-4,8,0,ok,25,4228
cal-12-d1-4,8,1,ok,25,1443
cal-12-d1-5,8,0,ok,20,1944
cal-12-d1-5,8,1,ok,20,1222
cal-12-d2-1,8,0,ok,130,5650
cal-12-d2-1,8,1,ok,130,2906
cal-12-d2-2,8,0,ok,788,6753
cal-12-d2-2,8,1,ok,788,3778
cal-12-d2-4,8,0,ok,26,3818
cal-12-d2-4,8,1,ok,26,1623
cal-12-d2-5,8,0,ok,488,3717
cal-12-d2-5,8,1,ok,488,3106
cal-12-d3-2,8,0,ok,792,6081
cal-12-d3-2,8,1,ok,792,3807
cal-12-d3-3,8,0,ok,6380,35578
cal-12-d3-3,8,1,ok,6380,31541
cal-12-d3-5,8,0,ok,1269,6703
cal-12-d3-5,8,1,ok,1269,4779
cal-12-d4-2,8,0,ok,623,9478
cal-12-d4-2,8,1,ok,623,3897
cal-12-d4-3,8,0,ok,7150,38804
cal-12-d4-3,8,1,ok,7150,35027
cal-12-d4-4,8,0,ok,1918,9588
cal-12-d4-4,8,1,ok,1918,8146
cal-12-d4-5,8,0,ok,375,7845
cal-12-d4-5,8,1,ok,375,5130
cal-12-d5-1,8,0,ok,1300,7865
cal-12-d5-1,8,1,ok,1300,6192
cal-12-d5-2,8,0,ok,991,9869
cal-12-d5-2,8,1,ok,991,5571
cal-12-d5-4,8,0,ok,611,4870
cal-12-d5-4,8,1,ok,611,3547
cal-12-d5-5,8,0,ok,4475,19438
cal-12-d5-5,8,1,ok,4475,17444
cal-34-d1-1,8,0,ok,272,7264
cal-34-d1-1,8,1,ok,272,3016
cal-34-d1-2,8,0,ok,323,5180
cal-34-d1-2,8,1,ok,323,2655
cal-34-d1-3,8,0,ok,69,7825
cal-34-d1-3,8,1,ok,69,2816
cal-34-d1-4,8,0,ok,828,10681
cal-34-d1-4,8,1,ok,828,4780
cal-34-d1-5,8,0,ok,24,1974
cal-34-d1-5,8,1,ok,24,1463
cal-34-d2-1,8,0,ok,456,10099
cal-34-d2-1,8,1,ok,456,4198
cal-34-d2-2,8,0,ok,26,5230
cal-34-d2-2,8,1,ok,26,1423
cal-34-d2-3,8,0,ok,33,4298
cal-34-d2-3,8,1,ok,33,1623
cal-34-d2-4,8,0,ok,872,10891
cal-34-d2-4,8,1,ok,872,5040
cal-34-d2-5,8,0,ok,7231,44435
cal-34-d2-5,8,1,ok,7231,36370
cal-34-d3-1,8,0,ok,1207,13395
cal-34-d3-1,8,1,ok,1207,7054
cal-34-d3-2,8,0,ok,1071,10160
cal-34-d3-2,8,1,ok,1071,5941
cal-34-d3-3,8,0,ok,182983,2044136
cal-34-d3-3,8,1,ok,182983,1930197
cal-34-d3-4,8,0,ok,236,26952
cal-34-d3-4,8,1,ok,236,20490
cal-34-d3-5,8,0,ok,165,10440
cal-34-d3-5,8,1,ok,165,3977
cal-34-d4-1,8,0,ok,4466,21331
cal-34-d4-1,8,1,ok,4466,17263
cal-34-d4-2,8,0,ok,2341,16562
cal-34-d4-2,8,1,ok,2341,11582
cal-34-d4-3,8,0,ok,250997,1078467
cal-34-d4-3,8,1,ok,250997,1070211
cal-34-d4-4,8,0,ok,1070,10350
cal-34-d4-4,8,1,ok,1070,6002
cal-34-d4-5,8,0,ok,201,14197
cal-34-d4-5,8,1,ok,201,4248
cal-34-d5-1,8,0,ok,13265,51039
cal-34-d5-1,8,1,ok,13265,47952
cal-34-d5-2,8,0,ok,1127,8857
cal-34-d5-2,8,1,ok,1127,5280
cal-34-d5-3,8,0,ok,844,8256
cal-34-d5-3,8,1,ok,844,5220
cal-34-d5-4,8,0,ok,3492,31691
cal-34-d5-4,8,1,ok,3492,26441
cal-34-d5-5,8,0,ok,10737,170899
cal-34-d5-5,8,1,ok,10737,184345
cal-56-d2-1,8,0,ok,4528,23234
cal-56-d2-1,8,1,ok,4528,18956
cal-56-d2-2,8,0,ok,134,10000
cal-56-d2-2,8,1,ok,134,3486
cal-56-d2-3,8,0,ok,4337,31390
cal-56-d2-3,8,1,ok,4337,27383
cal-56-d3-1,8,0,ok,682125,3435445
cal-56-d3-1,8,1,ok,682125,2763621
cal-56-d3-2,8,0,ok,1000,15941
cal-56-d3-2,8,1,ok,1000,7925
cal-56-d3-3,8,0,ok,3050,29968
cal-56-d3-3,8,1,ok,3050,16883
cal-56-d4-1,8,0,ok,52283,250943
cal-56-d4-1,8,1,ok,52283,255552
cal-56-d4-2,8,0,ok,233,10279
cal-56-d4-2,8,1,ok,233,4699
cal-56-d4-3,8,0,ok,43949,155058
cal-56-d4-3,8,1,ok,43949,159286
clk-12-d1-1,8,0,ok,121,14047
clk-12-d1-1,8,1,ok,121,4478
clk-12-d1-2,8,0,ok,127,5541
clk-12-d1-2,8,1,ok,127,2555
clk-12-d1-3,8,0,ok,2130,14107
clk-12-d1-3,8,1,ok,2130,11984
clk-12-d1-4,8,0,ok,90,41259
clk-12-d1-4,8,1,ok,90,8256
clk-12-d1-5,8,0,ok,95,9729
clk-12-d1-5,8,1,ok,95,5701
clk-12-d2-1,8,0,ok,605,23565
clk-12-d2-1,8,1,ok,605,99692
clk-12-d2-2,8,0,ok,10294,52140
clk-12-d2-2,8,1,ok,10294,49325
clk-12-d2-3,8,0,ok,94,7014
clk-12-d2-3,8,1,ok,94,3877
clk-12-d2-5,8,0,ok,90,10079
clk-12-d2-5,8,1,ok,90,3828
clk-12-d3-1,8,0,ok,90,9619
clk-12-d3-1,8,1,ok,90,3306
clk-12-d3-2,8,0,ok,155,5751
clk-12-d3-2,8,1,ok,155,3467
clk-12-d3-3,8,0,ok,96,47281
clk-12-d3-3,8,1,ok,96,7635
clk-12-d3-4,8,0,ok,25,9538
clk-12-d3-4,8,1,ok,25,3016
clk-12-d3-5,8,0,ok,90,11933
clk-12-d3-5,8,1,ok,90,3667
clk-12-d4-1,8,0,ok,98,7474
clk-12-d4-1,8,1,ok,98,2945
clk-12-d4-2,8,0,ok,90,4499
clk-12-d4-2,8,1,ok,90,2776
clk-12-d4-4,8,0,ok,1582,20459
clk-12-d4-4,8,1,ok,1582,11251
clk-12-d4-5,8,0,ok,96,10641
clk-12-d4-5,8,1,ok,96,3577
clk-12-d5-2,8,0,ok,171,6462
clk-12-d5-2,8,1,ok,171,3246
clk-12-d5-3,8,0,ok,4255,30269
clk-12-d5-3,8,1,ok,4255,22854
clk-12-d5-4,8,0,ok,1799,12975
clk-12-d5-4,8,1,ok,1799,10540
clk-12-d5-5,8,0,ok,92,66639
clk-12-d5-5,8,1,ok,92,10470
clk-34-d1-1,8,0,ok,97,7073
clk-34-d1-1,8,1,ok,97,2886
clk-34-d1-2,8,0,ok,2015,20119
clk-34-d1-2,8,1,ok,2015,13076
clk-34-d1-3,8,0,ok,34,3577
clk-34-d1-3,8,1,ok,34,1362
clk-34-d1-4,8,0,ok,9917,57961
clk-34-d1-4,8,1,ok,9917,48483
clk-34-d1-5,8,0,ok,16663,121103
clk-34-d1-5,8,1,ok,16663,45347
clk-34-d2-1,8,0,ok,4251,27002
clk-34-d2-1,8,1,ok,4251,22393
clk-34-d2-2,8,0,ok,285,15971
clk-34-d2-2,8,1,ok,285,9859
clk-34-d2-3,8,0,ok,95,11572
clk-34-d2-3,8,1,ok,95,3517
clk-34-d2-4,8,0,ok,517,19929
clk-34-d2-4,8,1,ok,517,11713
clk-34-d2-5,8,0,ok,2872,24747
clk-34-d2-5,8,1,ok,2872,16792
clk-34-d3-2,8,0,ok,96,7524
clk-34-d3-2,8,1,ok,96,2786
clk-34-d3-3,8,0,ok,98,4268
clk-34-d3-3,8,1,ok,98,2345
clk-34-d3-4,8,0,ok,98,24286
clk-34-d3-4,8,1,ok,98,3577
clk-34-d3-5,8,0,ok,3407,22884
clk-34-d3-5,8,1,ok,3407,18856
clk-34-d4-1,8,0,ok,4227,27513
clk-34-d4-1,8,1,ok,4227,18446
clk-34-d4-2,8,0,ok,616,23104
clk-34-d4-2,8,1,ok,616,13776
clk-34-d4-3,8,0,ok,100,11422
clk-34-d4-3,8,1,ok,100,3828
clk-34-d4-4,8,0,ok,2034,41200
clk-34-d4-4,8,1,ok,2034,33295
clk-34-d5-1,8,0,ok,2659,14969
clk-34-d5-1,8,1,ok,2659,12214
clk-34-d5-3,8,0,ok,2974,21491
clk-34-d5-3,8,1,ok,2974,16833
clk-34-d5-5,8,0,ok,111,13416
clk-34-d5-5,8,1,ok,111,4589
clk-56-d2-1,8,0,ok,8927,54344
clk-56-d2-1,8,1,ok,8927,44235
clk-56-d2-2,8,0,ok,208,13997
clk-56-d2-2,8,1,ok,208,5250
clk-56-d2-3,8,0,ok,108,11622
clk-56-d2-3,8,1,ok,108,3647
clk-56-d3-1,8,0,ok,15481,88681
clk-56-d3-1,8,1,ok,15481,85044
clk-56-d3-2,8,0,ok,143,13416
clk-56-d3-2,8,1,ok,143,4479
clk-56-d3-3,8,0,ok,315,17624
clk-56-d3-3,8,1,ok,315,7855
clk-56-d4-1,8,0,ok,31981,136132
clk-56-d4-1,8,1,ok,31981,126223
clk-56-d4-2,8,0,ok,15004,64474
clk-56-d4-2,8,1,ok,15004,57019
clk-56-d4-3,8,0,ok,3126,23345
clk-56-d4-3,8,1,ok,3126,18626
div-56-d2-1,8,0,ok,948,7385
div-56-d2-1,8,1,ok,948,4438
div-56-d2-2,8,0,ok,15099,44926
div-56-d2-2,8,1,ok,15099,43534
div-56-d2-3,8,0,ok,733,12354
div-56-d2-3,8,1,ok,733,3988
div-56-d3-1,8,0,ok,31509,112917
div-56-d3-1,8,1,ok,31509,109191
div-56-d3-2,8,0,ok,5545,40719
div-56-d3-2,8,1,ok,5545,31841
div-56-d3-3,8,0,ok,197,4799
div-56-d3-3,8,1,ok,197,12584
div-56-d4-1,8,0,ok,17055,65296
div-56-d4-1,8,1,ok,17055,57861
div-56-d4-2,8,0,ok,14890,102868
div-56-d4-2,8,1,ok,14890,102347
div-56-d4-3,8,0,ok,16044,51889
div-56-d4-3,8,1,ok,16044,45638
enum-12-d1-1,8,0,ok,79,6051
enum-12-d1-1,8,1,ok,79,1844
enum-12-d1-4,8,0,ok,166,6192
enum-12-d1-4,8,1,ok,166,2254
enum-12-d2-4,8,0,ok,70,2795
enum-12-d2-4,8,1,ok,70,1764
enum-12-d2-5,8,0,ok,650,16752
enum-12-d2-5,8,1,ok,650,8627
enum-12-d3-1,8,0,ok,91,4057
enum-12-d3-1,8,1,ok,91,1944
enum-12-d3-3,8,0,ok,138,8076
enum-12-d3-3,8,1,ok,138,2665
enum-12-d3-4,8,0,ok,408,8927
enum-12-d3-4,8,1,ok,408,4359
enum-12-d4-2,8,0,ok,121,3427
enum-12-d4-2,8,1,ok,121,1884
enum-12-d4-4,8,0,ok,644,15099
enum-12-d4-4,8,1,ok,644,6973
enum-12-d4-5,8,0,ok,89,3747
enum-12-d4-5,8,1,ok,89,2034
enum-12-d5-2,8,0,ok,313,5931
enum-12-d5-2,8,1,ok,313,2785
enum-12-d5-3,8,0,ok,83,3066
enum-12-d5-3,8,1,ok,83,1924
enum-12-d5-4,8,0,ok,757,6943
enum-12-d5-4,8,1,ok,757,4428
enum-34-d1-1,8,0,ok,121,5561
enum-34-d1-1,8,1,ok,121,2034
enum-34-d1-2,8,0,ok,115,3417
enum-34-d1-2,8,1,ok,115,1854
enum-34-d1-4,8,0,ok,149,7975
enum-34-d1-4,8,1,ok,149,2565
enum-34-d2-1,8,0,ok,92,7595
enum-34-d2-1,8,1,ok,92,2314
enum-34-d2-3,8,0,ok,1219,21842
enum-34-d2-3,8,1,ok,1219,11663
enum-34-d2-4,8,0,ok,274,8316
enum-34-d2-4,8,1,ok,274,3016
enum-34-d2-5,8,0,ok,119,5020
enum-34-d2-5,8,1,ok,119,2175
enum-34-d3-2,8,0,ok,124,3958
enum-34-d3-2,8,1,ok,124,1934
enum-34-d3-3,8,0,ok,594,10150
enum-34-d3-3,8,1,ok,594,4429
enum-34-d3-4,8,0,ok,22528,107707
enum-34-d3-4,8,1,ok,22528,102157
enum-34-d3-5,8,0,ok,691,11432
enum-34-d3-5,8,1,ok,691,6773
enum-34-d4-1,8,0,ok,1533,14979
enum-34-d4-1,8,1,ok,1533,10400
enum-34-d4-3,8,0,ok,3724,20830
enum-34-d4-3,8,1,ok,3724,71417
enum-34-d4-4,8,0,ok,907,10380
enum-34-d4-4,8,1,ok,907,6352
enum-34-d4-5,8,0,ok,480,13957
enum-34-d4-5,8,1,ok,480,7845
enum-34-d5-1,8,0,ok,22532,107637
enum-34-d5-1,8,1,ok,22532,104111
enum-34-d5-2,8,0,ok,1584,9819
enum-34-d5-2,8,1,ok,1584,5711
enum-34-d5-4,8,0,ok,688,12424
enum-34-d5-4,8,1,ok,688,6343
enum-56-d2-1,8,0,ok,190,9990
enum-56-d2-1,8,1,ok,190,8687
enum-56-d2-2,8,0,ok,125,5881
enum-56-d2-2,8,1,ok,125,2184
enum-56-d2-3,8,0,ok,883,20389
enum-56-d2-3,8,1,ok,883,14277
enum-56-d3-1,8,0,ok,5662,26411
enum-56-d3-1,8,1,ok,5662,16191
enum-56-d3-2,8,0,ok,7934,71067
enum-56-d3-2,8,1,ok,7934,58333
enum-56-d3-3,8,0,ok,10713,73572
enum-56-d3-3,8,1,ok,10713,66839
enum-56-d4-1,8,0,ok,224150,1453569
enum-56-d4-1,8,1,ok,224150,1421317
enum-56-d4-2,8,0,ok,18884,140801
enum-56-d4-2,8,1,ok,18884,131784
enum-56-d4-3,8,0,ok,713,10210
enum-56-d4-3,8,1,ok,713,5530
frac-56-d2-1,8,0,ok,17719,63242
frac-56-d2-1,8,1,ok,17719,60577
frac-56-d2-2,8,0,ok,14426,65086
frac-56-d2-2,8,1,ok,14426,56007
frac-56-d2-3,8,0,ok,295,4349
frac-56-d2-3,8,1,ok,295,12995
frac-56-d3-1,8,0,ok,20670,89092
frac-56-d3-1,8,1,ok,20670,81607
frac-56-d3-2,8,0,ok,32557,117787
frac-56-d3-2,8,1,ok,32557,113168
frac-56-d3-3,8,0,ok,13917,56108
frac-56-d3-3,8,1,ok,13917,50638
frac-56-d4-1,8,0,ok,20699,185617
frac-56-d4-1,8,1,ok,20699,154487
frac-56-d4-2,8,0,ok,427,6031
frac-56-d4-2,8,1,ok,427,3367
frac-56-d4-3,8,0,ok,46564,225154
frac-56-d4-3,8,1,ok,46564,172573
game-56-d2-1,8,0,ok,692,10731
game-56-d2-1,8,1,ok,692,6823
game-56-d2-2,8,0,ok,1887,23405
game-56-d2-2,8,1,ok,1887,12795
game-56-d2-3,8,0,ok,1046,41170
game-56-d2-3,8,1,ok,1046,24227
game-56-d3-1,8,0,ok,867,14257
game-56-d3-1,8,1,ok,867,8206
game-56-d3-2,8,0,ok,5153,92488
game-56-d3-2,8,1,ok,5153,86145
game-56-d3-3,8,0,ok,800,13977
game-56-d3-3,8,1,ok,800,7675
game-56-d4-1,8,0,ok,1213,10600
game-56-d4-1,8,1,ok,1213,136452
game-56-d4-2,8,0,ok,3467,72980
game-56-d4-2,8,1,ok,3467,63923
game-56-d4-3,8,0,ok,1597,19087
game-56-d4-3,8,1,ok,1597,11241
gaps-12-d1-1,8,0,ok,100,5361
gaps-12-d1-1,8,1,ok,100,2245
gaps-12-d1-2,8,0,ok,73,12033
gaps-12-d1-2,8,1,ok,73,4930
gaps-12-d1-3,8,0,ok,285,6222
gaps-12-d1-3,8,1,ok,285,3717
gaps-12-d1-4,8,0,ok,24,2615
gaps-12-d1-4,8,1,ok,24,1523
gaps-12-d1-5,8,0,ok,72,3748
gaps-12-d1-5,8,1,ok,72,1774
gaps-12-d2-1,8,0,ok,123,4108
gaps-12-d2-1,8,1,ok,123,2054
gaps-12-d2-3,8,0,ok,110,2946
gaps-12-d2-3,8,1,ok,110,1623
gaps-12-d3-1,8,0,ok,104,7895
gaps-12-d3-1,8,1,ok,104,2705
gaps-12-d3-3,8,0,ok,43,5060
gaps-12-d3-3,8,1,ok,43,1763
gaps-12-d3-4,8,0,ok,79,3266
gaps-12-d3-4,8,1,ok,79,1793
gaps-12-d3-5,8,0,ok,105,8697
gaps-12-d3-5,8,1,ok,105,3126
gaps-12-d4-3,8,0,ok,218,3738
gaps-12-d4-3,8,1,ok,218,2244
gaps-12-d4-5,8,0,ok,127,7875
gaps-12-d4-5,8,1,ok,127,2805
gaps-12-d5-2,8,0,ok,25,4188
gaps-12-d5-2,8,1,ok,25,1573
gaps-12-d5-3,8,0,ok,54,5952
gaps-12-d5-3,8,1,ok,54,1864
gaps-12-d5-4,8,0,ok,29,4018
gaps-12-d5-4,8,1,ok,29,1452
gaps-12-d5-5,8,0,ok,150,5401
gaps-12-d5-5,8,1,ok,150,2545
gaps-34-d1-1,8,0,ok,271,4028
gaps-34-d1-1,8,1,ok,271,2335
gaps-34-d1-2,8,0,ok,24,3477
gaps-34-d1-2,8,1,ok,24,1533
gaps-34-d1-3,8,0,ok,29,4538
gaps-34-d1-3,8,1,ok,29,1874
gaps-34-d1-4,8,0,ok,149,4428
gaps-34-d1-4,8,1,ok,149,2625
gaps-34-d1-5,8,0,ok,824,21040
gaps-34-d1-5,8,1,ok,824,13826
gaps-34-d2-1,8,0,ok,118,6433
gaps-34-d2-1,8,1,ok,118,2435
gaps-34-d2-2,8,0,ok,162,9138
gaps-34-d2-2,8,1,ok,162,3076
gaps-34-d2-3,8,0,ok,473,20670
gaps-34-d2-3,8,1,ok,473,3637
gaps-34-d2-4,8,0,ok,31,12074
gaps-34-d2-4,8,1,ok,31,3276
gaps-34-d2-5,8,0,ok,383,12444
gaps-34-d2-5,8,1,ok,383,5029
gaps-34-d3-2,8,0,ok,547,22834
gaps-34-d3-2,8,1,ok,547,10841
gaps-34-d3-3,8,0,ok,71,10390
gaps-34-d3-3,8,1,ok,71,3016
gaps-34-d3-4,8,0,ok,31,5400
gaps-34-d3-4,8,1,ok,31,2014
gaps-34-d4-1,8,0,ok,178,8155
gaps-34-d4-1,8,1,ok,178,2625
gaps-34-d4-2,8,0,ok,4898,60246
gaps-34-d4-2,8,1,ok,4898,54755
gaps-34-d4-3,8,0,ok,31,4529
gaps-34-d4-3,8,1,ok,31,1643
gaps-34-d4-4,8,0,ok,138,8857
gaps-34-d4-4,8,1,ok,138,3186
gaps-34-d4-5,8,0,ok,372,8567
gaps-34-d4-5,8,1,ok,372,4749
gaps-34-d5-1,8,0,ok,207,6382
gaps-34-d5-1,8,1,ok,207,2545
gaps-34-d5-2,8,0,ok,713,20038
gaps-34-d5-2,8,1,ok,713,9538
gaps-34-d5-3,8,0,ok,1348,14367
gaps-34-d5-3,8,1,ok,1348,8246
gaps-34-d5-5,8,0,ok,243,5430
gaps-34-d5-5,8,1,ok,243,2254
gaps-56-d2-1,8,0,ok,108,8877
gaps-56-d2-1,8,1,ok,108,3216
gaps-56-d2-2,8,0,ok,618,10841
gaps-56-d2-2,8,1,ok,618,8586
gaps-56-d2-3,8,0,ok,541,9488
gaps-56-d2-3,8,1,ok,541,4459
gaps-56-d3-1,8,0,ok,60301,329575
gaps-56-d3-1,8,1,ok,60301,657285
gaps-56-d3-2,8,0,ok,617,18817
gaps-56-d3-2,8,1,ok,617,11392
gaps-56-d3-3,8,0,ok,377,9950
gaps-56-d3-3,8,1,ok,377,5741
gaps-56-d4-1,8,0,ok,941,7254
gaps-56-d4-1,8,1,ok,941,3487
gaps-56-d4-2,8,0,ok,1395,15981
gaps-56-d4-2,8,1,ok,1395,9067
gaps-56-d4-3,8,0,ok,105638,463192
gaps-56-d4-3,8,1,ok,105638,903690
grid-56-d2-1,8,0,ok,712,22703
grid-56-d2-1,8,1,ok,712,8276
grid-56-d2-2,8,0,ok,221,35618
grid-56-d2-2,8,1,ok,221,5551
grid-56-d2-3,8,0,ok,1362,21662
grid-56-d2-3,8,1,ok,1362,15400
grid-56-d3-1,8,0,ok,1179,22934
grid-56-d3-1,8,1,ok,1179,12393
grid-56-d3-2,8,0,ok,1732,17183
grid-56-d3-2,8,1,ok,1732,14227
grid-56-d3-3,8,0,ok,1251,17384
grid-56-d3-3,8,1,ok,1251,10631
grid-56-d4-1,8,0,ok,5876,74103
grid-56-d4-1,8,1,ok,5876,68031
grid-56-d4-2,8,0,ok,18448,182100
grid-56-d4-2,8,1,ok,18448,180097
grid-56-d4-3,8,0,ok,535571,7620844
grid-56-d4-3,8,1,ok,535571,10040222
kl-34-d1-1,8,0,ok,224,9608
kl-34-d1-1,8,1,ok,224,3517
kl-34-d5-2,8,0,ok,1008543,5351434
kl-34-d5-2,8,1,ok,1008543,7117284
kl-56-d2-1,8,0,ok,557,16411
kl-56-d2-1,8,1,ok,557,6483
kl-56-d2-2,8,0,ok,587,52321
kl-56-d2-2,8,1,ok,587,13456
kl-56-d2-3,8,0,ok,468,17063
kl-56-d2-3,8,1,ok,468,8977
kl-56-d3-1,8,0,ok,556,15620
kl-56-d3-1,8,1,ok,556,7605
kl-56-d3-2,8,0,ok,64797,327390
kl-56-d3-2,8,1,ok,64797,343211
kl-56-d3-3,8,0,ok,2065,25859
kl-56-d3-3,8,1,ok,2065,13396
kl-56-d4-1,8,0,ok,2605,28635
kl-56-d4-1,8,1,ok,2605,18005
kl-56-d4-2,8,0,ok,1765,21231
kl-56-d4-2,8,1,ok,1765,11702
kl-56-d4-3,8,0,ok,35374,248118
kl-56-d4-3,8,1,ok,35374,227148
ord-12-d1-1,8,0,ok,742,13797
ord-12-d1-1,8,1,ok,742,7876
ord-12-d1-2,8,0,ok,773,14638
ord-12-d1-2,8,1,ok,773,7935
ord-12-d1-3,8,0,ok,721,10791
ord-12-d1-3,8,1,ok,721,6632
ord-12-d1-4,8,0,ok,744,18566
ord-12-d1-4,8,1,ok,744,12264
ord-12-d1-5,8,0,ok,798,11803
ord-12-d1-5,8,1,ok,798,7765
ord-12-d2-1,8,0,ok,3039,21561
ord-12-d2-1,8,1,ok,3039,19838
ord-12-d2-2,8,0,ok,16892,120532
ord-12-d2-2,8,1,ok,16892,99602
ord-12-d2-3,8,0,ok,3154,23916
ord-12-d2-3,8,1,ok,3154,22393
ord-12-d2-4,8,0,ok,3153,30839
ord-12-d2-4,8,1,ok,3153,21933
ord-12-d2-5,8,0,ok,3369,24808
ord-12-d2-5,8,1,ok,3369,23606
ord-12-d3-2,8,0,ok,3153,22373
ord-12-d3-2,8,1,ok,3153,20199
ord-12-d3-3,8,0,ok,3544,29797
ord-12-d3-3,8,1,ok,3544,22052
ord-12-d3-4,8,0,ok,3319,27393
ord-12-d3-4,8,1,ok,3319,22022
ord-12-d3-5,8,0,ok,3145,57791
ord-12-d3-5,8,1,ok,3145,267916
ord-12-d4-1,8,0,ok,19015,117797
ord-12-d4-1,8,1,ok,19015,107697
ord-12-d4-2,8,0,ok,3279,44576
ord-12-d4-2,8,1,ok,3279,23586
ord-12-d4-4,8,0,ok,3449,30439
ord-12-d4-4,8,1,ok,3449,22022
ord-12-d4-5,8,0,ok,6642,48263
ord-12-d4-5,8,1,ok,6642,43103
ord-12-d5-2,8,0,ok,3173,34867
ord-12-d5-2,8,1,ok,3173,28695
ord-12-d5-3,8,0,ok,18951,134770
ord-12-d5-3,8,1,ok,18951,104983
ord-12-d5-4,8,0,ok,3493,26671
ord-12-d5-4,8,1,ok,3493,147013
ord-12-d5-5,8,0,ok,7444,61478
ord-12-d5-5,8,1,ok,7444,57531
ord-34-d1-1,8,0,ok,27999,204865
ord-34-d1-1,8,1,ok,27999,210305
ord-34-d1-2,8,0,ok,560,16992
ord-34-d1-2,8,1,ok,560,5220
ord-34-d1-3,8,0,ok,28115,140000
ord-34-d1-3,8,1,ok,28115,106275
ord-34-d1-4,8,0,ok,921069,9065204
ord-34-d1-4,8,1,ok,921069,8604187
ord-34-d1-5,8,0,ok,3154,31551
ord-34-d1-5,8,1,ok,3154,23145
ord-34-d2-1,8,0,ok,3885,98339
ord-34-d2-1,8,1,ok,3885,67790
ord-34-d2-2,8,0,ok,18440,134078
ord-34-d2-2,8,1,ok,18440,109912
ord-34-d2-3,8,0,ok,3236,33755
ord-34-d2-3,8,1,ok,3236,24698
ord-34-d2-4,8,0,ok,18996,290339
ord-34-d2-4,8,1,ok,18996,240002
ord-34-d2-5,8,0,ok,765,40559
ord-34-d2-5,8,1,ok,765,158636
ord-34-d3-1,8,0,ok,127355,688496
ord-34-d3-1,8,1,ok,127355,1861454
ord-34-d3-2,8,0,ok,3175,66227
ord-34-d3-2,8,1,ok,3175,48032
ord-34-d3-3,8,0,ok,526,19057
ord-34-d3-3,8,1,ok,526,5039
ord-34-d3-4,8,0,ok,18947,143496
ord-34-d3-4,8,1,ok,18947,116224
ord-34-d3-5,8,0,ok,3224,29577
ord-34-d3-5,8,1,ok,3224,24307
ord-34-d4-1,8,0,ok,18475,122316
ord-34-d4-1,8,1,ok,18475,110413
ord-34-d4-3,8,0,ok,18564,286973
ord-34-d4-3,8,1,ok,18564,230915
ord-34-d4-4,8,0,ok,984,32412
ord-34-d4-4,8,1,ok,984,13095
ord-34-d4-5,8,0,ok,5313,119731
ord-34-d4-5,8,1,ok,5313,55436
ord-34-d5-1,8,0,ok,128680,814889
ord-34-d5-1,8,1,ok,128680,736989
ord-34-d5-2,8,0,ok,20388,288576
ord-34-d5-2,8,1,ok,20388,241255
ord-34-d5-3,8,0,ok,3211,75255
ord-34-d5-3,8,1,ok,3211,49405
ord-34-d5-5,8,0,ok,18776,918198
ord-34-d5-5,8,1,ok,18776,515623
ord-56-d2-1,8,0,ok,19022,399951
ord-56-d2-1,8,1,ok,19022,238078
ord-56-d2-2,8,0,ok,6289,44315
ord-56-d2-2,8,1,ok,6289,31150
ord-56-d2-3,8,0,ok,18020,116565
ord-56-d2-3,8,1,ok,18020,119049
ord-56-d3-1,8,0,ok,131940,723814
ord-56-d3-1,8,1,ok,131940,1523754
ord-56-d3-2,8,0,ok,39025,499742
ord-56-d3-2,8,1,ok,39025,458703
ord-56-d3-3,8,0,ok,18622,263458
ord-56-d3-3,8,1,ok,18622,260031
ord-56-d4-1,8,0,ok,1002845,7592309
ord-56-d4-1,8,1,ok,1002845,10655877
ord-56-d4-2,8,0,ok,3767,34366
ord-56-d4-2,8,1,ok,3767,35959
ord-56-d4-3,8,0,ok,131560,1631521
ord-56-d4-3,8,1,ok,131560,2069245
par-12-d1-1,8,0,ok,117,6553
par-12-d1-1,8,1,ok,117,2696
par-12-d1-3,8,0,ok,61,3356
par-12-d1-3,8,1,ok,61,1533
par-12-d1-4,8,0,ok,454,29447
par-12-d1-4,8,1,ok,454,10139
par-12-d1-5,8,0,ok,148,12685
par-12-d1-5,8,1,ok,148,3908
par-12-d2-3,8,0,ok,113,20610
par-12-d2-3,8,1,ok,113,7524
par-12-d2-5,8,0,ok,142,7424
par-12-d2-5,8,1,ok,142,3326
par-12-d3-1,8,0,ok,152,14218
par-12-d3-1,8,1,ok,152,3758
par-12-d3-2,8,0,ok,316,9809
par-12-d3-2,8,1,ok,316,3867
par-12-d3-4,8,0,ok,704,14428
par-12-d3-4,8,1,ok,704,7214
par-12-d4-2,8,0,ok,252,5190
par-12-d4-2,8,1,ok,252,2465
par-12-d4-4,8,0,ok,13046,125541
par-12-d4-4,8,1,ok,13046,123247
par-12-d4-5,8,0,ok,80487,489763
par-12-d4-5,8,1,ok,80487,415831
par-12-d5-2,8,0,ok,1604,34166
par-12-d5-2,8,1,ok,1604,18035
par-34-d1-1,8,0,ok,128,5060
par-34-d1-1,8,1,ok,128,2686
par-34-d1-2,8,0,ok,1516,39376
par-34-d1-2,8,1,ok,1516,16442
par-34-d1-3,8,0,ok,73,21441
par-34-d1-3,8,1,ok,73,35027
par-34-d1-4,8,0,ok,12049,67349
par-34-d1-4,8,1,ok,12049,56459
par-34-d1-5,8,0,ok,78,4889
par-34-d1-5,8,1,ok,78,1954
par-34-d2-1,8,0,ok,707,23415
par-34-d2-1,8,1,ok,707,14167
par-34-d2-2,8,0,ok,55,21081
par-34-d2-2,8,1,ok,55,6181
par-34-d2-3,8,0,ok,1640,21651
par-34-d2-3,8,1,ok,1640,13346
par-34-d3-1,8,0,ok,199875,935872
par-34-d3-1,8,1,ok,199875,750976
par-34-d3-2,8,0,ok,1529,14818
par-34-d3-2,8,1,ok,1529,10049
par-34-d3-3,8,0,ok,2287,39435
par-34-d3-3,8,1,ok,2287,22393
par-34-d3-4,8,0,ok,28521,221767
par-34-d3-4,8,1,ok,28521,205055
par-34-d3-5,8,0,ok,545,13106
par-34-d3-5,8,1,ok,545,6202
par-34-d4-1,8,0,ok,2008,66298
par-34-d4-1,8,1,ok,2008,40057
par-34-d4-3,8,0,ok,142,8696
par-34-d4-3,8,1,ok,142,3176
par-34-d4-4,8,0,ok,107,12404
par-34-d4-4,8,1,ok,107,4900
par-34-d4-5,8,0,ok,53570,581370
par-34-d4-5,8,1,ok,53570,1237292
par-34-d5-1,8,0,ok,88014,650081
par-34-d5-1,8,1,ok,88014,1481823
par-34-d5-2,8,0,ok,977,13125
par-34-d5-2,8,1,ok,977,8917
par-34-d5-4,8,0,ok,110044,804589
par-34-d5-4,8,1,ok,110044,751878
par-34-d5-5,8,0,ok,136,7654
par-34-d5-5,8,1,ok,136,2495
par-56-d2-1,8,0,ok,3946,53303
par-56-d2-1,8,1,ok,3946,40438
par-56-d2-2,8,0,ok,1154997,4309518
par-56-d2-2,8,1,ok,1154997,3363637
par-56-d2-3,8,0,ok,578886,2351367
par-56-d2-3,8,1,ok,578886,2105945
par-56-d3-1,8,0,ok,632,20750
par-56-d3-1,8,1,ok,632,13496
par-56-d3-2,8,0,ok,562591,5762475
par-56-d3-2,8,1,ok,562591,6189247
par-56-d3-3,8,0,ok,146408,1036506
par-56-d3-3,8,1,ok,146408,1601764
par-56-d4-1,8,0,ok,1327362,13692413
par-56-d4-1,8,1,ok,1327362,17412637
par-56-d4-2,8,0,ok,103746,734514
par-56-d4-2,8,1,ok,103746,710508
par-56-d4-3,8,0,ok,1372300,5086163
par-56-d4-3,8,1,ok,1372300,4746680
pct-56-d2-1,8,0,ok,1776,17043
pct-56-d2-1,8,1,ok,1776,8206
pct-56-d2-2,8,0,ok,17942,81658
pct-56-d2-2,8,1,ok,17942,76728
pct-56-d2-3,8,0,ok,23509,88901
pct-56-d2-3,8,1,ok,23509,84292
pct-56-d3-1,8,0,ok,16444,71938
pct-56-d3-1,8,1,ok,16444,65316
pct-56-d3-2,8,0,ok,17847,85935
pct-56-d3-2,8,1,ok,17847,80205
pct-56-d3-3,8,0,ok,14832,60977
pct-56-d3-3,8,1,ok,14832,56899
pct-56-d4-1,8,0,ok,20947,85424
pct-56-d4-1,8,1,ok,20947,83742
pct-56-d4-2,8,0,ok,5690,27844
pct-56-d4-2,8,1,ok,5690,21692
pct-56-d4-3,8,0,ok,613,8497
pct-56-d4-3,8,1,ok,613,4318
pig-12-d1-2,8,0,ok,527,13226
pig-12-d1-2,8,1,ok,527,6242
pig-12-d1-3,8,0,ok,3306,52521
pig-12-d1-3,8,1,ok,3306,39947
pig-12-d2-3,8,0,ok,69,3487
pig-12-d2-3,8,1,ok,69,1423
pig-12-d3-3,8,0,ok,273722,3547641
pig-12-d3-3,8,1,ok,273722,2745747
pig-12-d5-5,8,0,ok,597,21351
pig-12-d5-5,8,1,ok,597,7294
pig-34-d1-1,8,0,ok,2944,28786
pig-34-d1-1,8,1,ok,2944,21511
pig-34-d1-2,8,0,ok,85,4990
pig-34-d1-2,8,1,ok,85,1743
pig-34-d1-5,8,0,ok,182,4329
pig-34-d1-5,8,1,ok,182,2505
pig-34-d2-2,8,0,ok,129,3617
pig-34-d2-2,8,1,ok,129,2074
pig-34-d2-3,8,0,ok,30322,148045
pig-34-d2-3,8,1,ok,30322,149608
pig-34-d2-4,8,0,ok,524,10150
pig-34-d2-4,8,1,ok,524,5290
pig-34-d2-5,8,0,ok,159,5250
pig-34-d2-5,8,1,ok,159,2435
pig-34-d3-3,8,0,ok,76941,596268
pig-34-d3-3,8,1,ok,76941,605746
pig-34-d3-4,8,0,ok,99,4649
pig-34-d3-4,8,1,ok,99,1593
pig-34-d4-2,8,0,ok,2413617,20091234
pig-34-d4-2,8,1,ok,2413617,34707547
pig-34-d4-3,8,0,ok,30483,289468
pig-34-d4-3,8,1,ok,30483,251344
pig-34-d4-4,8,0,ok,70,16702
pig-34-d4-4,8,1,ok,70,2344
pig-34-d4-5,8,0,ok,1973,58502
pig-34-d4-5,8,1,ok,1973,23675
pig-34-d5-2,8,0,ok,1456,10210
pig-34-d5-2,8,1,ok,1456,7855
pig-34-d5-4,8,0,ok,1100817,7728341
pig-34-d5-4,8,1,ok,1100817,9093018
pig-34-d5-5,8,0,ok,2156484,21001897
pig-34-d5-5,8,1,ok,2156484,15606159
pig-56-d2-1,8,0,ok,4434,28164
pig-56-d2-1,8,1,ok,4434,16352
pig-56-d2-2,8,0,ok,2163,19708
pig-56-d2-2,8,1,ok,2163,10430
pig-56-d2-3,8,0,ok,112378,359763
pig-56-d2-3,8,1,ok,112378,1131368
pig-56-d3-1,8,0,ok,1836,25800
pig-56-d3-1,8,1,ok,1836,20229
pig-56-d3-2,8,0,ok,17531,60376
pig-56-d3-2,8,1,ok,17531,56759
pig-56-d3-3,8,0,ok,46177,174166
pig-56-d3-3,8,1,ok,46177,190506
pig-56-d4-1,8,0,ok,7697,28715
pig-56-d4-1,8,1,ok,7697,23615
pig-56-d4-2,8,0,ok,72741,900684
pig-56-d4-2,8,1,ok,72741,1219789
pig-56-d4-3,8,0,ok,192080,1871974
pig-56-d4-3,8,1,ok,192080,1210240
ratio-56-d2-1,8,0,ok,17059,61769
ratio-56-d2-1,8,1,ok,17059,56239
ratio-56-d2-2,8,0,ok,1128,10209
ratio-56-d2-2,8,1,ok,1128,5671
ratio-56-d2-3,8,0,ok,17063,143977
ratio-56-d2-3,8,1,ok,17063,119089
ratio-56-d3-1,8,0,ok,5235,101636
ratio-56-d3-1,8,1,ok,5235,78080
ratio-56-d3-2,8,0,ok,17065,73020
ratio-56-d3-2,8,1,ok,17065,55476
ratio-56-d3-3,8,0,ok,18981,96085
ratio-56-d3-3,8,1,ok,18981,85935
ratio-56-d4-1,8,0,ok,36102,120953
ratio-56-d4-1,8,1,ok,36102,115312
ratio-56-d4-2,8,0,ok,2386,15049
ratio-56-d4-2,8,1,ok,2386,10090
ratio-56-d4-3,8,0,ok,7612,76196
ratio-56-d4-3,8,1,ok,7612,64685
sets-56-d2-1,8,0,ok,714823,2491126
sets-56-d2-1,8,1,ok,714823,2957063
sets-56-d2-2,8,0,ok,206541,1446285
sets-56-d2-2,8,1,ok,206541,801613
sets-56-d2-3,8,0,ok,1070996,4185860
sets-56-d2-3,8,1,ok,1070996,4770936
sets-56-d3-1,8,0,ok,340116,1318338
sets-56-d3-1,8,1,ok,340116,2341027
sets-56-d3-2,8,0,ok,1092164,4329867
sets-56-d3-2,8,1,ok,1092164,4467813
sets-56-d3-3,8,0,ok,2200623,9145018
sets-56-d3-3,8,1,ok,2200623,9540950
sets-56-d4-1,8,0,ok,1917227,16515109
sets-56-d4-1,8,1,ok,1917227,17588145
sets-56-d4-2,8,0,ok,279129,2051329
sets-56-d4-2,8,1,ok,279129,2098821
sets-56-d4-3,8,0,ok,951694,3971086
sets-56-d4-3,8,1,ok,951694,3463348
tri-12-d1-2,8,0,ok,15053,50006
tri-12-d1-2,8,1,ok,15053,41871
tri-12-d1-3,8,0,ok,26,5079
tri-12-d1-3,8,1,ok,26,1954
tri-12-d1-5,8,0,ok,32,5340
tri-12-d1-5,8,1,ok,32,1904
tri-12-d2-1,8,0,ok,31,5430
tri-12-d2-1,8,1,ok,31,1462
tri-12-d2-2,8,0,ok,17055,58412
tri-12-d2-2,8,1,ok,17055,53974
tri-12-d3-1,8,0,ok,41,4759
tri-12-d3-1,8,1,ok,41,1784
tri-12-d3-3,8,0,ok,34,3266
tri-12-d3-3,8,1,ok,34,1342
tri-12-d3-4,8,0,ok,15052,43303
tri-12-d3-4,8,1,ok,15052,41069
tri-12-d3-5,8,0,ok,34,1834
tri-12-d3-5,8,1,ok,34,1392
tri-12-d4-1,8,0,ok,17055,57761
tri-12-d4-1,8,1,ok,17055,54615
tri-12-d5-2,8,0,ok,17054,55166
tri-12-d5-2,8,1,ok,17054,54214
tri-12-d5-3,8,0,ok,144,8997
tri-12-d5-3,8,1,ok,144,2745
tri-12-d5-4,8,0,ok,20062,86126
tri-12-d5-4,8,1,ok,20062,80054
tri-12-d5-5,8,0,ok,1882,12614
tri-12-d5-5,8,1,ok,1882,9669
tri-34-d1-2,8,0,ok,15053,44015
tri-34-d1-2,8,1,ok,15053,41219
tri-34-d1-3,8,0,ok,34,2134
tri-34-d1-3,8,1,ok,34,1343
tri-34-d1-5,8,0,ok,29,3406
tri-34-d1-5,8,1,ok,29,1292
tri-34-d2-1,8,0,ok,42,4839
tri-34-d2-1,8,1,ok,42,2054
tri-34-d2-2,8,0,ok,15055,42592
tri-34-d2-2,8,1,ok,15055,40889
tri-34-d2-4,8,0,ok,39,4279
tri-34-d2-4,8,1,ok,39,1673
tri-34-d2-5,8,0,ok,32,11662
tri-34-d2-5,8,1,ok,32,3236
tri-34-d3-1,8,0,ok,17056,57881
tri-34-d3-1,8,1,ok,17056,54855
tri-34-d3-4,8,0,ok,17055,117787
tri-34-d3-4,8,1,ok,17055,114711
tri-34-d4-1,8,0,ok,30,3376
tri-34-d4-1,8,1,ok,30,1492
tri-34-d4-2,8,0,ok,17056,65496
tri-34-d4-2,8,1,ok,17056,55006
tri-34-d4-3,8,0,ok,34,4980
tri-34-d4-3,8,1,ok,34,1483
tri-34-d4-5,8,0,ok,17058,57331
tri-34-d4-5,8,1,ok,17058,60126
tri-34-d5-1,8,0,ok,133,8426
tri-34-d5-1,8,1,ok,133,3526
tri-34-d5-2,8,0,ok,19055,70896
tri-34-d5-2,8,1,ok,19055,67670
tri-34-d5-3,8,0,ok,2543,36700
tri-34-d5-3,8,1,ok,2543,33134
tri-34-d5-4,8,0,ok,100,12454
tri-34-d5-4,8,1,ok,100,3377
tri-56-d2-1,8,0,ok,120,12464
tri-56-d2-1,8,1,ok,120,5410
tri-56-d2-2,8,0,ok,33073,182221
tri-56-d2-2,8,1,ok,33073,165448
tri-56-d2-3,8,0,ok,62,4839
tri-56-d2-3,8,1,ok,62,1843
tri-56-d3-1,8,0,ok,9390,38254
tri-56-d3-1,8,1,ok,9390,32122
tri-56-d3-2,8,0,ok,100075,1206283
tri-56-d3-2,8,1,ok,100075,1594850
tri-56-d3-3,8,0,ok,2819,26220
tri-56-d3-3,8,1,ok,2819,63442
tri-56-d4-1,8,0,ok,5810,65256
tri-56-d4-1,8,1,ok,5810,59235
tri-56-d4-2,8,0,ok,28915,135531
tri-56-d4-2,8,1,ok,28915,133617
tri-56-d4-3,8,0,ok,55391,310758
tri-56-d4-3,8,1,ok,55391,298505
wp-34-d1-4,8,0,ok,36,5731
wp-34-d1-4,8,1,ok,36,1794
wp-34-d1-5,8,0,ok,446,13416
wp-34-d1-5,8,1,ok,446,10501
wp-34-d3-3,8,0,ok,2376,86787
wp-34-d3-3,8,1,ok,2376,102137
wp-56-d2-1,8,0,ok,13478,162754
wp-56-d2-1,8,1,ok,13478,140301
wp-56-d2-2,8,0,ok,411519,3601454
wp-56-d2-2,8,1,ok,411519,2899463
wp-56-d2-3,8,0,ok,902,16973
wp-56-d2-3,8,1,ok,902,12614
wp-56-d3-1,8,0,ok,2159,34477
wp-56-d3-1,8,1,ok,2159,26491
wp-56-d3-2,8,0,ok,363974,2711761
wp-56-d3-2,8,1,ok,363974,3766482
wp-56-d3-3,8,0,ok,775,15279
wp-56-d3-3,8,1,ok,775,10270
wp-56-d4-1,8,0,ok,308938,2456770
wp-56-d4-1,8,1,ok,308938,3493456
wp-56-d4-2,8,0,ok,7365,81106
wp-56-d4-2,8,1,ok,7365,240583
wp-56-d4-3,8,0,ok,201798,1403262
wp-56-d4-3,8,1,ok,201798,2022394
cal-12-d1-1,9,0,ok,118,6563
cal-12-d1-1,9,1,ok,118,2936
cal-12-d1-2,9,0,ok,55,3416
cal-12-d1-2,9,1,ok,55,1553
cal-12-d1-3,9,0,ok,103,3828
cal-12-d1-3,9,1,ok,103,2445
cal-12-d1-4,9,0,ok,25,4609
cal-12-d1-4,9,1,ok,25,1634
cal-12-d1-5,9,0,ok,20,2365
cal-12-d1-5,9,1,ok,20,1313
cal-12-d2-1,9,0,ok,130,5541
cal-12-d2-1,9,1,ok,130,2504
cal-12-d2-2,9,0,ok,788,6592
cal-12-d2-2,9,1,ok,788,3868
cal-12-d2-4,9,0,ok,26,3697
cal-12-d2-4,9,1,ok,26,1593
cal-12-d2-5,9,0,ok,488,3767
cal-12-d2-5,9,1,ok,488,2816
cal-12-d3-2,9,0,ok,792,5911
cal-12-d3-2,9,1,ok,792,3627
cal-12-d3-3,9,0,ok,6380,35489
cal-12-d3-3,9,1,ok,6380,31501
cal-12-d3-5,9,0,ok,1269,6783
cal-12-d3-5,9,1,ok,1269,4759
cal-12-d4-2,9,0,ok,623,10390
cal-12-d4-2,9,1,ok,623,4199
cal-12-d4-3,9,0,ok,7150,40889
cal-12-d4-3,9,1,ok,7150,35118
cal-12-d4-4,9,0,ok,1918,11371
cal-12-d4-4,9,1,ok,1918,8336
cal-12-d4-5,9,0,ok,375,7575
cal-12-d4-5,9,1,ok,375,4730
cal-12-d5-1,9,0,ok,1300,7394
cal-12-d5-1,9,1,ok,1300,6622
cal-12-d5-2,9,0,ok,991,7224
cal-12-d5-2,9,1,ok,991,5110
cal-12-d5-4,9,0,ok,611,4499
cal-12-d5-4,9,1,ok,611,3437
cal-12-d5-5,9,0,ok,4475,18496
cal-12-d5-5,9,1,ok,4475,17022
cal-34-d1-1,9,0,ok,272,8837
cal-34-d1-1,9,1,ok,272,3707
cal-34-d1-2,9,0,ok,323,4919
cal-34-d1-2,9,1,ok,323,2565
cal-34-d1-3,9,0,ok,69,8466
cal-34-d1-3,9,1,ok,69,2314
cal-34-d1-4,9,0,ok,828,7604
cal-34-d1-4,9,1,ok,828,4438
cal-34-d1-5,9,0,ok,24,1863
cal-34-d1-5,9,1,ok,24,1342
cal-34-d2-1,9,0,ok,456,8527
cal-34-d2-1,9,1,ok,456,3517
cal-34-d2-2,9,0,ok,26,3326
cal-34-d2-2,9,1,ok,26,1262
cal-34-d2-3,9,0,ok,33,4008
cal-34-d2-3,9,1,ok,33,1452
cal-34-d2-4,9,0,ok,872,9708
cal-34-d2-4,9,1,ok,872,4909
cal-34-d2-5,9,0,ok,7231,44516
cal-34-d2-5,9,1,ok,7231,36761
cal-34-d3-1,9,0,ok,1207,11242
cal-34-d3-1,9,1,ok,1207,6562
cal-34-d3-2,9,0,ok,1071,12013
cal-34-d3-2,9,1,ok,1071,6442
cal-34-d3-3,9,0,ok,182983,874775
cal-34-d3-3,9,1,ok,182983,865697
cal-34-d3-4,9,0,ok,236,7735
cal-34-d3-4,9,1,ok,236,3547
cal-34-d3-5,9,0,ok,165,6132
cal-34-d3-5,9,1,ok,165,2856
cal-34-d4-1,9,0,ok,4466,22593
cal-34-d4-1,9,1,ok,4466,17674
cal-34-d4-2,9,0,ok,2341,17183
cal-34-d4-2,9,1,ok,2341,11121
cal-34-d4-3,9,0,ok,250997,1085630
cal-34-d4-3,9,1,ok,250997,1483847
cal-34-d4-4,9,0,ok,1070,9028
cal-34-d4-4,9,1,ok,1070,5731
cal-34-d4-5,9,0,ok,201,14388
cal-34-d4-5,9,1,ok,201,4027
cal-34-d5-1,9,0,ok,13265,54676
cal-34-d5-1,9,1,ok,13265,48644
cal-34-d5-2,9,0,ok,1127,11332
cal-34-d5-2,9,1,ok,1127,5621
cal-34-d5-3,9,0,ok,844,11772
cal-34-d5-3,9,1,ok,844,5631
cal-34-d5-4,9,0,ok,3492,28244
cal-34-d5-4,9,1,ok,3492,24107
cal-34-d5-5,9,0,ok,10737,148876
cal-34-d5-5,9,1,ok,10737,136563
cal-56-d2-1,9,0,ok,4528,26371
cal-56-d2-1,9,1,ok,4528,18897
cal-56-d2-2,9,0,ok,134,13937
cal-56-d2-2,9,1,ok,134,4259
cal-56-d2-3,9,0,ok,4337,34026
cal-56-d2-3,9,1,ok,4337,24647
cal-56-d3-1,9,0,ok,682125,3412251
cal-56-d3-1,9,1,ok,682125,2755466
cal-56-d3-2,9,0,ok,1000,11262
cal-56-d3-2,9,1,ok,1000,6944
cal-56-d3-3,9,0,ok,3050,18445
cal-56-d3-3,9,1,ok,3050,15410
cal-56-d4-1,9,0,ok,52283,228129
cal-56-d4-1,9,1,ok,52283,223550
cal-56-d4-2,9,0,ok,233,8878
cal-56-d4-2,9,1,ok,233,3667
cal-56-d4-3,9,0,ok,43949,158204
cal-56-d4-3,9,1,ok,43949,154528
clk-12-d1-1,9,0,ok,121,18977
clk-12-d1-1,9,1,ok,121,6051
clk-12-d1-2,9,0,ok,127,5681
clk-12-d1-2,9,1,ok,127,2716
clk-12-d1-3,9,0,ok,2130,14057
clk-12-d1-3,9,1,ok,2130,12524
clk-12-d1-4,9,0,ok,90,7234
clk-12-d1-4,9,1,ok,90,3086
clk-12-d1-5,9,0,ok,95,4789
clk-12-d1-5,9,1,ok,95,2495
clk-12-d2-1,9,0,ok,605,7645
clk-12-d2-1,9,1,ok,605,5400
clk-12-d2-2,9,0,ok,10294,53503
clk-12-d2-2,9,1,ok,10294,48884
clk-12-d2-3,9,0,ok,94,6212
clk-12-d2-3,9,1,ok,94,2715
clk-12-d2-5,9,0,ok,90,3917
clk-12-d2-5,9,1,ok,90,2605
clk-12-d3-1,9,0,ok,90,9819
clk-12-d3-1,9,1,ok,90,3136
clk-12-d3-2,9,0,ok,155,6313
clk-12-d3-2,9,1,ok,155,3126
clk-12-d3-3,9,0,ok,96,8016
clk-12-d3-3,9,1,ok,96,2956
clk-12-d3-4,9,0,ok,25,4378
clk-12-d3-4,9,1,ok,25,1453
clk-12-d3-5,9,0,ok,90,5130
clk-12-d3-5,9,1,ok,90,2435
clk-12-d4-1,9,0,ok,98,12364
clk-12-d4-1,9,1,ok,98,3757
clk-12-d4-2,9,0,ok,90,13636
clk-12-d4-2,9,1,ok,90,5421
clk-12-d4-4,9,0,ok,1582,24267
clk-12-d4-4,9,1,ok,1582,11452
clk-12-d4-5,9,0,ok,96,11422
clk-12-d4-5,9,1,ok,96,3727
clk-12-d5-2,9,0,ok,171,7925
clk-12-d5-2,9,1,ok,171,3527
clk-12-d5-3,9,0,ok,4255,32613
clk-12-d5-3,9,1,ok,4255,23305
clk-12-d5-4,9,0,ok,1799,18426
clk-12-d5-4,9,1,ok,1799,11462
clk-12-d5-5,9,0,ok,92,6733
clk-12-d5-5,9,1,ok,92,3206
clk-34-d1-1,9,0,ok,97,11432
clk-34-d1-1,9,1,ok,97,3637
clk-34-d1-2,9,0,ok,2015,15139
clk-34-d1-2,9,1,ok,2015,71999
clk-34-d1-3,9,0,ok,34,5541
clk-34-d1-3,9,1,ok,34,1573
clk-34-d1-4,9,0,ok,9917,57601
clk-34-d1-4,9,1,ok,9917,48303
clk-34-d1-5,9,0,ok,16663,62560
clk-34-d1-5,9,1,ok,16663,44135
clk-34-d2-1,9,0,ok,4251,32142
clk-34-d2-1,9,1,ok,4251,23385
clk-34-d2-2,9,0,ok,285,55046
clk-34-d2-2,9,1,ok,285,14708
clk-34-d2-3,9,0,ok,95,11983
clk-34-d2-3,9,1,ok,95,4419
clk-34-d2-4,9,0,ok,517,18957
clk-34-d2-4,9,1,ok,517,12805
clk-34-d2-5,9,0,ok,2872,62200
clk-34-d2-5,9,1,ok,2872,36661
clk-34-d3-2,9,0,ok,96,11232
clk-34-d3-2,9,1,ok,96,4208
clk-34-d3-3,9,0,ok,98,4429
clk-34-d3-3,9,1,ok,98,3617
clk-34-d3-4,9,0,ok,98,9228
clk-34-d3-4,9,1,ok,98,3366
clk-34-d3-5,9,0,ok,3407,75906
clk-34-d3-5,9,1,ok,3407,38284
clk-34-d4-1,9,0,ok,4227,55767
clk-34-d4-1,9,1,ok,4227,40789
clk-34-d4-2,9,0,ok,616,23946
clk-34-d4-2,9,1,ok,616,15039
clk-34-d4-3,9,0,ok,100,6993
clk-34-d4-3,9,1,ok,100,3036
clk-34-d4-4,9,0,ok,2034,41620
clk-34-d4-4,9,1,ok,2034,34647
clk-34-d5-1,9,0,ok,2659,15400
clk-34-d5-1,9,1,ok,2659,12283
clk-34-d5-3,9,0,ok,2974,25850
clk-34-d5-3,9,1,ok,2974,17534
clk-34-d5-5,9,0,ok,111,7985
clk-34-d5-5,9,1,ok,111,3708
clk-56-d2-1,9,0,ok,8927,49896
clk-56-d2-1,9,1,ok,8927,43985
clk-56-d2-2,9,0,ok,208,13826
clk-56-d2-2,9,1,ok,208,5961
clk-56-d2-3,9,0,ok,108,45858
clk-56-d2-3,9,1,ok,108,8756
clk-56-d3-1,9,0,ok,15481,168975
clk-56-d3-1,9,1,ok,15481,88962
clk-56-d3-2,9,0,ok,143,10480
clk-56-d3-2,9,1,ok,143,5009
clk-56-d3-3,9,0,ok,315,33144
clk-56-d3-3,9,1,ok,315,18094
clk-56-d4-1,9,0,ok,31981,142144
clk-56-d4-1,9,1,ok,31981,132576
clk-56-d4-2,9,0,ok,15004,67801
clk-56-d4-2,9,1,ok,15004,56949
clk-56-d4-3,9,0,ok,3126,20299
clk-56-d4-3,9,1,ok,3126,18656
div-56-d2-1,9,0,ok,948,10280
div-56-d2-1,9,1,ok,948,5330
div-56-d2-2,9,0,ok,15099,44926
div-56-d2-2,9,1,ok,15099,43624
div-56-d2-3,9,0,ok,733,30078
div-56-d2-3,9,1,ok,733,8566
div-56-d3-1,9,0,ok,31509,244300
div-56-d3-1,9,1,ok,31509,234362
div-56-d3-2,9,0,ok,5545,41059
div-56-d3-2,9,1,ok,5545,34426
div-56-d3-3,9,0,ok,197,7665
div-56-d3-3,9,1,ok,197,4028
div-56-d4-1,9,0,ok,17055,67220
div-56-d4-1,9,1,ok,17055,57801
div-56-d4-2,9,0,ok,14890,106194
div-56-d4-2,9,1,ok,14890,97047
div-56-d4-3,9,0,ok,16044,129830
div-56-d4-3,9,1,ok,16044,105524
enum-12-d1-1,9,0,ok,79,7143
enum-12-d1-1,9,1,ok,79,2685
enum-12-d1-4,9,0,ok,166,6813
enum-12-d1-4,9,1,ok,166,3096
enum-12-d2-4,9,0,ok,70,2505
enum-12-d2-4,9,1,ok,70,2114
enum-12-d2-5,9,0,ok,650,13626
enum-12-d2-5,9,1,ok,650,8376
enum-12-d3-1,9,0,ok,91,4459
enum-12-d3-1,9,1,ok,91,2134
enum-12-d3-3,9,0,ok,138,3397
enum-12-d3-3,9,1,ok,138,2445
enum-12-d3-4,9,0,ok,408,12955
enum-12-d3-4,9,1,ok,408,5470
enum-12-d4-2,9,0,ok,121,4168
enum-12-d4-2,9,1,ok,121,2365
enum-12-d4-4,9,0,ok,644,12944
enum-12-d4-4,9,1,ok,644,6823
enum-12-d4-5,9,0,ok,89,7895
enum-12-d4-5,9,1,ok,89,2394
enum-12-d5-2,9,0,ok,313,5621
enum-12-d5-2,9,1,ok,313,2976
enum-12-d5-3,9,0,ok,83,5220
enum-12-d5-3,9,1,ok,83,2284
enum-12-d5-4,9,0,ok,757,7905
enum-12-d5-4,9,1,ok,757,4509
enum-34-d1-1,9,0,ok,121,3858
enum-34-d1-1,9,1,ok,121,2495
enum-34-d1-2,9,0,ok,115,7605
enum-34-d1-2,9,1,ok,115,2745
enum-34-d1-4,9,0,ok,149,8176
enum-34-d1-4,9,1,ok,149,2755
enum-34-d2-1,9,0,ok,92,3988
enum-34-d2-1,9,1,ok,92,2865
enum-34-d2-3,9,0,ok,1219,22964
enum-34-d2-3,9,1,ok,1219,12624
enum-34-d2-4,9,0,ok,274,5601
enum-34-d2-4,9,1,ok,274,2705
enum-34-d2-5,9,0,ok,119,3357
enum-34-d2-5,9,1,ok,119,2234
enum-34-d3-2,9,0,ok,124,4098
enum-34-d3-2,9,1,ok,124,2134
enum-34-d3-3,9,0,ok,594,9057
enum-34-d3-3,9,1,ok,594,5059
enum-34-d3-4,9,0,ok,22528,113399
enum-34-d3-4,9,1,ok,22528,111595
enum-34-d3-5,9,0,ok,691,13036
enum-34-d3-5,9,1,ok,691,6393
enum-34-d4-1,9,0,ok,1533,17013
enum-34-d4-1,9,1,ok,1533,11783
enum-34-d4-3,9,0,ok,3724,21431
enum-34-d4-3,9,1,ok,3724,17003
enum-34-d4-4,9,0,ok,907,13656
enum-34-d4-4,9,1,ok,907,6743
enum-34-d4-5,9,0,ok,480,14007
enum-34-d4-5,9,1,ok,480,8076
enum-34-d5-1,9,0,ok,22532,105453
enum-34-d5-1,9,1,ok,22532,101395
enum-34-d5-2,9,0,ok,1584,12845
enum-34-d5-2,9,1,ok,1584,6652
enum-34-d5-4,9,0,ok,688,30499
enum-34-d5-4,9,1,ok,688,18656
enum-56-d2-1,9,0,ok,190,5130
enum-56-d2-1,9,1,ok,190,3056
enum-56-d2-2,9,0,ok,125,5080
enum-56-d2-2,9,1,ok,125,2304
enum-56-d2-3,9,0,ok,883,10319
enum-56-d2-3,9,1,ok,883,5862
enum-56-d3-1,9,0,ok,5662,21341
enum-56-d3-1,9,1,ok,5662,16853
enum-56-d3-2,9,0,ok,7934,72399
enum-56-d3-2,9,1,ok,7934,61870
enum-56-d3-3,9,0,ok,10713,72179
enum-56-d3-3,9,1,ok,10713,65326
enum-56-d4-1,9,0,ok,224150,1581716
enum-56-d4-1,9,1,ok,224150,1466273
enum-56-d4-2,9,0,ok,18884,144298
enum-56-d4-2,9,1,ok,18884,127686
enum-56-d4-3,9,0,ok,713,11021
enum-56-d4-3,9,1,ok,713,5541
frac-56-d2-1,9,0,ok,17719,68893
frac-56-d2-1,9,1,ok,17719,59735
frac-56-d2-2,9,0,ok,14426,66558
frac-56-d2-2,9,1,ok,14426,55417
frac-56-d2-3,9,0,ok,295,4709
frac-56-d2-3,9,1,ok,295,2865
frac-56-d3-1,9,0,ok,20670,89322
frac-56-d3-1,9,1,ok,20670,81026
frac-56-d3-2,9,0,ok,32557,118969
frac-56-d3-2,9,1,ok,32557,114871
frac-56-d3-3,9,0,ok,13917,57120
frac-56-d3-3,9,1,ok,13917,50678
frac-56-d4-1,9,0,ok,20699,163866
frac-56-d4-1,9,1,ok,20699,180447
frac-56-d4-2,9,0,ok,427,12354
frac-56-d4-2,9,1,ok,427,4729
frac-56-d4-3,9,0,ok,46564,614463
frac-56-d4-3,9,1,ok,46564,294276
game-56-d2-1,9,0,ok,692,10700
game-56-d2-1,9,1,ok,692,6713
game-56-d2-2,9,0,ok,1887,17905
game-56-d2-2,9,1,ok,1887,12233
game-56-d2-3,9,0,ok,1046,10179
game-56-d2-3,9,1,ok,1046,8206
game-56-d3-1,9,0,ok,867,16722
game-56-d3-1,9,1,ok,867,7765
game-56-d3-2,9,0,ok,5153,97829
game-56-d3-2,9,1,ok,5153,93450
game-56-d3-3,9,0,ok,800,15860
game-56-d3-3,9,1,ok,800,8146
game-56-d4-1,9,0,ok,1213,13476
game-56-d4-1,9,1,ok,1213,9348
game-56-d4-2,9,0,ok,3467,72048
game-56-d4-2,9,1,ok,3467,57991
game-56-d4-3,9,0,ok,1597,19197
game-56-d4-3,9,1,ok,1597,10681
gaps-12-d1-1,9,0,ok,100,3867
gaps-12-d1-1,9,1,ok,100,2135
gaps-12-d1-2,9,0,ok,73,5932
gaps-12-d1-2,9,1,ok,73,1853
gaps-12-d1-3,9,0,ok,285,10009
gaps-12-d1-3,9,1,ok,285,4609
gaps-12-d1-4,9,0,ok,24,2445
gaps-12-d1-4,9,1,ok,24,1623
gaps-12-d1-5,9,0,ok,72,7244
gaps-12-d1-5,9,1,ok,72,2735
gaps-12-d2-1,9,0,ok,123,4449
gaps-12-d2-1,9,1,ok,123,1923
gaps-12-d2-3,9,0,ok,110,3316
gaps-12-d2-3,9,1,ok,110,1974
gaps-12-d3-1,9,0,ok,104,7795
gaps-12-d3-1,9,1,ok,104,2685
gaps-12-d3-3,9,0,ok,43,5280
gaps-12-d3-3,9,1,ok,43,1943
gaps-12-d3-4,9,0,ok,79,5821
gaps-12-d3-4,9,1,ok,79,2295
gaps-12-d3-5,9,0,ok,105,5701
gaps-12-d3-5,9,1,ok,105,2725
gaps-12-d4-3,9,0,ok,218,3307
gaps-12-d4-3,9,1,ok,218,2304
gaps-12-d4-5,9,0,ok,127,4689
gaps-12-d4-5,9,1,ok,127,5892
gaps-12-d5-2,9,0,ok,25,2284
gaps-12-d5-2,9,1,ok,25,1352
gaps-12-d5-3,9,0,ok,54,4860
gaps-12-d5-3,9,1,ok,54,2034
gaps-12-d5-4,9,0,ok,29,3607
gaps-12-d5-4,9,1,ok,29,1423
gaps-12-d5-5,9,0,ok,150,4679
gaps-12-d5-5,9,1,ok,150,2485
gaps-34-d1-1,9,0,ok,271,10520
gaps-34-d1-1,9,1,ok,271,5110
gaps-34-d1-2,9,0,ok,24,3386
gaps-34-d1-2,9,1,ok,24,1883
gaps-34-d1-3,9,0,ok,29,6062
gaps-34-d1-3,9,1,ok,29,1953
gaps-34-d1-4,9,0,ok,149,4729
gaps-34-d1-4,9,1,ok,149,2345
gaps-34-d1-5,9,0,ok,824,22002
gaps-34-d1-5,9,1,ok,824,13076
gaps-34-d2-1,9,0,ok,118,4689
gaps-34-d2-1,9,1,ok,118,2044
gaps-34-d2-2,9,0,ok,162,6032
gaps-34-d2-2,9,1,ok,162,2916
gaps-34-d2-3,9,0,ok,473,6743
gaps-34-d2-3,9,1,ok,473,3186
gaps-34-d2-4,9,0,ok,31,6152
gaps-34-d2-4,9,1,ok,31,2024
gaps-34-d2-5,9,0,ok,383,9479
gaps-34-d2-5,9,1,ok,383,5040
gaps-34-d3-2,9,0,ok,547,19708
gaps-34-d3-2,9,1,ok,547,9829
gaps-34-d3-3,9,0,ok,71,7895
gaps-34-d3-3,9,1,ok,71,2695
gaps-34-d3-4,9,0,ok,31,3106
gaps-34-d3-4,9,1,ok,31,1583
gaps-34-d4-1,9,0,ok,178,7434
gaps-34-d4-1,9,1,ok,178,2354
gaps-34-d4-2,9,0,ok,4898,62460
gaps-34-d4-2,9,1,ok,4898,53203
gaps-34-d4-3,9,0,ok,31,2696
gaps-34-d4-3,9,1,ok,31,1383
gaps-34-d4-4,9,0,ok,138,7725
gaps-34-d4-4,9,1,ok,138,2886
gaps-34-d4-5,9,0,ok,372,13997
gaps-34-d4-5,9,1,ok,372,5150
gaps-34-d5-1,9,0,ok,207,8346
gaps-34-d5-1,9,1,ok,207,2976
gaps-34-d5-2,9,0,ok,713,15730
gaps-34-d5-2,9,1,ok,713,9448
gaps-34-d5-3,9,0,ok,1348,16592
gaps-34-d5-3,9,1,ok,1348,8526
gaps-34-d5-5,9,0,ok,243,10471
gaps-34-d5-5,9,1,ok,243,5450
gaps-56-d2-1,9,0,ok,108,10330
gaps-56-d2-1,9,1,ok,108,3667
gaps-56-d2-2,9,0,ok,618,15360
gaps-56-d2-2,9,1,ok,618,8637
gaps-56-d2-3,9,0,ok,541,7895
gaps-56-d2-3,9,1,ok,541,4318
gaps-56-d3-1,9,0,ok,60301,324514
gaps-56-d3-1,9,1,ok,60301,295229
gaps-56-d3-2,9,0,ok,617,82258
gaps-56-d3-2,9,1,ok,617,33825
gaps-56-d3-3,9,0,ok,377,7354
gaps-56-d3-3,9,1,ok,377,5350
gaps-56-d4-1,9,0,ok,941,16743
gaps-56-d4-1,9,1,ok,941,6523
gaps-56-d4-2,9,0,ok,1395,14498
gaps-56-d4-2,9,1,ok,1395,9117
gaps-56-d4-3,9,0,ok,105638,466208
gaps-56-d4-3,9,1,ok,105638,543647
grid-56-d2-1,9,0,ok,712,24116
grid-56-d2-1,9,1,ok,712,8076
grid-56-d2-2,9,0,ok,221,9889
grid-56-d2-2,9,1,ok,221,4168
grid-56-d2-3,9,0,ok,1362,24447
grid-56-d2-3,9,1,ok,1362,17574
grid-56-d3-1,9,0,ok,1179,20149
grid-56-d3-1,9,1,ok,1179,11512
grid-56-d3-2,9,0,ok,1732,18195
grid-56-d3-2,9,1,ok,1732,12624
grid-56-d3-3,9,0,ok,1251,13266
grid-56-d3-3,9,1,ok,1251,10179
grid-56-d4-1,9,0,ok,5876,114050
grid-56-d4-1,9,1,ok,5876,57460
grid-56-d4-2,9,0,ok,18448,177923
grid-56-d4-2,9,1,ok,18448,173605
grid-56-d4-3,9,0,ok,535571,5442499
grid-56-d4-3,9,1,ok,535571,5688683
kl-34-d1-1,9,0,ok,224,11752
kl-34-d1-1,9,1,ok,224,3687
kl-34-d5-2,9,0,ok,1008543,4691082
kl-34-d5-2,9,1,ok,1008543,4864456
kl-56-d2-1,9,0,ok,557,15219
kl-56-d2-1,9,1,ok,557,6222
kl-56-d2-2,9,0,ok,587,7444
kl-56-d2-2,9,1,ok,587,4799
kl-56-d2-3,9,0,ok,468,13496
kl-56-d2-3,9,1,ok,468,5230
kl-56-d3-1,9,0,ok,556,8105
kl-56-d3-1,9,1,ok,556,6142
kl-56-d3-2,9,0,ok,64797,319926
kl-56-d3-2,9,1,ok,64797,308173
kl-56-d3-3,9,0,ok,2065,22844
kl-56-d3-3,9,1,ok,2065,13365
kl-56-d4-1,9,0,ok,2605,21271
kl-56-d4-1,9,1,ok,2605,16031
kl-56-d4-2,9,0,ok,1765,88249
kl-56-d4-2,9,1,ok,1765,32242
kl-56-d4-3,9,0,ok,35374,530371
kl-56-d4-3,9,1,ok,35374,532755
ord-12-d1-1,9,0,ok,742,23976
ord-12-d1-1,9,1,ok,742,11602
ord-12-d1-2,9,0,ok,773,12254
ord-12-d1-2,9,1,ok,773,8406
ord-12-d1-3,9,0,ok,721,16903
ord-12-d1-3,9,1,ok,721,11883
ord-12-d1-4,9,0,ok,744,9849
ord-12-d1-4,9,1,ok,744,6834
ord-12-d1-5,9,0,ok,798,18165
ord-12-d1-5,9,1,ok,798,9378
ord-12-d2-1,9,0,ok,3039,24708
ord-12-d2-1,9,1,ok,3039,19668
ord-12-d2-2,9,0,ok,16892,114400
ord-12-d2-2,9,1,ok,16892,112868
ord-12-d2-3,9,0,ok,3154,157103
ord-12-d2-3,9,1,ok,3154,82138
ord-12-d2-4,9,0,ok,3153,32873
ord-12-d2-4,9,1,ok,3153,21812
ord-12-d2-5,9,0,ok,3369,24347
ord-12-d2-5,9,1,ok,3369,21792
ord-12-d3-2,9,0,ok,3153,30599
ord-12-d3-2,9,1,ok,3153,22433
ord-12-d3-3,9,0,ok,3544,24227
ord-12-d3-3,9,1,ok,3544,23315
ord-12-d3-4,9,0,ok,3319,28826
ord-12-d3-4,9,1,ok,3319,23054
ord-12-d3-5,9,0,ok,3145,24126
ord-12-d3-5,9,1,ok,3145,20850
ord-12-d4-1,9,0,ok,19015,115883
ord-12-d4-1,9,1,ok,19015,386555
ord-12-d4-2,9,0,ok,3279,32553
ord-12-d4-2,9,1,ok,3279,21822
ord-12-d4-4,9,0,ok,3449,26411
ord-12-d4-4,9,1,ok,3449,21892
ord-12-d4-5,9,0,ok,6642,62861
ord-12-d4-5,9,1,ok,6642,45738
ord-12-d5-2,9,0,ok,3173,27273
ord-12-d5-2,9,1,ok,3173,22303
ord-12-d5-3,9,0,ok,18951,137094
ord-12-d5-3,9,1,ok,18951,117857
ord-12-d5-4,9,0,ok,3493,26771
ord-12-d5-4,9,1,ok,3493,23435
ord-12-d5-5,9,0,ok,7444,51239
ord-12-d5-5,9,1,ok,7444,50618
ord-34-d1-1,9,0,ok,27999,211978
ord-34-d1-1,9,1,ok,27999,183424
ord-34-d1-2,9,0,ok,560,49796
ord-34-d1-2,9,1,ok,560,10921
ord-34-d1-3,9,0,ok,28115,119600
ord-34-d1-3,9,1,ok,28115,107787
ord-34-d1-4,9,0,ok,921069,6147356
ord-34-d1-4,9,1,ok,921069,5504047
ord-34-d1-5,9,0,ok,3154,27203
ord-34-d1-5,9,1,ok,3154,246244
ord-34-d2-1,9,0,ok,3885,42823
ord-34-d2-1,9,1,ok,3885,31541
ord-34-d2-2,9,0,ok,18440,109761
ord-34-d2-2,9,1,ok,18440,97618
ord-34-d2-3,9,0,ok,3236,28435
ord-34-d2-3,9,1,ok,3236,22093
ord-34-d2-4,9,0,ok,18996,112045
ord-34-d2-4,9,1,ok,18996,105523
ord-34-d2-5,9,0,ok,765,17784
ord-34-d2-5,9,1,ok,765,8286
ord-34-d3-1,9,0,ok,127355,644541
ord-34-d3-1,9,1,ok,127355,635414
ord-34-d3-2,9,0,ok,3175,28425
ord-34-d3-2,9,1,ok,3175,21371
ord-34-d3-3,9,0,ok,526,18265
ord-34-d3-3,9,1,ok,526,4809
ord-34-d3-4,9,0,ok,18947,382186
ord-34-d3-4,9,1,ok,18947,128638
ord-34-d3-5,9,0,ok,3224,39035
ord-34-d3-5,9,1,ok,3224,21912
ord-34-d4-1,9,0,ok,18475,119380
ord-34-d4-1,9,1,ok,18475,99582
ord-34-d4-3,9,0,ok,18564,117546
ord-34-d4-3,9,1,ok,18564,105613
ord-34-d4-4,9,0,ok,984,14378
ord-34-d4-4,9,1,ok,984,6242
ord-34-d4-5,9,0,ok,5313,30198
ord-34-d4-5,9,1,ok,5313,21872
ord-34-d5-1,9,0,ok,128680,666212
ord-34-d5-1,9,1,ok,128680,1034492
ord-34-d5-2,9,0,ok,20388,120553
ord-34-d5-2,9,1,ok,20388,110393
ord-34-d5-3,9,0,ok,3211,32563
ord-34-d5-3,9,1,ok,3211,21531
ord-34-d5-5,9,0,ok,18776,142665
ord-34-d5-5,9,1,ok,18776,126363
ord-56-d2-1,9,0,ok,19022,115702
ord-56-d2-1,9,1,ok,19022,103519
ord-56-d2-2,9,0,ok,6289,56729
ord-56-d2-2,9,1,ok,6289,26070
ord-56-d2-3,9,0,ok,18020,117466
ord-56-d2-3,9,1,ok,18020,102507
ord-56-d3-1,9,0,ok,131940,1368264
ord-56-d3-1,9,1,ok,131940,754402
ord-56-d3-2,9,0,ok,39025,217899
ord-56-d3-2,9,1,ok,39025,208992
ord-56-d3-3,9,0,ok,18622,118989
ord-56-d3-3,9,1,ok,18622,112256
ord-56-d4-1,9,0,ok,1002845,5841508
ord-56-d4-1,9,1,ok,1002845,5608298
ord-56-d4-2,9,0,ok,3767,31280
ord-56-d4-2,9,1,ok,3767,28334
ord-56-d4-3,9,0,ok,131560,736919
ord-56-d4-3,9,1,ok,131560,711891
par-12-d1-1,9,0,ok,117,6172
par-12-d1-1,9,1,ok,117,1983
par-12-d1-3,9,0,ok,61,2775
par-12-d1-3,9,1,ok,61,1433
par-12-d1-4,9,0,ok,454,15049
par-12-d1-4,9,1,ok,454,5079
par-12-d1-5,9,0,ok,148,7574
par-12-d1-5,9,1,ok,148,2174
par-12-d2-3,9,0,ok,113,5330
par-12-d2-3,9,1,ok,113,2134
par-12-d2-5,9,0,ok,142,5851
par-12-d2-5,9,1,ok,142,2505
par-12-d3-1,9,0,ok,152,7124
par-12-d3-1,9,1,ok,152,2435
par-12-d3-2,9,0,ok,316,9137
par-12-d3-2,9,1,ok,316,3347
par-12-d3-4,9,0,ok,704,10671
par-12-d3-4,9,1,ok,704,6292
par-12-d4-2,9,0,ok,252,3788
par-12-d4-2,9,1,ok,252,2335
par-12-d4-4,9,0,ok,13046,117496
par-12-d4-4,9,1,ok,13046,111605
par-12-d4-5,9,0,ok,80487,478070
par-12-d4-5,9,1,ok,80487,490495
par-12-d5-2,9,0,ok,1604,31991
par-12-d5-2,9,1,ok,1604,17484
par-34-d1-1,9,0,ok,128,7635
par-34-d1-1,9,1,ok,128,2514
par-34-d1-2,9,0,ok,1516,12594
par-34-d1-2,9,1,ok,1516,7745
par-34-d1-3,9,0,ok,73,6072
par-34-d1-3,9,1,ok,73,2154
par-34-d1-4,9,0,ok,12049,60196
par-34-d1-4,9,1,ok,12049,52841
par-34-d1-5,9,0,ok,78,5040
par-34-d1-5,9,1,ok,78,1964
par-34-d2-1,9,0,ok,707,13736
par-34-d2-1,9,1,ok,707,6442
par-34-d2-2,9,0,ok,55,6783
par-34-d2-2,9,1,ok,55,2434
par-34-d2-3,9,0,ok,1640,17303
par-34-d2-3,9,1,ok,1640,11141
par-34-d3-1,9,0,ok,199875,340787
par-34-d3-1,9,1,ok,199875,326759
par-34-d3-2,9,0,ok,1529,14578
par-34-d3-2,9,1,ok,1529,8336
par-34-d3-3,9,0,ok,2287,15039
par-34-d3-3,9,1,ok,2287,10460
par-34-d3-4,9,0,ok,28521,180809
par-34-d3-4,9,1,ok,28521,171490
par-34-d3-5,9,0,ok,545,11161
par-34-d3-5,9,1,ok,545,5009
par-34-d4-1,9,0,ok,2008,27102
par-34-d4-1,9,1,ok,2008,17975
par-34-d4-3,9,0,ok,142,10230
par-34-d4-3,9,1,ok,142,3326
par-34-d4-4,9,0,ok,107,7294
par-34-d4-4,9,1,ok,107,2665
par-34-d4-5,9,0,ok,53570,740997
par-34-d4-5,9,1,ok,53570,487339
par-34-d5-1,9,0,ok,88014,823175
par-34-d5-1,9,1,ok,88014,1186064
par-34-d5-2,9,0,ok,977,13756
par-34-d5-2,9,1,ok,977,8517
par-34-d5-4,9,0,ok,110044,797426
par-34-d5-4,9,1,ok,110044,786494
par-34-d5-5,9,0,ok,136,4478
par-34-d5-5,9,1,ok,136,3035
par-56-d2-1,9,0,ok,3946,48584
par-56-d2-1,9,1,ok,3946,41430
par-56-d2-2,9,0,ok,1154997,3290375
par-56-d2-2,9,1,ok,1154997,3728008
par-56-d2-3,9,0,ok,578886,2881277
par-56-d2-3,9,1,ok,578886,2010621
par-56-d3-1,9,0,ok,632,16382
par-56-d3-1,9,1,ok,632,9659
par-56-d3-2,9,0,ok,562591,6948349
par-56-d3-2,9,1,ok,562591,5605012
par-56-d3-3,9,0,ok,146408,1032077
par-56-d3-3,9,1,ok,146408,1019783
par-56-d4-1,9,0,ok,1327362,12665877
par-56-d4-1,9,1,ok,1327362,12866433
par-56-d4-2,9,0,ok,103746,616137
par-56-d4-2,9,1,ok,103746,861739
par-56-d4-3,9,0,ok,1372300,3693542
par-56-d4-3,9,1,ok,1372300,3745252
pct-56-d2-1,9,0,ok,1776,17364
pct-56-d2-1,9,1,ok,1776,8176
pct-56-d2-2,9,0,ok,17942,81798
pct-56-d2-2,9,1,ok,17942,76578
pct-56-d2-3,9,0,ok,23509,89823
pct-56-d2-3,9,1,ok,23509,85234
pct-56-d3-1,9,0,ok,16444,75765
pct-56-d3-1,9,1,ok,16444,66027
pct-56-d3-2,9,0,ok,17847,99031
pct-56-d3-2,9,1,ok,17847,79583
pct-56-d3-3,9,0,ok,14832,65577
pct-56-d3-3,9,1,ok,14832,57661
pct-56-d4-1,9,0,ok,20947,85525
pct-56-d4-1,9,1,ok,20947,83140
pct-56-d4-2,9,0,ok,5690,27794
pct-56-d4-2,9,1,ok,5690,21402
pct-56-d4-3,9,0,ok,613,6873
pct-56-d4-3,9,1,ok,613,4048
pig-12-d1-2,9,0,ok,527,17584
pig-12-d1-2,9,1,ok,527,5971
pig-12-d1-3,9,0,ok,3306,40779
pig-12-d1-3,9,1,ok,3306,31310
pig-12-d2-3,9,0,ok,69,4889
pig-12-d2-3,9,1,ok,69,1793
pig-12-d3-3,9,0,ok,273722,2828536
pig-12-d3-3,9,1,ok,273722,2191049
pig-12-d5-5,9,0,ok,597,13947
pig-12-d5-5,9,1,ok,597,6562
pig-34-d1-1,9,0,ok,2944,32693
pig-34-d1-1,9,1,ok,2944,22493
pig-34-d1-2,9,0,ok,85,7134
pig-34-d1-2,9,1,ok,85,2355
pig-34-d1-5,9,0,ok,182,5120
pig-34-d1-5,9,1,ok,182,2305
pig-34-d2-2,9,0,ok,129,7024
pig-34-d2-2,9,1,ok,129,2185
pig-34-d2-3,9,0,ok,30322,121193
pig-34-d2-3,9,1,ok,30322,112226
pig-34-d2-4,9,0,ok,524,14347
pig-34-d2-4,9,1,ok,524,6332
pig-34-d2-5,9,0,ok,159,5581
pig-34-d2-5,9,1,ok,159,2124
pig-34-d3-3,9,0,ok,76941,530021
pig-34-d3-3,9,1,ok,76941,779932
pig-34-d3-4,9,0,ok,99,3196
pig-34-d3-4,9,1,ok,99,1663
pig-34-d4-2,9,0,ok,2413617,19166014
pig-34-d4-2,9,1,ok,2413617,17667588
pig-34-d4-3,9,0,ok,30483,148897
pig-34-d4-3,9,1,ok,30483,121344
pig-34-d4-4,9,0,ok,70,9038
pig-34-d4-4,9,1,ok,70,2174
pig-34-d4-5,9,0,ok,1973,34797
pig-34-d4-5,9,1,ok,1973,31080
pig-34-d5-2,9,0,ok,1456,14979
pig-34-d5-2,9,1,ok,1456,8507
pig-34-d5-4,9,0,ok,1100817,8145764
pig-34-d5-4,9,1,ok,1100817,7519849
pig-34-d5-5,9,0,ok,2156484,11099501
pig-34-d5-5,9,1,ok,2156484,11788899
pig-56-d2-1,9,0,ok,4434,26872
pig-56-d2-1,9,1,ok,4434,14517
pig-56-d2-2,9,0,ok,2163,21772
pig-56-d2-2,9,1,ok,2163,9158
pig-56-d2-3,9,0,ok,112378,340326
pig-56-d2-3,9,1,ok,112378,330927
pig-56-d3-1,9,0,ok,1836,29227
pig-56-d3-1,9,1,ok,1836,18926
pig-56-d3-2,9,0,ok,17531,65326
pig-56-d3-2,9,1,ok,17531,61108
pig-56-d3-3,9,0,ok,46177,182762
pig-56-d3-3,9,1,ok,46177,169085
pig-56-d4-1,9,0,ok,7697,28595
pig-56-d4-1,9,1,ok,7697,22514
pig-56-d4-2,9,0,ok,72741,744383
pig-56-d4-2,9,1,ok,72741,967964
pig-56-d4-3,9,0,ok,192080,2217099
pig-56-d4-3,9,1,ok,192080,1390408
ratio-56-d2-1,9,0,ok,17059,146813
ratio-56-d2-1,9,1,ok,17059,119410
ratio-56-d2-2,9,0,ok,1128,15860
ratio-56-d2-2,9,1,ok,1128,11783
ratio-56-d2-3,9,0,ok,17063,60446
ratio-56-d2-3,9,1,ok,17063,68261
ratio-56-d3-1,9,0,ok,5235,46039
ratio-56-d3-1,9,1,ok,5235,44485
ratio-56-d3-2,9,0,ok,17065,59385
ratio-56-d3-2,9,1,ok,17065,54976
ratio-56-d3-3,9,0,ok,18981,112316
ratio-56-d3-3,9,1,ok,18981,86397
ratio-56-d4-1,9,0,ok,36102,121584
ratio-56-d4-1,9,1,ok,36102,115412
ratio-56-d4-2,9,0,ok,2386,12013
ratio-56-d4-2,9,1,ok,2386,9999
ratio-56-d4-3,9,0,ok,7612,77159
ratio-56-d4-3,9,1,ok,7612,64745
sets-56-d2-1,9,0,ok,714823,3761964
sets-56-d2-1,9,1,ok,714823,2524280
sets-56-d2-2,9,0,ok,206541,679088
sets-56-d2-2,9,1,ok,206541,676082
sets-56-d2-3,9,0,ok,1070996,4397748
sets-56-d2-3,9,1,ok,1070996,4304768
sets-56-d3-1,9,0,ok,340116,1236381
sets-56-d3-1,9,1,ok,340116,1218556
sets-56-d3-2,9,0,ok,1092164,4480076
sets-56-d3-2,9,1,ok,1092164,5051407
sets-56-d3-3,9,0,ok,2200623,8285653
sets-56-d3-3,9,1,ok,2200623,10026596
sets-56-d4-1,9,0,ok,1917227,16649567
sets-56-d4-1,9,1,ok,1917227,17369324
sets-56-d4-2,9,0,ok,279129,2118670
sets-56-d4-2,9,1,ok,279129,2106546
sets-56-d4-3,9,0,ok,951694,4326019
sets-56-d4-3,9,1,ok,951694,3469971
tri-12-d1-2,9,0,ok,15053,68372
tri-12-d1-2,9,1,ok,15053,53353
tri-12-d1-3,9,0,ok,26,3076
tri-12-d1-3,9,1,ok,26,1302
tri-12-d1-5,9,0,ok,32,1833
tri-12-d1-5,9,1,ok,32,1162
tri-12-d2-1,9,0,ok,31,3406
tri-12-d2-1,9,1,ok,31,1333
tri-12-d2-2,9,0,ok,17055,60005
tri-12-d2-2,9,1,ok,17055,54154
tri-12-d3-1,9,0,ok,41,4469
tri-12-d3-1,9,1,ok,41,1924
tri-12-d3-3,9,0,ok,34,15550
tri-12-d3-3,9,1,ok,34,4589
tri-12-d3-4,9,0,ok,15052,44255
tri-12-d3-4,9,1,ok,15052,41660
tri-12-d3-5,9,0,ok,34,2084
tri-12-d3-5,9,1,ok,34,1263
tri-12-d4-1,9,0,ok,17055,58172
tri-12-d4-1,9,1,ok,17055,54906
tri-12-d5-2,9,0,ok,17054,55577
tri-12-d5-2,9,1,ok,17054,54545
tri-12-d5-3,9,0,ok,144,4178
tri-12-d5-3,9,1,ok,144,2475
tri-12-d5-4,9,0,ok,20062,83782
tri-12-d5-4,9,1,ok,20062,73812
tri-12-d5-5,9,0,ok,1882,13005
tri-12-d5-5,9,1,ok,1882,9518
tri-34-d1-2,9,0,ok,15053,43083
tri-34-d1-2,9,1,ok,15053,42222
tri-34-d1-3,9,0,ok,34,5119
tri-34-d1-3,9,1,ok,34,1553
tri-34-d1-5,9,0,ok,29,4128
tri-34-d1-5,9,1,ok,29,1342
tri-34-d2-1,9,0,ok,42,4369
tri-34-d2-1,9,1,ok,42,1713
tri-34-d2-2,9,0,ok,15055,44766
tri-34-d2-2,9,1,ok,15055,41430
tri-34-d2-4,9,0,ok,39,4970
tri-34-d2-4,9,1,ok,39,1713
tri-34-d2-5,9,0,ok,32,2254
tri-34-d2-5,9,1,ok,32,1343
tri-34-d3-1,9,0,ok,17056,59435
tri-34-d3-1,9,1,ok,17056,55306
tri-34-d3-4,9,0,ok,17055,55888
tri-34-d3-4,9,1,ok,17055,54144
tri-34-d4-1,9,0,ok,30,2775
tri-34-d4-1,9,1,ok,30,1212
tri-34-d4-2,9,0,ok,17056,58994
tri-34-d4-2,9,1,ok,17056,54445
tri-34-d4-3,9,0,ok,34,2194
tri-34-d4-3,9,1,ok,34,1543
tri-34-d4-5,9,0,ok,17058,57581
tri-34-d4-5,9,1,ok,17058,54204
tri-34-d5-1,9,0,ok,133,5641
tri-34-d5-1,9,1,ok,133,3467
tri-34-d5-2,9,0,ok,19055,72861
tri-34-d5-2,9,1,ok,19055,67320
tri-34-d5-3,9,0,ok,2543,39536
tri-34-d5-3,9,1,ok,2543,35168
tri-34-d5-4,9,0,ok,100,7484
tri-34-d5-4,9,1,ok,100,3206
tri-56-d2-1,9,0,ok,120,38404
tri-56-d2-1,9,1,ok,120,8046
tri-56-d2-2,9,0,ok,33073,165469
tri-56-d2-2,9,1,ok,33073,156422
tri-56-d2-3,9,0,ok,62,7184
tri-56-d2-3,9,1,ok,62,2195
tri-56-d3-1,9,0,ok,9390,50127
tri-56-d3-1,9,1,ok,9390,33985
tri-56-d3-2,9,0,ok,100075,2052792
tri-56-d3-2,9,1,ok,100075,2793929
tri-56-d3-3,9,0,ok,2819,23415
tri-56-d3-3,9,1,ok,2819,25970
tri-56-d4-1,9,0,ok,5810,66678
tri-56-d4-1,9,1,ok,5810,61668
tri-56-d4-2,9,0,ok,28915,142444
tri-56-d4-2,9,1,ok,28915,135781
tri-56-d4-3,9,0,ok,55391,304797
tri-56-d4-3,9,1,ok,55391,302613
wp-34-d1-4,9,0,ok,36,7153
wp-34-d1-4,9,1,ok,36,1854
wp-34-d1-5,9,0,ok,446,10871
wp-34-d1-5,9,1,ok,446,5741
wp-34-d3-3,9,0,ok,2376,40118
wp-34-d3-3,9,1,ok,2376,22553
wp-56-d2-1,9,0,ok,13478,175618
wp-56-d2-1,9,1,ok,13478,162333
wp-56-d2-2,9,0,ok,411519,3324021
wp-56-d2-2,9,1,ok,411519,3185323
wp-56-d2-3,9,0,ok,902,18646
wp-56-d2-3,9,1,ok,902,13256
wp-56-d3-1,9,0,ok,2159,39977
wp-56-d3-1,9,1,ok,2159,26812
wp-56-d3-2,9,0,ok,363974,2576591
wp-56-d3-2,9,1,ok,363974,2868854
wp-56-d3-3,9,0,ok,775,17303
wp-56-d3-3,9,1,ok,775,10891
wp-56-d4-1,9,0,ok,308938,2603242
wp-56-d4-1,9,1,ok,308938,2519561
wp-56-d4-2,9,0,ok,7365,87448
wp-56-d4-2,9,1,ok,7365,75135
wp-56-d4-3,9,0,ok,201798,1243073
wp-56-d4-3,9,1,ok,201798,1598648
