task,pass,examine_ns,judge_ns
cal-12-d1-1,0,94232,2895575
cal-12-d1-2,0,96295,2031973
cal-12-d1-3,0,138407,2359012
cal-12-d1-4,0,131634,2018216
cal-12-d1-5,0,79954,2143427
cal-12-d2-1,0,139308,1863949
cal-12-d2-2,0,90254,2018066
cal-12-d2-4,0,92658,1868127
cal-12-d2-5,0,63121,1978630
cal-12-d3-2,0,211066,1938352
cal-12-d3-3,0,178273,1816457
cal-12-d3-5,0,78180,2087109
cal-12-d4-2,0,130341,1841155
cal-12-d4-3,0,205115,2089984
cal-12-d4-4,0,118558,1861814
cal-12-d4-5,0,95554,2067300
cal-12-d5-1,0,119200,1804404
cal-12-d5-2,0,79613,2086287
cal-12-d5-4,0,95785,1858668
cal-12-d5-5,0,111284,1971326
cal-34-d1-1,0,467299,3504027
cal-34-d1-2,0,80295,3261750
cal-34-d1-3,0,89753,3761333
cal-34-d1-4,0,94141,3742536
cal-34-d1-5,0,205305,3143232
cal-34-d2-1,0,102276,4009469
cal-34-d2-2,0,77970,3304764
cal-34-d2-3,0,84493,3979572
cal-34-d2-4,0,126213,3393664
cal-34-d2-5,0,200335,3035265
cal-34-d3-1,0,96275,3513445
cal-34-d3-2,0,114891,3887275
cal-34-d3-3,0,1970805,3486974
cal-34-d3-4,0,98610,3752295
cal-34-d3-5,0,115172,3049451
cal-34-d4-1,0,116935,3359388
cal-34-d4-2,0,119239,3496062
cal-34-d4-3,0,2280902,4246176
cal-34-d4-4,0,109692,3339480
cal-34-d4-5,0,147174,4120694
cal-34-d5-1,0,245132,3301117
cal-34-d5-2,0,137445,3114327
cal-34-d5-3,0,117136,3466614
cal-34-d5-4,0,155639,3528203
cal-34-d5-5,0,386935,3866766
cal-56-d2-1,0,179215,2594286
cal-56-d2-2,0,282183,4088281
cal-56-d2-3,0,190567,2864576
cal-56-d3-1,0,6326551,2716852
cal-56-d3-2,0,129099,3074489
cal-56-d3-3,0,140040,2890776
cal-56-d4-1,0,622970,3257352
cal-56-d4-2,0,113850,3043770
cal-56-d4-3,0,443524,2814409
clk-12-d1-1,0,157995,1865782
clk-12-d1-2,0,85013,2025630
clk-12-d1-3,0,143086,1912202
clk-12-d1-4,0,119250,2056469
clk-12-d1-5,0,431291,2003928
clk-12-d2-1,0,88270,1836025
clk-12-d2-2,0,172943,2300841
clk-12-d2-3,0,191750,2405371
clk-12-d2-5,0,237517,2663790
clk-12-d3-1,0,123688,1867476
clk-12-d3-2,0,95825,2421442
clk-12-d3-3,0,113989,1815475
clk-12-d3-4,0,58573,1936178
clk-12-d3-5,0,206318,1948031
clk-12-d4-1,0,96997,1841265
clk-12-d4-2,0,82659,2960490
clk-12-d4-4,0,157073,2652507
clk-12-d4-5,0,89101,2123349
clk-12-d5-2,0,123959,2694708
clk-12-d5-3,0,165959,2277145
clk-12-d5-4,0,132135,2426983
clk-12-d5-5,0,168644,2021863
clk-34-d1-1,0,319946,3152460
clk-34-d1-2,0,131944,3356082
clk-34-d1-3,0,64053,3378435
clk-34-d1-4,0,233059,3911992
clk-34-d1-5,0,231285,3132321
clk-34-d2-1,0,142935,3344169
clk-34-d2-2,0,128808,3253805
clk-34-d2-3,0,143316,3738769
clk-34-d2-4,0,147434,3124546
clk-34-d2-5,0,134810,3784797
clk-34-d3-2,0,115642,3327497
clk-34-d3-3,0,146752,3704062
clk-34-d3-4,0,120512,3188620
clk-34-d3-5,0,133567,4078363
clk-34-d4-1,0,150941,3320523
clk-34-d4-2,0,141092,3454581
clk-34-d4-3,0,114050,3227023
clk-34-d4-4,0,239671,3200292
clk-34-d5-1,0,92578,4166683
clk-34-d5-3,0,182161,3308681
clk-34-d5-5,0,157604,3473438
clk-56-d2-1,0,229282,2644682
clk-56-d2-2,0,115643,3457287
clk-56-d2-3,0,131323,2786265
clk-56-d3-1,0,297693,2584707
clk-56-d3-2,0,107717,2908210
clk-56-d3-3,0,157474,2843264
clk-56-d4-1,0,445418,2684208
clk-56-d4-2,0,266413,2926294
clk-56-d4-3,0,175088,3421257
div-56-d2-1,0,122676,2669690
div-56-d2-2,0,159878,3276488
div-56-d2-3,0,98660,2934370
div-56-d3-1,0,365755,2608051
div-56-d3-2,0,142654,3511021
div-56-d3-3,0,130361,2799961
div-56-d4-1,0,224082,2654641
div-56-d4-2,0,290039,3074259
div-56-d4-3,0,189465,2768501
enum-12-d1-1,0,96726,1917212
enum-12-d1-4,0,72780,2055198
enum-12-d2-4,0,94833,1908575
enum-12-d2-5,0,96305,1882806
enum-12-d3-1,0,62851,2780253
enum-12-d3-3,0,89773,1889398
enum-12-d3-4,0,77559,2187662
enum-12-d4-2,0,91566,1891723
enum-12-d4-4,0,95374,2317793
enum-12-d4-5,0,95274,1887474
enum-12-d5-2,0,77600,2576200
enum-12-d5-3,0,94291,1900129
enum-12-d5-4,0,74844,1881743
enum-34-d1-1,0,58312,3932462
enum-34-d1-2,0,106425,3385619
enum-34-d1-4,0,107517,3815206
enum-34-d2-1,0,81327,3689715
enum-34-d2-3,0,208862,3110209
enum-34-d2-4,0,64334,3308971
enum-34-d2-5,0,92798,3829063
enum-34-d3-2,0,86807,3294894
enum-34-d3-3,0,95023,3119186
enum-34-d3-4,0,271582,3936339
enum-34-d3-5,0,137475,3400949
enum-34-d4-1,0,127265,3318540
enum-34-d4-3,0,114020,3122682
enum-34-d4-4,0,106435,3338969
enum-34-d4-5,0,124790,3270998
enum-34-d5-1,0,302232,3518755
enum-34-d5-2,0,102237,3222936
enum-34-d5-4,0,147935,3153021
enum-56-d2-1,0,77810,3066504
enum-56-d2-2,0,95393,3040364
enum-56-d2-3,0,153867,2653279
enum-56-d3-1,0,118428,2887570
enum-56-d3-2,0,249851,3060383
enum-56-d3-3,0,299798,2709056
enum-56-d4-1,0,3218868,3058689
enum-56-d4-2,0,387015,3005788
enum-56-d4-3,0,119230,2653599
frac-56-d2-1,0,210346,3228796
frac-56-d2-2,0,225995,3032699
frac-56-d2-3,0,98920,2581811
frac-56-d3-1,0,249150,3011829
frac-56-d3-2,0,335697,3087755
frac-56-d3-3,0,218882,2574887
frac-56-d4-1,0,422393,2875998
frac-56-d4-2,0,119260,3181366
frac-56-d4-3,0,504281,2655393
game-56-d2-1,0,127686,3332346
game-56-d2-2,0,140631,3043120
game-56-d2-3,0,167502,2625044
game-56-d3-1,0,95695,3437228
game-56-d3-2,0,338753,3838100
game-56-d3-3,0,141382,2659832
game-56-d4-1,0,106936,3106542
game-56-d4-2,0,279829,2990508
game-56-d4-3,0,131944,2690391
gaps-12-d1-1,0,67360,2427323
gaps-12-d1-2,0,87127,1828460
gaps-12-d1-3,0,77319,2647358
gaps-12-d1-4,0,93691,1863117
gaps-12-d1-5,0,68422,2741849
gaps-12-d2-1,0,92117,1901692
gaps-12-d2-3,0,74043,2003618
gaps-12-d3-1,0,366495,1978158
gaps-12-d3-3,0,82809,1846466
gaps-12-d3-4,0,66107,2265653
gaps-12-d3-5,0,121594,1887755
gaps-12-d4-3,0,74384,2033365
gaps-12-d4-5,0,126603,1919737
gaps-12-d5-2,0,71268,1874589
gaps-12-d5-3,0,68612,2327171
gaps-12-d5-4,0,79473,1866594
gaps-12-d5-5,0,74474,3145767
gaps-34-d1-1,0,103710,3131790
gaps-34-d1-2,0,61017,3837369
gaps-34-d1-3,0,87118,3480512
gaps-34-d1-4,0,105734,3957610
gaps-34-d1-5,0,138667,3144705
gaps-34-d2-1,0,375483,3793965
gaps-34-d2-2,0,96967,3468719
gaps-34-d2-3,0,100474,3347906
gaps-34-d2-4,0,81627,3493938
gaps-34-d2-5,0,119820,3070573
gaps-34-d3-2,0,102568,3776781
gaps-34-d3-3,0,111875,3301578
gaps-34-d3-4,0,81146,3973892
gaps-34-d4-1,0,106716,3070151
gaps-34-d4-2,0,186980,3327046
gaps-34-d4-3,0,82509,3725934
gaps-34-d4-4,0,101405,3679234
gaps-34-d4-5,0,113729,3270217
gaps-34-d5-1,0,165108,3167629
gaps-34-d5-2,0,117567,4038796
gaps-34-d5-3,0,120121,3507534
gaps-34-d5-5,0,84924,3531159
gaps-56-d2-1,0,115733,2644652
gaps-56-d2-2,0,95183,2862101
gaps-56-d2-3,0,123839,2873242
gaps-56-d3-1,0,759943,2662987
gaps-56-d3-2,0,406823,2657938
gaps-56-d3-3,0,98961,2853173
gaps-56-d4-1,0,124309,2866359
gaps-56-d4-2,0,156592,2765104
gaps-56-d4-3,0,1894147,2670502
grid-56-d2-1,0,156902,4000162
grid-56-d2-2,0,115322,2825360
grid-56-d2-3,0,425469,2687415
grid-56-d3-1,0,169907,2870046
grid-56-d3-2,0,159617,3175845
grid-56-d3-3,0,321689,2678888
grid-56-d4-1,0,259279,2987322
grid-56-d4-2,0,552444,3090540
grid-56-d4-3,0,14672882,3140837
kl-34-d1-1,0,157514,3233856
kl-34-d5-2,0,11510643,3884980
kl-56-d2-1,0,197110,3602927
kl-56-d2-2,0,196488,2659751
kl-56-d2-3,0,129560,3597216
kl-56-d3-1,0,194995,3022940
kl-56-d3-2,0,821181,2694628
kl-56-d3-3,0,169476,3374848
kl-56-d4-1,0,174857,3927282
kl-56-d4-2,0,729956,6084776
kl-56-d4-3,0,1458137,3993269
ord-12-d1-1,0,156451,2874334
ord-12-d1-2,0,342169,2241075
ord-12-d1-3,0,206207,1970134
ord-12-d1-4,0,466348,2229332
ord-12-d1-5,0,156101,1980052
ord-12-d2-1,0,177351,2429538
ord-12-d2-2,0,364281,1958731
ord-12-d2-3,0,385843,2003568
ord-12-d2-4,0,168294,1862887
ord-12-d2-5,0,135330,2046731
ord-12-d3-2,0,186869,1817479
ord-12-d3-3,0,133958,2156182
ord-12-d3-4,0,192831,1877215
ord-12-d3-5,0,127285,2019989
ord-12-d4-1,0,364742,1871533
ord-12-d4-2,0,131854,2365265
ord-12-d4-4,0,200647,1936839
ord-12-d4-5,0,194946,2154879
ord-12-d5-2,0,189805,1823341
ord-12-d5-3,0,314856,2230104
ord-12-d5-4,0,203402,1847136
ord-12-d5-5,0,194274,2045739
ord-34-d1-1,0,516375,3760450
ord-34-d1-2,0,132164,3309843
ord-34-d1-3,0,324846,3148492
ord-34-d1-4,0,12915428,3230890
ord-34-d1-5,0,192751,3907534
ord-34-d2-1,0,244921,3446266
ord-34-d2-2,0,351927,3260738
ord-34-d2-3,0,178514,3532040
ord-34-d2-4,0,393527,3529776
ord-34-d2-5,0,132395,4872141
ord-34-d3-1,0,1754829,3208398
ord-34-d3-2,0,191900,3389987
ord-34-d3-3,0,143246,3330733
ord-34-d3-4,0,396604,3400217
ord-34-d3-5,0,177011,3800658
ord-34-d4-1,0,433715,3175514
ord-34-d4-3,0,715227,3216193
ord-34-d4-4,0,143356,3322257
ord-34-d4-5,0,194284,4006955
ord-34-d5-1,0,1781300,3182287
ord-34-d5-2,0,345886,3482936
ord-34-d5-3,0,175437,3307809
ord-34-d5-5,0,354723,3452678
ord-56-d2-1,0,334654,2859416
ord-56-d2-2,0,192521,2630826
ord-56-d2-3,0,533848,3385288
ord-56-d3-1,0,1821998,2620466
ord-56-d3-2,0,852902,2629874
ord-56-d3-3,0,331579,2988735
ord-56-d4-1,0,13682385,2943467
ord-56-d4-2,0,210154,2793018
ord-56-d4-3,0,2461058,2694799
par-12-d1-1,0,99682,2424387
par-12-d1-3,0,82329,1871303
par-12-d1-4,0,125993,2548637
par-12-d1-5,0,298324,2067941
par-12-d2-3,0,100704,1916380
par-12-d2-5,0,79223,2439066
par-12-d3-1,0,136854,1879860
par-12-d3-2,0,73071,2196158
par-12-d3-4,0,132545,1875662
par-12-d4-2,0,64594,2176331
par-12-d4-4,0,415880,1980302
par-12-d4-5,0,1055422,1939715
par-12-d5-2,0,211236,2603944
par-34-d1-1,0,86056,4012756
par-34-d1-2,0,95955,3392402
par-34-d1-3,0,86376,3372373
par-34-d1-4,0,231285,3279034
par-34-d1-5,0,300339,3117562
par-34-d2-1,0,96876,3269946
par-34-d2-2,0,84683,3391761
par-34-d2-3,0,135151,3678953
par-34-d3-1,0,780282,3344961
par-34-d3-2,0,135862,3436917
par-34-d3-3,0,122686,3158602
par-34-d3-4,0,1410386,3170324
par-34-d3-5,0,101074,3572539
par-34-d4-1,0,175328,3346704
par-34-d4-3,0,111585,3595653
par-34-d4-4,0,125301,3184201
par-34-d4-5,0,1268752,3395208
par-34-d5-1,0,1508635,3451797
par-34-d5-2,0,145770,3166177
par-34-d5-4,0,2135362,3627815
par-34-d5-5,0,94421,3292931
par-56-d2-1,0,208572,2922647
par-56-d2-2,0,7240411,2699999
par-56-d2-3,0,5216835,3115789
par-56-d3-1,0,211949,2737480
par-56-d3-2,0,19474607,3811369
par-56-d3-3,0,2954559,2781315
par-56-d4-1,0,30008590,3337015
par-56-d4-2,0,2568987,3057838
par-56-d4-3,0,7823012,4173516
pct-56-d2-1,0,173134,2665933
pct-56-d2-2,0,254540,2788519
pct-56-d2-3,0,299517,2702123
pct-56-d3-1,0,579014,2727571
pct-56-d3-2,0,275250,2893982
pct-56-d3-3,0,223811,2612870
pct-56-d4-1,0,251294,4665453
pct-56-d4-2,0,494331,5709032
pct-56-d4-3,0,212840,3927742
pig-12-d1-2,0,195978,3503095
pig-12-d1-3,0,427523,4106767
pig-12-d2-3,0,147694,4691914
pig-12-d3-3,0,5431278,2303896
pig-12-d5-5,0,153746,1923643
pig-34-d1-1,0,135120,3600302
pig-34-d1-2,0,81597,3857186
pig-34-d1-5,0,130251,3278553
pig-34-d2-2,0,115562,6241278
pig-34-d2-3,0,1219708,5368477
pig-34-d2-4,0,287984,4029719
pig-34-d2-5,0,211667,3503315
pig-34-d3-3,0,3405146,4323385
pig-34-d3-4,0,191128,4975080
pig-34-d4-2,0,57271853,4964409
pig-34-d4-3,0,561301,3696848
pig-34-d4-4,0,146773,4493812
pig-34-d4-5,0,250242,5607237
pig-34-d5-2,0,408025,6318145
pig-34-d5-4,0,27180214,7206055
pig-34-d5-5,0,43333566,4138950
pig-56-d2-1,0,266793,3977409
pig-56-d2-2,0,723744,3322838
pig-56-d2-3,0,1900931,4022285
pig-56-d3-1,0,424638,4274871
pig-56-d3-2,0,669749,5883538
pig-56-d3-3,0,1139153,6513611
pig-56-d4-1,0,503269,6743965
pig-56-d4-2,0,3700254,5192778
pig-56-d4-3,0,5148273,7262563
ratio-56-d2-1,0,603412,5878839
ratio-56-d2-2,0,370193,6311292
ratio-56-d2-3,0,711189,5647314
ratio-56-d3-1,0,355124,2770434
ratio-56-d3-2,0,264459,4196490
ratio-56-d3-3,0,364281,3244247
ratio-56-d4-1,0,933608,5885452
ratio-56-d4-2,0,176840,3090481
ratio-56-d4-3,0,313864,2730327
sets-56-d2-1,0,8726562,5346955
sets-56-d2-2,0,2884664,5844453
sets-56-d2-3,0,11858523,2879945
sets-56-d3-1,0,4605788,5887896
sets-56-d3-2,0,23822850,5969344
sets-56-d3-3,0,32948650,5930038
sets-56-d4-1,0,58285836,4895325
sets-56-d4-2,0,7138696,2956582
sets-56-d4-3,0,10654495,3322698
tri-12-d1-2,0,216767,1914195
tri-12-d1-3,0,63102,3093386
tri-12-d1-5,0,257455,3858329
tri-12-d2-1,0,177542,2277325
tri-12-d2-2,0,249912,1951096
tri-12-d3-1,0,66347,1787222
tri-12-d3-3,0,54224,2147305
tri-12-d3-4,0,208621,1893807
tri-12-d3-5,0,62190,2768130
tri-12-d4-1,0,211568,1876743
tri-12-d5-2,0,175648,2118279
tri-12-d5-3,0,91566,1775799
tri-12-d5-4,0,226175,1868738
tri-12-d5-5,0,79573,3786480
tri-34-d1-2,0,530612,7908928
tri-34-d1-3,0,117186,3388534
tri-34-d1-5,0,94983,3865573
tri-34-d2-1,0,115883,3742506
tri-34-d2-2,0,218461,3878848
tri-34-d2-4,0,284868,6660634
tri-34-d2-5,0,417474,6944361
tri-34-d3-1,0,491145,5129165
tri-34-d3-4,0,287624,3711216
tri-34-d4-1,0,110903,3074761
tri-34-d4-2,0,221427,6929602
tri-34-d4-3,0,308183,6714920
tri-34-d4-5,0,559988,7383536
tri-34-d5-1,0,310918,6701784
tri-34-d5-2,0,536923,7262493
tri-34-d5-3,0,552233,7726257
tri-34-d5-4,0,321799,6640657
tri-56-d2-1,0,419077,2806925
tri-56-d2-2,0,620665,3111070
tri-56-d2-3,0,109641,2607761
tri-56-d3-1,0,159387,3053590
tri-56-d3-2,0,2982563,2908430
tri-56-d3-3,0,176199,2813517
tri-56-d4-1,0,269308,2537345
tri-56-d4-2,0,379952,2794541
tri-56-d4-3,0,759403,3033070
wp-34-d1-4,0,102407,3167559
wp-34-d1-5,0,242797,3284434
wp-34-d3-3,0,186238,3470132
wp-56-d2-1,0,498259,3005908
wp-56-d2-2,0,6644253,2917117
wp-56-d2-3,0,167803,2655002
wp-56-d3-1,0,187030,2898672
wp-56-d3-2,0,6340509,3025946
wp-56-d3-3,0,153025,3316696
wp-56-d4-1,0,9731999,2881548
wp-56-d4-2,0,319145,3228406
wp-56-d4-3,0,3143903,2929090
cal-12-d1-1,1,319625,1932611
cal-12-d1-2,1,76297,1836406
cal-12-d1-3,1,91376,2341649
cal-12-d1-4,1,90895,1851074
cal-12-d1-5,1,54244,2141143
cal-12-d2-1,1,119150,1849671
cal-12-d2-2,1,80275,1836416
cal-12-d2-4,1,63242,4311201
cal-12-d2-5,1,280209,4161512
cal-12-d3-2,1,294978,4458384
cal-12-d3-3,1,503960,4096708
cal-12-d3-5,1,210776,3985413
cal-12-d4-2,1,190356,2036171
cal-12-d4-3,1,207590,2694468
cal-12-d4-4,1,405671,2248189
cal-12-d4-5,1,147965,2023526
cal-12-d5-1,1,122316,4259772
cal-12-d5-2,1,325837,4032755
cal-12-d5-4,1,176410,3125648
cal-12-d5-5,1,180999,2022614
cal-34-d1-1,1,107416,3691708
cal-34-d1-2,1,128728,3409685
cal-34-d1-3,1,115803,3419985
cal-34-d1-4,1,92388,3560435
cal-34-d1-5,1,92759,4189977
cal-34-d2-1,1,153365,4314427
cal-34-d2-2,1,212139,6654854
cal-34-d2-3,1,199715,4353853
cal-34-d2-4,1,181559,3491763
cal-34-d2-5,1,242758,4168686
cal-34-d3-1,1,376455,6727033
cal-34-d3-2,1,232357,4109343
cal-34-d3-3,1,1968370,3635129
cal-34-d3-4,1,125081,5238987
cal-34-d3-5,1,415480,6945453
cal-34-d4-1,1,191999,3224498
cal-34-d4-2,1,159046,3605101
cal-34-d4-3,1,2355155,3666139
cal-34-d4-4,1,139869,3388224
cal-34-d4-5,1,168224,3440625
cal-34-d5-1,1,222759,3127782
cal-34-d5-2,1,98049,3512724
cal-34-d5-3,1,169447,3752735
cal-34-d5-4,1,234441,3508736
cal-34-d5-5,1,424407,3495820
cal-56-d2-1,1,206227,2958767
cal-56-d2-2,1,158966,2627329
cal-56-d2-3,1,144839,2823156
cal-56-d3-1,1,6145512,3079359
cal-56-d3-2,1,148425,2648820
cal-56-d3-3,1,113108,2907168
cal-56-d4-1,1,603352,3019504
cal-56-d4-2,1,136693,2645383
cal-56-d4-3,1,408967,2887490
clk-12-d1-1,1,147053,1923844
clk-12-d1-2,1,125802,2077229
clk-12-d1-3,1,161190,1867125
clk-12-d1-4,1,90785,2214794
clk-12-d1-5,1,134158,1844021
clk-12-d2-1,1,87899,1982648
clk-12-d2-2,1,314256,1981054
clk-12-d2-3,1,95443,1837237
clk-12-d2-5,1,86367,2305839
clk-12-d3-1,1,124921,1852777
clk-12-d3-2,1,98139,2481959
clk-12-d3-3,1,159427,1996584
clk-12-d3-4,1,79523,2693567
clk-12-d3-5,1,191278,2264840
clk-12-d4-1,1,138296,2015671
clk-12-d4-2,1,114821,2694599
clk-12-d4-4,1,197561,1958781
clk-12-d4-5,1,99431,2561001
clk-12-d5-2,1,174386,2117457
clk-12-d5-3,1,213310,2201128
clk-12-d5-4,1,646756,2721129
clk-12-d5-5,1,143166,1944504
clk-34-d1-1,1,98139,3568932
clk-34-d1-2,1,201087,3649527
clk-34-d1-3,1,256664,6912330
clk-34-d1-4,1,548547,6762531
clk-34-d1-5,1,435909,6654753
clk-34-d2-1,1,268437,5663074
clk-34-d2-2,1,404989,7265419
clk-34-d2-3,1,302733,6673740
clk-34-d2-4,1,264469,4379112
clk-34-d2-5,1,332270,3905229
clk-34-d3-2,1,174866,3673173
clk-34-d3-3,1,183212,3216823
clk-34-d3-4,1,96786,3923284
clk-34-d3-5,1,200085,3642023
clk-34-d4-1,1,220966,4139931
clk-34-d4-2,1,418286,6838016
clk-34-d4-3,1,239601,4059507
clk-34-d4-4,1,228049,5873769
clk-34-d5-1,1,296060,7248777
clk-34-d5-3,1,396594,6868184
clk-34-d5-5,1,331118,4110003
clk-56-d2-1,1,359993,3324211
clk-56-d2-2,1,195626,2728434
clk-56-d2-3,1,111625,5105160
clk-56-d3-1,1,391944,3507794
clk-56-d3-2,1,291441,3374237
clk-56-d3-3,1,233810,5353678
clk-56-d4-1,1,1057947,5920579
clk-56-d4-2,1,437402,2845489
clk-56-d4-3,1,159136,3236833
div-56-d2-1,1,154888,2767829
div-56-d2-2,1,174105,3201735
div-56-d2-3,1,123578,4156824
div-56-d3-1,1,814498,3500199
div-56-d3-2,1,192420,3831858
div-56-d3-3,1,164266,3191174
div-56-d4-1,1,748471,2820541
div-56-d4-2,1,328422,3123575
div-56-d4-3,1,219363,2648499
enum-12-d1-1,1,78160,2308195
enum-12-d1-4,1,135832,2083121
enum-12-d2-4,1,84703,3861144
enum-12-d2-5,1,371796,4104203
enum-12-d3-1,1,137505,4023667
enum-12-d3-3,1,157663,2010942
enum-12-d3-4,1,121043,2383479
enum-12-d4-2,1,137705,2064766
enum-12-d4-4,1,123929,1975684
enum-12-d4-5,1,74273,2398829
enum-12-d5-2,1,151983,1977046
enum-12-d5-3,1,71427,2207371
enum-12-d5-4,1,139188,2102699
enum-34-d1-1,1,95604,4032605
enum-34-d1-2,1,156361,3602907
enum-34-d1-4,1,117085,3288803
enum-34-d2-1,1,103379,6442434
enum-34-d2-3,1,418045,7260821
enum-34-d2-4,1,130701,3471053
enum-34-d2-5,1,255242,3287530
enum-34-d3-2,1,72209,3566026
enum-34-d3-3,1,107698,4616008
enum-34-d3-4,1,819999,5113817
enum-34-d3-5,1,676383,3345822
enum-34-d4-1,1,128417,3813263
enum-34-d4-3,1,150880,3632615
enum-34-d4-4,1,166460,3551048
enum-34-d4-5,1,125422,3183389
enum-34-d5-1,1,290740,3429022
enum-34-d5-2,1,106726,3645760
enum-34-d5-4,1,123097,3318510
enum-56-d2-1,1,563224,2816443
enum-56-d2-2,1,86186,3108615
enum-56-d2-3,1,139308,2727842
enum-56-d3-1,1,127856,3320804
enum-56-d3-2,1,271814,4273438
enum-56-d3-3,1,802937,6282106
enum-56-d4-1,1,4611148,3627074
enum-56-d4-2,1,470456,3641611
enum-56-d4-3,1,174556,2875306
frac-56-d2-1,1,254600,3279174
frac-56-d2-2,1,307352,3112233
frac-56-d2-3,1,124710,2807836
frac-56-d3-1,1,296832,3092254
frac-56-d3-2,1,370704,2878954
frac-56-d3-3,1,346196,2660452
frac-56-d4-1,1,444345,3311937
frac-56-d4-2,1,168785,2726680
frac-56-d4-3,1,454074,5960327
game-56-d2-1,1,445438,5663224
game-56-d2-2,1,237577,2866820
game-56-d2-3,1,172903,3829423
game-56-d3-1,1,173594,3984352
game-56-d3-2,1,403136,2743372
game-56-d3-3,1,118117,4993605
game-56-d4-1,1,196689,3779507
game-56-d4-2,1,805150,5917063
game-56-d4-3,1,279818,4060238
gaps-12-d1-1,1,140320,1947480
gaps-12-d1-2,1,81968,3808022
gaps-12-d1-3,1,293165,4027174
gaps-12-d1-4,1,149297,4711972
gaps-12-d1-5,1,323743,2548126
gaps-12-d2-1,1,114079,2601970
gaps-12-d2-3,1,377978,4165070
gaps-12-d3-1,1,175037,4095596
gaps-12-d3-3,1,169807,3289924
gaps-12-d3-4,1,129068,2028977
gaps-12-d3-5,1,94191,2329566
gaps-12-d4-3,1,143446,2058904
gaps-12-d4-5,1,117025,2396844
gaps-12-d5-2,1,107347,1950656
gaps-12-d5-3,1,82489,1991344
gaps-12-d5-4,1,59664,4366518
gaps-12-d5-5,1,248889,2161362
gaps-34-d1-1,1,108159,3806178
gaps-34-d1-2,1,129399,5105400
gaps-34-d1-3,1,271413,6979428
gaps-34-d1-4,1,250032,6730188
gaps-34-d1-5,1,236766,7179905
gaps-34-d2-1,1,256103,7095172
gaps-34-d2-2,1,227318,6801686
gaps-34-d2-3,1,310588,3726976
gaps-34-d2-4,1,150790,3688842
gaps-34-d2-5,1,158385,3551889
gaps-34-d3-2,1,153967,3229378
gaps-34-d3-3,1,109381,3488356
gaps-34-d3-4,1,90584,3901482
gaps-34-d4-1,1,123458,4442574
gaps-34-d4-2,1,246715,3306847
gaps-34-d4-3,1,84213,4016533
gaps-34-d4-4,1,128908,3648285
gaps-34-d4-5,1,140300,3752966
gaps-34-d5-1,1,104622,3242312
gaps-34-d5-2,1,138577,6889706
gaps-34-d5-3,1,399709,6504073
gaps-34-d5-5,1,96456,3827339
gaps-56-d2-1,1,139949,2720868
gaps-56-d2-2,1,102597,3352776
gaps-56-d2-3,1,156752,3186015
gaps-56-d3-1,1,1830013,5830716
gaps-56-d3-2,1,292102,4217620
gaps-56-d3-3,1,183142,4557906
gaps-56-d4-1,1,137464,2819218
gaps-56-d4-2,1,115603,3163261
gaps-56-d4-3,1,1149323,4586170
grid-56-d2-1,1,216146,3012530
grid-56-d2-2,1,113759,2642458
grid-56-d2-3,1,155560,3318569
grid-56-d3-1,1,198001,3050093
grid-56-d3-2,1,152974,2666945
grid-56-d3-3,1,140450,3768185
grid-56-d4-1,1,310638,2753953
grid-56-d4-2,1,1698451,2776646
grid-56-d4-3,1,11458834,2782547
kl-34-d1-1,1,130051,3718289
kl-34-d5-2,1,12540666,6776918
kl-56-d2-1,1,239181,3783645
kl-56-d2-2,1,190788,3236221
kl-56-d2-3,1,159668,2720809
kl-56-d3-1,1,244270,5748188
kl-56-d3-2,1,1826176,3952371
kl-56-d3-3,1,215164,2715919
kl-56-d4-1,1,150139,3653264
kl-56-d4-2,1,220665,2942536
kl-56-d4-3,1,659630,3067025
ord-12-d1-1,1,156672,1863298
ord-12-d1-2,1,101626,1833961
ord-12-d1-3,1,212339,2237959
ord-12-d1-4,1,126012,1826327
ord-12-d1-5,1,122516,2816093
ord-12-d2-1,1,175788,1877596
ord-12-d2-2,1,288816,2230695
ord-12-d2-3,1,159136,1831737
ord-12-d2-4,1,121845,2043465
ord-12-d2-5,1,188754,1900689
ord-12-d3-2,1,135381,2877981
ord-12-d3-3,1,194855,1896071
ord-12-d3-4,1,131744,2763461
ord-12-d3-5,1,188102,1888938
ord-12-d4-1,1,298925,2046230
ord-12-d4-2,1,150139,1882495
ord-12-d4-4,1,136643,1895339
ord-12-d4-5,1,323793,2399480
ord-12-d5-2,1,153866,1917151
ord-12-d5-3,1,366265,2264240
ord-12-d5-4,1,196758,1863868
ord-12-d5-5,1,192951,2080476
ord-34-d1-1,1,499432,3602958
ord-34-d1-2,1,150199,3749499
ord-34-d1-3,1,328963,3394436
ord-34-d1-4,1,15989948,3627905
ord-34-d1-5,1,187401,3425716
ord-34-d2-1,1,248920,3278763
ord-34-d2-2,1,1163510,3183981
ord-34-d2-3,1,145159,4254753
ord-34-d2-4,1,372408,3498496
ord-34-d2-5,1,144648,3646561
ord-34-d3-1,1,1573209,6775095
ord-34-d3-2,1,615585,5746745
ord-34-d3-3,1,205034,4067222
ord-34-d3-4,1,422644,3539335
ord-34-d3-5,1,196358,3541619
ord-34-d4-1,1,406863,3747475
ord-34-d4-3,1,856479,3544234
ord-34-d4-4,1,421612,3829504
ord-34-d4-5,1,190628,3652532
ord-34-d5-1,1,1786490,3201695
ord-34-d5-2,1,359963,3999852
ord-34-d5-3,1,202510,3857969
ord-34-d5-5,1,402906,5046647
ord-56-d2-1,1,911986,5908176
ord-56-d2-2,1,455297,2745587
ord-56-d2-3,1,341347,5245019
ord-56-d3-1,1,3885452,5920249
ord-56-d3-2,1,1341022,6094385
ord-56-d3-3,1,929009,5665098
ord-56-d4-1,1,20306529,5872858
ord-56-d4-2,1,277474,2872481
ord-56-d4-3,1,2705409,2881388
par-12-d1-1,1,119059,2109592
par-12-d1-3,1,100744,2052482
par-12-d1-4,1,163274,2399680
par-12-d1-5,1,120833,1907322
par-12-d2-3,1,101796,2033014
par-12-d2-5,1,275991,2083452
par-12-d3-1,1,117717,1886102
par-12-d3-2,1,75225,2579196
par-12-d3-4,1,154026,1878337
par-12-d4-2,1,69324,2548146
par-12-d4-4,1,935922,4219283
par-12-d4-5,1,2006874,4352441
par-12-d5-2,1,479293,3238485
par-34-d1-1,1,334904,4331239
par-34-d1-2,1,143998,3803754
par-34-d1-3,1,118909,3651009
par-34-d1-4,1,282524,3770520
par-34-d1-5,1,82639,5160556
par-34-d2-1,1,152403,3491993
par-34-d2-2,1,105102,4839939
par-34-d2-3,1,416151,7331877
par-34-d3-1,1,1913224,5444443
par-34-d3-2,1,269068,3229388
par-34-d3-3,1,93550,3542491
par-34-d3-4,1,508780,3669124
par-34-d3-5,1,159087,3684574
par-34-d4-1,1,203271,3352676
par-34-d4-3,1,579285,7037851
par-34-d4-4,1,290129,5933425
par-34-d4-5,1,1295425,4220987
par-34-d5-1,1,1466012,7004827
par-34-d5-2,1,460607,5489891
par-34-d5-4,1,1823370,5938976
par-34-d5-5,1,238429,7046798
par-56-d2-1,1,304757,2892850
par-56-d2-2,1,7893949,2896758
par-56-d2-3,1,8014431,3611254
par-56-d3-1,1,187151,2730788
par-56-d3-2,1,13581541,3468218
par-56-d3-3,1,3359579,2771957
par-56-d4-1,1,30964861,3195232
par-56-d4-2,1,1409083,2971251
par-56-d4-3,1,7639309,3013072
pct-56-d2-1,1,169005,2717803
pct-56-d2-2,1,282965,3092073
pct-56-d2-3,1,293555,3231312
pct-56-d3-1,1,272705,2581460
pct-56-d3-2,1,252315,5314392
pct-56-d3-3,1,747168,4185799
pct-56-d4-1,1,684438,5849423
pct-56-d4-2,1,279348,4492921
pct-56-d4-3,1,165459,3262792
pig-12-d1-2,1,190797,2106456
pig-12-d1-3,1,150691,2081818
pig-12-d2-3,1,452070,2240854
pig-12-d3-3,1,9553575,4423678
pig-12-d5-5,1,160970,1974091
pig-34-d1-1,1,131614,5248926
pig-34-d1-2,1,360043,7195325
pig-34-d1-5,1,126894,3241030
pig-34-d2-2,1,71538,3599550
pig-34-d2-3,1,378699,3440364
pig-34-d2-4,1,127916,3189662
pig-34-d2-5,1,397956,3563691
pig-34-d3-3,1,1843750,3298651
pig-34-d3-4,1,112146,6691204
pig-34-d4-2,1,42190065,3364318
pig-34-d4-3,1,443665,3312267
pig-34-d4-4,1,83661,3366181
pig-34-d4-5,1,165248,3688231
pig-34-d5-2,1,136002,3713881
pig-34-d5-4,1,14930889,4180699
pig-34-d5-5,1,22841039,3739330
pig-56-d2-1,1,205436,2683547
pig-56-d2-2,1,261804,3389777
pig-56-d2-3,1,1000326,3215451
pig-56-d3-1,1,190768,2683717
pig-56-d3-2,1,194635,3455453
pig-56-d3-3,1,461208,3310354
pig-56-d4-1,1,205034,2684519
pig-56-d4-2,1,1983479,2612741
pig-56-d4-3,1,3170304,2977402
ratio-56-d2-1,1,234762,2651956
ratio-56-d2-2,1,476297,5755702
ratio-56-d2-3,1,492509,6090006
ratio-56-d3-1,1,477679,5730934
ratio-56-d3-2,1,416121,4072932
ratio-56-d3-3,1,310278,3744530
ratio-56-d4-1,1,413256,2756879
ratio-56-d4-2,1,123478,3118324
ratio-56-d4-3,1,268748,2711671
sets-56-d2-1,1,6244965,2655884
sets-56-d2-2,1,2218843,2719606
sets-56-d2-3,1,10134834,2660343
sets-56-d3-1,1,2636757,3295746
sets-56-d3-2,1,9295257,2716119
sets-56-d3-3,1,20934388,5837740
sets-56-d4-1,1,44393968,3290576
sets-56-d4-2,1,7018614,5924487
sets-56-d4-3,1,10795176,3429172
tri-12-d1-2,1,194083,1972138
tri-12-d1-3,1,57511,2537115
tri-12-d1-5,1,141072,1839542
tri-12-d2-1,1,56920,1753596
tri-12-d2-2,1,194495,2636096
tri-12-d3-1,1,108960,1758877
tri-12-d3-3,1,52622,2189014
tri-12-d3-4,1,195136,1819603
tri-12-d3-5,1,71397,1755400
tri-12-d4-1,1,177522,2257406
tri-12-d5-2,1,205065,2014869
tri-12-d5-3,1,200055,2705078
tri-12-d5-4,1,277053,1895981
tri-12-d5-5,1,86036,2411824
tri-34-d1-2,1,206087,3113806
tri-34-d1-3,1,57631,3255578
tri-34-d1-5,1,71427,3187648
tri-34-d2-1,1,98710,3197797
tri-34-d2-2,1,204544,3076393
tri-34-d2-4,1,61087,3573010
tri-34-d2-5,1,77319,3263204
tri-34-d3-1,1,226787,3281388
tri-34-d3-4,1,202570,3206634
tri-34-d4-1,1,80184,3251060
tri-34-d4-2,1,235393,3712077
tri-34-d4-3,1,73331,3224829
tri-34-d4-5,1,208712,3100650
tri-34-d5-1,1,68332,3758717
tri-34-d5-2,1,224914,3406689
tri-34-d5-3,1,188614,4203704
tri-34-d5-4,1,112437,3365881
tri-56-d2-1,1,107207,2820511
tri-56-d2-2,1,440508,3037960
tri-56-d2-3,1,98269,2583835
tri-56-d3-1,1,171139,3078628
tri-56-d3-2,1,3182978,2581029
tri-56-d3-3,1,145580,2960931
tri-56-d4-1,1,220404,2794070
tri-56-d4-2,1,373830,2568275
tri-56-d4-3,1,1818211,2711611
wp-34-d1-4,1,74974,3841446
wp-34-d1-5,1,159136,3759298
wp-34-d3-3,1,204113,3954745
wp-56-d2-1,1,1375418,5857307
wp-56-d2-2,1,13707673,4312042
wp-56-d2-3,1,257446,3515479
wp-56-d3-1,1,265451,3405426
wp-56-d3-2,1,12290434,2766627
wp-56-d3-3,1,135301,3310103
wp-56-d4-1,1,6067833,2793038
wp-56-d4-2,1,501676,2994486
wp-56-d4-3,1,3161167,3061845
cal-12-d1-1,2,135190,1857226
cal-12-d1-2,2,81758,2006553
cal-12-d1-3,2,139118,1833690
cal-12-d1-4,2,59705,1809093
cal-12-d1-5,2,50448,2898501
cal-12-d2-1,2,143357,1889768
cal-12-d2-2,2,81116,2151532
cal-12-d2-4,2,110503,1919516
cal-12-d2-5,2,71999,2149138
cal-12-d3-2,2,119690,1852537
cal-12-d3-3,2,161902,3532662
cal-12-d3-5,2,341638,4263109
cal-12-d4-2,2,322120,3995303
cal-12-d4-3,2,426802,4313165
cal-12-d4-4,2,267364,4046671
cal-12-d4-5,2,210886,4221378
cal-12-d5-1,2,249371,1990041
cal-12-d5-2,2,98429,1957239
cal-12-d5-4,2,78932,2150882
cal-12-d5-5,2,175138,1918183
cal-34-d1-1,2,86727,5524527
cal-34-d1-2,2,285911,6649112
cal-34-d1-3,2,163645,3796841
cal-34-d1-4,2,126293,5507995
cal-34-d1-5,2,111024,3663294
cal-34-d2-1,2,151422,3539124
cal-34-d2-2,2,87759,3105470
cal-34-d2-3,2,77329,3564724
cal-34-d2-4,2,114450,5017971
cal-34-d2-5,2,578183,6731722
cal-34-d3-1,2,210305,3248956
cal-34-d3-2,2,114972,3921049
cal-34-d3-3,2,2064826,3664195
cal-34-d3-4,2,127866,5116292
cal-34-d3-5,2,380323,7029244
cal-34-d4-1,2,446349,6784834
cal-34-d4-2,2,263417,4489454
cal-34-d4-3,2,2512087,3660157
cal-34-d4-4,2,147193,3647994
cal-34-d4-5,2,179856,3656451
cal-34-d5-1,2,256834,3169693
cal-34-d5-2,2,120512,3617065
cal-34-d5-3,2,155630,3527923
cal-34-d5-4,2,154217,3933824
cal-34-d5-5,2,1044552,6948338
cal-56-d2-1,2,476638,3134375
cal-56-d2-2,2,144659,3075331
cal-56-d2-3,2,198102,2604455
cal-56-d3-1,2,6132858,2641406
cal-56-d3-2,2,128918,2864876
cal-56-d3-3,2,176570,2602361
cal-56-d4-1,2,563064,2980990
cal-56-d4-2,2,144207,4200898
cal-56-d4-3,2,1148762,5682441
clk-12-d1-1,2,293385,3712278
clk-12-d1-2,2,153695,1983689
clk-12-d1-3,2,112236,2377949
clk-12-d1-4,2,610335,2163425
clk-12-d1-5,2,136954,1877856
clk-12-d2-1,2,97978,2713835
clk-12-d2-2,2,211267,1896883
clk-12-d2-3,2,87378,2374833
clk-12-d2-5,2,143056,1845053
clk-12-d3-1,2,83160,2060197
clk-12-d3-2,2,134970,1912863
clk-12-d3-3,2,85043,1812099
clk-12-d3-4,2,61097,2120743
clk-12-d3-5,2,114250,1882054
clk-12-d4-1,2,85635,2519261
clk-12-d4-2,2,122667,1847597
clk-12-d4-4,2,120823,2159739
clk-12-d4-5,2,147113,1848580
clk-12-d5-2,2,110142,1898365
clk-12-d5-3,2,143887,2643800
clk-12-d5-4,2,155269,1852227
clk-12-d5-5,2,90644,2760785
clk-34-d1-1,2,153636,3133493
clk-34-d1-2,2,167943,3433871
clk-34-d1-3,2,89172,3441145
clk-34-d1-4,2,265361,3455985
clk-34-d1-5,2,221967,3149354
clk-34-d2-1,2,146552,3385689
clk-34-d2-2,2,143377,3859751
clk-34-d2-3,2,146332,4277025
clk-34-d2-4,2,166590,3118113
clk-34-d2-5,2,177111,3383144
clk-34-d3-2,2,138556,3518364
clk-34-d3-3,2,129720,3627164
clk-34-d3-4,2,144127,3242003
clk-34-d3-5,2,138797,7235301
clk-34-d4-1,2,653017,7781473
clk-34-d4-2,2,448824,6177254
clk-34-d4-3,2,136423,3469831
clk-34-d4-4,2,351557,3344480
clk-34-d5-1,2,103499,3885411
clk-34-d5-3,2,195597,5243106
clk-34-d5-5,2,417885,7731085
clk-56-d2-1,2,542234,5951980
clk-56-d2-2,2,299617,6553950
clk-56-d2-3,2,362618,6399913
clk-56-d3-1,2,393157,2936945
clk-56-d3-2,2,149728,3941960
clk-56-d3-3,2,210716,2672406
clk-56-d4-1,2,414218,3307799
clk-56-d4-2,2,294808,3080030
clk-56-d4-3,2,193763,2687094
div-56-d2-1,2,85305,2940922
div-56-d2-2,2,189074,2825099
div-56-d2-3,2,102096,2686693
div-56-d3-1,2,324705,3611113
div-56-d3-2,2,192692,2991109
div-56-d3-3,2,132656,2638200
div-56-d4-1,2,195627,2882270
div-56-d4-2,2,317772,2642318
div-56-d4-3,2,165248,3055494
enum-12-d1-1,2,101556,2323714
enum-12-d1-4,2,217298,1923925
enum-12-d2-4,2,63422,1880341
enum-12-d2-5,2,100614,2521204
enum-12-d3-1,2,105353,2667796
enum-12-d3-3,2,90254,2143597
enum-12-d3-4,2,168445,1896742
enum-12-d4-2,2,69193,1871202
enum-12-d4-4,2,291912,2029478
enum-12-d4-5,2,79403,1885410
enum-12-d5-2,2,107457,2426262
enum-12-d5-3,2,113970,1903675
enum-12-d5-4,2,78531,2265943
enum-34-d1-1,2,89472,3096462
enum-34-d1-2,2,58853,3502324
enum-34-d1-4,2,104091,5671981
enum-34-d2-1,2,317441,7064011
enum-34-d2-3,2,155700,3411990
enum-34-d2-4,2,69384,3746163
enum-34-d2-5,2,110002,3740112
enum-34-d3-2,2,87118,3400287
enum-34-d3-3,2,134239,3288351
enum-34-d3-4,2,295369,3397642
enum-34-d3-5,2,116344,3645950
enum-34-d4-1,2,138667,3325423
enum-34-d4-3,2,145410,3134074
enum-34-d4-4,2,85304,3791600
enum-34-d4-5,2,113248,3752375
enum-34-d5-1,2,305939,3364318
enum-34-d5-2,2,338131,3341323
enum-34-d5-4,2,101986,3876504
enum-56-d2-1,2,104992,3166377
enum-56-d2-2,2,126444,2701351
enum-56-d2-3,2,134779,3067857
enum-56-d3-1,2,153556,3178700
enum-56-d3-2,2,518398,2980499
enum-56-d3-3,2,301801,3679053
enum-56-d4-1,2,3301467,2719005
enum-56-d4-2,2,372537,5905891
enum-56-d4-3,2,390312,5692871
frac-56-d2-1,2,261694,2660693
frac-56-d2-2,2,212059,3117993
frac-56-d2-3,2,129279,3463919
frac-56-d3-1,2,308915,2699197
frac-56-d3-2,2,311921,3740572
frac-56-d3-3,2,223841,2819509
frac-56-d4-1,2,545550,2684749
frac-56-d4-2,2,96456,3014334
frac-56-d4-3,2,483631,2638420
game-56-d2-1,2,144448,3094458
game-56-d2-2,2,175748,4221208
game-56-d2-3,2,494231,5848420
game-56-d3-1,2,260591,3902995
game-56-d3-2,2,410320,4056441
game-56-d3-3,2,468743,5896343
game-56-d4-1,2,284267,6356790
game-56-d4-2,2,714857,6233913
game-56-d4-3,2,337360,5940718
gaps-12-d1-1,2,186389,4105355
gaps-12-d1-2,2,191750,1982958
gaps-12-d1-3,2,140600,1904688
gaps-12-d1-4,2,64815,2523890
gaps-12-d1-5,2,113739,1927701
gaps-12-d2-1,2,80605,3476935
gaps-12-d2-3,2,301451,4052934
gaps-12-d3-1,2,155449,4245595
gaps-12-d3-3,2,434406,3996645
gaps-12-d3-4,2,120492,2024869
gaps-12-d3-5,2,102998,2412596
gaps-12-d4-3,2,113158,1912422
gaps-12-d4-5,2,72840,2360375
gaps-12-d5-2,2,119520,1922712
gaps-12-d5-3,2,81197,1893115
gaps-12-d5-4,2,58503,4285471
gaps-12-d5-5,2,334965,4129220
gaps-34-d1-1,2,161822,7601225
gaps-34-d1-2,2,307893,5608900
gaps-34-d1-3,2,175878,3522403
gaps-34-d1-4,2,530381,3330803
gaps-34-d1-5,2,170037,4349655
gaps-34-d2-1,2,123137,4262397
gaps-34-d2-2,2,130220,4417717
gaps-34-d2-3,2,136142,3222134
gaps-34-d2-4,2,80505,3512153
gaps-34-d2-5,2,112026,3710244
gaps-34-d3-2,2,154848,4484154
gaps-34-d3-3,2,135070,3178079
gaps-34-d3-4,2,92248,6498954
gaps-34-d4-1,2,328483,5183260
gaps-34-d4-2,2,262936,5485222
gaps-34-d4-3,2,240383,7434565
gaps-34-d4-4,2,329013,3942150
gaps-34-d4-5,2,104001,4960391
gaps-34-d5-1,2,144599,3806579
gaps-34-d5-2,2,122025,3208056
gaps-34-d5-3,2,96756,3659186
gaps-34-d5-5,2,105172,3408853
gaps-56-d2-1,2,120612,2864495
gaps-56-d2-2,2,122506,2645043
gaps-56-d2-3,2,97938,3224148
gaps-56-d3-1,2,776305,2838145
gaps-56-d3-2,2,127916,2651806
gaps-56-d3-3,2,93730,3185794
gaps-56-d4-1,2,137735,2736078
gaps-56-d4-2,2,111795,3055744
gaps-56-d4-3,2,1216372,3177609
grid-56-d2-1,2,207790,2774472
grid-56-d2-2,2,116404,3118204
grid-56-d2-3,2,186409,2939960
grid-56-d3-1,2,192170,2696752
grid-56-d3-2,2,123267,2847553
grid-56-d3-3,2,160629,3013462
grid-56-d4-1,2,277143,2711571
grid-56-d4-2,2,517155,2932416
grid-56-d4-3,2,11559898,3322658
kl-34-d1-1,2,148055,5173471
kl-34-d5-2,2,11731458,3392933
kl-56-d2-1,2,288285,2951734
kl-56-d2-2,2,198643,2686242
kl-56-d2-3,2,112687,3142340
kl-56-d3-1,2,174637,2994946
kl-56-d3-2,2,1528964,2741900
kl-56-d3-3,2,173895,2951894
kl-56-d4-1,2,198612,3320043
kl-56-d4-2,2,182301,2670422
kl-56-d4-3,2,568405,3469520
ord-12-d1-1,2,136242,1831256
ord-12-d1-2,2,213071,2053464
ord-12-d1-3,2,152915,1858148
ord-12-d1-4,2,98960,2112488
ord-12-d1-5,2,157743,2125253
ord-12-d2-1,2,425629,2319786
ord-12-d2-2,2,317922,1853279
ord-12-d2-3,2,126073,2047452
ord-12-d2-4,2,159147,1835514
ord-12-d2-5,2,140901,1937040
ord-12-d3-2,2,279859,1828441
ord-12-d3-3,2,144889,2028025
ord-12-d3-4,2,231496,2089152
ord-12-d3-5,2,161781,1879319
ord-12-d4-1,2,348911,2114521
ord-12-d4-2,2,181629,1900830
ord-12-d4-4,2,136532,2568545
ord-12-d4-5,2,241946,1877725
ord-12-d5-2,2,133377,2071037
ord-12-d5-3,2,355524,1900679
ord-12-d5-4,2,147184,2016372
ord-12-d5-5,2,587812,1894768
ord-34-d1-1,2,490344,3440244
ord-34-d1-2,2,136422,4037904
ord-34-d1-3,2,327480,3490831
ord-34-d1-4,2,12208066,3372303
ord-34-d1-5,2,395451,3107373
ord-34-d2-1,2,202620,3459121
ord-34-d2-2,2,317051,3324080
ord-34-d2-3,2,176860,3368175
ord-34-d2-4,2,1245088,3212024
ord-34-d2-5,2,110974,3503526
ord-34-d3-1,2,1743728,3139605
ord-34-d3-2,2,152734,3446356
ord-34-d3-3,2,156331,3605602
ord-34-d3-4,2,361686,3496813
ord-34-d3-5,2,158835,3132813
ord-34-d4-1,2,974095,3321636
ord-34-d4-3,2,362367,3538362
ord-34-d4-4,2,158916,3411259
ord-34-d4-5,2,200336,3820596
ord-34-d5-1,2,1506601,3791811
ord-34-d5-2,2,358791,3359038
ord-34-d5-3,2,241355,3708150
ord-34-d5-5,2,370905,3287840
ord-56-d2-1,2,601759,3080251
ord-56-d2-2,2,202691,2992732
ord-56-d2-3,2,378418,2719526
ord-56-d3-1,2,1972448,2947476
ord-56-d3-2,2,612279,2658038
ord-56-d3-3,2,348471,3076343
ord-56-d4-1,2,17257879,4026303
ord-56-d4-2,2,485365,6472893
ord-56-d4-3,2,4217210,3024263
par-12-d1-1,2,234161,2707162
par-12-d1-3,2,144147,2086688
par-12-d1-4,2,216937,1991614
par-12-d1-5,2,114320,4622730
par-12-d2-3,2,362058,4110575
par-12-d2-5,2,169847,4459437
par-12-d3-1,2,181359,1967638
par-12-d3-2,2,95714,1961066
par-12-d3-4,2,323693,3571036
par-12-d4-2,2,107016,1918213
par-12-d4-4,2,365403,4158908
par-12-d4-5,2,1999520,4398530
par-12-d5-2,2,486847,4220837
par-34-d1-1,2,188152,6103992
par-34-d1-2,2,151552,3403313
par-34-d1-3,2,132495,3396510
par-34-d1-4,2,243979,3551419
par-34-d1-5,2,113338,3676508
par-34-d2-1,2,193512,3183650
par-34-d2-2,2,77920,6667077
par-34-d2-3,2,385732,7409787
par-34-d3-1,2,1732115,7406451
par-34-d3-2,2,380302,7626755
par-34-d3-3,2,732781,7104810
par-34-d3-4,2,984766,7579554
par-34-d3-5,2,306791,5975966
par-34-d4-1,2,350906,4643030
par-34-d4-3,2,149998,3327557
par-34-d4-4,2,92518,7553103
par-34-d4-5,2,2833956,6912690
par-34-d5-1,2,3730102,7226684
par-34-d5-2,2,442082,4308015
par-34-d5-4,2,2964948,3229990
par-34-d5-5,2,94262,6991962
par-56-d2-1,2,615335,4806074
par-56-d2-2,2,13276703,4196450
par-56-d2-3,2,5415066,2662767
par-56-d3-1,2,164577,3014795
par-56-d3-2,2,13268498,3576627
par-56-d3-3,2,2411283,3525007
par-56-d4-1,2,27928014,3111280
par-56-d4-2,2,1440634,2953938
par-56-d4-3,2,7417101,5850224
pct-56-d2-1,2,513639,5312909
pct-56-d2-2,2,314977,2710839
pct-56-d2-3,2,279678,2935873
pct-56-d3-1,2,241485,2658999
pct-56-d3-2,2,251604,2918059
pct-56-d3-3,2,239091,3022800
pct-56-d4-1,2,297302,2729386
pct-56-d4-2,2,135641,3651501
pct-56-d4-3,2,149258,2629052
pig-12-d1-2,2,106696,4332021
pig-12-d1-3,2,499231,3992687
pig-12-d2-3,2,148516,3788234
pig-12-d3-3,2,7750723,2249702
pig-12-d5-5,2,482910,2379161
pig-34-d1-1,2,184575,3519096
pig-34-d1-2,2,107126,3607246
pig-34-d1-5,2,336628,3524667
pig-34-d2-2,2,69413,3391270
pig-34-d2-3,2,372087,3575033
pig-34-d2-4,2,137815,3575365
pig-34-d2-5,2,96105,3177208
pig-34-d3-3,2,1781480,3163241
pig-34-d3-4,2,82499,3684725
pig-34-d4-2,2,37819429,3360220
pig-34-d4-3,2,487999,3400157
pig-34-d4-4,2,182050,5519838
pig-34-d4-5,2,483381,5390319
pig-34-d5-2,2,262626,4240455
pig-34-d5-4,2,18232185,3413071
pig-34-d5-5,2,34824502,5913926
pig-56-d2-1,2,435879,5915270
pig-56-d2-2,2,418476,3100209
pig-56-d2-3,2,889583,3165996
pig-56-d3-1,2,212018,4586201
pig-56-d3-2,2,297804,2772969
pig-56-d3-3,2,461679,3127793
pig-56-d4-1,2,168144,2896196
pig-56-d4-2,2,3916270,6351820
pig-56-d4-3,2,6033907,2959809
ratio-56-d2-1,2,283075,5057177
ratio-56-d2-2,2,437623,6020452
ratio-56-d2-3,2,858303,5723450
ratio-56-d3-1,2,492057,4829879
ratio-56-d3-2,2,476818,3041766
ratio-56-d3-3,2,341457,5554715
ratio-56-d4-1,2,888741,3852789
ratio-56-d4-2,2,430379,5851877
ratio-56-d4-3,2,524690,4560641
sets-56-d2-1,2,6748244,3288091
sets-56-d2-2,2,4399611,6457554
sets-56-d2-3,2,13060136,4832925
sets-56-d3-1,2,6621910,4047534
sets-56-d3-2,2,20643849,5892085
sets-56-d3-3,2,27587508,2982734
sets-56-d4-1,2,55893931,3748447
sets-56-d4-2,2,5784077,2864525
sets-56-d4-3,2,9710016,2925082
tri-12-d1-2,2,289668,1979371
tri-12-d1-3,2,90564,2477109
tri-12-d1-5,2,137305,1907783
tri-12-d2-1,2,100593,2012044
tri-12-d2-2,2,278817,2449066
tri-12-d3-1,2,123097,1923133
tri-12-d3-3,2,90454,2336880
tri-12-d3-4,2,230204,1983158
tri-12-d3-5,2,91476,1828601
tri-12-d4-1,2,206097,2533789
tri-12-d5-2,2,265020,1991475
tri-12-d5-3,2,111184,3270146
tri-12-d5-4,2,683186,4244933
tri-12-d5-5,2,229522,4565801
tri-34-d1-2,2,366786,3227875
tri-34-d1-3,2,61598,3679445
tri-34-d1-5,2,102186,4600688
tri-34-d2-1,2,263747,6485387
tri-34-d2-2,2,407434,7499710
tri-34-d2-4,2,226156,3793464
tri-34-d2-5,2,132495,3510790
tri-34-d3-1,2,281692,3352014
tri-34-d3-4,2,277444,3652152
tri-34-d4-1,2,118599,3435294
tri-34-d4-2,2,256965,3226963
tri-34-d4-3,2,58833,6794142
tri-34-d4-5,2,605415,5474591
tri-34-d5-1,2,130862,3801720
tri-34-d5-2,2,275069,3234938
tri-34-d5-3,2,165930,4860008
tri-34-d5-4,2,118819,3764058
tri-56-d2-1,2,110944,2616227
tri-56-d2-2,2,698716,2740136
tri-56-d2-3,2,96716,2939951
tri-56-d3-1,2,233349,2645403
tri-56-d3-2,2,3237734,4080156
tri-56-d3-3,2,199484,3883728
tri-56-d4-1,2,606969,5548884
tri-56-d4-2,2,804970,6111878
tri-56-d4-3,2,1750110,3232173
wp-34-d1-4,2,173033,3271098
wp-34-d1-5,2,127595,4259671
wp-34-d3-3,2,239491,3706306
wp-56-d2-1,2,543146,3000958
wp-56-d2-2,2,6726442,2780043
wp-56-d2-3,2,165208,2908881
wp-56-d3-1,2,214052,2846079
wp-56-d3-2,2,6333835,2704478
wp-56-d3-3,2,148617,3362704
wp-56-d4-1,2,5643847,2776005
wp-56-d4-2,2,489653,2705619
wp-56-d4-3,2,2937536,2969838
cal-12-d1-1,3,115582,1871594
cal-12-d1-2,3,60627,2461890
cal-12-d1-3,3,129108,1819393
cal-12-d1-4,3,56860,1792321
cal-12-d1-5,3,52701,2190949
cal-12-d2-1,3,106776,1852236
cal-12-d2-2,3,77009,2200186
cal-12-d2-4,3,127415,1964643
cal-12-d2-5,3,66819,1845433
cal-12-d3-2,3,78952,2195096
cal-12-d3-3,3,261704,1958942
cal-12-d3-5,3,97197,3148683
cal-12-d4-2,3,126463,1876874
cal-12-d4-3,3,201688,1854972
cal-12-d4-4,3,126474,2439317
cal-12-d4-5,3,140531,1909036
cal-12-d5-1,3,91456,3148052
cal-12-d5-2,3,388828,4046942
cal-12-d5-4,3,166922,4048204
cal-12-d5-5,3,253288,2760315
cal-34-d1-1,3,134289,3740201
cal-34-d1-2,3,145881,3215050
cal-34-d1-3,3,96526,6167054
cal-34-d1-4,3,280591,6568828
cal-34-d1-5,3,94903,3234779
cal-34-d2-1,3,119119,3575664
cal-34-d2-2,3,97347,3384427
cal-34-d2-3,3,103719,3328448
cal-34-d2-4,3,136433,3081613
cal-34-d2-5,3,184044,3862617
cal-34-d3-1,3,154037,3344539
cal-34-d3-2,3,127125,3368456
cal-34-d3-3,3,1980043,3113244
cal-34-d3-4,3,105152,3583911
cal-34-d3-5,3,144819,4388410
cal-34-d4-1,3,237427,4782008
cal-34-d4-2,3,421521,6812186
cal-34-d4-3,3,4965150,3343147
cal-34-d4-4,3,154627,7179594
cal-34-d4-5,3,535711,6123971
cal-34-d5-1,3,279839,3330352
cal-34-d5-2,3,434056,3317879
cal-34-d5-3,3,127596,5608388
cal-34-d5-4,3,445368,6792829
cal-34-d5-5,3,485204,3336695
cal-56-d2-1,3,390182,5993791
cal-56-d2-2,3,375333,6183406
cal-56-d2-3,3,454284,5700385
cal-56-d3-1,3,13246445,6368282
cal-56-d3-2,3,429397,4165962
cal-56-d3-3,3,271292,2944048
cal-56-d4-1,3,642437,5319272
cal-56-d4-2,3,366356,5560476
cal-56-d4-3,3,934920,6214436
clk-12-d1-1,3,360544,4250343
clk-12-d1-2,3,579536,4100917
clk-12-d1-3,3,258317,4063193
clk-12-d1-4,3,206828,3393635
clk-12-d1-5,3,226556,2024157
clk-12-d2-1,3,123739,2283837
clk-12-d2-2,3,216126,1935116
clk-12-d2-3,3,96596,1924155
clk-12-d2-5,3,103399,4078503
clk-12-d3-1,3,387887,4041923
clk-12-d3-2,3,157894,3417179
clk-12-d3-3,3,367036,4000983
clk-12-d3-4,3,159938,4165280
clk-12-d3-5,3,298886,2682916
clk-12-d4-1,3,151161,1913224
clk-12-d4-2,3,92739,2968536
clk-12-d4-4,3,202109,1941017
clk-12-d4-5,3,100193,2343712
clk-12-d5-2,3,190507,2010111
clk-12-d5-3,3,152614,1955725
clk-12-d5-4,3,103038,2307413
clk-12-d5-5,3,143356,1886011
clk-34-d1-1,3,81086,5112784
clk-34-d1-2,3,569317,7045916
clk-34-d1-3,3,98810,3168471
clk-34-d1-4,3,645553,3823652
clk-34-d1-5,3,256454,3534776
clk-34-d2-1,3,209784,3147411
clk-34-d2-2,3,228550,6755477
clk-34-d2-3,3,320688,4800684
clk-34-d2-4,3,190296,4869445
clk-34-d2-5,3,497317,4962736
clk-34-d3-2,3,751337,3882676
clk-34-d3-3,3,264309,3711797
clk-34-d3-4,3,275841,4956123
clk-34-d3-5,3,478701,6966744
clk-34-d4-1,3,453794,3329521
clk-34-d4-2,3,134990,3564543
clk-34-d4-3,3,159627,3562228
clk-34-d4-4,3,207850,3280186
clk-34-d5-1,3,101265,3763896
clk-34-d5-3,3,166821,4133840
clk-34-d5-5,3,148687,3564533
clk-56-d2-1,3,264689,2698366
clk-56-d2-2,3,164887,5485783
clk-56-d2-3,3,420389,6128029
clk-56-d3-1,3,363951,2834187
clk-56-d3-2,3,129920,5362526
clk-56-d3-3,3,437642,6080859
clk-56-d4-1,3,553015,2818817
clk-56-d4-2,3,249380,4681394
clk-56-d4-3,3,438073,3430846
div-56-d2-1,3,335806,2945160
div-56-d2-2,3,190396,4230907
div-56-d2-3,3,245443,5761173
div-56-d3-1,3,701491,3821578
div-56-d3-2,3,235824,3174272
div-56-d3-3,3,115863,2576140
div-56-d4-1,3,199574,3322137
div-56-d4-2,3,365153,2939100
div-56-d4-3,3,199835,2570800
enum-12-d1-1,3,65857,2218542
enum-12-d1-4,3,120112,1882003
enum-12-d2-4,3,59013,2415411
enum-12-d2-5,3,354502,1905418
enum-12-d3-1,3,60396,1942721
enum-12-d3-3,3,63001,2787327
enum-12-d3-4,3,111564,1893045
enum-12-d4-2,3,59785,2067501
enum-12-d4-4,3,244831,1919395
enum-12-d4-5,3,64003,1901171
enum-12-d5-2,3,74634,2368129
enum-12-d5-3,3,116434,1922973
enum-12-d5-4,3,81056,1923173
enum-34-d1-1,3,65726,3450764
enum-34-d1-2,3,121314,3409765
enum-34-d1-4,3,131363,3555766
enum-34-d2-1,3,87188,3268944
enum-34-d2-3,3,138987,3860192
enum-34-d2-4,3,91036,3745522
enum-34-d2-5,3,87579,3527492
enum-34-d3-2,3,119490,3126460
enum-34-d3-3,3,84753,3552781
enum-34-d3-4,3,329465,3366402
enum-34-d3-5,3,132035,3738468
enum-34-d4-1,3,124610,3067286
enum-34-d4-3,3,102006,3699654
enum-34-d4-4,3,109430,4267557
enum-34-d4-5,3,120302,3061434
enum-34-d5-1,3,540641,3218867
enum-34-d5-2,3,154287,3565014
enum-34-d5-4,3,131403,3398404
enum-56-d2-1,3,97558,2679329
enum-56-d2-2,3,67550,3196475
enum-56-d2-3,3,127365,3525237
enum-56-d3-1,3,296111,2721650
enum-56-d3-2,3,231015,3276198
enum-56-d3-3,3,331679,2707072
enum-56-d4-1,3,3669436,3569543
enum-56-d4-2,3,394399,3054150
enum-56-d4-3,3,110242,2654582
frac-56-d2-1,3,212689,2792787
frac-56-d2-2,3,227979,2604966
frac-56-d2-3,3,72770,3604500
frac-56-d3-1,3,321278,2936474
frac-56-d3-2,3,575758,2660673
frac-56-d3-3,3,176590,3052858
frac-56-d4-1,3,498179,2568846
frac-56-d4-2,3,96365,3034253
frac-56-d4-3,3,479133,2936604
game-56-d2-1,3,450648,2724936
game-56-d2-2,3,124770,3010477
game-56-d2-3,3,145741,2667055
game-56-d3-1,3,96306,2943547
game-56-d3-2,3,537244,3564473
game-56-d3-3,3,207059,2880015
game-56-d4-1,3,158405,3058528
game-56-d4-2,3,465666,3436136
game-56-d4-3,3,165478,2764122
gaps-12-d1-1,3,73902,2071689
gaps-12-d1-2,3,237457,1861043
gaps-12-d1-3,3,89773,1843489
gaps-12-d1-4,3,55547,2091216
gaps-12-d1-5,3,113007,1909216
gaps-12-d2-1,3,95474,2177383
gaps-12-d2-3,3,121033,1898044
gaps-12-d3-1,3,72209,2135842
gaps-12-d3-3,3,114501,1892915
gaps-12-d3-4,3,69734,1884048
gaps-12-d3-5,3,74824,2267296
gaps-12-d4-3,3,125381,1869700
gaps-12-d4-5,3,70436,2222529
gaps-12-d5-2,3,104922,1905699
gaps-12-d5-3,3,107377,1916590
gaps-12-d5-4,3,57530,3639057
gaps-12-d5-5,3,358911,2365615
gaps-34-d1-1,3,110383,5034754
gaps-34-d1-2,3,322611,6681315
gaps-34-d1-3,3,195767,4485957
gaps-34-d1-4,3,221306,3854191
gaps-34-d1-5,3,238870,4009169
gaps-34-d2-1,3,261343,3329591
gaps-34-d2-2,3,169025,3585634
gaps-34-d2-3,3,170910,3586886
gaps-34-d2-4,3,141903,3657924
gaps-34-d2-5,3,131002,3800889
gaps-34-d3-2,3,212148,4095656
gaps-34-d3-3,3,444115,3760400
gaps-34-d3-4,3,147965,5237214
gaps-34-d4-1,3,194695,3608788
gaps-34-d4-2,3,313744,3682090
gaps-34-d4-3,3,164086,3816488
gaps-34-d4-4,3,190988,3501402
gaps-34-d4-5,3,197700,5797623
gaps-34-d5-1,3,193413,5225341
gaps-34-d5-2,3,399709,7009146
gaps-34-d5-3,3,312161,7469682
gaps-34-d5-5,3,290279,7333841
gaps-56-d2-1,3,324996,6191652
gaps-56-d2-2,3,349233,5806330
gaps-56-d2-3,3,228510,6165341
gaps-56-d3-1,3,1740861,5065773
gaps-56-d3-2,3,360264,3218167
gaps-56-d3-3,3,207950,5036818
gaps-56-d4-1,3,344624,5852489
gaps-56-d4-2,3,247627,6555031
gaps-56-d4-3,3,2355766,5980134
grid-56-d2-1,3,441300,5855344
grid-56-d2-2,3,188874,6370907
grid-56-d2-3,3,385843,4410242
grid-56-d3-1,3,440528,5800238
grid-56-d3-2,3,284839,6166363
grid-56-d3-3,3,467390,3381922
grid-56-d4-1,3,422985,3464671
grid-56-d4-2,3,632187,3905731
grid-56-d4-3,3,11804198,3514396
kl-34-d1-1,3,382005,7221153
kl-34-d5-2,3,21572857,7147763
kl-56-d2-1,3,315708,2885546
kl-56-d2-2,3,167292,3570665
kl-56-d2-3,3,200566,2755055
kl-56-d3-1,3,508840,3446115
kl-56-d3-2,3,861709,3423963
kl-56-d3-3,3,256575,2797526
kl-56-d4-1,3,498340,6262468
kl-56-d4-2,3,630935,6558839
kl-56-d4-3,3,1430484,5986848
ord-12-d1-1,3,611457,4258790
ord-12-d1-2,3,363109,4089273
ord-12-d1-3,3,279699,3164563
ord-12-d1-4,3,258187,1915759
ord-12-d1-5,3,121234,2384421
ord-12-d2-1,3,204143,1950525
ord-12-d2-2,3,350285,2381906
ord-12-d2-3,3,521404,3977218
ord-12-d2-4,3,329524,4085928
ord-12-d2-5,3,324364,4665073
ord-12-d3-2,3,479262,3974542
ord-12-d3-3,3,362007,4657418
ord-12-d3-4,3,410010,4104292
ord-12-d3-5,3,280169,4414289
ord-12-d4-1,3,445277,2013577
ord-12-d4-2,3,145630,2558096
ord-12-d4-4,3,335245,2046691
ord-12-d4-5,3,254039,1903495
ord-12-d5-2,3,224082,4391736
ord-12-d5-3,3,864294,2859255
ord-12-d5-4,3,289768,2184686
ord-12-d5-5,3,271383,1967258
ord-34-d1-1,3,545801,3582148
ord-34-d1-2,3,170509,3651881
ord-34-d1-3,3,376906,3978280
ord-34-d1-4,3,15658279,3482295
ord-34-d1-5,3,235103,3683843
ord-34-d2-1,3,254931,5580885
ord-34-d2-2,3,855367,6294069
ord-34-d2-3,3,411522,6060489
ord-34-d2-4,3,452261,3720043
ord-34-d2-5,3,239431,5811429
ord-34-d3-1,3,2542455,6934592
ord-34-d3-2,3,450046,4502209
ord-34-d3-3,3,188904,3551528
ord-34-d3-4,3,403277,3603198
ord-34-d3-5,3,213571,3204139
ord-34-d4-1,3,730597,3256440
ord-34-d4-3,3,335767,3863359
ord-34-d4-4,3,157413,3514407
ord-34-d4-5,3,177732,3414795
ord-34-d5-1,3,2085827,3434623
ord-34-d5-2,3,387025,3774047
ord-34-d5-3,3,163415,3225861
ord-34-d5-5,3,1303240,3471344
ord-56-d2-1,3,342359,3449041
ord-56-d2-2,3,201718,3113014
ord-56-d2-3,3,369441,2670742
ord-56-d3-1,3,1909015,3589151
ord-56-d3-2,3,1497584,5962871
ord-56-d3-3,3,1536718,3009545
ord-56-d4-1,3,12711015,3679815
ord-56-d4-2,3,569356,5960276
ord-56-d4-3,3,3080231,2828887
par-12-d1-1,3,107768,2410511
par-12-d1-3,3,88240,1939264
par-12-d1-4,3,134479,2885677
par-12-d1-5,3,301490,4005893
par-12-d2-3,3,128408,1935166
par-12-d2-5,3,85454,2773691
par-12-d3-1,3,147554,1954052
par-12-d3-2,3,81366,2210507
par-12-d3-4,3,149819,1901561
par-12-d4-2,3,67921,1926580
par-12-d4-4,3,349192,2472630
par-12-d4-5,3,1019313,2660192
par-12-d5-2,3,242507,1995142
par-34-d1-1,3,89342,3562760
par-34-d1-2,3,123047,3128404
par-34-d1-3,3,99592,3629599
par-34-d1-4,3,259099,3966828
par-34-d1-5,3,121434,3497794
par-34-d2-1,3,173313,3361813
par-34-d2-2,3,91927,5953423
par-34-d2-3,3,440458,6119923
par-34-d3-1,3,875355,5308381
par-34-d3-2,3,435628,3515719
par-34-d3-3,3,140411,3917433
par-34-d3-4,3,526934,4045800
par-34-d3-5,3,157754,5192588
par-34-d4-1,3,534529,4656917
par-34-d4-3,3,318393,3878748
par-34-d4-4,3,189735,4253651
par-34-d4-5,3,1209138,3477295
par-34-d5-1,3,1489619,3819294
par-34-d5-2,3,207239,3820126
par-34-d5-4,3,1801869,3543132
par-34-d5-5,3,108388,3673402
par-56-d2-1,3,261203,2679770
par-56-d2-2,3,8928041,5877066
par-56-d2-3,3,7479331,5879901
par-56-d3-1,3,444496,3779136
par-56-d3-2,3,20367036,5203219
par-56-d3-3,3,2616408,3392713
par-56-d4-1,3,31946310,3377944
par-56-d4-2,3,1512121,3423572
par-56-d4-3,3,11553415,3621022
pct-56-d2-1,3,417443,5040936
pct-56-d2-2,3,316500,3508565
pct-56-d2-3,3,322100,2689419
pct-56-d3-1,3,215815,2860689
pct-56-d3-2,3,312222,3033280
pct-56-d3-3,3,246475,2625445
pct-56-d4-1,3,250251,3814053
pct-56-d4-2,3,181429,2776306
pct-56-d4-3,3,475766,5921893
pig-12-d1-2,3,295179,4532717
pig-12-d1-3,3,274298,2070086
pig-12-d2-3,3,84813,2058163
pig-12-d3-3,3,10199218,2004259
pig-12-d5-5,3,188734,1991534
pig-34-d1-1,3,147374,6817698
pig-34-d1-2,3,293385,6638712
pig-34-d1-5,3,125442,3243595
pig-34-d2-2,3,71718,7074090
pig-34-d2-3,3,916074,5110720
pig-34-d2-4,3,174746,5258465
pig-34-d2-5,3,259209,6984558
pig-34-d3-3,3,1833330,3703100
pig-34-d3-4,3,174185,3297569
pig-34-d4-2,3,42177721,3442538
pig-34-d4-3,3,493219,3905420
pig-34-d4-4,3,156561,4029879
pig-34-d4-5,3,201828,3246611
pig-34-d5-2,3,104441,3927903
pig-34-d5-4,3,25587137,7285457
pig-34-d5-5,3,44321328,3405156
pig-56-d2-1,3,243128,3279445
pig-56-d2-2,3,193693,3640339
pig-56-d2-3,3,1903255,3561447
pig-56-d3-1,3,197411,5890281
pig-56-d3-2,3,574156,6188345
pig-56-d3-3,3,1179671,3147922
pig-56-d4-1,3,220093,3147551
pig-56-d4-2,3,1907933,5641322
pig-56-d4-3,3,6406145,5721166
ratio-56-d2-1,3,305167,2718754
ratio-56-d2-2,3,125602,3328699
ratio-56-d2-3,3,251053,2674610
ratio-56-d3-1,3,219803,3450864
ratio-56-d3-2,3,255652,3153001
ratio-56-d3-3,3,346177,2804199
ratio-56-d4-1,3,397836,4428497
ratio-56-d4-2,3,190346,2756087
ratio-56-d4-3,3,262906,3268844
sets-56-d2-1,3,8280965,4007767
sets-56-d2-2,3,1732475,3092525
sets-56-d2-3,3,9434265,3176386
sets-56-d3-1,3,4139009,2816623
sets-56-d3-2,3,9955790,3035034
sets-56-d3-3,3,18767987,3680586
sets-56-d4-1,3,35370764,3600092
sets-56-d4-2,3,5182939,2746779
sets-56-d4-3,3,8406997,2642508
tri-12-d1-2,3,184996,2021322
tri-12-d1-3,3,55167,2503470
tri-12-d1-5,3,67450,1746122
tri-12-d2-1,3,50677,1762664
tri-12-d2-2,3,190567,2336740
tri-12-d3-1,3,104701,2191329
tri-12-d3-3,3,80505,2212680
tri-12-d3-4,3,200786,1834092
tri-12-d3-5,3,53784,1739489
tri-12-d4-1,3,193833,2314256
tri-12-d5-2,3,235954,1972688
tri-12-d5-3,3,104381,2353782
tri-12-d5-4,3,284868,2066509
tri-12-d5-5,3,112727,1767944
tri-34-d1-2,3,152924,7040115
tri-34-d1-3,3,261323,6133550
tri-34-d1-5,3,103139,3570415
tri-34-d2-1,3,119440,3094228
tri-34-d2-2,3,223771,3433651
tri-34-d2-4,3,103810,4312313
tri-34-d2-5,3,256144,6423949
tri-34-d3-1,3,578183,3852087
tri-34-d3-4,3,242237,3527281
tri-34-d4-1,3,72068,3377944
tri-34-d4-2,3,242627,3242433
tri-34-d4-3,3,59825,5582448
tri-34-d4-5,3,712783,6249143
tri-34-d5-1,3,123007,3085321
tri-34-d5-2,3,220354,4208313
tri-34-d5-3,3,186058,3473949
tri-34-d5-4,3,98260,3533132
tri-56-d2-1,3,143637,2558837
tri-56-d2-2,3,481437,3288422
tri-56-d2-3,3,91416,2717181
tri-56-d3-1,3,270641,2636486
tri-56-d3-2,3,3501793,2918429
tri-56-d3-3,3,169096,2584075
tri-56-d4-1,3,210926,3022390
tri-56-d4-2,3,412675,2586680
tri-56-d4-3,3,935532,2643229
wp-34-d1-4,3,68341,3507544
wp-34-d1-5,3,164226,3413052
wp-34-d3-3,3,224482,3262802
wp-56-d2-1,3,894643,2955530
wp-56-d2-2,3,6580530,2940592
wp-56-d2-3,3,141142,2680691
wp-56-d3-1,3,204984,3083707
wp-56-d3-2,3,6298697,2979668
wp-56-d3-3,3,154227,2711802
wp-56-d4-1,3,5549906,2899863
wp-56-d4-2,3,318954,3097464
wp-56-d4-3,3,2885416,2817205
cal-12-d1-1,4,108600,2213572
cal-12-d1-2,4,95855,1835645
cal-12-d1-3,4,105653,1783164
cal-12-d1-4,4,57270,2167434
cal-12-d1-5,4,64815,1798323
cal-12-d2-1,4,94412,2013758
cal-12-d2-2,4,205515,1850723
cal-12-d2-4,4,67641,1844201
cal-12-d2-5,4,59905,2144259
cal-12-d3-2,4,117436,1820816
cal-12-d3-3,4,157553,2191941
cal-12-d3-5,4,103810,1795467
cal-12-d4-2,4,76898,1807471
cal-12-d4-3,4,170408,2499252
cal-12-d4-4,4,128307,1845573
cal-12-d4-5,4,97838,2358832
cal-12-d5-1,4,144188,1806588
cal-12-d5-2,4,85244,2164227
cal-12-d5-4,4,648198,1921900
cal-12-d5-5,4,125862,1917492
cal-34-d1-1,4,86086,4080016
cal-34-d1-2,4,114600,3725764
cal-34-d1-3,4,109571,2993083
cal-34-d1-4,4,70426,3370339
cal-34-d1-5,4,83871,3870021
cal-34-d2-1,4,157323,3795678
cal-34-d2-2,4,423947,3076193
cal-34-d2-3,4,76457,3649637
cal-34-d2-4,4,111535,3514837
cal-34-d2-5,4,210626,3598649
cal-34-d3-1,4,305248,3184792
cal-34-d3-2,4,104762,6032175
cal-34-d3-3,4,4228180,5895451
cal-34-d3-4,4,127796,4939431
cal-34-d3-5,4,345926,6822907
cal-34-d4-1,4,307031,5632755
cal-34-d4-2,4,171982,4254842
cal-34-d4-3,4,2355405,5166618
cal-34-d4-4,4,392556,7287561
cal-34-d4-5,4,330526,3324421
cal-34-d5-1,4,201167,5069230
cal-34-d5-2,4,137294,5262333
cal-34-d5-3,4,456248,6691263
cal-34-d5-4,4,693977,3326585
cal-34-d5-5,4,426992,3476734
cal-56-d2-1,4,182382,3623366
cal-56-d2-2,4,203331,2631157
cal-56-d2-3,4,146121,3265799
cal-56-d3-1,4,8995691,4985349
cal-56-d3-2,4,156321,3527422
cal-56-d3-3,4,165959,3765441
cal-56-d4-1,4,652847,2732712
cal-56-d4-2,4,104662,3383515
cal-56-d4-3,4,441190,2589977
clk-12-d1-1,4,91546,2296572
clk-12-d1-2,4,129870,1876112
clk-12-d1-3,4,102657,2162353
clk-12-d1-4,4,112828,1845393
clk-12-d1-5,4,119941,1931639
clk-12-d2-1,4,237106,4625136
clk-12-d2-2,4,588133,4096037
clk-12-d2-3,4,190808,4876880
clk-12-d2-5,4,328071,4079085
clk-12-d3-1,4,187521,4012045
clk-12-d3-2,4,1025925,2413847
clk-12-d3-3,4,131373,1944664
clk-12-d3-4,4,70286,3156487
clk-12-d3-5,4,117757,1898114
clk-12-d4-1,4,85184,2995547
clk-12-d4-2,4,125652,1878728
clk-12-d4-4,4,119359,1851024
clk-12-d4-5,4,408035,2603142
clk-12-d5-2,4,134109,1936528
clk-12-d5-3,4,147764,2819769
clk-12-d5-4,4,142204,1901281
clk-12-d5-5,4,92438,2965049
clk-34-d1-1,4,113067,3104217
clk-34-d1-2,4,120251,3485271
clk-34-d1-3,4,83020,3633867
clk-34-d1-4,4,270210,4674120
clk-34-d1-5,4,981209,6623894
clk-34-d2-1,4,493871,5812000
clk-34-d2-2,4,176660,3467096
clk-34-d2-3,4,131212,3163581
clk-34-d2-4,4,215295,6661176
clk-34-d2-5,4,202129,3940648
clk-34-d3-2,4,146271,4286554
clk-34-d3-3,4,128838,3184372
clk-34-d3-4,4,88320,3941199
clk-34-d3-5,4,232237,3843390
clk-34-d4-1,4,172763,3803583
clk-34-d4-2,4,283175,3133794
clk-34-d4-3,4,89823,3779046
clk-34-d4-4,4,197200,3472726
clk-34-d5-1,4,126654,3171667
clk-34-d5-3,4,565268,3776541
clk-34-d5-5,4,168705,3930518
clk-56-d2-1,4,255992,3516881
clk-56-d2-2,4,177992,2717663
clk-56-d2-3,4,148366,5940247
clk-56-d3-1,4,359291,3516591
clk-56-d3-2,4,175418,2793419
clk-56-d3-3,4,143406,2909502
clk-56-d4-1,4,451309,3297359
clk-56-d4-2,4,284739,2811333
clk-56-d4-3,4,134840,2986580
div-56-d2-1,4,106655,2705298
div-56-d2-2,4,159066,2795002
div-56-d2-3,4,121675,3033771
div-56-d3-1,4,448934,2663539
div-56-d3-2,4,174025,2925112
div-56-d3-3,4,118428,2540782
div-56-d4-1,4,187701,3446246
div-56-d4-2,4,338502,3601685
div-56-d4-3,4,219633,2553627
enum-12-d1-1,4,92057,2302073
enum-12-d1-4,4,115383,1886031
enum-12-d2-4,4,85144,1871974
enum-12-d2-5,4,107076,2470587
enum-12-d3-1,4,112908,1861795
enum-12-d3-3,4,61679,2245534
enum-12-d3-4,4,115533,1908735
enum-12-d4-2,4,69654,1862607
enum-12-d4-4,4,103930,2790683
enum-12-d4-5,4,102397,1895220
enum-12-d5-2,4,80084,2301271
enum-12-d5-3,4,96205,1900329
enum-12-d5-4,4,78000,1880861
enum-34-d1-1,4,60928,3377533
enum-34-d1-2,4,86747,3415347
enum-34-d1-4,4,82168,3425756
enum-34-d2-1,4,87759,3187046
enum-34-d2-3,4,97127,3999801
enum-34-d2-4,4,123838,3605392
enum-34-d2-5,4,132525,5510069
enum-34-d3-2,4,366506,5203259
enum-34-d3-3,4,131714,5999001
enum-34-d3-4,4,781855,6633662
enum-34-d3-5,4,206988,4648430
enum-34-d4-1,4,137344,3714302
enum-34-d4-3,4,141703,3565976
enum-34-d4-4,4,130482,3164964
enum-34-d4-5,4,112487,3412891
enum-34-d5-1,4,332019,3891282
enum-34-d5-2,4,109952,3191014
enum-34-d5-4,4,80885,3726886
enum-56-d2-1,4,121153,3173390
enum-56-d2-2,4,120673,2674279
enum-56-d2-3,4,276974,4664491
enum-56-d3-1,4,148727,3137250
enum-56-d3-2,4,298846,2751378
enum-56-d3-3,4,287333,6017647
enum-56-d4-1,4,6430441,3409806
enum-56-d4-2,4,453864,2709347
enum-56-d4-3,4,105794,5705416
frac-56-d2-1,4,610245,6072542
frac-56-d2-2,4,576640,5684646
frac-56-d2-3,4,225865,4704067
frac-56-d3-1,4,398648,2719657
frac-56-d3-2,4,312582,5559284
frac-56-d3-3,4,463021,2910353
frac-56-d4-1,4,484303,2660102
frac-56-d4-2,4,95324,3507443
frac-56-d4-3,4,497538,3418322
game-56-d2-1,4,153726,2954539
game-56-d2-2,4,156561,3117804
game-56-d2-3,4,149849,2666193
game-56-d3-1,4,94983,3139215
game-56-d3-2,4,327962,2686222
game-56-d3-3,4,107117,3274595
game-56-d4-1,4,138487,3599330
game-56-d4-2,4,319094,2708586
game-56-d4-3,4,145270,2952906
gaps-12-d1-1,4,113820,1838029
gaps-12-d1-2,4,67270,2293015
gaps-12-d1-3,4,112336,1862065
gaps-12-d1-4,4,56369,1855873
gaps-12-d1-5,4,443454,2362348
gaps-12-d2-1,4,85464,2424088
gaps-12-d2-3,4,80295,2885716
gaps-12-d3-1,4,94301,1874800
gaps-12-d3-3,4,75175,2686022
gaps-12-d3-4,4,120642,1889418
gaps-12-d3-5,4,83160,1852878
gaps-12-d4-3,4,70225,2131714
gaps-12-d4-5,4,101326,1878266
gaps-12-d5-2,4,80124,2142705
gaps-12-d5-3,4,108469,1895349
gaps-12-d5-4,4,57440,1882605
gaps-12-d5-5,4,77460,2169717
gaps-34-d1-1,4,87989,3683523
gaps-34-d1-2,4,93200,3160585
gaps-34-d1-3,4,65235,3328880
gaps-34-d1-4,4,102417,3563050
gaps-34-d1-5,4,125261,3355190
gaps-34-d2-1,4,111013,3142771
gaps-34-d2-2,4,80786,3825926
gaps-34-d2-3,4,113769,3327376
gaps-34-d2-4,4,77809,3350791
gaps-34-d2-5,4,250924,3213487
gaps-34-d3-2,4,108589,4147395
gaps-34-d3-3,4,131954,3779858
gaps-34-d3-4,4,104050,3146829
gaps-34-d4-1,4,74574,3647082
gaps-34-d4-2,4,235443,3679665
gaps-34-d4-3,4,103780,3316085
gaps-34-d4-4,4,125933,3117262
gaps-34-d4-5,4,82178,3667160
gaps-34-d5-1,4,96075,3478107
gaps-34-d5-2,4,159227,3255218
gaps-34-d5-3,4,100704,4046451
gaps-34-d5-5,4,95664,3815076
gaps-56-d2-1,4,113028,2631447
gaps-56-d2-2,4,92448,3127933
gaps-56-d2-3,4,117887,2660443
gaps-56-d3-1,4,1334980,2653509
gaps-56-d3-2,4,116775,2947115
gaps-56-d3-3,4,153376,3226622
gaps-56-d4-1,4,99061,3118073
gaps-56-d4-2,4,154838,2849607
gaps-56-d4-3,4,1595502,2672356
grid-56-d2-1,4,156201,2973676
grid-56-d2-2,4,112116,3919386
grid-56-d2-3,4,238550,2768220
grid-56-d3-1,4,165920,3255659
grid-56-d3-2,4,199003,2690269
grid-56-d3-3,4,148305,2896628
grid-56-d4-1,4,282745,3389757
grid-56-d4-2,4,568365,2784782
grid-56-d4-3,4,11897067,2718945
kl-34-d1-1,4,114530,3668774
kl-34-d5-2,4,10238744,3446567
kl-56-d2-1,4,217068,3056065
kl-56-d2-2,4,169887,2824208
kl-56-d2-3,4,292313,2664942
kl-56-d3-1,4,141643,3113845
kl-56-d3-2,4,773238,2669269
kl-56-d3-3,4,163715,3456635
kl-56-d4-1,4,201568,3666149
kl-56-d4-2,4,210475,2875106
kl-56-d4-3,4,609223,3056275
ord-12-d1-1,4,193253,1904286
ord-12-d1-2,4,112727,2783700
ord-12-d1-3,4,172422,1909917
ord-12-d1-4,4,104652,1847688
ord-12-d1-5,4,102207,2234823
ord-12-d2-1,4,175298,1907332
ord-12-d2-2,4,285269,2490846
ord-12-d2-3,4,170438,1852537
ord-12-d2-4,4,124159,2226757
ord-12-d2-5,4,241996,1942250
ord-12-d3-2,4,135541,1865703
ord-12-d3-3,4,139128,2413878
ord-12-d3-4,4,182211,1897434
ord-12-d3-5,4,128297,2140872
ord-12-d4-1,4,372607,1909597
ord-12-d4-2,4,132966,2064896
ord-12-d4-4,4,200606,1932742
ord-12-d4-5,4,186529,1883026
ord-12-d5-2,4,420069,2025320
ord-12-d5-3,4,344684,1896151
ord-12-d5-4,4,146843,2099422
ord-12-d5-5,4,221697,1849121
ord-34-d1-1,4,484333,3427229
ord-34-d1-2,4,142354,3438731
ord-34-d1-3,4,332561,4724526
ord-34-d1-4,4,18291740,3336825
ord-34-d1-5,4,204604,4116065
ord-34-d2-1,4,297473,3717808
ord-34-d2-2,4,627979,3233676
ord-34-d2-3,4,161882,3924666
ord-34-d2-4,4,376394,3591576
ord-34-d2-5,4,143927,3913044
ord-34-d3-1,4,1898926,3555787
ord-34-d3-2,4,203562,3700936
ord-34-d3-3,4,172562,4919974
ord-34-d3-4,4,921264,7459232
ord-34-d3-5,4,324766,3303020
ord-34-d4-1,4,349663,7154376
ord-34-d4-3,4,905693,5289154
ord-34-d4-4,4,191349,4483513
ord-34-d4-5,4,484082,7018063
ord-34-d5-1,4,2878062,3768646
ord-34-d5-2,4,476708,3318470
ord-34-d5-3,4,178845,3854441
ord-34-d5-5,4,373930,5947371
ord-56-d2-1,4,897238,3506491
ord-56-d2-2,4,286141,3236061
ord-56-d2-3,4,412203,3244257
ord-56-d3-1,4,1672750,5984744
ord-56-d3-2,4,1343126,5581026
ord-56-d3-3,4,561441,2835719
ord-56-d4-1,4,16871465,5163872
ord-56-d4-2,4,561441,5814906
ord-56-d4-3,4,4227971,6210589
par-12-d1-1,4,246515,3941840
par-12-d1-3,4,132986,4099002
par-12-d1-4,4,476998,2241586
par-12-d1-5,4,167973,1959744
par-12-d2-3,4,95023,3581576
par-12-d2-5,4,309886,4115724
par-12-d3-1,4,180227,4609095
par-12-d3-2,4,275170,4059506
par-12-d3-4,4,197601,4029458
par-12-d4-2,4,135300,4472141
par-12-d4-4,4,858042,4207872
par-12-d4-5,4,2483993,4366477
par-12-d5-2,4,466087,2375864
par-34-d1-1,4,174105,6745287
par-34-d1-2,4,239952,6155722
par-34-d1-3,4,142524,3918195
par-34-d1-4,4,384600,6926026
par-34-d1-5,4,254811,7439685
par-34-d2-1,4,399389,7132183
par-34-d2-2,4,248318,3452618
par-34-d2-3,4,134970,4467211
par-34-d3-1,4,855538,3628927
par-34-d3-2,4,151763,3798193
par-34-d3-3,4,142314,3294924
par-34-d3-4,4,901535,3217826
par-34-d3-5,4,135430,3680476
par-34-d4-1,4,199344,4630415
par-34-d4-3,4,394821,7030176
par-34-d4-4,4,198653,4089504
par-34-d4-5,4,1206883,6956233
par-34-d5-1,4,3630310,3362665
par-34-d5-2,4,149658,5882707
par-34-d5-4,4,3706867,5413884
par-34-d5-5,4,118658,4571332
par-56-d2-1,4,557534,5711347
par-56-d2-2,4,9936332,2889814
par-56-d2-3,4,8968899,5729983
par-56-d3-1,4,378559,5304684
par-56-d3-2,4,13413918,2832714
par-56-d3-3,4,4745156,3116059
par-56-d4-1,4,33083009,3163261
par-56-d4-2,4,1878537,2793699
par-56-d4-3,4,8414161,3540067
pct-56-d2-1,4,166932,2616247
pct-56-d2-2,4,241405,2882289
pct-56-d2-3,4,312692,2696452
pct-56-d3-1,4,214814,3178761
pct-56-d3-2,4,307232,2938528
pct-56-d3-3,4,262816,2609154
pct-56-d4-1,4,248849,3152781
pct-56-d4-2,4,167693,2601369
pct-56-d4-3,4,88050,2903010
pig-12-d1-2,4,154518,2120473
pig-12-d1-3,4,149288,2469014
pig-12-d2-3,4,97007,1971606
pig-12-d3-3,4,5460834,2395122
pig-12-d5-5,4,180718,1943352
pig-34-d1-1,4,135090,3447428
pig-34-d1-2,4,113048,3416889
pig-34-d1-5,4,88751,3186666
pig-34-d2-2,4,67951,3350632
pig-34-d2-3,4,371486,3439873
pig-34-d2-4,4,153836,3434001
pig-34-d2-5,4,97929,3178981
pig-34-d3-3,4,1833310,3177669
pig-34-d3-4,4,98340,3464931
pig-34-d4-2,4,39833557,3316736
pig-34-d4-3,4,573053,3270016
pig-34-d4-4,4,80996,3535257
pig-34-d4-5,4,171290,3566597
pig-34-d5-2,4,100974,3946980
pig-34-d5-4,4,15069656,4050870
pig-34-d5-5,4,35769832,7074462
pig-56-d2-1,4,407485,5793415
pig-56-d2-2,4,256964,5673875
pig-56-d2-3,4,992160,3922723
pig-56-d3-1,4,202950,2797226
pig-56-d3-2,4,202440,2941443
pig-56-d3-3,4,503430,2691081
pig-56-d4-1,4,150149,3326695
pig-56-d4-2,4,1679164,3752615
pig-56-d4-3,4,2965289,2891617
ratio-56-d2-1,4,241325,2574658
ratio-56-d2-2,4,115392,2933899
ratio-56-d2-3,4,247727,2654290
ratio-56-d3-1,4,197310,2868613
ratio-56-d3-2,4,252416,3145276
ratio-56-d3-3,4,733793,2747780
ratio-56-d4-1,4,366616,2985659
ratio-56-d4-2,4,163986,2716781
ratio-56-d4-3,4,236064,2964358
sets-56-d2-1,4,6430371,2852703
sets-56-d2-2,4,2191509,2685251
sets-56-d2-3,4,9534989,3447217
sets-56-d3-1,4,3180974,2661374
sets-56-d3-2,4,10305683,2851531
sets-56-d3-3,4,18014175,3329822
sets-56-d4-1,4,32218484,2853474
sets-56-d4-2,4,7743459,5868750
sets-56-d4-3,4,10043528,2816633
tri-12-d1-2,4,232368,2009819
tri-12-d1-3,4,81878,2580910
tri-12-d1-5,4,93199,1785638
tri-12-d2-1,4,60075,1830865
tri-12-d2-2,4,196178,2887399
tri-12-d3-1,4,128227,1820034
tri-12-d3-3,4,62590,2541353
tri-12-d3-4,4,222458,1863758
tri-12-d3-5,4,64033,1770799
tri-12-d4-1,4,185247,2255392
tri-12-d5-2,4,260081,1926840
tri-12-d5-3,4,72550,2254080
tri-12-d5-4,4,267826,1927281
tri-12-d5-5,4,109792,1808021
tri-34-d1-2,4,159257,7027541
tri-34-d1-3,4,247857,6929051
tri-34-d1-5,4,180638,5547131
tri-34-d2-1,4,128036,3103967
tri-34-d2-2,4,175087,3804075
tri-34-d2-4,4,124590,3096772
tri-34-d2-5,4,420911,3179151
tri-34-d3-1,4,217519,3651460
tri-34-d3-4,4,235002,4715179
tri-34-d4-1,4,207449,6587013
tri-34-d4-2,4,881267,3522843
tri-34-d4-3,4,78070,5831509
tri-34-d4-5,4,488711,7379549
tri-34-d5-1,4,256033,6507600
tri-34-d5-2,4,469234,5657443
tri-34-d5-3,4,441410,6236498
tri-34-d5-4,4,290449,7203430
tri-56-d2-1,4,145801,2612280
tri-56-d2-2,4,433194,3168912
tri-56-d2-3,4,119150,2556673
tri-56-d3-1,4,156982,5997478
tri-56-d3-2,4,6144190,4706452
tri-56-d3-3,4,221376,4151053
tri-56-d4-1,4,336548,3266229
tri-56-d4-2,4,415540,2646235
tri-56-d4-3,4,730507,3206694
wp-34-d1-4,4,106555,3142070
wp-34-d1-5,4,107107,7843892
wp-34-d3-3,4,546603,5716246
wp-56-d2-1,4,609473,3520288
wp-56-d2-2,4,8952688,5916271
wp-56-d2-3,4,356937,4240034
wp-56-d3-1,4,252927,3461705
wp-56-d3-2,4,8979891,6313736
wp-56-d3-3,4,403767,5936810
wp-56-d4-1,4,8807699,3790959
wp-56-d4-2,4,640032,2812766
wp-56-d4-3,4,3598619,3675617
cal-12-d1-1,5,148876,1962809
cal-12-d1-2,5,71368,1892694
cal-12-d1-3,5,90765,4106998
cal-12-d1-4,5,271933,3893256
cal-12-d1-5,5,113067,4449748
cal-12-d2-1,5,288275,2321881
cal-12-d2-2,5,82068,1859310
cal-12-d2-4,5,65556,2693335
cal-12-d2-5,5,108459,1891452
cal-12-d3-2,5,126784,2909011
cal-12-d3-3,5,537695,4026582
cal-12-d3-5,5,187571,3881534
cal-12-d4-2,5,163995,4324236
cal-12-d4-3,5,422885,4000843
cal-12-d4-4,5,183163,4645565
cal-12-d4-5,5,313253,4192382
cal-12-d5-1,5,212259,2197541
cal-12-d5-2,5,155980,4348372
cal-12-d5-4,5,329073,4175008
cal-12-d5-5,5,284217,4144900
cal-34-d1-1,5,844576,5599071
cal-34-d1-2,5,115632,3905720
cal-34-d1-3,5,143937,3512663
cal-34-d1-4,5,280630,3094068
cal-34-d1-5,5,57631,4209906
cal-34-d2-1,5,338702,4268859
cal-34-d2-2,5,93530,3066454
cal-34-d2-3,5,96185,3521812
cal-34-d2-4,5,106124,6804933
cal-34-d2-5,5,720717,7676430
cal-34-d3-1,5,185908,3290806
cal-34-d3-2,5,93951,4218252
cal-34-d3-3,5,1929375,3550707
cal-34-d3-4,5,95775,3510098
cal-34-d3-5,5,126724,3185443
cal-34-d4-1,5,378489,3086333
cal-34-d4-2,5,111776,3377663
cal-34-d4-3,5,2338612,3994431
cal-34-d4-4,5,117115,3404035
cal-34-d4-5,5,146302,3172679
cal-34-d5-1,5,225654,3303561
cal-34-d5-2,5,102147,3690576
cal-34-d5-3,5,143537,3858269
cal-34-d5-4,5,431270,3172698
cal-34-d5-5,5,400962,3281589
cal-56-d2-1,5,179476,2932606
cal-56-d2-2,5,167743,2610767
cal-56-d2-3,5,143647,3250649
cal-56-d3-1,5,6056531,2738623
cal-56-d3-2,5,526564,3079009
cal-56-d3-3,5,121704,3263704
cal-56-d4-1,5,618712,2622890
cal-56-d4-2,5,104812,2981982
cal-56-d4-3,5,447803,3242774
clk-12-d1-1,5,100824,2172644
clk-12-d1-2,5,115092,1892523
clk-12-d1-3,5,102898,2721480
clk-12-d1-4,5,112948,1889508
clk-12-d1-5,5,116584,1856354
clk-12-d2-1,5,91185,2072751
clk-12-d2-2,5,203532,1876212
clk-12-d2-3,5,85665,1828361
clk-12-d2-5,5,81096,2119782
clk-12-d3-1,5,119410,1872977
clk-12-d3-2,5,138888,2115543
clk-12-d3-3,5,124279,1816698
clk-12-d3-4,5,57501,1828401
clk-12-d3-5,5,78802,2451500
clk-12-d4-1,5,111986,1840804
clk-12-d4-2,5,78902,2234141
clk-12-d4-4,5,179616,1878327
clk-12-d4-5,5,89342,1841215
clk-12-d5-2,5,96986,2812997
clk-12-d5-3,5,200166,1953551
clk-12-d5-4,5,134018,2254972
clk-12-d5-5,5,144989,1986124
clk-34-d1-1,5,94132,3479730
clk-34-d1-2,5,160439,3069190
clk-34-d1-3,5,54465,3697339
clk-34-d1-4,5,248208,3301187
clk-34-d1-5,5,229983,3142561
clk-34-d2-1,5,287704,3379387
clk-34-d2-2,5,123107,3366141
clk-34-d2-3,5,143917,3066044
clk-34-d2-4,5,109130,3577248
clk-34-d2-5,5,187671,3394806
clk-34-d3-2,5,144729,3520408
clk-34-d3-3,5,137936,3181536
clk-34-d3-4,5,109901,3526150
clk-34-d3-5,5,190246,3455654
clk-34-d4-1,5,189855,3137872
clk-34-d4-2,5,113018,3451987
clk-34-d4-3,5,112106,4922097
clk-34-d4-4,5,537204,4564539
clk-34-d5-1,5,131774,3679605
clk-34-d5-3,5,175598,3458690
clk-34-d5-5,5,144248,3913726
clk-56-d2-1,5,244161,2689498
clk-56-d2-2,5,120933,3612015
clk-56-d2-3,5,151271,2623311
clk-56-d3-1,5,267404,3203267
clk-56-d3-2,5,143997,3036326
clk-56-d3-3,5,168415,2627319
clk-56-d4-1,5,395652,3711356
clk-56-d4-2,5,293285,2971151
clk-56-d4-3,5,174365,2659040
div-56-d2-1,5,76597,3096602
div-56-d2-2,5,211106,2559127
div-56-d2-3,5,93540,2893170
div-56-d3-1,5,333963,2846371
div-56-d3-2,5,177301,3184160
div-56-d3-3,5,296411,3387682
div-56-d4-1,5,314035,2714086
div-56-d4-2,5,301089,2878533
div-56-d4-3,5,191078,2867161
enum-12-d1-1,5,102367,1946699
enum-12-d1-4,5,70977,1877274
enum-12-d2-4,5,55788,2975279
enum-12-d2-5,5,141032,1876523
enum-12-d3-1,5,71537,2055899
enum-12-d3-3,5,77790,1892374
enum-12-d3-4,5,74864,1866835
enum-12-d4-2,5,56769,2133929
enum-12-d4-4,5,123608,1887644
enum-12-d4-5,5,58623,2508971
enum-12-d5-2,5,103158,1914837
enum-12-d5-3,5,62470,1878447
enum-12-d5-4,5,71898,2090815
enum-34-d1-1,5,86396,3078207
enum-34-d1-2,5,59254,3917443
enum-34-d1-4,5,73150,3541720
enum-34-d2-1,5,107406,3229869
enum-34-d2-3,5,112687,4109553
enum-34-d2-4,5,78822,3691528
enum-34-d2-5,5,87509,3122121
enum-34-d3-2,5,62090,4119302
enum-34-d3-3,5,101656,3319812
enum-34-d3-4,5,285490,3348167
enum-34-d3-5,5,233760,3180213
enum-34-d4-1,5,85635,4101387
enum-34-d4-3,5,141262,3663774
enum-34-d4-4,5,140200,3151648
enum-34-d4-5,5,92257,3571197
enum-34-d5-1,5,325477,3351092
enum-34-d5-2,5,98299,3140216
enum-34-d5-4,5,114190,3438260
enum-56-d2-1,5,101305,3679745
enum-56-d2-2,5,87198,2687034
enum-56-d2-3,5,82890,2958336
enum-56-d3-1,5,164236,2656866
enum-56-d3-2,5,515723,2975419
enum-56-d3-3,5,331689,3562139
enum-56-d4-1,5,2928148,2925814
enum-56-d4-2,5,371706,3108756
enum-56-d4-3,5,129039,2666674
frac-56-d2-1,5,212539,2866078
frac-56-d2-2,5,220835,2968416
frac-56-d2-3,5,105583,2641896
frac-56-d3-1,5,247145,2979857
frac-56-d3-2,5,328753,2652327
frac-56-d3-3,5,173574,2976060
frac-56-d4-1,5,441881,3247603
frac-56-d4-2,5,134519,2688015
frac-56-d4-3,5,440768,3136129
game-56-d2-1,5,182641,2641627
game-56-d2-2,5,120201,3121491
game-56-d2-3,5,152974,2631717
game-56-d3-1,5,561922,2825019
game-56-d3-2,5,329975,3004455
game-56-d3-3,5,133107,2684949
game-56-d4-1,5,110482,3624168
game-56-d4-2,5,296291,2834748
game-56-d4-3,5,555670,2786686
gaps-12-d1-1,5,106195,2269891
gaps-12-d1-2,5,118287,1848399
gaps-12-d1-3,5,84863,2495756
gaps-12-d1-4,5,63623,2106365
gaps-12-d1-5,5,90053,1851094
gaps-12-d2-1,5,67189,2186460
gaps-12-d2-3,5,194144,1926910
gaps-12-d3-1,5,90154,1885310
gaps-12-d3-3,5,75455,2090536
gaps-12-d3-4,5,101836,1901842
gaps-12-d3-5,5,81257,2760545
gaps-12-d4-3,5,98850,1850383
gaps-12-d4-5,5,82489,1875892
gaps-12-d5-2,5,56108,2082499
gaps-12-d5-3,5,92869,1877314
gaps-12-d5-4,5,58142,2107178
gaps-12-d5-5,5,232828,1949464
gaps-34-d1-1,5,83171,3413542
gaps-34-d1-2,5,101606,3747635
gaps-34-d1-3,5,63923,3623707
gaps-34-d1-4,5,106615,3438872
gaps-34-d1-5,5,134048,3317598
gaps-34-d2-1,5,142996,3361653
gaps-34-d2-2,5,123137,4667437
gaps-34-d2-3,5,108298,3476323
gaps-34-d2-4,5,87458,3140246
gaps-34-d2-5,5,256724,3171567
gaps-34-d3-2,5,119230,3785769
gaps-34-d3-3,5,110172,3132561
gaps-34-d3-4,5,61519,3409845
gaps-34-d4-1,5,117807,3665327
gaps-34-d4-2,5,211607,3360922
gaps-34-d4-3,5,101907,3520769
gaps-34-d4-4,5,258468,3696067
gaps-34-d4-5,5,151061,3949395
gaps-34-d5-1,5,151612,3279835
gaps-34-d5-2,5,115873,3593950
gaps-34-d5-3,5,121193,3705916
gaps-34-d5-5,5,111826,3141789
gaps-56-d2-1,5,103580,2836161
gaps-56-d2-2,5,117977,2664350
gaps-56-d2-3,5,297673,3447438
gaps-56-d3-1,5,759733,2902078
gaps-56-d3-2,5,165919,2685962
gaps-56-d3-3,5,98319,3515438
gaps-56-d4-1,5,121023,2685791
gaps-56-d4-2,5,108318,2966813
gaps-56-d4-3,5,1240258,3402482
grid-56-d2-1,5,231185,2886959
grid-56-d2-2,5,229652,2689077
grid-56-d2-3,5,154658,3485661
grid-56-d3-1,5,183493,2652968
grid-56-d3-2,5,121433,3172758
grid-56-d3-3,5,197931,3105129
grid-56-d4-1,5,826772,2744274
grid-56-d4-2,5,502117,2936564
grid-56-d4-3,5,15357931,4757431
kl-34-d1-1,5,270941,3433260
kl-34-d5-2,5,15567655,5831538
kl-56-d2-1,5,262546,2771466
kl-56-d2-2,5,145870,3233967
kl-56-d2-3,5,163374,3240861
kl-56-d3-1,5,232568,2812125
kl-56-d3-2,5,1423200,3101091
kl-56-d3-3,5,209363,3095921
kl-56-d4-1,5,213652,2756758
kl-56-d4-2,5,179386,3388784
kl-56-d4-3,5,629512,3140076
ord-12-d1-1,5,191379,1959993
ord-12-d1-2,5,118318,1912612
ord-12-d1-3,5,133437,4021393
ord-12-d1-4,5,422163,3962499
ord-12-d1-5,5,230494,4625856
ord-12-d2-1,5,530251,4924161
ord-12-d2-2,5,808216,4328224
ord-12-d2-3,5,919260,4045239
ord-12-d2-4,5,353521,4000132
ord-12-d2-5,5,312481,2971602
ord-12-d3-2,5,213682,2328894
ord-12-d3-3,5,471428,3066464
ord-12-d3-4,5,459705,4092219
ord-12-d3-5,5,285499,3948723
ord-12-d4-1,5,1549193,4261776
ord-12-d4-2,5,374521,4032394
ord-12-d4-4,5,347890,5648145
ord-12-d4-5,5,576189,4036051
ord-12-d5-2,5,310498,3858560
ord-12-d5-3,5,499341,2035489
ord-12-d5-4,5,253528,2241065
ord-12-d5-5,5,395842,1959633
ord-34-d1-1,5,524429,5265127
ord-34-d1-2,5,324544,6648621
ord-34-d1-3,5,1239446,3440324
ord-34-d1-4,5,19274101,6700451
ord-34-d1-5,5,672575,3416569
ord-34-d2-1,5,239431,6537127
ord-34-d2-2,5,786694,6603053
ord-34-d2-3,5,243789,3252031
ord-34-d2-4,5,1151587,3384346
ord-34-d2-5,5,137054,4087811
ord-34-d3-1,5,2598193,3265908
ord-34-d3-2,5,177692,4027755
ord-34-d3-3,5,164186,3962460
ord-34-d3-4,5,399259,3717828
ord-34-d3-5,5,193453,3204971
ord-34-d4-1,5,333763,3676919
ord-34-d4-3,5,357969,3640620
ord-34-d4-4,5,156862,4786907
ord-34-d4-5,5,314576,3237914
ord-34-d5-1,5,3838310,7415197
ord-34-d5-2,5,711580,3260237
ord-34-d5-3,5,138105,4591732
ord-34-d5-5,5,332110,3512673
ord-56-d2-1,5,337119,3102594
ord-56-d2-2,5,216627,2697033
ord-56-d2-3,5,334945,5684455
ord-56-d3-1,5,4046220,4097078
ord-56-d3-2,5,880776,3223597
ord-56-d3-3,5,422924,2737772
ord-56-d4-1,5,22501686,5662483
ord-56-d4-2,5,300218,4118329
ord-56-d4-3,5,3544124,6304119
par-12-d1-1,5,230904,3928724
par-12-d1-3,5,247727,3521460
par-12-d1-4,5,182461,1939395
par-12-d1-5,5,71968,2005181
par-12-d2-3,5,92708,2359854
par-12-d2-5,5,139458,1923484
par-12-d3-1,5,83962,3311005
par-12-d3-2,5,340686,4111967
par-12-d3-4,5,220244,3920439
par-12-d4-2,5,112266,2475967
par-12-d4-4,5,395782,1972608
par-12-d4-5,5,1608027,1901391
par-12-d5-2,5,181009,2176801
par-34-d1-1,5,90804,7214150
par-34-d1-2,5,323853,4871098
par-34-d1-3,5,125301,3780680
par-34-d1-4,5,696451,3186696
par-34-d1-5,5,68222,3595002
par-34-d2-1,5,151311,3421628
par-34-d2-2,5,115332,3084569
par-34-d2-3,5,120642,3513054
par-34-d3-1,5,779121,3340331
par-34-d3-2,5,138917,3743919
par-34-d3-3,5,134819,3285266
par-34-d3-4,5,1856033,3199440
par-34-d3-5,5,119130,3680186
par-34-d4-1,5,216657,4527117
par-34-d4-3,5,383499,6955332
par-34-d4-4,5,168194,4189757
par-34-d4-5,5,1919155,3428171
par-34-d5-1,5,2583705,6991501
par-34-d5-2,5,330566,7090943
par-34-d5-4,5,1908906,7020838
par-34-d5-5,5,226887,5902534
par-56-d2-1,5,316480,2736950
par-56-d2-2,5,7357326,2677996
par-56-d2-3,5,4804301,2702123
par-56-d3-1,5,170428,2876007
par-56-d3-2,5,12969171,2713103
par-56-d3-3,5,2984256,3074239
par-56-d4-1,5,26927267,2790213
par-56-d4-2,5,1783724,2661665
par-56-d4-3,5,8965794,2707553
pct-56-d2-1,5,122546,2984175
pct-56-d2-2,5,296651,2850148
pct-56-d2-3,5,263577,3384176
pct-56-d3-1,5,259139,3414424
pct-56-d3-2,5,258447,3043890
pct-56-d3-3,5,269018,2827444
pct-56-d4-1,5,298254,2582773
pct-56-d4-2,5,121934,3397262
pct-56-d4-3,5,111094,2570820
pig-12-d1-2,5,93911,2146563
pig-12-d1-3,5,188333,1876733
pig-12-d2-3,5,100734,2328063
pig-12-d3-3,5,4675863,1864330
pig-12-d5-5,5,124469,2417295
pig-34-d1-1,5,156221,3619820
pig-34-d1-2,5,96897,3120779
pig-34-d1-5,5,69804,3337747
pig-34-d2-2,5,95163,3346343
pig-34-d2-3,5,348962,4025481
pig-34-d2-4,5,240653,3170645
pig-34-d2-5,5,77449,3567189
pig-34-d3-3,5,1202795,3555606
pig-34-d3-4,5,88340,3441637
pig-34-d4-2,5,39427656,3290917
pig-34-d4-3,5,420740,3362705
pig-34-d4-4,5,89693,3240048
pig-34-d4-5,5,144358,3266219
pig-34-d5-2,5,101195,4005973
pig-34-d5-4,5,15119752,3253244
pig-34-d5-5,5,22964266,3374257
pig-56-d2-1,5,206057,3810076
pig-56-d2-2,5,158405,2680060
pig-56-d2-3,5,1121609,2726189
pig-56-d3-1,5,134920,3121400
pig-56-d3-2,5,243299,2699858
pig-56-d3-3,5,471909,3402090
pig-56-d4-1,5,168194,3110689
pig-56-d4-2,5,1588448,2889634
pig-56-d4-3,5,2905365,2645413
ratio-56-d2-1,5,198101,2794902
ratio-56-d2-2,5,143877,2860989
ratio-56-d2-3,5,253488,2596640
ratio-56-d3-1,5,179716,3333519
ratio-56-d3-2,5,217850,2651014
ratio-56-d3-3,5,251204,2867161
ratio-56-d4-1,5,370243,2608112
ratio-56-d4-2,5,114250,2949419
ratio-56-d4-3,5,289457,4105776
sets-56-d2-1,5,6208725,2614163
sets-56-d2-2,5,2873984,2685350
sets-56-d2-3,5,9608430,2683928
sets-56-d3-1,5,3212676,2700630
sets-56-d3-2,5,9209523,3306156
sets-56-d3-3,5,19294390,2974668
sets-56-d4-1,5,33802455,3036787
sets-56-d4-2,5,5654768,3644698
sets-56-d4-3,5,7943425,3069340
tri-12-d1-2,5,221016,2219023
tri-12-d1-3,5,66528,1802260
tri-12-d1-5,5,54304,2571471
tri-12-d2-1,5,68311,1808252
tri-12-d2-2,5,190287,1889588
tri-12-d3-1,5,58503,2297654
tri-12-d3-3,5,79242,2609865
tri-12-d3-4,5,166029,2286743
tri-12-d3-5,5,79343,1784877
tri-12-d4-1,5,197390,1896492
tri-12-d5-2,5,172853,2049065
tri-12-d5-3,5,113017,1802411
tri-12-d5-4,5,253618,2081027
tri-12-d5-5,5,319586,1842517
tri-34-d1-2,5,161922,4128218
tri-34-d1-3,5,90184,2998463
tri-34-d1-5,5,64605,3671429
tri-34-d2-1,5,107276,3201804
tri-34-d2-2,5,184986,3136439
tri-34-d2-4,5,84984,3183039
tri-34-d2-5,5,73932,3641211
tri-34-d3-1,5,245813,3190504
tri-34-d3-4,5,182201,3882495
tri-34-d4-1,5,73612,3461475
tri-34-d4-2,5,223180,3194050
tri-34-d4-3,5,57431,3174983
tri-34-d4-5,5,210235,3471895
tri-34-d5-1,5,102888,2983645
tri-34-d5-2,5,206698,3581376
tri-34-d5-3,5,166049,3642474
tri-34-d5-4,5,114420,3859461
tri-56-d2-1,5,85364,2788829
tri-56-d2-2,5,419578,2985048
tri-56-d2-3,5,91275,2536103
tri-56-d3-1,5,149447,3060263
tri-56-d3-2,5,2774452,2748753
tri-56-d3-3,5,147253,2820962
tri-56-d4-1,5,234512,2525863
tri-56-d4-2,5,342519,3319452
tri-56-d4-3,5,720648,2895755
wp-34-d1-4,5,92628,3171377
wp-34-d1-5,5,112216,3648976
wp-34-d3-3,5,195526,3457207
wp-56-d2-1,5,463653,2701351
wp-56-d2-2,5,6273810,3022990
wp-56-d2-3,5,154006,2864115
wp-56-d3-1,5,221747,2711932
wp-56-d3-2,5,5845495,3204480
wp-56-d3-3,5,160600,2873963
wp-56-d4-1,5,5264998,2907137
wp-56-d4-2,5,328472,3085140
wp-56-d4-3,5,2941663,2795723
cal-12-d1-1,6,104832,2141213
cal-12-d1-2,6,187531,1871233
cal-12-d1-3,6,118178,1821658
cal-12-d1-4,6,57731,2339555
cal-12-d1-5,6,70145,1835074
cal-12-d2-1,6,98299,1805136
cal-12-d2-2,6,75706,2425771
cal-12-d2-4,6,83140,1858759
cal-12-d2-5,6,61779,2034407
cal-12-d3-2,6,130040,1846425
cal-12-d3-3,6,160018,1856304
cal-12-d3-5,6,86447,2047142
cal-12-d4-2,6,100594,1848970
cal-12-d4-3,6,165860,2510293
cal-12-d4-4,6,134680,1944163
cal-12-d4-5,6,107547,1880831
cal-12-d5-1,6,87879,2053374
cal-12-d5-2,6,108258,1852987
cal-12-d5-4,6,73231,1862035
cal-12-d5-5,6,696010,1890500
cal-34-d1-1,6,89772,3388655
cal-34-d1-2,6,125762,3145246
cal-34-d1-3,6,93420,3409264
cal-34-d1-4,6,114821,3395388
cal-34-d1-5,6,69314,3070161
cal-34-d2-1,6,104311,3341835
cal-34-d2-2,6,87859,3550997
cal-34-d2-3,6,89091,3112724
cal-34-d2-4,6,80575,3661931
cal-34-d2-5,6,220684,4291032
cal-34-d3-1,6,165569,3159644
cal-34-d3-2,6,100603,3529777
cal-34-d3-3,6,1863719,3772113
cal-34-d3-4,6,229182,4264190
cal-34-d3-5,6,115402,3090060
cal-34-d4-1,6,118959,4189036
cal-34-d4-2,6,117325,3402811
cal-34-d4-3,6,2432394,3560135
cal-34-d4-4,6,140350,3116751
cal-34-d4-5,6,119941,3805097
cal-34-d5-1,6,229993,3838461
cal-34-d5-2,6,342049,3157760
cal-34-d5-3,6,114430,3645108
cal-34-d5-4,6,157764,4113771
cal-34-d5-5,6,405080,3087525
cal-56-d2-1,6,151081,3134315
cal-56-d2-2,6,138747,2602040
cal-56-d2-3,6,142284,3501061
cal-56-d3-1,6,10301766,5024023
cal-56-d3-2,6,210896,2891879
cal-56-d3-3,6,162813,3531400
cal-56-d4-1,6,624663,3041837
cal-56-d4-2,6,637016,2702303
cal-56-d4-3,6,438805,4371517
clk-12-d1-1,6,349423,4092500
clk-12-d1-2,6,192019,4074635
clk-12-d1-3,6,252015,3964964
clk-12-d1-4,6,181960,2008737
clk-12-d1-5,6,97287,2364563
clk-12-d2-1,6,143947,1953952
clk-12-d2-2,6,181790,1912673
clk-12-d2-3,6,90063,3568090
clk-12-d2-5,6,411983,4012275
clk-12-d3-1,6,178954,4068013
clk-12-d3-2,6,359081,2050028
clk-12-d3-3,6,106044,1840093
clk-12-d3-4,6,61028,2784512
clk-12-d3-5,6,113799,1909256
clk-12-d4-1,6,85935,1843059
clk-12-d4-2,6,80385,2159528
clk-12-d4-4,6,144278,1848800
clk-12-d4-5,6,81297,2571501
clk-12-d5-2,6,155840,2031251
clk-12-d5-3,6,184796,1887143
clk-12-d5-4,6,96936,2314306
clk-12-d5-5,6,138096,1911921
clk-34-d1-1,6,81927,3980995
clk-34-d1-2,6,173114,3173300
clk-34-d1-3,6,54074,7501404
clk-34-d1-4,6,650663,5953823
clk-34-d1-5,6,261243,4002737
clk-34-d2-1,6,183614,3224699
clk-34-d2-2,6,100884,3803434
clk-34-d2-3,6,130641,3849071
clk-34-d2-4,6,134499,3130097
clk-34-d2-5,6,133808,3962629
clk-34-d3-2,6,315177,3582108
clk-34-d3-3,6,113789,3112603
clk-34-d3-4,6,82789,3956538
clk-34-d3-5,6,172642,3502564
clk-34-d4-1,6,160188,3136790
clk-34-d4-2,6,112056,3564293
clk-34-d4-3,6,111104,3528945
clk-34-d4-4,6,199233,3202527
clk-34-d5-1,6,93430,3986185
clk-34-d5-3,6,164276,3423802
clk-34-d5-5,6,156722,3475081
clk-56-d2-1,6,248849,2679239
clk-56-d2-2,6,122856,3111100
clk-56-d2-3,6,155218,2636145
clk-56-d3-1,6,282323,2824248
clk-56-d3-2,6,134539,3007691
clk-56-d3-3,6,195686,2634592
clk-56-d4-1,6,1057075,3806339
clk-56-d4-2,6,404579,3185003
clk-56-d4-3,6,148997,3107804
div-56-d2-1,6,112226,2679679
div-56-d2-2,6,155860,2991770
div-56-d2-3,6,99521,2673638
div-56-d3-1,6,318884,2905184
div-56-d3-2,6,182852,3048279
div-56-d3-3,6,145370,2625025
div-56-d4-1,6,204404,2910624
div-56-d4-2,6,324905,2613242
div-56-d4-3,6,166280,3495531
enum-12-d1-1,6,94222,1942921
enum-12-d1-4,6,70536,2311881
enum-12-d2-4,6,88600,1899126
enum-12-d2-5,6,93690,1908384
enum-12-d3-1,6,61929,2085345
enum-12-d3-3,6,79123,1883276
enum-12-d3-4,6,73201,2144519
enum-12-d4-2,6,91406,1990753
enum-12-d4-4,6,99321,1875190
enum-12-d4-5,6,58703,2676593
enum-12-d5-2,6,111495,1944674
enum-12-d5-3,6,64243,1901671
enum-12-d5-4,6,74233,2293927
enum-34-d1-1,6,101686,3259406
enum-34-d1-2,6,232388,3318650
enum-34-d1-4,6,76698,3399596
enum-34-d2-1,6,103159,3609009
enum-34-d2-3,6,127756,3127211
enum-34-d2-4,6,61899,3406189
enum-34-d2-5,6,98560,3666640
enum-34-d3-2,6,81337,3142000
enum-34-d3-3,6,79022,4199326
enum-34-d3-4,6,294347,3334300
enum-34-d3-5,6,123668,3143462
enum-34-d4-1,6,86216,3234407
enum-34-d4-3,6,110513,3933153
enum-34-d4-4,6,97468,3541298
enum-34-d4-5,6,136874,3197687
enum-34-d5-1,6,281161,4159178
enum-34-d5-2,6,116134,3592588
enum-34-d5-4,6,103870,3165204
enum-56-d2-1,6,73832,2992852
enum-56-d2-2,6,87869,2970480
enum-56-d2-3,6,116985,2712303
enum-56-d3-1,6,120542,2855068
enum-56-d3-2,6,256694,2648280
enum-56-d3-3,6,286742,2947856
enum-56-d4-1,6,3646011,2625485
enum-56-d4-2,6,363369,2974668
enum-56-d4-3,6,116414,2988644
frac-56-d2-1,6,324264,2550942
frac-56-d2-2,6,213702,3200572
frac-56-d2-3,6,104110,2623091
frac-56-d3-1,6,247036,3053590
frac-56-d3-2,6,324274,2608302
frac-56-d3-3,6,173313,3077516
frac-56-d4-1,6,434126,2857052
frac-56-d4-2,6,116504,2621768
frac-56-d4-3,6,436490,3075793
game-56-d2-1,6,138016,2628711
game-56-d2-2,6,114250,3615392
game-56-d2-3,6,173675,2644111
game-56-d3-1,6,96807,2912077
game-56-d3-2,6,353651,2982192
game-56-d3-3,6,144278,2693616
game-56-d4-1,6,110412,3765851
game-56-d4-2,6,287313,2684589
game-56-d4-3,6,108429,2899543
gaps-12-d1-1,6,94572,1847277
gaps-12-d1-2,6,65205,2038355
gaps-12-d1-3,6,102307,1841806
gaps-12-d1-4,6,55918,2228250
gaps-12-d1-5,6,421402,2099763
gaps-12-d2-1,6,109180,1892434
gaps-12-d2-3,6,109060,2074545
gaps-12-d3-1,6,117046,1964613
gaps-12-d3-3,6,103780,1839472
gaps-12-d3-4,6,68993,2292144
gaps-12-d3-5,6,113940,1910308
gaps-12-d4-3,6,102477,1952620
gaps-12-d4-5,6,177001,2065517
gaps-12-d5-2,6,74914,1865873
gaps-12-d5-3,6,103820,2328063
gaps-12-d5-4,6,83240,1867535
gaps-12-d5-5,6,75625,1867756
gaps-34-d1-1,6,61398,3616433
gaps-34-d1-2,6,81246,3556438
gaps-34-d1-3,6,86337,3323148
gaps-34-d1-4,6,92077,3381451
gaps-34-d1-5,6,155740,3453590
gaps-34-d2-1,6,96526,3062387
gaps-34-d2-2,6,71328,3609089
gaps-34-d2-3,6,122847,3439563
gaps-34-d2-4,6,90915,3115700
gaps-34-d2-5,6,75325,3326745
gaps-34-d3-2,6,122065,3509477
gaps-34-d3-3,6,104151,3085000
gaps-34-d3-4,6,58573,3419153
gaps-34-d4-1,6,89492,3260598
gaps-34-d4-2,6,232738,3129486
gaps-34-d4-3,6,63282,3494819
gaps-34-d4-4,6,99702,3875131
gaps-34-d4-5,6,105504,3146749
gaps-34-d5-1,6,77609,4016995
gaps-34-d5-2,6,145350,4147937
gaps-34-d5-3,6,145670,3141429
gaps-34-d5-5,6,102167,4123549
gaps-56-d2-1,6,137726,3833020
gaps-56-d2-2,6,128638,2668438
gaps-56-d2-3,6,119630,3031547
gaps-56-d3-1,6,778960,2793138
gaps-56-d3-2,6,300088,2722282
gaps-56-d3-3,6,106004,3548221
gaps-56-d4-1,6,142655,2695831
gaps-56-d4-2,6,121835,2939259
gaps-56-d4-3,6,1094688,3497544
grid-56-d2-1,6,202780,2731128
grid-56-d2-2,6,84763,2863724
grid-56-d2-3,6,193733,2639573
grid-56-d3-1,6,862340,2820120
grid-56-d3-2,6,132986,3023813
grid-56-d3-3,6,186329,2749053
grid-56-d4-1,6,284758,3125147
grid-56-d4-2,6,531283,2707092
grid-56-d4-3,6,11181790,2702825
kl-34-d1-1,6,128077,3574081
kl-34-d5-2,6,10195761,3976597
kl-56-d2-1,6,175708,3042298
kl-56-d2-2,6,255723,3035555
kl-56-d2-3,6,156752,2696021
kl-56-d3-1,6,142674,3318510
kl-56-d3-2,6,794169,2720799
kl-56-d3-3,6,171861,3094448
kl-56-d4-1,6,226787,3142932
kl-56-d4-2,6,220014,2703305
kl-56-d4-3,6,546412,3512182
ord-12-d1-1,6,156351,1843400
ord-12-d1-2,6,100964,2193694
ord-12-d1-3,6,132314,1868689
ord-12-d1-4,6,94662,1817309
ord-12-d1-5,6,97368,2074064
ord-12-d2-1,6,151401,1876362
ord-12-d2-2,6,280299,2117357
ord-12-d2-3,6,202990,1876593
ord-12-d2-4,6,135181,1845623
ord-12-d2-5,6,130150,2407796
ord-12-d3-2,6,188122,2491788
ord-12-d3-3,6,244581,2320047
ord-12-d3-4,6,198151,1881183
ord-12-d3-5,6,129609,1831205
ord-12-d4-1,6,590567,2277796
ord-12-d4-2,6,152694,1825615
ord-12-d4-4,6,134719,2166812
ord-12-d4-5,6,290930,1854451
ord-12-d5-2,6,146753,2259441
ord-12-d5-3,6,384781,1946468
ord-12-d5-4,6,170739,1870191
ord-12-d5-5,6,424458,2205837
ord-34-d1-1,6,526113,3346122
ord-34-d1-2,6,129299,3051806
ord-34-d1-3,6,649962,3173340
ord-34-d1-4,6,12484038,3270848
ord-34-d1-5,6,203552,3818683
ord-34-d2-1,6,221196,3431127
ord-34-d2-2,6,318133,3360360
ord-34-d2-3,6,152764,3059921
ord-34-d2-4,6,400741,3678643
ord-34-d2-5,6,150009,3715264
ord-34-d3-1,6,1420014,3363056
ord-34-d3-2,6,170248,3339080
ord-34-d3-3,6,130762,3301306
ord-34-d3-4,6,666283,3154103
ord-34-d3-5,6,144258,3937482
ord-34-d4-1,6,359703,3642112
ord-34-d4-3,6,384150,3150546
ord-34-d4-4,6,344313,3376051
ord-34-d4-5,6,174827,4028948
ord-34-d5-1,6,1752434,3160295
ord-34-d5-2,6,353020,3517322
ord-34-d5-3,6,166921,3696047
ord-34-d5-5,6,335436,3335071
ord-56-d2-1,6,524721,2666895
ord-56-d2-2,6,151773,2826973
ord-56-d2-3,6,390482,3158963
ord-56-d3-1,6,1718539,2831202
ord-56-d3-2,6,570388,2960680
ord-56-d3-3,6,382697,2664039
ord-56-d4-1,6,12654205,2756878
ord-56-d4-2,6,212028,3015636
ord-56-d4-3,6,1909747,2792537
par-12-d1-1,6,102247,2255293
par-12-d1-3,6,94482,1853889
par-12-d1-4,6,130001,1839131
par-12-d1-5,6,63012,2282284
par-12-d2-3,6,101525,1930457
par-12-d2-5,6,87228,1896441
par-12-d3-1,6,80425,2247938
par-12-d3-2,6,125341,1872576
par-12-d3-4,6,93521,2264760
par-12-d4-2,6,113919,1839502
par-12-d4-4,6,319535,1896291
par-12-d4-5,6,1509507,1834913
par-12-d5-2,6,186840,1932310
par-34-d1-1,6,75255,3382082
par-34-d1-2,6,141042,3341574
par-34-d1-3,6,95594,3117232
par-34-d1-4,6,243769,3437179
par-34-d1-5,6,89703,3410537
par-34-d2-1,6,132705,3114267
par-34-d2-2,6,66288,3553912
par-34-d2-3,6,183604,3598949
par-34-d3-1,6,827503,3482495
par-34-d3-2,6,167863,3109437
par-34-d3-3,6,123758,3521140
par-34-d3-4,6,498059,5962580
par-34-d3-5,6,401563,6681063
par-34-d4-1,6,260662,3441968
par-34-d4-3,6,107607,7060535
par-34-d4-4,6,283226,6072793
par-34-d4-5,6,1212565,4723305
par-34-d5-1,6,1580934,4113841
par-34-d5-2,6,174135,3183559
par-34-d5-4,6,3684103,6954290
par-34-d5-5,6,193112,4026182
par-56-d2-1,6,288154,3005096
par-56-d2-2,6,6984238,2930092
par-56-d2-3,6,4361918,3036086
par-56-d3-1,6,174045,2653199
par-56-d3-2,6,12008331,3033801
par-56-d3-3,6,2686443,2674319
par-56-d4-1,6,26807636,2766747
par-56-d4-2,6,1650548,2706081
par-56-d4-3,6,8092632,2854556
pct-56-d2-1,6,149929,2886037
pct-56-d2-2,6,926544,2885085
pct-56-d2-3,6,325687,2986731
pct-56-d3-1,6,275320,2661224
pct-56-d3-2,6,281401,2990908
pct-56-d3-3,6,237637,2647868
pct-56-d4-1,6,245082,2888672
pct-56-d4-2,6,173755,2612189
pct-56-d4-3,6,113959,2821833
pig-12-d1-2,6,160599,2015771
pig-12-d1-3,6,449536,3058259
pig-12-d2-3,6,83992,1892624
pig-12-d3-3,6,5109448,2169959
pig-12-d5-5,6,135531,1886302
pig-34-d1-1,6,129209,3498116
pig-34-d1-2,6,79132,3341214
pig-34-d1-5,6,89643,3128804
pig-34-d2-2,6,86947,5698082
pig-34-d2-3,6,421792,3597457
pig-34-d2-4,6,157914,3194510
pig-34-d2-5,6,71508,3553862
pig-34-d3-3,6,1608096,3763918
pig-34-d3-4,6,79884,3549705
pig-34-d4-2,6,36666149,3311606
pig-34-d4-3,6,438895,3271619
pig-34-d4-4,6,75666,3414324
pig-34-d4-5,6,150730,3884029
pig-34-d5-2,6,131363,3257743
pig-34-d5-4,6,14689674,4323344
pig-34-d5-5,6,22790802,3358116
pig-56-d2-1,6,186168,2646877
pig-56-d2-2,6,113739,3301797
pig-56-d2-3,6,824237,3610091
pig-56-d3-1,6,195837,2711090
pig-56-d3-2,6,193633,3130107
pig-56-d3-3,6,462751,2636106
pig-56-d4-1,6,130341,3034533
pig-56-d4-2,6,1593649,3017009
pig-56-d4-3,6,2965370,2612721
ratio-56-d2-1,6,206418,2798448
ratio-56-d2-2,6,134849,2643159
ratio-56-d2-3,6,546853,2599986
ratio-56-d3-1,6,187000,3004044
ratio-56-d3-2,6,217629,2609134
ratio-56-d3-3,6,250633,3007441
ratio-56-d4-1,6,392956,2639663
ratio-56-d4-2,6,120382,3178840
ratio-56-d4-3,6,264028,2618532
sets-56-d2-1,6,6412277,2706882
sets-56-d2-2,6,1802039,3424874
sets-56-d2-3,6,8500427,3948322
sets-56-d3-1,6,3097975,2644131
sets-56-d3-2,6,11334814,2755876
sets-56-d3-3,6,23798633,2973406
sets-56-d4-1,6,34719380,2764623
sets-56-d4-2,6,4376888,3532672
sets-56-d4-3,6,7783316,3151238
tri-12-d1-2,6,212209,1896602
tri-12-d1-3,6,56178,1777563
tri-12-d1-5,6,54215,2718213
tri-12-d2-1,6,90164,1786500
tri-12-d2-2,6,193833,1860803
tri-12-d3-1,6,55868,2185147
tri-12-d3-3,6,71257,1798273
tri-12-d3-4,6,162573,2456079
tri-12-d3-5,6,94692,1789476
tri-12-d4-1,6,198803,1850813
tri-12-d5-2,6,178273,2362719
tri-12-d5-3,6,86095,1785628
tri-12-d5-4,6,222348,2205316
tri-12-d5-5,6,121995,1794365
tri-34-d1-2,6,151151,3557169
tri-34-d1-3,6,72700,3029854
tri-34-d1-5,6,53864,3569794
tri-34-d2-1,6,80605,3186245
tri-34-d2-2,6,193402,3139826
tri-34-d2-4,6,60216,3234858
tri-34-d2-5,6,74423,3319191
tri-34-d3-1,6,210244,3144354
tri-34-d3-4,6,176891,3417420
tri-34-d4-1,6,59555,3207225
tri-34-d4-2,6,198151,3390007
tri-34-d4-3,6,91927,3014565
tri-34-d4-5,6,213101,3436226
tri-34-d5-1,6,100774,3482234
tri-34-d5-2,6,261524,3142009
tri-34-d5-3,6,144458,3866334
tri-34-d5-4,6,128447,3518314
tri-56-d2-1,6,123036,2490565
tri-56-d2-2,6,446530,2848074
tri-56-d2-3,6,89543,2886698
tri-56-d3-1,6,255652,2632759
tri-56-d3-2,6,2994556,3171657
tri-56-d3-3,6,160118,2580909
tri-56-d4-1,6,196187,2775695
tri-56-d4-2,6,402305,2782818
tri-56-d4-3,6,692042,2943157
wp-34-d1-4,6,110683,4461701
wp-34-d1-5,6,154418,3162489
wp-34-d3-3,6,162583,3485902
wp-56-d2-1,6,486597,3452448
wp-56-d2-2,6,7255470,2716270
wp-56-d2-3,6,144448,3749991
wp-56-d3-1,6,243539,2701071
wp-56-d3-2,6,6729648,2690701
wp-56-d3-3,6,129769,3168200
wp-56-d4-1,6,5828543,2719015
wp-56-d4-2,6,322872,3151568
wp-56-d4-3,6,3454561,2734185
cal-12-d1-1,7,100093,2132125
cal-12-d1-2,7,96516,1806639
cal-12-d1-3,7,104421,2536444
cal-12-d1-4,7,82108,2160019
cal-12-d1-5,7,70796,1892294
cal-12-d2-1,7,118368,2131464
cal-12-d2-2,7,111445,1892664
cal-12-d2-4,7,63472,1874459
cal-12-d2-5,7,60868,2144379
cal-12-d3-2,7,100473,1833070
cal-12-d3-3,7,156602,1827038
cal-12-d3-5,7,239842,2150160
cal-12-d4-2,7,109762,1826857
cal-12-d4-3,7,171590,2604234
cal-12-d4-4,7,137214,1863218
cal-12-d4-5,7,101636,1870882
cal-12-d5-1,7,89062,2172102
cal-12-d5-2,7,125381,2598434
cal-12-d5-4,7,101966,1875301
cal-12-d5-5,7,430289,1968220
cal-34-d1-1,7,91546,3505911
cal-34-d1-2,7,101215,3030576
cal-34-d1-3,7,71508,3335081
cal-34-d1-4,7,119049,3313180
cal-34-d1-5,7,83882,3047107
cal-34-d2-1,7,108519,3733790
cal-34-d2-2,7,85294,3284775
cal-34-d2-3,7,89823,3108696
cal-34-d2-4,7,78922,3464701
cal-34-d2-5,7,215084,3557089
cal-34-d3-1,7,122265,3044502
cal-34-d3-2,7,82118,4000492
cal-34-d3-3,7,1885350,3764098
cal-34-d3-4,7,98950,3509297
cal-34-d3-5,7,144558,3211343
cal-34-d4-1,7,123067,3687189
cal-34-d4-2,7,153987,3505640
cal-34-d4-3,7,2291011,3118906
cal-34-d4-4,7,83200,3487285
cal-34-d4-5,7,148206,3399606
cal-34-d5-1,7,241104,3252642
cal-34-d5-2,7,217920,3135156
cal-34-d5-3,7,130391,3781752
cal-34-d5-4,7,159006,3130037
cal-34-d5-5,7,699267,3075031
cal-56-d2-1,7,157173,2940521
cal-56-d2-2,7,123998,2617350
cal-56-d2-3,7,135782,3460583
cal-56-d3-1,7,6927067,3120598
cal-56-d3-2,7,133127,2675041
cal-56-d3-3,7,138246,2928017
cal-56-d4-1,7,584816,2962013
cal-56-d4-2,7,128247,2577993
cal-56-d4-3,7,408586,3130729
clk-12-d1-1,7,120061,1887735
clk-12-d1-2,7,82419,2262817
clk-12-d1-3,7,136693,1866123
clk-12-d1-4,7,84363,1811869
clk-12-d1-5,7,82228,2808578
clk-12-d2-1,7,144388,1850783
clk-12-d2-2,7,175427,1923984
clk-12-d2-3,7,121905,2214443
clk-12-d2-5,7,132625,1847748
clk-12-d3-1,7,84653,2245473
clk-12-d3-2,7,157994,1973470
clk-12-d3-3,7,95234,1795557
clk-12-d3-4,7,54816,2392246
clk-12-d3-5,7,108890,1924525
clk-12-d4-1,7,88550,2666845
clk-12-d4-2,7,132445,1969843
clk-12-d4-4,7,132915,1897273
clk-12-d4-5,7,90615,2480175
clk-12-d5-2,7,126643,1991684
clk-12-d5-3,7,144809,2212249
clk-12-d5-4,7,111825,2279810
clk-12-d5-5,7,124770,1957129
clk-34-d1-1,7,83020,3482605
clk-34-d1-2,7,181590,3154824
clk-34-d1-3,7,57390,3293582
clk-34-d1-4,7,250903,4145752
clk-34-d1-5,7,242236,3158512
clk-34-d2-1,7,184806,3505169
clk-34-d2-2,7,153245,3779548
clk-34-d2-3,7,144048,3413352
clk-34-d2-4,7,142535,3759909
clk-34-d2-5,7,339644,3812782
clk-34-d3-2,7,135712,3736584
clk-34-d3-3,7,133818,3145115
clk-34-d3-4,7,88430,4173726
clk-34-d3-5,7,186730,3880431
clk-34-d4-1,7,162152,3177678
clk-34-d4-2,7,112797,3511111
clk-34-d4-3,7,115182,3510369
clk-34-d4-4,7,203652,3333528
clk-34-d5-1,7,123758,4084704
clk-34-d5-3,7,164186,3556889
clk-34-d5-5,7,129229,3485782
clk-56-d2-1,7,264429,2678859
clk-56-d2-2,7,114991,3210702
clk-56-d2-3,7,126383,2652478
clk-56-d3-1,7,265281,3270126
clk-56-d3-2,7,129730,2665813
clk-56-d3-3,7,130572,2905785
clk-56-d4-1,7,442773,2871649
clk-56-d4-2,7,595076,2728493
clk-56-d4-3,7,148626,3445735
div-56-d2-1,7,122365,2668548
div-56-d2-2,7,173424,2959709
div-56-d2-3,7,119490,2888993
div-56-d3-1,7,448814,2651476
div-56-d3-2,7,144538,2860779
div-56-d3-3,7,126714,2542897
div-56-d4-1,7,202229,3147410
div-56-d4-2,7,330306,2640214
div-56-d4-3,7,479343,2804310
enum-12-d1-1,7,106255,1971165
enum-12-d1-4,7,131253,2123017
enum-12-d2-4,7,90695,1901381
enum-12-d2-5,7,97107,2212110
enum-12-d3-1,7,105814,1906942
enum-12-d3-3,7,72600,1886282
enum-12-d3-4,7,75656,2149639
enum-12-d4-2,7,95774,1909918
enum-12-d4-4,7,114170,2101406
enum-12-d4-5,7,109341,1911791
enum-12-d5-2,7,81968,1887003
enum-12-d5-3,7,62370,2212580
enum-12-d5-4,7,101866,1887514
enum-34-d1-1,7,60246,3414925
enum-34-d1-2,7,108108,3401069
enum-34-d1-4,7,160208,3122873
enum-34-d2-1,7,63022,3486353
enum-34-d2-3,7,146452,3131029
enum-34-d2-4,7,78041,3713219
enum-34-d2-5,7,89542,4244313
enum-34-d3-2,7,145009,3525478
enum-34-d3-3,7,137484,3147711
enum-34-d3-4,7,274678,3485110
enum-34-d3-5,7,141692,3460523
enum-34-d4-1,7,129179,3074640
enum-34-d4-3,7,122977,3467446
enum-34-d4-4,7,133156,3401971
enum-34-d4-5,7,105954,3067416
enum-34-d5-1,7,275089,3458239
enum-34-d5-2,7,100504,3480852
enum-34-d5-4,7,129008,3181436
enum-56-d2-1,7,81397,3697309
enum-56-d2-2,7,100583,3024003
enum-56-d2-3,7,195366,2624864
enum-56-d3-1,7,124079,2963286
enum-56-d3-2,7,226436,2641286
enum-56-d3-3,7,601709,2737962
enum-56-d4-1,7,2990398,2661695
enum-56-d4-2,7,711310,2706962
enum-56-d4-3,7,125411,3146038
frac-56-d2-1,7,262105,2634473
frac-56-d2-2,7,199133,3335363
frac-56-d2-3,7,100764,2575409
frac-56-d3-1,7,243930,2915353
frac-56-d3-2,7,354933,2938278
frac-56-d3-3,7,324194,2569398
frac-56-d4-1,7,415440,3109688
frac-56-d4-2,7,149548,2648881
frac-56-d4-3,7,447672,3430546
game-56-d2-1,7,163475,2671724
game-56-d2-2,7,119741,2925272
game-56-d2-3,7,143767,3045714
game-56-d3-1,7,155379,2733373
game-56-d3-2,7,302964,3015546
game-56-d3-3,7,159196,2651706
game-56-d4-1,7,110393,2953407
game-56-d4-2,7,307402,3431938
game-56-d4-3,7,140029,2767068
gaps-12-d1-1,7,63813,1957580
gaps-12-d1-2,7,159236,1895500
gaps-12-d1-3,7,90374,1816728
gaps-12-d1-4,7,58302,2304848
gaps-12-d1-5,7,110954,1887765
gaps-12-d2-1,7,97268,1875902
gaps-12-d2-3,7,93921,2161191
gaps-12-d3-1,7,141242,1906881
gaps-12-d3-3,7,87408,2161372
gaps-12-d3-4,7,97809,1882254
gaps-12-d3-5,7,77028,1863688
gaps-12-d4-3,7,67300,2170860
gaps-12-d4-5,7,117386,1873557
gaps-12-d5-2,7,56339,2180528
gaps-12-d5-3,7,142304,1914687
gaps-12-d5-4,7,59023,2353732
gaps-12-d5-5,7,431501,1972197
gaps-34-d1-1,7,67390,3813502
gaps-34-d1-2,7,87358,3089529
gaps-34-d1-3,7,56839,3506803
gaps-34-d1-4,7,93480,3720584
gaps-34-d1-5,7,155961,3166817
gaps-34-d2-1,7,298044,3820486
gaps-34-d2-2,7,135281,3590403
gaps-34-d2-3,7,145871,3148332
gaps-34-d2-4,7,88200,3714141
gaps-34-d2-5,7,123257,3866975
gaps-34-d3-2,7,157724,3177328
gaps-34-d3-3,7,85745,3447037
gaps-34-d3-4,7,103278,3955475
gaps-34-d4-1,7,118759,3103385
gaps-34-d4-2,7,188563,3478728
gaps-34-d4-3,7,94612,3592767
gaps-34-d4-4,7,109781,3101702
gaps-34-d4-5,7,83120,3866595
gaps-34-d5-1,7,98700,3362995
gaps-34-d5-2,7,122817,3121530
gaps-34-d5-3,7,90314,3618487
gaps-34-d5-5,7,81467,4059696
gaps-56-d2-1,7,139519,3554664
gaps-56-d2-2,7,96335,2904032
gaps-56-d2-3,7,130351,2647518
gaps-56-d3-1,7,2180999,3010256
gaps-56-d3-2,7,135561,3056395
gaps-56-d3-3,7,308364,2656816
gaps-56-d4-1,7,90705,3190413
gaps-56-d4-2,7,138327,2699427
gaps-56-d4-3,7,1494647,2683296
grid-56-d2-1,7,171380,3253234
grid-56-d2-2,7,110242,2625466
grid-56-d2-3,7,150239,2957886
grid-56-d3-1,7,183022,2785643
grid-56-d3-2,7,308394,2694788
grid-56-d3-3,7,163084,3495260
grid-56-d4-1,7,290018,2683076
grid-56-d4-2,7,499652,2929831
grid-56-d4-3,7,11751086,3153081
kl-34-d1-1,7,144839,3173801
kl-34-d5-2,7,10445603,4225927
kl-56-d2-1,7,223731,3039062
kl-56-d2-2,7,204022,2677074
kl-56-d2-3,7,110593,2875676
kl-56-d3-1,7,165178,2643069
kl-56-d3-2,7,1028781,2776015
kl-56-d3-3,7,188713,3114056
kl-56-d4-1,7,200616,2677205
kl-56-d4-2,7,155460,3358717
kl-56-d4-3,7,593102,2926715
ord-12-d1-1,7,247206,1894998
ord-12-d1-2,7,139910,1831606
ord-12-d1-3,7,95835,2277986
ord-12-d1-4,7,158114,1833159
ord-12-d1-5,7,140130,1810827
ord-12-d2-1,7,122987,2275982
ord-12-d2-2,7,337589,1853749
ord-12-d2-3,7,127415,2020190
ord-12-d2-4,7,144889,1834091
ord-12-d2-5,7,133107,2629332
ord-12-d3-2,7,190006,1847277
ord-12-d3-3,7,136653,1880140
ord-12-d3-4,7,174626,2614144
ord-12-d3-5,7,163175,1847647
ord-12-d4-1,7,305498,2205667
ord-12-d4-2,7,197039,1859070
ord-12-d4-4,7,140941,2176160
ord-12-d4-5,7,269249,1865832
ord-12-d5-2,7,134008,1803011
ord-12-d5-3,7,429837,2149209
ord-12-d5-4,7,208091,1892153
ord-12-d5-5,7,234261,2704007
ord-34-d1-1,7,515863,3058278
ord-34-d1-2,7,507227,3164162
ord-34-d1-3,7,297572,3387652
ord-34-d1-4,7,12265005,3192337
ord-34-d1-5,7,197109,3929566
ord-34-d2-1,7,203081,3443300
ord-34-d2-2,7,354703,3124997
ord-34-d2-3,7,129900,3503556
ord-34-d2-4,7,339053,3428832
ord-34-d2-5,7,162242,3113284
ord-34-d3-1,7,1732556,3465863
ord-34-d3-2,7,213080,3175114
ord-34-d3-3,7,112777,3538123
ord-34-d3-4,7,362468,3383104
ord-34-d3-5,7,207490,3175464
ord-34-d4-1,7,354712,3605312
ord-34-d4-3,7,354703,3477456
ord-34-d4-4,7,156041,3125678
ord-34-d4-5,7,153355,3558722
ord-34-d5-1,7,2061088,3192356
ord-34-d5-2,7,608010,3460684
ord-34-d5-3,7,204293,4093762
ord-34-d5-5,7,339493,3601133
ord-56-d2-1,7,335065,2664921
ord-56-d2-2,7,149017,2884063
ord-56-d2-3,7,373690,3836387
ord-56-d3-1,7,1551458,3249086
ord-56-d3-2,7,574577,3112022
ord-56-d3-3,7,389500,2662747
ord-56-d4-1,7,11732039,3360140
ord-56-d4-2,7,228991,2662286
ord-56-d4-3,7,2273056,3419644
par-12-d1-1,7,234632,2042042
par-12-d1-3,7,122917,1958911
par-12-d1-4,7,175007,2436020
par-12-d1-5,7,144408,2000612
par-12-d2-3,7,95514,2284830
par-12-d2-5,7,141433,2006293
par-12-d3-1,7,101766,2201429
par-12-d3-2,7,139208,1987256
par-12-d3-4,7,101956,2103060
par-12-d4-2,7,246174,2122787
par-12-d4-4,7,385762,1960905
par-12-d4-5,7,892098,2138447
par-12-d5-2,7,208110,1961897
par-34-d1-1,7,76588,3342175
par-34-d1-2,7,122806,3295676
par-34-d1-3,7,116875,3142000
par-34-d1-4,7,214824,3611293
par-34-d1-5,7,110643,3354969
par-34-d2-1,7,356747,3218727
par-34-d2-2,7,75625,3380599
par-34-d2-3,7,138156,3387613
par-34-d3-1,7,870376,3792012
par-34-d3-2,7,121805,3373936
par-34-d3-3,7,114601,3583610
par-34-d3-4,7,447341,4039177
par-34-d3-5,7,118999,3138864
par-34-d4-1,7,151742,3409625
par-34-d4-3,7,109300,3650890
par-34-d4-4,7,126203,5939325
par-34-d4-5,7,2689469,3326174
par-34-d5-1,7,2010722,4222259
par-34-d5-2,7,153275,3733519
par-34-d5-4,7,1688020,3632244
par-34-d5-5,7,102397,3976065
par-56-d2-1,7,241625,2655804
par-56-d2-2,7,7616264,2702113
par-56-d2-3,7,4812857,2959358
par-56-d3-1,7,169246,2659250
par-56-d3-2,7,12381791,3085140
par-56-d3-3,7,2332821,2916144
par-56-d4-1,7,29216855,2726700
par-56-d4-2,7,1787071,2747210
par-56-d4-3,7,8413730,2743723
pct-56-d2-1,7,166140,3375780
pct-56-d2-2,7,513408,2748382
pct-56-d2-3,7,295629,3244367
pct-56-d3-1,7,245392,2593735
pct-56-d3-2,7,248448,2821914
pct-56-d3-3,7,260211,2637398
pct-56-d4-1,7,281462,3393575
pct-56-d4-2,7,175799,2556302
pct-56-d4-3,7,87429,3147510
pig-12-d1-2,7,131553,1930828
pig-12-d1-3,7,135751,2324586
pig-12-d2-3,7,107847,1918123
pig-12-d3-3,7,5033672,2209144
pig-12-d5-5,7,168193,1925357
pig-34-d1-1,7,129028,3596024
pig-34-d1-2,7,104611,3472917
pig-34-d1-5,7,129980,3181556
pig-34-d2-2,7,75886,4160551
pig-34-d2-3,7,376996,3741715
pig-34-d2-4,7,140711,3169313
pig-34-d2-5,7,66789,4120473
pig-34-d3-3,7,1194349,4025762
pig-34-d3-4,7,97307,3449663
pig-34-d4-2,7,37989156,3330864
pig-34-d4-3,7,455627,3270527
pig-34-d4-4,7,96205,3250078
pig-34-d4-5,7,138937,3659366
pig-34-d5-2,7,199865,4259742
pig-34-d5-4,7,14439612,3731865
pig-34-d5-5,7,23491161,3278933
pig-56-d2-1,7,209102,2791225
pig-56-d2-2,7,135411,3097614
pig-56-d2-3,7,800290,2846411
pig-56-d3-1,7,182621,2644893
pig-56-d3-2,7,200816,3365180
pig-56-d3-3,7,488611,2914242
pig-56-d4-1,7,179907,2661464
pig-56-d4-2,7,2022514,2623512
pig-56-d4-3,7,2987593,2941553
ratio-56-d2-1,7,226977,2557404
ratio-56-d2-2,7,105833,2869015
ratio-56-d2-3,7,234692,2574868
ratio-56-d3-1,7,177442,3217094
ratio-56-d3-2,7,225956,2635524
ratio-56-d3-3,7,255902,3005567
ratio-56-d4-1,7,385572,2627198
ratio-56-d4-2,7,118058,3250318
ratio-56-d4-3,7,296470,3095139
sets-56-d2-1,7,5810948,2677746
sets-56-d2-2,7,1613667,2970780
sets-56-d2-3,7,9527645,2714447
sets-56-d3-1,7,2777137,3124496
sets-56-d3-2,7,9122956,3539285
sets-56-d3-3,7,19123812,2755786
sets-56-d4-1,7,31023123,3181505
sets-56-d4-2,7,4686835,2691071
sets-56-d4-3,7,8204958,3214429
tri-12-d1-2,7,211828,1923965
tri-12-d1-3,7,59485,2033916
tri-12-d1-5,7,79673,1955535
tri-12-d2-1,7,83471,1746603
tri-12-d2-2,7,219633,2295671
tri-12-d3-1,7,84323,1764217
tri-12-d3-3,7,81597,1772413
tri-12-d3-4,7,184906,2033766
tri-12-d3-5,7,87708,1755690
tri-12-d4-1,7,194395,2240985
tri-12-d5-2,7,211878,1871754
tri-12-d5-3,7,62149,1770038
tri-12-d5-4,7,219282,2332541
tri-12-d5-5,7,128257,1791980
tri-34-d1-2,7,191158,3557229
tri-34-d1-3,7,84823,2952555
tri-34-d1-5,7,55086,3960565
tri-34-d2-1,7,106966,3407020
tri-34-d2-2,7,203732,3825176
tri-34-d2-4,7,85024,3528093
tri-34-d2-5,7,73982,3742586
tri-34-d3-1,7,230895,3168901
tri-34-d3-4,7,199263,3727287
tri-34-d4-1,7,73641,3906952
tri-34-d4-2,7,225264,3170594
tri-34-d4-3,7,58152,3235199
tri-34-d4-5,7,231265,3832349
tri-34-d5-1,7,92398,2977613
tri-34-d5-2,7,208121,4044628
tri-34-d5-3,7,193753,4202862
tri-34-d5-4,7,120562,3119557
tri-56-d2-1,7,86417,2938357
tri-56-d2-2,7,413075,2610467
tri-56-d2-3,7,60326,2884073
tri-56-d3-1,7,170738,3005577
tri-56-d3-2,7,2707493,3394266
tri-56-d3-3,7,182071,2569538
tri-56-d4-1,7,192350,3476734
tri-56-d4-2,7,388598,2812334
tri-56-d4-3,7,771014,2671083
wp-34-d1-4,7,97307,3385218
wp-34-d1-5,7,172752,3364729
wp-34-d3-3,7,213581,3152891
wp-56-d2-1,7,434737,3416048
wp-56-d2-2,7,6455760,3037077
wp-56-d2-3,7,199575,2740316
wp-56-d3-1,7,196108,2950912
wp-56-d3-2,7,5861657,2914852
wp-56-d3-3,7,172502,2681974
wp-56-d4-1,7,5445154,2680221
wp-56-d4-2,7,517907,2770615
wp-56-d4-3,7,3014694,2752760
cal-12-d1-1,8,120001,2150230
cal-12-d1-2,8,84703,1786530
cal-12-d1-3,8,99371,2493792
cal-12-d1-4,8,131634,1807029
cal-12-d1-5,8,51560,1792992
cal-12-d2-1,8,86968,2145892
cal-12-d2-2,8,100543,1833139
cal-12-d2-4,8,58393,1850693
cal-12-d2-5,8,63011,2300279
cal-12-d3-2,8,101986,1867646
cal-12-d3-3,8,152654,1812210
cal-12-d3-5,8,72590,2813397
cal-12-d4-2,8,117236,1819523
cal-12-d4-3,8,165368,1855783
cal-12-d4-4,8,91927,2244732
cal-12-d4-5,8,115272,1863097
cal-12-d5-1,8,87418,2401334
cal-12-d5-2,8,122646,1920348
cal-12-d5-4,8,75496,1871914
cal-12-d5-5,8,113679,2675041
cal-34-d1-1,8,127175,3074059
cal-34-d1-2,8,77089,3930117
cal-34-d1-3,8,92858,3399535
cal-34-d1-4,8,121124,3136419
cal-34-d1-5,8,52321,3318680
cal-34-d2-1,8,136754,3321645
cal-34-d2-2,8,86817,3033732
cal-34-d2-3,8,75936,3558903
cal-34-d2-4,8,125803,3898145
cal-34-d2-5,8,214673,3811850
cal-34-d3-1,8,138867,3901422
cal-34-d3-2,8,119790,5734341
cal-34-d3-3,8,4512178,6926466
cal-34-d3-4,8,496256,4397878
cal-34-d3-5,8,165329,3850043
cal-34-d4-1,8,146031,3162439
cal-34-d4-2,8,128307,3882937
cal-34-d4-3,8,2333783,4183575
cal-34-d4-4,8,122626,3461475
cal-34-d4-5,8,478180,3170375
cal-34-d5-1,8,196048,4205006
cal-34-d5-2,8,108069,3141669
cal-34-d5-3,8,104211,3619689
cal-34-d5-4,8,163084,3768346
cal-34-d5-5,8,511315,3839373
cal-56-d2-1,8,189174,3042128
cal-56-d2-2,8,130671,3531440
cal-56-d2-3,8,209013,2672606
cal-56-d3-1,8,6347282,3084018
cal-56-d3-2,8,161741,3173611
cal-56-d3-3,8,155279,3301466
cal-56-d4-1,8,673727,4265654
cal-56-d4-2,8,171691,2614073
cal-56-d4-3,8,417373,4095676
clk-12-d1-1,8,161671,1909506
clk-12-d1-2,8,90133,1852267
clk-12-d1-3,8,106565,4044498
clk-12-d1-4,8,383439,3945276
clk-12-d1-5,8,181309,4193013
clk-12-d2-1,8,346126,2140351
clk-12-d2-2,8,201929,2011994
clk-12-d2-3,8,100333,3307288
clk-12-d2-5,8,136934,1934274
clk-12-d3-1,8,109661,1862686
clk-12-d3-2,8,96455,3752536
clk-12-d3-3,8,434086,3916411
clk-12-d3-4,8,136533,3261119
clk-12-d3-5,8,134509,2426853
clk-12-d4-1,8,126734,1919967
clk-12-d4-2,8,94952,2477421
clk-12-d4-4,8,177131,1903465
clk-12-d4-5,8,120562,1847837
clk-12-d5-2,8,101896,2267285
clk-12-d5-3,8,189776,1973379
clk-12-d5-4,8,101295,1859761
clk-12-d5-5,8,455026,2059886
clk-34-d1-1,8,108499,3390097
clk-34-d1-2,8,194464,3246230
clk-34-d1-3,8,68252,3464270
clk-34-d1-4,8,242877,3128755
clk-34-d1-5,8,500724,3218808
clk-34-d2-1,8,160109,3485301
clk-34-d2-2,8,161451,3369759
clk-34-d2-3,8,158135,3163611
clk-34-d2-4,8,145490,3503606
clk-34-d2-5,8,180367,3459692
clk-34-d3-2,8,123177,3116139
clk-34-d3-3,8,86186,5899198
clk-34-d3-4,8,227338,3398273
clk-34-d3-5,8,140571,3553843
clk-34-d4-1,8,193843,3981666
clk-34-d4-2,8,163164,3140386
clk-34-d4-3,8,122135,3525388
clk-34-d4-4,8,200967,3533253
clk-34-d5-1,8,103009,3168050
clk-34-d5-3,8,146322,3969873
clk-34-d5-5,8,166681,3497895
clk-56-d2-1,8,251404,2669330
clk-56-d2-2,8,154187,3128925
clk-56-d2-3,8,148385,2910053
clk-56-d3-1,8,339554,2953267
clk-56-d3-2,8,170298,2923319
clk-56-d3-3,8,198893,2651034
clk-56-d4-1,8,405180,3600432
clk-56-d4-2,8,272785,2697735
clk-56-d4-3,8,135671,2890135
div-56-d2-1,8,100173,2677886
div-56-d2-2,8,154868,3005908
div-56-d2-3,8,128578,3397913
div-56-d3-1,8,333722,2931264
div-56-d3-2,8,194124,2659030
div-56-d3-3,8,208171,2719967
div-56-d4-1,8,232187,3059271
div-56-d4-2,8,320457,2840770
div-56-d4-3,8,174977,2906787
enum-12-d1-1,8,87859,2148287
enum-12-d1-4,8,73982,1887624
enum-12-d2-4,8,56038,2531585
enum-12-d2-5,8,146122,1913234
enum-12-d3-1,8,61068,2179005
enum-12-d3-3,8,106315,1879599
enum-12-d3-4,8,78201,1871453
enum-12-d4-2,8,56629,2316330
enum-12-d4-4,8,131122,1877666
enum-12-d4-5,8,74864,2125152
enum-12-d5-2,8,92919,1945556
enum-12-d5-3,8,61078,1870251
enum-12-d5-4,8,70676,2379752
enum-34-d1-1,8,87107,3085832
enum-34-d1-2,8,58132,3933784
enum-34-d1-4,8,108940,3478798
enum-34-d2-1,8,111405,3428321
enum-34-d2-3,8,108168,3347415
enum-34-d2-4,8,110964,3968421
enum-34-d2-5,8,92878,3123926
enum-34-d3-2,8,61208,3533884
enum-34-d3-3,8,114451,3699273
enum-34-d3-4,8,311550,3173741
enum-34-d3-5,8,97688,3982458
enum-34-d4-1,8,108479,3025887
enum-34-d4-3,8,152544,3478918
enum-34-d4-4,8,102397,3902955
enum-34-d4-5,8,123258,3170665
enum-34-d5-1,8,294077,3553151
enum-34-d5-2,8,100343,4142666
enum-34-d5-4,8,118798,4180138
enum-56-d2-1,8,167824,3117813
enum-56-d2-2,8,106035,2806413
enum-56-d2-3,8,190387,2990408
enum-56-d3-1,8,154969,2890245
enum-56-d3-2,8,248839,2720037
enum-56-d3-3,8,297944,3556197
enum-56-d4-1,8,3015065,2993815
enum-56-d4-2,8,403788,3179672
enum-56-d4-3,8,116554,2655854
frac-56-d2-1,8,213622,2727561
frac-56-d2-2,8,247427,2581230
frac-56-d2-3,8,164026,2891237
frac-56-d3-1,8,313364,3653314
frac-56-d3-2,8,346297,2651395
frac-56-d3-3,8,212179,2933027
frac-56-d4-1,8,491797,2685030
frac-56-d4-2,8,92569,2841511
frac-56-d4-3,8,563114,2667376
game-56-d2-1,8,121214,3534395
game-56-d2-2,8,175748,2715699
game-56-d2-3,8,320557,3845254
game-56-d3-1,8,131574,2673277
game-56-d3-2,8,306380,3345552
game-56-d3-3,8,152994,2670612
game-56-d4-1,8,542054,2803388
game-56-d4-2,8,294247,3218527
game-56-d4-3,8,180507,2836722
gaps-12-d1-1,8,79703,1973099
gaps-12-d1-2,8,235864,2459636
gaps-12-d1-3,8,82449,1813642
gaps-12-d1-4,8,54586,2452452
gaps-12-d1-5,8,87859,1894949
gaps-12-d2-1,8,64224,1888286
gaps-12-d2-3,8,67821,2317231
gaps-12-d3-1,8,118328,1886272
gaps-12-d3-3,8,71929,1877585
gaps-12-d3-4,8,61789,2567674
gaps-12-d3-5,8,116704,1876933
gaps-12-d4-3,8,71798,2297283
gaps-12-d4-5,8,116394,1908304
gaps-12-d5-2,8,69544,1856565
gaps-12-d5-3,8,70516,2739795
gaps-12-d5-4,8,83451,1880080
gaps-12-d5-5,8,79433,1883176
gaps-34-d1-1,8,64183,3528344
gaps-34-d1-2,8,79894,3287831
gaps-34-d1-3,8,87950,3074299
gaps-34-d1-4,8,74424,3361963
gaps-34-d1-5,8,129209,3402702
gaps-34-d2-1,8,113268,3119336
gaps-34-d2-2,8,108418,3944195
gaps-34-d2-3,8,219592,3734401
gaps-34-d2-4,8,150651,3349248
gaps-34-d2-5,8,95143,5293002
gaps-34-d3-2,8,164818,3589421
gaps-34-d3-3,8,138226,3179141
gaps-34-d3-4,8,85855,3656671
gaps-34-d4-1,8,125832,3133504
gaps-34-d4-2,8,193873,3644137
gaps-34-d4-3,8,84533,3546509
gaps-34-d4-4,8,132775,3132532
gaps-34-d4-5,8,81006,4153127
gaps-34-d5-1,8,104802,3635139
gaps-34-d5-2,8,149868,3203659
gaps-34-d5-3,8,113439,3459381
gaps-34-d5-5,8,86747,4339586
gaps-56-d2-1,8,115442,2673368
gaps-56-d2-2,8,93109,3404104
gaps-56-d2-3,8,133457,2671834
gaps-56-d3-1,8,1276989,2824989
gaps-56-d3-2,8,146392,3005637
gaps-56-d3-3,8,131744,2665532
gaps-56-d4-1,8,85645,4094845
gaps-56-d4-2,8,142785,2713014
gaps-56-d4-3,8,1476032,2838235
grid-56-d2-1,8,186309,3432469
grid-56-d2-2,8,191769,2705038
grid-56-d2-3,8,170749,3188950
grid-56-d3-1,8,202329,2692404
grid-56-d3-2,8,129399,3044252
grid-56-d3-3,8,190737,2979758
grid-56-d4-1,8,354483,2754974
grid-56-d4-2,8,521253,3469270
grid-56-d4-3,8,17988005,3022439
kl-34-d1-1,8,151883,4274390
kl-34-d5-2,8,12659245,5335553
kl-56-d2-1,8,199364,4958768
kl-56-d2-2,8,525712,5900952
kl-56-d2-3,8,237838,5148232
kl-56-d3-1,8,236576,2861800
kl-56-d3-2,8,790191,3362805
kl-56-d3-3,8,219372,3267782
kl-56-d4-1,8,208461,2787517
kl-56-d4-2,8,184105,2915313
kl-56-d4-3,8,612029,2695490
ord-12-d1-1,8,110112,2176711
ord-12-d1-2,8,138827,1896462
ord-12-d1-3,8,101315,2330628
ord-12-d1-4,8,191719,2289708
ord-12-d1-5,8,112146,1855553
ord-12-d2-1,8,123798,2236026
ord-12-d2-2,8,355445,1881743
ord-12-d2-3,8,133236,2800492
ord-12-d2-4,8,183774,1844451
ord-12-d2-5,8,135951,1829593
ord-12-d3-2,8,120192,2448454
ord-12-d3-3,8,177892,1870031
ord-12-d3-4,8,133377,1860402
ord-12-d3-5,8,736949,2271113
ord-12-d4-1,8,353060,2069124
ord-12-d4-2,8,243329,2355836
ord-12-d4-4,8,181870,1957299
ord-12-d4-5,8,188122,2190188
ord-12-d5-2,8,208552,1918303
ord-12-d5-3,8,351107,1936268
ord-12-d5-4,8,273146,2162885
ord-12-d5-5,8,282144,1849310
ord-34-d1-1,8,515472,3755732
ord-34-d1-2,8,155659,3622004
ord-34-d1-3,8,373479,3879700
ord-34-d1-4,8,18421519,5136821
ord-34-d1-5,8,188002,4218953
ord-34-d2-1,8,548385,3974883
ord-34-d2-2,8,398878,3621072
ord-34-d2-3,8,215756,4578165
ord-34-d2-4,8,903399,6966944
ord-34-d2-5,8,595597,3596255
ord-34-d3-1,8,2716009,6862383
ord-34-d3-2,8,395562,4976121
ord-34-d3-3,8,178293,3739309
ord-34-d3-4,8,412013,3269064
ord-34-d3-5,8,156492,3582407
ord-34-d4-1,8,374791,5634619
ord-34-d4-3,8,903059,6824199
ord-34-d4-4,8,258298,7638467
ord-34-d4-5,8,636175,6035071
ord-34-d5-1,8,1737054,7152202
ord-34-d5-2,8,905554,7451517
ord-34-d5-3,8,443935,5586256
ord-34-d5-5,8,1788614,7366604
ord-56-d2-1,8,1041586,4603083
ord-56-d2-2,8,229923,2759574
ord-56-d2-3,8,360925,3497154
ord-56-d3-1,8,2411563,5965015
ord-56-d3-2,8,1371741,6251056
ord-56-d3-3,8,908720,2862502
ord-56-d4-1,8,18459142,2867621
ord-56-d4-2,8,244841,5662703
ord-56-d4-3,8,4095325,5860524
par-12-d1-1,8,121513,2107587
par-12-d1-3,8,73812,4136535
par-12-d1-4,8,360685,4044157
par-12-d1-5,8,140620,4342792
par-12-d2-3,8,522857,4243631
par-12-d2-5,8,116084,2047913
par-12-d3-1,8,106485,2423597
par-12-d3-2,8,140520,2001374
par-12-d3-4,8,123709,1945566
par-12-d4-2,8,71708,2220275
par-12-d4-4,8,379531,1990783
par-12-d4-5,8,989155,2221116
par-12-d5-2,8,232398,1968009
par-34-d1-1,8,80074,5664437
par-34-d1-2,8,341417,6647550
par-34-d1-3,8,437392,4149389
par-34-d1-4,8,277424,4405132
par-34-d1-5,8,111554,3169193
par-34-d2-1,8,283596,6990420
par-34-d2-2,8,213361,5857879
par-34-d2-3,8,196388,3380108
par-34-d3-1,8,1879859,3304012
par-34-d3-2,8,152133,5718380
par-34-d3-3,8,318784,7001391
par-34-d3-4,8,586188,3307940
par-34-d3-5,8,140801,7444734
par-34-d4-1,8,428245,5290126
par-34-d4-3,8,134609,4739185
par-34-d4-4,8,231345,4634434
par-34-d4-5,8,1946689,3238025
par-34-d5-1,8,2262526,3514096
par-34-d5-2,8,120322,4215276
par-34-d5-4,8,1707277,4069425
par-34-d5-5,8,106956,3402591
par-56-d2-1,8,232157,2987121
par-56-d2-2,8,7936942,3058329
par-56-d2-3,8,4672035,2914342
par-56-d3-1,8,195667,2923769
par-56-d3-2,8,12165343,2872852
par-56-d3-3,8,2847293,2880366
par-56-d4-1,8,31402123,6480618
par-56-d4-2,8,1653183,3096562
par-56-d4-3,8,10240838,2773109
pct-56-d2-1,8,163345,3082355
pct-56-d2-2,8,317892,2690700
pct-56-d2-3,8,269990,3299984
pct-56-d3-1,8,269569,2732040
pct-56-d3-2,8,266523,3006018
pct-56-d3-3,8,232097,2599135
pct-56-d4-1,8,248398,3628206
pct-56-d4-2,8,181169,3043560
pct-56-d4-3,8,128468,2653349
pig-12-d1-2,8,111064,2304207
pig-12-d1-3,8,210085,1883877
pig-12-d2-3,8,78070,1910869
pig-12-d3-3,8,6399112,2005321
pig-12-d5-5,8,185918,1946097
pig-34-d1-1,8,141683,3775560
pig-34-d1-2,8,92178,3227855
pig-34-d1-5,8,76608,3765280
pig-34-d2-2,8,81076,3747165
pig-34-d2-3,8,434607,3504307
pig-34-d2-4,8,122165,7378316
pig-34-d2-5,8,97227,4090126
pig-34-d3-3,8,1351402,3639137
pig-34-d3-4,8,84162,3155295
pig-34-d4-2,8,55036189,7258115
pig-34-d4-3,8,913570,5089579
pig-34-d4-4,8,232587,3697450
pig-34-d4-5,8,202771,3238736
pig-34-d5-2,8,100644,3808954
pig-34-d5-4,8,17008017,6950112
pig-34-d5-5,8,36994802,7296209
pig-56-d2-1,8,216357,3686448
pig-56-d2-2,8,163164,2855578
pig-56-d2-3,8,1589480,2893612
pig-56-d3-1,8,150360,3023511
pig-56-d3-2,8,227889,2679669
pig-56-d3-3,8,455938,3302529
pig-56-d4-1,8,161791,2623662
pig-56-d4-2,8,2207481,2689057
pig-56-d4-3,8,3207766,2806474
ratio-56-d2-1,8,241004,2703125
ratio-56-d2-2,8,137805,4787047
ratio-56-d2-3,8,647036,5632836
ratio-56-d3-1,8,474343,4165671
ratio-56-d3-2,8,294227,2701471
ratio-56-d3-3,8,268527,2888030
ratio-56-d4-1,8,399099,2872611
ratio-56-d4-2,8,153726,2690600
ratio-56-d4-3,8,230695,2947495
sets-56-d2-1,8,5630270,2757309
sets-56-d2-2,8,2459776,2674169
sets-56-d2-3,8,9108167,2732772
sets-56-d3-1,8,3795428,2698516
sets-56-d3-2,8,8938290,2658739
sets-56-d3-3,8,18868860,2738433
sets-56-d4-1,8,34331694,2765284
sets-56-d4-2,8,4311682,3003683
sets-56-d4-3,8,7631724,3277500
tri-12-d1-2,8,221556,1959704
tri-12-d1-3,8,81688,1772022
tri-12-d1-5,8,80375,2237127
tri-12-d2-1,8,87979,1798894
tri-12-d2-2,8,235523,1888085
tri-12-d3-1,8,69543,2169488
tri-12-d3-3,8,69003,1741233
tri-12-d3-4,8,159357,1804404
tri-12-d3-5,8,49696,2481989
tri-12-d4-1,8,199976,1845643
tri-12-d5-2,8,169486,2329976
tri-12-d5-3,8,109871,1822469
tri-12-d5-4,8,267816,1880130
tri-12-d5-5,8,82969,2112909
tri-34-d1-2,8,176740,3098506
tri-34-d1-3,8,51769,3849863
tri-34-d1-5,8,68723,3720233
tri-34-d2-1,8,79543,2946122
tri-34-d2-2,8,152724,3508055
tri-34-d2-4,8,84944,2960740
tri-34-d2-5,8,213461,3086843
tri-34-d3-1,8,198082,3740612
tri-34-d3-4,8,366636,3227173
tri-34-d4-1,8,71157,3855273
tri-34-d4-2,8,238690,3628176
tri-34-d4-3,8,86526,3006760
tri-34-d4-5,8,209564,3518675
tri-34-d5-1,8,94993,3535397
tri-34-d5-2,8,248909,3118565
tri-34-d5-3,8,140430,3740452
tri-34-d5-4,8,125542,3638415
tri-56-d2-1,8,133607,2917677
tri-56-d2-2,8,444195,2912298
tri-56-d2-3,8,88771,2539720
tri-56-d3-1,8,146252,2950752
tri-56-d3-2,8,2931014,2597732
tri-56-d3-3,8,284147,4228131
tri-56-d4-1,8,240052,2589455
tri-56-d4-2,8,350294,3246942
tri-56-d4-3,8,731830,3316265
wp-34-d1-4,8,94042,3494839
wp-34-d1-5,8,160269,3177648
wp-34-d3-3,8,370213,3272862
wp-56-d2-1,8,457070,2951753
wp-56-d2-2,8,6712063,3029704
wp-56-d2-3,8,140912,2638941
wp-56-d3-1,8,182752,3904758
wp-56-d3-2,8,6782049,2672866
wp-56-d3-3,8,139538,3382322
wp-56-d4-1,8,6147436,2698125
wp-56-d4-2,8,484823,3367754
wp-56-d4-3,8,3619539,2713726
cal-12-d1-1,9,104551,2194937
cal-12-d1-2,9,69484,1797751
cal-12-d1-3,9,91766,2488482
cal-12-d1-4,9,87779,1848109
cal-12-d1-5,9,52401,1817019
cal-12-d2-1,9,88711,2319096
cal-12-d2-2,9,102648,1828911
cal-12-d2-4,9,58934,1858298
cal-12-d2-5,9,57090,2310870
cal-12-d3-2,9,92578,1851485
cal-12-d3-3,9,156010,1832659
cal-12-d3-5,9,74454,2114772
cal-12-d4-2,9,122807,1842227
cal-12-d4-3,9,172432,2063333
cal-12-d4-4,9,126994,1886071
cal-12-d4-5,9,96415,1885200
cal-12-d5-1,9,89232,2100845
cal-12-d5-2,9,99672,1851986
cal-12-d5-4,9,74123,1864159
cal-12-d5-5,9,110533,2085786
cal-34-d1-1,9,133767,3030265
cal-34-d1-2,9,79804,3338398
cal-34-d1-3,9,94422,3598308
cal-34-d1-4,9,90444,3043180
cal-34-d1-5,9,51840,3845304
cal-34-d2-1,9,114741,3454071
cal-34-d2-2,9,71608,3044071
cal-34-d2-3,9,72961,3708851
cal-34-d2-4,9,116043,3261751
cal-34-d2-5,9,228240,3112082
cal-34-d3-1,9,116174,3419725
cal-34-d3-2,9,132806,4075658
cal-34-d3-3,9,1867316,3451064
cal-34-d3-4,9,101656,3209079
cal-34-d3-5,9,91426,3472276
cal-34-d4-1,9,146342,3849863
cal-34-d4-2,9,147174,3223687
cal-34-d4-3,9,2705800,3632484
cal-34-d4-4,9,113789,4173566
cal-34-d4-5,9,178543,3144183
cal-34-d5-1,9,225244,4348112
cal-34-d5-2,9,163675,4174498
cal-34-d5-3,9,144268,3102022
cal-34-d5-4,9,124900,3562850
cal-34-d5-5,9,395291,3848851
cal-56-d2-1,9,200146,2600868
cal-56-d2-2,9,133728,2858554
cal-56-d2-3,9,170278,2550972
cal-56-d3-1,9,6263330,3049261
cal-56-d3-2,9,135300,2633441
cal-56-d3-3,9,111746,3411137
cal-56-d4-1,9,605666,2632499
cal-56-d4-2,9,99071,3007110
cal-56-d4-3,9,449396,2858103
clk-12-d1-1,9,240744,1891391
clk-12-d1-2,9,92207,1844772
clk-12-d1-3,9,111073,2268668
clk-12-d1-4,9,117226,1856434
clk-12-d1-5,9,87068,1932541
clk-12-d2-1,9,93460,2271483
clk-12-d2-2,9,211467,1881252
clk-12-d2-3,9,83390,1840033
clk-12-d2-5,9,80695,2301852
clk-12-d3-1,9,130311,1874389
clk-12-d3-2,9,98129,2224573
clk-12-d3-3,9,121063,1826186
clk-12-d3-4,9,57150,1849511
clk-12-d3-5,9,82930,2164608
clk-12-d4-1,9,153255,2410220
clk-12-d4-2,9,178193,2186129
clk-12-d4-4,9,343502,1984581
clk-12-d4-5,9,127806,1888035
clk-12-d5-2,9,107587,3216744
clk-12-d5-3,9,218671,1983288
clk-12-d5-4,9,146973,1906180
clk-12-d5-5,9,98760,2144981
clk-34-d1-1,9,145911,3122322
clk-34-d1-2,9,246604,3429945
clk-34-d1-3,9,89042,3500400
clk-34-d1-4,9,246525,3379878
clk-34-d1-5,9,311149,3180214
clk-34-d2-1,9,183934,6037515
clk-34-d2-2,9,442662,6563768
clk-34-d2-3,9,159608,3284564
clk-34-d2-4,9,145851,6916437
clk-34-d2-5,9,450438,6958097
clk-34-d3-2,9,166902,3310704
clk-34-d3-3,9,93991,3732687
clk-34-d3-4,9,143316,3952521
clk-34-d3-5,9,523047,7104028
clk-34-d4-1,9,338852,3896142
clk-34-d4-2,9,162673,3300124
clk-34-d4-3,9,93339,4012145
clk-34-d4-4,9,207560,4046321
clk-34-d5-1,9,119109,3578069
clk-34-d5-3,9,192491,3523484
clk-34-d5-5,9,131212,3618017
clk-56-d2-1,9,235974,2755115
clk-56-d2-2,9,159267,4420331
clk-56-d2-3,9,427994,5904599
clk-56-d3-1,9,601077,3269105
clk-56-d3-2,9,175138,3709582
clk-56-d3-3,9,374962,3862867
clk-56-d4-1,9,455828,2932857
clk-56-d4-2,9,398988,2693587
clk-56-d4-3,9,136974,3425836
div-56-d2-1,9,123448,2714466
div-56-d2-2,9,161240,4881600
div-56-d2-3,9,338632,5794607
div-56-d3-1,9,750495,5652203
div-56-d3-2,9,199474,3329320
div-56-d3-3,9,116104,3335152
div-56-d4-1,9,305378,2751177
div-56-d4-2,9,316730,6034349
div-56-d4-3,9,565368,6012065
enum-12-d1-1,9,120272,2009279
enum-12-d1-4,9,81367,1945386
enum-12-d2-4,9,61829,2460598
enum-12-d2-5,9,115162,1909657
enum-12-d3-1,9,59675,1879379
enum-12-d3-3,9,59775,2822665
enum-12-d3-4,9,129980,1999671
enum-12-d4-2,9,64775,1891482
enum-12-d4-4,9,95724,2916105
enum-12-d4-5,9,109701,1885331
enum-12-d5-2,9,79713,2396936
enum-12-d5-3,9,99081,1936378
enum-12-d5-4,9,77138,1876804
enum-34-d1-1,9,68382,3767985
enum-34-d1-2,9,117676,3630180
enum-34-d1-4,9,114580,3207986
enum-34-d2-1,9,67630,3532993
enum-34-d2-3,9,130491,3456405
enum-34-d2-4,9,84943,3105449
enum-34-d2-5,9,62962,3632454
enum-34-d3-2,9,87699,3384517
enum-34-d3-3,9,101766,3100851
enum-34-d3-4,9,306240,3440584
enum-34-d3-5,9,123317,3496843
enum-34-d4-1,9,136984,3197327
enum-34-d4-3,9,100814,4029028
enum-34-d4-4,9,132385,3532963
enum-34-d4-5,9,124279,3742316
enum-34-d5-1,9,282855,3827660
enum-34-d5-2,9,127366,3818973
enum-34-d5-4,9,306691,3284825
enum-56-d2-1,9,77950,2911506
enum-56-d2-2,9,96927,2644853
enum-56-d2-3,9,83721,2887290
enum-56-d3-1,9,137425,2646395
enum-56-d3-2,9,216998,2866650
enum-56-d3-3,9,291441,3068087
enum-56-d4-1,9,3209620,2846300
enum-56-d4-2,9,387997,3191375
enum-56-d4-3,9,302141,2742109
frac-56-d2-1,9,221586,3313410
frac-56-d2-2,9,247426,2603914
frac-56-d2-3,9,72399,3003443
frac-56-d3-1,9,281031,2682715
frac-56-d3-2,9,310789,3419694
frac-56-d3-3,9,235173,2569367
frac-56-d4-1,9,438675,3690556
frac-56-d4-2,9,148756,2711531
frac-56-d4-3,9,1396088,2665543
game-56-d2-1,9,124941,3083768
game-56-d2-2,9,147374,2686603
game-56-d2-3,9,115783,3236011
game-56-d3-1,9,147724,2733273
game-56-d3-2,9,344473,2966352
game-56-d3-3,9,158536,2727612
game-56-d4-1,9,125862,2970670
game-56-d4-2,9,285530,3233526
game-56-d4-3,9,163646,2718083
gaps-12-d1-1,9,68542,2714477
gaps-12-d1-2,9,120772,1933523
gaps-12-d1-3,9,119440,1842858
gaps-12-d1-4,9,58613,2322502
gaps-12-d1-5,9,118929,1873306
gaps-12-d2-1,9,67610,1908244
gaps-12-d2-3,9,72018,2171101
gaps-12-d3-1,9,115543,1916049
gaps-12-d3-3,9,72479,2727191
gaps-12-d3-4,9,96425,1915829
gaps-12-d3-5,9,80746,1872896
gaps-12-d4-3,9,70356,2242197
gaps-12-d4-5,9,94442,1923334
gaps-12-d5-2,9,55076,1860272
gaps-12-d5-3,9,68111,2281473
gaps-12-d5-4,9,75184,1860632
gaps-12-d5-5,9,71438,2059255
gaps-34-d1-1,9,129038,3477967
gaps-34-d1-2,9,68772,4049547
gaps-34-d1-3,9,116875,3063429
gaps-34-d1-4,9,72370,3651340
gaps-34-d1-5,9,133427,3498125
gaps-34-d2-1,9,92649,3098746
gaps-34-d2-2,9,74363,3811338
gaps-34-d2-3,9,107347,3253364
gaps-34-d2-4,9,128097,3125678
gaps-34-d2-5,9,79263,3384396
gaps-34-d3-2,9,141542,4460849
gaps-34-d3-3,9,112817,3092074
gaps-34-d3-4,9,61147,3747305
gaps-34-d4-1,9,116254,3440916
gaps-34-d4-2,9,219914,3108575
gaps-34-d4-3,9,58202,3499649
gaps-34-d4-4,9,115483,3356302
gaps-34-d4-5,9,148877,3329090
gaps-34-d5-1,9,118729,4131465
gaps-34-d5-2,9,124540,3419765
gaps-34-d5-3,9,144960,3285005
gaps-34-d5-5,9,239541,3248886
gaps-56-d2-1,9,121815,3036026
gaps-56-d2-2,9,139890,2637618
gaps-56-d2-3,9,98950,3028221
gaps-56-d3-1,9,779221,2961412
gaps-56-d3-2,9,515502,2931705
gaps-56-d3-3,9,106786,3255668
gaps-56-d4-1,9,172933,2853674
gaps-56-d4-2,9,113268,2981992
gaps-56-d4-3,9,1149523,3057137
grid-56-d2-1,9,205656,2742060
grid-56-d2-2,9,110192,3152139
grid-56-d2-3,9,198422,2684899
grid-56-d3-1,9,170278,3207506
grid-56-d3-2,9,157233,2718936
grid-56-d3-3,9,144438,3658184
grid-56-d4-1,9,383398,2778329
grid-56-d4-2,9,527004,3424194
grid-56-d4-3,9,11326118,3361012
kl-34-d1-1,9,158154,3186145
kl-34-d5-2,9,9694186,3531189
kl-56-d2-1,9,218982,2660963
kl-56-d2-2,9,132135,2938768
kl-56-d2-3,9,176941,2659160
kl-56-d3-1,9,140560,3285355
kl-56-d3-2,9,783238,3135998
kl-56-d3-3,9,196258,2729536
kl-56-d4-1,9,151662,4219815
kl-56-d4-2,9,720066,5999000
kl-56-d4-3,9,1312607,4469336
ord-12-d1-1,9,213591,1968901
ord-12-d1-2,9,118839,2853785
ord-12-d1-3,9,213461,1936268
ord-12-d1-4,9,104761,1854792
ord-12-d1-5,9,146993,2424489
ord-12-d2-1,9,174135,1915848
ord-12-d2-2,9,310507,2026663
ord-12-d2-3,9,794279,4090896
ord-12-d2-4,9,188303,1855904
ord-12-d2-5,9,133537,2210837
ord-12-d3-2,9,184275,1859961
ord-12-d3-3,9,137995,2793859
ord-12-d3-4,9,176230,1909497
ord-12-d3-5,9,130471,1845363
ord-12-d4-1,9,591499,4273809
ord-12-d4-2,9,197781,1873808
ord-12-d4-4,9,145861,2748442
ord-12-d4-5,9,253758,1882214
ord-12-d5-2,9,136272,2230274
ord-12-d5-3,9,610085,1948461
ord-12-d5-4,9,159217,1851284
ord-12-d5-5,9,204093,2226718
ord-34-d1-1,9,567633,4628211
ord-34-d1-2,9,438294,5476365
ord-34-d1-3,9,355765,4296773
ord-34-d1-4,9,11829948,3140166
ord-34-d1-5,9,424437,3995573
ord-34-d2-1,9,244160,3891192
ord-34-d2-2,9,318864,3835786
ord-34-d2-3,9,167162,3065232
ord-34-d2-4,9,305859,3409865
ord-34-d2-5,9,161180,3698932
ord-34-d3-1,9,1427229,3720764
ord-34-d3-2,9,166390,3326555
ord-34-d3-3,9,154758,3116841
ord-34-d3-4,9,737770,3225140
ord-34-d3-5,9,202690,3420767
ord-34-d4-1,9,370814,3444162
ord-34-d4-3,9,362788,3480652
ord-34-d4-4,9,131383,3099559
ord-34-d4-5,9,143837,3452638
ord-34-d5-1,9,1852086,3271059
ord-34-d5-2,9,368289,3522002
ord-34-d5-3,9,173273,3495020
ord-34-d5-5,9,414508,3201344
ord-56-d2-1,9,346076,3079259
ord-56-d2-2,9,200406,3248134
ord-56-d2-3,9,383097,2649772
ord-56-d3-1,9,2307814,2663669
ord-56-d3-2,9,577362,2952835
ord-56-d3-3,9,393167,3336865
ord-56-d4-1,9,11644420,2723413
ord-56-d4-2,9,204093,3265187
ord-56-d4-3,9,1587217,2980839
par-12-d1-1,9,98890,1866183
par-12-d1-3,9,61348,2075396
par-12-d1-4,9,158605,1864770
par-12-d1-5,9,92278,1847838
par-12-d2-3,9,80054,3134756
par-12-d2-5,9,105403,1902874
par-12-d3-1,9,75174,2210006
par-12-d3-2,9,137465,1906601
par-12-d3-4,9,94673,1902633
par-12-d4-2,9,65026,2660242
par-12-d4-4,9,369071,1973119
par-12-d4-5,9,1056173,2514291
par-12-d5-2,9,196098,2524781
par-34-d1-1,9,185738,3696547
par-34-d1-2,9,114190,3071674
par-34-d1-3,9,88260,4143007
par-34-d1-4,9,239881,3926520
par-34-d1-5,9,93280,3333549
par-34-d2-1,9,124440,3142711
par-34-d2-2,9,75195,3329180
par-34-d2-3,9,155449,4192252
par-34-d3-1,9,803637,3600503
par-34-d3-2,9,153827,3125588
par-34-d3-3,9,115783,4009299
par-34-d3-4,9,462650,3823132
par-34-d3-5,9,132275,3160546
par-34-d4-1,9,155670,3358566
par-34-d4-3,9,137044,3463489
par-34-d4-4,9,114371,3259115
par-34-d4-5,9,1354869,3136620
par-34-d5-1,9,2208062,3212034
par-34-d5-2,9,130641,3449522
par-34-d5-4,9,1705624,3687400
par-34-d5-5,9,82539,3664506
par-56-d2-1,9,228189,2642488
par-56-d2-2,9,7251162,2762940
par-56-d2-3,9,5079350,2826312
par-56-d3-1,9,152264,2605998
par-56-d3-2,9,12726774,2996821
par-56-d3-3,9,2236286,3210542
par-56-d4-1,9,25804075,2819719
par-56-d4-2,9,1645658,2978715
par-56-d4-3,9,7608640,3074289
pct-56-d2-1,9,159948,2818096
pct-56-d2-2,9,276393,2616337
pct-56-d2-3,9,257616,3716946
pct-56-d3-1,9,273266,2556633
pct-56-d3-2,9,259760,3316044
pct-56-d3-3,9,256364,2574757
pct-56-d4-1,9,262746,3314422
pct-56-d4-2,9,175729,2546302
pct-56-d4-3,9,85725,2820761
pig-12-d1-2,9,151992,1942039
pig-12-d1-3,9,167602,2293907
pig-12-d2-3,9,92979,1990573
pig-12-d3-3,9,5170876,1941068
pig-12-d5-5,9,145771,2481458
pig-34-d1-1,9,179155,3183760
pig-34-d1-2,9,99482,3597106
pig-34-d1-5,9,86156,4124492
pig-34-d2-2,9,108078,3157129
pig-34-d2-3,9,330446,3508816
pig-34-d2-4,9,158976,4084795
pig-34-d2-5,9,95834,3151077
pig-34-d3-3,9,1411037,3186455
pig-34-d3-4,9,76347,3450704
pig-34-d4-2,9,37038465,3341825
pig-34-d4-3,9,502899,3294293
pig-34-d4-4,9,134519,3561388
pig-34-d4-5,9,187491,4383090
pig-34-d5-2,9,186179,3258334
pig-34-d5-4,9,15798950,3515158
pig-34-d5-5,9,23153851,3443100
pig-56-d2-1,9,206258,3769297
pig-56-d2-2,9,177903,2783169
pig-56-d2-3,9,766646,3277050
pig-56-d3-1,9,181088,3273442
pig-56-d3-2,9,260492,2642688
pig-56-d3-3,9,442192,2989426
pig-56-d4-1,9,152734,2622199
pig-56-d4-2,9,1793513,2647668
pig-56-d4-3,9,3742857,4056090
ratio-56-d2-1,9,608482,5621854
ratio-56-d2-2,9,236335,3954494
ratio-56-d2-3,9,290049,2834959
ratio-56-d3-1,9,206217,3924436
ratio-56-d3-2,9,228019,2660312
ratio-56-d3-3,9,277545,3215952
ratio-56-d4-1,9,391915,2641917
ratio-56-d4-2,9,118579,3142430
ratio-56-d4-3,9,252927,2637047
sets-56-d2-1,9,6422205,3736354
sets-56-d2-2,9,1509777,3326174
sets-56-d2-3,9,8871682,3451545
sets-56-d3-1,9,2602992,3189661
sets-56-d3-2,9,9684617,2683276
sets-56-d3-3,9,18466316,2845078
sets-56-d4-1,9,34246710,2824057
sets-56-d4-2,9,4378751,3091482
sets-56-d4-3,9,7985005,2686372
tri-12-d1-2,9,209774,2241676
tri-12-d1-3,9,72950,1748637
tri-12-d1-5,9,54325,1756352
tri-12-d2-1,9,66238,2145331
tri-12-d2-2,9,225304,1875060
tri-12-d3-1,9,59204,2464575
tri-12-d3-3,9,251745,1851906
tri-12-d3-4,9,168685,1788303
tri-12-d3-5,9,52811,2714126
tri-12-d4-1,9,210455,1893396
tri-12-d5-2,9,176440,1867055
tri-12-d5-3,9,62320,2755656
tri-12-d5-4,9,276062,1932190
tri-12-d5-5,9,87829,1832969
tri-34-d1-2,9,147494,3696829
tri-34-d1-3,9,90164,3862056
tri-34-d1-5,9,80194,2952445
tri-34-d2-1,9,71969,3688352
tri-34-d2-2,9,182061,3737987
tri-34-d2-4,9,114381,2984486
tri-34-d2-5,9,55447,3643385
tri-34-d3-1,9,210165,3150877
tri-34-d3-4,9,176931,3473909
tri-34-d4-1,9,62631,3487945
tri-34-d4-2,9,316499,3162058
tri-34-d4-3,9,60657,3516771
tri-34-d4-5,9,201709,3116731
tri-34-d5-1,9,65567,3410446
tri-34-d5-2,9,252887,4228411
tri-34-d5-3,9,168534,3097074
tri-34-d5-4,9,76487,7198170
tri-56-d2-1,9,359543,5392874
tri-56-d2-2,9,504131,2870587
tri-56-d2-3,9,99091,3079219
tri-56-d3-1,9,201749,3520168
tri-56-d3-2,9,5057899,5822852
tri-56-d3-3,9,281372,2684218
tri-56-d4-1,9,236375,3257331
tri-56-d4-2,9,409729,2620396
tri-56-d4-3,9,699276,3000648
wp-34-d1-4,9,108699,3140006
wp-34-d1-5,9,111074,3460062
wp-34-d3-3,9,247066,3725203
wp-56-d2-1,9,555730,2832694
wp-56-d2-2,9,6729136,3072196
wp-56-d2-3,9,171390,2737480
wp-56-d3-1,9,220735,2971181
wp-56-d3-2,9,5712228,2947606
wp-56-d3-3,9,161551,2704878
wp-56-d4-1,9,5420316,2721049
wp-56-d4-2,9,319746,3056215
wp-56-d4-3,9,2979647,2728855
