rule,structure,generator,metric,value,low,high
shrinking,both,G0,r1_rms_5,1.0085,0.9735,1.0443
shrinking,both,G0,r1_mean_5,-0.0419,-0.1078,0.0268
shrinking,both,G0,r1_rms_10,0.9479,0.9164,0.9791
shrinking,both,G0,r1_mean_10,-0.0587,-0.1184,0.0005
shrinking,both,G0,r1_rms_20,0.8537,0.8300,0.8787
shrinking,both,G0,r1_mean_20,-0.0773,-0.1279,-0.0257
shrinking,both,G0,r1_rms_50,0.6838,0.6661,0.7019
shrinking,both,G0,r1_mean_50,-0.0960,-0.1309,-0.0621
shrinking,both,G0,r1_rms_100,0.5754,0.5636,0.5873
shrinking,both,G0,r1_mean_100,-0.0973,-0.1200,-0.0737
shrinking,both,G0,r1_rms_200,0.4993,0.4899,0.5079
shrinking,both,G0,r1_mean_200,-0.0898,-0.1070,-0.0722
shrinking,both,G0,r2_brier,0.1716,0.1697,0.1734
shrinking,both,G0,r2_bias,0.0025,-0.0006,0.0060
shrinking,both,G0,r3_inside,0.4294,0.4238,0.4346
shrinking,both,G0,r3_below_0.5,0.0345,0.0314,0.0379
shrinking,both,G0,r3_above_0.95,0.0310,0.0279,0.0340
shrinking,both,G0,r4_false,0.6428,0.6264,0.6598
shrinking,both,G0,r4_false_0.70,0.5290,0.5100,0.5473
shrinking,both,G0,r4_below,0.0000,0.0000,0.0000
shrinking,both,G0,r4_false_at_task,0.6428,0.6267,0.6590
shrinking,both,G0,r4_declared,9.6890,9.4860,9.8980
shrinking,both,G0,r5_late_answers,9.7827,9.5578,10.0221
shrinking,both,G0,r5_never,0.2207,0.2014,0.2416
shrinking,both,G0,r6_lag,-0.1230,-0.1413,-0.1054
shrinking,both,G0,r7_error_5,0.8565,0.8148,0.9015
shrinking,both,G0,r7_error_10,0.7874,0.7495,0.8264
shrinking,both,G0,r7_longest_wrong,1.7390,1.6850,1.7930
shrinking,both,G0,r7_hard_first,0.1385,0.1267,0.1505
shrinking,both,G0,r4b_chance_below_0.5,0.1018,0.0935,0.1108
shrinking,both,G0,r4b_chance_0.5_to_0.6,0.1325,0.1265,0.1385
shrinking,both,G0,r4b_chance_0.6_to_0.7,0.2138,0.2078,0.2197
shrinking,both,G0,r4b_chance_0.7_to_0.8,0.2701,0.2635,0.2769
shrinking,both,G0,r4b_chance_0.8_up,0.2818,0.2685,0.2953
shrinking,both,G0,r3_reachable,0.9489,0.9412,0.9562
shrinking,both,G0,r8_rank_6_20,3.1533,2.7133,3.5867
shrinking,both,G0,r8_topic_rank_6_20,17.2067,16.2333,18.1067
shrinking,both,G0,r8_rank_150_200,0.5353,0.3902,0.6902
shrinking,both,G0,r8_topic_rank_150_200,7.1608,6.8294,7.4863
shrinking,both,G0,r2_ece,0.0046,0.0028,0.0077
shrinking,both,G0,r4b_3,0.1382,0.1278,0.1492
shrinking,both,G0,r4b_5,0.4241,0.4096,0.4390
shrinking,both,G0,r4b_10,0.8161,0.8018,0.8299
shrinking,both,G0,r4b_20,0.9821,0.9755,0.9885
shrinking,both,G0,r4b_50,1.0000,1.0000,1.0000
shrinking,both,G0,r8_move_p95_6_20,73.0000,73.0000,74.0000
shrinking,both,G0,r8_move_p95_150_200,37.0000,37.0000,37.0000
shrinking,both,G1,r1_rms_5,1.0646,1.0224,1.1113
shrinking,both,G1,r1_mean_5,-0.0243,-0.0994,0.0488
shrinking,both,G1,r1_rms_10,0.9968,0.9586,1.0362
shrinking,both,G1,r1_mean_10,-0.0576,-0.1233,0.0078
shrinking,both,G1,r1_rms_20,0.8921,0.8613,0.9242
shrinking,both,G1,r1_mean_20,-0.0889,-0.1472,-0.0319
shrinking,both,G1,r1_rms_50,0.7223,0.7018,0.7439
shrinking,both,G1,r1_mean_50,-0.1083,-0.1480,-0.0707
shrinking,both,G1,r1_rms_100,0.6043,0.5895,0.6195
shrinking,both,G1,r1_mean_100,-0.1005,-0.1284,-0.0724
shrinking,both,G1,r1_rms_200,0.5105,0.5005,0.5206
shrinking,both,G1,r1_mean_200,-0.0588,-0.0783,-0.0391
shrinking,both,G1,r2_brier,0.1800,0.1772,0.1829
shrinking,both,G1,r2_bias,-0.0026,-0.0063,0.0009
shrinking,both,G1,r3_inside,0.3465,0.3363,0.3566
shrinking,both,G1,r3_below_0.5,0.1241,0.1109,0.1377
shrinking,both,G1,r3_above_0.95,0.0447,0.0401,0.0498
shrinking,both,G1,r4_false,0.5774,0.5530,0.6008
shrinking,both,G1,r4_false_0.70,0.5276,0.5044,0.5511
shrinking,both,G1,r4_below,0.0000,0.0000,0.0000
shrinking,both,G1,r4_false_at_task,0.5774,0.5540,0.6001
shrinking,both,G1,r4_declared,10.3720,10.1510,10.5920
shrinking,both,G1,r5_late_answers,9.4562,9.2365,9.6876
shrinking,both,G1,r5_never,0.2191,0.1998,0.2385
shrinking,both,G1,r6_lag,-0.1561,-0.1774,-0.1359
shrinking,both,G1,r7_error_5,0.8906,0.8393,0.9401
shrinking,both,G1,r7_error_10,0.8199,0.7753,0.8683
shrinking,both,G1,r7_longest_wrong,2.0170,1.9410,2.0910
shrinking,both,G1,r7_hard_first,0.2248,0.2085,0.2421
shrinking,both,G1,r4b_chance_below_0.5,0.3605,0.3352,0.3840
shrinking,both,G1,r4b_chance_0.5_to_0.6,0.1836,0.1755,0.1914
shrinking,both,G1,r4b_chance_0.6_to_0.7,0.1561,0.1498,0.1627
shrinking,both,G1,r4b_chance_0.7_to_0.8,0.1416,0.1313,0.1522
shrinking,both,G1,r4b_chance_0.8_up,0.1582,0.1436,0.1753
shrinking,both,G1,r3_reachable,0.7972,0.7751,0.8187
shrinking,both,G1,r8_rank_6_20,4.2400,3.7800,4.7600
shrinking,both,G1,r8_topic_rank_6_20,17.6133,16.6200,18.6667
shrinking,both,G1,r8_rank_150_200,0.4314,0.2961,0.5765
shrinking,both,G1,r8_topic_rank_150_200,5.8216,5.5118,6.1647
shrinking,both,G1,r2_ece,0.0083,0.0065,0.0117
shrinking,both,G1,r4b_3,0.1182,0.1061,0.1311
shrinking,both,G1,r4b_5,0.3380,0.3189,0.3564
shrinking,both,G1,r4b_10,0.6963,0.6752,0.7177
shrinking,both,G1,r4b_20,0.8757,0.8614,0.8891
shrinking,both,G1,r4b_50,0.9824,0.9773,0.9873
shrinking,both,G1,r8_move_p95_6_20,72.0000,72.0000,73.0000
shrinking,both,G1,r8_move_p95_150_200,36.0000,35.0000,36.0000
shrinking,both,G2,r1_rms_5,0.9921,0.9555,1.0277
shrinking,both,G2,r1_mean_5,-0.0422,-0.1090,0.0253
shrinking,both,G2,r1_rms_10,0.9286,0.8961,0.9612
shrinking,both,G2,r1_mean_10,-0.1133,-0.1727,-0.0575
shrinking,both,G2,r1_rms_20,0.8533,0.8268,0.8820
shrinking,both,G2,r1_mean_20,-0.2278,-0.2765,-0.1804
shrinking,both,G2,r1_rms_50,0.8062,0.7838,0.8292
shrinking,both,G2,r1_mean_50,-0.4820,-0.5184,-0.4469
shrinking,both,G2,r1_rms_100,0.9503,0.9287,0.9727
shrinking,both,G2,r1_mean_100,-0.7982,-0.8245,-0.7719
shrinking,both,G2,r1_rms_200,1.4199,1.4014,1.4383
shrinking,both,G2,r1_mean_200,-1.3488,-1.3690,-1.3296
shrinking,both,G2,r2_brier,0.1296,0.1281,0.1312
shrinking,both,G2,r2_bias,-0.0762,-0.0789,-0.0734
shrinking,both,G2,r3_inside,0.2609,0.2545,0.2669
shrinking,both,G2,r3_below_0.5,0.0177,0.0157,0.0197
shrinking,both,G2,r3_above_0.95,0.1583,0.1500,0.1667
shrinking,both,G2,r4_false,0.4117,0.3948,0.4288
shrinking,both,G2,r4_false_0.70,0.3001,0.2847,0.3164
shrinking,both,G2,r4_below,0.0000,0.0000,0.0000
shrinking,both,G2,r4_false_at_task,0.4117,0.3940,0.4291
shrinking,both,G2,r4_declared,14.2390,13.9850,14.5020
shrinking,both,G2,r5_late_answers,7.6576,7.5243,7.7938
shrinking,both,G2,r5_never,0.1079,0.0969,0.1189
shrinking,both,G2,r6_lag,-1.0988,-1.1210,-1.0772
shrinking,both,G2,r7_error_5,0.8372,0.7971,0.8787
shrinking,both,G2,r7_error_10,0.7633,0.7259,0.7996
shrinking,both,G2,r7_longest_wrong,1.7680,1.7120,1.8280
shrinking,both,G2,r7_hard_first,0.1360,0.1241,0.1476
shrinking,both,G2,r4b_chance_below_0.5,0.0817,0.0731,0.0899
shrinking,both,G2,r4b_chance_0.5_to_0.6,0.0867,0.0812,0.0923
shrinking,both,G2,r4b_chance_0.6_to_0.7,0.1486,0.1423,0.1548
shrinking,both,G2,r4b_chance_0.7_to_0.8,0.2356,0.2294,0.2419
shrinking,both,G2,r4b_chance_0.8_up,0.4474,0.4315,0.4648
shrinking,both,G2,r3_reachable,0.9645,0.9613,0.9678
shrinking,both,G2,r8_rank_6_20,3.5333,3.0733,4.0133
shrinking,both,G2,r8_topic_rank_6_20,17.2733,16.4000,18.2133
shrinking,both,G2,r8_rank_150_200,0.4686,0.3745,0.5647
shrinking,both,G2,r8_topic_rank_150_200,7.7431,7.4392,8.0471
shrinking,both,G2,r2_ece,0.0762,0.0734,0.0788
shrinking,both,G2,r4b_3,0.1646,0.1516,0.1781
shrinking,both,G2,r4b_5,0.5433,0.5254,0.5610
shrinking,both,G2,r4b_10,0.9269,0.9145,0.9391
shrinking,both,G2,r4b_20,1.0000,1.0000,1.0000
shrinking,both,G2,r4b_50,1.0000,1.0000,1.0000
shrinking,both,G2,r8_move_p95_6_20,73.0000,73.0000,74.0000
shrinking,both,G2,r8_move_p95_150_200,33.0000,33.0000,34.0000
shrinking,both,G3,r1_rms_5,0.9928,0.9569,1.0275
shrinking,both,G3,r1_mean_5,0.0670,-0.0019,0.1335
shrinking,both,G3,r1_rms_10,0.9233,0.8930,0.9587
shrinking,both,G3,r1_mean_10,0.0287,-0.0284,0.0848
shrinking,both,G3,r1_rms_20,0.8235,0.7998,0.8487
shrinking,both,G3,r1_mean_20,-0.0009,-0.0495,0.0490
shrinking,both,G3,r1_rms_50,0.6757,0.6583,0.6937
shrinking,both,G3,r1_mean_50,-0.0558,-0.0886,-0.0214
shrinking,both,G3,r1_rms_100,0.8075,0.7863,0.8304
shrinking,both,G3,r1_mean_100,-0.4965,-0.5309,-0.4616
shrinking,both,G3,r1_rms_200,0.8284,0.8127,0.8448
shrinking,both,G3,r1_mean_200,-0.6856,-0.7053,-0.6653
shrinking,both,G3,r2_brier,0.1520,0.1504,0.1537
shrinking,both,G3,r2_bias,-0.0341,-0.0371,-0.0310
shrinking,both,G3,r3_inside,0.3416,0.3364,0.3469
shrinking,both,G3,r3_below_0.5,0.0297,0.0270,0.0327
shrinking,both,G3,r3_above_0.95,0.0797,0.0750,0.0848
shrinking,both,G3,r4_false,0.5042,0.4863,0.5232
shrinking,both,G3,r4_false_0.70,0.3912,0.3736,0.4096
shrinking,both,G3,r4_below,0.0000,0.0000,0.0000
shrinking,both,G3,r4_false_at_task,0.5042,0.4870,0.5218
shrinking,both,G3,r4_declared,11.9990,11.7600,12.2280
shrinking,both,G3,r5_late_answers,8.4406,8.2642,8.6274
shrinking,both,G3,r5_never,0.1602,0.1457,0.1753
shrinking,both,G3,r6_lag,-0.6922,-0.7120,-0.6711
shrinking,both,G3,r6_jump_answers,79.1770,76.7970,81.6590
shrinking,both,G3,r6_jump_unsettled,0.7110,0.6830,0.7380
shrinking,both,G3,r7_error_5,0.8595,0.8198,0.9002
shrinking,both,G3,r7_error_10,0.7802,0.7433,0.8198
shrinking,both,G3,r7_longest_wrong,1.8000,1.7470,1.8540
shrinking,both,G3,r7_hard_first,0.1441,0.1321,0.1561
shrinking,both,G3,r4b_chance_below_0.5,0.1058,0.0972,0.1154
shrinking,both,G3,r4b_chance_0.5_to_0.6,0.1175,0.1116,0.1232
shrinking,both,G3,r4b_chance_0.6_to_0.7,0.1822,0.1760,0.1880
shrinking,both,G3,r4b_chance_0.7_to_0.8,0.2452,0.2392,0.2515
shrinking,both,G3,r4b_chance_0.8_up,0.3492,0.3342,0.3645
shrinking,both,G3,r3_reachable,0.9568,0.9515,0.9617
shrinking,both,G3,r8_rank_6_20,3.6867,3.2200,4.2067
shrinking,both,G3,r8_topic_rank_6_20,18.1267,17.1400,19.0733
shrinking,both,G3,r8_rank_150_200,0.6196,0.4882,0.7588
shrinking,both,G3,r8_topic_rank_150_200,7.5588,7.2569,7.8627
shrinking,both,G3,r2_ece,0.0341,0.0310,0.0373
shrinking,both,G3,r4b_3,0.1422,0.1318,0.1539
shrinking,both,G3,r4b_5,0.4650,0.4507,0.4808
shrinking,both,G3,r4b_10,0.8871,0.8747,0.8996
shrinking,both,G3,r4b_20,0.9943,0.9899,0.9980
shrinking,both,G3,r4b_50,0.9990,0.9969,1.0000
shrinking,both,G3,r8_move_p95_6_20,74.0000,73.0000,74.0000
shrinking,both,G3,r8_move_p95_150_200,35.0000,35.0000,36.0000
shrinking,both,G4,r1_rms_5,1.0315,0.9956,1.0682
shrinking,both,G4,r1_mean_5,-0.2780,-0.3435,-0.2118
shrinking,both,G4,r1_rms_10,0.9808,0.9499,1.0122
shrinking,both,G4,r1_mean_10,-0.3297,-0.3880,-0.2693
shrinking,both,G4,r1_rms_20,0.8935,0.8646,0.9227
shrinking,both,G4,r1_mean_20,-0.3628,-0.4139,-0.3138
shrinking,both,G4,r1_rms_50,0.7719,0.7518,0.7931
shrinking,both,G4,r1_mean_50,-0.4184,-0.4558,-0.3830
shrinking,both,G4,r1_rms_100,0.7025,0.6865,0.7185
shrinking,both,G4,r1_mean_100,-0.4542,-0.4785,-0.4307
shrinking,both,G4,r1_rms_200,0.6508,0.6388,0.6637
shrinking,both,G4,r1_mean_200,-0.4568,-0.4733,-0.4399
shrinking,both,G4,r2_brier,0.1774,0.1754,0.1794
shrinking,both,G4,r2_bias,0.0097,0.0066,0.0129
shrinking,both,G4,r3_inside,0.3853,0.3804,0.3902
shrinking,both,G4,r3_below_0.5,0.0564,0.0511,0.0618
shrinking,both,G4,r3_above_0.95,0.0388,0.0356,0.0424
shrinking,both,G4,r4_false,0.5786,0.5601,0.5969
shrinking,both,G4,r4_false_0.70,0.4662,0.4463,0.4850
shrinking,both,G4,r4_below,0.0000,0.0000,0.0000
shrinking,both,G4,r4_false_at_task,0.5786,0.5605,0.5969
shrinking,both,G4,r4_declared,9.5900,9.3750,9.7880
shrinking,both,G4,r5_late_answers,10.2498,10.0068,10.4951
shrinking,both,G4,r5_never,0.2247,0.2054,0.2446
shrinking,both,G4,r6_lag,-0.5029,-0.5206,-0.4847
shrinking,both,G4,r7_error_5,0.8946,0.8537,0.9378
shrinking,both,G4,r7_error_10,0.8349,0.7960,0.8727
shrinking,both,G4,r7_longest_wrong,1.8940,1.8380,1.9600
shrinking,both,G4,r7_hard_first,0.1846,0.1719,0.1974
shrinking,both,G4,r4b_chance_below_0.5,0.1690,0.1528,0.1853
shrinking,both,G4,r4b_chance_0.5_to_0.6,0.1466,0.1399,0.1531
shrinking,both,G4,r4b_chance_0.6_to_0.7,0.1959,0.1904,0.2016
shrinking,both,G4,r4b_chance_0.7_to_0.8,0.2284,0.2201,0.2364
shrinking,both,G4,r4b_chance_0.8_up,0.2601,0.2462,0.2750
shrinking,both,G4,r3_reachable,0.9471,0.9383,0.9551
shrinking,both,G4,r8_rank_6_20,3.9533,3.4667,4.4533
shrinking,both,G4,r8_topic_rank_6_20,18.2800,17.3067,19.2333
shrinking,both,G4,r8_rank_150_200,0.6412,0.4804,0.8118
shrinking,both,G4,r8_topic_rank_150_200,6.8333,6.5196,7.1608
shrinking,both,G4,r2_ece,0.0124,0.0092,0.0156
shrinking,both,G4,r4b_3,0.1199,0.1096,0.1308
shrinking,both,G4,r4b_5,0.3995,0.3828,0.4169
shrinking,both,G4,r4b_10,0.8081,0.7915,0.8234
shrinking,both,G4,r4b_20,0.9619,0.9509,0.9725
shrinking,both,G4,r4b_50,0.9930,0.9884,0.9974
shrinking,both,G4,r8_move_p95_6_20,74.0000,73.0000,74.0000
shrinking,both,G4,r8_move_p95_150_200,36.0000,36.0000,37.0000
shrinking,both,G5,r1_rms_5,0.9188,0.8790,0.9606
shrinking,both,G5,r1_mean_5,0.0248,-0.0427,0.0913
shrinking,both,G5,r1_rms_10,0.8574,0.8205,0.8920
shrinking,both,G5,r1_mean_10,0.0049,-0.0570,0.0625
shrinking,both,G5,r1_rms_20,0.8857,0.8581,0.9137
shrinking,both,G5,r1_mean_20,-0.0350,-0.0877,0.0185
shrinking,both,G5,r1_rms_50,0.7483,0.7276,0.7693
shrinking,both,G5,r1_mean_50,-0.0596,-0.0970,-0.0221
shrinking,both,G5,r1_rms_100,0.6373,0.6230,0.6528
shrinking,both,G5,r1_mean_100,-0.0711,-0.0971,-0.0445
shrinking,both,G5,r1_rms_200,0.5479,0.5370,0.5600
shrinking,both,G5,r1_mean_200,-0.0674,-0.0864,-0.0497
shrinking,both,G5,r2_brier,0.1753,0.1733,0.1774
shrinking,both,G5,r2_bias,0.0057,0.0026,0.0089
shrinking,both,G5,r3_inside,0.4103,0.4040,0.4168
shrinking,both,G5,r3_below_0.5,0.0515,0.0459,0.0575
shrinking,both,G5,r3_above_0.95,0.0359,0.0322,0.0401
shrinking,both,G5,r4_false,0.6245,0.6065,0.6422
shrinking,both,G5,r4_false_0.70,0.5224,0.5039,0.5403
shrinking,both,G5,r4_below,0.0000,0.0000,0.0000
shrinking,both,G5,r4_false_at_task,0.6245,0.6070,0.6416
shrinking,both,G5,r4_declared,9.9940,9.7750,10.2170
shrinking,both,G5,r5_late_answers,10.0480,9.8044,10.2973
shrinking,both,G5,r5_never,0.2007,0.1815,0.2198
shrinking,both,G5,r6_lag,-0.1218,-0.1403,-0.1022
shrinking,both,G5,r7_error_5,0.9882,0.9442,1.0341
shrinking,both,G5,r7_error_10,0.9334,0.8930,0.9764
shrinking,both,G5,r7_longest_wrong,1.8480,1.7830,1.9090
shrinking,both,G5,r7_hard_first,0.1432,0.1306,0.1559
shrinking,both,G5,r4b_chance_below_0.5,0.1607,0.1420,0.1803
shrinking,both,G5,r4b_chance_0.5_to_0.6,0.1500,0.1432,0.1571
shrinking,both,G5,r4b_chance_0.6_to_0.7,0.2139,0.2064,0.2219
shrinking,both,G5,r4b_chance_0.7_to_0.8,0.2343,0.2253,0.2437
shrinking,both,G5,r4b_chance_0.8_up,0.2411,0.2265,0.2565
shrinking,both,G5,r3_reachable,0.9183,0.9058,0.9296
shrinking,both,G5,r8_rank_6_20,3.5733,3.1400,4.0333
shrinking,both,G5,r8_topic_rank_6_20,17.9000,16.9667,18.8667
shrinking,both,G5,r8_rank_150_200,0.6451,0.4980,0.8157
shrinking,both,G5,r8_topic_rank_150_200,7.0353,6.6941,7.3686
shrinking,both,G5,r2_ece,0.0084,0.0051,0.0117
shrinking,both,G5,r4b_3,0.1263,0.1155,0.1379
shrinking,both,G5,r4b_5,0.3984,0.3823,0.4135
shrinking,both,G5,r4b_10,0.7994,0.7827,0.8154
shrinking,both,G5,r4b_20,0.9674,0.9565,0.9780
shrinking,both,G5,r4b_50,0.9988,0.9969,1.0000
shrinking,both,G5,r8_move_p95_6_20,73.0000,73.0000,74.0000
shrinking,both,G5,r8_move_p95_150_200,36.0000,36.0000,37.0000
shrinking,both,G6,r1_rms_5,1.0393,0.9994,1.0816
shrinking,both,G6,r1_mean_5,-0.0462,-0.1145,0.0240
shrinking,both,G6,r1_rms_10,0.9795,0.9422,1.0180
shrinking,both,G6,r1_mean_10,-0.0820,-0.1515,-0.0206
shrinking,both,G6,r1_rms_20,0.9049,0.8735,0.9405
shrinking,both,G6,r1_mean_20,-0.1040,-0.1606,-0.0478
shrinking,both,G6,r1_rms_50,0.8094,0.7794,0.8400
shrinking,both,G6,r1_mean_50,-0.1545,-0.2047,-0.1077
shrinking,both,G6,r1_rms_100,0.7574,0.7316,0.7863
shrinking,both,G6,r1_mean_100,-0.1965,-0.2384,-0.1521
shrinking,both,G6,r1_rms_200,0.7420,0.7168,0.7658
shrinking,both,G6,r1_mean_200,-0.2134,-0.2554,-0.1727
shrinking,both,G6,r2_brier,0.1761,0.1742,0.1780
shrinking,both,G6,r2_bias,0.0100,0.0070,0.0130
shrinking,both,G6,r3_inside,0.4271,0.4132,0.4415
shrinking,both,G6,r3_below_0.5,0.0547,0.0505,0.0592
shrinking,both,G6,r3_above_0.95,0.0957,0.0887,0.1028
shrinking,both,G6,r4_false,0.6418,0.6237,0.6602
shrinking,both,G6,r4_false_0.70,0.5341,0.5153,0.5536
shrinking,both,G6,r4_below,0.0000,0.0000,0.0000
shrinking,both,G6,r4_false_at_task,0.6418,0.6232,0.6602
shrinking,both,G6,r4_declared,9.2940,9.0910,9.4960
shrinking,both,G6,r5_late_answers,9.9913,9.7507,10.2506
shrinking,both,G6,r5_never,0.2373,0.2163,0.2590
shrinking,both,G6,r6_lag,-0.2398,-0.2814,-0.1979
shrinking,both,G6,r7_error_5,0.8908,0.8480,0.9377
shrinking,both,G6,r7_error_10,0.8213,0.7808,0.8661
shrinking,both,G6,r7_longest_wrong,1.7840,1.7290,1.8440
shrinking,both,G6,r7_hard_first,0.1330,0.1219,0.1440
shrinking,both,G6,r4b_chance_below_0.5,0.1197,0.1074,0.1339
shrinking,both,G6,r4b_chance_0.5_to_0.6,0.1262,0.1176,0.1348
shrinking,both,G6,r4b_chance_0.6_to_0.7,0.2475,0.2359,0.2587
shrinking,both,G6,r4b_chance_0.7_to_0.8,0.2897,0.2770,0.3032
shrinking,both,G6,r4b_chance_0.8_up,0.2170,0.2031,0.2320
shrinking,both,G6,r3_reachable,0.8062,0.7914,0.8211
shrinking,both,G6,r8_rank_6_20,4.0867,3.6200,4.6133
shrinking,both,G6,r8_topic_rank_6_20,18.2800,17.3733,19.2933
shrinking,both,G6,r8_rank_150_200,0.6333,0.4765,0.8000
shrinking,both,G6,r8_topic_rank_150_200,7.0667,6.7196,7.4314
shrinking,both,G6,r2_ece,0.0121,0.0091,0.0152
shrinking,both,G6,r4b_3,0.1227,0.1127,0.1326
shrinking,both,G6,r4b_5,0.4021,0.3874,0.4175
shrinking,both,G6,r4b_10,0.7918,0.7768,0.8073
shrinking,both,G6,r4b_20,0.9694,0.9579,0.9799
shrinking,both,G6,r4b_50,0.9982,0.9938,1.0000
shrinking,both,G6,r8_move_p95_6_20,73.0000,73.0000,73.0000
shrinking,both,G6,r8_move_p95_150_200,36.0000,36.0000,37.0000
shrinking,both,G7,r1_rms_5,1.0154,0.9812,1.0507
shrinking,both,G7,r1_mean_5,-0.0603,-0.1247,0.0066
shrinking,both,G7,r1_rms_10,0.9493,0.9189,0.9804
shrinking,both,G7,r1_mean_10,-0.0853,-0.1430,-0.0279
shrinking,both,G7,r1_rms_20,0.8602,0.8354,0.8851
shrinking,both,G7,r1_mean_20,-0.1121,-0.1618,-0.0628
shrinking,both,G7,r1_rms_50,0.7232,0.7043,0.7427
shrinking,both,G7,r1_mean_50,-0.1380,-0.1731,-0.0998
shrinking,both,G7,r1_rms_100,0.6311,0.6181,0.6449
shrinking,both,G7,r1_mean_100,-0.1380,-0.1656,-0.1089
shrinking,both,G7,r1_rms_200,0.5605,0.5505,0.5706
shrinking,both,G7,r1_mean_200,-0.1340,-0.1576,-0.1112
shrinking,both,G7,r2_brier,0.1726,0.1707,0.1745
shrinking,both,G7,r2_bias,0.0036,0.0006,0.0069
shrinking,both,G7,r3_inside,0.4241,0.4182,0.4295
shrinking,both,G7,r3_below_0.5,0.0419,0.0372,0.0471
shrinking,both,G7,r3_above_0.95,0.0298,0.0270,0.0330
shrinking,both,G7,r4_false,0.6424,0.6267,0.6599
shrinking,both,G7,r4_false_0.70,0.5344,0.5159,0.5528
shrinking,both,G7,r4_below,0.0000,0.0000,0.0000
shrinking,both,G7,r4_false_at_task,0.6424,0.6254,0.6588
shrinking,both,G7,r4_declared,9.6220,9.4000,9.8370
shrinking,both,G7,r5_late_answers,9.7856,9.5535,10.0124
shrinking,both,G7,r5_never,0.2324,0.2119,0.2531
shrinking,both,G7,r6_lag,-0.1710,-0.1936,-0.1474
shrinking,both,G7,r7_error_5,0.8754,0.8354,0.9158
shrinking,both,G7,r7_error_10,0.7987,0.7629,0.8355
shrinking,both,G7,r7_longest_wrong,1.8040,1.7460,1.8640
shrinking,both,G7,r7_hard_first,0.1488,0.1368,0.1610
shrinking,both,G7,r4b_chance_below_0.5,0.1247,0.1104,0.1406
shrinking,both,G7,r4b_chance_0.5_to_0.6,0.1358,0.1294,0.1421
shrinking,both,G7,r4b_chance_0.6_to_0.7,0.2109,0.2044,0.2176
shrinking,both,G7,r4b_chance_0.7_to_0.8,0.2615,0.2535,0.2693
shrinking,both,G7,r4b_chance_0.8_up,0.2673,0.2532,0.2817
shrinking,both,G7,r3_reachable,0.9316,0.9221,0.9411
shrinking,both,G7,r8_rank_6_20,3.8733,3.4067,4.3667
shrinking,both,G7,r8_topic_rank_6_20,17.7800,16.8333,18.7333
shrinking,both,G7,r8_rank_150_200,0.6157,0.4725,0.7686
shrinking,both,G7,r8_topic_rank_150_200,7.0902,6.7275,7.4627
shrinking,both,G7,r2_ece,0.0057,0.0028,0.0088
shrinking,both,G7,r4b_3,0.1372,0.1263,0.1477
shrinking,both,G7,r4b_5,0.4128,0.3982,0.4283
shrinking,both,G7,r4b_10,0.8049,0.7911,0.8198
shrinking,both,G7,r4b_20,0.9748,0.9660,0.9833
shrinking,both,G7,r4b_50,0.9941,0.9883,0.9985
shrinking,both,G7,r8_move_p95_6_20,73.0000,73.0000,74.0000
shrinking,both,G7,r8_move_p95_150_200,37.0000,36.0000,37.0000
shrinking,both,G8,r1_rms_5,0.9739,0.9390,1.0094
shrinking,both,G8,r1_mean_5,0.0486,-0.0141,0.1115
shrinking,both,G8,r1_rms_10,0.9043,0.8738,0.9346
shrinking,both,G8,r1_mean_10,0.0095,-0.0477,0.0673
shrinking,both,G8,r1_rms_20,0.8084,0.7832,0.8312
shrinking,both,G8,r1_mean_20,-0.0205,-0.0669,0.0283
shrinking,both,G8,r1_rms_50,0.6546,0.6386,0.6716
shrinking,both,G8,r1_mean_50,-0.0556,-0.0878,-0.0232
shrinking,both,G8,r1_rms_100,0.5619,0.5508,0.5729
shrinking,both,G8,r1_mean_100,-0.0713,-0.0950,-0.0496
shrinking,both,G8,r1_rms_200,0.4868,0.4788,0.4948
shrinking,both,G8,r1_mean_200,-0.0708,-0.0861,-0.0547
shrinking,both,G8,r2_brier,0.1740,0.1722,0.1758
shrinking,both,G8,r2_bias,0.0061,0.0032,0.0092
shrinking,both,G8,r3_inside,0.4331,0.4274,0.4389
shrinking,both,G8,r3_below_0.5,0.0381,0.0341,0.0426
shrinking,both,G8,r3_above_0.95,0.0268,0.0241,0.0296
shrinking,both,G8,r4_false,0.6495,0.6324,0.6664
shrinking,both,G8,r4_false_0.70,0.5425,0.5241,0.5614
shrinking,both,G8,r4_below,0.0000,0.0000,0.0000
shrinking,both,G8,r4_false_at_task,0.6495,0.6323,0.6658
shrinking,both,G8,r4_declared,7.2330,7.0370,7.4130
shrinking,both,G8,r5_late_answers,11.2221,10.9029,11.5469
shrinking,both,G8,r5_never,0.3979,0.3763,0.4216
shrinking,both,G8,r6_lag,-0.1032,-0.1200,-0.0855
shrinking,both,G8,r7_error_5,0.8211,0.7796,0.8593
shrinking,both,G8,r7_error_10,0.7441,0.7079,0.7816
shrinking,both,G8,r7_longest_wrong,1.8050,1.7490,1.8660
shrinking,both,G8,r7_hard_first,0.1405,0.1298,0.1517
shrinking,both,G8,r4b_chance_below_0.5,0.1103,0.0971,0.1255
shrinking,both,G8,r4b_chance_0.5_to_0.6,0.1345,0.1286,0.1403
shrinking,both,G8,r4b_chance_0.6_to_0.7,0.2165,0.2094,0.2232
shrinking,both,G8,r4b_chance_0.7_to_0.8,0.2676,0.2598,0.2759
shrinking,both,G8,r4b_chance_0.8_up,0.2711,0.2564,0.2852
shrinking,both,G8,r3_reachable,0.9485,0.9406,0.9557
shrinking,both,G8,r8_rank_6_20,3.6200,3.1867,4.1067
shrinking,both,G8,r8_topic_rank_6_20,17.9133,17.0133,18.8333
shrinking,both,G8,r8_rank_150_200,0.5824,0.4333,0.7392
shrinking,both,G8,r8_topic_rank_150_200,7.5627,7.2333,7.9098
shrinking,both,G8,r2_ece,0.0076,0.0045,0.0105
shrinking,both,G8,r4b_3,0.0717,0.0643,0.0794
shrinking,both,G8,r4b_5,0.2933,0.2800,0.3070
shrinking,both,G8,r4b_10,0.6521,0.6340,0.6701
shrinking,both,G8,r4b_20,0.9267,0.9080,0.9457
shrinking,both,G8,r4b_50,0.9914,0.9807,1.0000
shrinking,both,G8,r8_move_p95_6_20,73.0000,73.0000,74.0000
shrinking,both,G8,r8_move_p95_150_200,37.0000,37.0000,37.0000
shrinking,both,G0-exact,r1_rms_5,0.9951,0.9583,1.0317
shrinking,both,G0-exact,r1_mean_5,0.0084,-0.0547,0.0738
shrinking,both,G0-exact,r1_rms_10,0.9290,0.8989,0.9599
shrinking,both,G0-exact,r1_mean_10,-0.0131,-0.0706,0.0444
shrinking,both,G0-exact,r1_rms_20,0.8159,0.7919,0.8411
shrinking,both,G0-exact,r1_mean_20,-0.0226,-0.0707,0.0250
shrinking,both,G0-exact,r1_rms_50,0.6571,0.6415,0.6738
shrinking,both,G0-exact,r1_mean_50,-0.0429,-0.0762,-0.0097
shrinking,both,G0-exact,r1_rms_100,0.5535,0.5426,0.5637
shrinking,both,G0-exact,r1_mean_100,-0.0467,-0.0695,-0.0248
shrinking,both,G0-exact,r1_rms_200,0.4774,0.4697,0.4856
shrinking,both,G0-exact,r1_mean_200,-0.0327,-0.0489,-0.0164
shrinking,both,G0-exact,r2_brier,0.1718,0.1700,0.1736
shrinking,both,G0-exact,r2_bias,0.0019,-0.0011,0.0050
shrinking,both,G0-exact,r3_inside,0.5459,0.5359,0.5564
shrinking,both,G0-exact,r3_below_0.5,0.0216,0.0183,0.0253
shrinking,both,G0-exact,r3_above_0.95,0.0106,0.0085,0.0129
shrinking,both,G0-exact,r4_false,0.6629,0.6469,0.6785
shrinking,both,G0-exact,r4_false_0.70,0.5503,0.5315,0.5689
shrinking,both,G0-exact,r4_below,0.0000,0.0000,0.0000
shrinking,both,G0-exact,r4_false_at_task,0.6629,0.6472,0.6796
shrinking,both,G0-exact,r4_declared,9.6750,9.4670,9.8830
shrinking,both,G0-exact,r5_late_answers,9.9503,9.7217,10.1982
shrinking,both,G0-exact,r5_never,0.2308,0.2101,0.2521
shrinking,both,G0-exact,r6_lag,-0.0617,-0.0777,-0.0445
shrinking,both,G0-exact,r7_error_5,0.8598,0.8193,0.9022
shrinking,both,G0-exact,r7_error_10,0.7836,0.7474,0.8220
shrinking,both,G0-exact,r7_longest_wrong,1.7960,1.7380,1.8540
shrinking,both,G0-exact,r7_hard_first,0.1226,0.1109,0.1341
shrinking,both,G0-exact,r4b_chance_below_0.5,0.0734,0.0627,0.0849
shrinking,both,G0-exact,r4b_chance_0.5_to_0.6,0.1254,0.1157,0.1350
shrinking,both,G0-exact,r4b_chance_0.6_to_0.7,0.2626,0.2498,0.2759
shrinking,both,G0-exact,r4b_chance_0.7_to_0.8,0.3309,0.3169,0.3440
shrinking,both,G0-exact,r4b_chance_0.8_up,0.2078,0.1915,0.2235
shrinking,both,G0-exact,r3_reachable,0.9384,0.9294,0.9470
shrinking,both,G0-exact,r8_rank_6_20,3.5667,3.1400,4.0333
shrinking,both,G0-exact,r8_topic_rank_6_20,17.8400,16.9667,18.7800
shrinking,both,G0-exact,r8_rank_150_200,0.6941,0.5294,0.8667
shrinking,both,G0-exact,r8_topic_rank_150_200,7.0784,6.7431,7.4176
shrinking,both,G0-exact,r2_ece,0.0046,0.0025,0.0076
shrinking,both,G0-exact,r4b_3,0.1451,0.1337,0.1562
shrinking,both,G0-exact,r4b_5,0.4248,0.4102,0.4393
shrinking,both,G0-exact,r4b_10,0.8288,0.8154,0.8423
shrinking,both,G0-exact,r4b_20,0.9801,0.9729,0.9871
shrinking,both,G0-exact,r4b_50,0.9992,0.9975,1.0000
shrinking,both,G0-exact,r8_move_p95_6_20,73.0000,72.0000,73.0000
shrinking,both,G0-exact,r8_move_p95_150_200,37.0000,36.0000,37.0000
shrinking,both,G0-miss0.25,r1_rms_5,0.9973,0.9630,1.0342
shrinking,both,G0-miss0.25,r1_mean_5,0.0220,-0.0469,0.0889
shrinking,both,G0-miss0.25,r1_rms_10,0.9303,0.9006,0.9609
shrinking,both,G0-miss0.25,r1_mean_10,-0.0112,-0.0721,0.0460
shrinking,both,G0-miss0.25,r1_rms_20,0.8200,0.7963,0.8456
shrinking,both,G0-miss0.25,r1_mean_20,-0.0384,-0.0868,0.0099
shrinking,both,G0-miss0.25,r1_rms_50,0.6635,0.6469,0.6803
shrinking,both,G0-miss0.25,r1_mean_50,-0.0602,-0.0947,-0.0262
shrinking,both,G0-miss0.25,r1_rms_100,0.5622,0.5514,0.5730
shrinking,both,G0-miss0.25,r1_mean_100,-0.0590,-0.0818,-0.0358
shrinking,both,G0-miss0.25,r1_rms_200,0.4796,0.4715,0.4878
shrinking,both,G0-miss0.25,r1_mean_200,-0.0451,-0.0614,-0.0279
shrinking,both,G0-miss0.25,r2_brier,0.1720,0.1702,0.1740
shrinking,both,G0-miss0.25,r2_bias,0.0026,-0.0006,0.0057
shrinking,both,G0-miss0.25,r3_inside,0.5002,0.4921,0.5090
shrinking,both,G0-miss0.25,r3_below_0.5,0.0264,0.0225,0.0308
shrinking,both,G0-miss0.25,r3_above_0.95,0.0143,0.0121,0.0166
shrinking,both,G0-miss0.25,r4_false,0.6529,0.6371,0.6681
shrinking,both,G0-miss0.25,r4_false_0.70,0.5465,0.5289,0.5651
shrinking,both,G0-miss0.25,r4_below,0.0000,0.0000,0.0000
shrinking,both,G0-miss0.25,r4_false_at_task,0.6529,0.6373,0.6685
shrinking,both,G0-miss0.25,r4_declared,9.7660,9.5490,9.9930
shrinking,both,G0-miss0.25,r5_late_answers,9.7571,9.5320,9.9920
shrinking,both,G0-miss0.25,r5_never,0.2160,0.1962,0.2355
shrinking,both,G0-miss0.25,r6_lag,-0.0824,-0.0999,-0.0656
shrinking,both,G0-miss0.25,r7_error_5,0.8725,0.8335,0.9132
shrinking,both,G0-miss0.25,r7_error_10,0.7915,0.7531,0.8272
shrinking,both,G0-miss0.25,r7_longest_wrong,1.8090,1.7510,1.8710
shrinking,both,G0-miss0.25,r7_hard_first,0.1315,0.1202,0.1435
shrinking,both,G0-miss0.25,r4b_chance_below_0.5,0.0871,0.0749,0.1013
shrinking,both,G0-miss0.25,r4b_chance_0.5_to_0.6,0.1302,0.1216,0.1391
shrinking,both,G0-miss0.25,r4b_chance_0.6_to_0.7,0.2396,0.2306,0.2486
shrinking,both,G0-miss0.25,r4b_chance_0.7_to_0.8,0.3062,0.2945,0.3173
shrinking,both,G0-miss0.25,r4b_chance_0.8_up,0.2369,0.2211,0.2525
shrinking,both,G0-miss0.25,r3_reachable,0.9418,0.9326,0.9501
shrinking,both,G0-miss0.25,r8_rank_6_20,3.4800,3.0467,3.9400
shrinking,both,G0-miss0.25,r8_topic_rank_6_20,17.0400,16.1133,17.9400
shrinking,both,G0-miss0.25,r8_rank_150_200,0.6569,0.5020,0.8118
shrinking,both,G0-miss0.25,r8_topic_rank_150_200,7.0647,6.7294,7.3961
shrinking,both,G0-miss0.25,r2_ece,0.0047,0.0020,0.0080
shrinking,both,G0-miss0.25,r4b_3,0.1370,0.1263,0.1476
shrinking,both,G0-miss0.25,r4b_5,0.4258,0.4111,0.4406
shrinking,both,G0-miss0.25,r4b_10,0.8199,0.8054,0.8345
shrinking,both,G0-miss0.25,r4b_20,0.9809,0.9718,0.9890
shrinking,both,G0-miss0.25,r4b_50,0.9970,0.9940,0.9994
shrinking,both,G0-miss0.25,r8_move_p95_6_20,73.0000,73.0000,74.0000
shrinking,both,G0-miss0.25,r8_move_p95_150_200,37.0000,36.0000,37.0000
shrinking,both,G0-miss1,r1_rms_5,1.0346,0.9985,1.0716
shrinking,both,G0-miss1,r1_mean_5,-0.0610,-0.1279,0.0095
shrinking,both,G0-miss1,r1_rms_10,0.9701,0.9373,1.0032
shrinking,both,G0-miss1,r1_mean_10,-0.1012,-0.1632,-0.0391
shrinking,both,G0-miss1,r1_rms_20,0.8771,0.8518,0.9054
shrinking,both,G0-miss1,r1_mean_20,-0.1298,-0.1822,-0.0773
shrinking,both,G0-miss1,r1_rms_50,0.7252,0.7064,0.7438
shrinking,both,G0-miss1,r1_mean_50,-0.1812,-0.2164,-0.1435
shrinking,both,G0-miss1,r1_rms_100,0.6242,0.6107,0.6374
shrinking,both,G0-miss1,r1_mean_100,-0.2025,-0.2297,-0.1775
shrinking,both,G0-miss1,r1_rms_200,0.5490,0.5390,0.5589
shrinking,both,G0-miss1,r1_mean_200,-0.2071,-0.2252,-0.1883
shrinking,both,G0-miss1,r2_brier,0.1755,0.1737,0.1775
shrinking,both,G0-miss1,r2_bias,0.0079,0.0047,0.0111
shrinking,both,G0-miss1,r3_inside,0.2953,0.2923,0.2984
shrinking,both,G0-miss1,r3_below_0.5,0.0874,0.0828,0.0923
shrinking,both,G0-miss1,r3_above_0.95,0.1118,0.1070,0.1171
shrinking,both,G0-miss1,r4_false,0.6309,0.6132,0.6483
shrinking,both,G0-miss1,r4_false_0.70,0.5268,0.5079,0.5455
shrinking,both,G0-miss1,r4_below,0.0000,0.0000,0.0000
shrinking,both,G0-miss1,r4_false_at_task,0.6309,0.6141,0.6484
shrinking,both,G0-miss1,r4_declared,9.7700,9.5690,9.9830
shrinking,both,G0-miss1,r5_late_answers,10.2094,9.9653,10.4651
shrinking,both,G0-miss1,r5_never,0.2243,0.2045,0.2449
shrinking,both,G0-miss1,r6_lag,-0.2418,-0.2615,-0.2215
shrinking,both,G0-miss1,r7_error_5,0.8925,0.8528,0.9326
shrinking,both,G0-miss1,r7_error_10,0.8213,0.7839,0.8617
shrinking,both,G0-miss1,r7_longest_wrong,1.8190,1.7600,1.8780
shrinking,both,G0-miss1,r7_hard_first,0.1785,0.1675,0.1899
shrinking,both,G0-miss1,r4b_chance_below_0.5,0.1831,0.1709,0.1970
shrinking,both,G0-miss1,r4b_chance_0.5_to_0.6,0.1190,0.1149,0.1232
shrinking,both,G0-miss1,r4b_chance_0.6_to_0.7,0.1514,0.1468,0.1558
shrinking,both,G0-miss1,r4b_chance_0.7_to_0.8,0.1808,0.1754,0.1856
shrinking,both,G0-miss1,r4b_chance_0.8_up,0.3657,0.3530,0.3784
shrinking,both,G0-miss1,r3_reachable,0.9446,0.9361,0.9528
shrinking,both,G0-miss1,r8_rank_6_20,3.6333,3.1800,4.0800
shrinking,both,G0-miss1,r8_topic_rank_6_20,17.5467,16.6000,18.4533
shrinking,both,G0-miss1,r8_rank_150_200,0.9039,0.7078,1.1098
shrinking,both,G0-miss1,r8_topic_rank_150_200,7.1686,6.8353,7.5020
shrinking,both,G0-miss1,r2_ece,0.0097,0.0066,0.0129
shrinking,both,G0-miss1,r4b_3,0.1369,0.1263,0.1479
shrinking,both,G0-miss1,r4b_5,0.4299,0.4144,0.4443
shrinking,both,G0-miss1,r4b_10,0.8281,0.8131,0.8427
shrinking,both,G0-miss1,r4b_20,0.9785,0.9693,0.9873
shrinking,both,G0-miss1,r4b_50,0.9987,0.9956,1.0000
shrinking,both,G0-miss1,r8_move_p95_6_20,73.0000,73.0000,74.0000
shrinking,both,G0-miss1,r8_move_p95_150_200,37.0000,36.0000,37.0000
shrinking,both,G2-half,r1_rms_5,1.0012,0.9632,1.0368
shrinking,both,G2-half,r1_mean_5,-0.0541,-0.1208,0.0143
shrinking,both,G2-half,r1_rms_10,0.9427,0.9102,0.9766
shrinking,both,G2-half,r1_mean_10,-0.1091,-0.1695,-0.0530
shrinking,both,G2-half,r1_rms_20,0.8553,0.8290,0.8839
shrinking,both,G2-half,r1_mean_20,-0.1656,-0.2168,-0.1149
shrinking,both,G2-half,r1_rms_50,0.7299,0.7093,0.7507
shrinking,both,G2-half,r1_mean_50,-0.2999,-0.3364,-0.2647
shrinking,both,G2-half,r1_rms_100,0.7036,0.6864,0.7224
shrinking,both,G2-half,r1_mean_100,-0.4497,-0.4754,-0.4234
shrinking,both,G2-half,r1_rms_200,0.8296,0.8144,0.8446
shrinking,both,G2-half,r1_mean_200,-0.6938,-0.7123,-0.6755
shrinking,both,G2-half,r2_brier,0.1478,0.1461,0.1495
shrinking,both,G2-half,r2_bias,-0.0418,-0.0448,-0.0388
shrinking,both,G2-half,r3_inside,0.3557,0.3489,0.3621
shrinking,both,G2-half,r3_below_0.5,0.0235,0.0209,0.0265
shrinking,both,G2-half,r3_above_0.95,0.0729,0.0673,0.0788
shrinking,both,G2-half,r4_false,0.5196,0.5017,0.5381
shrinking,both,G2-half,r4_false_0.70,0.3956,0.3777,0.4134
shrinking,both,G2-half,r4_below,0.0000,0.0000,0.0000
shrinking,both,G2-half,r4_false_at_task,0.5196,0.5006,0.5393
shrinking,both,G2-half,r4_declared,11.8780,11.6430,12.1340
shrinking,both,G2-half,r5_late_answers,8.4728,8.2994,8.6556
shrinking,both,G2-half,r5_never,0.1716,0.1557,0.1872
shrinking,both,G2-half,r6_lag,-0.6110,-0.6316,-0.5918
shrinking,both,G2-half,r7_error_5,0.8592,0.8171,0.9029
shrinking,both,G2-half,r7_error_10,0.7886,0.7489,0.8294
shrinking,both,G2-half,r7_longest_wrong,1.7270,1.6740,1.7820
shrinking,both,G2-half,r7_hard_first,0.1346,0.1226,0.1460
shrinking,both,G2-half,r4b_chance_below_0.5,0.0914,0.0810,0.1028
shrinking,both,G2-half,r4b_chance_0.5_to_0.6,0.1004,0.0943,0.1063
shrinking,both,G2-half,r4b_chance_0.6_to_0.7,0.1802,0.1736,0.1870
shrinking,both,G2-half,r4b_chance_0.7_to_0.8,0.2592,0.2516,0.2660
shrinking,both,G2-half,r4b_chance_0.8_up,0.3688,0.3532,0.3848
shrinking,both,G2-half,r3_reachable,0.9595,0.9549,0.9637
shrinking,both,G2-half,r8_rank_6_20,3.7200,3.2667,4.1933
shrinking,both,G2-half,r8_topic_rank_6_20,17.1733,16.2533,18.1667
shrinking,both,G2-half,r8_rank_150_200,0.6961,0.5333,0.8588
shrinking,both,G2-half,r8_topic_rank_150_200,7.4078,7.0941,7.7235
shrinking,both,G2-half,r2_ece,0.0418,0.0388,0.0449
shrinking,both,G2-half,r4b_3,0.1543,0.1417,0.1661
shrinking,both,G2-half,r4b_5,0.4789,0.4623,0.4954
shrinking,both,G2-half,r4b_10,0.8779,0.8635,0.8916
shrinking,both,G2-half,r4b_20,0.9940,0.9894,0.9976
shrinking,both,G2-half,r4b_50,0.9987,0.9966,1.0000
shrinking,both,G2-half,r8_move_p95_6_20,73.0000,73.0000,74.0000
shrinking,both,G2-half,r8_move_p95_150_200,35.0000,35.0000,36.0000
shrinking,both,G2-fading,r1_rms_5,0.9902,0.9535,1.0261
shrinking,both,G2-fading,r1_mean_5,-0.0664,-0.1340,-0.0014
shrinking,both,G2-fading,r1_rms_10,0.9298,0.8986,0.9612
shrinking,both,G2-fading,r1_mean_10,-0.1168,-0.1748,-0.0564
shrinking,both,G2-fading,r1_rms_20,0.8499,0.8229,0.8767
shrinking,both,G2-fading,r1_mean_20,-0.1972,-0.2478,-0.1482
shrinking,both,G2-fading,r1_rms_50,0.7416,0.7214,0.7617
shrinking,both,G2-fading,r1_mean_50,-0.3312,-0.3662,-0.2965
shrinking,both,G2-fading,r1_rms_100,0.6898,0.6730,0.7066
shrinking,both,G2-fading,r1_mean_100,-0.4196,-0.4462,-0.3946
shrinking,both,G2-fading,r1_rms_200,0.6473,0.6347,0.6608
shrinking,both,G2-fading,r1_mean_200,-0.4492,-0.4667,-0.4317
shrinking,both,G2-fading,r2_brier,0.1497,0.1480,0.1515
shrinking,both,G2-fading,r2_bias,-0.0371,-0.0402,-0.0340
shrinking,both,G2-fading,r3_inside,0.3739,0.3672,0.3804
shrinking,both,G2-fading,r3_below_0.5,0.0235,0.0205,0.0268
shrinking,both,G2-fading,r3_above_0.95,0.0634,0.0583,0.0684
shrinking,both,G2-fading,r4_false,0.5233,0.5057,0.5416
shrinking,both,G2-fading,r4_false_0.70,0.4064,0.3889,0.4247
shrinking,both,G2-fading,r4_below,0.0000,0.0000,0.0000
shrinking,both,G2-fading,r4_false_at_task,0.5233,0.5059,0.5418
shrinking,both,G2-fading,r4_declared,11.7660,11.5330,11.9980
shrinking,both,G2-fading,r5_late_answers,8.8926,8.7111,9.0717
shrinking,both,G2-fading,r5_never,0.1624,0.1462,0.1802
shrinking,both,G2-fading,r6_lag,-0.4747,-0.4934,-0.4556
shrinking,both,G2-fading,r7_error_5,0.8439,0.8026,0.8864
shrinking,both,G2-fading,r7_error_10,0.7774,0.7415,0.8165
shrinking,both,G2-fading,r7_longest_wrong,1.6750,1.6220,1.7280
shrinking,both,G2-fading,r7_hard_first,0.1329,0.1215,0.1443
shrinking,both,G2-fading,r4b_chance_below_0.5,0.0891,0.0777,0.1023
shrinking,both,G2-fading,r4b_chance_0.5_to_0.6,0.1035,0.0976,0.1095
shrinking,both,G2-fading,r4b_chance_0.6_to_0.7,0.1893,0.1823,0.1964
shrinking,both,G2-fading,r4b_chance_0.7_to_0.8,0.2612,0.2537,0.2684
shrinking,both,G2-fading,r4b_chance_0.8_up,0.3569,0.3409,0.3724
shrinking,both,G2-fading,r3_reachable,0.9614,0.9568,0.9653
shrinking,both,G2-fading,r8_rank_6_20,3.0600,2.6400,3.4867
shrinking,both,G2-fading,r8_topic_rank_6_20,16.7200,15.8067,17.6200
shrinking,both,G2-fading,r8_rank_150_200,0.5608,0.4314,0.6941
shrinking,both,G2-fading,r8_topic_rank_150_200,7.4706,7.1471,7.8039
shrinking,both,G2-fading,r2_ece,0.0371,0.0340,0.0402
shrinking,both,G2-fading,r4b_3,0.1607,0.1490,0.1732
shrinking,both,G2-fading,r4b_5,0.4726,0.4570,0.4888
shrinking,both,G2-fading,r4b_10,0.8786,0.8646,0.8920
shrinking,both,G2-fading,r4b_20,0.9887,0.9820,0.9943
shrinking,both,G2-fading,r4b_50,0.9976,0.9937,1.0000
shrinking,both,G2-fading,r8_move_p95_6_20,73.0000,73.0000,73.0000
shrinking,both,G2-fading,r8_move_p95_150_200,36.0000,36.0000,36.0000
shrinking,both,G3-drop,r1_rms_5,0.9785,0.9453,1.0111
shrinking,both,G3-drop,r1_mean_5,0.0068,-0.0581,0.0713
shrinking,both,G3-drop,r1_rms_10,0.9026,0.8751,0.9304
shrinking,both,G3-drop,r1_mean_10,-0.0267,-0.0838,0.0289
shrinking,both,G3-drop,r1_rms_20,0.8155,0.7929,0.8385
shrinking,both,G3-drop,r1_mean_20,-0.0528,-0.0986,-0.0052
shrinking,both,G3-drop,r1_rms_50,0.6611,0.6457,0.6761
shrinking,both,G3-drop,r1_mean_50,-0.0708,-0.1030,-0.0365
shrinking,both,G3-drop,r1_rms_100,0.7321,0.7145,0.7502
shrinking,both,G3-drop,r1_mean_100,0.3293,0.2965,0.3641
shrinking,both,G3-drop,r1_rms_200,0.6786,0.6655,0.6920
shrinking,both,G3-drop,r1_mean_200,0.4739,0.4570,0.4902
shrinking,both,G3-drop,r2_brier,0.1994,0.1976,0.2013
shrinking,both,G3-drop,r2_bias,0.0511,0.0478,0.0543
shrinking,both,G3-drop,r3_inside,0.3923,0.3871,0.3974
shrinking,both,G3-drop,r3_below_0.5,0.0795,0.0741,0.0855
shrinking,both,G3-drop,r3_above_0.95,0.0210,0.0187,0.0233
shrinking,both,G3-drop,r4_false,0.7052,0.6883,0.7213
shrinking,both,G3-drop,r4_false_0.70,0.6175,0.6001,0.6352
shrinking,both,G3-drop,r4_below,0.0000,0.0000,0.0000
shrinking,both,G3-drop,r4_false_at_task,0.7052,0.6889,0.7223
shrinking,both,G3-drop,r4_declared,8.3760,8.1820,8.5670
shrinking,both,G3-drop,r5_late_answers,10.0767,9.8013,10.3778
shrinking,both,G3-drop,r5_never,0.3520,0.3299,0.3730
shrinking,both,G3-drop,r6_lag,0.3752,0.3580,0.3934
shrinking,both,G3-drop,r6_jump_answers,56.1270,53.7090,58.5490
shrinking,both,G3-drop,r6_jump_unsettled,0.3820,0.3530,0.4130
shrinking,both,G3-drop,r7_error_5,0.8314,0.7945,0.8709
shrinking,both,G3-drop,r7_error_10,0.7534,0.7191,0.7874
shrinking,both,G3-drop,r7_longest_wrong,1.7800,1.7250,1.8380
shrinking,both,G3-drop,r7_hard_first,0.1338,0.1231,0.1451
shrinking,both,G3-drop,r4b_chance_below_0.5,0.1693,0.1561,0.1841
shrinking,both,G3-drop,r4b_chance_0.5_to_0.6,0.1738,0.1676,0.1796
shrinking,both,G3-drop,r4b_chance_0.6_to_0.7,0.2233,0.2168,0.2295
shrinking,both,G3-drop,r4b_chance_0.7_to_0.8,0.2306,0.2238,0.2374
shrinking,both,G3-drop,r4b_chance_0.8_up,0.2030,0.1914,0.2145
shrinking,both,G3-drop,r3_reachable,0.9001,0.8897,0.9102
shrinking,both,G3-drop,r8_rank_6_20,3.5400,3.1133,3.9667
shrinking,both,G3-drop,r8_topic_rank_6_20,17.1200,16.2467,18.0333
shrinking,both,G3-drop,r8_rank_150_200,1.0078,0.8098,1.2157
shrinking,both,G3-drop,r8_topic_rank_150_200,8.3451,8.0039,8.6941
shrinking,both,G3-drop,r2_ece,0.0512,0.0480,0.0546
shrinking,both,G3-drop,r4b_3,0.1092,0.1003,0.1187
shrinking,both,G3-drop,r4b_5,0.3594,0.3443,0.3738
shrinking,both,G3-drop,r4b_10,0.7374,0.7218,0.7531
shrinking,both,G3-drop,r4b_20,0.9539,0.9406,0.9670
shrinking,both,G3-drop,r4b_50,0.9932,0.9827,1.0000
shrinking,both,G3-drop,r8_move_p95_6_20,73.0000,73.0000,74.0000
shrinking,both,G3-drop,r8_move_p95_150_200,39.0000,38.0000,39.0000
shrinking,both,G0-start0.5,r1_rms_5,0.9748,0.9395,1.0120
shrinking,both,G0-start0.5,r1_mean_5,0.0151,-0.0552,0.0789
shrinking,both,G0-start0.5,r1_rms_10,0.9094,0.8793,0.9404
shrinking,both,G0-start0.5,r1_mean_10,-0.0154,-0.0710,0.0429
shrinking,both,G0-start0.5,r1_rms_20,0.8228,0.7977,0.8470
shrinking,both,G0-start0.5,r1_mean_20,-0.0344,-0.0820,0.0138
shrinking,both,G0-start0.5,r1_rms_50,0.6657,0.6493,0.6825
shrinking,both,G0-start0.5,r1_mean_50,-0.0613,-0.0968,-0.0287
shrinking,both,G0-start0.5,r1_rms_100,0.5632,0.5520,0.5750
shrinking,both,G0-start0.5,r1_mean_100,-0.0761,-0.1004,-0.0524
shrinking,both,G0-start0.5,r1_rms_200,0.4866,0.4782,0.4951
shrinking,both,G0-start0.5,r1_mean_200,-0.0666,-0.0832,-0.0503
shrinking,both,G0-start0.5,r2_brier,0.1711,0.1694,0.1727
shrinking,both,G0-start0.5,r2_bias,0.0038,0.0006,0.0068
shrinking,both,G0-start0.5,r3_inside,0.4327,0.4276,0.4380
shrinking,both,G0-start0.5,r3_below_0.5,0.0331,0.0303,0.0361
shrinking,both,G0-start0.5,r3_above_0.95,0.0281,0.0252,0.0315
shrinking,both,G0-start0.5,r4_false,0.6757,0.6623,0.6894
shrinking,both,G0-start0.5,r4_false_0.70,0.5649,0.5488,0.5798
shrinking,both,G0-start0.5,r4_below,0.0000,0.0000,0.0000
shrinking,both,G0-start0.5,r4_false_at_task,0.6757,0.6620,0.6896
shrinking,both,G0-start0.5,r4_declared,9.5510,9.3460,9.7660
shrinking,both,G0-start0.5,r5_late_answers,10.0955,9.8356,10.3589
shrinking,both,G0-start0.5,r5_never,0.2026,0.1839,0.2211
shrinking,both,G0-start0.5,r6_lag,-0.1203,-0.1380,-0.1014
shrinking,both,G0-start0.5,r7_error_5,0.8265,0.7864,0.8681
shrinking,both,G0-start0.5,r7_error_10,0.7524,0.7166,0.7879
shrinking,both,G0-start0.5,r7_longest_wrong,1.7650,1.7130,1.8190
shrinking,both,G0-start0.5,r7_hard_first,0.1288,0.1180,0.1395
shrinking,both,G0-start0.5,r4b_chance_below_0.5,0.0955,0.0873,0.1038
shrinking,both,G0-start0.5,r4b_chance_0.5_to_0.6,0.1256,0.1198,0.1316
shrinking,both,G0-start0.5,r4b_chance_0.6_to_0.7,0.2037,0.1973,0.2098
shrinking,both,G0-start0.5,r4b_chance_0.7_to_0.8,0.2656,0.2592,0.2721
shrinking,both,G0-start0.5,r4b_chance_0.8_up,0.3096,0.2957,0.3244
shrinking,both,G0-start0.5,r3_reachable,0.9653,0.9611,0.9692
shrinking,both,G0-start0.5,r8_rank_6_20,3.5867,3.1400,4.0533
shrinking,both,G0-start0.5,r8_topic_rank_6_20,17.5867,16.6667,18.5400
shrinking,both,G0-start0.5,r8_rank_150_200,0.7784,0.6078,0.9647
shrinking,both,G0-start0.5,r8_topic_rank_150_200,7.4471,7.1176,7.7843
shrinking,both,G0-start0.5,r2_ece,0.0050,0.0026,0.0080
shrinking,both,G0-start0.5,r4b_3,0.1492,0.1392,0.1610
shrinking,both,G0-start0.5,r4b_5,0.4314,0.4174,0.4463
shrinking,both,G0-start0.5,r4b_10,0.8311,0.8180,0.8439
shrinking,both,G0-start0.5,r4b_20,0.9908,0.9857,0.9955
shrinking,both,G0-start0.5,r4b_50,1.0000,0.9978,1.0000
shrinking,both,G0-start0.5,r8_move_p95_6_20,73.0000,73.0000,74.0000
shrinking,both,G0-start0.5,r8_move_p95_150_200,37.0000,36.0000,37.0000
shrinking,both,G0-start2,r1_rms_5,1.1045,1.0637,1.1469
shrinking,both,G0-start2,r1_mean_5,-0.0290,-0.1040,0.0451
shrinking,both,G0-start2,r1_rms_10,1.0194,0.9811,1.0583
shrinking,both,G0-start2,r1_mean_10,-0.0661,-0.1330,-0.0032
shrinking,both,G0-start2,r1_rms_20,0.9015,0.8695,0.9326
shrinking,both,G0-start2,r1_mean_20,-0.0904,-0.1489,-0.0357
shrinking,both,G0-start2,r1_rms_50,0.7240,0.7024,0.7478
shrinking,both,G0-start2,r1_mean_50,-0.1171,-0.1555,-0.0791
shrinking,both,G0-start2,r1_rms_100,0.6022,0.5861,0.6201
shrinking,both,G0-start2,r1_mean_100,-0.1065,-0.1350,-0.0780
shrinking,both,G0-start2,r1_rms_200,0.5130,0.5012,0.5252
shrinking,both,G0-start2,r1_mean_200,-0.0808,-0.1012,-0.0596
shrinking,both,G0-start2,r2_brier,0.1722,0.1698,0.1746
shrinking,both,G0-start2,r2_bias,-0.0002,-0.0037,0.0034
shrinking,both,G0-start2,r3_inside,0.3953,0.3869,0.4038
shrinking,both,G0-start2,r3_below_0.5,0.0696,0.0596,0.0802
shrinking,both,G0-start2,r3_above_0.95,0.0435,0.0382,0.0497
shrinking,both,G0-start2,r4_false,0.6090,0.5894,0.6303
shrinking,both,G0-start2,r4_false_0.70,0.5096,0.4888,0.5316
shrinking,both,G0-start2,r4_below,0.0000,0.0000,0.0000
shrinking,both,G0-start2,r4_false_at_task,0.6090,0.5895,0.6282
shrinking,both,G0-start2,r4_declared,9.8050,9.5520,10.0600
shrinking,both,G0-start2,r5_late_answers,9.7023,9.4678,9.9455
shrinking,both,G0-start2,r5_never,0.2394,0.2175,0.2616
shrinking,both,G0-start2,r6_lag,-0.1434,-0.1650,-0.1208
shrinking,both,G0-start2,r7_error_5,0.9631,0.9170,1.0074
shrinking,both,G0-start2,r7_error_10,0.8714,0.8281,0.9152
shrinking,both,G0-start2,r7_longest_wrong,1.9270,1.8430,2.0050
shrinking,both,G0-start2,r7_hard_first,0.1791,0.1638,0.1952
shrinking,both,G0-start2,r4b_chance_below_0.5,0.2432,0.2086,0.2800
shrinking,both,G0-start2,r4b_chance_0.5_to_0.6,0.1370,0.1290,0.1452
shrinking,both,G0-start2,r4b_chance_0.6_to_0.7,0.1871,0.1764,0.1975
shrinking,both,G0-start2,r4b_chance_0.7_to_0.8,0.2157,0.2029,0.2285
shrinking,both,G0-start2,r4b_chance_0.8_up,0.2170,0.2011,0.2343
shrinking,both,G0-start2,r3_reachable,0.8805,0.8648,0.8970
shrinking,both,G0-start2,r8_rank_6_20,3.7333,3.3200,4.1667
shrinking,both,G0-start2,r8_topic_rank_6_20,17.5933,16.6400,18.6067
shrinking,both,G0-start2,r8_rank_150_200,0.6588,0.5020,0.8216
shrinking,both,G0-start2,r8_topic_rank_150_200,6.5353,6.1961,6.8510
shrinking,both,G0-start2,r2_ece,0.0016,0.0011,0.0049
shrinking,both,G0-start2,r4b_3,0.1299,0.1193,0.1413
shrinking,both,G0-start2,r4b_5,0.3978,0.3800,0.4145
shrinking,both,G0-start2,r4b_10,0.7666,0.7451,0.7861
shrinking,both,G0-start2,r4b_20,0.9086,0.8886,0.9281
shrinking,both,G0-start2,r4b_50,0.9722,0.9588,0.9833
shrinking,both,G0-start2,r8_move_p95_6_20,73.0000,73.0000,73.0000
shrinking,both,G0-start2,r8_move_p95_150_200,36.0000,36.0000,37.0000
shrinking,both,G0-topics0.3,r1_rms_5,0.9129,0.8756,0.9512
shrinking,both,G0-topics0.3,r1_mean_5,-0.0171,-0.0815,0.0509
shrinking,both,G0-topics0.3,r1_rms_10,0.8349,0.8029,0.8688
shrinking,both,G0-topics0.3,r1_mean_10,-0.0366,-0.0980,0.0201
shrinking,both,G0-topics0.3,r1_rms_20,0.7302,0.7042,0.7581
shrinking,both,G0-topics0.3,r1_mean_20,-0.0576,-0.1055,-0.0090
shrinking,both,G0-topics0.3,r1_rms_50,0.5907,0.5725,0.6082
shrinking,both,G0-topics0.3,r1_mean_50,-0.0803,-0.1139,-0.0455
shrinking,both,G0-topics0.3,r1_rms_100,0.4982,0.4871,0.5099
shrinking,both,G0-topics0.3,r1_mean_100,-0.0816,-0.1046,-0.0576
shrinking,both,G0-topics0.3,r1_rms_200,0.4367,0.4286,0.4448
shrinking,both,G0-topics0.3,r1_mean_200,-0.0639,-0.0804,-0.0479
shrinking,both,G0-topics0.3,r2_brier,0.1710,0.1692,0.1729
shrinking,both,G0-topics0.3,r2_bias,0.0008,-0.0023,0.0041
shrinking,both,G0-topics0.3,r3_inside,0.4440,0.4374,0.4503
shrinking,both,G0-topics0.3,r3_below_0.5,0.0294,0.0260,0.0327
shrinking,both,G0-topics0.3,r3_above_0.95,0.0253,0.0222,0.0287
shrinking,both,G0-topics0.3,r4_false,0.6462,0.6291,0.6632
shrinking,both,G0-topics0.3,r4_false_0.70,0.5369,0.5177,0.5573
shrinking,both,G0-topics0.3,r4_below,0.0000,0.0000,0.0000
shrinking,both,G0-topics0.3,r4_false_at_task,0.6462,0.6280,0.6646
shrinking,both,G0-topics0.3,r4_declared,9.8020,9.5790,10.0250
shrinking,both,G0-topics0.3,r5_late_answers,10.0334,9.7828,10.2983
shrinking,both,G0-topics0.3,r5_never,0.2092,0.1879,0.2297
shrinking,both,G0-topics0.3,r6_lag,-0.1255,-0.1446,-0.1074
shrinking,both,G0-topics0.3,r7_error_5,0.8448,0.8069,0.8850
shrinking,both,G0-topics0.3,r7_error_10,0.7678,0.7319,0.8043
shrinking,both,G0-topics0.3,r7_longest_wrong,1.7420,1.6890,1.7990
shrinking,both,G0-topics0.3,r7_hard_first,0.1248,0.1138,0.1363
shrinking,both,G0-topics0.3,r4b_chance_below_0.5,0.0884,0.0786,0.0990
shrinking,both,G0-topics0.3,r4b_chance_0.5_to_0.6,0.1289,0.1217,0.1361
shrinking,both,G0-topics0.3,r4b_chance_0.6_to_0.7,0.2155,0.2087,0.2224
shrinking,both,G0-topics0.3,r4b_chance_0.7_to_0.8,0.2806,0.2723,0.2889
shrinking,both,G0-topics0.3,r4b_chance_0.8_up,0.2866,0.2718,0.3016
shrinking,both,G0-topics0.3,r3_reachable,0.9451,0.9365,0.9533
shrinking,both,G0-topics0.3,r8_rank_6_20,3.5600,3.1200,3.9933
shrinking,both,G0-topics0.3,r8_topic_rank_6_20,17.7067,16.7600,18.6733
shrinking,both,G0-topics0.3,r8_rank_150_200,0.9588,0.7804,1.1588
shrinking,both,G0-topics0.3,r8_topic_rank_150_200,7.2686,6.9235,7.6196
shrinking,both,G0-topics0.3,r2_ece,0.0033,0.0020,0.0064
shrinking,both,G0-topics0.3,r4b_3,0.1366,0.1259,0.1468
shrinking,both,G0-topics0.3,r4b_5,0.4220,0.4078,0.4366
shrinking,both,G0-topics0.3,r4b_10,0.8336,0.8195,0.8472
shrinking,both,G0-topics0.3,r4b_20,0.9837,0.9766,0.9905
shrinking,both,G0-topics0.3,r4b_50,0.9991,0.9972,1.0000
shrinking,both,G0-topics0.3,r8_move_p95_6_20,73.0000,73.0000,73.0000
shrinking,both,G0-topics0.3,r8_move_p95_150_200,37.0000,37.0000,37.0000
shrinking,both,G0-topics1,r1_rms_5,1.2968,1.2629,1.3330
shrinking,both,G0-topics1,r1_mean_5,-0.0343,-0.1020,0.0363
shrinking,both,G0-topics1,r1_rms_10,1.2553,1.2265,1.2849
shrinking,both,G0-topics1,r1_mean_10,-0.0779,-0.1376,-0.0136
shrinking,both,G0-topics1,r1_rms_20,1.1619,1.1389,1.1860
shrinking,both,G0-topics1,r1_mean_20,-0.1295,-0.1799,-0.0796
shrinking,both,G0-topics1,r1_rms_50,0.9788,0.9611,0.9978
shrinking,both,G0-topics1,r1_mean_50,-0.1825,-0.2184,-0.1479
shrinking,both,G0-topics1,r1_rms_100,0.8475,0.8327,0.8616
shrinking,both,G0-topics1,r1_mean_100,-0.1962,-0.2220,-0.1696
shrinking,both,G0-topics1,r1_rms_200,0.7256,0.7129,0.7382
shrinking,both,G0-topics1,r1_mean_200,-0.1870,-0.2063,-0.1677
shrinking,both,G0-topics1,r2_brier,0.1746,0.1727,0.1763
shrinking,both,G0-topics1,r2_bias,0.0073,0.0042,0.0104
shrinking,both,G0-topics1,r3_inside,0.3717,0.3670,0.3767
shrinking,both,G0-topics1,r3_below_0.5,0.0605,0.0561,0.0652
shrinking,both,G0-topics1,r3_above_0.95,0.0629,0.0585,0.0674
shrinking,both,G0-topics1,r4_false,0.5806,0.5654,0.5959
shrinking,both,G0-topics1,r4_false_0.70,0.4779,0.4624,0.4934
shrinking,both,G0-topics1,r4_below,0.0000,0.0000,0.0000
shrinking,both,G0-topics1,r4_false_at_task,0.5806,0.5648,0.5965
shrinking,both,G0-topics1,r4_declared,9.9080,9.7040,10.1160
shrinking,both,G0-topics1,r5_late_answers,9.2186,9.0077,9.4373
shrinking,both,G0-topics1,r5_never,0.2080,0.1898,0.2260
shrinking,both,G0-topics1,r6_lag,-0.1502,-0.1699,-0.1309
shrinking,both,G0-topics1,r7_error_5,0.8633,0.8216,0.9033
shrinking,both,G0-topics1,r7_error_10,0.7950,0.7570,0.8329
shrinking,both,G0-topics1,r7_longest_wrong,1.9330,1.8680,1.9960
shrinking,both,G0-topics1,r7_hard_first,0.1920,0.1803,0.2044
shrinking,both,G0-topics1,r4b_chance_below_0.5,0.1767,0.1640,0.1909
shrinking,both,G0-topics1,r4b_chance_0.5_to_0.6,0.1468,0.1419,0.1518
shrinking,both,G0-topics1,r4b_chance_0.6_to_0.7,0.2006,0.1949,0.2061
shrinking,both,G0-topics1,r4b_chance_0.7_to_0.8,0.2280,0.2210,0.2345
shrinking,both,G0-topics1,r4b_chance_0.8_up,0.2478,0.2364,0.2584
shrinking,both,G0-topics1,r3_reachable,0.9328,0.9255,0.9399
shrinking,both,G0-topics1,r8_rank_6_20,4.1667,3.7000,4.6467
shrinking,both,G0-topics1,r8_topic_rank_6_20,18.6133,17.6533,19.5200
shrinking,both,G0-topics1,r8_rank_150_200,0.5647,0.4255,0.7137
shrinking,both,G0-topics1,r8_topic_rank_150_200,7.2020,6.8863,7.5490
shrinking,both,G0-topics1,r2_ece,0.0090,0.0059,0.0119
shrinking,both,G0-topics1,r4b_3,0.1269,0.1162,0.1378
shrinking,both,G0-topics1,r4b_5,0.3940,0.3793,0.4086
shrinking,both,G0-topics1,r4b_10,0.7806,0.7652,0.7950
shrinking,both,G0-topics1,r4b_20,0.9722,0.9613,0.9819
shrinking,both,G0-topics1,r4b_50,0.9975,0.9921,1.0000
shrinking,both,G0-topics1,r8_move_p95_6_20,73.0000,73.0000,74.0000
shrinking,both,G0-topics1,r8_move_p95_150_200,36.0000,36.0000,36.0000
constant_slow,both,G0,r1_rms_5,1.0085,0.9720,1.0460
constant_slow,both,G0,r1_mean_5,-0.0419,-0.1050,0.0237
constant_slow,both,G0,r1_rms_10,0.9705,0.9394,1.0041
constant_slow,both,G0,r1_mean_10,-0.0560,-0.1191,0.0087
constant_slow,both,G0,r1_rms_20,0.8819,0.8552,0.9100
constant_slow,both,G0,r1_mean_20,-0.0798,-0.1330,-0.0204
constant_slow,both,G0,r1_rms_50,0.6775,0.6599,0.6950
constant_slow,both,G0,r1_mean_50,-0.1108,-0.1465,-0.0759
constant_slow,both,G0,r1_rms_100,0.5425,0.5319,0.5533
constant_slow,both,G0,r1_mean_100,-0.1068,-0.1301,-0.0856
constant_slow,both,G0,r1_rms_200,0.4860,0.4774,0.4951
constant_slow,both,G0,r1_mean_200,-0.0867,-0.1038,-0.0688
constant_slow,both,G0,r2_brier,0.1740,0.1724,0.1756
constant_slow,both,G0,r2_bias,0.0034,0.0005,0.0062
constant_slow,both,G0,r3_inside,0.4300,0.4252,0.4347
constant_slow,both,G0,r3_below_0.5,0.0370,0.0340,0.0403
constant_slow,both,G0,r3_above_0.95,0.0300,0.0274,0.0331
constant_slow,both,G0,r4_false,0.6717,0.6560,0.6879
constant_slow,both,G0,r4_false_0.70,0.5616,0.5435,0.5794
constant_slow,both,G0,r4_below,0.0000,0.0000,0.0000
constant_slow,both,G0,r4_false_at_task,0.6717,0.6560,0.6879
constant_slow,both,G0,r4_declared,10.3570,10.1460,10.5730
constant_slow,both,G0,r5_late_answers,9.3481,9.1169,9.5673
constant_slow,both,G0,r5_never,0.2503,0.2282,0.2714
constant_slow,both,G0,r6_lag,-0.1134,-0.1281,-0.0981
constant_slow,both,G0,r7_error_5,0.8565,0.8143,0.8999
constant_slow,both,G0,r7_error_10,0.8069,0.7691,0.8469
constant_slow,both,G0,r7_longest_wrong,1.8090,1.7510,1.8720
constant_slow,both,G0,r7_hard_first,0.1429,0.1315,0.1549
constant_slow,both,G0,r4b_chance_below_0.5,0.0985,0.0911,0.1067
constant_slow,both,G0,r4b_chance_0.5_to_0.6,0.1323,0.1266,0.1379
constant_slow,both,G0,r4b_chance_0.6_to_0.7,0.2142,0.2086,0.2198
constant_slow,both,G0,r4b_chance_0.7_to_0.8,0.2704,0.2640,0.2769
constant_slow,both,G0,r4b_chance_0.8_up,0.2846,0.2721,0.2968
constant_slow,both,G0,r3_reachable,0.9434,0.9358,0.9502
constant_slow,both,G0,r8_rank_6_20,2.2667,1.9000,2.6333
constant_slow,both,G0,r8_topic_rank_6_20,9.0000,8.2600,9.7467
constant_slow,both,G0,r8_rank_150_200,3.3235,2.9902,3.6549
constant_slow,both,G0,r8_topic_rank_150_200,10.5216,10.1392,10.9137
constant_slow,both,G0,r2_ece,0.0063,0.0038,0.0091
constant_slow,both,G0,r4b_3,0.1481,0.1374,0.1592
constant_slow,both,G0,r4b_5,0.4282,0.4142,0.4430
constant_slow,both,G0,r4b_10,0.8052,0.7919,0.8183
constant_slow,both,G0,r4b_20,0.9828,0.9773,0.9885
constant_slow,both,G0,r4b_50,1.0000,0.9979,1.0000
constant_slow,both,G0,r8_move_p95_6_20,42.0000,42.0000,42.0000
constant_slow,both,G0,r8_move_p95_150_200,42.0000,42.0000,42.0000
constant_slow,both,G1,r1_rms_5,1.0646,1.0194,1.1075
constant_slow,both,G1,r1_mean_5,-0.0243,-0.0953,0.0498
constant_slow,both,G1,r1_rms_10,1.0194,0.9790,1.0611
constant_slow,both,G1,r1_mean_10,-0.0517,-0.1176,0.0159
constant_slow,both,G1,r1_rms_20,0.9264,0.8944,0.9609
constant_slow,both,G1,r1_mean_20,-0.0822,-0.1393,-0.0246
constant_slow,both,G1,r1_rms_50,0.7226,0.7000,0.7450
constant_slow,both,G1,r1_mean_50,-0.1147,-0.1552,-0.0724
constant_slow,both,G1,r1_rms_100,0.5707,0.5578,0.5834
constant_slow,both,G1,r1_mean_100,-0.1062,-0.1305,-0.0799
constant_slow,both,G1,r1_rms_200,0.4927,0.4845,0.5005
constant_slow,both,G1,r1_mean_200,-0.0328,-0.0517,-0.0137
constant_slow,both,G1,r2_brier,0.1827,0.1801,0.1854
constant_slow,both,G1,r2_bias,0.0012,-0.0018,0.0043
constant_slow,both,G1,r3_inside,0.3521,0.3421,0.3619
constant_slow,both,G1,r3_below_0.5,0.1272,0.1136,0.1405
constant_slow,both,G1,r3_above_0.95,0.0412,0.0367,0.0458
constant_slow,both,G1,r4_false,0.6052,0.5835,0.6286
constant_slow,both,G1,r4_false_0.70,0.5504,0.5272,0.5723
constant_slow,both,G1,r4_below,0.0000,0.0000,0.0000
constant_slow,both,G1,r4_false_at_task,0.6052,0.5817,0.6284
constant_slow,both,G1,r4_declared,10.4140,10.1840,10.6520
constant_slow,both,G1,r5_late_answers,9.3006,9.0834,9.5336
constant_slow,both,G1,r5_never,0.2646,0.2421,0.2872
constant_slow,both,G1,r6_lag,-0.1151,-0.1319,-0.0989
constant_slow,both,G1,r7_error_5,0.8906,0.8431,0.9426
constant_slow,both,G1,r7_error_10,0.8367,0.7899,0.8808
constant_slow,both,G1,r7_longest_wrong,2.0720,1.9930,2.1580
constant_slow,both,G1,r7_hard_first,0.2288,0.2116,0.2467
constant_slow,both,G1,r4b_chance_below_0.5,0.3519,0.3259,0.3776
constant_slow,both,G1,r4b_chance_0.5_to_0.6,0.1807,0.1728,0.1885
constant_slow,both,G1,r4b_chance_0.6_to_0.7,0.1557,0.1497,0.1625
constant_slow,both,G1,r4b_chance_0.7_to_0.8,0.1450,0.1343,0.1568
constant_slow,both,G1,r4b_chance_0.8_up,0.1667,0.1511,0.1836
constant_slow,both,G1,r3_reachable,0.7966,0.7731,0.8199
constant_slow,both,G1,r8_rank_6_20,3.1867,2.7933,3.5933
constant_slow,both,G1,r8_topic_rank_6_20,10.4733,9.6600,11.3400
constant_slow,both,G1,r8_rank_150_200,2.7333,2.4294,3.0490
constant_slow,both,G1,r8_topic_rank_150_200,8.5510,8.1000,8.9882
constant_slow,both,G1,r2_ece,0.0079,0.0063,0.0112
constant_slow,both,G1,r4b_3,0.1238,0.1107,0.1371
constant_slow,both,G1,r4b_5,0.3439,0.3260,0.3617
constant_slow,both,G1,r4b_10,0.6704,0.6517,0.6910
constant_slow,both,G1,r4b_20,0.8731,0.8590,0.8874
constant_slow,both,G1,r4b_50,0.9823,0.9773,0.9871
constant_slow,both,G1,r8_move_p95_6_20,42.0000,42.0000,42.0000
constant_slow,both,G1,r8_move_p95_150_200,42.0000,42.0000,42.0000
constant_slow,both,G2,r1_rms_5,0.9921,0.9572,1.0281
constant_slow,both,G2,r1_mean_5,-0.0422,-0.1072,0.0214
constant_slow,both,G2,r1_rms_10,0.9499,0.9165,0.9813
constant_slow,both,G2,r1_mean_10,-0.1082,-0.1665,-0.0451
constant_slow,both,G2,r1_rms_20,0.8854,0.8586,0.9146
constant_slow,both,G2,r1_mean_20,-0.2294,-0.2825,-0.1760
constant_slow,both,G2,r1_rms_50,0.8009,0.7784,0.8253
constant_slow,both,G2,r1_mean_50,-0.4820,-0.5162,-0.4454
constant_slow,both,G2,r1_rms_100,0.8327,0.8143,0.8536
constant_slow,both,G2,r1_mean_100,-0.6709,-0.6933,-0.6473
constant_slow,both,G2,r1_rms_200,0.8808,0.8657,0.8962
constant_slow,both,G2,r1_mean_200,-0.7639,-0.7812,-0.7466
constant_slow,both,G2,r2_brier,0.1416,0.1401,0.1429
constant_slow,both,G2,r2_bias,-0.0573,-0.0599,-0.0547
constant_slow,both,G2,r3_inside,0.3288,0.3229,0.3343
constant_slow,both,G2,r3_below_0.5,0.0196,0.0176,0.0217
constant_slow,both,G2,r3_above_0.95,0.0933,0.0875,0.0994
constant_slow,both,G2,r4_false,0.4497,0.4325,0.4677
constant_slow,both,G2,r4_false_0.70,0.3495,0.3331,0.3652
constant_slow,both,G2,r4_below,0.0000,0.0000,0.0000
constant_slow,both,G2,r4_false_at_task,0.4497,0.4322,0.4673
constant_slow,both,G2,r4_declared,14.1220,13.8850,14.3670
constant_slow,both,G2,r5_late_answers,7.4335,7.3060,7.5692
constant_slow,both,G2,r5_never,0.1917,0.1755,0.2081
constant_slow,both,G2,r6_lag,-0.7492,-0.7662,-0.7311
constant_slow,both,G2,r7_error_5,0.8372,0.7971,0.8775
constant_slow,both,G2,r7_error_10,0.7848,0.7463,0.8259
constant_slow,both,G2,r7_longest_wrong,1.8250,1.7650,1.8850
constant_slow,both,G2,r7_hard_first,0.1409,0.1288,0.1530
constant_slow,both,G2,r4b_chance_below_0.5,0.0758,0.0683,0.0829
constant_slow,both,G2,r4b_chance_0.5_to_0.6,0.0866,0.0812,0.0922
constant_slow,both,G2,r4b_chance_0.6_to_0.7,0.1558,0.1495,0.1621
constant_slow,both,G2,r4b_chance_0.7_to_0.8,0.2465,0.2406,0.2526
constant_slow,both,G2,r4b_chance_0.8_up,0.4354,0.4209,0.4498
constant_slow,both,G2,r3_reachable,0.9608,0.9577,0.9639
constant_slow,both,G2,r8_rank_6_20,2.2533,1.9000,2.6467
constant_slow,both,G2,r8_topic_rank_6_20,9.3867,8.5400,10.2333
constant_slow,both,G2,r8_rank_150_200,3.2431,2.9863,3.5118
constant_slow,both,G2,r8_topic_rank_150_200,10.3275,9.9686,10.6843
constant_slow,both,G2,r2_ece,0.0573,0.0549,0.0599
constant_slow,both,G2,r4b_3,0.1529,0.1411,0.1650
constant_slow,both,G2,r4b_5,0.4778,0.4606,0.4936
constant_slow,both,G2,r4b_10,0.8726,0.8576,0.8870
constant_slow,both,G2,r4b_20,0.9987,0.9956,1.0000
constant_slow,both,G2,r4b_50,1.0000,1.0000,1.0000
constant_slow,both,G2,r8_move_p95_6_20,42.0000,42.0000,42.0000
constant_slow,both,G2,r8_move_p95_150_200,41.0000,41.0000,41.0000
constant_slow,both,G3,r1_rms_5,0.9928,0.9585,1.0284
constant_slow,both,G3,r1_mean_5,0.0670,0.0035,0.1298
constant_slow,both,G3,r1_rms_10,0.9485,0.9167,0.9809
constant_slow,both,G3,r1_mean_10,0.0414,-0.0152,0.1034
constant_slow,both,G3,r1_rms_20,0.8561,0.8288,0.8826
constant_slow,both,G3,r1_mean_20,0.0084,-0.0454,0.0603
constant_slow,both,G3,r1_rms_50,0.6724,0.6551,0.6913
constant_slow,both,G3,r1_mean_50,-0.0612,-0.0958,-0.0247
constant_slow,both,G3,r1_rms_100,0.7442,0.7233,0.7654
constant_slow,both,G3,r1_mean_100,-0.4518,-0.4842,-0.4196
constant_slow,both,G3,r1_rms_200,0.5912,0.5789,0.6040
constant_slow,both,G3,r1_mean_200,-0.3540,-0.3733,-0.3352
constant_slow,both,G3,r2_brier,0.1597,0.1583,0.1612
constant_slow,both,G3,r2_bias,-0.0236,-0.0262,-0.0209
constant_slow,both,G3,r3_inside,0.3764,0.3718,0.3812
constant_slow,both,G3,r3_below_0.5,0.0327,0.0300,0.0358
constant_slow,both,G3,r3_above_0.95,0.0573,0.0534,0.0613
constant_slow,both,G3,r4_false,0.5390,0.5212,0.5569
constant_slow,both,G3,r4_false_0.70,0.4333,0.4160,0.4509
constant_slow,both,G3,r4_below,0.0000,0.0000,0.0000
constant_slow,both,G3,r4_false_at_task,0.5390,0.5207,0.5557
constant_slow,both,G3,r4_declared,12.2790,12.0560,12.5130
constant_slow,both,G3,r5_late_answers,8.0345,7.8498,8.2055
constant_slow,both,G3,r5_never,0.2267,0.2099,0.2431
constant_slow,both,G3,r6_lag,-0.5102,-0.5266,-0.4938
constant_slow,both,G3,r6_jump_answers,57.1110,55.2920,59.0080
constant_slow,both,G3,r6_jump_unsettled,0.2950,0.2680,0.3240
constant_slow,both,G3,r7_error_5,0.8595,0.8201,0.8990
constant_slow,both,G3,r7_error_10,0.8020,0.7627,0.8388
constant_slow,both,G3,r7_longest_wrong,1.8730,1.8120,1.9380
constant_slow,both,G3,r7_hard_first,0.1489,0.1364,0.1612
constant_slow,both,G3,r4b_chance_below_0.5,0.0997,0.0914,0.1081
constant_slow,both,G3,r4b_chance_0.5_to_0.6,0.1177,0.1123,0.1234
constant_slow,both,G3,r4b_chance_0.6_to_0.7,0.1859,0.1803,0.1917
constant_slow,both,G3,r4b_chance_0.7_to_0.8,0.2541,0.2481,0.2600
constant_slow,both,G3,r4b_chance_0.8_up,0.3426,0.3294,0.3563
constant_slow,both,G3,r3_reachable,0.9521,0.9466,0.9573
constant_slow,both,G3,r8_rank_6_20,2.4533,2.0933,2.8400
constant_slow,both,G3,r8_topic_rank_6_20,9.7333,8.9400,10.5600
constant_slow,both,G3,r8_rank_150_200,3.4196,3.1137,3.7373
constant_slow,both,G3,r8_topic_rank_150_200,10.3588,9.9784,10.7353
constant_slow,both,G3,r2_ece,0.0236,0.0209,0.0263
constant_slow,both,G3,r4b_3,0.1385,0.1280,0.1488
constant_slow,both,G3,r4b_5,0.4281,0.4133,0.4428
constant_slow,both,G3,r4b_10,0.8344,0.8209,0.8489
constant_slow,both,G3,r4b_20,0.9919,0.9875,0.9960
constant_slow,both,G3,r4b_50,1.0000,1.0000,1.0000
constant_slow,both,G3,r8_move_p95_6_20,42.0000,42.0000,42.0000
constant_slow,both,G3,r8_move_p95_150_200,42.0000,41.0000,42.0000
constant_slow,both,G4,r1_rms_5,1.0315,0.9957,1.0689
constant_slow,both,G4,r1_mean_5,-0.2780,-0.3490,-0.2117
constant_slow,both,G4,r1_rms_10,0.9979,0.9645,1.0331
constant_slow,both,G4,r1_mean_10,-0.3150,-0.3772,-0.2540
constant_slow,both,G4,r1_rms_20,0.9186,0.8885,0.9480
constant_slow,both,G4,r1_mean_20,-0.3515,-0.4054,-0.2948
constant_slow,both,G4,r1_rms_50,0.7685,0.7450,0.7908
constant_slow,both,G4,r1_mean_50,-0.4276,-0.4641,-0.3937
constant_slow,both,G4,r1_rms_100,0.6900,0.6743,0.7062
constant_slow,both,G4,r1_mean_100,-0.4781,-0.4996,-0.4556
constant_slow,both,G4,r1_rms_200,0.6530,0.6397,0.6663
constant_slow,both,G4,r1_mean_200,-0.4807,-0.4973,-0.4644
constant_slow,both,G4,r2_brier,0.1800,0.1784,0.1817
constant_slow,both,G4,r2_bias,0.0106,0.0078,0.0133
constant_slow,both,G4,r3_inside,0.3853,0.3809,0.3897
constant_slow,both,G4,r3_below_0.5,0.0595,0.0546,0.0647
constant_slow,both,G4,r3_above_0.95,0.0366,0.0338,0.0397
constant_slow,both,G4,r4_false,0.5966,0.5784,0.6147
constant_slow,both,G4,r4_false_0.70,0.4893,0.4699,0.5081
constant_slow,both,G4,r4_below,0.0000,0.0000,0.0000
constant_slow,both,G4,r4_false_at_task,0.5966,0.5793,0.6145
constant_slow,both,G4,r4_declared,10.2150,10.0110,10.4280
constant_slow,both,G4,r5_late_answers,10.0483,9.8148,10.2943
constant_slow,both,G4,r5_never,0.2444,0.2233,0.2651
constant_slow,both,G4,r6_lag,-0.4990,-0.5148,-0.4843
constant_slow,both,G4,r7_error_5,0.8946,0.8501,0.9361
constant_slow,both,G4,r7_error_10,0.8516,0.8120,0.8918
constant_slow,both,G4,r7_longest_wrong,1.9670,1.9030,2.0310
constant_slow,both,G4,r7_hard_first,0.1898,0.1773,0.2033
constant_slow,both,G4,r4b_chance_below_0.5,0.1586,0.1443,0.1744
constant_slow,both,G4,r4b_chance_0.5_to_0.6,0.1485,0.1426,0.1542
constant_slow,both,G4,r4b_chance_0.6_to_0.7,0.1986,0.1930,0.2043
constant_slow,both,G4,r4b_chance_0.7_to_0.8,0.2268,0.2194,0.2342
constant_slow,both,G4,r4b_chance_0.8_up,0.2676,0.2542,0.2813
constant_slow,both,G4,r3_reachable,0.9448,0.9363,0.9532
constant_slow,both,G4,r8_rank_6_20,3.1000,2.6733,3.5333
constant_slow,both,G4,r8_topic_rank_6_20,10.7533,9.8933,11.6000
constant_slow,both,G4,r8_rank_150_200,3.4588,3.1294,3.8039
constant_slow,both,G4,r8_topic_rank_150_200,10.1667,9.7941,10.5373
constant_slow,both,G4,r2_ece,0.0137,0.0111,0.0163
constant_slow,both,G4,r4b_3,0.1148,0.1052,0.1250
constant_slow,both,G4,r4b_5,0.3843,0.3694,0.3992
constant_slow,both,G4,r4b_10,0.7746,0.7590,0.7898
constant_slow,both,G4,r4b_20,0.9619,0.9512,0.9718
constant_slow,both,G4,r4b_50,0.9940,0.9897,0.9977
constant_slow,both,G4,r8_move_p95_6_20,42.0000,42.0000,42.0000
constant_slow,both,G4,r8_move_p95_150_200,42.0000,42.0000,42.0000
constant_slow,both,G5,r1_rms_5,0.9188,0.8764,0.9624
constant_slow,both,G5,r1_mean_5,0.0248,-0.0443,0.0941
constant_slow,both,G5,r1_rms_10,0.8800,0.8428,0.9169
constant_slow,both,G5,r1_mean_10,0.0125,-0.0533,0.0771
constant_slow,both,G5,r1_rms_20,0.9143,0.8834,0.9442
constant_slow,both,G5,r1_mean_20,-0.0319,-0.0865,0.0201
constant_slow,both,G5,r1_rms_50,0.7472,0.7269,0.7690
constant_slow,both,G5,r1_mean_50,-0.0688,-0.1063,-0.0319
constant_slow,both,G5,r1_rms_100,0.6204,0.6051,0.6345
constant_slow,both,G5,r1_mean_100,-0.0856,-0.1081,-0.0616
constant_slow,both,G5,r1_rms_200,0.5660,0.5536,0.5781
constant_slow,both,G5,r1_mean_200,-0.0936,-0.1130,-0.0751
constant_slow,both,G5,r2_brier,0.1781,0.1763,0.1799
constant_slow,both,G5,r2_bias,0.0076,0.0049,0.0104
constant_slow,both,G5,r3_inside,0.4075,0.4013,0.4139
constant_slow,both,G5,r3_below_0.5,0.0541,0.0484,0.0601
constant_slow,both,G5,r3_above_0.95,0.0356,0.0320,0.0392
constant_slow,both,G5,r4_false,0.6454,0.6284,0.6633
constant_slow,both,G5,r4_false_0.70,0.5414,0.5230,0.5603
constant_slow,both,G5,r4_below,0.0000,0.0000,0.0000
constant_slow,both,G5,r4_false_at_task,0.6454,0.6283,0.6623
constant_slow,both,G5,r4_declared,10.6130,10.3990,10.8350
constant_slow,both,G5,r5_late_answers,9.5155,9.2739,9.7549
constant_slow,both,G5,r5_never,0.2226,0.2028,0.2426
constant_slow,both,G5,r6_lag,-0.1191,-0.1337,-0.1043
constant_slow,both,G5,r7_error_5,0.9882,0.9422,1.0350
constant_slow,both,G5,r7_error_10,0.9482,0.9040,0.9923
constant_slow,both,G5,r7_longest_wrong,1.9140,1.8530,1.9830
constant_slow,both,G5,r7_hard_first,0.1470,0.1344,0.1601
constant_slow,both,G5,r4b_chance_below_0.5,0.1569,0.1405,0.1757
constant_slow,both,G5,r4b_chance_0.5_to_0.6,0.1553,0.1483,0.1626
constant_slow,both,G5,r4b_chance_0.6_to_0.7,0.2153,0.2081,0.2227
constant_slow,both,G5,r4b_chance_0.7_to_0.8,0.2321,0.2237,0.2410
constant_slow,both,G5,r4b_chance_0.8_up,0.2404,0.2263,0.2550
constant_slow,both,G5,r3_reachable,0.9119,0.8998,0.9230
constant_slow,both,G5,r8_rank_6_20,2.5200,2.1533,2.8933
constant_slow,both,G5,r8_topic_rank_6_20,10.2267,9.4333,11.0467
constant_slow,both,G5,r8_rank_150_200,3.3353,3.0000,3.6667
constant_slow,both,G5,r8_topic_rank_150_200,9.9510,9.5922,10.3098
constant_slow,both,G5,r2_ece,0.0105,0.0076,0.0133
constant_slow,both,G5,r4b_3,0.1351,0.1241,0.1465
constant_slow,both,G5,r4b_5,0.3841,0.3688,0.3987
constant_slow,both,G5,r4b_10,0.7627,0.7464,0.7774
constant_slow,both,G5,r4b_20,0.9643,0.9531,0.9752
constant_slow,both,G5,r4b_50,0.9988,0.9971,1.0000
constant_slow,both,G5,r8_move_p95_6_20,42.0000,42.0000,42.0000
constant_slow,both,G5,r8_move_p95_150_200,42.0000,42.0000,42.0000
constant_slow,both,G6,r1_rms_5,1.0393,0.9971,1.0816
constant_slow,both,G6,r1_mean_5,-0.0462,-0.1169,0.0289
constant_slow,both,G6,r1_rms_10,0.9984,0.9602,1.0394
constant_slow,both,G6,r1_mean_10,-0.0750,-0.1416,-0.0089
constant_slow,both,G6,r1_rms_20,0.9280,0.8939,0.9627
constant_slow,both,G6,r1_mean_20,-0.0998,-0.1595,-0.0404
constant_slow,both,G6,r1_rms_50,0.8010,0.7714,0.8323
constant_slow,both,G6,r1_mean_50,-0.1618,-0.2128,-0.1100
constant_slow,both,G6,r1_rms_100,0.7393,0.7151,0.7645
constant_slow,both,G6,r1_mean_100,-0.2257,-0.2680,-0.1834
constant_slow,both,G6,r1_rms_200,0.7452,0.7223,0.7683
constant_slow,both,G6,r1_mean_200,-0.2625,-0.3038,-0.2204
constant_slow,both,G6,r2_brier,0.1787,0.1771,0.1804
constant_slow,both,G6,r2_bias,0.0105,0.0078,0.0132
constant_slow,both,G6,r3_inside,0.4314,0.4170,0.4453
constant_slow,both,G6,r3_below_0.5,0.0596,0.0554,0.0640
constant_slow,both,G6,r3_above_0.95,0.0927,0.0860,0.0993
constant_slow,both,G6,r4_false,0.6616,0.6433,0.6805
constant_slow,both,G6,r4_false_0.70,0.5537,0.5335,0.5741
constant_slow,both,G6,r4_below,0.0000,0.0000,0.0000
constant_slow,both,G6,r4_false_at_task,0.6616,0.6436,0.6794
constant_slow,both,G6,r4_declared,10.0090,9.7950,10.2300
constant_slow,both,G6,r5_late_answers,9.7271,9.4735,9.9961
constant_slow,both,G6,r5_never,0.2513,0.2296,0.2714
constant_slow,both,G6,r6_lag,-0.2671,-0.3067,-0.2257
constant_slow,both,G6,r7_error_5,0.8908,0.8468,0.9380
constant_slow,both,G6,r7_error_10,0.8393,0.7940,0.8812
constant_slow,both,G6,r7_longest_wrong,1.8480,1.7850,1.9080
constant_slow,both,G6,r7_hard_first,0.1387,0.1275,0.1499
constant_slow,both,G6,r4b_chance_below_0.5,0.1181,0.1057,0.1311
constant_slow,both,G6,r4b_chance_0.5_to_0.6,0.1171,0.1096,0.1246
constant_slow,both,G6,r4b_chance_0.6_to_0.7,0.2393,0.2278,0.2501
constant_slow,both,G6,r4b_chance_0.7_to_0.8,0.2976,0.2853,0.3102
constant_slow,both,G6,r4b_chance_0.8_up,0.2279,0.2142,0.2417
constant_slow,both,G6,r3_reachable,0.8051,0.7901,0.8201
constant_slow,both,G6,r8_rank_6_20,3.0333,2.6200,3.4667
constant_slow,both,G6,r8_topic_rank_6_20,10.7267,9.9133,11.5667
constant_slow,both,G6,r8_rank_150_200,3.1353,2.8137,3.4588
constant_slow,both,G6,r8_topic_rank_150_200,9.9020,9.5157,10.2686
constant_slow,both,G6,r2_ece,0.0130,0.0104,0.0156
constant_slow,both,G6,r4b_3,0.1214,0.1120,0.1313
constant_slow,both,G6,r4b_5,0.3860,0.3725,0.4001
constant_slow,both,G6,r4b_10,0.7691,0.7542,0.7834
constant_slow,both,G6,r4b_20,0.9685,0.9582,0.9778
constant_slow,both,G6,r4b_50,0.9982,0.9946,1.0000
constant_slow,both,G6,r8_move_p95_6_20,42.0000,42.0000,42.0000
constant_slow,both,G6,r8_move_p95_150_200,42.0000,42.0000,42.0000
constant_slow,both,G7,r1_rms_5,1.0154,0.9797,1.0503
constant_slow,both,G7,r1_mean_5,-0.0603,-0.1242,0.0045
constant_slow,both,G7,r1_rms_10,0.9731,0.9410,1.0019
constant_slow,both,G7,r1_mean_10,-0.0773,-0.1379,-0.0145
constant_slow,both,G7,r1_rms_20,0.8925,0.8657,0.9193
constant_slow,both,G7,r1_mean_20,-0.1031,-0.1584,-0.0491
constant_slow,both,G7,r1_rms_50,0.7232,0.7045,0.7437
constant_slow,both,G7,r1_mean_50,-0.1430,-0.1817,-0.1041
constant_slow,both,G7,r1_rms_100,0.6028,0.5905,0.6145
constant_slow,both,G7,r1_mean_100,-0.1444,-0.1723,-0.1177
constant_slow,both,G7,r1_rms_200,0.5527,0.5420,0.5637
constant_slow,both,G7,r1_mean_200,-0.1450,-0.1685,-0.1215
constant_slow,both,G7,r2_brier,0.1757,0.1740,0.1773
constant_slow,both,G7,r2_bias,0.0053,0.0028,0.0078
constant_slow,both,G7,r3_inside,0.4254,0.4201,0.4305
constant_slow,both,G7,r3_below_0.5,0.0449,0.0402,0.0500
constant_slow,both,G7,r3_above_0.95,0.0280,0.0253,0.0308
constant_slow,both,G7,r4_false,0.6616,0.6454,0.6773
constant_slow,both,G7,r4_false_0.70,0.5571,0.5395,0.5768
constant_slow,both,G7,r4_below,0.0000,0.0000,0.0000
constant_slow,both,G7,r4_false_at_task,0.6616,0.6442,0.6788
constant_slow,both,G7,r4_declared,10.3160,10.0870,10.5300
constant_slow,both,G7,r5_late_answers,9.5122,9.2676,9.7511
constant_slow,both,G7,r5_never,0.2433,0.2231,0.2636
constant_slow,both,G7,r6_lag,-0.1607,-0.1814,-0.1386
constant_slow,both,G7,r7_error_5,0.8754,0.8356,0.9136
constant_slow,both,G7,r7_error_10,0.8198,0.7823,0.8584
constant_slow,both,G7,r7_longest_wrong,1.8770,1.8120,1.9420
constant_slow,both,G7,r7_hard_first,0.1541,0.1412,0.1672
constant_slow,both,G7,r4b_chance_below_0.5,0.1240,0.1104,0.1406
constant_slow,both,G7,r4b_chance_0.5_to_0.6,0.1380,0.1322,0.1436
constant_slow,both,G7,r4b_chance_0.6_to_0.7,0.2128,0.2067,0.2192
constant_slow,both,G7,r4b_chance_0.7_to_0.8,0.2643,0.2563,0.2720
constant_slow,both,G7,r4b_chance_0.8_up,0.2609,0.2491,0.2735
constant_slow,both,G7,r3_reachable,0.9258,0.9167,0.9355
constant_slow,both,G7,r8_rank_6_20,3.1000,2.6733,3.5267
constant_slow,both,G7,r8_topic_rank_6_20,9.7733,8.9867,10.5933
constant_slow,both,G7,r8_rank_150_200,3.5588,3.2020,3.9333
constant_slow,both,G7,r8_topic_rank_150_200,10.1118,9.7490,10.4667
constant_slow,both,G7,r2_ece,0.0073,0.0047,0.0099
constant_slow,both,G7,r4b_3,0.1411,0.1307,0.1519
constant_slow,both,G7,r4b_5,0.4119,0.3972,0.4253
constant_slow,both,G7,r4b_10,0.7936,0.7794,0.8078
constant_slow,both,G7,r4b_20,0.9676,0.9586,0.9757
constant_slow,both,G7,r4b_50,0.9933,0.9878,0.9978
constant_slow,both,G7,r8_move_p95_6_20,42.0000,42.0000,42.0000
constant_slow,both,G7,r8_move_p95_150_200,42.0000,42.0000,42.0000
constant_slow,both,G8,r1_rms_5,0.9739,0.9395,1.0089
constant_slow,both,G8,r1_mean_5,0.0486,-0.0145,0.1120
constant_slow,both,G8,r1_rms_10,0.9283,0.8993,0.9603
constant_slow,both,G8,r1_mean_10,0.0196,-0.0417,0.0760
constant_slow,both,G8,r1_rms_20,0.8378,0.8111,0.8643
constant_slow,both,G8,r1_mean_20,-0.0166,-0.0691,0.0335
constant_slow,both,G8,r1_rms_50,0.6484,0.6325,0.6653
constant_slow,both,G8,r1_mean_50,-0.0612,-0.0945,-0.0278
constant_slow,both,G8,r1_rms_100,0.5296,0.5190,0.5398
constant_slow,both,G8,r1_mean_100,-0.0843,-0.1041,-0.0642
constant_slow,both,G8,r1_rms_200,0.4791,0.4709,0.4875
constant_slow,both,G8,r1_mean_200,-0.0793,-0.0958,-0.0618
constant_slow,both,G8,r2_brier,0.1766,0.1750,0.1782
constant_slow,both,G8,r2_bias,0.0069,0.0041,0.0094
constant_slow,both,G8,r3_inside,0.4361,0.4312,0.4408
constant_slow,both,G8,r3_below_0.5,0.0400,0.0361,0.0444
constant_slow,both,G8,r3_above_0.95,0.0256,0.0232,0.0283
constant_slow,both,G8,r4_false,0.6641,0.6462,0.6818
constant_slow,both,G8,r4_false_0.70,0.5591,0.5395,0.5779
constant_slow,both,G8,r4_below,0.0000,0.0000,0.0000
constant_slow,both,G8,r4_false_at_task,0.6641,0.6464,0.6813
constant_slow,both,G8,r4_declared,7.7290,7.5410,7.9190
constant_slow,both,G8,r5_late_answers,10.2599,9.9576,10.5654
constant_slow,both,G8,r5_never,0.4224,0.4010,0.4443
constant_slow,both,G8,r6_lag,-0.1034,-0.1176,-0.0887
constant_slow,both,G8,r7_error_5,0.8211,0.7821,0.8590
constant_slow,both,G8,r7_error_10,0.7655,0.7284,0.8032
constant_slow,both,G8,r7_longest_wrong,1.8890,1.8290,1.9550
constant_slow,both,G8,r7_hard_first,0.1446,0.1328,0.1563
constant_slow,both,G8,r4b_chance_below_0.5,0.1047,0.0923,0.1198
constant_slow,both,G8,r4b_chance_0.5_to_0.6,0.1313,0.1258,0.1368
constant_slow,both,G8,r4b_chance_0.6_to_0.7,0.2196,0.2127,0.2259
constant_slow,both,G8,r4b_chance_0.7_to_0.8,0.2729,0.2648,0.2806
constant_slow,both,G8,r4b_chance_0.8_up,0.2715,0.2586,0.2843
constant_slow,both,G8,r3_reachable,0.9422,0.9340,0.9498
constant_slow,both,G8,r8_rank_6_20,2.7467,2.3400,3.1333
constant_slow,both,G8,r8_topic_rank_6_20,10.4000,9.6000,11.2733
constant_slow,both,G8,r8_rank_150_200,3.4451,3.1314,3.8098
constant_slow,both,G8,r8_topic_rank_150_200,10.2647,9.8980,10.6255
constant_slow,both,G8,r2_ece,0.0091,0.0065,0.0116
constant_slow,both,G8,r4b_3,0.0676,0.0604,0.0745
constant_slow,both,G8,r4b_5,0.2885,0.2754,0.3021
constant_slow,both,G8,r4b_10,0.6480,0.6317,0.6644
constant_slow,both,G8,r4b_20,0.9169,0.9005,0.9325
constant_slow,both,G8,r4b_50,0.9930,0.9854,1.0000
constant_slow,both,G8,r8_move_p95_6_20,42.0000,42.0000,42.0000
constant_slow,both,G8,r8_move_p95_150_200,42.0000,42.0000,42.0000
constant_slow,both,G0-exact,r1_rms_5,0.9951,0.9597,1.0308
constant_slow,both,G0-exact,r1_mean_5,0.0084,-0.0555,0.0749
constant_slow,both,G0-exact,r1_rms_10,0.9534,0.9223,0.9864
constant_slow,both,G0-exact,r1_mean_10,-0.0075,-0.0718,0.0541
constant_slow,both,G0-exact,r1_rms_20,0.8487,0.8232,0.8758
constant_slow,both,G0-exact,r1_mean_20,-0.0243,-0.0774,0.0243
constant_slow,both,G0-exact,r1_rms_50,0.6562,0.6405,0.6738
constant_slow,both,G0-exact,r1_mean_50,-0.0519,-0.0855,-0.0197
constant_slow,both,G0-exact,r1_rms_100,0.5252,0.5151,0.5347
constant_slow,both,G0-exact,r1_mean_100,-0.0566,-0.0779,-0.0365
constant_slow,both,G0-exact,r1_rms_200,0.4714,0.4637,0.4788
constant_slow,both,G0-exact,r1_mean_200,-0.0339,-0.0511,-0.0169
constant_slow,both,G0-exact,r2_brier,0.1750,0.1734,0.1767
constant_slow,both,G0-exact,r2_bias,0.0034,0.0008,0.0060
constant_slow,both,G0-exact,r3_inside,0.5397,0.5311,0.5482
constant_slow,both,G0-exact,r3_below_0.5,0.0234,0.0200,0.0271
constant_slow,both,G0-exact,r3_above_0.95,0.0100,0.0082,0.0120
constant_slow,both,G0-exact,r4_false,0.6836,0.6682,0.7000
constant_slow,both,G0-exact,r4_false_0.70,0.5747,0.5563,0.5928
constant_slow,both,G0-exact,r4_below,0.0000,0.0000,0.0000
constant_slow,both,G0-exact,r4_false_at_task,0.6836,0.6671,0.7002
constant_slow,both,G0-exact,r4_declared,10.4730,10.2490,10.6820
constant_slow,both,G0-exact,r5_late_answers,9.5461,9.3025,9.7905
constant_slow,both,G0-exact,r5_never,0.2369,0.2155,0.2580
constant_slow,both,G0-exact,r6_lag,-0.0617,-0.0750,-0.0482
constant_slow,both,G0-exact,r7_error_5,0.8598,0.8206,0.9015
constant_slow,both,G0-exact,r7_error_10,0.8049,0.7670,0.8422
constant_slow,both,G0-exact,r7_longest_wrong,1.8750,1.8090,1.9430
constant_slow,both,G0-exact,r7_hard_first,0.1275,0.1158,0.1401
constant_slow,both,G0-exact,r4b_chance_below_0.5,0.0726,0.0623,0.0841
constant_slow,both,G0-exact,r4b_chance_0.5_to_0.6,0.1192,0.1101,0.1279
constant_slow,both,G0-exact,r4b_chance_0.6_to_0.7,0.2592,0.2473,0.2707
constant_slow,both,G0-exact,r4b_chance_0.7_to_0.8,0.3393,0.3260,0.3532
constant_slow,both,G0-exact,r4b_chance_0.8_up,0.2097,0.1948,0.2239
constant_slow,both,G0-exact,r3_reachable,0.9285,0.9207,0.9366
constant_slow,both,G0-exact,r8_rank_6_20,2.7533,2.3867,3.1667
constant_slow,both,G0-exact,r8_topic_rank_6_20,9.7800,8.9867,10.5667
constant_slow,both,G0-exact,r8_rank_150_200,3.5569,3.2137,3.9098
constant_slow,both,G0-exact,r8_topic_rank_150_200,10.1471,9.7980,10.5275
constant_slow,both,G0-exact,r2_ece,0.0061,0.0036,0.0086
constant_slow,both,G0-exact,r4b_3,0.1298,0.1187,0.1399
constant_slow,both,G0-exact,r4b_5,0.4105,0.3964,0.4251
constant_slow,both,G0-exact,r4b_10,0.7902,0.7757,0.8028
constant_slow,both,G0-exact,r4b_20,0.9773,0.9703,0.9840
constant_slow,both,G0-exact,r4b_50,0.9993,0.9978,1.0000
constant_slow,both,G0-exact,r8_move_p95_6_20,42.0000,42.0000,42.0000
constant_slow,both,G0-exact,r8_move_p95_150_200,42.0000,42.0000,42.0000
constant_slow,both,G0-miss0.25,r1_rms_5,0.9973,0.9624,1.0316
constant_slow,both,G0-miss0.25,r1_mean_5,0.0220,-0.0414,0.0881
constant_slow,both,G0-miss0.25,r1_rms_10,0.9569,0.9239,0.9883
constant_slow,both,G0-miss0.25,r1_mean_10,-0.0036,-0.0632,0.0575
constant_slow,both,G0-miss0.25,r1_rms_20,0.8564,0.8297,0.8846
constant_slow,both,G0-miss0.25,r1_mean_20,-0.0332,-0.0849,0.0170
constant_slow,both,G0-miss0.25,r1_rms_50,0.6642,0.6478,0.6829
constant_slow,both,G0-miss0.25,r1_mean_50,-0.0695,-0.1037,-0.0354
constant_slow,both,G0-miss0.25,r1_rms_100,0.5351,0.5258,0.5449
constant_slow,both,G0-miss0.25,r1_mean_100,-0.0698,-0.0923,-0.0479
constant_slow,both,G0-miss0.25,r1_rms_200,0.4713,0.4634,0.4793
constant_slow,both,G0-miss0.25,r1_mean_200,-0.0563,-0.0730,-0.0390
constant_slow,both,G0-miss0.25,r2_brier,0.1756,0.1740,0.1773
constant_slow,both,G0-miss0.25,r2_bias,0.0047,0.0020,0.0074
constant_slow,both,G0-miss0.25,r3_inside,0.5018,0.4945,0.5090
constant_slow,both,G0-miss0.25,r3_below_0.5,0.0286,0.0248,0.0326
constant_slow,both,G0-miss0.25,r3_above_0.95,0.0141,0.0120,0.0161
constant_slow,both,G0-miss0.25,r4_false,0.6749,0.6585,0.6910
constant_slow,both,G0-miss0.25,r4_false_0.70,0.5746,0.5565,0.5926
constant_slow,both,G0-miss0.25,r4_below,0.0000,0.0000,0.0000
constant_slow,both,G0-miss0.25,r4_false_at_task,0.6749,0.6585,0.6904
constant_slow,both,G0-miss0.25,r4_declared,10.3800,10.1750,10.5950
constant_slow,both,G0-miss0.25,r5_late_answers,9.2848,9.0472,9.5247
constant_slow,both,G0-miss0.25,r5_never,0.2501,0.2294,0.2717
constant_slow,both,G0-miss0.25,r6_lag,-0.0746,-0.0891,-0.0600
constant_slow,both,G0-miss0.25,r7_error_5,0.8725,0.8329,0.9124
constant_slow,both,G0-miss0.25,r7_error_10,0.8145,0.7776,0.8517
constant_slow,both,G0-miss0.25,r7_longest_wrong,1.8830,1.8190,1.9510
constant_slow,both,G0-miss0.25,r7_hard_first,0.1360,0.1242,0.1476
constant_slow,both,G0-miss0.25,r4b_chance_below_0.5,0.0854,0.0742,0.0972
constant_slow,both,G0-miss0.25,r4b_chance_0.5_to_0.6,0.1314,0.1236,0.1396
constant_slow,both,G0-miss0.25,r4b_chance_0.6_to_0.7,0.2433,0.2345,0.2515
constant_slow,both,G0-miss0.25,r4b_chance_0.7_to_0.8,0.3088,0.2985,0.3184
constant_slow,both,G0-miss0.25,r4b_chance_0.8_up,0.2311,0.2172,0.2459
constant_slow,both,G0-miss0.25,r3_reachable,0.9348,0.9258,0.9439
constant_slow,both,G0-miss0.25,r8_rank_6_20,2.7933,2.3867,3.2067
constant_slow,both,G0-miss0.25,r8_topic_rank_6_20,10.0733,9.3067,10.9200
constant_slow,both,G0-miss0.25,r8_rank_150_200,3.1157,2.7941,3.4431
constant_slow,both,G0-miss0.25,r8_topic_rank_150_200,10.2216,9.8706,10.5765
constant_slow,both,G0-miss0.25,r2_ece,0.0069,0.0042,0.0097
constant_slow,both,G0-miss0.25,r4b_3,0.1367,0.1264,0.1466
constant_slow,both,G0-miss0.25,r4b_5,0.4167,0.4039,0.4299
constant_slow,both,G0-miss0.25,r4b_10,0.7941,0.7810,0.8072
constant_slow,both,G0-miss0.25,r4b_20,0.9756,0.9684,0.9828
constant_slow,both,G0-miss0.25,r4b_50,0.9973,0.9949,0.9994
constant_slow,both,G0-miss0.25,r8_move_p95_6_20,42.0000,42.0000,42.0000
constant_slow,both,G0-miss0.25,r8_move_p95_150_200,42.0000,42.0000,42.0000
constant_slow,both,G0-miss1,r1_rms_5,1.0346,0.9966,1.0722
constant_slow,both,G0-miss1,r1_mean_5,-0.0610,-0.1307,0.0046
constant_slow,both,G0-miss1,r1_rms_10,0.9925,0.9600,1.0268
constant_slow,both,G0-miss1,r1_mean_10,-0.0904,-0.1534,-0.0207
constant_slow,both,G0-miss1,r1_rms_20,0.9056,0.8761,0.9340
constant_slow,both,G0-miss1,r1_mean_20,-0.1229,-0.1743,-0.0657
constant_slow,both,G0-miss1,r1_rms_50,0.7205,0.7002,0.7393
constant_slow,both,G0-miss1,r1_mean_50,-0.1889,-0.2281,-0.1528
constant_slow,both,G0-miss1,r1_rms_100,0.5903,0.5780,0.6027
constant_slow,both,G0-miss1,r1_mean_100,-0.2096,-0.2340,-0.1858
constant_slow,both,G0-miss1,r1_rms_200,0.5273,0.5172,0.5379
constant_slow,both,G0-miss1,r1_mean_200,-0.2096,-0.2277,-0.1917
constant_slow,both,G0-miss1,r2_brier,0.1775,0.1758,0.1791
constant_slow,both,G0-miss1,r2_bias,0.0077,0.0049,0.0102
constant_slow,both,G0-miss1,r3_inside,0.2969,0.2940,0.2996
constant_slow,both,G0-miss1,r3_below_0.5,0.0915,0.0871,0.0967
constant_slow,both,G0-miss1,r3_above_0.95,0.1061,0.1018,0.1105
constant_slow,both,G0-miss1,r4_false,0.6460,0.6290,0.6630
constant_slow,both,G0-miss1,r4_false_0.70,0.5464,0.5275,0.5656
constant_slow,both,G0-miss1,r4_below,0.0000,0.0000,0.0000
constant_slow,both,G0-miss1,r4_false_at_task,0.6460,0.6290,0.6627
constant_slow,both,G0-miss1,r4_declared,10.3430,10.1270,10.5570
constant_slow,both,G0-miss1,r5_late_answers,9.9058,9.6598,10.1563
constant_slow,both,G0-miss1,r5_never,0.2410,0.2219,0.2616
constant_slow,both,G0-miss1,r6_lag,-0.2333,-0.2495,-0.2177
constant_slow,both,G0-miss1,r7_error_5,0.8925,0.8533,0.9367
constant_slow,both,G0-miss1,r7_error_10,0.8421,0.8033,0.8811
constant_slow,both,G0-miss1,r7_longest_wrong,1.8750,1.8130,1.9410
constant_slow,both,G0-miss1,r7_hard_first,0.1840,0.1726,0.1962
constant_slow,both,G0-miss1,r4b_chance_below_0.5,0.1775,0.1657,0.1907
constant_slow,both,G0-miss1,r4b_chance_0.5_to_0.6,0.1177,0.1137,0.1217
constant_slow,both,G0-miss1,r4b_chance_0.6_to_0.7,0.1539,0.1498,0.1582
constant_slow,both,G0-miss1,r4b_chance_0.7_to_0.8,0.1848,0.1801,0.1892
constant_slow,both,G0-miss1,r4b_chance_0.8_up,0.3661,0.3538,0.3784
constant_slow,both,G0-miss1,r3_reachable,0.9388,0.9304,0.9470
constant_slow,both,G0-miss1,r8_rank_6_20,2.7600,2.3800,3.1733
constant_slow,both,G0-miss1,r8_topic_rank_6_20,9.8400,9.0867,10.6200
constant_slow,both,G0-miss1,r8_rank_150_200,3.3098,2.9922,3.6235
constant_slow,both,G0-miss1,r8_topic_rank_150_200,10.2922,9.9294,10.6569
constant_slow,both,G0-miss1,r2_ece,0.0099,0.0073,0.0127
constant_slow,both,G0-miss1,r4b_3,0.1358,0.1258,0.1464
constant_slow,both,G0-miss1,r4b_5,0.4100,0.3955,0.4243
constant_slow,both,G0-miss1,r4b_10,0.7907,0.7765,0.8055
constant_slow,both,G0-miss1,r4b_20,0.9697,0.9590,0.9786
constant_slow,both,G0-miss1,r4b_50,0.9979,0.9934,1.0000
constant_slow,both,G0-miss1,r8_move_p95_6_20,42.0000,42.0000,42.0000
constant_slow,both,G0-miss1,r8_move_p95_150_200,42.0000,42.0000,42.0000
constant_slow,both,G2-half,r1_rms_5,1.0012,0.9668,1.0392
constant_slow,both,G2-half,r1_mean_5,-0.0541,-0.1186,0.0124
constant_slow,both,G2-half,r1_rms_10,0.9641,0.9293,0.9975
constant_slow,both,G2-half,r1_mean_10,-0.1022,-0.1671,-0.0402
constant_slow,both,G2-half,r1_rms_20,0.8855,0.8567,0.9143
constant_slow,both,G2-half,r1_mean_20,-0.1663,-0.2189,-0.1114
constant_slow,both,G2-half,r1_rms_50,0.7270,0.7063,0.7484
constant_slow,both,G2-half,r1_mean_50,-0.3005,-0.3361,-0.2663
constant_slow,both,G2-half,r1_rms_100,0.6466,0.6316,0.6619
constant_slow,both,G2-half,r1_mean_100,-0.3923,-0.4155,-0.3680
constant_slow,both,G2-half,r1_rms_200,0.5988,0.5875,0.6109
constant_slow,both,G2-half,r1_mean_200,-0.3848,-0.4018,-0.3671
constant_slow,both,G2-half,r2_brier,0.1566,0.1551,0.1581
constant_slow,both,G2-half,r2_bias,-0.0294,-0.0319,-0.0267
constant_slow,both,G2-half,r3_inside,0.3933,0.3877,0.3988
constant_slow,both,G2-half,r3_below_0.5,0.0259,0.0231,0.0290
constant_slow,both,G2-half,r3_above_0.95,0.0537,0.0494,0.0584
constant_slow,both,G2-half,r4_false,0.5499,0.5317,0.5692
constant_slow,both,G2-half,r4_false_0.70,0.4339,0.4155,0.4520
constant_slow,both,G2-half,r4_below,0.0000,0.0000,0.0000
constant_slow,both,G2-half,r4_false_at_task,0.5499,0.5318,0.5683
constant_slow,both,G2-half,r4_declared,12.4070,12.1710,12.6500
constant_slow,both,G2-half,r5_late_answers,8.1059,7.9363,8.2928
constant_slow,both,G2-half,r5_never,0.2202,0.2021,0.2375
constant_slow,both,G2-half,r6_lag,-0.4212,-0.4378,-0.4059
constant_slow,both,G2-half,r7_error_5,0.8592,0.8158,0.9041
constant_slow,both,G2-half,r7_error_10,0.8085,0.7683,0.8515
constant_slow,both,G2-half,r7_longest_wrong,1.7940,1.7370,1.8510
constant_slow,both,G2-half,r7_hard_first,0.1384,0.1268,0.1502
constant_slow,both,G2-half,r4b_chance_below_0.5,0.0878,0.0784,0.0978
constant_slow,both,G2-half,r4b_chance_0.5_to_0.6,0.1068,0.1007,0.1130
constant_slow,both,G2-half,r4b_chance_0.6_to_0.7,0.1894,0.1826,0.1958
constant_slow,both,G2-half,r4b_chance_0.7_to_0.8,0.2676,0.2607,0.2748
constant_slow,both,G2-half,r4b_chance_0.8_up,0.3484,0.3328,0.3632
constant_slow,both,G2-half,r3_reachable,0.9542,0.9494,0.9587
constant_slow,both,G2-half,r8_rank_6_20,2.5800,2.1867,3.0133
constant_slow,both,G2-half,r8_topic_rank_6_20,10.0133,9.1933,10.8533
constant_slow,both,G2-half,r8_rank_150_200,3.1627,2.8627,3.4784
constant_slow,both,G2-half,r8_topic_rank_150_200,9.9686,9.6196,10.3157
constant_slow,both,G2-half,r2_ece,0.0294,0.0268,0.0320
constant_slow,both,G2-half,r4b_3,0.1482,0.1371,0.1596
constant_slow,both,G2-half,r4b_5,0.4500,0.4337,0.4656
constant_slow,both,G2-half,r4b_10,0.8542,0.8401,0.8678
constant_slow,both,G2-half,r4b_20,0.9926,0.9874,0.9969
constant_slow,both,G2-half,r4b_50,0.9992,0.9971,1.0000
constant_slow,both,G2-half,r8_move_p95_6_20,42.0000,42.0000,42.0000
constant_slow,both,G2-half,r8_move_p95_150_200,42.0000,41.0000,42.0000
constant_slow,both,G2-fading,r1_rms_5,0.9902,0.9542,1.0275
constant_slow,both,G2-fading,r1_mean_5,-0.0664,-0.1292,0.0019
constant_slow,both,G2-fading,r1_rms_10,0.9515,0.9181,0.9823
constant_slow,both,G2-fading,r1_mean_10,-0.1166,-0.1775,-0.0577
constant_slow,both,G2-fading,r1_rms_20,0.8796,0.8515,0.9110
constant_slow,both,G2-fading,r1_mean_20,-0.2041,-0.2580,-0.1506
constant_slow,both,G2-fading,r1_rms_50,0.7365,0.7152,0.7577
constant_slow,both,G2-fading,r1_mean_50,-0.3334,-0.3694,-0.2986
constant_slow,both,G2-fading,r1_rms_100,0.6295,0.6155,0.6435
constant_slow,both,G2-fading,r1_mean_100,-0.3500,-0.3727,-0.3267
constant_slow,both,G2-fading,r1_rms_200,0.5262,0.5170,0.5364
constant_slow,both,G2-fading,r1_mean_200,-0.2359,-0.2528,-0.2187
constant_slow,both,G2-fading,r2_brier,0.1582,0.1567,0.1598
constant_slow,both,G2-fading,r2_bias,-0.0253,-0.0279,-0.0227
constant_slow,both,G2-fading,r3_inside,0.4036,0.3982,0.4090
constant_slow,both,G2-fading,r3_below_0.5,0.0265,0.0236,0.0299
constant_slow,both,G2-fading,r3_above_0.95,0.0495,0.0453,0.0540
constant_slow,both,G2-fading,r4_false,0.5690,0.5518,0.5861
constant_slow,both,G2-fading,r4_false_0.70,0.4509,0.4339,0.4699
constant_slow,both,G2-fading,r4_below,0.0000,0.0000,0.0000
constant_slow,both,G2-fading,r4_false_at_task,0.5690,0.5523,0.5861
constant_slow,both,G2-fading,r4_declared,12.1220,11.8930,12.3510
constant_slow,both,G2-fading,r5_late_answers,8.2649,8.0799,8.4391
constant_slow,both,G2-fading,r5_never,0.2155,0.1961,0.2348
constant_slow,both,G2-fading,r6_lag,-0.3122,-0.3275,-0.2973
constant_slow,both,G2-fading,r7_error_5,0.8439,0.8047,0.8879
constant_slow,both,G2-fading,r7_error_10,0.7962,0.7556,0.8364
constant_slow,both,G2-fading,r7_longest_wrong,1.7480,1.6890,1.8100
constant_slow,both,G2-fading,r7_hard_first,0.1363,0.1249,0.1483
constant_slow,both,G2-fading,r4b_chance_below_0.5,0.0878,0.0770,0.1001
constant_slow,both,G2-fading,r4b_chance_0.5_to_0.6,0.1103,0.1044,0.1162
constant_slow,both,G2-fading,r4b_chance_0.6_to_0.7,0.1974,0.1909,0.2038
constant_slow,both,G2-fading,r4b_chance_0.7_to_0.8,0.2680,0.2610,0.2748
constant_slow,both,G2-fading,r4b_chance_0.8_up,0.3365,0.3218,0.3513
constant_slow,both,G2-fading,r3_reachable,0.9559,0.9505,0.9604
constant_slow,both,G2-fading,r8_rank_6_20,2.3467,1.9867,2.7133
constant_slow,both,G2-fading,r8_topic_rank_6_20,9.4333,8.6533,10.1800
constant_slow,both,G2-fading,r8_rank_150_200,3.2314,2.9176,3.5608
constant_slow,both,G2-fading,r8_topic_rank_150_200,10.4980,10.1235,10.8882
constant_slow,both,G2-fading,r2_ece,0.0253,0.0227,0.0279
constant_slow,both,G2-fading,r4b_3,0.1585,0.1484,0.1693
constant_slow,both,G2-fading,r4b_5,0.4647,0.4497,0.4803
constant_slow,both,G2-fading,r4b_10,0.8514,0.8371,0.8650
constant_slow,both,G2-fading,r4b_20,0.9883,0.9805,0.9947
constant_slow,both,G2-fading,r4b_50,0.9985,0.9951,1.0000
constant_slow,both,G2-fading,r8_move_p95_6_20,42.0000,42.0000,42.0000
constant_slow,both,G2-fading,r8_move_p95_150_200,42.0000,42.0000,42.0000
constant_slow,both,G3-drop,r1_rms_5,0.9785,0.9456,1.0125
constant_slow,both,G3-drop,r1_mean_5,0.0068,-0.0555,0.0703
constant_slow,both,G3-drop,r1_rms_10,0.9259,0.8988,0.9564
constant_slow,both,G3-drop,r1_mean_10,-0.0190,-0.0764,0.0395
constant_slow,both,G3-drop,r1_rms_20,0.8441,0.8205,0.8686
constant_slow,both,G3-drop,r1_mean_20,-0.0474,-0.0952,0.0037
constant_slow,both,G3-drop,r1_rms_50,0.6581,0.6423,0.6746
constant_slow,both,G3-drop,r1_mean_50,-0.0737,-0.1081,-0.0411
constant_slow,both,G3-drop,r1_rms_100,0.6560,0.6412,0.6709
constant_slow,both,G3-drop,r1_mean_100,0.2489,0.2187,0.2794
constant_slow,both,G3-drop,r1_rms_200,0.5145,0.5045,0.5231
constant_slow,both,G3-drop,r1_mean_200,0.1519,0.1331,0.1708
constant_slow,both,G3-drop,r2_brier,0.1943,0.1926,0.1960
constant_slow,both,G3-drop,r2_bias,0.0380,0.0355,0.0405
constant_slow,both,G3-drop,r3_inside,0.4049,0.4002,0.4095
constant_slow,both,G3-drop,r3_below_0.5,0.0720,0.0665,0.0780
constant_slow,both,G3-drop,r3_above_0.95,0.0214,0.0194,0.0237
constant_slow,both,G3-drop,r4_false,0.7087,0.6923,0.7254
constant_slow,both,G3-drop,r4_false_0.70,0.6212,0.6032,0.6383
constant_slow,both,G3-drop,r4_below,0.0000,0.0000,0.0000
constant_slow,both,G3-drop,r4_false_at_task,0.7087,0.6918,0.7247
constant_slow,both,G3-drop,r4_declared,9.2020,9.0030,9.4050
constant_slow,both,G3-drop,r5_late_answers,9.6685,9.3869,9.9557
constant_slow,both,G3-drop,r5_never,0.3459,0.3241,0.3679
constant_slow,both,G3-drop,r6_lag,0.2110,0.1963,0.2263
constant_slow,both,G3-drop,r6_jump_answers,32.1790,30.5940,33.7260
constant_slow,both,G3-drop,r6_jump_unsettled,0.0770,0.0620,0.0950
constant_slow,both,G3-drop,r7_error_5,0.8314,0.7946,0.8706
constant_slow,both,G3-drop,r7_error_10,0.7745,0.7398,0.8125
constant_slow,both,G3-drop,r7_longest_wrong,1.8820,1.8110,1.9530
constant_slow,both,G3-drop,r7_hard_first,0.1380,0.1271,0.1505
constant_slow,both,G3-drop,r4b_chance_below_0.5,0.1596,0.1459,0.1746
constant_slow,both,G3-drop,r4b_chance_0.5_to_0.6,0.1646,0.1588,0.1705
constant_slow,both,G3-drop,r4b_chance_0.6_to_0.7,0.2205,0.2143,0.2263
constant_slow,both,G3-drop,r4b_chance_0.7_to_0.8,0.2425,0.2354,0.2496
constant_slow,both,G3-drop,r4b_chance_0.8_up,0.2127,0.2012,0.2238
constant_slow,both,G3-drop,r3_reachable,0.9002,0.8900,0.9105
constant_slow,both,G3-drop,r8_rank_6_20,2.4133,2.0667,2.7867
constant_slow,both,G3-drop,r8_topic_rank_6_20,10.3000,9.5467,11.1133
constant_slow,both,G3-drop,r8_rank_150_200,3.5706,3.2353,3.9059
constant_slow,both,G3-drop,r8_topic_rank_150_200,10.8549,10.4784,11.2333
constant_slow,both,G3-drop,r2_ece,0.0385,0.0360,0.0412
constant_slow,both,G3-drop,r4b_3,0.1314,0.1218,0.1414
constant_slow,both,G3-drop,r4b_5,0.3709,0.3560,0.3858
constant_slow,both,G3-drop,r4b_10,0.7233,0.7068,0.7403
constant_slow,both,G3-drop,r4b_20,0.9517,0.9397,0.9634
constant_slow,both,G3-drop,r4b_50,0.9888,0.9792,0.9963
constant_slow,both,G3-drop,r8_move_p95_6_20,42.0000,42.0000,42.0000
constant_slow,both,G3-drop,r8_move_p95_150_200,42.0000,42.0000,42.0000
constant_slow,both,G0-start0.5,r1_rms_5,0.9748,0.9382,1.0118
constant_slow,both,G0-start0.5,r1_mean_5,0.0151,-0.0500,0.0763
constant_slow,both,G0-start0.5,r1_rms_10,0.9312,0.8998,0.9640
constant_slow,both,G0-start0.5,r1_mean_10,-0.0079,-0.0698,0.0494
constant_slow,both,G0-start0.5,r1_rms_20,0.8507,0.8223,0.8777
constant_slow,both,G0-start0.5,r1_mean_20,-0.0324,-0.0827,0.0199
constant_slow,both,G0-start0.5,r1_rms_50,0.6606,0.6437,0.6758
constant_slow,both,G0-start0.5,r1_mean_50,-0.0757,-0.1105,-0.0422
constant_slow,both,G0-start0.5,r1_rms_100,0.5356,0.5257,0.5460
constant_slow,both,G0-start0.5,r1_mean_100,-0.0913,-0.1127,-0.0707
constant_slow,both,G0-start0.5,r1_rms_200,0.4843,0.4767,0.4925
constant_slow,both,G0-start0.5,r1_mean_200,-0.0685,-0.0861,-0.0504
constant_slow,both,G0-start0.5,r2_brier,0.1733,0.1719,0.1748
constant_slow,both,G0-start0.5,r2_bias,0.0048,0.0022,0.0076
constant_slow,both,G0-start0.5,r3_inside,0.4369,0.4325,0.4413
constant_slow,both,G0-start0.5,r3_below_0.5,0.0349,0.0322,0.0377
constant_slow,both,G0-start0.5,r3_above_0.95,0.0270,0.0244,0.0297
constant_slow,both,G0-start0.5,r4_false,0.6826,0.6685,0.6972
constant_slow,both,G0-start0.5,r4_false_0.70,0.5727,0.5570,0.5886
constant_slow,both,G0-start0.5,r4_below,0.0000,0.0000,0.0000
constant_slow,both,G0-start0.5,r4_false_at_task,0.6826,0.6686,0.6979
constant_slow,both,G0-start0.5,r4_declared,9.9820,9.7720,10.1840
constant_slow,both,G0-start0.5,r5_late_answers,9.5883,9.3470,9.8431
constant_slow,both,G0-start0.5,r5_never,0.2408,0.2225,0.2603
constant_slow,both,G0-start0.5,r6_lag,-0.1101,-0.1251,-0.0960
constant_slow,both,G0-start0.5,r7_error_5,0.8265,0.7866,0.8665
constant_slow,both,G0-start0.5,r7_error_10,0.7712,0.7351,0.8085
constant_slow,both,G0-start0.5,r7_longest_wrong,1.8450,1.7860,1.9070
constant_slow,both,G0-start0.5,r7_hard_first,0.1336,0.1228,0.1455
constant_slow,both,G0-start0.5,r4b_chance_below_0.5,0.0936,0.0868,0.1012
constant_slow,both,G0-start0.5,r4b_chance_0.5_to_0.6,0.1243,0.1190,0.1301
constant_slow,both,G0-start0.5,r4b_chance_0.6_to_0.7,0.2047,0.1990,0.2107
constant_slow,both,G0-start0.5,r4b_chance_0.7_to_0.8,0.2690,0.2631,0.2751
constant_slow,both,G0-start0.5,r4b_chance_0.8_up,0.3084,0.2955,0.3217
constant_slow,both,G0-start0.5,r3_reachable,0.9619,0.9578,0.9659
constant_slow,both,G0-start0.5,r8_rank_6_20,2.6533,2.2800,3.0733
constant_slow,both,G0-start0.5,r8_topic_rank_6_20,9.8000,9.0533,10.6067
constant_slow,both,G0-start0.5,r8_rank_150_200,3.2059,2.8784,3.5235
constant_slow,both,G0-start0.5,r8_topic_rank_150_200,10.2392,9.8882,10.6098
constant_slow,both,G0-start0.5,r2_ece,0.0062,0.0037,0.0088
constant_slow,both,G0-start0.5,r4b_3,0.1561,0.1459,0.1675
constant_slow,both,G0-start0.5,r4b_5,0.4281,0.4141,0.4418
constant_slow,both,G0-start0.5,r4b_10,0.7968,0.7840,0.8098
constant_slow,both,G0-start0.5,r4b_20,0.9851,0.9794,0.9902
constant_slow,both,G0-start0.5,r4b_50,1.0000,0.9992,1.0000
constant_slow,both,G0-start0.5,r8_move_p95_6_20,42.0000,42.0000,42.0000
constant_slow,both,G0-start0.5,r8_move_p95_150_200,42.0000,42.0000,42.0000
constant_slow,both,G0-start2,r1_rms_5,1.1045,1.0621,1.1504
constant_slow,both,G0-start2,r1_mean_5,-0.0290,-0.1063,0.0435
constant_slow,both,G0-start2,r1_rms_10,1.0490,1.0105,1.0879
constant_slow,both,G0-start2,r1_mean_10,-0.0544,-0.1241,0.0185
constant_slow,both,G0-start2,r1_rms_20,0.9421,0.9100,0.9767
constant_slow,both,G0-start2,r1_mean_20,-0.0822,-0.1408,-0.0238
constant_slow,both,G0-start2,r1_rms_50,0.7258,0.7024,0.7491
constant_slow,both,G0-start2,r1_mean_50,-0.1275,-0.1666,-0.0876
constant_slow,both,G0-start2,r1_rms_100,0.5714,0.5563,0.5858
constant_slow,both,G0-start2,r1_mean_100,-0.1093,-0.1359,-0.0815
constant_slow,both,G0-start2,r1_rms_200,0.4906,0.4807,0.5016
constant_slow,both,G0-start2,r1_mean_200,-0.0672,-0.0868,-0.0473
constant_slow,both,G0-start2,r2_brier,0.1760,0.1740,0.1782
constant_slow,both,G0-start2,r2_bias,0.0028,-0.0003,0.0059
constant_slow,both,G0-start2,r3_inside,0.3976,0.3895,0.4053
constant_slow,both,G0-start2,r3_below_0.5,0.0723,0.0625,0.0828
constant_slow,both,G0-start2,r3_above_0.95,0.0403,0.0353,0.0453
constant_slow,both,G0-start2,r4_false,0.6209,0.6011,0.6406
constant_slow,both,G0-start2,r4_false_0.70,0.5265,0.5058,0.5470
constant_slow,both,G0-start2,r4_below,0.0000,0.0000,0.0000
constant_slow,both,G0-start2,r4_false_at_task,0.6209,0.6014,0.6415
constant_slow,both,G0-start2,r4_declared,10.4240,10.1840,10.6660
constant_slow,both,G0-start2,r5_late_answers,9.2376,9.0062,9.4831
constant_slow,both,G0-start2,r5_never,0.2586,0.2366,0.2811
constant_slow,both,G0-start2,r6_lag,-0.1225,-0.1400,-0.1044
constant_slow,both,G0-start2,r7_error_5,0.9631,0.9176,1.0127
constant_slow,both,G0-start2,r7_error_10,0.8971,0.8545,0.9410
constant_slow,both,G0-start2,r7_longest_wrong,1.9810,1.8970,2.0630
constant_slow,both,G0-start2,r7_hard_first,0.1850,0.1686,0.2020
constant_slow,both,G0-start2,r4b_chance_below_0.5,0.2339,0.1989,0.2683
constant_slow,both,G0-start2,r4b_chance_0.5_to_0.6,0.1360,0.1281,0.1441
constant_slow,both,G0-start2,r4b_chance_0.6_to_0.7,0.1886,0.1789,0.1987
constant_slow,both,G0-start2,r4b_chance_0.7_to_0.8,0.2188,0.2066,0.2308
constant_slow,both,G0-start2,r4b_chance_0.8_up,0.2227,0.2079,0.2391
constant_slow,both,G0-start2,r3_reachable,0.8745,0.8577,0.8904
constant_slow,both,G0-start2,r8_rank_6_20,2.7400,2.3800,3.1133
constant_slow,both,G0-start2,r8_topic_rank_6_20,10.1667,9.3733,10.9733
constant_slow,both,G0-start2,r8_rank_150_200,3.4392,3.0941,3.7843
constant_slow,both,G0-start2,r8_topic_rank_150_200,9.7784,9.3824,10.1863
constant_slow,both,G0-start2,r2_ece,0.0036,0.0017,0.0069
constant_slow,both,G0-start2,r4b_3,0.1216,0.1109,0.1324
constant_slow,both,G0-start2,r4b_5,0.3800,0.3647,0.3953
constant_slow,both,G0-start2,r4b_10,0.7491,0.7307,0.7677
constant_slow,both,G0-start2,r4b_20,0.9175,0.8995,0.9349
constant_slow,both,G0-start2,r4b_50,0.9764,0.9646,0.9862
constant_slow,both,G0-start2,r8_move_p95_6_20,42.0000,42.0000,42.0000
constant_slow,both,G0-start2,r8_move_p95_150_200,42.0000,42.0000,42.0000
constant_slow,both,G0-topics0.3,r1_rms_5,0.9129,0.8759,0.9524
constant_slow,both,G0-topics0.3,r1_mean_5,-0.0171,-0.0836,0.0489
constant_slow,both,G0-topics0.3,r1_rms_10,0.8560,0.8222,0.8909
constant_slow,both,G0-topics0.3,r1_mean_10,-0.0347,-0.0944,0.0278
constant_slow,both,G0-topics0.3,r1_rms_20,0.7571,0.7285,0.7882
constant_slow,both,G0-topics0.3,r1_mean_20,-0.0577,-0.1105,-0.0071
constant_slow,both,G0-topics0.3,r1_rms_50,0.5577,0.5400,0.5767
constant_slow,both,G0-topics0.3,r1_mean_50,-0.0861,-0.1192,-0.0507
constant_slow,both,G0-topics0.3,r1_rms_100,0.4286,0.4181,0.4394
constant_slow,both,G0-topics0.3,r1_mean_100,-0.0723,-0.0937,-0.0523
constant_slow,both,G0-topics0.3,r1_rms_200,0.3963,0.3889,0.4041
constant_slow,both,G0-topics0.3,r1_mean_200,-0.0402,-0.0574,-0.0234
constant_slow,both,G0-topics0.3,r2_brier,0.1740,0.1724,0.1755
constant_slow,both,G0-topics0.3,r2_bias,0.0021,-0.0008,0.0049
constant_slow,both,G0-topics0.3,r3_inside,0.4542,0.4488,0.4598
constant_slow,both,G0-topics0.3,r3_below_0.5,0.0297,0.0267,0.0332
constant_slow,both,G0-topics0.3,r3_above_0.95,0.0227,0.0200,0.0255
constant_slow,both,G0-topics0.3,r4_false,0.6656,0.6493,0.6829
constant_slow,both,G0-topics0.3,r4_false_0.70,0.5570,0.5357,0.5770
constant_slow,both,G0-topics0.3,r4_below,0.0000,0.0000,0.0000
constant_slow,both,G0-topics0.3,r4_false_at_task,0.6656,0.6481,0.6829
constant_slow,both,G0-topics0.3,r4_declared,10.4010,10.1820,10.6340
constant_slow,both,G0-topics0.3,r5_late_answers,9.6448,9.4013,9.8893
constant_slow,both,G0-topics0.3,r5_never,0.2412,0.2214,0.2622
constant_slow,both,G0-topics0.3,r6_lag,-0.1123,-0.1257,-0.0988
constant_slow,both,G0-topics0.3,r7_error_5,0.8448,0.8049,0.8848
constant_slow,both,G0-topics0.3,r7_error_10,0.7886,0.7507,0.8274
constant_slow,both,G0-topics0.3,r7_longest_wrong,1.7960,1.7360,1.8580
constant_slow,both,G0-topics0.3,r7_hard_first,0.1288,0.1172,0.1416
constant_slow,both,G0-topics0.3,r4b_chance_below_0.5,0.0824,0.0741,0.0919
constant_slow,both,G0-topics0.3,r4b_chance_0.5_to_0.6,0.1237,0.1172,0.1299
constant_slow,both,G0-topics0.3,r4b_chance_0.6_to_0.7,0.2204,0.2131,0.2274
constant_slow,both,G0-topics0.3,r4b_chance_0.7_to_0.8,0.2889,0.2815,0.2963
constant_slow,both,G0-topics0.3,r4b_chance_0.8_up,0.2846,0.2706,0.2985
constant_slow,both,G0-topics0.3,r3_reachable,0.9427,0.9339,0.9509
constant_slow,both,G0-topics0.3,r8_rank_6_20,2.7067,2.2800,3.1267
constant_slow,both,G0-topics0.3,r8_topic_rank_6_20,10.4800,9.6933,11.3333
constant_slow,both,G0-topics0.3,r8_rank_150_200,3.4686,3.1216,3.8059
constant_slow,both,G0-topics0.3,r8_topic_rank_150_200,10.0118,9.6451,10.3902
constant_slow,both,G0-topics0.3,r2_ece,0.0048,0.0028,0.0076
constant_slow,both,G0-topics0.3,r4b_3,0.1426,0.1316,0.1532
constant_slow,both,G0-topics0.3,r4b_5,0.4270,0.4129,0.4413
constant_slow,both,G0-topics0.3,r4b_10,0.8040,0.7903,0.8175
constant_slow,both,G0-topics0.3,r4b_20,0.9769,0.9700,0.9838
constant_slow,both,G0-topics0.3,r4b_50,0.9985,0.9953,1.0000
constant_slow,both,G0-topics0.3,r8_move_p95_6_20,42.0000,42.0000,42.0000
constant_slow,both,G0-topics0.3,r8_move_p95_150_200,42.0000,42.0000,42.0000
constant_slow,both,G0-topics1,r1_rms_5,1.2968,1.2641,1.3304
constant_slow,both,G0-topics1,r1_mean_5,-0.0343,-0.0984,0.0379
constant_slow,both,G0-topics1,r1_rms_10,1.2815,1.2524,1.3119
constant_slow,both,G0-topics1,r1_mean_10,-0.0685,-0.1322,-0.0060
constant_slow,both,G0-topics1,r1_rms_20,1.2035,1.1770,1.2282
constant_slow,both,G0-topics1,r1_mean_20,-0.1248,-0.1774,-0.0685
constant_slow,both,G0-topics1,r1_rms_50,1.0226,1.0040,1.0416
constant_slow,both,G0-topics1,r1_mean_50,-0.2015,-0.2372,-0.1652
constant_slow,both,G0-topics1,r1_rms_100,0.8951,0.8800,0.9099
constant_slow,both,G0-topics1,r1_mean_100,-0.2399,-0.2655,-0.2154
constant_slow,both,G0-topics1,r1_rms_200,0.7896,0.7766,0.8027
constant_slow,both,G0-topics1,r1_mean_200,-0.2392,-0.2612,-0.2194
constant_slow,both,G0-topics1,r2_brier,0.1779,0.1765,0.1795
constant_slow,both,G0-topics1,r2_bias,0.0100,0.0074,0.0125
constant_slow,both,G0-topics1,r3_inside,0.3553,0.3511,0.3593
constant_slow,both,G0-topics1,r3_below_0.5,0.0720,0.0677,0.0768
constant_slow,both,G0-topics1,r3_above_0.95,0.0676,0.0636,0.0717
constant_slow,both,G0-topics1,r4_false,0.5959,0.5805,0.6127
constant_slow,both,G0-topics1,r4_false_0.70,0.4923,0.4756,0.5090
constant_slow,both,G0-topics1,r4_below,0.0000,0.0000,0.0000
constant_slow,both,G0-topics1,r4_false_at_task,0.5959,0.5795,0.6120
constant_slow,both,G0-topics1,r4_declared,10.4520,10.2470,10.6650
constant_slow,both,G0-topics1,r5_late_answers,8.7665,8.5525,8.9703
constant_slow,both,G0-topics1,r5_never,0.2228,0.2040,0.2407
constant_slow,both,G0-topics1,r6_lag,-0.1559,-0.1722,-0.1397
constant_slow,both,G0-topics1,r7_error_5,0.8633,0.8238,0.9060
constant_slow,both,G0-topics1,r7_error_10,0.8128,0.7752,0.8518
constant_slow,both,G0-topics1,r7_longest_wrong,2.0230,1.9510,2.0960
constant_slow,both,G0-topics1,r7_hard_first,0.1994,0.1871,0.2121
constant_slow,both,G0-topics1,r4b_chance_below_0.5,0.1940,0.1822,0.2073
constant_slow,both,G0-topics1,r4b_chance_0.5_to_0.6,0.1518,0.1472,0.1570
constant_slow,both,G0-topics1,r4b_chance_0.6_to_0.7,0.1945,0.1891,0.1998
constant_slow,both,G0-topics1,r4b_chance_0.7_to_0.8,0.2158,0.2096,0.2217
constant_slow,both,G0-topics1,r4b_chance_0.8_up,0.2439,0.2336,0.2541
constant_slow,both,G0-topics1,r3_reachable,0.9173,0.9098,0.9249
constant_slow,both,G0-topics1,r8_rank_6_20,3.2067,2.8000,3.6133
constant_slow,both,G0-topics1,r8_topic_rank_6_20,10.6867,9.8400,11.4867
constant_slow,both,G0-topics1,r8_rank_150_200,3.3824,3.0549,3.7196
constant_slow,both,G0-topics1,r8_topic_rank_150_200,10.1431,9.8059,10.4863
constant_slow,both,G0-topics1,r2_ece,0.0120,0.0094,0.0146
constant_slow,both,G0-topics1,r4b_3,0.1292,0.1194,0.1404
constant_slow,both,G0-topics1,r4b_5,0.3812,0.3672,0.3944
constant_slow,both,G0-topics1,r4b_10,0.7265,0.7122,0.7403
constant_slow,both,G0-topics1,r4b_20,0.9626,0.9508,0.9730
constant_slow,both,G0-topics1,r4b_50,0.9950,0.9884,1.0000
constant_slow,both,G0-topics1,r8_move_p95_6_20,42.0000,42.0000,42.0000
constant_slow,both,G0-topics1,r8_move_p95_150_200,42.0000,42.0000,42.0000
floor_0.05,both,G0,r1_rms_5,1.0085,0.9715,1.0455
floor_0.05,both,G0,r1_mean_5,-0.0419,-0.1107,0.0266
floor_0.05,both,G0,r1_rms_10,0.9479,0.9166,0.9803
floor_0.05,both,G0,r1_mean_10,-0.0587,-0.1183,0.0001
floor_0.05,both,G0,r1_rms_20,0.8537,0.8295,0.8804
floor_0.05,both,G0,r1_mean_20,-0.0773,-0.1253,-0.0241
floor_0.05,both,G0,r1_rms_50,0.6838,0.6658,0.7011
floor_0.05,both,G0,r1_mean_50,-0.0960,-0.1296,-0.0632
floor_0.05,both,G0,r1_rms_100,0.5717,0.5606,0.5832
floor_0.05,both,G0,r1_mean_100,-0.0965,-0.1180,-0.0719
floor_0.05,both,G0,r1_rms_200,0.4940,0.4857,0.5028
floor_0.05,both,G0,r1_mean_200,-0.0859,-0.1017,-0.0696
floor_0.05,both,G0,r2_brier,0.1723,0.1705,0.1740
floor_0.05,both,G0,r2_bias,0.0027,-0.0003,0.0057
floor_0.05,both,G0,r3_inside,0.4309,0.4259,0.4359
floor_0.05,both,G0,r3_below_0.5,0.0347,0.0317,0.0380
floor_0.05,both,G0,r3_above_0.95,0.0305,0.0276,0.0336
floor_0.05,both,G0,r4_false,0.6526,0.6364,0.6688
floor_0.05,both,G0,r4_false_0.70,0.5383,0.5204,0.5569
floor_0.05,both,G0,r4_below,0.0000,0.0000,0.0000
floor_0.05,both,G0,r4_false_at_task,0.6526,0.6363,0.6672
floor_0.05,both,G0,r4_declared,9.8490,9.6420,10.0590
floor_0.05,both,G0,r5_late_answers,9.8907,9.6480,10.1367
floor_0.05,both,G0,r5_never,0.2382,0.2175,0.2598
floor_0.05,both,G0,r6_lag,-0.1207,-0.1366,-0.1040
floor_0.05,both,G0,r7_error_5,0.8565,0.8157,0.8997
floor_0.05,both,G0,r7_error_10,0.7874,0.7496,0.8249
floor_0.05,both,G0,r7_longest_wrong,1.7390,1.6860,1.7950
floor_0.05,both,G0,r7_hard_first,0.1385,0.1273,0.1496
floor_0.05,both,G0,r4b_chance_below_0.5,0.0998,0.0921,0.1074
floor_0.05,both,G0,r4b_chance_0.5_to_0.6,0.1320,0.1260,0.1379
floor_0.05,both,G0,r4b_chance_0.6_to_0.7,0.2117,0.2055,0.2177
floor_0.05,both,G0,r4b_chance_0.7_to_0.8,0.2715,0.2650,0.2777
floor_0.05,both,G0,r4b_chance_0.8_up,0.2851,0.2717,0.2988
floor_0.05,both,G0,r3_reachable,0.9476,0.9402,0.9546
floor_0.05,both,G0,r8_rank_6_20,3.1533,2.7133,3.5933
floor_0.05,both,G0,r8_topic_rank_6_20,17.2067,16.2600,18.1333
floor_0.05,both,G0,r8_rank_150_200,1.4725,1.2490,1.7039
floor_0.05,both,G0,r8_topic_rank_150_200,8.7549,8.4196,9.0922
floor_0.05,both,G0,r2_ece,0.0050,0.0034,0.0079
floor_0.05,both,G0,r4b_3,0.1444,0.1334,0.1555
floor_0.05,both,G0,r4b_5,0.4282,0.4135,0.4428
floor_0.05,both,G0,r4b_10,0.8160,0.8034,0.8283
floor_0.05,both,G0,r4b_20,0.9806,0.9741,0.9865
floor_0.05,both,G0,r4b_50,1.0000,1.0000,1.0000
floor_0.05,both,G0,r8_move_p95_6_20,73.0000,73.0000,74.0000
floor_0.05,both,G0,r8_move_p95_150_200,41.0000,41.0000,42.0000
floor_0.05,both,G1,r1_rms_5,1.0646,1.0213,1.1056
floor_0.05,both,G1,r1_mean_5,-0.0243,-0.0978,0.0501
floor_0.05,both,G1,r1_rms_10,0.9968,0.9598,1.0357
floor_0.05,both,G1,r1_mean_10,-0.0576,-0.1212,0.0102
floor_0.05,both,G1,r1_rms_20,0.8921,0.8600,0.9269
floor_0.05,both,G1,r1_mean_20,-0.0889,-0.1440,-0.0302
floor_0.05,both,G1,r1_rms_50,0.7223,0.7016,0.7450
floor_0.05,both,G1,r1_mean_50,-0.1083,-0.1469,-0.0692
floor_0.05,both,G1,r1_rms_100,0.5988,0.5857,0.6130
floor_0.05,both,G1,r1_mean_100,-0.0984,-0.1270,-0.0715
floor_0.05,both,G1,r1_rms_200,0.4946,0.4868,0.5030
floor_0.05,both,G1,r1_mean_200,-0.0434,-0.0603,-0.0251
floor_0.05,both,G1,r2_brier,0.1809,0.1782,0.1838
floor_0.05,both,G1,r2_bias,-0.0016,-0.0050,0.0018
floor_0.05,both,G1,r3_inside,0.3480,0.3382,0.3580
floor_0.05,both,G1,r3_below_0.5,0.1235,0.1104,0.1366
floor_0.05,both,G1,r3_above_0.95,0.0430,0.0385,0.0480
floor_0.05,both,G1,r4_false,0.5862,0.5629,0.6084
floor_0.05,both,G1,r4_false_0.70,0.5346,0.5113,0.5570
floor_0.05,both,G1,r4_below,0.0000,0.0000,0.0000
floor_0.05,both,G1,r4_false_at_task,0.5862,0.5635,0.6093
floor_0.05,both,G1,r4_declared,10.5220,10.2960,10.7460
floor_0.05,both,G1,r5_late_answers,9.4457,9.2250,9.6730
floor_0.05,both,G1,r5_never,0.2258,0.2070,0.2454
floor_0.05,both,G1,r6_lag,-0.1415,-0.1605,-0.1221
floor_0.05,both,G1,r7_error_5,0.8906,0.8411,0.9408
floor_0.05,both,G1,r7_error_10,0.8199,0.7749,0.8654
floor_0.05,both,G1,r7_longest_wrong,2.0170,1.9430,2.0970
floor_0.05,both,G1,r7_hard_first,0.2248,0.2073,0.2435
floor_0.05,both,G1,r4b_chance_below_0.5,0.3549,0.3309,0.3802
floor_0.05,both,G1,r4b_chance_0.5_to_0.6,0.1820,0.1740,0.1899
floor_0.05,both,G1,r4b_chance_0.6_to_0.7,0.1557,0.1497,0.1624
floor_0.05,both,G1,r4b_chance_0.7_to_0.8,0.1425,0.1319,0.1541
floor_0.05,both,G1,r4b_chance_0.8_up,0.1649,0.1498,0.1822
floor_0.05,both,G1,r3_reachable,0.7974,0.7749,0.8201
floor_0.05,both,G1,r8_rank_6_20,4.2400,3.7733,4.7133
floor_0.05,both,G1,r8_topic_rank_6_20,17.6133,16.6067,18.6333
floor_0.05,both,G1,r8_rank_150_200,1.3353,1.1196,1.5569
floor_0.05,both,G1,r8_topic_rank_150_200,6.9471,6.5882,7.2922
floor_0.05,both,G1,r2_ece,0.0089,0.0072,0.0114
floor_0.05,both,G1,r4b_3,0.1172,0.1057,0.1295
floor_0.05,both,G1,r4b_5,0.3392,0.3218,0.3573
floor_0.05,both,G1,r4b_10,0.6938,0.6737,0.7147
floor_0.05,both,G1,r4b_20,0.8789,0.8649,0.8928
floor_0.05,both,G1,r4b_50,0.9822,0.9773,0.9870
floor_0.05,both,G1,r8_move_p95_6_20,72.0000,72.0000,73.0000
floor_0.05,both,G1,r8_move_p95_150_200,40.0000,39.0000,40.0000
floor_0.05,both,G2,r1_rms_5,0.9921,0.9560,1.0297
floor_0.05,both,G2,r1_mean_5,-0.0422,-0.1068,0.0234
floor_0.05,both,G2,r1_rms_10,0.9286,0.8967,0.9606
floor_0.05,both,G2,r1_mean_10,-0.1133,-0.1703,-0.0581
floor_0.05,both,G2,r1_rms_20,0.8533,0.8271,0.8814
floor_0.05,both,G2,r1_mean_20,-0.2278,-0.2759,-0.1772
floor_0.05,both,G2,r1_rms_50,0.8062,0.7850,0.8291
floor_0.05,both,G2,r1_mean_50,-0.4820,-0.5172,-0.4467
floor_0.05,both,G2,r1_rms_100,0.9251,0.9046,0.9463
floor_0.05,both,G2,r1_mean_100,-0.7691,-0.7941,-0.7450
floor_0.05,both,G2,r1_rms_200,1.1759,1.1595,1.1919
floor_0.05,both,G2,r1_mean_200,-1.0896,-1.1084,-1.0708
floor_0.05,both,G2,r2_brier,0.1330,0.1315,0.1345
floor_0.05,both,G2,r2_bias,-0.0714,-0.0741,-0.0687
floor_0.05,both,G2,r3_inside,0.2828,0.2765,0.2887
floor_0.05,both,G2,r3_below_0.5,0.0178,0.0160,0.0199
floor_0.05,both,G2,r3_above_0.95,0.1310,0.1242,0.1382
floor_0.05,both,G2,r4_false,0.4430,0.4259,0.4602
floor_0.05,both,G2,r4_false_0.70,0.3377,0.3218,0.3536
floor_0.05,both,G2,r4_below,0.0000,0.0000,0.0000
floor_0.05,both,G2,r4_false_at_task,0.4430,0.4254,0.4606
floor_0.05,both,G2,r4_declared,14.8180,14.5670,15.0880
floor_0.05,both,G2,r5_late_answers,7.6509,7.5231,7.7801
floor_0.05,both,G2,r5_never,0.1331,0.1205,0.1457
floor_0.05,both,G2,r6_lag,-0.9714,-0.9907,-0.9525
floor_0.05,both,G2,r7_error_5,0.8372,0.7969,0.8783
floor_0.05,both,G2,r7_error_10,0.7633,0.7246,0.8021
floor_0.05,both,G2,r7_longest_wrong,1.7680,1.7130,1.8270
floor_0.05,both,G2,r7_hard_first,0.1360,0.1243,0.1475
floor_0.05,both,G2,r4b_chance_below_0.5,0.0781,0.0699,0.0863
floor_0.05,both,G2,r4b_chance_0.5_to_0.6,0.0840,0.0785,0.0895
floor_0.05,both,G2,r4b_chance_0.6_to_0.7,0.1458,0.1400,0.1518
floor_0.05,both,G2,r4b_chance_0.7_to_0.8,0.2357,0.2294,0.2419
floor_0.05,both,G2,r4b_chance_0.8_up,0.4564,0.4408,0.4719
floor_0.05,both,G2,r3_reachable,0.9643,0.9610,0.9675
floor_0.05,both,G2,r8_rank_6_20,3.5333,3.0867,4.0200
floor_0.05,both,G2,r8_topic_rank_6_20,17.2733,16.3533,18.1867
floor_0.05,both,G2,r8_rank_150_200,1.5373,1.3529,1.7294
floor_0.05,both,G2,r8_topic_rank_150_200,9.6569,9.2804,10.0255
floor_0.05,both,G2,r2_ece,0.0714,0.0687,0.0740
floor_0.05,both,G2,r4b_3,0.1640,0.1512,0.1769
floor_0.05,both,G2,r4b_5,0.5238,0.5071,0.5416
floor_0.05,both,G2,r4b_10,0.9208,0.9077,0.9330
floor_0.05,both,G2,r4b_20,0.9988,0.9960,1.0000
floor_0.05,both,G2,r4b_50,1.0000,1.0000,1.0000
floor_0.05,both,G2,r8_move_p95_6_20,73.0000,73.0000,74.0000
floor_0.05,both,G2,r8_move_p95_150_200,38.0000,38.0000,38.0000
floor_0.05,both,G3,r1_rms_5,0.9928,0.9575,1.0291
floor_0.05,both,G3,r1_mean_5,0.0670,-0.0000,0.1335
floor_0.05,both,G3,r1_rms_10,0.9233,0.8932,0.9552
floor_0.05,both,G3,r1_mean_10,0.0287,-0.0280,0.0872
floor_0.05,both,G3,r1_rms_20,0.8235,0.7986,0.8500
floor_0.05,both,G3,r1_mean_20,-0.0009,-0.0516,0.0481
floor_0.05,both,G3,r1_rms_50,0.6757,0.6581,0.6931
floor_0.05,both,G3,r1_mean_50,-0.0558,-0.0898,-0.0211
floor_0.05,both,G3,r1_rms_100,0.7937,0.7719,0.8149
floor_0.05,both,G3,r1_mean_100,-0.4837,-0.5183,-0.4500
floor_0.05,both,G3,r1_rms_200,0.7113,0.6975,0.7253
floor_0.05,both,G3,r1_mean_200,-0.5355,-0.5537,-0.5180
floor_0.05,both,G3,r2_brier,0.1544,0.1527,0.1560
floor_0.05,both,G3,r2_bias,-0.0312,-0.0341,-0.0281
floor_0.05,both,G3,r3_inside,0.3551,0.3499,0.3603
floor_0.05,both,G3,r3_below_0.5,0.0301,0.0274,0.0332
floor_0.05,both,G3,r3_above_0.95,0.0706,0.0661,0.0753
floor_0.05,both,G3,r4_false,0.5301,0.5135,0.5469
floor_0.05,both,G3,r4_false_0.70,0.4179,0.4005,0.4363
floor_0.05,both,G3,r4_below,0.0000,0.0000,0.0000
floor_0.05,both,G3,r4_false_at_task,0.5301,0.5129,0.5471
floor_0.05,both,G3,r4_declared,12.3910,12.1650,12.6320
floor_0.05,both,G3,r5_late_answers,8.3195,8.1394,8.4985
floor_0.05,both,G3,r5_never,0.1817,0.1660,0.1970
floor_0.05,both,G3,r6_lag,-0.6266,-0.6452,-0.6082
floor_0.05,both,G3,r6_jump_answers,72.6200,70.3720,74.8390
floor_0.05,both,G3,r6_jump_unsettled,0.5640,0.5350,0.5950
floor_0.05,both,G3,r7_error_5,0.8595,0.8195,0.9023
floor_0.05,both,G3,r7_error_10,0.7802,0.7418,0.8171
floor_0.05,both,G3,r7_longest_wrong,1.8000,1.7440,1.8540
floor_0.05,both,G3,r7_hard_first,0.1441,0.1326,0.1557
floor_0.05,both,G3,r4b_chance_below_0.5,0.1010,0.0924,0.1096
floor_0.05,both,G3,r4b_chance_0.5_to_0.6,0.1136,0.1080,0.1192
floor_0.05,both,G3,r4b_chance_0.6_to_0.7,0.1796,0.1736,0.1857
floor_0.05,both,G3,r4b_chance_0.7_to_0.8,0.2461,0.2403,0.2519
floor_0.05,both,G3,r4b_chance_0.8_up,0.3597,0.3455,0.3740
floor_0.05,both,G3,r3_reachable,0.9560,0.9504,0.9609
floor_0.05,both,G3,r8_rank_6_20,3.6867,3.2133,4.1467
floor_0.05,both,G3,r8_topic_rank_6_20,18.1267,17.2067,19.0600
floor_0.05,both,G3,r8_rank_150_200,1.6549,1.4294,1.8980
floor_0.05,both,G3,r8_topic_rank_150_200,8.8373,8.4941,9.2000
floor_0.05,both,G3,r2_ece,0.0312,0.0283,0.0341
floor_0.05,both,G3,r4b_3,0.1385,0.1271,0.1497
floor_0.05,both,G3,r4b_5,0.4546,0.4389,0.4693
floor_0.05,both,G3,r4b_10,0.8725,0.8593,0.8852
floor_0.05,both,G3,r4b_20,0.9950,0.9911,0.9985
floor_0.05,both,G3,r4b_50,0.9992,0.9972,1.0000
floor_0.05,both,G3,r8_move_p95_6_20,74.0000,73.0000,74.0000
floor_0.05,both,G3,r8_move_p95_150_200,40.0000,40.0000,40.0000
floor_0.05,both,G4,r1_rms_5,1.0315,0.9954,1.0689
floor_0.05,both,G4,r1_mean_5,-0.2780,-0.3461,-0.2088
floor_0.05,both,G4,r1_rms_10,0.9808,0.9473,1.0136
floor_0.05,both,G4,r1_mean_10,-0.3297,-0.3890,-0.2697
floor_0.05,both,G4,r1_rms_20,0.8935,0.8648,0.9229
floor_0.05,both,G4,r1_mean_20,-0.3628,-0.4123,-0.3132
floor_0.05,both,G4,r1_rms_50,0.7719,0.7515,0.7946
floor_0.05,both,G4,r1_mean_50,-0.4184,-0.4551,-0.3832
floor_0.05,both,G4,r1_rms_100,0.7008,0.6865,0.7170
floor_0.05,both,G4,r1_mean_100,-0.4568,-0.4808,-0.4328
floor_0.05,both,G4,r1_rms_200,0.6510,0.6394,0.6632
floor_0.05,both,G4,r1_mean_200,-0.4626,-0.4779,-0.4465
floor_0.05,both,G4,r2_brier,0.1781,0.1763,0.1800
floor_0.05,both,G4,r2_bias,0.0099,0.0070,0.0128
floor_0.05,both,G4,r3_inside,0.3857,0.3812,0.3903
floor_0.05,both,G4,r3_below_0.5,0.0568,0.0518,0.0622
floor_0.05,both,G4,r3_above_0.95,0.0382,0.0351,0.0416
floor_0.05,both,G4,r4_false,0.5888,0.5713,0.6067
floor_0.05,both,G4,r4_false_0.70,0.4784,0.4588,0.4972
floor_0.05,both,G4,r4_below,0.0000,0.0000,0.0000
floor_0.05,both,G4,r4_false_at_task,0.5888,0.5707,0.6067
floor_0.05,both,G4,r4_declared,9.9200,9.6920,10.1370
floor_0.05,both,G4,r5_late_answers,10.2715,10.0275,10.5221
floor_0.05,both,G4,r5_never,0.2267,0.2064,0.2459
floor_0.05,both,G4,r6_lag,-0.4948,-0.5112,-0.4793
floor_0.05,both,G4,r7_error_5,0.8946,0.8539,0.9367
floor_0.05,both,G4,r7_error_10,0.8349,0.7955,0.8732
floor_0.05,both,G4,r7_longest_wrong,1.8940,1.8360,1.9520
floor_0.05,both,G4,r7_hard_first,0.1846,0.1719,0.1970
floor_0.05,both,G4,r4b_chance_below_0.5,0.1664,0.1511,0.1833
floor_0.05,both,G4,r4b_chance_0.5_to_0.6,0.1441,0.1383,0.1499
floor_0.05,both,G4,r4b_chance_0.6_to_0.7,0.1946,0.1889,0.2002
floor_0.05,both,G4,r4b_chance_0.7_to_0.8,0.2280,0.2201,0.2359
floor_0.05,both,G4,r4b_chance_0.8_up,0.2670,0.2542,0.2817
floor_0.05,both,G4,r3_reachable,0.9475,0.9386,0.9557
floor_0.05,both,G4,r8_rank_6_20,3.9533,3.4733,4.4400
floor_0.05,both,G4,r8_topic_rank_6_20,18.2800,17.3067,19.2400
floor_0.05,both,G4,r8_rank_150_200,1.8157,1.5608,2.0922
floor_0.05,both,G4,r8_topic_rank_150_200,8.2824,7.9275,8.6471
floor_0.05,both,G4,r2_ece,0.0127,0.0099,0.0157
floor_0.05,both,G4,r4b_3,0.1181,0.1078,0.1284
floor_0.05,both,G4,r4b_5,0.3990,0.3835,0.4151
floor_0.05,both,G4,r4b_10,0.8010,0.7855,0.8165
floor_0.05,both,G4,r4b_20,0.9659,0.9554,0.9761
floor_0.05,both,G4,r4b_50,0.9941,0.9900,0.9978
floor_0.05,both,G4,r8_move_p95_6_20,74.0000,73.0000,74.0000
floor_0.05,both,G4,r8_move_p95_150_200,41.0000,40.0000,41.0000
floor_0.05,both,G5,r1_rms_5,0.9188,0.8780,0.9613
floor_0.05,both,G5,r1_mean_5,0.0248,-0.0435,0.0949
floor_0.05,both,G5,r1_rms_10,0.8574,0.8219,0.8923
floor_0.05,both,G5,r1_mean_10,0.0049,-0.0582,0.0643
floor_0.05,both,G5,r1_rms_20,0.8857,0.8574,0.9155
floor_0.05,both,G5,r1_mean_20,-0.0350,-0.0891,0.0180
floor_0.05,both,G5,r1_rms_50,0.7483,0.7292,0.7676
floor_0.05,both,G5,r1_mean_50,-0.0596,-0.0948,-0.0219
floor_0.05,both,G5,r1_rms_100,0.6354,0.6207,0.6504
floor_0.05,both,G5,r1_mean_100,-0.0704,-0.0962,-0.0454
floor_0.05,both,G5,r1_rms_200,0.5492,0.5387,0.5606
floor_0.05,both,G5,r1_mean_200,-0.0719,-0.0897,-0.0539
floor_0.05,both,G5,r2_brier,0.1760,0.1741,0.1780
floor_0.05,both,G5,r2_bias,0.0061,0.0029,0.0093
floor_0.05,both,G5,r3_inside,0.4107,0.4049,0.4168
floor_0.05,both,G5,r3_below_0.5,0.0517,0.0461,0.0577
floor_0.05,both,G5,r3_above_0.95,0.0356,0.0321,0.0395
floor_0.05,both,G5,r4_false,0.6353,0.6184,0.6525
floor_0.05,both,G5,r4_false_0.70,0.5305,0.5120,0.5483
floor_0.05,both,G5,r4_below,0.0000,0.0000,0.0000
floor_0.05,both,G5,r4_false_at_task,0.6353,0.6182,0.6521
floor_0.05,both,G5,r4_declared,10.1290,9.9250,10.3460
floor_0.05,both,G5,r5_late_answers,9.9330,9.6734,10.1834
floor_0.05,both,G5,r5_never,0.2228,0.2031,0.2424
floor_0.05,both,G5,r6_lag,-0.1212,-0.1386,-0.1044
floor_0.05,both,G5,r7_error_5,0.9882,0.9431,1.0334
floor_0.05,both,G5,r7_error_10,0.9334,0.8914,0.9760
floor_0.05,both,G5,r7_longest_wrong,1.8480,1.7840,1.9110
floor_0.05,both,G5,r7_hard_first,0.1432,0.1308,0.1563
floor_0.05,both,G5,r4b_chance_below_0.5,0.1589,0.1406,0.1787
floor_0.05,both,G5,r4b_chance_0.5_to_0.6,0.1478,0.1406,0.1543
floor_0.05,both,G5,r4b_chance_0.6_to_0.7,0.2132,0.2054,0.2207
floor_0.05,both,G5,r4b_chance_0.7_to_0.8,0.2343,0.2251,0.2434
floor_0.05,both,G5,r4b_chance_0.8_up,0.2458,0.2312,0.2609
floor_0.05,both,G5,r3_reachable,0.9173,0.9057,0.9286
floor_0.05,both,G5,r8_rank_6_20,3.5733,3.1467,4.0267
floor_0.05,both,G5,r8_topic_rank_6_20,17.9000,16.9667,18.8333
floor_0.05,both,G5,r8_rank_150_200,1.8392,1.5765,2.1137
floor_0.05,both,G5,r8_topic_rank_150_200,8.3039,7.9490,8.6765
floor_0.05,both,G5,r2_ece,0.0087,0.0057,0.0118
floor_0.05,both,G5,r4b_3,0.1302,0.1193,0.1417
floor_0.05,both,G5,r4b_5,0.4008,0.3860,0.4163
floor_0.05,both,G5,r4b_10,0.7961,0.7814,0.8115
floor_0.05,both,G5,r4b_20,0.9635,0.9523,0.9739
floor_0.05,both,G5,r4b_50,0.9986,0.9964,1.0000
floor_0.05,both,G5,r8_move_p95_6_20,73.0000,73.0000,74.0000
floor_0.05,both,G5,r8_move_p95_150_200,41.0000,40.0000,41.0000
floor_0.05,both,G6,r1_rms_5,1.0393,0.9989,1.0824
floor_0.05,both,G6,r1_mean_5,-0.0462,-0.1160,0.0254
floor_0.05,both,G6,r1_rms_10,0.9795,0.9430,1.0195
floor_0.05,both,G6,r1_mean_10,-0.0820,-0.1490,-0.0200
floor_0.05,both,G6,r1_rms_20,0.9049,0.8716,0.9386
floor_0.05,both,G6,r1_mean_20,-0.1040,-0.1621,-0.0458
floor_0.05,both,G6,r1_rms_50,0.8094,0.7793,0.8389
floor_0.05,both,G6,r1_mean_50,-0.1545,-0.2047,-0.1046
floor_0.05,both,G6,r1_rms_100,0.7553,0.7290,0.7824
floor_0.05,both,G6,r1_mean_100,-0.1991,-0.2414,-0.1565
floor_0.05,both,G6,r1_rms_200,0.7495,0.7260,0.7729
floor_0.05,both,G6,r1_mean_200,-0.2294,-0.2719,-0.1865
floor_0.05,both,G6,r2_brier,0.1769,0.1751,0.1787
floor_0.05,both,G6,r2_bias,0.0103,0.0074,0.0133
floor_0.05,both,G6,r3_inside,0.4280,0.4143,0.4426
floor_0.05,both,G6,r3_below_0.5,0.0560,0.0517,0.0606
floor_0.05,both,G6,r3_above_0.95,0.0943,0.0873,0.1013
floor_0.05,both,G6,r4_false,0.6563,0.6383,0.6743
floor_0.05,both,G6,r4_false_0.70,0.5471,0.5285,0.5670
floor_0.05,both,G6,r4_below,0.0000,0.0000,0.0000
floor_0.05,both,G6,r4_false_at_task,0.6563,0.6386,0.6740
floor_0.05,both,G6,r4_declared,9.5760,9.3630,9.7760
floor_0.05,both,G6,r5_late_answers,10.0233,9.7883,10.2782
floor_0.05,both,G6,r5_never,0.2471,0.2256,0.2688
floor_0.05,both,G6,r6_lag,-0.2519,-0.2940,-0.2099
floor_0.05,both,G6,r7_error_5,0.8908,0.8461,0.9348
floor_0.05,both,G6,r7_error_10,0.8213,0.7793,0.8662
floor_0.05,both,G6,r7_longest_wrong,1.7840,1.7280,1.8430
floor_0.05,both,G6,r7_hard_first,0.1330,0.1224,0.1440
floor_0.05,both,G6,r4b_chance_below_0.5,0.1188,0.1076,0.1327
floor_0.05,both,G6,r4b_chance_0.5_to_0.6,0.1221,0.1141,0.1307
floor_0.05,both,G6,r4b_chance_0.6_to_0.7,0.2437,0.2318,0.2549
floor_0.05,both,G6,r4b_chance_0.7_to_0.8,0.2931,0.2802,0.3064
floor_0.05,both,G6,r4b_chance_0.8_up,0.2223,0.2076,0.2370
floor_0.05,both,G6,r3_reachable,0.8069,0.7922,0.8213
floor_0.05,both,G6,r8_rank_6_20,4.0867,3.6000,4.6000
floor_0.05,both,G6,r8_topic_rank_6_20,18.2800,17.3600,19.2267
floor_0.05,both,G6,r8_rank_150_200,1.7314,1.4647,2.0176
floor_0.05,both,G6,r8_topic_rank_150_200,8.3549,8.0098,8.7235
floor_0.05,both,G6,r2_ece,0.0128,0.0100,0.0158
floor_0.05,both,G6,r4b_3,0.1244,0.1142,0.1347
floor_0.05,both,G6,r4b_5,0.3969,0.3831,0.4110
floor_0.05,both,G6,r4b_10,0.7941,0.7787,0.8088
floor_0.05,both,G6,r4b_20,0.9689,0.9573,0.9792
floor_0.05,both,G6,r4b_50,0.9974,0.9924,1.0000
floor_0.05,both,G6,r8_move_p95_6_20,73.0000,73.0000,73.0000
floor_0.05,both,G6,r8_move_p95_150_200,41.0000,40.0000,41.0000
floor_0.05,both,G7,r1_rms_5,1.0154,0.9806,1.0508
floor_0.05,both,G7,r1_mean_5,-0.0603,-0.1246,0.0064
floor_0.05,both,G7,r1_rms_10,0.9493,0.9185,0.9795
floor_0.05,both,G7,r1_mean_10,-0.0853,-0.1415,-0.0281
floor_0.05,both,G7,r1_rms_20,0.8602,0.8348,0.8851
floor_0.05,both,G7,r1_mean_20,-0.1121,-0.1649,-0.0622
floor_0.05,both,G7,r1_rms_50,0.7232,0.7051,0.7418
floor_0.05,both,G7,r1_mean_50,-0.1380,-0.1758,-0.1010
floor_0.05,both,G7,r1_rms_100,0.6242,0.6124,0.6363
floor_0.05,both,G7,r1_mean_100,-0.1351,-0.1631,-0.1059
floor_0.05,both,G7,r1_rms_200,0.5522,0.5430,0.5619
floor_0.05,both,G7,r1_mean_200,-0.1331,-0.1559,-0.1108
floor_0.05,both,G7,r2_brier,0.1732,0.1715,0.1750
floor_0.05,both,G7,r2_bias,0.0037,0.0009,0.0065
floor_0.05,both,G7,r3_inside,0.4248,0.4193,0.4303
floor_0.05,both,G7,r3_below_0.5,0.0419,0.0377,0.0467
floor_0.05,both,G7,r3_above_0.95,0.0294,0.0266,0.0324
floor_0.05,both,G7,r4_false,0.6506,0.6347,0.6682
floor_0.05,both,G7,r4_false_0.70,0.5468,0.5292,0.5649
floor_0.05,both,G7,r4_below,0.0000,0.0000,0.0000
floor_0.05,both,G7,r4_false_at_task,0.6506,0.6347,0.6675
floor_0.05,both,G7,r4_declared,9.8690,9.6480,10.0950
floor_0.05,both,G7,r5_late_answers,9.7754,9.5411,10.0153
floor_0.05,both,G7,r5_never,0.2366,0.2166,0.2575
floor_0.05,both,G7,r6_lag,-0.1678,-0.1900,-0.1446
floor_0.05,both,G7,r7_error_5,0.8754,0.8363,0.9135
floor_0.05,both,G7,r7_error_10,0.7987,0.7641,0.8343
floor_0.05,both,G7,r7_longest_wrong,1.8040,1.7460,1.8620
floor_0.05,both,G7,r7_hard_first,0.1488,0.1364,0.1611
floor_0.05,both,G7,r4b_chance_below_0.5,0.1220,0.1074,0.1371
floor_0.05,both,G7,r4b_chance_0.5_to_0.6,0.1345,0.1284,0.1406
floor_0.05,both,G7,r4b_chance_0.6_to_0.7,0.2106,0.2042,0.2172
floor_0.05,both,G7,r4b_chance_0.7_to_0.8,0.2627,0.2543,0.2706
floor_0.05,both,G7,r4b_chance_0.8_up,0.2702,0.2569,0.2854
floor_0.05,both,G7,r3_reachable,0.9323,0.9231,0.9409
floor_0.05,both,G7,r8_rank_6_20,3.8733,3.4267,4.3667
floor_0.05,both,G7,r8_topic_rank_6_20,17.7800,16.7867,18.7467
floor_0.05,both,G7,r8_rank_150_200,1.8902,1.6471,2.1392
floor_0.05,both,G7,r8_topic_rank_150_200,8.4353,8.0706,8.8039
floor_0.05,both,G7,r2_ece,0.0055,0.0030,0.0085
floor_0.05,both,G7,r4b_3,0.1327,0.1221,0.1429
floor_0.05,both,G7,r4b_5,0.4073,0.3921,0.4223
floor_0.05,both,G7,r4b_10,0.8100,0.7947,0.8236
floor_0.05,both,G7,r4b_20,0.9729,0.9637,0.9815
floor_0.05,both,G7,r4b_50,0.9937,0.9883,0.9984
floor_0.05,both,G7,r8_move_p95_6_20,73.0000,73.0000,74.0000
floor_0.05,both,G7,r8_move_p95_150_200,41.0000,41.0000,41.0000
floor_0.05,both,G8,r1_rms_5,0.9739,0.9400,1.0090
floor_0.05,both,G8,r1_mean_5,0.0486,-0.0151,0.1106
floor_0.05,both,G8,r1_rms_10,0.9043,0.8743,0.9336
floor_0.05,both,G8,r1_mean_10,0.0095,-0.0460,0.0669
floor_0.05,both,G8,r1_rms_20,0.8084,0.7837,0.8331
floor_0.05,both,G8,r1_mean_20,-0.0205,-0.0694,0.0302
floor_0.05,both,G8,r1_rms_50,0.6546,0.6394,0.6716
floor_0.05,both,G8,r1_mean_50,-0.0556,-0.0860,-0.0225
floor_0.05,both,G8,r1_rms_100,0.5580,0.5472,0.5688
floor_0.05,both,G8,r1_mean_100,-0.0729,-0.0945,-0.0497
floor_0.05,both,G8,r1_rms_200,0.4873,0.4798,0.4951
floor_0.05,both,G8,r1_mean_200,-0.0668,-0.0819,-0.0508
floor_0.05,both,G8,r2_brier,0.1741,0.1724,0.1758
floor_0.05,both,G8,r2_bias,0.0058,0.0031,0.0087
floor_0.05,both,G8,r3_inside,0.4335,0.4284,0.4387
floor_0.05,both,G8,r3_below_0.5,0.0382,0.0342,0.0427
floor_0.05,both,G8,r3_above_0.95,0.0267,0.0242,0.0296
floor_0.05,both,G8,r4_false,0.6588,0.6426,0.6760
floor_0.05,both,G8,r4_false_0.70,0.5506,0.5311,0.5684
floor_0.05,both,G8,r4_below,0.0000,0.0000,0.0000
floor_0.05,both,G8,r4_false_at_task,0.6588,0.6420,0.6764
floor_0.05,both,G8,r4_declared,7.2590,7.0850,7.4440
floor_0.05,both,G8,r5_late_answers,11.0095,10.6946,11.3218
floor_0.05,both,G8,r5_never,0.4149,0.3921,0.4366
floor_0.05,both,G8,r6_lag,-0.1064,-0.1219,-0.0907
floor_0.05,both,G8,r7_error_5,0.8211,0.7827,0.8632
floor_0.05,both,G8,r7_error_10,0.7441,0.7098,0.7789
floor_0.05,both,G8,r7_longest_wrong,1.8050,1.7490,1.8660
floor_0.05,both,G8,r7_hard_first,0.1405,0.1297,0.1518
floor_0.05,both,G8,r4b_chance_below_0.5,0.1086,0.0961,0.1241
floor_0.05,both,G8,r4b_chance_0.5_to_0.6,0.1343,0.1284,0.1402
floor_0.05,both,G8,r4b_chance_0.6_to_0.7,0.2137,0.2069,0.2202
floor_0.05,both,G8,r4b_chance_0.7_to_0.8,0.2684,0.2601,0.2762
floor_0.05,both,G8,r4b_chance_0.8_up,0.2749,0.2618,0.2888
floor_0.05,both,G8,r3_reachable,0.9473,0.9392,0.9549
floor_0.05,both,G8,r8_rank_6_20,3.6200,3.1733,4.0800
floor_0.05,both,G8,r8_topic_rank_6_20,17.9133,16.9867,18.8200
floor_0.05,both,G8,r8_rank_150_200,1.5490,1.3137,1.7922
floor_0.05,both,G8,r8_topic_rank_150_200,8.5922,8.2137,8.9647
floor_0.05,both,G8,r2_ece,0.0074,0.0046,0.0103
floor_0.05,both,G8,r4b_3,0.0706,0.0634,0.0785
floor_0.05,both,G8,r4b_5,0.2858,0.2726,0.2996
floor_0.05,both,G8,r4b_10,0.6484,0.6316,0.6660
floor_0.05,both,G8,r4b_20,0.9222,0.9031,0.9394
floor_0.05,both,G8,r4b_50,0.9899,0.9781,1.0000
floor_0.05,both,G8,r8_move_p95_6_20,73.0000,73.0000,74.0000
floor_0.05,both,G8,r8_move_p95_150_200,41.0000,41.0000,41.0000
floor_0.05,both,G0-exact,r1_rms_5,0.9951,0.9598,1.0323
floor_0.05,both,G0-exact,r1_mean_5,0.0084,-0.0576,0.0721
floor_0.05,both,G0-exact,r1_rms_10,0.9290,0.8998,0.9581
floor_0.05,both,G0-exact,r1_mean_10,-0.0131,-0.0711,0.0474
floor_0.05,both,G0-exact,r1_rms_20,0.8159,0.7923,0.8406
floor_0.05,both,G0-exact,r1_mean_20,-0.0226,-0.0675,0.0278
floor_0.05,both,G0-exact,r1_rms_50,0.6571,0.6418,0.6737
floor_0.05,both,G0-exact,r1_mean_50,-0.0429,-0.0749,-0.0096
floor_0.05,both,G0-exact,r1_rms_100,0.5483,0.5386,0.5588
floor_0.05,both,G0-exact,r1_mean_100,-0.0465,-0.0678,-0.0240
floor_0.05,both,G0-exact,r1_rms_200,0.4748,0.4673,0.4822
floor_0.05,both,G0-exact,r1_mean_200,-0.0274,-0.0428,-0.0129
floor_0.05,both,G0-exact,r2_brier,0.1724,0.1707,0.1741
floor_0.05,both,G0-exact,r2_bias,0.0021,-0.0007,0.0049
floor_0.05,both,G0-exact,r3_inside,0.5457,0.5359,0.5553
floor_0.05,both,G0-exact,r3_below_0.5,0.0219,0.0185,0.0255
floor_0.05,both,G0-exact,r3_above_0.95,0.0103,0.0084,0.0123
floor_0.05,both,G0-exact,r4_false,0.6694,0.6537,0.6841
floor_0.05,both,G0-exact,r4_false_0.70,0.5588,0.5405,0.5767
floor_0.05,both,G0-exact,r4_below,0.0000,0.0000,0.0000
floor_0.05,both,G0-exact,r4_false_at_task,0.6694,0.6535,0.6849
floor_0.05,both,G0-exact,r4_declared,10.0100,9.7920,10.2280
floor_0.05,both,G0-exact,r5_late_answers,9.9924,9.7402,10.2428
floor_0.05,both,G0-exact,r5_never,0.2267,0.2052,0.2485
floor_0.05,both,G0-exact,r6_lag,-0.0616,-0.0766,-0.0465
floor_0.05,both,G0-exact,r7_error_5,0.8598,0.8180,0.9000
floor_0.05,both,G0-exact,r7_error_10,0.7836,0.7482,0.8207
floor_0.05,both,G0-exact,r7_longest_wrong,1.7960,1.7400,1.8520
floor_0.05,both,G0-exact,r7_hard_first,0.1226,0.1109,0.1342
floor_0.05,both,G0-exact,r4b_chance_below_0.5,0.0720,0.0618,0.0836
floor_0.05,both,G0-exact,r4b_chance_0.5_to_0.6,0.1233,0.1134,0.1328
floor_0.05,both,G0-exact,r4b_chance_0.6_to_0.7,0.2666,0.2537,0.2791
floor_0.05,both,G0-exact,r4b_chance_0.7_to_0.8,0.3280,0.3151,0.3415
floor_0.05,both,G0-exact,r4b_chance_0.8_up,0.2101,0.1941,0.2253
floor_0.05,both,G0-exact,r3_reachable,0.9377,0.9291,0.9460
floor_0.05,both,G0-exact,r8_rank_6_20,3.5667,3.1200,4.0267
floor_0.05,both,G0-exact,r8_topic_rank_6_20,17.8400,16.9667,18.8200
floor_0.05,both,G0-exact,r8_rank_150_200,1.6373,1.3843,1.8804
floor_0.05,both,G0-exact,r8_topic_rank_150_200,8.7000,8.3275,9.0843
floor_0.05,both,G0-exact,r2_ece,0.0041,0.0021,0.0070
floor_0.05,both,G0-exact,r4b_3,0.1448,0.1345,0.1563
floor_0.05,both,G0-exact,r4b_5,0.4179,0.4035,0.4331
floor_0.05,both,G0-exact,r4b_10,0.8202,0.8070,0.8334
floor_0.05,both,G0-exact,r4b_20,0.9759,0.9686,0.9833
floor_0.05,both,G0-exact,r4b_50,0.9990,0.9970,1.0000
floor_0.05,both,G0-exact,r8_move_p95_6_20,73.0000,72.0000,73.0000
floor_0.05,both,G0-exact,r8_move_p95_150_200,41.0000,40.0000,41.0000
floor_0.05,both,G0-miss0.25,r1_rms_5,0.9973,0.9613,1.0318
floor_0.05,both,G0-miss0.25,r1_mean_5,0.0220,-0.0430,0.0851
floor_0.05,both,G0-miss0.25,r1_rms_10,0.9303,0.8991,0.9619
floor_0.05,both,G0-miss0.25,r1_mean_10,-0.0112,-0.0710,0.0472
floor_0.05,both,G0-miss0.25,r1_rms_20,0.8200,0.7959,0.8442
floor_0.05,both,G0-miss0.25,r1_mean_20,-0.0384,-0.0868,0.0096
floor_0.05,both,G0-miss0.25,r1_rms_50,0.6635,0.6469,0.6806
floor_0.05,both,G0-miss0.25,r1_mean_50,-0.0602,-0.0934,-0.0268
floor_0.05,both,G0-miss0.25,r1_rms_100,0.5585,0.5480,0.5688
floor_0.05,both,G0-miss0.25,r1_mean_100,-0.0587,-0.0823,-0.0360
floor_0.05,both,G0-miss0.25,r1_rms_200,0.4761,0.4680,0.4839
floor_0.05,both,G0-miss0.25,r1_mean_200,-0.0412,-0.0564,-0.0254
floor_0.05,both,G0-miss0.25,r2_brier,0.1727,0.1709,0.1746
floor_0.05,both,G0-miss0.25,r2_bias,0.0028,-0.0003,0.0059
floor_0.05,both,G0-miss0.25,r3_inside,0.5020,0.4940,0.5099
floor_0.05,both,G0-miss0.25,r3_below_0.5,0.0262,0.0225,0.0303
floor_0.05,both,G0-miss0.25,r3_above_0.95,0.0140,0.0119,0.0162
floor_0.05,both,G0-miss0.25,r4_false,0.6624,0.6470,0.6774
floor_0.05,both,G0-miss0.25,r4_false_0.70,0.5601,0.5424,0.5779
floor_0.05,both,G0-miss0.25,r4_below,0.0000,0.0000,0.0000
floor_0.05,both,G0-miss0.25,r4_false_at_task,0.6624,0.6462,0.6775
floor_0.05,both,G0-miss0.25,r4_declared,10.0130,9.7730,10.2370
floor_0.05,both,G0-miss0.25,r5_late_answers,9.7540,9.5288,9.9829
floor_0.05,both,G0-miss0.25,r5_never,0.2238,0.2041,0.2443
floor_0.05,both,G0-miss0.25,r6_lag,-0.0824,-0.0986,-0.0667
floor_0.05,both,G0-miss0.25,r7_error_5,0.8725,0.8343,0.9128
floor_0.05,both,G0-miss0.25,r7_error_10,0.7915,0.7547,0.8274
floor_0.05,both,G0-miss0.25,r7_longest_wrong,1.8090,1.7530,1.8670
floor_0.05,both,G0-miss0.25,r7_hard_first,0.1315,0.1197,0.1428
floor_0.05,both,G0-miss0.25,r4b_chance_below_0.5,0.0851,0.0732,0.0990
floor_0.05,both,G0-miss0.25,r4b_chance_0.5_to_0.6,0.1267,0.1184,0.1349
floor_0.05,both,G0-miss0.25,r4b_chance_0.6_to_0.7,0.2407,0.2320,0.2503
floor_0.05,both,G0-miss0.25,r4b_chance_0.7_to_0.8,0.3102,0.2992,0.3203
floor_0.05,both,G0-miss0.25,r4b_chance_0.8_up,0.2372,0.2224,0.2529
floor_0.05,both,G0-miss0.25,r3_reachable,0.9409,0.9313,0.9497
floor_0.05,both,G0-miss0.25,r8_rank_6_20,3.4800,3.0600,3.8933
floor_0.05,both,G0-miss0.25,r8_topic_rank_6_20,17.0400,16.2067,17.9733
floor_0.05,both,G0-miss0.25,r8_rank_150_200,1.6020,1.3765,1.8431
floor_0.05,both,G0-miss0.25,r8_topic_rank_150_200,8.5255,8.1824,8.9000
floor_0.05,both,G0-miss0.25,r2_ece,0.0049,0.0024,0.0081
floor_0.05,both,G0-miss0.25,r4b_3,0.1359,0.1251,0.1465
floor_0.05,both,G0-miss0.25,r4b_5,0.4227,0.4084,0.4374
floor_0.05,both,G0-miss0.25,r4b_10,0.8164,0.8017,0.8313
floor_0.05,both,G0-miss0.25,r4b_20,0.9809,0.9716,0.9889
floor_0.05,both,G0-miss0.25,r4b_50,0.9972,0.9944,0.9994
floor_0.05,both,G0-miss0.25,r8_move_p95_6_20,73.0000,73.0000,74.0000
floor_0.05,both,G0-miss0.25,r8_move_p95_150_200,41.0000,41.0000,41.0000
floor_0.05,both,G0-miss1,r1_rms_5,1.0346,0.9986,1.0732
floor_0.05,both,G0-miss1,r1_mean_5,-0.0610,-0.1293,0.0057
floor_0.05,both,G0-miss1,r1_rms_10,0.9701,0.9372,1.0023
floor_0.05,both,G0-miss1,r1_mean_10,-0.1012,-0.1641,-0.0401
floor_0.05,both,G0-miss1,r1_rms_20,0.8771,0.8499,0.9036
floor_0.05,both,G0-miss1,r1_mean_20,-0.1298,-0.1830,-0.0784
floor_0.05,both,G0-miss1,r1_rms_50,0.7252,0.7072,0.7454
floor_0.05,both,G0-miss1,r1_mean_50,-0.1812,-0.2183,-0.1472
floor_0.05,both,G0-miss1,r1_rms_100,0.6200,0.6058,0.6345
floor_0.05,both,G0-miss1,r1_mean_100,-0.2033,-0.2284,-0.1779
floor_0.05,both,G0-miss1,r1_rms_200,0.5360,0.5266,0.5458
floor_0.05,both,G0-miss1,r1_mean_200,-0.1998,-0.2174,-0.1824
floor_0.05,both,G0-miss1,r2_brier,0.1755,0.1737,0.1773
floor_0.05,both,G0-miss1,r2_bias,0.0069,0.0039,0.0099
floor_0.05,both,G0-miss1,r3_inside,0.2944,0.2914,0.2975
floor_0.05,both,G0-miss1,r3_below_0.5,0.0882,0.0836,0.0929
floor_0.05,both,G0-miss1,r3_above_0.95,0.1103,0.1059,0.1154
floor_0.05,both,G0-miss1,r4_false,0.6377,0.6217,0.6550
floor_0.05,both,G0-miss1,r4_false_0.70,0.5359,0.5173,0.5543
floor_0.05,both,G0-miss1,r4_below,0.0000,0.0000,0.0000
floor_0.05,both,G0-miss1,r4_false_at_task,0.6377,0.6214,0.6552
floor_0.05,both,G0-miss1,r4_declared,10.0420,9.8290,10.2680
floor_0.05,both,G0-miss1,r5_late_answers,10.2682,10.0185,10.5308
floor_0.05,both,G0-miss1,r5_never,0.2277,0.2069,0.2480
floor_0.05,both,G0-miss1,r6_lag,-0.2420,-0.2621,-0.2224
floor_0.05,both,G0-miss1,r7_error_5,0.8925,0.8533,0.9334
floor_0.05,both,G0-miss1,r7_error_10,0.8213,0.7826,0.8595
floor_0.05,both,G0-miss1,r7_longest_wrong,1.8190,1.7670,1.8800
floor_0.05,both,G0-miss1,r7_hard_first,0.1785,0.1679,0.1901
floor_0.05,both,G0-miss1,r4b_chance_below_0.5,0.1805,0.1687,0.1943
floor_0.05,both,G0-miss1,r4b_chance_0.5_to_0.6,0.1193,0.1152,0.1234
floor_0.05,both,G0-miss1,r4b_chance_0.6_to_0.7,0.1501,0.1454,0.1547
floor_0.05,both,G0-miss1,r4b_chance_0.7_to_0.8,0.1825,0.1773,0.1872
floor_0.05,both,G0-miss1,r4b_chance_0.8_up,0.3676,0.3552,0.3798
floor_0.05,both,G0-miss1,r3_reachable,0.9444,0.9358,0.9526
floor_0.05,both,G0-miss1,r8_rank_6_20,3.6333,3.1933,4.1067
floor_0.05,both,G0-miss1,r8_topic_rank_6_20,17.5467,16.6467,18.4267
floor_0.05,both,G0-miss1,r8_rank_150_200,1.7627,1.4961,2.0412
floor_0.05,both,G0-miss1,r8_topic_rank_150_200,8.5294,8.1843,8.9098
floor_0.05,both,G0-miss1,r2_ece,0.0088,0.0059,0.0118
floor_0.05,both,G0-miss1,r4b_3,0.1346,0.1243,0.1453
floor_0.05,both,G0-miss1,r4b_5,0.4278,0.4136,0.4432
floor_0.05,both,G0-miss1,r4b_10,0.8296,0.8150,0.8440
floor_0.05,both,G0-miss1,r4b_20,0.9794,0.9695,0.9883
floor_0.05,both,G0-miss1,r4b_50,0.9986,0.9952,1.0000
floor_0.05,both,G0-miss1,r8_move_p95_6_20,73.0000,73.0000,74.0000
floor_0.05,both,G0-miss1,r8_move_p95_150_200,41.0000,41.0000,41.0000
floor_0.05,both,G2-half,r1_rms_5,1.0012,0.9648,1.0380
floor_0.05,both,G2-half,r1_mean_5,-0.0541,-0.1201,0.0128
floor_0.05,both,G2-half,r1_rms_10,0.9427,0.9123,0.9754
floor_0.05,both,G2-half,r1_mean_10,-0.1091,-0.1679,-0.0507
floor_0.05,both,G2-half,r1_rms_20,0.8553,0.8292,0.8842
floor_0.05,both,G2-half,r1_mean_20,-0.1656,-0.2190,-0.1146
floor_0.05,both,G2-half,r1_rms_50,0.7299,0.7094,0.7509
floor_0.05,both,G2-half,r1_mean_50,-0.2999,-0.3371,-0.2633
floor_0.05,both,G2-half,r1_rms_100,0.6934,0.6776,0.7116
floor_0.05,both,G2-half,r1_mean_100,-0.4357,-0.4610,-0.4094
floor_0.05,both,G2-half,r1_rms_200,0.7173,0.7042,0.7302
floor_0.05,both,G2-half,r1_mean_200,-0.5539,-0.5707,-0.5363
floor_0.05,both,G2-half,r2_brier,0.1506,0.1490,0.1523
floor_0.05,both,G2-half,r2_bias,-0.0384,-0.0413,-0.0356
floor_0.05,both,G2-half,r3_inside,0.3700,0.3638,0.3763
floor_0.05,both,G2-half,r3_below_0.5,0.0238,0.0210,0.0268
floor_0.05,both,G2-half,r3_above_0.95,0.0641,0.0588,0.0696
floor_0.05,both,G2-half,r4_false,0.5374,0.5202,0.5541
floor_0.05,both,G2-half,r4_false_0.70,0.4184,0.4009,0.4357
floor_0.05,both,G2-half,r4_below,0.0000,0.0000,0.0000
floor_0.05,both,G2-half,r4_false_at_task,0.5374,0.5197,0.5557
floor_0.05,both,G2-half,r4_declared,12.3050,12.0590,12.5560
floor_0.05,both,G2-half,r5_late_answers,8.3515,8.1777,8.5279
floor_0.05,both,G2-half,r5_never,0.1909,0.1746,0.2075
floor_0.05,both,G2-half,r6_lag,-0.5398,-0.5573,-0.5224
floor_0.05,both,G2-half,r7_error_5,0.8592,0.8163,0.9016
floor_0.05,both,G2-half,r7_error_10,0.7886,0.7505,0.8279
floor_0.05,both,G2-half,r7_longest_wrong,1.7270,1.6740,1.7820
floor_0.05,both,G2-half,r7_hard_first,0.1346,0.1238,0.1461
floor_0.05,both,G2-half,r4b_chance_below_0.5,0.0893,0.0791,0.1004
floor_0.05,both,G2-half,r4b_chance_0.5_to_0.6,0.0991,0.0932,0.1052
floor_0.05,both,G2-half,r4b_chance_0.6_to_0.7,0.1818,0.1753,0.1884
floor_0.05,both,G2-half,r4b_chance_0.7_to_0.8,0.2622,0.2551,0.2693
floor_0.05,both,G2-half,r4b_chance_0.8_up,0.3676,0.3519,0.3845
floor_0.05,both,G2-half,r3_reachable,0.9588,0.9544,0.9631
floor_0.05,both,G2-half,r8_rank_6_20,3.7200,3.2467,4.2000
floor_0.05,both,G2-half,r8_topic_rank_6_20,17.1733,16.2000,18.1600
floor_0.05,both,G2-half,r8_rank_150_200,1.8588,1.6255,2.1235
floor_0.05,both,G2-half,r8_topic_rank_150_200,9.0510,8.6863,9.4235
floor_0.05,both,G2-half,r2_ece,0.0384,0.0354,0.0413
floor_0.05,both,G2-half,r4b_3,0.1533,0.1424,0.1653
floor_0.05,both,G2-half,r4b_5,0.4772,0.4617,0.4941
floor_0.05,both,G2-half,r4b_10,0.8777,0.8632,0.8912
floor_0.05,both,G2-half,r4b_20,0.9928,0.9885,0.9969
floor_0.05,both,G2-half,r4b_50,0.9987,0.9967,1.0000
floor_0.05,both,G2-half,r8_move_p95_6_20,73.0000,73.0000,74.0000
floor_0.05,both,G2-half,r8_move_p95_150_200,40.0000,40.0000,40.0000
floor_0.05,both,G2-fading,r1_rms_5,0.9902,0.9526,1.0279
floor_0.05,both,G2-fading,r1_mean_5,-0.0664,-0.1304,-0.0021
floor_0.05,both,G2-fading,r1_rms_10,0.9298,0.8993,0.9622
floor_0.05,both,G2-fading,r1_mean_10,-0.1168,-0.1733,-0.0532
floor_0.05,both,G2-fading,r1_rms_20,0.8499,0.8231,0.8760
floor_0.05,both,G2-fading,r1_mean_20,-0.1972,-0.2450,-0.1452
floor_0.05,both,G2-fading,r1_rms_50,0.7416,0.7215,0.7620
floor_0.05,both,G2-fading,r1_mean_50,-0.3312,-0.3662,-0.2967
floor_0.05,both,G2-fading,r1_rms_100,0.6781,0.6616,0.6947
floor_0.05,both,G2-fading,r1_mean_100,-0.4047,-0.4300,-0.3791
floor_0.05,both,G2-fading,r1_rms_200,0.5838,0.5728,0.5948
floor_0.05,both,G2-fading,r1_mean_200,-0.3515,-0.3685,-0.3344
floor_0.05,both,G2-fading,r2_brier,0.1524,0.1509,0.1542
floor_0.05,both,G2-fading,r2_bias,-0.0335,-0.0364,-0.0306
floor_0.05,both,G2-fading,r3_inside,0.3829,0.3769,0.3888
floor_0.05,both,G2-fading,r3_below_0.5,0.0240,0.0211,0.0273
floor_0.05,both,G2-fading,r3_above_0.95,0.0581,0.0534,0.0629
floor_0.05,both,G2-fading,r4_false,0.5444,0.5276,0.5619
floor_0.05,both,G2-fading,r4_false_0.70,0.4274,0.4103,0.4447
floor_0.05,both,G2-fading,r4_below,0.0000,0.0000,0.0000
floor_0.05,both,G2-fading,r4_false_at_task,0.5444,0.5274,0.5614
floor_0.05,both,G2-fading,r4_declared,12.0260,11.7980,12.2610
floor_0.05,both,G2-fading,r5_late_answers,8.8229,8.6481,9.0060
floor_0.05,both,G2-fading,r5_never,0.1863,0.1696,0.2025
floor_0.05,both,G2-fading,r6_lag,-0.4251,-0.4424,-0.4082
floor_0.05,both,G2-fading,r7_error_5,0.8439,0.8058,0.8861
floor_0.05,both,G2-fading,r7_error_10,0.7774,0.7382,0.8160
floor_0.05,both,G2-fading,r7_longest_wrong,1.6750,1.6210,1.7280
floor_0.05,both,G2-fading,r7_hard_first,0.1329,0.1219,0.1442
floor_0.05,both,G2-fading,r4b_chance_below_0.5,0.0873,0.0767,0.0999
floor_0.05,both,G2-fading,r4b_chance_0.5_to_0.6,0.1037,0.0980,0.1094
floor_0.05,both,G2-fading,r4b_chance_0.6_to_0.7,0.1905,0.1839,0.1973
floor_0.05,both,G2-fading,r4b_chance_0.7_to_0.8,0.2639,0.2563,0.2712
floor_0.05,both,G2-fading,r4b_chance_0.8_up,0.3546,0.3388,0.3713
floor_0.05,both,G2-fading,r3_reachable,0.9605,0.9558,0.9648
floor_0.05,both,G2-fading,r8_rank_6_20,3.0600,2.6400,3.4933
floor_0.05,both,G2-fading,r8_topic_rank_6_20,16.7200,15.7133,17.6200
floor_0.05,both,G2-fading,r8_rank_150_200,1.4667,1.2392,1.6922
floor_0.05,both,G2-fading,r8_topic_rank_150_200,9.0471,8.7118,9.4000
floor_0.05,both,G2-fading,r2_ece,0.0335,0.0306,0.0365
floor_0.05,both,G2-fading,r4b_3,0.1625,0.1505,0.1743
floor_0.05,both,G2-fading,r4b_5,0.4665,0.4505,0.4821
floor_0.05,both,G2-fading,r4b_10,0.8664,0.8535,0.8799
floor_0.05,both,G2-fading,r4b_20,0.9881,0.9814,0.9945
floor_0.05,both,G2-fading,r4b_50,0.9976,0.9938,1.0000
floor_0.05,both,G2-fading,r8_move_p95_6_20,73.0000,73.0000,73.0000
floor_0.05,both,G2-fading,r8_move_p95_150_200,41.0000,40.0000,41.0000
floor_0.05,both,G3-drop,r1_rms_5,0.9785,0.9463,1.0112
floor_0.05,both,G3-drop,r1_mean_5,0.0068,-0.0546,0.0700
floor_0.05,both,G3-drop,r1_rms_10,0.9026,0.8731,0.9311
floor_0.05,both,G3-drop,r1_mean_10,-0.0267,-0.0790,0.0269
floor_0.05,both,G3-drop,r1_rms_20,0.8155,0.7936,0.8391
floor_0.05,both,G3-drop,r1_mean_20,-0.0528,-0.0981,-0.0045
floor_0.05,both,G3-drop,r1_rms_50,0.6611,0.6457,0.6765
floor_0.05,both,G3-drop,r1_mean_50,-0.0708,-0.1026,-0.0368
floor_0.05,both,G3-drop,r1_rms_100,0.7175,0.6998,0.7343
floor_0.05,both,G3-drop,r1_mean_100,0.3140,0.2807,0.3470
floor_0.05,both,G3-drop,r1_rms_200,0.5909,0.5804,0.6022
floor_0.05,both,G3-drop,r1_mean_200,0.3323,0.3161,0.3495
floor_0.05,both,G3-drop,r2_brier,0.1970,0.1953,0.1987
floor_0.05,both,G3-drop,r2_bias,0.0460,0.0431,0.0489
floor_0.05,both,G3-drop,r3_inside,0.3991,0.3943,0.4039
floor_0.05,both,G3-drop,r3_below_0.5,0.0746,0.0691,0.0805
floor_0.05,both,G3-drop,r3_above_0.95,0.0212,0.0191,0.0234
floor_0.05,both,G3-drop,r4_false,0.7145,0.6978,0.7303
floor_0.05,both,G3-drop,r4_false_0.70,0.6259,0.6087,0.6437
floor_0.05,both,G3-drop,r4_below,0.0000,0.0000,0.0000
floor_0.05,both,G3-drop,r4_false_at_task,0.7145,0.6984,0.7310
floor_0.05,both,G3-drop,r4_declared,8.5090,8.3210,8.6980
floor_0.05,both,G3-drop,r5_late_answers,10.1636,9.8831,10.4402
floor_0.05,both,G3-drop,r5_never,0.3592,0.3354,0.3813
floor_0.05,both,G3-drop,r6_lag,0.3126,0.2963,0.3291
floor_0.05,both,G3-drop,r6_jump_answers,47.0490,44.9370,49.2730
floor_0.05,both,G3-drop,r6_jump_unsettled,0.2210,0.1960,0.2470
floor_0.05,both,G3-drop,r7_error_5,0.8314,0.7927,0.8716
floor_0.05,both,G3-drop,r7_error_10,0.7534,0.7209,0.7897
floor_0.05,both,G3-drop,r7_longest_wrong,1.7800,1.7250,1.8370
floor_0.05,both,G3-drop,r7_hard_first,0.1338,0.1238,0.1445
floor_0.05,both,G3-drop,r4b_chance_below_0.5,0.1652,0.1518,0.1804
floor_0.05,both,G3-drop,r4b_chance_0.5_to_0.6,0.1704,0.1644,0.1766
floor_0.05,both,G3-drop,r4b_chance_0.6_to_0.7,0.2224,0.2165,0.2282
floor_0.05,both,G3-drop,r4b_chance_0.7_to_0.8,0.2351,0.2282,0.2421
floor_0.05,both,G3-drop,r4b_chance_0.8_up,0.2069,0.1952,0.2187
floor_0.05,both,G3-drop,r3_reachable,0.9028,0.8920,0.9132
floor_0.05,both,G3-drop,r8_rank_6_20,3.5400,3.1067,3.9733
floor_0.05,both,G3-drop,r8_topic_rank_6_20,17.1200,16.2000,18.0467
floor_0.05,both,G3-drop,r8_rank_150_200,2.1333,1.8784,2.3941
floor_0.05,both,G3-drop,r8_topic_rank_150_200,9.7549,9.3843,10.1294
floor_0.05,both,G3-drop,r2_ece,0.0461,0.0433,0.0493
floor_0.05,both,G3-drop,r4b_3,0.1098,0.1002,0.1198
floor_0.05,both,G3-drop,r4b_5,0.3611,0.3466,0.3759
floor_0.05,both,G3-drop,r4b_10,0.7367,0.7204,0.7532
floor_0.05,both,G3-drop,r4b_20,0.9510,0.9382,0.9636
floor_0.05,both,G3-drop,r4b_50,0.9906,0.9794,0.9982
floor_0.05,both,G3-drop,r8_move_p95_6_20,73.0000,73.0000,74.0000
floor_0.05,both,G3-drop,r8_move_p95_150_200,42.0000,42.0000,43.0000
floor_0.05,both,G0-start0.5,r1_rms_5,0.9748,0.9398,1.0126
floor_0.05,both,G0-start0.5,r1_mean_5,0.0151,-0.0489,0.0783
floor_0.05,both,G0-start0.5,r1_rms_10,0.9094,0.8791,0.9388
floor_0.05,both,G0-start0.5,r1_mean_10,-0.0154,-0.0758,0.0438
floor_0.05,both,G0-start0.5,r1_rms_20,0.8228,0.7998,0.8485
floor_0.05,both,G0-start0.5,r1_mean_20,-0.0344,-0.0849,0.0138
floor_0.05,both,G0-start0.5,r1_rms_50,0.6657,0.6496,0.6831
floor_0.05,both,G0-start0.5,r1_mean_50,-0.0613,-0.0965,-0.0270
floor_0.05,both,G0-start0.5,r1_rms_100,0.5590,0.5478,0.5704
floor_0.05,both,G0-start0.5,r1_mean_100,-0.0750,-0.0972,-0.0526
floor_0.05,both,G0-start0.5,r1_rms_200,0.4808,0.4727,0.4887
floor_0.05,both,G0-start0.5,r1_mean_200,-0.0587,-0.0740,-0.0427
floor_0.05,both,G0-start0.5,r2_brier,0.1715,0.1699,0.1731
floor_0.05,both,G0-start0.5,r2_bias,0.0035,0.0006,0.0063
floor_0.05,both,G0-start0.5,r3_inside,0.4338,0.4288,0.4390
floor_0.05,both,G0-start0.5,r3_below_0.5,0.0332,0.0304,0.0363
floor_0.05,both,G0-start0.5,r3_above_0.95,0.0275,0.0246,0.0305
floor_0.05,both,G0-start0.5,r4_false,0.6890,0.6753,0.7023
floor_0.05,both,G0-start0.5,r4_false_0.70,0.5760,0.5609,0.5917
floor_0.05,both,G0-start0.5,r4_below,0.0000,0.0000,0.0000
floor_0.05,both,G0-start0.5,r4_false_at_task,0.6890,0.6754,0.7025
floor_0.05,both,G0-start0.5,r4_declared,9.8680,9.6510,10.1030
floor_0.05,both,G0-start0.5,r5_late_answers,9.9297,9.6735,10.1973
floor_0.05,both,G0-start0.5,r5_never,0.2089,0.1905,0.2268
floor_0.05,both,G0-start0.5,r6_lag,-0.1195,-0.1364,-0.1021
floor_0.05,both,G0-start0.5,r7_error_5,0.8265,0.7856,0.8683
floor_0.05,both,G0-start0.5,r7_error_10,0.7524,0.7155,0.7891
floor_0.05,both,G0-start0.5,r7_longest_wrong,1.7650,1.7120,1.8190
floor_0.05,both,G0-start0.5,r7_hard_first,0.1288,0.1183,0.1395
floor_0.05,both,G0-start0.5,r4b_chance_below_0.5,0.0949,0.0874,0.1031
floor_0.05,both,G0-start0.5,r4b_chance_0.5_to_0.6,0.1242,0.1184,0.1300
floor_0.05,both,G0-start0.5,r4b_chance_0.6_to_0.7,0.2012,0.1952,0.2072
floor_0.05,both,G0-start0.5,r4b_chance_0.7_to_0.8,0.2659,0.2601,0.2722
floor_0.05,both,G0-start0.5,r4b_chance_0.8_up,0.3138,0.3001,0.3278
floor_0.05,both,G0-start0.5,r3_reachable,0.9654,0.9612,0.9692
floor_0.05,both,G0-start0.5,r8_rank_6_20,3.5867,3.1600,4.0333
floor_0.05,both,G0-start0.5,r8_topic_rank_6_20,17.5867,16.6733,18.5067
floor_0.05,both,G0-start0.5,r8_rank_150_200,1.7529,1.4941,2.0255
floor_0.05,both,G0-start0.5,r8_topic_rank_150_200,8.7902,8.4412,9.1431
floor_0.05,both,G0-start0.5,r2_ece,0.0049,0.0029,0.0077
floor_0.05,both,G0-start0.5,r4b_3,0.1470,0.1370,0.1582
floor_0.05,both,G0-start0.5,r4b_5,0.4264,0.4127,0.4408
floor_0.05,both,G0-start0.5,r4b_10,0.8297,0.8166,0.8432
floor_0.05,both,G0-start0.5,r4b_20,0.9906,0.9856,0.9950
floor_0.05,both,G0-start0.5,r4b_50,0.9990,0.9964,1.0000
floor_0.05,both,G0-start0.5,r8_move_p95_6_20,73.0000,73.0000,74.0000
floor_0.05,both,G0-start0.5,r8_move_p95_150_200,41.0000,41.0000,41.0000
floor_0.05,both,G0-start2,r1_rms_5,1.1045,1.0637,1.1478
floor_0.05,both,G0-start2,r1_mean_5,-0.0290,-0.1074,0.0500
floor_0.05,both,G0-start2,r1_rms_10,1.0194,0.9813,1.0590
floor_0.05,both,G0-start2,r1_mean_10,-0.0661,-0.1340,0.0002
floor_0.05,both,G0-start2,r1_rms_20,0.9015,0.8705,0.9326
floor_0.05,both,G0-start2,r1_mean_20,-0.0904,-0.1455,-0.0344
floor_0.05,both,G0-start2,r1_rms_50,0.7240,0.7011,0.7470
floor_0.05,both,G0-start2,r1_mean_50,-0.1171,-0.1585,-0.0771
floor_0.05,both,G0-start2,r1_rms_100,0.5971,0.5813,0.6128
floor_0.05,both,G0-start2,r1_mean_100,-0.1055,-0.1330,-0.0780
floor_0.05,both,G0-start2,r1_rms_200,0.5018,0.4909,0.5132
floor_0.05,both,G0-start2,r1_mean_200,-0.0721,-0.0919,-0.0526
floor_0.05,both,G0-start2,r2_brier,0.1732,0.1709,0.1754
floor_0.05,both,G0-start2,r2_bias,0.0006,-0.0028,0.0040
floor_0.05,both,G0-start2,r3_inside,0.3960,0.3880,0.4039
floor_0.05,both,G0-start2,r3_below_0.5,0.0695,0.0589,0.0801
floor_0.05,both,G0-start2,r3_above_0.95,0.0425,0.0373,0.0482
floor_0.05,both,G0-start2,r4_false,0.6166,0.5974,0.6361
floor_0.05,both,G0-start2,r4_false_0.70,0.5175,0.4973,0.5374
floor_0.05,both,G0-start2,r4_below,0.0000,0.0000,0.0000
floor_0.05,both,G0-start2,r4_false_at_task,0.6166,0.5981,0.6353
floor_0.05,both,G0-start2,r4_declared,9.9910,9.7460,10.2300
floor_0.05,both,G0-start2,r5_late_answers,9.6781,9.4432,9.9127
floor_0.05,both,G0-start2,r5_never,0.2495,0.2274,0.2710
floor_0.05,both,G0-start2,r6_lag,-0.1404,-0.1607,-0.1197
floor_0.05,both,G0-start2,r7_error_5,0.9631,0.9152,1.0102
floor_0.05,both,G0-start2,r7_error_10,0.8714,0.8274,0.9142
floor_0.05,both,G0-start2,r7_longest_wrong,1.9270,1.8480,2.0070
floor_0.05,both,G0-start2,r7_hard_first,0.1791,0.1636,0.1952
floor_0.05,both,G0-start2,r4b_chance_below_0.5,0.2387,0.2018,0.2755
floor_0.05,both,G0-start2,r4b_chance_0.5_to_0.6,0.1342,0.1263,0.1422
floor_0.05,both,G0-start2,r4b_chance_0.6_to_0.7,0.1874,0.1766,0.1974
floor_0.05,both,G0-start2,r4b_chance_0.7_to_0.8,0.2186,0.2052,0.2315
floor_0.05,both,G0-start2,r4b_chance_0.8_up,0.2210,0.2057,0.2389
floor_0.05,both,G0-start2,r3_reachable,0.8798,0.8627,0.8948
floor_0.05,both,G0-start2,r8_rank_6_20,3.7333,3.3000,4.1800
floor_0.05,both,G0-start2,r8_topic_rank_6_20,17.5933,16.6667,18.5733
floor_0.05,both,G0-start2,r8_rank_150_200,1.8902,1.6098,2.1588
floor_0.05,both,G0-start2,r8_topic_rank_150_200,7.8667,7.4941,8.2412
floor_0.05,both,G0-start2,r2_ece,0.0016,0.0011,0.0051
floor_0.05,both,G0-start2,r4b_3,0.1323,0.1209,0.1438
floor_0.05,both,G0-start2,r4b_5,0.4000,0.3834,0.4167
floor_0.05,both,G0-start2,r4b_10,0.7660,0.7470,0.7853
floor_0.05,both,G0-start2,r4b_20,0.9162,0.8961,0.9351
floor_0.05,both,G0-start2,r4b_50,0.9726,0.9595,0.9843
floor_0.05,both,G0-start2,r8_move_p95_6_20,73.0000,73.0000,73.0000
floor_0.05,both,G0-start2,r8_move_p95_150_200,41.0000,40.0000,41.0000
floor_0.05,both,G0-topics0.3,r1_rms_5,0.9129,0.8750,0.9526
floor_0.05,both,G0-topics0.3,r1_mean_5,-0.0171,-0.0819,0.0463
floor_0.05,both,G0-topics0.3,r1_rms_10,0.8349,0.8022,0.8691
floor_0.05,both,G0-topics0.3,r1_mean_10,-0.0366,-0.0957,0.0238
floor_0.05,both,G0-topics0.3,r1_rms_20,0.7302,0.7033,0.7582
floor_0.05,both,G0-topics0.3,r1_mean_20,-0.0576,-0.1088,-0.0088
floor_0.05,both,G0-topics0.3,r1_rms_50,0.5907,0.5726,0.6087
floor_0.05,both,G0-topics0.3,r1_mean_50,-0.0803,-0.1169,-0.0475
floor_0.05,both,G0-topics0.3,r1_rms_100,0.4930,0.4821,0.5047
floor_0.05,both,G0-topics0.3,r1_mean_100,-0.0805,-0.1028,-0.0586
floor_0.05,both,G0-topics0.3,r1_rms_200,0.4248,0.4176,0.4320
floor_0.05,both,G0-topics0.3,r1_mean_200,-0.0525,-0.0680,-0.0375
floor_0.05,both,G0-topics0.3,r2_brier,0.1716,0.1697,0.1734
floor_0.05,both,G0-topics0.3,r2_bias,0.0010,-0.0020,0.0038
floor_0.05,both,G0-topics0.3,r3_inside,0.4453,0.4395,0.4510
floor_0.05,both,G0-topics0.3,r3_below_0.5,0.0298,0.0266,0.0333
floor_0.05,both,G0-topics0.3,r3_above_0.95,0.0245,0.0217,0.0275
floor_0.05,both,G0-topics0.3,r4_false,0.6569,0.6401,0.6738
floor_0.05,both,G0-topics0.3,r4_false_0.70,0.5497,0.5306,0.5693
floor_0.05,both,G0-topics0.3,r4_below,0.0000,0.0000,0.0000
floor_0.05,both,G0-topics0.3,r4_false_at_task,0.6569,0.6413,0.6730
floor_0.05,both,G0-topics0.3,r4_declared,9.9650,9.7350,10.2010
floor_0.05,both,G0-topics0.3,r5_late_answers,10.0400,9.7679,10.3168
floor_0.05,both,G0-topics0.3,r5_never,0.2304,0.2081,0.2513
floor_0.05,both,G0-topics0.3,r6_lag,-0.1223,-0.1390,-0.1060
floor_0.05,both,G0-topics0.3,r7_error_5,0.8448,0.8036,0.8855
floor_0.05,both,G0-topics0.3,r7_error_10,0.7678,0.7293,0.8058
floor_0.05,both,G0-topics0.3,r7_longest_wrong,1.7420,1.6870,1.7970
floor_0.05,both,G0-topics0.3,r7_hard_first,0.1248,0.1138,0.1360
floor_0.05,both,G0-topics0.3,r4b_chance_below_0.5,0.0874,0.0777,0.0982
floor_0.05,both,G0-topics0.3,r4b_chance_0.5_to_0.6,0.1273,0.1203,0.1347
floor_0.05,both,G0-topics0.3,r4b_chance_0.6_to_0.7,0.2155,0.2083,0.2221
floor_0.05,both,G0-topics0.3,r4b_chance_0.7_to_0.8,0.2812,0.2732,0.2893
floor_0.05,both,G0-topics0.3,r4b_chance_0.8_up,0.2886,0.2745,0.3029
floor_0.05,both,G0-topics0.3,r3_reachable,0.9454,0.9368,0.9535
floor_0.05,both,G0-topics0.3,r8_rank_6_20,3.5600,3.1133,4.0267
floor_0.05,both,G0-topics0.3,r8_topic_rank_6_20,17.7067,16.8000,18.6533
floor_0.05,both,G0-topics0.3,r8_rank_150_200,1.9529,1.6980,2.2255
floor_0.05,both,G0-topics0.3,r8_topic_rank_150_200,8.3667,8.0020,8.7294
floor_0.05,both,G0-topics0.3,r2_ece,0.0032,0.0015,0.0062
floor_0.05,both,G0-topics0.3,r4b_3,0.1397,0.1287,0.1504
floor_0.05,both,G0-topics0.3,r4b_5,0.4201,0.4055,0.4339
floor_0.05,both,G0-topics0.3,r4b_10,0.8249,0.8119,0.8379
floor_0.05,both,G0-topics0.3,r4b_20,0.9817,0.9744,0.9887
floor_0.05,both,G0-topics0.3,r4b_50,0.9991,0.9970,1.0000
floor_0.05,both,G0-topics0.3,r8_move_p95_6_20,73.0000,73.0000,73.0000
floor_0.05,both,G0-topics0.3,r8_move_p95_150_200,41.0000,41.0000,41.0000
floor_0.05,both,G0-topics1,r1_rms_5,1.2968,1.2619,1.3310
floor_0.05,both,G0-topics1,r1_mean_5,-0.0343,-0.0999,0.0332
floor_0.05,both,G0-topics1,r1_rms_10,1.2553,1.2269,1.2838
floor_0.05,both,G0-topics1,r1_mean_10,-0.0779,-0.1389,-0.0155
floor_0.05,both,G0-topics1,r1_rms_20,1.1619,1.1377,1.1866
floor_0.05,both,G0-topics1,r1_mean_20,-0.1295,-0.1797,-0.0805
floor_0.05,both,G0-topics1,r1_rms_50,0.9788,0.9610,0.9972
floor_0.05,both,G0-topics1,r1_mean_50,-0.1825,-0.2168,-0.1472
floor_0.05,both,G0-topics1,r1_rms_100,0.8461,0.8312,0.8603
floor_0.05,both,G0-topics1,r1_mean_100,-0.1953,-0.2213,-0.1698
floor_0.05,both,G0-topics1,r1_rms_200,0.7203,0.7077,0.7326
floor_0.05,both,G0-topics1,r1_mean_200,-0.1862,-0.2041,-0.1673
floor_0.05,both,G0-topics1,r2_brier,0.1752,0.1735,0.1768
floor_0.05,both,G0-topics1,r2_bias,0.0073,0.0044,0.0101
floor_0.05,both,G0-topics1,r3_inside,0.3712,0.3666,0.3757
floor_0.05,both,G0-topics1,r3_below_0.5,0.0614,0.0574,0.0661
floor_0.05,both,G0-topics1,r3_above_0.95,0.0626,0.0583,0.0670
floor_0.05,both,G0-topics1,r4_false,0.5913,0.5769,0.6063
floor_0.05,both,G0-topics1,r4_false_0.70,0.4881,0.4732,0.5035
floor_0.05,both,G0-topics1,r4_below,0.0000,0.0000,0.0000
floor_0.05,both,G0-topics1,r4_false_at_task,0.5913,0.5766,0.6068
floor_0.05,both,G0-topics1,r4_declared,10.2300,10.0200,10.4500
floor_0.05,both,G0-topics1,r5_late_answers,9.2468,9.0397,9.4510
floor_0.05,both,G0-topics1,r5_never,0.2111,0.1935,0.2294
floor_0.05,both,G0-topics1,r6_lag,-0.1492,-0.1679,-0.1300
floor_0.05,both,G0-topics1,r7_error_5,0.8633,0.8225,0.9039
floor_0.05,both,G0-topics1,r7_error_10,0.7950,0.7578,0.8344
floor_0.05,both,G0-topics1,r7_longest_wrong,1.9330,1.8690,1.9930
floor_0.05,both,G0-topics1,r7_hard_first,0.1920,0.1801,0.2040
floor_0.05,both,G0-topics1,r4b_chance_below_0.5,0.1771,0.1642,0.1914
floor_0.05,both,G0-topics1,r4b_chance_0.5_to_0.6,0.1484,0.1432,0.1533
floor_0.05,both,G0-topics1,r4b_chance_0.6_to_0.7,0.1985,0.1930,0.2040
floor_0.05,both,G0-topics1,r4b_chance_0.7_to_0.8,0.2270,0.2209,0.2337
floor_0.05,both,G0-topics1,r4b_chance_0.8_up,0.2491,0.2389,0.2593
floor_0.05,both,G0-topics1,r3_reachable,0.9317,0.9243,0.9385
floor_0.05,both,G0-topics1,r8_rank_6_20,4.1667,3.7133,4.6467
floor_0.05,both,G0-topics1,r8_topic_rank_6_20,18.6133,17.7333,19.5467
floor_0.05,both,G0-topics1,r8_rank_150_200,1.5765,1.3471,1.8137
floor_0.05,both,G0-topics1,r8_topic_rank_150_200,8.4824,8.1216,8.8608
floor_0.05,both,G0-topics1,r2_ece,0.0090,0.0062,0.0119
floor_0.05,both,G0-topics1,r4b_3,0.1294,0.1188,0.1400
floor_0.05,both,G0-topics1,r4b_5,0.3919,0.3776,0.4065
floor_0.05,both,G0-topics1,r4b_10,0.7682,0.7536,0.7824
floor_0.05,both,G0-topics1,r4b_20,0.9677,0.9558,0.9786
floor_0.05,both,G0-topics1,r4b_50,0.9975,0.9922,1.0000
floor_0.05,both,G0-topics1,r8_move_p95_6_20,73.0000,73.0000,74.0000
floor_0.05,both,G0-topics1,r8_move_p95_150_200,40.0000,40.0000,41.0000
floor_0.05+run5,both,G0,r1_rms_5,1.0085,0.9732,1.0448
floor_0.05+run5,both,G0,r1_mean_5,-0.0419,-0.1064,0.0255
floor_0.05+run5,both,G0,r1_rms_10,0.9479,0.9179,0.9804
floor_0.05+run5,both,G0,r1_mean_10,-0.0587,-0.1143,0.0040
floor_0.05+run5,both,G0,r1_rms_20,0.8538,0.8271,0.8791
floor_0.05+run5,both,G0,r1_mean_20,-0.0775,-0.1253,-0.0285
floor_0.05+run5,both,G0,r1_rms_50,0.6824,0.6666,0.6988
floor_0.05+run5,both,G0,r1_mean_50,-0.0977,-0.1331,-0.0624
floor_0.05+run5,both,G0,r1_rms_100,0.5668,0.5558,0.5781
floor_0.05+run5,both,G0,r1_mean_100,-0.1027,-0.1264,-0.0794
floor_0.05+run5,both,G0,r1_rms_200,0.4880,0.4800,0.4964
floor_0.05+run5,both,G0,r1_mean_200,-0.0996,-0.1149,-0.0840
floor_0.05+run5,both,G0,r2_brier,0.1739,0.1721,0.1758
floor_0.05+run5,both,G0,r2_bias,0.0036,0.0006,0.0067
floor_0.05+run5,both,G0,r3_inside,0.4290,0.4237,0.4343
floor_0.05+run5,both,G0,r3_below_0.5,0.0356,0.0326,0.0387
floor_0.05+run5,both,G0,r3_above_0.95,0.0306,0.0276,0.0337
floor_0.05+run5,both,G0,r4_false,0.6966,0.6748,0.7195
floor_0.05+run5,both,G0,r4_false_0.70,0.5873,0.5638,0.6107
floor_0.05+run5,both,G0,r4_below,0.0000,0.0000,0.0000
floor_0.05+run5,both,G0,r4_false_at_task,0.6966,0.6754,0.7186
floor_0.05+run5,both,G0,r4_declared,2.9370,2.8020,3.0700
floor_0.05+run5,both,G0,r5_late_answers,11.9288,11.5448,12.3318
floor_0.05+run5,both,G0,r5_never,0.7629,0.7447,0.7809
floor_0.05+run5,both,G0,r6_lag,-0.1193,-0.1356,-0.1023
floor_0.05+run5,both,G0,r7_error_5,0.8565,0.8150,0.8974
floor_0.05+run5,both,G0,r7_error_10,0.7874,0.7506,0.8261
floor_0.05+run5,both,G0,r7_longest_wrong,1.7390,1.6890,1.7930
floor_0.05+run5,both,G0,r7_hard_first,0.1385,0.1281,0.1500
floor_0.05+run5,both,G0,r4b_chance_below_0.5,0.0870,0.0799,0.0948
floor_0.05+run5,both,G0,r4b_chance_0.5_to_0.6,0.1271,0.1213,0.1335
floor_0.05+run5,both,G0,r4b_chance_0.6_to_0.7,0.2174,0.2118,0.2231
floor_0.05+run5,both,G0,r4b_chance_0.7_to_0.8,0.2799,0.2735,0.2861
floor_0.05+run5,both,G0,r4b_chance_0.8_up,0.2886,0.2764,0.3017
floor_0.05+run5,both,G0,r3_reachable,0.9506,0.9438,0.9567
floor_0.05+run5,both,G0,r8_rank_6_20,3.1533,2.7267,3.5867
floor_0.05+run5,both,G0,r8_topic_rank_6_20,17.2200,16.3000,18.2133
floor_0.05+run5,both,G0,r8_rank_150_200,1.5373,1.2745,1.8059
floor_0.05+run5,both,G0,r8_topic_rank_150_200,8.8176,8.4706,9.1745
floor_0.05+run5,both,G0,r2_ece,0.0062,0.0040,0.0093
floor_0.05+run5,both,G0,r4b_3,0.0000,0.0000,0.0000
floor_0.05+run5,both,G0,r4b_5,0.0819,0.0732,0.0913
floor_0.05+run5,both,G0,r4b_10,0.3058,0.2867,0.3237
floor_0.05+run5,both,G0,r4b_20,0.6901,0.6586,0.7224
floor_0.05+run5,both,G0,r4b_50,0.9568,0.9199,1.0000
floor_0.05+run5,both,G0,r8_move_p95_6_20,73.0000,73.0000,74.0000
floor_0.05+run5,both,G0,r8_move_p95_150_200,42.0000,41.0000,42.0000
floor_0.05+run5,both,G1,r1_rms_5,1.0646,1.0211,1.1098
floor_0.05+run5,both,G1,r1_mean_5,-0.0243,-0.0969,0.0508
floor_0.05+run5,both,G1,r1_rms_10,0.9968,0.9598,1.0341
floor_0.05+run5,both,G1,r1_mean_10,-0.0576,-0.1238,0.0081
floor_0.05+run5,both,G1,r1_rms_20,0.8921,0.8603,0.9227
floor_0.05+run5,both,G1,r1_mean_20,-0.0889,-0.1437,-0.0332
floor_0.05+run5,both,G1,r1_rms_50,0.7234,0.7016,0.7466
floor_0.05+run5,both,G1,r1_mean_50,-0.1090,-0.1487,-0.0692
floor_0.05+run5,both,G1,r1_rms_100,0.5982,0.5842,0.6133
floor_0.05+run5,both,G1,r1_mean_100,-0.1117,-0.1385,-0.0843
floor_0.05+run5,both,G1,r1_rms_200,0.4955,0.4872,0.5041
floor_0.05+run5,both,G1,r1_mean_200,-0.0625,-0.0799,-0.0451
floor_0.05+run5,both,G1,r2_brier,0.1826,0.1799,0.1853
floor_0.05+run5,both,G1,r2_bias,-0.0002,-0.0033,0.0034
floor_0.05+run5,both,G1,r3_inside,0.3488,0.3387,0.3585
floor_0.05+run5,both,G1,r3_below_0.5,0.1198,0.1079,0.1322
floor_0.05+run5,both,G1,r3_above_0.95,0.0428,0.0382,0.0480
floor_0.05+run5,both,G1,r4_false,0.6163,0.5894,0.6435
floor_0.05+run5,both,G1,r4_false_0.70,0.5444,0.5167,0.5717
floor_0.05+run5,both,G1,r4_below,0.0000,0.0000,0.0000
floor_0.05+run5,both,G1,r4_false_at_task,0.6163,0.5893,0.6449
floor_0.05+run5,both,G1,r4_declared,2.7390,2.6160,2.8580
floor_0.05+run5,both,G1,r5_late_answers,10.6138,10.2377,10.9936
floor_0.05+run5,both,G1,r5_never,0.7802,0.7639,0.7967
floor_0.05+run5,both,G1,r6_lag,-0.1347,-0.1537,-0.1160
floor_0.05+run5,both,G1,r7_error_5,0.8906,0.8420,0.9406
floor_0.05+run5,both,G1,r7_error_10,0.8199,0.7767,0.8650
floor_0.05+run5,both,G1,r7_longest_wrong,2.0170,1.9450,2.0950
floor_0.05+run5,both,G1,r7_hard_first,0.2248,0.2089,0.2424
floor_0.05+run5,both,G1,r4b_chance_below_0.5,0.3498,0.3262,0.3718
floor_0.05+run5,both,G1,r4b_chance_0.5_to_0.6,0.1923,0.1843,0.2001
floor_0.05+run5,both,G1,r4b_chance_0.6_to_0.7,0.1642,0.1588,0.1703
floor_0.05+run5,both,G1,r4b_chance_0.7_to_0.8,0.1425,0.1318,0.1531
floor_0.05+run5,both,G1,r4b_chance_0.8_up,0.1511,0.1363,0.1683
floor_0.05+run5,both,G1,r3_reachable,0.7967,0.7731,0.8198
floor_0.05+run5,both,G1,r8_rank_6_20,4.2400,3.7667,4.7533
floor_0.05+run5,both,G1,r8_topic_rank_6_20,17.6133,16.5933,18.6067
floor_0.05+run5,both,G1,r8_rank_150_200,1.3529,1.1235,1.5941
floor_0.05+run5,both,G1,r8_topic_rank_150_200,7.9118,7.5294,8.3157
floor_0.05+run5,both,G1,r2_ece,0.0078,0.0063,0.0104
floor_0.05+run5,both,G1,r4b_3,0.0000,0.0000,0.0000
floor_0.05+run5,both,G1,r4b_5,0.0557,0.0484,0.0633
floor_0.05+run5,both,G1,r4b_10,0.1982,0.1830,0.2133
floor_0.05+run5,both,G1,r4b_20,0.4100,0.3840,0.4350
floor_0.05+run5,both,G1,r4b_50,0.5767,0.5197,0.6405
floor_0.05+run5,both,G1,r8_move_p95_6_20,72.0000,72.0000,73.0000
floor_0.05+run5,both,G1,r8_move_p95_150_200,41.0000,41.0000,42.0000
floor_0.05+run5,both,G2,r1_rms_5,0.9921,0.9566,1.0283
floor_0.05+run5,both,G2,r1_mean_5,-0.0422,-0.1093,0.0221
floor_0.05+run5,both,G2,r1_rms_10,0.9286,0.8964,0.9606
floor_0.05+run5,both,G2,r1_mean_10,-0.1133,-0.1727,-0.0523
floor_0.05+run5,both,G2,r1_rms_20,0.8534,0.8269,0.8815
floor_0.05+run5,both,G2,r1_mean_20,-0.2277,-0.2771,-0.1787
floor_0.05+run5,both,G2,r1_rms_50,0.8053,0.7842,0.8279
floor_0.05+run5,both,G2,r1_mean_50,-0.4813,-0.5159,-0.4466
floor_0.05+run5,both,G2,r1_rms_100,0.9283,0.9071,0.9489
floor_0.05+run5,both,G2,r1_mean_100,-0.7732,-0.7984,-0.7485
floor_0.05+run5,both,G2,r1_rms_200,1.1872,1.1704,1.2041
floor_0.05+run5,both,G2,r1_mean_200,-1.1020,-1.1197,-1.0846
floor_0.05+run5,both,G2,r2_brier,0.1336,0.1321,0.1351
floor_0.05+run5,both,G2,r2_bias,-0.0704,-0.0731,-0.0677
floor_0.05+run5,both,G2,r3_inside,0.2847,0.2785,0.2908
floor_0.05+run5,both,G2,r3_below_0.5,0.0179,0.0161,0.0200
floor_0.05+run5,both,G2,r3_above_0.95,0.1300,0.1229,0.1375
floor_0.05+run5,both,G2,r4_false,0.3797,0.3605,0.3997
floor_0.05+run5,both,G2,r4_false_0.70,0.2772,0.2587,0.2966
floor_0.05+run5,both,G2,r4_below,0.0000,0.0000,0.0000
floor_0.05+run5,both,G2,r4_false_at_task,0.3797,0.3602,0.3998
floor_0.05+run5,both,G2,r4_declared,4.9070,4.7260,5.0820
floor_0.05+run5,both,G2,r5_late_answers,10.7877,10.5449,11.0161
floor_0.05+run5,both,G2,r5_never,0.6454,0.6280,0.6635
floor_0.05+run5,both,G2,r6_lag,-0.9770,-0.9978,-0.9570
floor_0.05+run5,both,G2,r7_error_5,0.8372,0.7953,0.8803
floor_0.05+run5,both,G2,r7_error_10,0.7633,0.7246,0.8021
floor_0.05+run5,both,G2,r7_longest_wrong,1.7680,1.7110,1.8270
floor_0.05+run5,both,G2,r7_hard_first,0.1360,0.1247,0.1483
floor_0.05+run5,both,G2,r4b_chance_below_0.5,0.0707,0.0632,0.0780
floor_0.05+run5,both,G2,r4b_chance_0.5_to_0.6,0.0784,0.0731,0.0836
floor_0.05+run5,both,G2,r4b_chance_0.6_to_0.7,0.1394,0.1337,0.1456
floor_0.05+run5,both,G2,r4b_chance_0.7_to_0.8,0.2364,0.2305,0.2426
floor_0.05+run5,both,G2,r4b_chance_0.8_up,0.4750,0.4600,0.4910
floor_0.05+run5,both,G2,r3_reachable,0.9641,0.9608,0.9674
floor_0.05+run5,both,G2,r8_rank_6_20,3.5333,3.0667,3.9933
floor_0.05+run5,both,G2,r8_topic_rank_6_20,17.2867,16.3400,18.2133
floor_0.05+run5,both,G2,r8_rank_150_200,1.6863,1.5020,1.8902
floor_0.05+run5,both,G2,r8_topic_rank_150_200,8.2314,7.9059,8.5510
floor_0.05+run5,both,G2,r2_ece,0.0704,0.0677,0.0731
floor_0.05+run5,both,G2,r4b_3,0.0000,0.0000,0.0000
floor_0.05+run5,both,G2,r4b_5,0.0879,0.0757,0.1012
floor_0.05+run5,both,G2,r4b_10,0.3615,0.3316,0.3916
floor_0.05+run5,both,G2,r4b_20,0.8241,0.7751,0.8733
floor_0.05+run5,both,G2,r4b_50,1.0000,0.9622,1.0000
floor_0.05+run5,both,G2,r8_move_p95_6_20,73.0000,73.0000,74.0000
floor_0.05+run5,both,G2,r8_move_p95_150_200,38.0000,38.0000,39.0000
floor_0.05+run5,both,G3,r1_rms_5,0.9928,0.9567,1.0291
floor_0.05+run5,both,G3,r1_mean_5,0.0670,0.0019,0.1321
floor_0.05+run5,both,G3,r1_rms_10,0.9233,0.8918,0.9567
floor_0.05+run5,both,G3,r1_mean_10,0.0287,-0.0314,0.0904
floor_0.05+run5,both,G3,r1_rms_20,0.8237,0.7985,0.8495
floor_0.05+run5,both,G3,r1_mean_20,-0.0008,-0.0485,0.0499
floor_0.05+run5,both,G3,r1_rms_50,0.6757,0.6588,0.6938
floor_0.05+run5,both,G3,r1_mean_50,-0.0555,-0.0881,-0.0234
floor_0.05+run5,both,G3,r1_rms_100,0.7900,0.7692,0.8120
floor_0.05+run5,both,G3,r1_mean_100,-0.4860,-0.5205,-0.4539
floor_0.05+run5,both,G3,r1_rms_200,0.7069,0.6929,0.7202
floor_0.05+run5,both,G3,r1_mean_200,-0.5303,-0.5473,-0.5123
floor_0.05+run5,both,G3,r2_brier,0.1549,0.1533,0.1566
floor_0.05+run5,both,G3,r2_bias,-0.0314,-0.0342,-0.0284
floor_0.05+run5,both,G3,r3_inside,0.3569,0.3520,0.3619
floor_0.05+run5,both,G3,r3_below_0.5,0.0301,0.0274,0.0330
floor_0.05+run5,both,G3,r3_above_0.95,0.0701,0.0656,0.0747
floor_0.05+run5,both,G3,r4_false,0.4988,0.4765,0.5226
floor_0.05+run5,both,G3,r4_false_0.70,0.3880,0.3656,0.4103
floor_0.05+run5,both,G3,r4_below,0.0000,0.0000,0.0000
floor_0.05+run5,both,G3,r4_false_at_task,0.4988,0.4761,0.5216
floor_0.05+run5,both,G3,r4_declared,3.6830,3.5360,3.8300
floor_0.05+run5,both,G3,r5_late_answers,10.7255,10.4441,11.0453
floor_0.05+run5,both,G3,r5_never,0.7230,0.7055,0.7401
floor_0.05+run5,both,G3,r6_lag,-0.6341,-0.6522,-0.6155
floor_0.05+run5,both,G3,r6_jump_answers,72.0660,69.8080,74.3590
floor_0.05+run5,both,G3,r6_jump_unsettled,0.5400,0.5070,0.5700
floor_0.05+run5,both,G3,r7_error_5,0.8595,0.8206,0.8986
floor_0.05+run5,both,G3,r7_error_10,0.7802,0.7435,0.8170
floor_0.05+run5,both,G3,r7_longest_wrong,1.8000,1.7480,1.8570
floor_0.05+run5,both,G3,r7_hard_first,0.1441,0.1322,0.1558
floor_0.05+run5,both,G3,r4b_chance_below_0.5,0.0881,0.0804,0.0958
floor_0.05+run5,both,G3,r4b_chance_0.5_to_0.6,0.1057,0.1004,0.1113
floor_0.05+run5,both,G3,r4b_chance_0.6_to_0.7,0.1732,0.1676,0.1786
floor_0.05+run5,both,G3,r4b_chance_0.7_to_0.8,0.2522,0.2468,0.2576
floor_0.05+run5,both,G3,r4b_chance_0.8_up,0.3808,0.3659,0.3949
floor_0.05+run5,both,G3,r3_reachable,0.9558,0.9506,0.9606
floor_0.05+run5,both,G3,r8_rank_6_20,3.6867,3.2133,4.1867
floor_0.05+run5,both,G3,r8_topic_rank_6_20,18.1200,17.1533,19.0933
floor_0.05+run5,both,G3,r8_rank_150_200,1.7353,1.5000,1.9706
floor_0.05+run5,both,G3,r8_topic_rank_150_200,8.8686,8.5176,9.2216
floor_0.05+run5,both,G3,r2_ece,0.0314,0.0284,0.0342
floor_0.05+run5,both,G3,r4b_3,0.0000,0.0000,0.0000
floor_0.05+run5,both,G3,r4b_5,0.0757,0.0668,0.0854
floor_0.05+run5,both,G3,r4b_10,0.3429,0.3187,0.3661
floor_0.05+run5,both,G3,r4b_20,0.7233,0.6831,0.7641
floor_0.05+run5,both,G3,r4b_50,1.0000,0.9462,1.0000
floor_0.05+run5,both,G3,r8_move_p95_6_20,74.0000,73.0000,74.0000
floor_0.05+run5,both,G3,r8_move_p95_150_200,41.0000,40.0000,41.0000
floor_0.05+run5,both,G4,r1_rms_5,1.0315,0.9952,1.0698
floor_0.05+run5,both,G4,r1_mean_5,-0.2780,-0.3458,-0.2082
floor_0.05+run5,both,G4,r1_rms_10,0.9808,0.9486,1.0146
floor_0.05+run5,both,G4,r1_mean_10,-0.3297,-0.3901,-0.2697
floor_0.05+run5,both,G4,r1_rms_20,0.8934,0.8671,0.9216
floor_0.05+run5,both,G4,r1_mean_20,-0.3627,-0.4137,-0.3148
floor_0.05+run5,both,G4,r1_rms_50,0.7722,0.7512,0.7931
floor_0.05+run5,both,G4,r1_mean_50,-0.4200,-0.4543,-0.3824
floor_0.05+run5,both,G4,r1_rms_100,0.7016,0.6858,0.7174
floor_0.05+run5,both,G4,r1_mean_100,-0.4593,-0.4820,-0.4354
floor_0.05+run5,both,G4,r1_rms_200,0.6579,0.6465,0.6699
floor_0.05+run5,both,G4,r1_mean_200,-0.4795,-0.4949,-0.4644
floor_0.05+run5,both,G4,r2_brier,0.1797,0.1779,0.1816
floor_0.05+run5,both,G4,r2_bias,0.0111,0.0081,0.0141
floor_0.05+run5,both,G4,r3_inside,0.3862,0.3815,0.3908
floor_0.05+run5,both,G4,r3_below_0.5,0.0583,0.0534,0.0630
floor_0.05+run5,both,G4,r3_above_0.95,0.0379,0.0347,0.0412
floor_0.05+run5,both,G4,r4_false,0.5951,0.5709,0.6206
floor_0.05+run5,both,G4,r4_false_0.70,0.4800,0.4524,0.5086
floor_0.05+run5,both,G4,r4_below,0.0000,0.0000,0.0000
floor_0.05+run5,both,G4,r4_false_at_task,0.5951,0.5690,0.6213
floor_0.05+run5,both,G4,r4_declared,2.7710,2.6520,2.8930
floor_0.05+run5,both,G4,r5_late_answers,11.9510,11.5586,12.3465
floor_0.05+run5,both,G4,r5_never,0.7694,0.7545,0.7847
floor_0.05+run5,both,G4,r6_lag,-0.4882,-0.5053,-0.4702
floor_0.05+run5,both,G4,r7_error_5,0.8946,0.8528,0.9377
floor_0.05+run5,both,G4,r7_error_10,0.8349,0.7968,0.8730
floor_0.05+run5,both,G4,r7_longest_wrong,1.8940,1.8390,1.9510
floor_0.05+run5,both,G4,r7_hard_first,0.1846,0.1719,0.1974
floor_0.05+run5,both,G4,r4b_chance_below_0.5,0.1500,0.1363,0.1647
floor_0.05+run5,both,G4,r4b_chance_0.5_to_0.6,0.1470,0.1408,0.1536
floor_0.05+run5,both,G4,r4b_chance_0.6_to_0.7,0.1963,0.1915,0.2017
floor_0.05+run5,both,G4,r4b_chance_0.7_to_0.8,0.2346,0.2271,0.2420
floor_0.05+run5,both,G4,r4b_chance_0.8_up,0.2721,0.2582,0.2861
floor_0.05+run5,both,G4,r3_reachable,0.9480,0.9395,0.9559
floor_0.05+run5,both,G4,r8_rank_6_20,3.9533,3.4667,4.4600
floor_0.05+run5,both,G4,r8_topic_rank_6_20,18.2667,17.2267,19.2267
floor_0.05+run5,both,G4,r8_rank_150_200,1.7000,1.4451,1.9627
floor_0.05+run5,both,G4,r8_topic_rank_150_200,9.2137,8.8529,9.5667
floor_0.05+run5,both,G4,r2_ece,0.0134,0.0103,0.0165
floor_0.05+run5,both,G4,r4b_3,0.0000,0.0000,0.0000
floor_0.05+run5,both,G4,r4b_5,0.0675,0.0587,0.0767
floor_0.05+run5,both,G4,r4b_10,0.2564,0.2384,0.2746
floor_0.05+run5,both,G4,r4b_20,0.6022,0.5652,0.6406
floor_0.05+run5,both,G4,r4b_50,0.8238,0.7671,0.8807
floor_0.05+run5,both,G4,r8_move_p95_6_20,74.0000,73.0000,74.0000
floor_0.05+run5,both,G4,r8_move_p95_150_200,41.0000,41.0000,42.0000
floor_0.05+run5,both,G5,r1_rms_5,0.9188,0.8785,0.9578
floor_0.05+run5,both,G5,r1_mean_5,0.0248,-0.0425,0.0926
floor_0.05+run5,both,G5,r1_rms_10,0.8574,0.8202,0.8949
floor_0.05+run5,both,G5,r1_mean_10,0.0049,-0.0568,0.0681
floor_0.05+run5,both,G5,r1_rms_20,0.8857,0.8574,0.9136
floor_0.05+run5,both,G5,r1_mean_20,-0.0351,-0.0885,0.0165
floor_0.05+run5,both,G5,r1_rms_50,0.7492,0.7296,0.7683
floor_0.05+run5,both,G5,r1_mean_50,-0.0605,-0.0992,-0.0249
floor_0.05+run5,both,G5,r1_rms_100,0.6328,0.6184,0.6481
floor_0.05+run5,both,G5,r1_mean_100,-0.0774,-0.1019,-0.0527
floor_0.05+run5,both,G5,r1_rms_200,0.5369,0.5268,0.5475
floor_0.05+run5,both,G5,r1_mean_200,-0.0771,-0.0937,-0.0606
floor_0.05+run5,both,G5,r2_brier,0.1772,0.1752,0.1793
floor_0.05+run5,both,G5,r2_bias,0.0066,0.0032,0.0101
floor_0.05+run5,both,G5,r3_inside,0.4109,0.4049,0.4166
floor_0.05+run5,both,G5,r3_below_0.5,0.0525,0.0470,0.0584
floor_0.05+run5,both,G5,r3_above_0.95,0.0354,0.0318,0.0395
floor_0.05+run5,both,G5,r4_false,0.6573,0.6314,0.6825
floor_0.05+run5,both,G5,r4_false_0.70,0.5477,0.5202,0.5739
floor_0.05+run5,both,G5,r4_below,0.0000,0.0000,0.0000
floor_0.05+run5,both,G5,r4_false_at_task,0.6573,0.6293,0.6822
floor_0.05+run5,both,G5,r4_declared,3.0290,2.9030,3.1630
floor_0.05+run5,both,G5,r5_late_answers,12.1612,11.7133,12.6040
floor_0.05+run5,both,G5,r5_never,0.7606,0.7432,0.7776
floor_0.05+run5,both,G5,r6_lag,-0.1172,-0.1341,-0.1000
floor_0.05+run5,both,G5,r7_error_5,0.9882,0.9418,1.0353
floor_0.05+run5,both,G5,r7_error_10,0.9334,0.8910,0.9751
floor_0.05+run5,both,G5,r7_longest_wrong,1.8480,1.7850,1.9120
floor_0.05+run5,both,G5,r7_hard_first,0.1432,0.1308,0.1558
floor_0.05+run5,both,G5,r4b_chance_below_0.5,0.1409,0.1233,0.1601
floor_0.05+run5,both,G5,r4b_chance_0.5_to_0.6,0.1453,0.1380,0.1526
floor_0.05+run5,both,G5,r4b_chance_0.6_to_0.7,0.2204,0.2129,0.2279
floor_0.05+run5,both,G5,r4b_chance_0.7_to_0.8,0.2501,0.2399,0.2597
floor_0.05+run5,both,G5,r4b_chance_0.8_up,0.2433,0.2282,0.2574
floor_0.05+run5,both,G5,r3_reachable,0.9188,0.9074,0.9297
floor_0.05+run5,both,G5,r8_rank_6_20,3.5733,3.1400,4.0200
floor_0.05+run5,both,G5,r8_topic_rank_6_20,17.9133,16.9933,18.8533
floor_0.05+run5,both,G5,r8_rank_150_200,1.6980,1.4627,1.9294
floor_0.05+run5,both,G5,r8_topic_rank_150_200,8.7961,8.4471,9.1392
floor_0.05+run5,both,G5,r2_ece,0.0095,0.0064,0.0126
floor_0.05+run5,both,G5,r4b_3,0.0000,0.0000,0.0000
floor_0.05+run5,both,G5,r4b_5,0.0773,0.0679,0.0867
floor_0.05+run5,both,G5,r4b_10,0.2797,0.2610,0.2975
floor_0.05+run5,both,G5,r4b_20,0.6452,0.6092,0.6853
floor_0.05+run5,both,G5,r4b_50,0.8852,0.8278,0.9409
floor_0.05+run5,both,G5,r8_move_p95_6_20,73.0000,73.0000,74.0000
floor_0.05+run5,both,G5,r8_move_p95_150_200,41.0000,41.0000,42.0000
floor_0.05+run5,both,G6,r1_rms_5,1.0393,0.9989,1.0826
floor_0.05+run5,both,G6,r1_mean_5,-0.0462,-0.1148,0.0232
floor_0.05+run5,both,G6,r1_rms_10,0.9795,0.9440,1.0156
floor_0.05+run5,both,G6,r1_mean_10,-0.0820,-0.1477,-0.0160
floor_0.05+run5,both,G6,r1_rms_20,0.9050,0.8717,0.9380
floor_0.05+run5,both,G6,r1_mean_20,-0.1039,-0.1628,-0.0442
floor_0.05+run5,both,G6,r1_rms_50,0.8103,0.7807,0.8398
floor_0.05+run5,both,G6,r1_mean_50,-0.1541,-0.2035,-0.1060
floor_0.05+run5,both,G6,r1_rms_100,0.7574,0.7312,0.7843
floor_0.05+run5,both,G6,r1_mean_100,-0.1997,-0.2454,-0.1539
floor_0.05+run5,both,G6,r1_rms_200,0.7416,0.7178,0.7640
floor_0.05+run5,both,G6,r1_mean_200,-0.2386,-0.2799,-0.1970
floor_0.05+run5,both,G6,r2_brier,0.1784,0.1766,0.1802
floor_0.05+run5,both,G6,r2_bias,0.0111,0.0082,0.0142
floor_0.05+run5,both,G6,r3_inside,0.4260,0.4120,0.4406
floor_0.05+run5,both,G6,r3_below_0.5,0.0572,0.0530,0.0615
floor_0.05+run5,both,G6,r3_above_0.95,0.0934,0.0867,0.1002
floor_0.05+run5,both,G6,r4_false,0.6982,0.6723,0.7228
floor_0.05+run5,both,G6,r4_false_0.70,0.5820,0.5538,0.6113
floor_0.05+run5,both,G6,r4_below,0.0000,0.0000,0.0000
floor_0.05+run5,both,G6,r4_false_at_task,0.6982,0.6728,0.7225
floor_0.05+run5,both,G6,r4_declared,2.6940,2.5880,2.8110
floor_0.05+run5,both,G6,r5_late_answers,11.3154,10.9113,11.7645
floor_0.05+run5,both,G6,r5_never,0.7904,0.7763,0.8052
floor_0.05+run5,both,G6,r6_lag,-0.2395,-0.2807,-0.1984
floor_0.05+run5,both,G6,r7_error_5,0.8908,0.8464,0.9370
floor_0.05+run5,both,G6,r7_error_10,0.8213,0.7791,0.8606
floor_0.05+run5,both,G6,r7_longest_wrong,1.7840,1.7270,1.8420
floor_0.05+run5,both,G6,r7_hard_first,0.1330,0.1222,0.1447
floor_0.05+run5,both,G6,r4b_chance_below_0.5,0.1051,0.0941,0.1171
floor_0.05+run5,both,G6,r4b_chance_0.5_to_0.6,0.1160,0.1082,0.1249
floor_0.05+run5,both,G6,r4b_chance_0.6_to_0.7,0.2440,0.2320,0.2565
floor_0.05+run5,both,G6,r4b_chance_0.7_to_0.8,0.3102,0.2967,0.3238
floor_0.05+run5,both,G6,r4b_chance_0.8_up,0.2248,0.2108,0.2393
floor_0.05+run5,both,G6,r3_reachable,0.8174,0.8028,0.8314
floor_0.05+run5,both,G6,r8_rank_6_20,4.0867,3.5800,4.6067
floor_0.05+run5,both,G6,r8_topic_rank_6_20,18.2800,17.3867,19.2200
floor_0.05+run5,both,G6,r8_rank_150_200,1.6843,1.4294,1.9373
floor_0.05+run5,both,G6,r8_topic_rank_150_200,8.8941,8.5471,9.2431
floor_0.05+run5,both,G6,r2_ece,0.0132,0.0103,0.0164
floor_0.05+run5,both,G6,r4b_3,0.0000,0.0000,0.0000
floor_0.05+run5,both,G6,r4b_5,0.0747,0.0659,0.0832
floor_0.05+run5,both,G6,r4b_10,0.2835,0.2649,0.3027
floor_0.05+run5,both,G6,r4b_20,0.6283,0.5967,0.6635
floor_0.05+run5,both,G6,r4b_50,0.9206,0.8431,1.0000
floor_0.05+run5,both,G6,r8_move_p95_6_20,73.0000,73.0000,73.0000
floor_0.05+run5,both,G6,r8_move_p95_150_200,41.0000,41.0000,42.0000
floor_0.05+run5,both,G7,r1_rms_5,1.0154,0.9815,1.0522
floor_0.05+run5,both,G7,r1_mean_5,-0.0603,-0.1294,0.0056
floor_0.05+run5,both,G7,r1_rms_10,0.9493,0.9174,0.9812
floor_0.05+run5,both,G7,r1_mean_10,-0.0853,-0.1427,-0.0276
floor_0.05+run5,both,G7,r1_rms_20,0.8605,0.8356,0.8881
floor_0.05+run5,both,G7,r1_mean_20,-0.1124,-0.1606,-0.0613
floor_0.05+run5,both,G7,r1_rms_50,0.7244,0.7059,0.7433
floor_0.05+run5,both,G7,r1_mean_50,-0.1387,-0.1762,-0.1017
floor_0.05+run5,both,G7,r1_rms_100,0.6215,0.6089,0.6345
floor_0.05+run5,both,G7,r1_mean_100,-0.1414,-0.1690,-0.1138
floor_0.05+run5,both,G7,r1_rms_200,0.5514,0.5420,0.5606
floor_0.05+run5,both,G7,r1_mean_200,-0.1462,-0.1691,-0.1240
floor_0.05+run5,both,G7,r2_brier,0.1752,0.1733,0.1771
floor_0.05+run5,both,G7,r2_bias,0.0048,0.0017,0.0078
floor_0.05+run5,both,G7,r3_inside,0.4259,0.4206,0.4311
floor_0.05+run5,both,G7,r3_below_0.5,0.0431,0.0385,0.0479
floor_0.05+run5,both,G7,r3_above_0.95,0.0292,0.0264,0.0321
floor_0.05+run5,both,G7,r4_false,0.6695,0.6451,0.6951
floor_0.05+run5,both,G7,r4_false_0.70,0.5571,0.5321,0.5834
floor_0.05+run5,both,G7,r4_below,0.0000,0.0000,0.0000
floor_0.05+run5,both,G7,r4_false_at_task,0.6695,0.6457,0.6928
floor_0.05+run5,both,G7,r4_declared,2.8290,2.7040,2.9490
floor_0.05+run5,both,G7,r5_late_answers,12.0518,11.6663,12.4635
floor_0.05+run5,both,G7,r5_never,0.7661,0.7496,0.7823
floor_0.05+run5,both,G7,r6_lag,-0.1586,-0.1814,-0.1345
floor_0.05+run5,both,G7,r7_error_5,0.8754,0.8346,0.9143
floor_0.05+run5,both,G7,r7_error_10,0.7987,0.7623,0.8349
floor_0.05+run5,both,G7,r7_longest_wrong,1.8040,1.7470,1.8660
floor_0.05+run5,both,G7,r7_hard_first,0.1488,0.1373,0.1618
floor_0.05+run5,both,G7,r4b_chance_below_0.5,0.1130,0.0987,0.1281
floor_0.05+run5,both,G7,r4b_chance_0.5_to_0.6,0.1323,0.1263,0.1386
floor_0.05+run5,both,G7,r4b_chance_0.6_to_0.7,0.2144,0.2084,0.2201
floor_0.05+run5,both,G7,r4b_chance_0.7_to_0.8,0.2731,0.2652,0.2810
floor_0.05+run5,both,G7,r4b_chance_0.8_up,0.2671,0.2530,0.2812
floor_0.05+run5,both,G7,r3_reachable,0.9318,0.9223,0.9409
floor_0.05+run5,both,G7,r8_rank_6_20,3.8733,3.4200,4.3667
floor_0.05+run5,both,G7,r8_topic_rank_6_20,17.7867,16.8267,18.7600
floor_0.05+run5,both,G7,r8_rank_150_200,1.9098,1.6471,2.1961
floor_0.05+run5,both,G7,r8_topic_rank_150_200,9.2137,8.8431,9.5686
floor_0.05+run5,both,G7,r2_ece,0.0069,0.0040,0.0098
floor_0.05+run5,both,G7,r4b_3,0.0000,0.0000,0.0000
floor_0.05+run5,both,G7,r4b_5,0.0768,0.0683,0.0854
floor_0.05+run5,both,G7,r4b_10,0.2764,0.2588,0.2932
floor_0.05+run5,both,G7,r4b_20,0.6248,0.5899,0.6616
floor_0.05+run5,both,G7,r4b_50,0.8851,0.8134,0.9431
floor_0.05+run5,both,G7,r8_move_p95_6_20,73.0000,73.0000,74.0000
floor_0.05+run5,both,G7,r8_move_p95_150_200,42.0000,41.0000,42.0000
floor_0.05+run5,both,G8,r1_rms_5,0.9739,0.9376,1.0100
floor_0.05+run5,both,G8,r1_mean_5,0.0486,-0.0143,0.1134
floor_0.05+run5,both,G8,r1_rms_10,0.9043,0.8765,0.9333
floor_0.05+run5,both,G8,r1_mean_10,0.0095,-0.0464,0.0678
floor_0.05+run5,both,G8,r1_rms_20,0.8084,0.7853,0.8328
floor_0.05+run5,both,G8,r1_mean_20,-0.0206,-0.0643,0.0257
floor_0.05+run5,both,G8,r1_rms_50,0.6546,0.6378,0.6704
floor_0.05+run5,both,G8,r1_mean_50,-0.0557,-0.0861,-0.0229
floor_0.05+run5,both,G8,r1_rms_100,0.5595,0.5488,0.5704
floor_0.05+run5,both,G8,r1_mean_100,-0.0779,-0.1005,-0.0557
floor_0.05+run5,both,G8,r1_rms_200,0.4789,0.4715,0.4865
floor_0.05+run5,both,G8,r1_mean_200,-0.0916,-0.1066,-0.0772
floor_0.05+run5,both,G8,r2_brier,0.1763,0.1746,0.1779
floor_0.05+run5,both,G8,r2_bias,0.0075,0.0049,0.0104
floor_0.05+run5,both,G8,r3_inside,0.4344,0.4291,0.4392
floor_0.05+run5,both,G8,r3_below_0.5,0.0394,0.0354,0.0439
floor_0.05+run5,both,G8,r3_above_0.95,0.0264,0.0239,0.0292
floor_0.05+run5,both,G8,r4_false,0.6859,0.6567,0.7127
floor_0.05+run5,both,G8,r4_false_0.70,0.5772,0.5469,0.6098
floor_0.05+run5,both,G8,r4_below,0.0000,0.0000,0.0000
floor_0.05+run5,both,G8,r4_false_at_task,0.6859,0.6563,0.7135
floor_0.05+run5,both,G8,r4_declared,1.4900,1.4060,1.5770
floor_0.05+run5,both,G8,r5_late_answers,12.1233,11.6473,12.6475
floor_0.05+run5,both,G8,r5_never,0.8841,0.8724,0.8947
floor_0.05+run5,both,G8,r6_lag,-0.0954,-0.1113,-0.0790
floor_0.05+run5,both,G8,r7_error_5,0.8211,0.7812,0.8598
floor_0.05+run5,both,G8,r7_error_10,0.7441,0.7068,0.7786
floor_0.05+run5,both,G8,r7_longest_wrong,1.8050,1.7480,1.8670
floor_0.05+run5,both,G8,r7_hard_first,0.1405,0.1288,0.1512
floor_0.05+run5,both,G8,r4b_chance_below_0.5,0.1004,0.0879,0.1139
floor_0.05+run5,both,G8,r4b_chance_0.5_to_0.6,0.1302,0.1241,0.1361
floor_0.05+run5,both,G8,r4b_chance_0.6_to_0.7,0.2127,0.2064,0.2188
floor_0.05+run5,both,G8,r4b_chance_0.7_to_0.8,0.2775,0.2698,0.2848
floor_0.05+run5,both,G8,r4b_chance_0.8_up,0.2792,0.2645,0.2937
floor_0.05+run5,both,G8,r3_reachable,0.9465,0.9390,0.9537
floor_0.05+run5,both,G8,r8_rank_6_20,3.6200,3.1600,4.0533
floor_0.05+run5,both,G8,r8_topic_rank_6_20,17.9200,16.9933,18.8133
floor_0.05+run5,both,G8,r8_rank_150_200,1.8333,1.5765,2.1020
floor_0.05+run5,both,G8,r8_topic_rank_150_200,9.6314,9.2941,9.9922
floor_0.05+run5,both,G8,r2_ece,0.0090,0.0061,0.0118
floor_0.05+run5,both,G8,r4b_3,0.0000,0.0000,0.0000
floor_0.05+run5,both,G8,r4b_5,0.0296,0.0245,0.0351
floor_0.05+run5,both,G8,r4b_10,0.1648,0.1502,0.1798
floor_0.05+run5,both,G8,r4b_20,0.4217,0.3860,0.4598
floor_0.05+run5,both,G8,r4b_50,0.8189,0.7114,0.9248
floor_0.05+run5,both,G8,r8_move_p95_6_20,73.0000,73.0000,74.0000
floor_0.05+run5,both,G8,r8_move_p95_150_200,42.0000,42.0000,42.0000
floor_0.05+run5,both,G0-exact,r1_rms_5,0.9951,0.9595,1.0305
floor_0.05+run5,both,G0-exact,r1_mean_5,0.0084,-0.0588,0.0751
floor_0.05+run5,both,G0-exact,r1_rms_10,0.9290,0.8983,0.9588
floor_0.05+run5,both,G0-exact,r1_mean_10,-0.0131,-0.0716,0.0520
floor_0.05+run5,both,G0-exact,r1_rms_20,0.8161,0.7915,0.8416
floor_0.05+run5,both,G0-exact,r1_mean_20,-0.0228,-0.0712,0.0255
floor_0.05+run5,both,G0-exact,r1_rms_50,0.6590,0.6437,0.6747
floor_0.05+run5,both,G0-exact,r1_mean_50,-0.0435,-0.0759,-0.0106
floor_0.05+run5,both,G0-exact,r1_rms_100,0.5475,0.5373,0.5577
floor_0.05+run5,both,G0-exact,r1_mean_100,-0.0514,-0.0737,-0.0298
floor_0.05+run5,both,G0-exact,r1_rms_200,0.4685,0.4607,0.4755
floor_0.05+run5,both,G0-exact,r1_mean_200,-0.0416,-0.0569,-0.0274
floor_0.05+run5,both,G0-exact,r2_brier,0.1740,0.1723,0.1757
floor_0.05+run5,both,G0-exact,r2_bias,0.0032,0.0003,0.0061
floor_0.05+run5,both,G0-exact,r3_inside,0.5420,0.5322,0.5513
floor_0.05+run5,both,G0-exact,r3_below_0.5,0.0215,0.0182,0.0252
floor_0.05+run5,both,G0-exact,r3_above_0.95,0.0102,0.0084,0.0122
floor_0.05+run5,both,G0-exact,r4_false,0.6921,0.6708,0.7144
floor_0.05+run5,both,G0-exact,r4_false_0.70,0.5783,0.5525,0.6029
floor_0.05+run5,both,G0-exact,r4_below,0.0000,0.0000,0.0000
floor_0.05+run5,both,G0-exact,r4_false_at_task,0.6921,0.6692,0.7146
floor_0.05+run5,both,G0-exact,r4_declared,2.8810,2.7660,3.0050
floor_0.05+run5,both,G0-exact,r5_late_answers,11.9241,11.5291,12.3076
floor_0.05+run5,both,G0-exact,r5_never,0.7806,0.7644,0.7969
floor_0.05+run5,both,G0-exact,r6_lag,-0.0598,-0.0749,-0.0444
floor_0.05+run5,both,G0-exact,r7_error_5,0.8598,0.8185,0.8998
floor_0.05+run5,both,G0-exact,r7_error_10,0.7836,0.7453,0.8217
floor_0.05+run5,both,G0-exact,r7_longest_wrong,1.7960,1.7370,1.8550
floor_0.05+run5,both,G0-exact,r7_hard_first,0.1226,0.1108,0.1342
floor_0.05+run5,both,G0-exact,r4b_chance_below_0.5,0.0609,0.0511,0.0719
floor_0.05+run5,both,G0-exact,r4b_chance_0.5_to_0.6,0.1092,0.0998,0.1195
floor_0.05+run5,both,G0-exact,r4b_chance_0.6_to_0.7,0.2675,0.2533,0.2815
floor_0.05+run5,both,G0-exact,r4b_chance_0.7_to_0.8,0.3623,0.3476,0.3780
floor_0.05+run5,both,G0-exact,r4b_chance_0.8_up,0.2001,0.1853,0.2153
floor_0.05+run5,both,G0-exact,r3_reachable,0.9362,0.9275,0.9441
floor_0.05+run5,both,G0-exact,r8_rank_6_20,3.5667,3.1200,4.0200
floor_0.05+run5,both,G0-exact,r8_topic_rank_6_20,17.8333,16.8933,18.8133
floor_0.05+run5,both,G0-exact,r8_rank_150_200,1.5922,1.3510,1.8471
floor_0.05+run5,both,G0-exact,r8_topic_rank_150_200,8.9431,8.5745,9.3353
floor_0.05+run5,both,G0-exact,r2_ece,0.0058,0.0030,0.0088
floor_0.05+run5,both,G0-exact,r4b_3,0.0000,0.0000,0.0000
floor_0.05+run5,both,G0-exact,r4b_5,0.0837,0.0743,0.0929
floor_0.05+run5,both,G0-exact,r4b_10,0.2945,0.2765,0.3127
floor_0.05+run5,both,G0-exact,r4b_20,0.6641,0.6331,0.6946
floor_0.05+run5,both,G0-exact,r4b_50,0.9340,0.8703,1.0000
floor_0.05+run5,both,G0-exact,r8_move_p95_6_20,73.0000,72.0000,73.0000
floor_0.05+run5,both,G0-exact,r8_move_p95_150_200,41.0000,41.0000,42.0000
floor_0.05+run5,both,G0-miss0.25,r1_rms_5,0.9973,0.9596,1.0319
floor_0.05+run5,both,G0-miss0.25,r1_mean_5,0.0220,-0.0431,0.0881
floor_0.05+run5,both,G0-miss0.25,r1_rms_10,0.9303,0.8992,0.9622
floor_0.05+run5,both,G0-miss0.25,r1_mean_10,-0.0112,-0.0691,0.0475
floor_0.05+run5,both,G0-miss0.25,r1_rms_20,0.8199,0.7966,0.8447
floor_0.05+run5,both,G0-miss0.25,r1_mean_20,-0.0385,-0.0870,0.0094
floor_0.05+run5,both,G0-miss0.25,r1_rms_50,0.6626,0.6448,0.6789
floor_0.05+run5,both,G0-miss0.25,r1_mean_50,-0.0600,-0.0930,-0.0266
floor_0.05+run5,both,G0-miss0.25,r1_rms_100,0.5562,0.5458,0.5674
floor_0.05+run5,both,G0-miss0.25,r1_mean_100,-0.0652,-0.0879,-0.0414
floor_0.05+run5,both,G0-miss0.25,r1_rms_200,0.4669,0.4590,0.4745
floor_0.05+run5,both,G0-miss0.25,r1_mean_200,-0.0504,-0.0657,-0.0361
floor_0.05+run5,both,G0-miss0.25,r2_brier,0.1743,0.1724,0.1761
floor_0.05+run5,both,G0-miss0.25,r2_bias,0.0035,0.0004,0.0065
floor_0.05+run5,both,G0-miss0.25,r3_inside,0.5023,0.4947,0.5100
floor_0.05+run5,both,G0-miss0.25,r3_below_0.5,0.0268,0.0227,0.0307
floor_0.05+run5,both,G0-miss0.25,r3_above_0.95,0.0142,0.0119,0.0166
floor_0.05+run5,both,G0-miss0.25,r4_false,0.6926,0.6701,0.7145
floor_0.05+run5,both,G0-miss0.25,r4_false_0.70,0.5759,0.5493,0.6016
floor_0.05+run5,both,G0-miss0.25,r4_below,0.0000,0.0000,0.0000
floor_0.05+run5,both,G0-miss0.25,r4_false_at_task,0.6926,0.6693,0.7155
floor_0.05+run5,both,G0-miss0.25,r4_declared,2.8460,2.7180,2.9630
floor_0.05+run5,both,G0-miss0.25,r5_late_answers,11.6140,11.2135,12.0333
floor_0.05+run5,both,G0-miss0.25,r5_never,0.7711,0.7546,0.7879
floor_0.05+run5,both,G0-miss0.25,r6_lag,-0.0704,-0.0855,-0.0538
floor_0.05+run5,both,G0-miss0.25,r7_error_5,0.8725,0.8347,0.9120
floor_0.05+run5,both,G0-miss0.25,r7_error_10,0.7915,0.7542,0.8286
floor_0.05+run5,both,G0-miss0.25,r7_longest_wrong,1.8090,1.7490,1.8690
floor_0.05+run5,both,G0-miss0.25,r7_hard_first,0.1315,0.1205,0.1434
floor_0.05+run5,both,G0-miss0.25,r4b_chance_below_0.5,0.0763,0.0645,0.0891
floor_0.05+run5,both,G0-miss0.25,r4b_chance_0.5_to_0.6,0.1233,0.1139,0.1330
floor_0.05+run5,both,G0-miss0.25,r4b_chance_0.6_to_0.7,0.2460,0.2372,0.2555
floor_0.05+run5,both,G0-miss0.25,r4b_chance_0.7_to_0.8,0.3269,0.3155,0.3380
floor_0.05+run5,both,G0-miss0.25,r4b_chance_0.8_up,0.2275,0.2126,0.2428
floor_0.05+run5,both,G0-miss0.25,r3_reachable,0.9412,0.9321,0.9491
floor_0.05+run5,both,G0-miss0.25,r8_rank_6_20,3.4800,3.0467,3.8800
floor_0.05+run5,both,G0-miss0.25,r8_topic_rank_6_20,17.0467,16.1400,17.9733
floor_0.05+run5,both,G0-miss0.25,r8_rank_150_200,1.9216,1.6686,2.1961
floor_0.05+run5,both,G0-miss0.25,r8_topic_rank_150_200,9.2725,8.9157,9.6353
floor_0.05+run5,both,G0-miss0.25,r2_ece,0.0052,0.0028,0.0084
floor_0.05+run5,both,G0-miss0.25,r4b_3,0.0000,0.0000,0.0000
floor_0.05+run5,both,G0-miss0.25,r4b_5,0.0808,0.0721,0.0897
floor_0.05+run5,both,G0-miss0.25,r4b_10,0.2941,0.2749,0.3141
floor_0.05+run5,both,G0-miss0.25,r4b_20,0.6475,0.6139,0.6838
floor_0.05+run5,both,G0-miss0.25,r4b_50,0.8852,0.8248,0.9645
floor_0.05+run5,both,G0-miss0.25,r8_move_p95_6_20,73.0000,73.0000,74.0000
floor_0.05+run5,both,G0-miss0.25,r8_move_p95_150_200,42.0000,41.0000,42.0000
floor_0.05+run5,both,G0-miss1,r1_rms_5,1.0346,0.9982,1.0729
floor_0.05+run5,both,G0-miss1,r1_mean_5,-0.0610,-0.1284,0.0063
floor_0.05+run5,both,G0-miss1,r1_rms_10,0.9701,0.9392,1.0021
floor_0.05+run5,both,G0-miss1,r1_mean_10,-0.1012,-0.1612,-0.0427
floor_0.05+run5,both,G0-miss1,r1_rms_20,0.8771,0.8502,0.9042
floor_0.05+run5,both,G0-miss1,r1_mean_20,-0.1298,-0.1822,-0.0791
floor_0.05+run5,both,G0-miss1,r1_rms_50,0.7264,0.7077,0.7455
floor_0.05+run5,both,G0-miss1,r1_mean_50,-0.1817,-0.2182,-0.1436
floor_0.05+run5,both,G0-miss1,r1_rms_100,0.6182,0.6047,0.6314
floor_0.05+run5,both,G0-miss1,r1_mean_100,-0.2093,-0.2336,-0.1847
floor_0.05+run5,both,G0-miss1,r1_rms_200,0.5336,0.5241,0.5430
floor_0.05+run5,both,G0-miss1,r1_mean_200,-0.2137,-0.2302,-0.1967
floor_0.05+run5,both,G0-miss1,r2_brier,0.1769,0.1750,0.1788
floor_0.05+run5,both,G0-miss1,r2_bias,0.0079,0.0049,0.0110
floor_0.05+run5,both,G0-miss1,r3_inside,0.2960,0.2929,0.2992
floor_0.05+run5,both,G0-miss1,r3_below_0.5,0.0901,0.0856,0.0949
floor_0.05+run5,both,G0-miss1,r3_above_0.95,0.1085,0.1039,0.1133
floor_0.05+run5,both,G0-miss1,r4_false,0.6553,0.6298,0.6803
floor_0.05+run5,both,G0-miss1,r4_false_0.70,0.5486,0.5224,0.5743
floor_0.05+run5,both,G0-miss1,r4_below,0.0000,0.0000,0.0000
floor_0.05+run5,both,G0-miss1,r4_false_at_task,0.6553,0.6309,0.6806
floor_0.05+run5,both,G0-miss1,r4_declared,2.8690,2.7390,3.0010
floor_0.05+run5,both,G0-miss1,r5_late_answers,12.3285,11.9148,12.7180
floor_0.05+run5,both,G0-miss1,r5_never,0.7625,0.7454,0.7798
floor_0.05+run5,both,G0-miss1,r6_lag,-0.2382,-0.2567,-0.2207
floor_0.05+run5,both,G0-miss1,r7_error_5,0.8925,0.8518,0.9338
floor_0.05+run5,both,G0-miss1,r7_error_10,0.8213,0.7858,0.8610
floor_0.05+run5,both,G0-miss1,r7_longest_wrong,1.8190,1.7620,1.8790
floor_0.05+run5,both,G0-miss1,r7_hard_first,0.1785,0.1675,0.1902
floor_0.05+run5,both,G0-miss1,r4b_chance_below_0.5,0.1705,0.1595,0.1825
floor_0.05+run5,both,G0-miss1,r4b_chance_0.5_to_0.6,0.1205,0.1164,0.1243
floor_0.05+run5,both,G0-miss1,r4b_chance_0.6_to_0.7,0.1529,0.1491,0.1564
floor_0.05+run5,both,G0-miss1,r4b_chance_0.7_to_0.8,0.1833,0.1785,0.1879
floor_0.05+run5,both,G0-miss1,r4b_chance_0.8_up,0.3728,0.3606,0.3855
floor_0.05+run5,both,G0-miss1,r3_reachable,0.9447,0.9365,0.9524
floor_0.05+run5,both,G0-miss1,r8_rank_6_20,3.6333,3.1933,4.0933
floor_0.05+run5,both,G0-miss1,r8_topic_rank_6_20,17.5733,16.7000,18.5200
floor_0.05+run5,both,G0-miss1,r8_rank_150_200,1.6549,1.4098,1.9059
floor_0.05+run5,both,G0-miss1,r8_topic_rank_150_200,9.0216,8.6824,9.3824
floor_0.05+run5,both,G0-miss1,r2_ece,0.0094,0.0064,0.0125
floor_0.05+run5,both,G0-miss1,r4b_3,0.0000,0.0000,0.0000
floor_0.05+run5,both,G0-miss1,r4b_5,0.0749,0.0661,0.0844
floor_0.05+run5,both,G0-miss1,r4b_10,0.2844,0.2665,0.3014
floor_0.05+run5,both,G0-miss1,r4b_20,0.6229,0.5911,0.6577
floor_0.05+run5,both,G0-miss1,r4b_50,0.9182,0.8529,0.9809
floor_0.05+run5,both,G0-miss1,r8_move_p95_6_20,73.0000,73.0000,74.0000
floor_0.05+run5,both,G0-miss1,r8_move_p95_150_200,41.0000,41.0000,42.0000
floor_0.05+run5,both,G2-half,r1_rms_5,1.0012,0.9639,1.0395
floor_0.05+run5,both,G2-half,r1_mean_5,-0.0541,-0.1181,0.0127
floor_0.05+run5,both,G2-half,r1_rms_10,0.9427,0.9094,0.9743
floor_0.05+run5,both,G2-half,r1_mean_10,-0.1091,-0.1704,-0.0504
floor_0.05+run5,both,G2-half,r1_rms_20,0.8554,0.8268,0.8826
floor_0.05+run5,both,G2-half,r1_mean_20,-0.1657,-0.2175,-0.1172
floor_0.05+run5,both,G2-half,r1_rms_50,0.7314,0.7116,0.7520
floor_0.05+run5,both,G2-half,r1_mean_50,-0.2995,-0.3360,-0.2615
floor_0.05+run5,both,G2-half,r1_rms_100,0.6966,0.6797,0.7151
floor_0.05+run5,both,G2-half,r1_mean_100,-0.4399,-0.4643,-0.4151
floor_0.05+run5,both,G2-half,r1_rms_200,0.7177,0.7045,0.7305
floor_0.05+run5,both,G2-half,r1_mean_200,-0.5583,-0.5744,-0.5417
floor_0.05+run5,both,G2-half,r2_brier,0.1514,0.1498,0.1532
floor_0.05+run5,both,G2-half,r2_bias,-0.0377,-0.0407,-0.0348
floor_0.05+run5,both,G2-half,r3_inside,0.3727,0.3664,0.3790
floor_0.05+run5,both,G2-half,r3_below_0.5,0.0240,0.0212,0.0269
floor_0.05+run5,both,G2-half,r3_above_0.95,0.0631,0.0580,0.0683
floor_0.05+run5,both,G2-half,r4_false,0.5342,0.5087,0.5575
floor_0.05+run5,both,G2-half,r4_false_0.70,0.4071,0.3827,0.4324
floor_0.05+run5,both,G2-half,r4_below,0.0000,0.0000,0.0000
floor_0.05+run5,both,G2-half,r4_false_at_task,0.5342,0.5102,0.5581
floor_0.05+run5,both,G2-half,r4_declared,3.8340,3.6690,4.0020
floor_0.05+run5,both,G2-half,r5_late_answers,11.0689,10.7556,11.3744
floor_0.05+run5,both,G2-half,r5_never,0.7161,0.6978,0.7347
floor_0.05+run5,both,G2-half,r6_lag,-0.5334,-0.5523,-0.5162
floor_0.05+run5,both,G2-half,r7_error_5,0.8592,0.8172,0.9032
floor_0.05+run5,both,G2-half,r7_error_10,0.7886,0.7490,0.8277
floor_0.05+run5,both,G2-half,r7_longest_wrong,1.7270,1.6750,1.7840
floor_0.05+run5,both,G2-half,r7_hard_first,0.1346,0.1237,0.1464
floor_0.05+run5,both,G2-half,r4b_chance_below_0.5,0.0754,0.0658,0.0859
floor_0.05+run5,both,G2-half,r4b_chance_0.5_to_0.6,0.0936,0.0878,0.0995
floor_0.05+run5,both,G2-half,r4b_chance_0.6_to_0.7,0.1733,0.1673,0.1795
floor_0.05+run5,both,G2-half,r4b_chance_0.7_to_0.8,0.2675,0.2606,0.2743
floor_0.05+run5,both,G2-half,r4b_chance_0.8_up,0.3903,0.3747,0.4059
floor_0.05+run5,both,G2-half,r3_reachable,0.9589,0.9544,0.9631
floor_0.05+run5,both,G2-half,r8_rank_6_20,3.7200,3.2600,4.2000
floor_0.05+run5,both,G2-half,r8_topic_rank_6_20,17.1667,16.2533,18.1067
floor_0.05+run5,both,G2-half,r8_rank_150_200,1.7961,1.5745,2.0333
floor_0.05+run5,both,G2-half,r8_topic_rank_150_200,8.4471,8.0843,8.8020
floor_0.05+run5,both,G2-half,r2_ece,0.0377,0.0349,0.0406
floor_0.05+run5,both,G2-half,r4b_3,0.0000,0.0000,0.0000
floor_0.05+run5,both,G2-half,r4b_5,0.0871,0.0768,0.0977
floor_0.05+run5,both,G2-half,r4b_10,0.3370,0.3150,0.3612
floor_0.05+run5,both,G2-half,r4b_20,0.7253,0.6912,0.7590
floor_0.05+run5,both,G2-half,r4b_50,0.9761,0.9444,1.0000
floor_0.05+run5,both,G2-half,r8_move_p95_6_20,73.0000,73.0000,74.0000
floor_0.05+run5,both,G2-half,r8_move_p95_150_200,41.0000,40.0000,41.0000
floor_0.05+run5,both,G2-fading,r1_rms_5,0.9902,0.9530,1.0273
floor_0.05+run5,both,G2-fading,r1_mean_5,-0.0664,-0.1283,-0.0000
floor_0.05+run5,both,G2-fading,r1_rms_10,0.9298,0.8974,0.9630
floor_0.05+run5,both,G2-fading,r1_mean_10,-0.1168,-0.1766,-0.0586
floor_0.05+run5,both,G2-fading,r1_rms_20,0.8500,0.8227,0.8777
floor_0.05+run5,both,G2-fading,r1_mean_20,-0.1972,-0.2484,-0.1505
floor_0.05+run5,both,G2-fading,r1_rms_50,0.7421,0.7218,0.7634
floor_0.05+run5,both,G2-fading,r1_mean_50,-0.3309,-0.3677,-0.2962
floor_0.05+run5,both,G2-fading,r1_rms_100,0.6826,0.6672,0.6989
floor_0.05+run5,both,G2-fading,r1_mean_100,-0.4119,-0.4364,-0.3866
floor_0.05+run5,both,G2-fading,r1_rms_200,0.5836,0.5730,0.5938
floor_0.05+run5,both,G2-fading,r1_mean_200,-0.3573,-0.3732,-0.3409
floor_0.05+run5,both,G2-fading,r2_brier,0.1538,0.1522,0.1556
floor_0.05+run5,both,G2-fading,r2_bias,-0.0325,-0.0355,-0.0297
floor_0.05+run5,both,G2-fading,r3_inside,0.3888,0.3828,0.3948
floor_0.05+run5,both,G2-fading,r3_below_0.5,0.0241,0.0213,0.0272
floor_0.05+run5,both,G2-fading,r3_above_0.95,0.0568,0.0519,0.0617
floor_0.05+run5,both,G2-fading,r4_false,0.5534,0.5310,0.5756
floor_0.05+run5,both,G2-fading,r4_false_0.70,0.4342,0.4106,0.4580
floor_0.05+run5,both,G2-fading,r4_below,0.0000,0.0000,0.0000
floor_0.05+run5,both,G2-fading,r4_false_at_task,0.5534,0.5304,0.5764
floor_0.05+run5,both,G2-fading,r4_declared,3.6250,3.4710,3.7760
floor_0.05+run5,both,G2-fading,r5_late_answers,11.5394,11.2330,11.8422
floor_0.05+run5,both,G2-fading,r5_never,0.7188,0.7014,0.7361
floor_0.05+run5,both,G2-fading,r6_lag,-0.4123,-0.4317,-0.3946
floor_0.05+run5,both,G2-fading,r7_error_5,0.8439,0.8055,0.8858
floor_0.05+run5,both,G2-fading,r7_error_10,0.7774,0.7375,0.8146
floor_0.05+run5,both,G2-fading,r7_longest_wrong,1.6750,1.6220,1.7290
floor_0.05+run5,both,G2-fading,r7_hard_first,0.1329,0.1215,0.1450
floor_0.05+run5,both,G2-fading,r4b_chance_below_0.5,0.0748,0.0644,0.0864
floor_0.05+run5,both,G2-fading,r4b_chance_0.5_to_0.6,0.0988,0.0929,0.1047
floor_0.05+run5,both,G2-fading,r4b_chance_0.6_to_0.7,0.1883,0.1815,0.1947
floor_0.05+run5,both,G2-fading,r4b_chance_0.7_to_0.8,0.2734,0.2658,0.2806
floor_0.05+run5,both,G2-fading,r4b_chance_0.8_up,0.3648,0.3494,0.3806
floor_0.05+run5,both,G2-fading,r3_reachable,0.9601,0.9557,0.9644
floor_0.05+run5,both,G2-fading,r8_rank_6_20,3.0600,2.6467,3.5067
floor_0.05+run5,both,G2-fading,r8_topic_rank_6_20,16.7133,15.7467,17.6400
floor_0.05+run5,both,G2-fading,r8_rank_150_200,1.6490,1.4137,1.8961
floor_0.05+run5,both,G2-fading,r8_topic_rank_150_200,8.6255,8.2706,8.9863
floor_0.05+run5,both,G2-fading,r2_ece,0.0325,0.0296,0.0354
floor_0.05+run5,both,G2-fading,r4b_3,0.0000,0.0000,0.0000
floor_0.05+run5,both,G2-fading,r4b_5,0.0944,0.0840,0.1056
floor_0.05+run5,both,G2-fading,r4b_10,0.3112,0.2918,0.3322
floor_0.05+run5,both,G2-fading,r4b_20,0.7012,0.6634,0.7377
floor_0.05+run5,both,G2-fading,r4b_50,0.9733,0.9091,1.0000
floor_0.05+run5,both,G2-fading,r8_move_p95_6_20,73.0000,73.0000,73.0000
floor_0.05+run5,both,G2-fading,r8_move_p95_150_200,41.0000,41.0000,41.0000
floor_0.05+run5,both,G3-drop,r1_rms_5,0.9785,0.9449,1.0123
floor_0.05+run5,both,G3-drop,r1_mean_5,0.0068,-0.0547,0.0746
floor_0.05+run5,both,G3-drop,r1_rms_10,0.9026,0.8746,0.9329
floor_0.05+run5,both,G3-drop,r1_mean_10,-0.0267,-0.0791,0.0290
floor_0.05+run5,both,G3-drop,r1_rms_20,0.8155,0.7938,0.8369
floor_0.05+run5,both,G3-drop,r1_mean_20,-0.0528,-0.0989,-0.0047
floor_0.05+run5,both,G3-drop,r1_rms_50,0.6615,0.6473,0.6775
floor_0.05+run5,both,G3-drop,r1_mean_50,-0.0731,-0.1056,-0.0413
floor_0.05+run5,both,G3-drop,r1_rms_100,0.7142,0.6969,0.7315
floor_0.05+run5,both,G3-drop,r1_mean_100,0.3041,0.2722,0.3376
floor_0.05+run5,both,G3-drop,r1_rms_200,0.5543,0.5442,0.5641
floor_0.05+run5,both,G3-drop,r1_mean_200,0.2799,0.2640,0.2959
floor_0.05+run5,both,G3-drop,r2_brier,0.1998,0.1981,0.2016
floor_0.05+run5,both,G3-drop,r2_bias,0.0493,0.0464,0.0524
floor_0.05+run5,both,G3-drop,r3_inside,0.3915,0.3869,0.3962
floor_0.05+run5,both,G3-drop,r3_below_0.5,0.0803,0.0752,0.0859
floor_0.05+run5,both,G3-drop,r3_above_0.95,0.0209,0.0188,0.0234
floor_0.05+run5,both,G3-drop,r4_false,0.7637,0.7393,0.7863
floor_0.05+run5,both,G3-drop,r4_false_0.70,0.6650,0.6380,0.6907
floor_0.05+run5,both,G3-drop,r4_below,0.0000,0.0000,0.0000
floor_0.05+run5,both,G3-drop,r4_false_at_task,0.7637,0.7405,0.7854
floor_0.05+run5,both,G3-drop,r4_declared,2.1670,2.0620,2.2720
floor_0.05+run5,both,G3-drop,r5_late_answers,11.3446,10.9340,11.8075
floor_0.05+run5,both,G3-drop,r5_never,0.8335,0.8192,0.8467
floor_0.05+run5,both,G3-drop,r6_lag,0.3448,0.3282,0.3608
floor_0.05+run5,both,G3-drop,r6_jump_answers,46.7460,44.8430,48.7950
floor_0.05+run5,both,G3-drop,r6_jump_unsettled,0.1950,0.1720,0.2200
floor_0.05+run5,both,G3-drop,r7_error_5,0.8314,0.7945,0.8711
floor_0.05+run5,both,G3-drop,r7_error_10,0.7534,0.7189,0.7877
floor_0.05+run5,both,G3-drop,r7_longest_wrong,1.7800,1.7220,1.8340
floor_0.05+run5,both,G3-drop,r7_hard_first,0.1338,0.1231,0.1454
floor_0.05+run5,both,G3-drop,r4b_chance_below_0.5,0.1733,0.1594,0.1882
floor_0.05+run5,both,G3-drop,r4b_chance_0.5_to_0.6,0.1758,0.1697,0.1813
floor_0.05+run5,both,G3-drop,r4b_chance_0.6_to_0.7,0.2262,0.2205,0.2320
floor_0.05+run5,both,G3-drop,r4b_chance_0.7_to_0.8,0.2326,0.2252,0.2398
floor_0.05+run5,both,G3-drop,r4b_chance_0.8_up,0.1921,0.1816,0.2038
floor_0.05+run5,both,G3-drop,r3_reachable,0.9005,0.8908,0.9107
floor_0.05+run5,both,G3-drop,r8_rank_6_20,3.5400,3.1333,3.9933
floor_0.05+run5,both,G3-drop,r8_topic_rank_6_20,17.1133,16.2333,18.0200
floor_0.05+run5,both,G3-drop,r8_rank_150_200,2.1118,1.8510,2.3980
floor_0.05+run5,both,G3-drop,r8_topic_rank_150_200,10.7137,10.3216,11.0745
floor_0.05+run5,both,G3-drop,r2_ece,0.0494,0.0464,0.0526
floor_0.05+run5,both,G3-drop,r4b_3,0.0000,0.0000,0.0000
floor_0.05+run5,both,G3-drop,r4b_5,0.0678,0.0592,0.0764
floor_0.05+run5,both,G3-drop,r4b_10,0.2318,0.2156,0.2482
floor_0.05+run5,both,G3-drop,r4b_20,0.5067,0.4680,0.5491
floor_0.05+run5,both,G3-drop,r4b_50,0.8372,0.6884,1.0000
floor_0.05+run5,both,G3-drop,r8_move_p95_6_20,73.0000,73.0000,74.0000
floor_0.05+run5,both,G3-drop,r8_move_p95_150_200,43.0000,42.0000,43.0000
floor_0.05+run5,both,G0-start0.5,r1_rms_5,0.9748,0.9383,1.0099
floor_0.05+run5,both,G0-start0.5,r1_mean_5,0.0151,-0.0483,0.0790
floor_0.05+run5,both,G0-start0.5,r1_rms_10,0.9094,0.8785,0.9396
floor_0.05+run5,both,G0-start0.5,r1_mean_10,-0.0154,-0.0683,0.0416
floor_0.05+run5,both,G0-start0.5,r1_rms_20,0.8228,0.7964,0.8476
floor_0.05+run5,both,G0-start0.5,r1_mean_20,-0.0343,-0.0831,0.0140
floor_0.05+run5,both,G0-start0.5,r1_rms_50,0.6660,0.6498,0.6827
floor_0.05+run5,both,G0-start0.5,r1_mean_50,-0.0621,-0.0960,-0.0272
floor_0.05+run5,both,G0-start0.5,r1_rms_100,0.5554,0.5446,0.5670
floor_0.05+run5,both,G0-start0.5,r1_mean_100,-0.0740,-0.0960,-0.0512
floor_0.05+run5,both,G0-start0.5,r1_rms_200,0.4790,0.4716,0.4870
floor_0.05+run5,both,G0-start0.5,r1_mean_200,-0.0767,-0.0917,-0.0621
floor_0.05+run5,both,G0-start0.5,r2_brier,0.1733,0.1717,0.1749
floor_0.05+run5,both,G0-start0.5,r2_bias,0.0050,0.0021,0.0080
floor_0.05+run5,both,G0-start0.5,r3_inside,0.4344,0.4297,0.4393
floor_0.05+run5,both,G0-start0.5,r3_below_0.5,0.0345,0.0316,0.0374
floor_0.05+run5,both,G0-start0.5,r3_above_0.95,0.0273,0.0245,0.0303
floor_0.05+run5,both,G0-start0.5,r4_false,0.7073,0.6852,0.7295
floor_0.05+run5,both,G0-start0.5,r4_false_0.70,0.5801,0.5562,0.6038
floor_0.05+run5,both,G0-start0.5,r4_below,0.0000,0.0000,0.0000
floor_0.05+run5,both,G0-start0.5,r4_false_at_task,0.7073,0.6839,0.7304
floor_0.05+run5,both,G0-start0.5,r4_declared,2.6960,2.5710,2.8180
floor_0.05+run5,both,G0-start0.5,r5_late_answers,11.2713,10.9071,11.6374
floor_0.05+run5,both,G0-start0.5,r5_never,0.7859,0.7700,0.8011
floor_0.05+run5,both,G0-start0.5,r6_lag,-0.1065,-0.1224,-0.0900
floor_0.05+run5,both,G0-start0.5,r7_error_5,0.8265,0.7862,0.8669
floor_0.05+run5,both,G0-start0.5,r7_error_10,0.7524,0.7160,0.7895
floor_0.05+run5,both,G0-start0.5,r7_longest_wrong,1.7650,1.7110,1.8210
floor_0.05+run5,both,G0-start0.5,r7_hard_first,0.1288,0.1183,0.1398
floor_0.05+run5,both,G0-start0.5,r4b_chance_below_0.5,0.0838,0.0769,0.0908
floor_0.05+run5,both,G0-start0.5,r4b_chance_0.5_to_0.6,0.1219,0.1165,0.1275
floor_0.05+run5,both,G0-start0.5,r4b_chance_0.6_to_0.7,0.2068,0.2013,0.2124
floor_0.05+run5,both,G0-start0.5,r4b_chance_0.7_to_0.8,0.2761,0.2698,0.2818
floor_0.05+run5,both,G0-start0.5,r4b_chance_0.8_up,0.3114,0.2981,0.3248
floor_0.05+run5,both,G0-start0.5,r3_reachable,0.9653,0.9616,0.9688
floor_0.05+run5,both,G0-start0.5,r8_rank_6_20,3.5867,3.1533,4.0533
floor_0.05+run5,both,G0-start0.5,r8_topic_rank_6_20,17.5867,16.6467,18.5667
floor_0.05+run5,both,G0-start0.5,r8_rank_150_200,1.6922,1.4235,1.9569
floor_0.05+run5,both,G0-start0.5,r8_topic_rank_150_200,9.0451,8.7176,9.3706
floor_0.05+run5,both,G0-start0.5,r2_ece,0.0059,0.0032,0.0089
floor_0.05+run5,both,G0-start0.5,r4b_3,0.0000,0.0000,0.0000
floor_0.05+run5,both,G0-start0.5,r4b_5,0.0839,0.0749,0.0928
floor_0.05+run5,both,G0-start0.5,r4b_10,0.3091,0.2902,0.3271
floor_0.05+run5,both,G0-start0.5,r4b_20,0.6895,0.6524,0.7234
floor_0.05+run5,both,G0-start0.5,r4b_50,0.9880,0.9609,1.0000
floor_0.05+run5,both,G0-start0.5,r8_move_p95_6_20,73.0000,73.0000,74.0000
floor_0.05+run5,both,G0-start0.5,r8_move_p95_150_200,42.0000,41.0000,42.0000
floor_0.05+run5,both,G0-start2,r1_rms_5,1.1045,1.0620,1.1507
floor_0.05+run5,both,G0-start2,r1_mean_5,-0.0290,-0.1050,0.0463
floor_0.05+run5,both,G0-start2,r1_rms_10,1.0194,0.9830,1.0553
floor_0.05+run5,both,G0-start2,r1_mean_10,-0.0661,-0.1317,0.0065
floor_0.05+run5,both,G0-start2,r1_rms_20,0.9013,0.8709,0.9331
floor_0.05+run5,both,G0-start2,r1_mean_20,-0.0906,-0.1484,-0.0340
floor_0.05+run5,both,G0-start2,r1_rms_50,0.7249,0.7042,0.7476
floor_0.05+run5,both,G0-start2,r1_mean_50,-0.1169,-0.1559,-0.0798
floor_0.05+run5,both,G0-start2,r1_rms_100,0.5948,0.5801,0.6112
floor_0.05+run5,both,G0-start2,r1_mean_100,-0.1098,-0.1367,-0.0822
floor_0.05+run5,both,G0-start2,r1_rms_200,0.4991,0.4886,0.5107
floor_0.05+run5,both,G0-start2,r1_mean_200,-0.0910,-0.1096,-0.0722
floor_0.05+run5,both,G0-start2,r2_brier,0.1751,0.1729,0.1775
floor_0.05+run5,both,G0-start2,r2_bias,0.0021,-0.0012,0.0055
floor_0.05+run5,both,G0-start2,r3_inside,0.3987,0.3907,0.4063
floor_0.05+run5,both,G0-start2,r3_below_0.5,0.0697,0.0599,0.0800
floor_0.05+run5,both,G0-start2,r3_above_0.95,0.0416,0.0366,0.0474
floor_0.05+run5,both,G0-start2,r4_false,0.6271,0.6025,0.6517
floor_0.05+run5,both,G0-start2,r4_false_0.70,0.5301,0.5028,0.5587
floor_0.05+run5,both,G0-start2,r4_below,0.0000,0.0000,0.0000
floor_0.05+run5,both,G0-start2,r4_false_at_task,0.6271,0.6006,0.6541
floor_0.05+run5,both,G0-start2,r4_declared,2.8370,2.7070,2.9790
floor_0.05+run5,both,G0-start2,r5_late_answers,11.5113,11.1454,11.9297
floor_0.05+run5,both,G0-start2,r5_never,0.7668,0.7484,0.7835
floor_0.05+run5,both,G0-start2,r6_lag,-0.1255,-0.1458,-0.1057
floor_0.05+run5,both,G0-start2,r7_error_5,0.9631,0.9171,1.0107
floor_0.05+run5,both,G0-start2,r7_error_10,0.8714,0.8308,0.9148
floor_0.05+run5,both,G0-start2,r7_longest_wrong,1.9270,1.8470,2.0040
floor_0.05+run5,both,G0-start2,r7_hard_first,0.1791,0.1642,0.1948
floor_0.05+run5,both,G0-start2,r4b_chance_below_0.5,0.2175,0.1851,0.2503
floor_0.05+run5,both,G0-start2,r4b_chance_0.5_to_0.6,0.1372,0.1291,0.1451
floor_0.05+run5,both,G0-start2,r4b_chance_0.6_to_0.7,0.1948,0.1856,0.2048
floor_0.05+run5,both,G0-start2,r4b_chance_0.7_to_0.8,0.2301,0.2174,0.2427
floor_0.05+run5,both,G0-start2,r4b_chance_0.8_up,0.2204,0.2053,0.2364
floor_0.05+run5,both,G0-start2,r3_reachable,0.8801,0.8643,0.8959
floor_0.05+run5,both,G0-start2,r8_rank_6_20,3.7333,3.3067,4.1867
floor_0.05+run5,both,G0-start2,r8_topic_rank_6_20,17.6067,16.6467,18.6400
floor_0.05+run5,both,G0-start2,r8_rank_150_200,1.5314,1.3020,1.7765
floor_0.05+run5,both,G0-start2,r8_topic_rank_150_200,8.5471,8.1608,8.9275
floor_0.05+run5,both,G0-start2,r2_ece,0.0026,0.0011,0.0064
floor_0.05+run5,both,G0-start2,r4b_3,0.0000,0.0000,0.0000
floor_0.05+run5,both,G0-start2,r4b_5,0.0697,0.0604,0.0792
floor_0.05+run5,both,G0-start2,r4b_10,0.2587,0.2402,0.2777
floor_0.05+run5,both,G0-start2,r4b_20,0.4897,0.4547,0.5252
floor_0.05+run5,both,G0-start2,r4b_50,0.6878,0.6063,0.7863
floor_0.05+run5,both,G0-start2,r8_move_p95_6_20,73.0000,73.0000,73.0000
floor_0.05+run5,both,G0-start2,r8_move_p95_150_200,41.0000,41.0000,42.0000
floor_0.05+run5,both,G0-topics0.3,r1_rms_5,0.9129,0.8767,0.9519
floor_0.05+run5,both,G0-topics0.3,r1_mean_5,-0.0171,-0.0852,0.0481
floor_0.05+run5,both,G0-topics0.3,r1_rms_10,0.8349,0.8020,0.8686
floor_0.05+run5,both,G0-topics0.3,r1_mean_10,-0.0366,-0.0955,0.0224
floor_0.05+run5,both,G0-topics0.3,r1_rms_20,0.7302,0.7033,0.7567
floor_0.05+run5,both,G0-topics0.3,r1_mean_20,-0.0576,-0.1051,-0.0126
floor_0.05+run5,both,G0-topics0.3,r1_rms_50,0.5897,0.5731,0.6072
floor_0.05+run5,both,G0-topics0.3,r1_mean_50,-0.0796,-0.1144,-0.0462
floor_0.05+run5,both,G0-topics0.3,r1_rms_100,0.4963,0.4851,0.5075
floor_0.05+run5,both,G0-topics0.3,r1_mean_100,-0.0882,-0.1118,-0.0660
floor_0.05+run5,both,G0-topics0.3,r1_rms_200,0.4338,0.4270,0.4408
floor_0.05+run5,both,G0-topics0.3,r1_mean_200,-0.0726,-0.0886,-0.0584
floor_0.05+run5,both,G0-topics0.3,r2_brier,0.1737,0.1719,0.1754
floor_0.05+run5,both,G0-topics0.3,r2_bias,0.0026,-0.0003,0.0057
floor_0.05+run5,both,G0-topics0.3,r3_inside,0.4489,0.4432,0.4546
floor_0.05+run5,both,G0-topics0.3,r3_below_0.5,0.0302,0.0272,0.0337
floor_0.05+run5,both,G0-topics0.3,r3_above_0.95,0.0238,0.0211,0.0268
floor_0.05+run5,both,G0-topics0.3,r4_false,0.7000,0.6766,0.7228
floor_0.05+run5,both,G0-topics0.3,r4_false_0.70,0.5925,0.5662,0.6190
floor_0.05+run5,both,G0-topics0.3,r4_below,0.0000,0.0000,0.0000
floor_0.05+run5,both,G0-topics0.3,r4_false_at_task,0.7000,0.6758,0.7224
floor_0.05+run5,both,G0-topics0.3,r4_declared,2.6530,2.5290,2.7810
floor_0.05+run5,both,G0-topics0.3,r5_late_answers,12.1683,11.7124,12.5815
floor_0.05+run5,both,G0-topics0.3,r5_never,0.7919,0.7751,0.8083
floor_0.05+run5,both,G0-topics0.3,r6_lag,-0.1102,-0.1265,-0.0931
floor_0.05+run5,both,G0-topics0.3,r7_error_5,0.8448,0.8048,0.8846
floor_0.05+run5,both,G0-topics0.3,r7_error_10,0.7678,0.7319,0.8067
floor_0.05+run5,both,G0-topics0.3,r7_longest_wrong,1.7420,1.6880,1.8000
floor_0.05+run5,both,G0-topics0.3,r7_hard_first,0.1248,0.1131,0.1362
floor_0.05+run5,both,G0-topics0.3,r4b_chance_below_0.5,0.0779,0.0682,0.0887
floor_0.05+run5,both,G0-topics0.3,r4b_chance_0.5_to_0.6,0.1249,0.1176,0.1322
floor_0.05+run5,both,G0-topics0.3,r4b_chance_0.6_to_0.7,0.2140,0.2072,0.2209
floor_0.05+run5,both,G0-topics0.3,r4b_chance_0.7_to_0.8,0.2920,0.2838,0.3000
floor_0.05+run5,both,G0-topics0.3,r4b_chance_0.8_up,0.2911,0.2772,0.3057
floor_0.05+run5,both,G0-topics0.3,r3_reachable,0.9493,0.9414,0.9567
floor_0.05+run5,both,G0-topics0.3,r8_rank_6_20,3.5600,3.1133,4.0133
floor_0.05+run5,both,G0-topics0.3,r8_topic_rank_6_20,17.7200,16.8133,18.5733
floor_0.05+run5,both,G0-topics0.3,r8_rank_150_200,1.9980,1.7314,2.2588
floor_0.05+run5,both,G0-topics0.3,r8_topic_rank_150_200,9.0961,8.7529,9.4549
floor_0.05+run5,both,G0-topics0.3,r2_ece,0.0050,0.0021,0.0081
floor_0.05+run5,both,G0-topics0.3,r4b_3,0.0000,0.0000,0.0000
floor_0.05+run5,both,G0-topics0.3,r4b_5,0.0690,0.0608,0.0774
floor_0.05+run5,both,G0-topics0.3,r4b_10,0.2816,0.2641,0.2995
floor_0.05+run5,both,G0-topics0.3,r4b_20,0.6757,0.6392,0.7117
floor_0.05+run5,both,G0-topics0.3,r4b_50,0.9376,0.8530,1.0000
floor_0.05+run5,both,G0-topics0.3,r8_move_p95_6_20,73.0000,73.0000,73.0000
floor_0.05+run5,both,G0-topics0.3,r8_move_p95_150_200,42.0000,41.0000,42.0000
floor_0.05+run5,both,G0-topics1,r1_rms_5,1.2968,1.2624,1.3301
floor_0.05+run5,both,G0-topics1,r1_mean_5,-0.0343,-0.1024,0.0309
floor_0.05+run5,both,G0-topics1,r1_rms_10,1.2553,1.2269,1.2846
floor_0.05+run5,both,G0-topics1,r1_mean_10,-0.0779,-0.1414,-0.0194
floor_0.05+run5,both,G0-topics1,r1_rms_20,1.1619,1.1384,1.1860
floor_0.05+run5,both,G0-topics1,r1_mean_20,-0.1295,-0.1796,-0.0754
floor_0.05+run5,both,G0-topics1,r1_rms_50,0.9804,0.9629,0.9986
floor_0.05+run5,both,G0-topics1,r1_mean_50,-0.1818,-0.2162,-0.1454
floor_0.05+run5,both,G0-topics1,r1_rms_100,0.8358,0.8216,0.8502
floor_0.05+run5,both,G0-topics1,r1_mean_100,-0.1904,-0.2156,-0.1644
floor_0.05+run5,both,G0-topics1,r1_rms_200,0.7024,0.6907,0.7150
floor_0.05+run5,both,G0-topics1,r1_mean_200,-0.1830,-0.2008,-0.1647
floor_0.05+run5,both,G0-topics1,r2_brier,0.1756,0.1740,0.1772
floor_0.05+run5,both,G0-topics1,r2_bias,0.0070,0.0041,0.0100
floor_0.05+run5,both,G0-topics1,r3_inside,0.3664,0.3619,0.3707
floor_0.05+run5,both,G0-topics1,r3_below_0.5,0.0618,0.0577,0.0662
floor_0.05+run5,both,G0-topics1,r3_above_0.95,0.0641,0.0600,0.0688
floor_0.05+run5,both,G0-topics1,r4_false,0.5716,0.5493,0.5936
floor_0.05+run5,both,G0-topics1,r4_false_0.70,0.4718,0.4496,0.4946
floor_0.05+run5,both,G0-topics1,r4_below,0.0000,0.0000,0.0000
floor_0.05+run5,both,G0-topics1,r4_false_at_task,0.5716,0.5492,0.5933
floor_0.05+run5,both,G0-topics1,r4_declared,3.2470,3.1170,3.3820
floor_0.05+run5,both,G0-topics1,r5_late_answers,11.0749,10.7400,11.4334
floor_0.05+run5,both,G0-topics1,r5_never,0.7091,0.6910,0.7261
floor_0.05+run5,both,G0-topics1,r6_lag,-0.1539,-0.1703,-0.1373
floor_0.05+run5,both,G0-topics1,r7_error_5,0.8633,0.8228,0.9059
floor_0.05+run5,both,G0-topics1,r7_error_10,0.7950,0.7579,0.8348
floor_0.05+run5,both,G0-topics1,r7_longest_wrong,1.9330,1.8700,2.0000
floor_0.05+run5,both,G0-topics1,r7_hard_first,0.1920,0.1803,0.2037
floor_0.05+run5,both,G0-topics1,r4b_chance_below_0.5,0.1524,0.1411,0.1648
floor_0.05+run5,both,G0-topics1,r4b_chance_0.5_to_0.6,0.1428,0.1379,0.1480
floor_0.05+run5,both,G0-topics1,r4b_chance_0.6_to_0.7,0.2064,0.2010,0.2118
floor_0.05+run5,both,G0-topics1,r4b_chance_0.7_to_0.8,0.2437,0.2374,0.2496
floor_0.05+run5,both,G0-topics1,r4b_chance_0.8_up,0.2547,0.2445,0.2657
floor_0.05+run5,both,G0-topics1,r3_reachable,0.9317,0.9248,0.9382
floor_0.05+run5,both,G0-topics1,r8_rank_6_20,4.1667,3.6933,4.6133
floor_0.05+run5,both,G0-topics1,r8_topic_rank_6_20,18.6133,17.6867,19.5133
floor_0.05+run5,both,G0-topics1,r8_rank_150_200,1.6373,1.3882,1.9098
floor_0.05+run5,both,G0-topics1,r8_topic_rank_150_200,8.9667,8.5902,9.3353
floor_0.05+run5,both,G0-topics1,r2_ece,0.0083,0.0053,0.0111
floor_0.05+run5,both,G0-topics1,r4b_3,0.0000,0.0000,0.0000
floor_0.05+run5,both,G0-topics1,r4b_5,0.0765,0.0667,0.0860
floor_0.05+run5,both,G0-topics1,r4b_10,0.2557,0.2378,0.2728
floor_0.05+run5,both,G0-topics1,r4b_20,0.6048,0.5725,0.6352
floor_0.05+run5,both,G0-topics1,r4b_50,0.9356,0.8848,0.9816
floor_0.05+run5,both,G0-topics1,r8_move_p95_6_20,73.0000,73.0000,74.0000
floor_0.05+run5,both,G0-topics1,r8_move_p95_150_200,41.0000,41.0000,41.0000
floor_0.05+cautious_z1,both,G0,r1_rms_5,1.0085,0.9728,1.0454
floor_0.05+cautious_z1,both,G0,r1_mean_5,-0.0419,-0.1089,0.0248
floor_0.05+cautious_z1,both,G0,r1_rms_10,0.9479,0.9165,0.9793
floor_0.05+cautious_z1,both,G0,r1_mean_10,-0.0587,-0.1185,0.0010
floor_0.05+cautious_z1,both,G0,r1_rms_20,0.8538,0.8278,0.8802
floor_0.05+cautious_z1,both,G0,r1_mean_20,-0.0776,-0.1282,-0.0264
floor_0.05+cautious_z1,both,G0,r1_rms_50,0.6818,0.6652,0.6984
floor_0.05+cautious_z1,both,G0,r1_mean_50,-0.0994,-0.1326,-0.0640
floor_0.05+cautious_z1,both,G0,r1_rms_100,0.5685,0.5568,0.5807
floor_0.05+cautious_z1,both,G0,r1_mean_100,-0.1071,-0.1295,-0.0827
floor_0.05+cautious_z1,both,G0,r1_rms_200,0.4937,0.4855,0.5025
floor_0.05+cautious_z1,both,G0,r1_mean_200,-0.1118,-0.1278,-0.0953
floor_0.05+cautious_z1,both,G0,r2_brier,0.1738,0.1720,0.1754
floor_0.05+cautious_z1,both,G0,r2_bias,0.0045,0.0017,0.0076
floor_0.05+cautious_z1,both,G0,r3_inside,0.4299,0.4247,0.4349
floor_0.05+cautious_z1,both,G0,r3_below_0.5,0.0349,0.0320,0.0379
floor_0.05+cautious_z1,both,G0,r3_above_0.95,0.0303,0.0273,0.0333
floor_0.05+cautious_z1,both,G0,r4_false,0.0396,0.0339,0.0462
floor_0.05+cautious_z1,both,G0,r4_false_0.70,0.0090,0.0066,0.0118
floor_0.05+cautious_z1,both,G0,r4_below,0.5575,0.5392,0.5781
floor_0.05+cautious_z1,both,G0,r4_false_at_task,0.0393,0.0302,0.0503
floor_0.05+cautious_z1,both,G0,r4_declared,8.2310,7.8420,8.6550
floor_0.05+cautious_z1,both,G0,r5_late_answers,4.6993,4.5238,4.8800
floor_0.05+cautious_z1,both,G0,r5_never,0.1831,0.1683,0.1981
floor_0.05+cautious_z1,both,G0,r6_lag,-0.1099,-0.1262,-0.0947
floor_0.05+cautious_z1,both,G0,r7_error_5,0.8565,0.8155,0.8982
floor_0.05+cautious_z1,both,G0,r7_error_10,0.7874,0.7486,0.8247
floor_0.05+cautious_z1,both,G0,r7_longest_wrong,1.7390,1.6850,1.7920
floor_0.05+cautious_z1,both,G0,r7_hard_first,0.1385,0.1266,0.1498
floor_0.05+cautious_z1,both,G0,r4b_chance_below_0.5,0.0766,0.0703,0.0833
floor_0.05+cautious_z1,both,G0,r4b_chance_0.5_to_0.6,0.1205,0.1146,0.1262
floor_0.05+cautious_z1,both,G0,r4b_chance_0.6_to_0.7,0.2140,0.2086,0.2194
floor_0.05+cautious_z1,both,G0,r4b_chance_0.7_to_0.8,0.2906,0.2846,0.2968
floor_0.05+cautious_z1,both,G0,r4b_chance_0.8_up,0.2983,0.2854,0.3105
floor_0.05+cautious_z1,both,G0,r3_reachable,0.9450,0.9387,0.9517
floor_0.05+cautious_z1,both,G0,r8_rank_6_20,3.1533,2.7067,3.6000
floor_0.05+cautious_z1,both,G0,r8_topic_rank_6_20,17.2267,16.3133,18.2067
floor_0.05+cautious_z1,both,G0,r8_rank_150_200,1.5569,1.3216,1.8098
floor_0.05+cautious_z1,both,G0,r8_topic_rank_150_200,9.0078,8.6314,9.3863
floor_0.05+cautious_z1,both,G0,r2_ece,0.0069,0.0041,0.0098
floor_0.05+cautious_z1,both,G0,r4b_3,0.1543,0.1416,0.1675
floor_0.05+cautious_z1,both,G0,r4b_5,0.1844,0.1695,0.1998
floor_0.05+cautious_z1,both,G0,r4b_10,0.1956,0.1797,0.2118
floor_0.05+cautious_z1,both,G0,r4b_20,0.2021,0.1855,0.2187
floor_0.05+cautious_z1,both,G0,r4b_50,0.2067,0.1876,0.2265
floor_0.05+cautious_z1,both,G0,r8_move_p95_6_20,73.0000,73.0000,74.0000
floor_0.05+cautious_z1,both,G0,r8_move_p95_150_200,40.0000,40.0000,41.0000
floor_0.05+cautious_z1,both,G1,r1_rms_5,1.0646,1.0241,1.1080
floor_0.05+cautious_z1,both,G1,r1_mean_5,-0.0243,-0.0967,0.0488
floor_0.05+cautious_z1,both,G1,r1_rms_10,0.9968,0.9611,1.0351
floor_0.05+cautious_z1,both,G1,r1_mean_10,-0.0576,-0.1271,0.0069
floor_0.05+cautious_z1,both,G1,r1_rms_20,0.8921,0.8621,0.9250
floor_0.05+cautious_z1,both,G1,r1_mean_20,-0.0888,-0.1429,-0.0319
floor_0.05+cautious_z1,both,G1,r1_rms_50,0.7217,0.7004,0.7427
floor_0.05+cautious_z1,both,G1,r1_mean_50,-0.1095,-0.1491,-0.0690
floor_0.05+cautious_z1,both,G1,r1_rms_100,0.6020,0.5869,0.6169
floor_0.05+cautious_z1,both,G1,r1_mean_100,-0.1148,-0.1415,-0.0884
floor_0.05+cautious_z1,both,G1,r1_rms_200,0.5070,0.4979,0.5157
floor_0.05+cautious_z1,both,G1,r1_mean_200,-0.0808,-0.0975,-0.0630
floor_0.05+cautious_z1,both,G1,r2_brier,0.1821,0.1793,0.1848
floor_0.05+cautious_z1,both,G1,r2_bias,0.0011,-0.0023,0.0043
floor_0.05+cautious_z1,both,G1,r3_inside,0.3487,0.3388,0.3584
floor_0.05+cautious_z1,both,G1,r3_below_0.5,0.1173,0.1050,0.1294
floor_0.05+cautious_z1,both,G1,r3_above_0.95,0.0433,0.0384,0.0486
floor_0.05+cautious_z1,both,G1,r4_false,0.0049,0.0030,0.0073
floor_0.05+cautious_z1,both,G1,r4_false_0.70,0.0021,0.0011,0.0035
floor_0.05+cautious_z1,both,G1,r4_below,0.3196,0.2999,0.3431
floor_0.05+cautious_z1,both,G1,r4_false_at_task,0.0017,0.0006,0.0031
floor_0.05+cautious_z1,both,G1,r4_declared,9.4700,8.9790,9.9580
floor_0.05+cautious_z1,both,G1,r5_late_answers,4.4008,4.2766,4.5211
floor_0.05+cautious_z1,both,G1,r5_never,0.0336,0.0287,0.0387
floor_0.05+cautious_z1,both,G1,r6_lag,-0.1180,-0.1375,-0.0992
floor_0.05+cautious_z1,both,G1,r7_error_5,0.8906,0.8395,0.9388
floor_0.05+cautious_z1,both,G1,r7_error_10,0.8199,0.7749,0.8639
floor_0.05+cautious_z1,both,G1,r7_longest_wrong,2.0170,1.9440,2.0980
floor_0.05+cautious_z1,both,G1,r7_hard_first,0.2248,0.2076,0.2417
floor_0.05+cautious_z1,both,G1,r4b_chance_below_0.5,0.2984,0.2777,0.3196
floor_0.05+cautious_z1,both,G1,r4b_chance_0.5_to_0.6,0.1825,0.1742,0.1902
floor_0.05+cautious_z1,both,G1,r4b_chance_0.6_to_0.7,0.1785,0.1728,0.1842
floor_0.05+cautious_z1,both,G1,r4b_chance_0.7_to_0.8,0.1721,0.1618,0.1834
floor_0.05+cautious_z1,both,G1,r4b_chance_0.8_up,0.1685,0.1529,0.1845
floor_0.05+cautious_z1,both,G1,r3_reachable,0.7906,0.7679,0.8128
floor_0.05+cautious_z1,both,G1,r8_rank_6_20,4.2400,3.7667,4.7533
floor_0.05+cautious_z1,both,G1,r8_topic_rank_6_20,17.6333,16.6400,18.6667
floor_0.05+cautious_z1,both,G1,r8_rank_150_200,1.4039,1.1647,1.6471
floor_0.05+cautious_z1,both,G1,r8_topic_rank_150_200,7.0706,6.6765,7.5020
floor_0.05+cautious_z1,both,G1,r2_ece,0.0074,0.0060,0.0106
floor_0.05+cautious_z1,both,G1,r4b_3,0.0914,0.0803,0.1033
floor_0.05+cautious_z1,both,G1,r4b_5,0.1024,0.0902,0.1155
floor_0.05+cautious_z1,both,G1,r4b_10,0.1052,0.0924,0.1186
floor_0.05+cautious_z1,both,G1,r4b_20,0.1071,0.0938,0.1206
floor_0.05+cautious_z1,both,G1,r4b_50,0.1101,0.0965,0.1254
floor_0.05+cautious_z1,both,G1,r8_move_p95_6_20,72.0000,72.0000,73.0000
floor_0.05+cautious_z1,both,G1,r8_move_p95_150_200,41.0000,40.0000,42.0000
floor_0.05+cautious_z1,both,G2,r1_rms_5,0.9921,0.9553,1.0287
floor_0.05+cautious_z1,both,G2,r1_mean_5,-0.0422,-0.1079,0.0222
floor_0.05+cautious_z1,both,G2,r1_rms_10,0.9286,0.8973,0.9600
floor_0.05+cautious_z1,both,G2,r1_mean_10,-0.1133,-0.1697,-0.0569
floor_0.05+cautious_z1,both,G2,r1_rms_20,0.8535,0.8280,0.8828
floor_0.05+cautious_z1,both,G2,r1_mean_20,-0.2277,-0.2756,-0.1780
floor_0.05+cautious_z1,both,G2,r1_rms_50,0.8059,0.7838,0.8291
floor_0.05+cautious_z1,both,G2,r1_mean_50,-0.4832,-0.5187,-0.4498
floor_0.05+cautious_z1,both,G2,r1_rms_100,0.9348,0.9127,0.9565
floor_0.05+cautious_z1,both,G2,r1_mean_100,-0.7817,-0.8089,-0.7558
floor_0.05+cautious_z1,both,G2,r1_rms_200,1.1937,1.1770,1.2110
floor_0.05+cautious_z1,both,G2,r1_mean_200,-1.1077,-1.1254,-1.0901
floor_0.05+cautious_z1,both,G2,r2_brier,0.1327,0.1312,0.1341
floor_0.05+cautious_z1,both,G2,r2_bias,-0.0707,-0.0734,-0.0679
floor_0.05+cautious_z1,both,G2,r3_inside,0.2813,0.2751,0.2878
floor_0.05+cautious_z1,both,G2,r3_below_0.5,0.0179,0.0160,0.0199
floor_0.05+cautious_z1,both,G2,r3_above_0.95,0.1331,0.1260,0.1408
floor_0.05+cautious_z1,both,G2,r4_false,0.0062,0.0042,0.0085
floor_0.05+cautious_z1,both,G2,r4_false_0.70,0.0014,0.0005,0.0024
floor_0.05+cautious_z1,both,G2,r4_below,0.5720,0.5505,0.5934
floor_0.05+cautious_z1,both,G2,r4_false_at_task,0.0063,0.0034,0.0100
floor_0.05+cautious_z1,both,G2,r4_declared,11.0470,10.6000,11.4570
floor_0.05+cautious_z1,both,G2,r5_late_answers,6.5126,6.3377,6.6756
floor_0.05+cautious_z1,both,G2,r5_never,0.3837,0.3693,0.3981
floor_0.05+cautious_z1,both,G2,r6_lag,-0.9834,-1.0039,-0.9631
floor_0.05+cautious_z1,both,G2,r7_error_5,0.8372,0.7968,0.8794
floor_0.05+cautious_z1,both,G2,r7_error_10,0.7633,0.7271,0.8010
floor_0.05+cautious_z1,both,G2,r7_longest_wrong,1.7680,1.7090,1.8270
floor_0.05+cautious_z1,both,G2,r7_hard_first,0.1360,0.1250,0.1480
floor_0.05+cautious_z1,both,G2,r4b_chance_below_0.5,0.0656,0.0588,0.0724
floor_0.05+cautious_z1,both,G2,r4b_chance_0.5_to_0.6,0.0737,0.0687,0.0787
floor_0.05+cautious_z1,both,G2,r4b_chance_0.6_to_0.7,0.1366,0.1313,0.1423
floor_0.05+cautious_z1,both,G2,r4b_chance_0.7_to_0.8,0.2349,0.2293,0.2410
floor_0.05+cautious_z1,both,G2,r4b_chance_0.8_up,0.4892,0.4744,0.5043
floor_0.05+cautious_z1,both,G2,r3_reachable,0.9626,0.9593,0.9658
floor_0.05+cautious_z1,both,G2,r8_rank_6_20,3.5333,3.0733,4.0333
floor_0.05+cautious_z1,both,G2,r8_topic_rank_6_20,17.3000,16.3400,18.2800
floor_0.05+cautious_z1,both,G2,r8_rank_150_200,1.4922,1.3098,1.6882
floor_0.05+cautious_z1,both,G2,r8_topic_rank_150_200,9.0490,8.6137,9.5137
floor_0.05+cautious_z1,both,G2,r2_ece,0.0707,0.0679,0.0734
floor_0.05+cautious_z1,both,G2,r4b_3,0.1377,0.1255,0.1497
floor_0.05+cautious_z1,both,G2,r4b_5,0.1803,0.1655,0.1964
floor_0.05+cautious_z1,both,G2,r4b_10,0.2375,0.2155,0.2591
floor_0.05+cautious_z1,both,G2,r4b_20,0.2785,0.2487,0.3099
floor_0.05+cautious_z1,both,G2,r4b_50,0.2888,0.2549,0.3308
floor_0.05+cautious_z1,both,G2,r8_move_p95_6_20,73.0000,73.0000,74.0000
floor_0.05+cautious_z1,both,G2,r8_move_p95_150_200,39.0000,39.0000,40.0000
floor_0.05+cautious_z1,both,G3,r1_rms_5,0.9928,0.9571,1.0282
floor_0.05+cautious_z1,both,G3,r1_mean_5,0.0670,0.0015,0.1328
floor_0.05+cautious_z1,both,G3,r1_rms_10,0.9233,0.8924,0.9559
floor_0.05+cautious_z1,both,G3,r1_mean_10,0.0287,-0.0304,0.0842
floor_0.05+cautious_z1,both,G3,r1_rms_20,0.8237,0.7984,0.8491
floor_0.05+cautious_z1,both,G3,r1_mean_20,-0.0008,-0.0527,0.0480
floor_0.05+cautious_z1,both,G3,r1_rms_50,0.6752,0.6579,0.6927
floor_0.05+cautious_z1,both,G3,r1_mean_50,-0.0567,-0.0928,-0.0207
floor_0.05+cautious_z1,both,G3,r1_rms_100,0.7955,0.7741,0.8179
floor_0.05+cautious_z1,both,G3,r1_mean_100,-0.4926,-0.5265,-0.4582
floor_0.05+cautious_z1,both,G3,r1_rms_200,0.7239,0.7102,0.7385
floor_0.05+cautious_z1,both,G3,r1_mean_200,-0.5510,-0.5687,-0.5326
floor_0.05+cautious_z1,both,G3,r2_brier,0.1548,0.1532,0.1565
floor_0.05+cautious_z1,both,G3,r2_bias,-0.0302,-0.0330,-0.0275
floor_0.05+cautious_z1,both,G3,r3_inside,0.3563,0.3515,0.3611
floor_0.05+cautious_z1,both,G3,r3_below_0.5,0.0302,0.0276,0.0331
floor_0.05+cautious_z1,both,G3,r3_above_0.95,0.0684,0.0643,0.0728
floor_0.05+cautious_z1,both,G3,r4_false,0.0246,0.0203,0.0294
floor_0.05+cautious_z1,both,G3,r4_false_0.70,0.0046,0.0030,0.0063
floor_0.05+cautious_z1,both,G3,r4_below,0.5796,0.5590,0.6004
floor_0.05+cautious_z1,both,G3,r4_false_at_task,0.0245,0.0189,0.0310
floor_0.05+cautious_z1,both,G3,r4_declared,9.6010,9.1900,10.0120
floor_0.05+cautious_z1,both,G3,r5_late_answers,5.6376,5.4599,5.8234
floor_0.05+cautious_z1,both,G3,r5_never,0.3285,0.3138,0.3445
floor_0.05+cautious_z1,both,G3,r6_lag,-0.6171,-0.6358,-0.5988
floor_0.05+cautious_z1,both,G3,r6_jump_answers,72.3410,70.0900,74.7590
floor_0.05+cautious_z1,both,G3,r6_jump_unsettled,0.5690,0.5390,0.6000
floor_0.05+cautious_z1,both,G3,r7_error_5,0.8595,0.8202,0.8984
floor_0.05+cautious_z1,both,G3,r7_error_10,0.7802,0.7433,0.8175
floor_0.05+cautious_z1,both,G3,r7_longest_wrong,1.8000,1.7450,1.8560
floor_0.05+cautious_z1,both,G3,r7_hard_first,0.1441,0.1332,0.1553
floor_0.05+cautious_z1,both,G3,r4b_chance_below_0.5,0.0797,0.0730,0.0866
floor_0.05+cautious_z1,both,G3,r4b_chance_0.5_to_0.6,0.0987,0.0932,0.1038
floor_0.05+cautious_z1,both,G3,r4b_chance_0.6_to_0.7,0.1713,0.1657,0.1767
floor_0.05+cautious_z1,both,G3,r4b_chance_0.7_to_0.8,0.2565,0.2511,0.2622
floor_0.05+cautious_z1,both,G3,r4b_chance_0.8_up,0.3938,0.3797,0.4074
floor_0.05+cautious_z1,both,G3,r3_reachable,0.9526,0.9471,0.9579
floor_0.05+cautious_z1,both,G3,r8_rank_6_20,3.6867,3.2467,4.1933
floor_0.05+cautious_z1,both,G3,r8_topic_rank_6_20,18.1200,17.1667,19.1133
floor_0.05+cautious_z1,both,G3,r8_rank_150_200,1.4706,1.2745,1.6902
floor_0.05+cautious_z1,both,G3,r8_topic_rank_150_200,8.8078,8.4118,9.1863
floor_0.05+cautious_z1,both,G3,r2_ece,0.0302,0.0273,0.0331
floor_0.05+cautious_z1,both,G3,r4b_3,0.1580,0.1458,0.1705
floor_0.05+cautious_z1,both,G3,r4b_5,0.1929,0.1783,0.2074
floor_0.05+cautious_z1,both,G3,r4b_10,0.2214,0.2048,0.2386
floor_0.05+cautious_z1,both,G3,r4b_20,0.2494,0.2293,0.2706
floor_0.05+cautious_z1,both,G3,r4b_50,0.2529,0.2303,0.2762
floor_0.05+cautious_z1,both,G3,r8_move_p95_6_20,74.0000,73.0000,74.0000
floor_0.05+cautious_z1,both,G3,r8_move_p95_150_200,40.0000,40.0000,41.0000
floor_0.05+cautious_z1,both,G4,r1_rms_5,1.0315,0.9941,1.0694
floor_0.05+cautious_z1,both,G4,r1_mean_5,-0.2780,-0.3492,-0.2136
floor_0.05+cautious_z1,both,G4,r1_rms_10,0.9808,0.9498,1.0139
floor_0.05+cautious_z1,both,G4,r1_mean_10,-0.3297,-0.3877,-0.2647
floor_0.05+cautious_z1,both,G4,r1_rms_20,0.8934,0.8665,0.9218
floor_0.05+cautious_z1,both,G4,r1_mean_20,-0.3626,-0.4134,-0.3098
floor_0.05+cautious_z1,both,G4,r1_rms_50,0.7728,0.7514,0.7943
floor_0.05+cautious_z1,both,G4,r1_mean_50,-0.4212,-0.4552,-0.3874
floor_0.05+cautious_z1,both,G4,r1_rms_100,0.7042,0.6885,0.7209
floor_0.05+cautious_z1,both,G4,r1_mean_100,-0.4652,-0.4894,-0.4421
floor_0.05+cautious_z1,both,G4,r1_rms_200,0.6649,0.6528,0.6769
floor_0.05+cautious_z1,both,G4,r1_mean_200,-0.4857,-0.5021,-0.4702
floor_0.05+cautious_z1,both,G4,r2_brier,0.1794,0.1776,0.1812
floor_0.05+cautious_z1,both,G4,r2_bias,0.0116,0.0087,0.0145
floor_0.05+cautious_z1,both,G4,r3_inside,0.3877,0.3831,0.3919
floor_0.05+cautious_z1,both,G4,r3_below_0.5,0.0565,0.0519,0.0617
floor_0.05+cautious_z1,both,G4,r3_above_0.95,0.0371,0.0338,0.0405
floor_0.05+cautious_z1,both,G4,r4_false,0.0087,0.0058,0.0119
floor_0.05+cautious_z1,both,G4,r4_false_0.70,0.0024,0.0009,0.0043
floor_0.05+cautious_z1,both,G4,r4_below,0.5789,0.5617,0.5971
floor_0.05+cautious_z1,both,G4,r4_false_at_task,0.0069,0.0040,0.0103
floor_0.05+cautious_z1,both,G4,r4_declared,7.9010,7.5030,8.2780
floor_0.05+cautious_z1,both,G4,r5_late_answers,4.6384,4.4607,4.8117
floor_0.05+cautious_z1,both,G4,r5_never,0.2946,0.2787,0.3110
floor_0.05+cautious_z1,both,G4,r6_lag,-0.4801,-0.4967,-0.4643
floor_0.05+cautious_z1,both,G4,r7_error_5,0.8946,0.8531,0.9367
floor_0.05+cautious_z1,both,G4,r7_error_10,0.8349,0.7955,0.8732
floor_0.05+cautious_z1,both,G4,r7_longest_wrong,1.8940,1.8380,1.9520
floor_0.05+cautious_z1,both,G4,r7_hard_first,0.1846,0.1719,0.1968
floor_0.05+cautious_z1,both,G4,r4b_chance_below_0.5,0.1308,0.1184,0.1434
floor_0.05+cautious_z1,both,G4,r4b_chance_0.5_to_0.6,0.1398,0.1335,0.1462
floor_0.05+cautious_z1,both,G4,r4b_chance_0.6_to_0.7,0.2013,0.1959,0.2065
floor_0.05+cautious_z1,both,G4,r4b_chance_0.7_to_0.8,0.2432,0.2364,0.2498
floor_0.05+cautious_z1,both,G4,r4b_chance_0.8_up,0.2849,0.2718,0.2988
floor_0.05+cautious_z1,both,G4,r3_reachable,0.9445,0.9362,0.9523
floor_0.05+cautious_z1,both,G4,r8_rank_6_20,3.9533,3.4733,4.4333
floor_0.05+cautious_z1,both,G4,r8_topic_rank_6_20,18.2733,17.2867,19.2800
floor_0.05+cautious_z1,both,G4,r8_rank_150_200,1.5686,1.3471,1.8118
floor_0.05+cautious_z1,both,G4,r8_topic_rank_150_200,9.0804,8.6686,9.5118
floor_0.05+cautious_z1,both,G4,r2_ece,0.0140,0.0111,0.0171
floor_0.05+cautious_z1,both,G4,r4b_3,0.1220,0.1108,0.1336
floor_0.05+cautious_z1,both,G4,r4b_5,0.1486,0.1348,0.1617
floor_0.05+cautious_z1,both,G4,r4b_10,0.1562,0.1421,0.1701
floor_0.05+cautious_z1,both,G4,r4b_20,0.1581,0.1439,0.1728
floor_0.05+cautious_z1,both,G4,r4b_50,0.1581,0.1432,0.1731
floor_0.05+cautious_z1,both,G4,r8_move_p95_6_20,74.0000,73.0000,74.0000
floor_0.05+cautious_z1,both,G4,r8_move_p95_150_200,40.0000,40.0000,41.0000
floor_0.05+cautious_z1,both,G5,r1_rms_5,0.9188,0.8776,0.9619
floor_0.05+cautious_z1,both,G5,r1_mean_5,0.0248,-0.0463,0.0919
floor_0.05+cautious_z1,both,G5,r1_rms_10,0.8574,0.8210,0.8938
floor_0.05+cautious_z1,both,G5,r1_mean_10,0.0049,-0.0562,0.0686
floor_0.05+cautious_z1,both,G5,r1_rms_20,0.8857,0.8597,0.9150
floor_0.05+cautious_z1,both,G5,r1_mean_20,-0.0351,-0.0837,0.0164
floor_0.05+cautious_z1,both,G5,r1_rms_50,0.7483,0.7285,0.7692
floor_0.05+cautious_z1,both,G5,r1_mean_50,-0.0622,-0.1000,-0.0261
floor_0.05+cautious_z1,both,G5,r1_rms_100,0.6269,0.6124,0.6420
floor_0.05+cautious_z1,both,G5,r1_mean_100,-0.0841,-0.1099,-0.0597
floor_0.05+cautious_z1,both,G5,r1_rms_200,0.5332,0.5224,0.5439
floor_0.05+cautious_z1,both,G5,r1_mean_200,-0.0943,-0.1104,-0.0770
floor_0.05+cautious_z1,both,G5,r2_brier,0.1774,0.1754,0.1794
floor_0.05+cautious_z1,both,G5,r2_bias,0.0078,0.0048,0.0111
floor_0.05+cautious_z1,both,G5,r3_inside,0.4090,0.4022,0.4155
floor_0.05+cautious_z1,both,G5,r3_below_0.5,0.0528,0.0475,0.0589
floor_0.05+cautious_z1,both,G5,r3_above_0.95,0.0364,0.0326,0.0406
floor_0.05+cautious_z1,both,G5,r4_false,0.0407,0.0339,0.0479
floor_0.05+cautious_z1,both,G5,r4_false_0.70,0.0108,0.0073,0.0148
floor_0.05+cautious_z1,both,G5,r4_below,0.5720,0.5528,0.5921
floor_0.05+cautious_z1,both,G5,r4_false_at_task,0.0358,0.0259,0.0465
floor_0.05+cautious_z1,both,G5,r4_declared,8.1620,7.7720,8.5370
floor_0.05+cautious_z1,both,G5,r5_late_answers,4.7186,4.5286,4.9055
floor_0.05+cautious_z1,both,G5,r5_never,0.2240,0.2094,0.2391
floor_0.05+cautious_z1,both,G5,r6_lag,-0.1144,-0.1330,-0.0967
floor_0.05+cautious_z1,both,G5,r7_error_5,0.9882,0.9448,1.0350
floor_0.05+cautious_z1,both,G5,r7_error_10,0.9334,0.8919,0.9763
floor_0.05+cautious_z1,both,G5,r7_longest_wrong,1.8480,1.7860,1.9130
floor_0.05+cautious_z1,both,G5,r7_hard_first,0.1432,0.1305,0.1568
floor_0.05+cautious_z1,both,G5,r4b_chance_below_0.5,0.1263,0.1110,0.1432
floor_0.05+cautious_z1,both,G5,r4b_chance_0.5_to_0.6,0.1387,0.1316,0.1464
floor_0.05+cautious_z1,both,G5,r4b_chance_0.6_to_0.7,0.2203,0.2128,0.2277
floor_0.05+cautious_z1,both,G5,r4b_chance_0.7_to_0.8,0.2643,0.2541,0.2737
floor_0.05+cautious_z1,both,G5,r4b_chance_0.8_up,0.2504,0.2356,0.2648
floor_0.05+cautious_z1,both,G5,r3_reachable,0.9103,0.8971,0.9215
floor_0.05+cautious_z1,both,G5,r8_rank_6_20,3.5733,3.1200,4.0200
floor_0.05+cautious_z1,both,G5,r8_topic_rank_6_20,17.9200,16.9600,18.8067
floor_0.05+cautious_z1,both,G5,r8_rank_150_200,1.7235,1.4725,1.9706
floor_0.05+cautious_z1,both,G5,r8_topic_rank_150_200,8.8353,8.4176,9.2314
floor_0.05+cautious_z1,both,G5,r2_ece,0.0103,0.0071,0.0135
floor_0.05+cautious_z1,both,G5,r4b_3,0.1576,0.1435,0.1719
floor_0.05+cautious_z1,both,G5,r4b_5,0.1909,0.1749,0.2067
floor_0.05+cautious_z1,both,G5,r4b_10,0.2067,0.1895,0.2249
floor_0.05+cautious_z1,both,G5,r4b_20,0.2147,0.1971,0.2328
floor_0.05+cautious_z1,both,G5,r4b_50,0.2292,0.2069,0.2540
floor_0.05+cautious_z1,both,G5,r8_move_p95_6_20,73.0000,73.0000,74.0000
floor_0.05+cautious_z1,both,G5,r8_move_p95_150_200,40.0000,40.0000,40.0000
floor_0.05+cautious_z1,both,G6,r1_rms_5,1.0393,1.0007,1.0796
floor_0.05+cautious_z1,both,G6,r1_mean_5,-0.0462,-0.1171,0.0243
floor_0.05+cautious_z1,both,G6,r1_rms_10,0.9795,0.9446,1.0173
floor_0.05+cautious_z1,both,G6,r1_mean_10,-0.0820,-0.1495,-0.0170
floor_0.05+cautious_z1,both,G6,r1_rms_20,0.9050,0.8714,0.9389
floor_0.05+cautious_z1,both,G6,r1_mean_20,-0.1039,-0.1616,-0.0428
floor_0.05+cautious_z1,both,G6,r1_rms_50,0.8102,0.7811,0.8406
floor_0.05+cautious_z1,both,G6,r1_mean_50,-0.1541,-0.2023,-0.1042
floor_0.05+cautious_z1,both,G6,r1_rms_100,0.7589,0.7318,0.7852
floor_0.05+cautious_z1,both,G6,r1_mean_100,-0.1981,-0.2420,-0.1532
floor_0.05+cautious_z1,both,G6,r1_rms_200,0.7506,0.7282,0.7752
floor_0.05+cautious_z1,both,G6,r1_mean_200,-0.2426,-0.2846,-0.2017
floor_0.05+cautious_z1,both,G6,r2_brier,0.1781,0.1763,0.1799
floor_0.05+cautious_z1,both,G6,r2_bias,0.0114,0.0084,0.0143
floor_0.05+cautious_z1,both,G6,r3_inside,0.4264,0.4123,0.4414
floor_0.05+cautious_z1,both,G6,r3_below_0.5,0.0562,0.0518,0.0607
floor_0.05+cautious_z1,both,G6,r3_above_0.95,0.0936,0.0867,0.1007
floor_0.05+cautious_z1,both,G6,r4_false,0.0668,0.0556,0.0794
floor_0.05+cautious_z1,both,G6,r4_false_0.70,0.0119,0.0085,0.0158
floor_0.05+cautious_z1,both,G6,r4_below,0.5257,0.5058,0.5468
floor_0.05+cautious_z1,both,G6,r4_false_at_task,0.0673,0.0527,0.0839
floor_0.05+cautious_z1,both,G6,r4_declared,8.3710,7.9830,8.7930
floor_0.05+cautious_z1,both,G6,r5_late_answers,4.6060,4.4448,4.7640
floor_0.05+cautious_z1,both,G6,r5_never,0.1736,0.1590,0.1887
floor_0.05+cautious_z1,both,G6,r6_lag,-0.2273,-0.2702,-0.1870
floor_0.05+cautious_z1,both,G6,r7_error_5,0.8908,0.8447,0.9356
floor_0.05+cautious_z1,both,G6,r7_error_10,0.8213,0.7800,0.8674
floor_0.05+cautious_z1,both,G6,r7_longest_wrong,1.7840,1.7280,1.8400
floor_0.05+cautious_z1,both,G6,r7_hard_first,0.1330,0.1223,0.1441
floor_0.05+cautious_z1,both,G6,r4b_chance_below_0.5,0.0991,0.0894,0.1101
floor_0.05+cautious_z1,both,G6,r4b_chance_0.5_to_0.6,0.1091,0.1012,0.1178
floor_0.05+cautious_z1,both,G6,r4b_chance_0.6_to_0.7,0.2359,0.2238,0.2483
floor_0.05+cautious_z1,both,G6,r4b_chance_0.7_to_0.8,0.3210,0.3081,0.3357
floor_0.05+cautious_z1,both,G6,r4b_chance_0.8_up,0.2349,0.2204,0.2500
floor_0.05+cautious_z1,both,G6,r3_reachable,0.7904,0.7755,0.8053
floor_0.05+cautious_z1,both,G6,r8_rank_6_20,4.0867,3.6000,4.5733
floor_0.05+cautious_z1,both,G6,r8_topic_rank_6_20,18.2867,17.3267,19.2667
floor_0.05+cautious_z1,both,G6,r8_rank_150_200,1.6098,1.3569,1.8706
floor_0.05+cautious_z1,both,G6,r8_topic_rank_150_200,8.7471,8.3686,9.1549
floor_0.05+cautious_z1,both,G6,r2_ece,0.0133,0.0105,0.0166
floor_0.05+cautious_z1,both,G6,r4b_3,0.1702,0.1563,0.1848
floor_0.05+cautious_z1,both,G6,r4b_5,0.2058,0.1888,0.2237
floor_0.05+cautious_z1,both,G6,r4b_10,0.2168,0.1991,0.2351
floor_0.05+cautious_z1,both,G6,r4b_20,0.2212,0.2031,0.2403
floor_0.05+cautious_z1,both,G6,r4b_50,0.2212,0.2031,0.2395
floor_0.05+cautious_z1,both,G6,r8_move_p95_6_20,73.0000,73.0000,73.0000
floor_0.05+cautious_z1,both,G6,r8_move_p95_150_200,41.0000,40.0000,41.0000
floor_0.05+cautious_z1,both,G7,r1_rms_5,1.0154,0.9792,1.0518
floor_0.05+cautious_z1,both,G7,r1_mean_5,-0.0603,-0.1268,0.0095
floor_0.05+cautious_z1,both,G7,r1_rms_10,0.9493,0.9181,0.9800
floor_0.05+cautious_z1,both,G7,r1_mean_10,-0.0853,-0.1426,-0.0256
floor_0.05+cautious_z1,both,G7,r1_rms_20,0.8605,0.8354,0.8885
floor_0.05+cautious_z1,both,G7,r1_mean_20,-0.1124,-0.1649,-0.0597
floor_0.05+cautious_z1,both,G7,r1_rms_50,0.7239,0.7059,0.7428
floor_0.05+cautious_z1,both,G7,r1_mean_50,-0.1395,-0.1762,-0.1003
floor_0.05+cautious_z1,both,G7,r1_rms_100,0.6261,0.6143,0.6384
floor_0.05+cautious_z1,both,G7,r1_mean_100,-0.1545,-0.1834,-0.1260
floor_0.05+cautious_z1,both,G7,r1_rms_200,0.5567,0.5468,0.5666
floor_0.05+cautious_z1,both,G7,r1_mean_200,-0.1603,-0.1836,-0.1366
floor_0.05+cautious_z1,both,G7,r2_brier,0.1750,0.1732,0.1768
floor_0.05+cautious_z1,both,G7,r2_bias,0.0057,0.0029,0.0087
floor_0.05+cautious_z1,both,G7,r3_inside,0.4282,0.4229,0.4336
floor_0.05+cautious_z1,both,G7,r3_below_0.5,0.0420,0.0376,0.0463
floor_0.05+cautious_z1,both,G7,r3_above_0.95,0.0289,0.0263,0.0319
floor_0.05+cautious_z1,both,G7,r4_false,0.0390,0.0330,0.0456
floor_0.05+cautious_z1,both,G7,r4_false_0.70,0.0081,0.0058,0.0107
floor_0.05+cautious_z1,both,G7,r4_below,0.5646,0.5444,0.5848
floor_0.05+cautious_z1,both,G7,r4_false_at_task,0.0396,0.0300,0.0496
floor_0.05+cautious_z1,both,G7,r4_declared,8.3580,7.9320,8.7650
floor_0.05+cautious_z1,both,G7,r5_late_answers,4.7672,4.5947,4.9355
floor_0.05+cautious_z1,both,G7,r5_never,0.1826,0.1678,0.1974
floor_0.05+cautious_z1,both,G7,r6_lag,-0.1582,-0.1800,-0.1346
floor_0.05+cautious_z1,both,G7,r7_error_5,0.8754,0.8387,0.9162
floor_0.05+cautious_z1,both,G7,r7_error_10,0.7987,0.7642,0.8382
floor_0.05+cautious_z1,both,G7,r7_longest_wrong,1.8040,1.7420,1.8640
floor_0.05+cautious_z1,both,G7,r7_hard_first,0.1488,0.1372,0.1608
floor_0.05+cautious_z1,both,G7,r4b_chance_below_0.5,0.0987,0.0867,0.1122
floor_0.05+cautious_z1,both,G7,r4b_chance_0.5_to_0.6,0.1248,0.1190,0.1306
floor_0.05+cautious_z1,both,G7,r4b_chance_0.6_to_0.7,0.2105,0.2044,0.2164
floor_0.05+cautious_z1,both,G7,r4b_chance_0.7_to_0.8,0.2851,0.2775,0.2924
floor_0.05+cautious_z1,both,G7,r4b_chance_0.8_up,0.2809,0.2690,0.2942
floor_0.05+cautious_z1,both,G7,r3_reachable,0.9267,0.9172,0.9357
floor_0.05+cautious_z1,both,G7,r8_rank_6_20,3.8733,3.4333,4.3467
floor_0.05+cautious_z1,both,G7,r8_topic_rank_6_20,17.7867,16.8200,18.7600
floor_0.05+cautious_z1,both,G7,r8_rank_150_200,1.7412,1.4784,2.0000
floor_0.05+cautious_z1,both,G7,r8_topic_rank_150_200,8.7725,8.3706,9.1667
floor_0.05+cautious_z1,both,G7,r2_ece,0.0078,0.0048,0.0108
floor_0.05+cautious_z1,both,G7,r4b_3,0.1597,0.1465,0.1723
floor_0.05+cautious_z1,both,G7,r4b_5,0.1912,0.1768,0.2065
floor_0.05+cautious_z1,both,G7,r4b_10,0.2035,0.1882,0.2193
floor_0.05+cautious_z1,both,G7,r4b_20,0.2157,0.1989,0.2342
floor_0.05+cautious_z1,both,G7,r4b_50,0.2213,0.2027,0.2409
floor_0.05+cautious_z1,both,G7,r8_move_p95_6_20,73.0000,73.0000,74.0000
floor_0.05+cautious_z1,both,G7,r8_move_p95_150_200,41.0000,40.0000,41.0000
floor_0.05+cautious_z1,both,G8,r1_rms_5,0.9739,0.9390,1.0086
floor_0.05+cautious_z1,both,G8,r1_mean_5,0.0486,-0.0157,0.1104
floor_0.05+cautious_z1,both,G8,r1_rms_10,0.9043,0.8748,0.9340
floor_0.05+cautious_z1,both,G8,r1_mean_10,0.0095,-0.0476,0.0663
floor_0.05+cautious_z1,both,G8,r1_rms_20,0.8084,0.7849,0.8329
floor_0.05+cautious_z1,both,G8,r1_mean_20,-0.0206,-0.0672,0.0254
floor_0.05+cautious_z1,both,G8,r1_rms_50,0.6539,0.6380,0.6703
floor_0.05+cautious_z1,both,G8,r1_mean_50,-0.0553,-0.0881,-0.0225
floor_0.05+cautious_z1,both,G8,r1_rms_100,0.5612,0.5505,0.5720
floor_0.05+cautious_z1,both,G8,r1_mean_100,-0.0758,-0.0978,-0.0534
floor_0.05+cautious_z1,both,G8,r1_rms_200,0.4886,0.4807,0.4965
floor_0.05+cautious_z1,both,G8,r1_mean_200,-0.0875,-0.1035,-0.0712
floor_0.05+cautious_z1,both,G8,r2_brier,0.1757,0.1739,0.1773
floor_0.05+cautious_z1,both,G8,r2_bias,0.0072,0.0044,0.0100
floor_0.05+cautious_z1,both,G8,r3_inside,0.4366,0.4318,0.4419
floor_0.05+cautious_z1,both,G8,r3_below_0.5,0.0390,0.0349,0.0432
floor_0.05+cautious_z1,both,G8,r3_above_0.95,0.0268,0.0242,0.0295
floor_0.05+cautious_z1,both,G8,r4_false,0.0399,0.0337,0.0465
floor_0.05+cautious_z1,both,G8,r4_false_0.70,0.0080,0.0060,0.0103
floor_0.05+cautious_z1,both,G8,r4_below,0.5439,0.5243,0.5640
floor_0.05+cautious_z1,both,G8,r4_false_at_task,0.0363,0.0276,0.0457
floor_0.05+cautious_z1,both,G8,r4_declared,8.3450,7.9450,8.7640
floor_0.05+cautious_z1,both,G8,r5_late_answers,4.7366,4.5716,4.9090
floor_0.05+cautious_z1,both,G8,r5_never,0.1963,0.1810,0.2115
floor_0.05+cautious_z1,both,G8,r6_lag,-0.0902,-0.1056,-0.0754
floor_0.05+cautious_z1,both,G8,r7_error_5,0.8211,0.7808,0.8617
floor_0.05+cautious_z1,both,G8,r7_error_10,0.7441,0.7091,0.7808
floor_0.05+cautious_z1,both,G8,r7_longest_wrong,1.8050,1.7470,1.8640
floor_0.05+cautious_z1,both,G8,r7_hard_first,0.1405,0.1295,0.1517
floor_0.05+cautious_z1,both,G8,r4b_chance_below_0.5,0.0912,0.0798,0.1034
floor_0.05+cautious_z1,both,G8,r4b_chance_0.5_to_0.6,0.1234,0.1176,0.1294
floor_0.05+cautious_z1,both,G8,r4b_chance_0.6_to_0.7,0.2121,0.2057,0.2183
floor_0.05+cautious_z1,both,G8,r4b_chance_0.7_to_0.8,0.2864,0.2791,0.2933
floor_0.05+cautious_z1,both,G8,r4b_chance_0.8_up,0.2870,0.2732,0.2997
floor_0.05+cautious_z1,both,G8,r3_reachable,0.9415,0.9334,0.9490
floor_0.05+cautious_z1,both,G8,r8_rank_6_20,3.6200,3.2000,4.0733
floor_0.05+cautious_z1,both,G8,r8_topic_rank_6_20,17.9200,17.0000,18.8867
floor_0.05+cautious_z1,both,G8,r8_rank_150_200,1.7863,1.5235,2.0725
floor_0.05+cautious_z1,both,G8,r8_topic_rank_150_200,9.3569,8.9431,9.7608
floor_0.05+cautious_z1,both,G8,r2_ece,0.0089,0.0059,0.0119
floor_0.05+cautious_z1,both,G8,r4b_3,0.1520,0.1402,0.1641
floor_0.05+cautious_z1,both,G8,r4b_5,0.1883,0.1738,0.2032
floor_0.05+cautious_z1,both,G8,r4b_10,0.2029,0.1871,0.2191
floor_0.05+cautious_z1,both,G8,r4b_20,0.2150,0.1991,0.2325
floor_0.05+cautious_z1,both,G8,r4b_50,0.2243,0.2043,0.2462
floor_0.05+cautious_z1,both,G8,r8_move_p95_6_20,73.0000,73.0000,74.0000
floor_0.05+cautious_z1,both,G8,r8_move_p95_150_200,41.0000,41.0000,41.0000
floor_0.05+cautious_z1,both,G0-exact,r1_rms_5,0.9951,0.9599,1.0321
floor_0.05+cautious_z1,both,G0-exact,r1_mean_5,0.0084,-0.0558,0.0759
floor_0.05+cautious_z1,both,G0-exact,r1_rms_10,0.9290,0.8998,0.9587
floor_0.05+cautious_z1,both,G0-exact,r1_mean_10,-0.0131,-0.0696,0.0460
floor_0.05+cautious_z1,both,G0-exact,r1_rms_20,0.8162,0.7934,0.8404
floor_0.05+cautious_z1,both,G0-exact,r1_mean_20,-0.0229,-0.0712,0.0245
floor_0.05+cautious_z1,both,G0-exact,r1_rms_50,0.6602,0.6446,0.6766
floor_0.05+cautious_z1,both,G0-exact,r1_mean_50,-0.0439,-0.0761,-0.0117
floor_0.05+cautious_z1,both,G0-exact,r1_rms_100,0.5503,0.5403,0.5610
floor_0.05+cautious_z1,both,G0-exact,r1_mean_100,-0.0552,-0.0770,-0.0325
floor_0.05+cautious_z1,both,G0-exact,r1_rms_200,0.4735,0.4662,0.4808
floor_0.05+cautious_z1,both,G0-exact,r1_mean_200,-0.0482,-0.0634,-0.0328
floor_0.05+cautious_z1,both,G0-exact,r2_brier,0.1737,0.1720,0.1756
floor_0.05+cautious_z1,both,G0-exact,r2_bias,0.0036,0.0009,0.0064
floor_0.05+cautious_z1,both,G0-exact,r3_inside,0.5455,0.5355,0.5554
floor_0.05+cautious_z1,both,G0-exact,r3_below_0.5,0.0212,0.0181,0.0246
floor_0.05+cautious_z1,both,G0-exact,r3_above_0.95,0.0101,0.0083,0.0120
floor_0.05+cautious_z1,both,G0-exact,r4_false,0.0442,0.0385,0.0501
floor_0.05+cautious_z1,both,G0-exact,r4_false_0.70,0.0090,0.0066,0.0114
floor_0.05+cautious_z1,both,G0-exact,r4_below,0.5542,0.5336,0.5742
floor_0.05+cautious_z1,both,G0-exact,r4_false_at_task,0.0348,0.0262,0.0434
floor_0.05+cautious_z1,both,G0-exact,r4_declared,8.1240,7.7200,8.5310
floor_0.05+cautious_z1,both,G0-exact,r5_late_answers,4.7694,4.5867,4.9463
floor_0.05+cautious_z1,both,G0-exact,r5_never,0.1827,0.1670,0.1979
floor_0.05+cautious_z1,both,G0-exact,r6_lag,-0.0492,-0.0645,-0.0347
floor_0.05+cautious_z1,both,G0-exact,r7_error_5,0.8598,0.8178,0.9010
floor_0.05+cautious_z1,both,G0-exact,r7_error_10,0.7836,0.7455,0.8196
floor_0.05+cautious_z1,both,G0-exact,r7_longest_wrong,1.7960,1.7370,1.8560
floor_0.05+cautious_z1,both,G0-exact,r7_hard_first,0.1226,0.1116,0.1346
floor_0.05+cautious_z1,both,G0-exact,r4b_chance_below_0.5,0.0520,0.0437,0.0618
floor_0.05+cautious_z1,both,G0-exact,r4b_chance_0.5_to_0.6,0.0933,0.0846,0.1021
floor_0.05+cautious_z1,both,G0-exact,r4b_chance_0.6_to_0.7,0.2552,0.2412,0.2701
floor_0.05+cautious_z1,both,G0-exact,r4b_chance_0.7_to_0.8,0.3961,0.3787,0.4136
floor_0.05+cautious_z1,both,G0-exact,r4b_chance_0.8_up,0.2034,0.1874,0.2197
floor_0.05+cautious_z1,both,G0-exact,r3_reachable,0.9325,0.9238,0.9401
floor_0.05+cautious_z1,both,G0-exact,r8_rank_6_20,3.5667,3.1133,4.0533
floor_0.05+cautious_z1,both,G0-exact,r8_topic_rank_6_20,17.8533,16.8867,18.8067
floor_0.05+cautious_z1,both,G0-exact,r8_rank_150_200,1.5725,1.3353,1.8216
floor_0.05+cautious_z1,both,G0-exact,r8_topic_rank_150_200,8.9745,8.5725,9.3961
floor_0.05+cautious_z1,both,G0-exact,r2_ece,0.0061,0.0033,0.0090
floor_0.05+cautious_z1,both,G0-exact,r4b_3,0.1595,0.1466,0.1726
floor_0.05+cautious_z1,both,G0-exact,r4b_5,0.1951,0.1798,0.2098
floor_0.05+cautious_z1,both,G0-exact,r4b_10,0.2088,0.1932,0.2242
floor_0.05+cautious_z1,both,G0-exact,r4b_20,0.2186,0.2020,0.2356
floor_0.05+cautious_z1,both,G0-exact,r4b_50,0.2261,0.2060,0.2471
floor_0.05+cautious_z1,both,G0-exact,r8_move_p95_6_20,73.0000,72.0000,73.0000
floor_0.05+cautious_z1,both,G0-exact,r8_move_p95_150_200,40.0000,40.0000,41.0000
floor_0.05+cautious_z1,both,G0-miss0.25,r1_rms_5,0.9973,0.9611,1.0339
floor_0.05+cautious_z1,both,G0-miss0.25,r1_mean_5,0.0220,-0.0453,0.0917
floor_0.05+cautious_z1,both,G0-miss0.25,r1_rms_10,0.9303,0.9005,0.9604
floor_0.05+cautious_z1,both,G0-miss0.25,r1_mean_10,-0.0112,-0.0692,0.0466
floor_0.05+cautious_z1,both,G0-miss0.25,r1_rms_20,0.8199,0.7946,0.8469
floor_0.05+cautious_z1,both,G0-miss0.25,r1_mean_20,-0.0386,-0.0867,0.0100
floor_0.05+cautious_z1,both,G0-miss0.25,r1_rms_50,0.6629,0.6464,0.6794
floor_0.05+cautious_z1,both,G0-miss0.25,r1_mean_50,-0.0618,-0.0953,-0.0286
floor_0.05+cautious_z1,both,G0-miss0.25,r1_rms_100,0.5595,0.5490,0.5703
floor_0.05+cautious_z1,both,G0-miss0.25,r1_mean_100,-0.0671,-0.0899,-0.0445
floor_0.05+cautious_z1,both,G0-miss0.25,r1_rms_200,0.4788,0.4712,0.4868
floor_0.05+cautious_z1,both,G0-miss0.25,r1_mean_200,-0.0693,-0.0842,-0.0528
floor_0.05+cautious_z1,both,G0-miss0.25,r2_brier,0.1744,0.1726,0.1763
floor_0.05+cautious_z1,both,G0-miss0.25,r2_bias,0.0048,0.0018,0.0078
floor_0.05+cautious_z1,both,G0-miss0.25,r3_inside,0.5033,0.4956,0.5112
floor_0.05+cautious_z1,both,G0-miss0.25,r3_below_0.5,0.0262,0.0226,0.0304
floor_0.05+cautious_z1,both,G0-miss0.25,r3_above_0.95,0.0144,0.0123,0.0167
floor_0.05+cautious_z1,both,G0-miss0.25,r4_false,0.0451,0.0391,0.0513
floor_0.05+cautious_z1,both,G0-miss0.25,r4_false_0.70,0.0103,0.0079,0.0130
floor_0.05+cautious_z1,both,G0-miss0.25,r4_below,0.5617,0.5421,0.5812
floor_0.05+cautious_z1,both,G0-miss0.25,r4_false_at_task,0.0405,0.0315,0.0505
floor_0.05+cautious_z1,both,G0-miss0.25,r4_declared,8.4410,8.0600,8.8150
floor_0.05+cautious_z1,both,G0-miss0.25,r5_late_answers,4.6216,4.4454,4.8108
floor_0.05+cautious_z1,both,G0-miss0.25,r5_never,0.1687,0.1539,0.1824
floor_0.05+cautious_z1,both,G0-miss0.25,r6_lag,-0.0595,-0.0757,-0.0443
floor_0.05+cautious_z1,both,G0-miss0.25,r7_error_5,0.8725,0.8315,0.9121
floor_0.05+cautious_z1,both,G0-miss0.25,r7_error_10,0.7915,0.7567,0.8281
floor_0.05+cautious_z1,both,G0-miss0.25,r7_longest_wrong,1.8090,1.7510,1.8680
floor_0.05+cautious_z1,both,G0-miss0.25,r7_hard_first,0.1315,0.1196,0.1435
floor_0.05+cautious_z1,both,G0-miss0.25,r4b_chance_below_0.5,0.0648,0.0547,0.0755
floor_0.05+cautious_z1,both,G0-miss0.25,r4b_chance_0.5_to_0.6,0.1110,0.1020,0.1204
floor_0.05+cautious_z1,both,G0-miss0.25,r4b_chance_0.6_to_0.7,0.2436,0.2344,0.2528
floor_0.05+cautious_z1,both,G0-miss0.25,r4b_chance_0.7_to_0.8,0.3454,0.3338,0.3563
floor_0.05+cautious_z1,both,G0-miss0.25,r4b_chance_0.8_up,0.2352,0.2202,0.2497
floor_0.05+cautious_z1,both,G0-miss0.25,r3_reachable,0.9352,0.9261,0.9437
floor_0.05+cautious_z1,both,G0-miss0.25,r8_rank_6_20,3.4800,3.0667,3.9267
floor_0.05+cautious_z1,both,G0-miss0.25,r8_topic_rank_6_20,17.0533,16.1400,17.9533
floor_0.05+cautious_z1,both,G0-miss0.25,r8_rank_150_200,1.6490,1.3882,1.9176
floor_0.05+cautious_z1,both,G0-miss0.25,r8_topic_rank_150_200,8.4020,8.0431,8.7745
floor_0.05+cautious_z1,both,G0-miss0.25,r2_ece,0.0065,0.0035,0.0096
floor_0.05+cautious_z1,both,G0-miss0.25,r4b_3,0.1700,0.1580,0.1827
floor_0.05+cautious_z1,both,G0-miss0.25,r4b_5,0.2071,0.1918,0.2220
floor_0.05+cautious_z1,both,G0-miss0.25,r4b_10,0.2226,0.2059,0.2384
floor_0.05+cautious_z1,both,G0-miss0.25,r4b_20,0.2336,0.2169,0.2511
floor_0.05+cautious_z1,both,G0-miss0.25,r4b_50,0.2421,0.2224,0.2631
floor_0.05+cautious_z1,both,G0-miss0.25,r8_move_p95_6_20,73.0000,73.0000,74.0000
floor_0.05+cautious_z1,both,G0-miss0.25,r8_move_p95_150_200,41.0000,40.0000,41.0000
floor_0.05+cautious_z1,both,G0-miss1,r1_rms_5,1.0346,0.9967,1.0732
floor_0.05+cautious_z1,both,G0-miss1,r1_mean_5,-0.0610,-0.1287,0.0089
floor_0.05+cautious_z1,both,G0-miss1,r1_rms_10,0.9701,0.9384,1.0039
floor_0.05+cautious_z1,both,G0-miss1,r1_mean_10,-0.1012,-0.1631,-0.0430
floor_0.05+cautious_z1,both,G0-miss1,r1_rms_20,0.8771,0.8507,0.9053
floor_0.05+cautious_z1,both,G0-miss1,r1_mean_20,-0.1299,-0.1819,-0.0784
floor_0.05+cautious_z1,both,G0-miss1,r1_rms_50,0.7272,0.7087,0.7463
floor_0.05+cautious_z1,both,G0-miss1,r1_mean_50,-0.1835,-0.2204,-0.1485
floor_0.05+cautious_z1,both,G0-miss1,r1_rms_100,0.6252,0.6117,0.6392
floor_0.05+cautious_z1,both,G0-miss1,r1_mean_100,-0.2122,-0.2377,-0.1858
floor_0.05+cautious_z1,both,G0-miss1,r1_rms_200,0.5471,0.5374,0.5578
floor_0.05+cautious_z1,both,G0-miss1,r1_mean_200,-0.2272,-0.2449,-0.2087
floor_0.05+cautious_z1,both,G0-miss1,r2_brier,0.1772,0.1755,0.1789
floor_0.05+cautious_z1,both,G0-miss1,r2_bias,0.0090,0.0060,0.0120
floor_0.05+cautious_z1,both,G0-miss1,r3_inside,0.2963,0.2935,0.2993
floor_0.05+cautious_z1,both,G0-miss1,r3_below_0.5,0.0903,0.0858,0.0950
floor_0.05+cautious_z1,both,G0-miss1,r3_above_0.95,0.1086,0.1041,0.1133
floor_0.05+cautious_z1,both,G0-miss1,r4_false,0.0337,0.0276,0.0403
floor_0.05+cautious_z1,both,G0-miss1,r4_false_0.70,0.0080,0.0056,0.0108
floor_0.05+cautious_z1,both,G0-miss1,r4_below,0.5685,0.5482,0.5894
floor_0.05+cautious_z1,both,G0-miss1,r4_false_at_task,0.0344,0.0249,0.0452
floor_0.05+cautious_z1,both,G0-miss1,r4_declared,7.9580,7.5440,8.3730
floor_0.05+cautious_z1,both,G0-miss1,r5_late_answers,4.6754,4.4886,4.8709
floor_0.05+cautious_z1,both,G0-miss1,r5_never,0.2312,0.2145,0.2481
floor_0.05+cautious_z1,both,G0-miss1,r6_lag,-0.2280,-0.2469,-0.2092
floor_0.05+cautious_z1,both,G0-miss1,r7_error_5,0.8925,0.8529,0.9325
floor_0.05+cautious_z1,both,G0-miss1,r7_error_10,0.8213,0.7847,0.8597
floor_0.05+cautious_z1,both,G0-miss1,r7_longest_wrong,1.8190,1.7610,1.8750
floor_0.05+cautious_z1,both,G0-miss1,r7_hard_first,0.1785,0.1679,0.1898
floor_0.05+cautious_z1,both,G0-miss1,r4b_chance_below_0.5,0.1592,0.1489,0.1698
floor_0.05+cautious_z1,both,G0-miss1,r4b_chance_0.5_to_0.6,0.1147,0.1109,0.1185
floor_0.05+cautious_z1,both,G0-miss1,r4b_chance_0.6_to_0.7,0.1532,0.1495,0.1571
floor_0.05+cautious_z1,both,G0-miss1,r4b_chance_0.7_to_0.8,0.1884,0.1843,0.1925
floor_0.05+cautious_z1,both,G0-miss1,r4b_chance_0.8_up,0.3845,0.3731,0.3966
floor_0.05+cautious_z1,both,G0-miss1,r3_reachable,0.9403,0.9319,0.9487
floor_0.05+cautious_z1,both,G0-miss1,r8_rank_6_20,3.6333,3.1933,4.1000
floor_0.05+cautious_z1,both,G0-miss1,r8_topic_rank_6_20,17.5800,16.6400,18.5000
floor_0.05+cautious_z1,both,G0-miss1,r8_rank_150_200,1.6216,1.3902,1.8686
floor_0.05+cautious_z1,both,G0-miss1,r8_topic_rank_150_200,8.8471,8.4588,9.2412
floor_0.05+cautious_z1,both,G0-miss1,r2_ece,0.0110,0.0082,0.0139
floor_0.05+cautious_z1,both,G0-miss1,r4b_3,0.1506,0.1374,0.1636
floor_0.05+cautious_z1,both,G0-miss1,r4b_5,0.1848,0.1695,0.2000
floor_0.05+cautious_z1,both,G0-miss1,r4b_10,0.1946,0.1786,0.2107
floor_0.05+cautious_z1,both,G0-miss1,r4b_20,0.2011,0.1846,0.2185
floor_0.05+cautious_z1,both,G0-miss1,r4b_50,0.2085,0.1894,0.2285
floor_0.05+cautious_z1,both,G0-miss1,r8_move_p95_6_20,73.0000,73.0000,74.0000
floor_0.05+cautious_z1,both,G0-miss1,r8_move_p95_150_200,40.0000,40.0000,41.0000
floor_0.05+cautious_z1,both,G2-half,r1_rms_5,1.0012,0.9634,1.0383
floor_0.05+cautious_z1,both,G2-half,r1_mean_5,-0.0541,-0.1222,0.0090
floor_0.05+cautious_z1,both,G2-half,r1_rms_10,0.9427,0.9111,0.9758
floor_0.05+cautious_z1,both,G2-half,r1_mean_10,-0.1091,-0.1686,-0.0472
floor_0.05+cautious_z1,both,G2-half,r1_rms_20,0.8555,0.8273,0.8834
floor_0.05+cautious_z1,both,G2-half,r1_mean_20,-0.1657,-0.2154,-0.1149
floor_0.05+cautious_z1,both,G2-half,r1_rms_50,0.7332,0.7117,0.7541
floor_0.05+cautious_z1,both,G2-half,r1_mean_50,-0.3022,-0.3405,-0.2650
floor_0.05+cautious_z1,both,G2-half,r1_rms_100,0.7026,0.6852,0.7193
floor_0.05+cautious_z1,both,G2-half,r1_mean_100,-0.4470,-0.4734,-0.4223
floor_0.05+cautious_z1,both,G2-half,r1_rms_200,0.7317,0.7191,0.7452
floor_0.05+cautious_z1,both,G2-half,r1_mean_200,-0.5673,-0.5841,-0.5506
floor_0.05+cautious_z1,both,G2-half,r2_brier,0.1508,0.1492,0.1525
floor_0.05+cautious_z1,both,G2-half,r2_bias,-0.0377,-0.0406,-0.0346
floor_0.05+cautious_z1,both,G2-half,r3_inside,0.3719,0.3656,0.3780
floor_0.05+cautious_z1,both,G2-half,r3_below_0.5,0.0238,0.0211,0.0266
floor_0.05+cautious_z1,both,G2-half,r3_above_0.95,0.0635,0.0584,0.0689
floor_0.05+cautious_z1,both,G2-half,r4_false,0.0148,0.0119,0.0179
floor_0.05+cautious_z1,both,G2-half,r4_false_0.70,0.0026,0.0015,0.0036
floor_0.05+cautious_z1,both,G2-half,r4_below,0.5455,0.5251,0.5663
floor_0.05+cautious_z1,both,G2-half,r4_false_at_task,0.0143,0.0095,0.0196
floor_0.05+cautious_z1,both,G2-half,r4_declared,9.2440,8.8450,9.6730
floor_0.05+cautious_z1,both,G2-half,r5_late_answers,5.7859,5.5981,5.9761
floor_0.05+cautious_z1,both,G2-half,r5_never,0.3361,0.3206,0.3521
floor_0.05+cautious_z1,both,G2-half,r6_lag,-0.5359,-0.5544,-0.5176
floor_0.05+cautious_z1,both,G2-half,r7_error_5,0.8592,0.8167,0.9043
floor_0.05+cautious_z1,both,G2-half,r7_error_10,0.7886,0.7517,0.8272
floor_0.05+cautious_z1,both,G2-half,r7_longest_wrong,1.7270,1.6740,1.7840
floor_0.05+cautious_z1,both,G2-half,r7_hard_first,0.1346,0.1231,0.1456
floor_0.05+cautious_z1,both,G2-half,r4b_chance_below_0.5,0.0679,0.0598,0.0776
floor_0.05+cautious_z1,both,G2-half,r4b_chance_0.5_to_0.6,0.0874,0.0820,0.0933
floor_0.05+cautious_z1,both,G2-half,r4b_chance_0.6_to_0.7,0.1679,0.1620,0.1739
floor_0.05+cautious_z1,both,G2-half,r4b_chance_0.7_to_0.8,0.2686,0.2617,0.2749
floor_0.05+cautious_z1,both,G2-half,r4b_chance_0.8_up,0.4082,0.3928,0.4239
floor_0.05+cautious_z1,both,G2-half,r3_reachable,0.9567,0.9520,0.9605
floor_0.05+cautious_z1,both,G2-half,r8_rank_6_20,3.7200,3.2333,4.2067
floor_0.05+cautious_z1,both,G2-half,r8_topic_rank_6_20,17.2000,16.2533,18.1867
floor_0.05+cautious_z1,both,G2-half,r8_rank_150_200,1.6765,1.4608,1.9196
floor_0.05+cautious_z1,both,G2-half,r8_topic_rank_150_200,9.0137,8.6314,9.4000
floor_0.05+cautious_z1,both,G2-half,r2_ece,0.0377,0.0349,0.0405
floor_0.05+cautious_z1,both,G2-half,r4b_3,0.1298,0.1182,0.1414
floor_0.05+cautious_z1,both,G2-half,r4b_5,0.1591,0.1447,0.1736
floor_0.05+cautious_z1,both,G2-half,r4b_10,0.1916,0.1754,0.2086
floor_0.05+cautious_z1,both,G2-half,r4b_20,0.2211,0.1998,0.2435
floor_0.05+cautious_z1,both,G2-half,r4b_50,0.2294,0.2041,0.2604
floor_0.05+cautious_z1,both,G2-half,r8_move_p95_6_20,73.0000,73.0000,73.0000
floor_0.05+cautious_z1,both,G2-half,r8_move_p95_150_200,40.0000,40.0000,40.0000
floor_0.05+cautious_z1,both,G2-fading,r1_rms_5,0.9902,0.9551,1.0272
floor_0.05+cautious_z1,both,G2-fading,r1_mean_5,-0.0664,-0.1322,-0.0012
floor_0.05+cautious_z1,both,G2-fading,r1_rms_10,0.9298,0.8975,0.9617
floor_0.05+cautious_z1,both,G2-fading,r1_mean_10,-0.1168,-0.1786,-0.0561
floor_0.05+cautious_z1,both,G2-fading,r1_rms_20,0.8499,0.8232,0.8764
floor_0.05+cautious_z1,both,G2-fading,r1_mean_20,-0.1972,-0.2473,-0.1498
floor_0.05+cautious_z1,both,G2-fading,r1_rms_50,0.7419,0.7218,0.7629
floor_0.05+cautious_z1,both,G2-fading,r1_mean_50,-0.3320,-0.3671,-0.2984
floor_0.05+cautious_z1,both,G2-fading,r1_rms_100,0.6817,0.6653,0.6995
floor_0.05+cautious_z1,both,G2-fading,r1_mean_100,-0.4127,-0.4377,-0.3871
floor_0.05+cautious_z1,both,G2-fading,r1_rms_200,0.5929,0.5812,0.6048
floor_0.05+cautious_z1,both,G2-fading,r1_mean_200,-0.3671,-0.3844,-0.3505
floor_0.05+cautious_z1,both,G2-fading,r2_brier,0.1536,0.1519,0.1552
floor_0.05+cautious_z1,both,G2-fading,r2_bias,-0.0322,-0.0352,-0.0294
floor_0.05+cautious_z1,both,G2-fading,r3_inside,0.3899,0.3837,0.3964
floor_0.05+cautious_z1,both,G2-fading,r3_below_0.5,0.0239,0.0212,0.0270
floor_0.05+cautious_z1,both,G2-fading,r3_above_0.95,0.0560,0.0511,0.0611
floor_0.05+cautious_z1,both,G2-fading,r4_false,0.0224,0.0186,0.0269
floor_0.05+cautious_z1,both,G2-fading,r4_false_0.70,0.0036,0.0023,0.0052
floor_0.05+cautious_z1,both,G2-fading,r4_below,0.5518,0.5308,0.5749
floor_0.05+cautious_z1,both,G2-fading,r4_false_at_task,0.0200,0.0143,0.0263
floor_0.05+cautious_z1,both,G2-fading,r4_declared,9.4650,9.0390,9.8830
floor_0.05+cautious_z1,both,G2-fading,r5_late_answers,5.6737,5.4897,5.8733
floor_0.05+cautious_z1,both,G2-fading,r5_never,0.2847,0.2691,0.3010
floor_0.05+cautious_z1,both,G2-fading,r6_lag,-0.4031,-0.4206,-0.3855
floor_0.05+cautious_z1,both,G2-fading,r7_error_5,0.8439,0.8051,0.8861
floor_0.05+cautious_z1,both,G2-fading,r7_error_10,0.7774,0.7385,0.8157
floor_0.05+cautious_z1,both,G2-fading,r7_longest_wrong,1.6750,1.6240,1.7320
floor_0.05+cautious_z1,both,G2-fading,r7_hard_first,0.1329,0.1215,0.1445
floor_0.05+cautious_z1,both,G2-fading,r4b_chance_below_0.5,0.0665,0.0578,0.0766
floor_0.05+cautious_z1,both,G2-fading,r4b_chance_0.5_to_0.6,0.0917,0.0860,0.0976
floor_0.05+cautious_z1,both,G2-fading,r4b_chance_0.6_to_0.7,0.1840,0.1779,0.1904
floor_0.05+cautious_z1,both,G2-fading,r4b_chance_0.7_to_0.8,0.2802,0.2731,0.2870
floor_0.05+cautious_z1,both,G2-fading,r4b_chance_0.8_up,0.3775,0.3612,0.3917
floor_0.05+cautious_z1,both,G2-fading,r3_reachable,0.9576,0.9532,0.9617
floor_0.05+cautious_z1,both,G2-fading,r8_rank_6_20,3.0600,2.6667,3.4800
floor_0.05+cautious_z1,both,G2-fading,r8_topic_rank_6_20,16.7267,15.8600,17.6800
floor_0.05+cautious_z1,both,G2-fading,r8_rank_150_200,1.3941,1.1765,1.6059
floor_0.05+cautious_z1,both,G2-fading,r8_topic_rank_150_200,8.8804,8.4804,9.2784
floor_0.05+cautious_z1,both,G2-fading,r2_ece,0.0322,0.0293,0.0352
floor_0.05+cautious_z1,both,G2-fading,r4b_3,0.1518,0.1397,0.1646
floor_0.05+cautious_z1,both,G2-fading,r4b_5,0.1871,0.1716,0.2024
floor_0.05+cautious_z1,both,G2-fading,r4b_10,0.2176,0.2013,0.2350
floor_0.05+cautious_z1,both,G2-fading,r4b_20,0.2419,0.2211,0.2638
floor_0.05+cautious_z1,both,G2-fading,r4b_50,0.2546,0.2298,0.2811
floor_0.05+cautious_z1,both,G2-fading,r8_move_p95_6_20,73.0000,73.0000,73.0000
floor_0.05+cautious_z1,both,G2-fading,r8_move_p95_150_200,40.0000,40.0000,41.0000
floor_0.05+cautious_z1,both,G3-drop,r1_rms_5,0.9785,0.9444,1.0125
floor_0.05+cautious_z1,both,G3-drop,r1_mean_5,0.0068,-0.0573,0.0688
floor_0.05+cautious_z1,both,G3-drop,r1_rms_10,0.9026,0.8739,0.9313
floor_0.05+cautious_z1,both,G3-drop,r1_mean_10,-0.0267,-0.0817,0.0291
floor_0.05+cautious_z1,both,G3-drop,r1_rms_20,0.8155,0.7936,0.8385
floor_0.05+cautious_z1,both,G3-drop,r1_mean_20,-0.0528,-0.1013,-0.0058
floor_0.05+cautious_z1,both,G3-drop,r1_rms_50,0.6611,0.6457,0.6772
floor_0.05+cautious_z1,both,G3-drop,r1_mean_50,-0.0731,-0.1038,-0.0425
floor_0.05+cautious_z1,both,G3-drop,r1_rms_100,0.7102,0.6936,0.7281
floor_0.05+cautious_z1,both,G3-drop,r1_mean_100,0.3010,0.2689,0.3355
floor_0.05+cautious_z1,both,G3-drop,r1_rms_200,0.5466,0.5363,0.5571
floor_0.05+cautious_z1,both,G3-drop,r1_mean_200,0.2704,0.2535,0.2864
floor_0.05+cautious_z1,both,G3-drop,r2_brier,0.1997,0.1980,0.2015
floor_0.05+cautious_z1,both,G3-drop,r2_bias,0.0501,0.0470,0.0532
floor_0.05+cautious_z1,both,G3-drop,r3_inside,0.3903,0.3857,0.3950
floor_0.05+cautious_z1,both,G3-drop,r3_below_0.5,0.0806,0.0755,0.0860
floor_0.05+cautious_z1,both,G3-drop,r3_above_0.95,0.0209,0.0188,0.0233
floor_0.05+cautious_z1,both,G3-drop,r4_false,0.0610,0.0533,0.0690
floor_0.05+cautious_z1,both,G3-drop,r4_false_0.70,0.0206,0.0167,0.0249
floor_0.05+cautious_z1,both,G3-drop,r4_below,0.5172,0.5009,0.5326
floor_0.05+cautious_z1,both,G3-drop,r4_false_at_task,0.0586,0.0472,0.0713
floor_0.05+cautious_z1,both,G3-drop,r4_declared,8.3010,7.8970,8.6980
floor_0.05+cautious_z1,both,G3-drop,r5_late_answers,3.5797,3.4573,3.7020
floor_0.05+cautious_z1,both,G3-drop,r5_never,0.2755,0.2587,0.2932
floor_0.05+cautious_z1,both,G3-drop,r6_lag,0.3535,0.3375,0.3684
floor_0.05+cautious_z1,both,G3-drop,r6_jump_answers,46.2800,44.3640,48.2390
floor_0.05+cautious_z1,both,G3-drop,r6_jump_unsettled,0.1920,0.1680,0.2170
floor_0.05+cautious_z1,both,G3-drop,r7_error_5,0.8314,0.7932,0.8716
floor_0.05+cautious_z1,both,G3-drop,r7_error_10,0.7534,0.7192,0.7884
floor_0.05+cautious_z1,both,G3-drop,r7_longest_wrong,1.7800,1.7250,1.8380
floor_0.05+cautious_z1,both,G3-drop,r7_hard_first,0.1338,0.1226,0.1457
floor_0.05+cautious_z1,both,G3-drop,r4b_chance_below_0.5,0.1645,0.1506,0.1796
floor_0.05+cautious_z1,both,G3-drop,r4b_chance_0.5_to_0.6,0.1744,0.1687,0.1797
floor_0.05+cautious_z1,both,G3-drop,r4b_chance_0.6_to_0.7,0.2291,0.2235,0.2346
floor_0.05+cautious_z1,both,G3-drop,r4b_chance_0.7_to_0.8,0.2374,0.2302,0.2443
floor_0.05+cautious_z1,both,G3-drop,r4b_chance_0.8_up,0.1945,0.1842,0.2050
floor_0.05+cautious_z1,both,G3-drop,r3_reachable,0.8911,0.8802,0.9007
floor_0.05+cautious_z1,both,G3-drop,r8_rank_6_20,3.5400,3.1133,3.9800
floor_0.05+cautious_z1,both,G3-drop,r8_topic_rank_6_20,17.1200,16.2400,17.9933
floor_0.05+cautious_z1,both,G3-drop,r8_rank_150_200,1.9431,1.7020,2.1980
floor_0.05+cautious_z1,both,G3-drop,r8_topic_rank_150_200,9.6039,9.2118,9.9804
floor_0.05+cautious_z1,both,G3-drop,r2_ece,0.0501,0.0471,0.0530
floor_0.05+cautious_z1,both,G3-drop,r4b_3,0.1594,0.1468,0.1724
floor_0.05+cautious_z1,both,G3-drop,r4b_5,0.1862,0.1723,0.2006
floor_0.05+cautious_z1,both,G3-drop,r4b_10,0.1908,0.1766,0.2047
floor_0.05+cautious_z1,both,G3-drop,r4b_20,0.1908,0.1770,0.2054
floor_0.05+cautious_z1,both,G3-drop,r4b_50,0.1908,0.1765,0.2058
floor_0.05+cautious_z1,both,G3-drop,r8_move_p95_6_20,73.0000,73.0000,74.0000
floor_0.05+cautious_z1,both,G3-drop,r8_move_p95_150_200,43.0000,42.0000,43.0000
floor_0.05+cautious_z1,both,G0-start0.5,r1_rms_5,0.9748,0.9390,1.0115
floor_0.05+cautious_z1,both,G0-start0.5,r1_mean_5,0.0151,-0.0483,0.0793
floor_0.05+cautious_z1,both,G0-start0.5,r1_rms_10,0.9094,0.8802,0.9394
floor_0.05+cautious_z1,both,G0-start0.5,r1_mean_10,-0.0154,-0.0742,0.0386
floor_0.05+cautious_z1,both,G0-start0.5,r1_rms_20,0.8229,0.7985,0.8487
floor_0.05+cautious_z1,both,G0-start0.5,r1_mean_20,-0.0343,-0.0846,0.0168
floor_0.05+cautious_z1,both,G0-start0.5,r1_rms_50,0.6667,0.6504,0.6826
floor_0.05+cautious_z1,both,G0-start0.5,r1_mean_50,-0.0604,-0.0942,-0.0267
floor_0.05+cautious_z1,both,G0-start0.5,r1_rms_100,0.5542,0.5429,0.5658
floor_0.05+cautious_z1,both,G0-start0.5,r1_mean_100,-0.0752,-0.0971,-0.0527
floor_0.05+cautious_z1,both,G0-start0.5,r1_rms_200,0.4810,0.4730,0.4891
floor_0.05+cautious_z1,both,G0-start0.5,r1_mean_200,-0.0864,-0.1021,-0.0709
floor_0.05+cautious_z1,both,G0-start0.5,r2_brier,0.1734,0.1718,0.1750
floor_0.05+cautious_z1,both,G0-start0.5,r2_bias,0.0057,0.0026,0.0086
floor_0.05+cautious_z1,both,G0-start0.5,r3_inside,0.4359,0.4312,0.4405
floor_0.05+cautious_z1,both,G0-start0.5,r3_below_0.5,0.0345,0.0317,0.0375
floor_0.05+cautious_z1,both,G0-start0.5,r3_above_0.95,0.0272,0.0246,0.0300
floor_0.05+cautious_z1,both,G0-start0.5,r4_false,0.0263,0.0213,0.0317
floor_0.05+cautious_z1,both,G0-start0.5,r4_false_0.70,0.0070,0.0047,0.0094
floor_0.05+cautious_z1,both,G0-start0.5,r4_below,0.5429,0.5274,0.5599
floor_0.05+cautious_z1,both,G0-start0.5,r4_false_at_task,0.0223,0.0153,0.0304
floor_0.05+cautious_z1,both,G0-start0.5,r4_declared,7.9460,7.5890,8.3200
floor_0.05+cautious_z1,both,G0-start0.5,r5_late_answers,4.0743,3.9267,4.2155
floor_0.05+cautious_z1,both,G0-start0.5,r5_never,0.1373,0.1241,0.1501
floor_0.05+cautious_z1,both,G0-start0.5,r6_lag,-0.0899,-0.1060,-0.0738
floor_0.05+cautious_z1,both,G0-start0.5,r7_error_5,0.8265,0.7884,0.8662
floor_0.05+cautious_z1,both,G0-start0.5,r7_error_10,0.7524,0.7161,0.7879
floor_0.05+cautious_z1,both,G0-start0.5,r7_longest_wrong,1.7650,1.7130,1.8170
floor_0.05+cautious_z1,both,G0-start0.5,r7_hard_first,0.1288,0.1182,0.1393
floor_0.05+cautious_z1,both,G0-start0.5,r4b_chance_below_0.5,0.0736,0.0678,0.0799
floor_0.05+cautious_z1,both,G0-start0.5,r4b_chance_0.5_to_0.6,0.1151,0.1103,0.1201
floor_0.05+cautious_z1,both,G0-start0.5,r4b_chance_0.6_to_0.7,0.2052,0.2000,0.2105
floor_0.05+cautious_z1,both,G0-start0.5,r4b_chance_0.7_to_0.8,0.2896,0.2844,0.2950
floor_0.05+cautious_z1,both,G0-start0.5,r4b_chance_0.8_up,0.3165,0.3042,0.3282
floor_0.05+cautious_z1,both,G0-start0.5,r3_reachable,0.9562,0.9515,0.9611
floor_0.05+cautious_z1,both,G0-start0.5,r8_rank_6_20,3.5867,3.1533,4.0800
floor_0.05+cautious_z1,both,G0-start0.5,r8_topic_rank_6_20,17.5933,16.6400,18.5333
floor_0.05+cautious_z1,both,G0-start0.5,r8_rank_150_200,1.7922,1.5412,2.0725
floor_0.05+cautious_z1,both,G0-start0.5,r8_topic_rank_150_200,9.0216,8.6353,9.4314
floor_0.05+cautious_z1,both,G0-start0.5,r2_ece,0.0068,0.0041,0.0097
floor_0.05+cautious_z1,both,G0-start0.5,r4b_3,0.1571,0.1454,0.1703
floor_0.05+cautious_z1,both,G0-start0.5,r4b_5,0.1839,0.1686,0.1994
floor_0.05+cautious_z1,both,G0-start0.5,r4b_10,0.1947,0.1795,0.2109
floor_0.05+cautious_z1,both,G0-start0.5,r4b_20,0.2014,0.1843,0.2167
floor_0.05+cautious_z1,both,G0-start0.5,r4b_50,0.2217,0.1973,0.2537
floor_0.05+cautious_z1,both,G0-start0.5,r8_move_p95_6_20,73.0000,73.0000,74.0000
floor_0.05+cautious_z1,both,G0-start0.5,r8_move_p95_150_200,41.0000,40.0000,41.0000
floor_0.05+cautious_z1,both,G0-start2,r1_rms_5,1.1045,1.0615,1.1470
floor_0.05+cautious_z1,both,G0-start2,r1_mean_5,-0.0290,-0.1009,0.0475
floor_0.05+cautious_z1,both,G0-start2,r1_rms_10,1.0194,0.9832,1.0584
floor_0.05+cautious_z1,both,G0-start2,r1_mean_10,-0.0661,-0.1352,-0.0010
floor_0.05+cautious_z1,both,G0-start2,r1_rms_20,0.9014,0.8705,0.9340
floor_0.05+cautious_z1,both,G0-start2,r1_mean_20,-0.0907,-0.1466,-0.0362
floor_0.05+cautious_z1,both,G0-start2,r1_rms_50,0.7262,0.7046,0.7492
floor_0.05+cautious_z1,both,G0-start2,r1_mean_50,-0.1173,-0.1572,-0.0788
floor_0.05+cautious_z1,both,G0-start2,r1_rms_100,0.6021,0.5863,0.6184
floor_0.05+cautious_z1,both,G0-start2,r1_mean_100,-0.1148,-0.1429,-0.0855
floor_0.05+cautious_z1,both,G0-start2,r1_rms_200,0.5124,0.5004,0.5237
floor_0.05+cautious_z1,both,G0-start2,r1_mean_200,-0.0913,-0.1108,-0.0709
floor_0.05+cautious_z1,both,G0-start2,r2_brier,0.1744,0.1721,0.1766
floor_0.05+cautious_z1,both,G0-start2,r2_bias,0.0021,-0.0014,0.0054
floor_0.05+cautious_z1,both,G0-start2,r3_inside,0.3993,0.3914,0.4069
floor_0.05+cautious_z1,both,G0-start2,r3_below_0.5,0.0687,0.0589,0.0790
floor_0.05+cautious_z1,both,G0-start2,r3_above_0.95,0.0420,0.0370,0.0477
floor_0.05+cautious_z1,both,G0-start2,r4_false,0.0382,0.0325,0.0445
floor_0.05+cautious_z1,both,G0-start2,r4_false_0.70,0.0083,0.0062,0.0106
floor_0.05+cautious_z1,both,G0-start2,r4_below,0.5043,0.4824,0.5266
floor_0.05+cautious_z1,both,G0-start2,r4_false_at_task,0.0283,0.0215,0.0356
floor_0.05+cautious_z1,both,G0-start2,r4_declared,8.9190,8.4740,9.3480
floor_0.05+cautious_z1,both,G0-start2,r5_late_answers,4.9668,4.8008,5.1401
floor_0.05+cautious_z1,both,G0-start2,r5_never,0.1806,0.1649,0.1970
floor_0.05+cautious_z1,both,G0-start2,r6_lag,-0.1222,-0.1435,-0.1017
floor_0.05+cautious_z1,both,G0-start2,r7_error_5,0.9631,0.9175,1.0115
floor_0.05+cautious_z1,both,G0-start2,r7_error_10,0.8714,0.8312,0.9129
floor_0.05+cautious_z1,both,G0-start2,r7_longest_wrong,1.9270,1.8540,2.0130
floor_0.05+cautious_z1,both,G0-start2,r7_hard_first,0.1791,0.1644,0.1949
floor_0.05+cautious_z1,both,G0-start2,r4b_chance_below_0.5,0.1935,0.1653,0.2241
floor_0.05+cautious_z1,both,G0-start2,r4b_chance_0.5_to_0.6,0.1299,0.1228,0.1373
floor_0.05+cautious_z1,both,G0-start2,r4b_chance_0.6_to_0.7,0.1988,0.1905,0.2070
floor_0.05+cautious_z1,both,G0-start2,r4b_chance_0.7_to_0.8,0.2456,0.2334,0.2575
floor_0.05+cautious_z1,both,G0-start2,r4b_chance_0.8_up,0.2322,0.2171,0.2471
floor_0.05+cautious_z1,both,G0-start2,r3_reachable,0.8753,0.8591,0.8915
floor_0.05+cautious_z1,both,G0-start2,r8_rank_6_20,3.7333,3.3467,4.2067
floor_0.05+cautious_z1,both,G0-start2,r8_topic_rank_6_20,17.6333,16.6733,18.6333
floor_0.05+cautious_z1,both,G0-start2,r8_rank_150_200,1.6490,1.3941,1.9059
floor_0.05+cautious_z1,both,G0-start2,r8_topic_rank_150_200,7.9745,7.5667,8.3784
floor_0.05+cautious_z1,both,G0-start2,r2_ece,0.0026,0.0013,0.0060
floor_0.05+cautious_z1,both,G0-start2,r4b_3,0.1505,0.1374,0.1632
floor_0.05+cautious_z1,both,G0-start2,r4b_5,0.1833,0.1677,0.1991
floor_0.05+cautious_z1,both,G0-start2,r4b_10,0.1995,0.1823,0.2167
floor_0.05+cautious_z1,both,G0-start2,r4b_20,0.2044,0.1873,0.2216
floor_0.05+cautious_z1,both,G0-start2,r4b_50,0.2264,0.1987,0.2660
floor_0.05+cautious_z1,both,G0-start2,r8_move_p95_6_20,73.0000,73.0000,73.0000
floor_0.05+cautious_z1,both,G0-start2,r8_move_p95_150_200,40.0000,40.0000,41.0000
floor_0.05+cautious_z1,both,G0-topics0.3,r1_rms_5,0.9129,0.8752,0.9500
floor_0.05+cautious_z1,both,G0-topics0.3,r1_mean_5,-0.0171,-0.0836,0.0474
floor_0.05+cautious_z1,both,G0-topics0.3,r1_rms_10,0.8349,0.8034,0.8695
floor_0.05+cautious_z1,both,G0-topics0.3,r1_mean_10,-0.0366,-0.0942,0.0207
floor_0.05+cautious_z1,both,G0-topics0.3,r1_rms_20,0.7303,0.7032,0.7581
floor_0.05+cautious_z1,both,G0-topics0.3,r1_mean_20,-0.0577,-0.1071,-0.0108
floor_0.05+cautious_z1,both,G0-topics0.3,r1_rms_50,0.5901,0.5719,0.6077
floor_0.05+cautious_z1,both,G0-topics0.3,r1_mean_50,-0.0809,-0.1162,-0.0474
floor_0.05+cautious_z1,both,G0-topics0.3,r1_rms_100,0.4939,0.4827,0.5067
floor_0.05+cautious_z1,both,G0-topics0.3,r1_mean_100,-0.0933,-0.1162,-0.0703
floor_0.05+cautious_z1,both,G0-topics0.3,r1_rms_200,0.4352,0.4279,0.4430
floor_0.05+cautious_z1,both,G0-topics0.3,r1_mean_200,-0.0890,-0.1043,-0.0733
floor_0.05+cautious_z1,both,G0-topics0.3,r2_brier,0.1738,0.1721,0.1757
floor_0.05+cautious_z1,both,G0-topics0.3,r2_bias,0.0038,0.0010,0.0068
floor_0.05+cautious_z1,both,G0-topics0.3,r3_inside,0.4502,0.4443,0.4558
floor_0.05+cautious_z1,both,G0-topics0.3,r3_below_0.5,0.0299,0.0268,0.0334
floor_0.05+cautious_z1,both,G0-topics0.3,r3_above_0.95,0.0238,0.0209,0.0268
floor_0.05+cautious_z1,both,G0-topics0.3,r4_false,0.0372,0.0305,0.0442
floor_0.05+cautious_z1,both,G0-topics0.3,r4_false_0.70,0.0073,0.0050,0.0101
floor_0.05+cautious_z1,both,G0-topics0.3,r4_below,0.5554,0.5354,0.5742
floor_0.05+cautious_z1,both,G0-topics0.3,r4_false_at_task,0.0337,0.0257,0.0425
floor_0.05+cautious_z1,both,G0-topics0.3,r4_declared,8.3980,8.0120,8.7780
floor_0.05+cautious_z1,both,G0-topics0.3,r5_late_answers,4.5755,4.4009,4.7419
floor_0.05+cautious_z1,both,G0-topics0.3,r5_never,0.1642,0.1484,0.1798
floor_0.05+cautious_z1,both,G0-topics0.3,r6_lag,-0.0976,-0.1141,-0.0816
floor_0.05+cautious_z1,both,G0-topics0.3,r7_error_5,0.8448,0.8044,0.8863
floor_0.05+cautious_z1,both,G0-topics0.3,r7_error_10,0.7678,0.7316,0.8061
floor_0.05+cautious_z1,both,G0-topics0.3,r7_longest_wrong,1.7420,1.6860,1.7980
floor_0.05+cautious_z1,both,G0-topics0.3,r7_hard_first,0.1248,0.1137,0.1361
floor_0.05+cautious_z1,both,G0-topics0.3,r4b_chance_below_0.5,0.0687,0.0607,0.0781
floor_0.05+cautious_z1,both,G0-topics0.3,r4b_chance_0.5_to_0.6,0.1160,0.1096,0.1231
floor_0.05+cautious_z1,both,G0-topics0.3,r4b_chance_0.6_to_0.7,0.2165,0.2101,0.2235
floor_0.05+cautious_z1,both,G0-topics0.3,r4b_chance_0.7_to_0.8,0.3031,0.2959,0.3103
floor_0.05+cautious_z1,both,G0-topics0.3,r4b_chance_0.8_up,0.2958,0.2822,0.3093
floor_0.05+cautious_z1,both,G0-topics0.3,r3_reachable,0.9438,0.9355,0.9518
floor_0.05+cautious_z1,both,G0-topics0.3,r8_rank_6_20,3.5600,3.1067,4.0133
floor_0.05+cautious_z1,both,G0-topics0.3,r8_topic_rank_6_20,17.7400,16.7800,18.6667
floor_0.05+cautious_z1,both,G0-topics0.3,r8_rank_150_200,1.9392,1.6725,2.2118
floor_0.05+cautious_z1,both,G0-topics0.3,r8_topic_rank_150_200,8.5275,8.1706,8.9118
floor_0.05+cautious_z1,both,G0-topics0.3,r2_ece,0.0063,0.0037,0.0092
floor_0.05+cautious_z1,both,G0-topics0.3,r4b_3,0.1640,0.1511,0.1773
floor_0.05+cautious_z1,both,G0-topics0.3,r4b_5,0.1928,0.1778,0.2092
floor_0.05+cautious_z1,both,G0-topics0.3,r4b_10,0.2037,0.1884,0.2197
floor_0.05+cautious_z1,both,G0-topics0.3,r4b_20,0.2168,0.1989,0.2349
floor_0.05+cautious_z1,both,G0-topics0.3,r4b_50,0.2312,0.2063,0.2591
floor_0.05+cautious_z1,both,G0-topics0.3,r8_move_p95_6_20,73.0000,73.0000,73.0000
floor_0.05+cautious_z1,both,G0-topics0.3,r8_move_p95_150_200,41.0000,40.0000,41.0000
floor_0.05+cautious_z1,both,G0-topics1,r1_rms_5,1.2968,1.2629,1.3318
floor_0.05+cautious_z1,both,G0-topics1,r1_mean_5,-0.0343,-0.1013,0.0353
floor_0.05+cautious_z1,both,G0-topics1,r1_rms_10,1.2553,1.2257,1.2848
floor_0.05+cautious_z1,both,G0-topics1,r1_mean_10,-0.0779,-0.1361,-0.0159
floor_0.05+cautious_z1,both,G0-topics1,r1_rms_20,1.1620,1.1383,1.1865
floor_0.05+cautious_z1,both,G0-topics1,r1_mean_20,-0.1294,-0.1786,-0.0793
floor_0.05+cautious_z1,both,G0-topics1,r1_rms_50,0.9804,0.9627,0.9987
floor_0.05+cautious_z1,both,G0-topics1,r1_mean_50,-0.1807,-0.2157,-0.1461
floor_0.05+cautious_z1,both,G0-topics1,r1_rms_100,0.8372,0.8230,0.8520
floor_0.05+cautious_z1,both,G0-topics1,r1_mean_100,-0.1801,-0.2045,-0.1546
floor_0.05+cautious_z1,both,G0-topics1,r1_rms_200,0.7090,0.6964,0.7208
floor_0.05+cautious_z1,both,G0-topics1,r1_mean_200,-0.1602,-0.1777,-0.1407
floor_0.05+cautious_z1,both,G0-topics1,r2_brier,0.1741,0.1725,0.1758
floor_0.05+cautious_z1,both,G0-topics1,r2_bias,0.0054,0.0025,0.0084
floor_0.05+cautious_z1,both,G0-topics1,r3_inside,0.3688,0.3642,0.3734
floor_0.05+cautious_z1,both,G0-topics1,r3_below_0.5,0.0596,0.0559,0.0642
floor_0.05+cautious_z1,both,G0-topics1,r3_above_0.95,0.0649,0.0606,0.0693
floor_0.05+cautious_z1,both,G0-topics1,r4_false,0.0614,0.0549,0.0684
floor_0.05+cautious_z1,both,G0-topics1,r4_false_0.70,0.0230,0.0194,0.0269
floor_0.05+cautious_z1,both,G0-topics1,r4_below,0.5685,0.5497,0.5866
floor_0.05+cautious_z1,both,G0-topics1,r4_false_at_task,0.0566,0.0477,0.0653
floor_0.05+cautious_z1,both,G0-topics1,r4_declared,8.4820,8.0970,8.8900
floor_0.05+cautious_z1,both,G0-topics1,r5_late_answers,4.8762,4.6997,5.0610
floor_0.05+cautious_z1,both,G0-topics1,r5_never,0.2556,0.2425,0.2685
floor_0.05+cautious_z1,both,G0-topics1,r6_lag,-0.1677,-0.1844,-0.1510
floor_0.05+cautious_z1,both,G0-topics1,r7_error_5,0.8633,0.8233,0.9046
floor_0.05+cautious_z1,both,G0-topics1,r7_error_10,0.7950,0.7572,0.8341
floor_0.05+cautious_z1,both,G0-topics1,r7_longest_wrong,1.9330,1.8690,1.9960
floor_0.05+cautious_z1,both,G0-topics1,r7_hard_first,0.1920,0.1805,0.2039
floor_0.05+cautious_z1,both,G0-topics1,r4b_chance_below_0.5,0.1315,0.1216,0.1438
floor_0.05+cautious_z1,both,G0-topics1,r4b_chance_0.5_to_0.6,0.1303,0.1255,0.1351
floor_0.05+cautious_z1,both,G0-topics1,r4b_chance_0.6_to_0.7,0.2031,0.1976,0.2084
floor_0.05+cautious_z1,both,G0-topics1,r4b_chance_0.7_to_0.8,0.2586,0.2520,0.2650
floor_0.05+cautious_z1,both,G0-topics1,r4b_chance_0.8_up,0.2765,0.2657,0.2878
floor_0.05+cautious_z1,both,G0-topics1,r3_reachable,0.9261,0.9192,0.9329
floor_0.05+cautious_z1,both,G0-topics1,r8_rank_6_20,4.1667,3.6933,4.6533
floor_0.05+cautious_z1,both,G0-topics1,r8_topic_rank_6_20,18.6200,17.7400,19.4933
floor_0.05+cautious_z1,both,G0-topics1,r8_rank_150_200,1.3843,1.1647,1.6137
floor_0.05+cautious_z1,both,G0-topics1,r8_topic_rank_150_200,8.5980,8.2392,8.9667
floor_0.05+cautious_z1,both,G0-topics1,r2_ece,0.0069,0.0041,0.0098
floor_0.05+cautious_z1,both,G0-topics1,r4b_3,0.1742,0.1625,0.1865
floor_0.05+cautious_z1,both,G0-topics1,r4b_5,0.2145,0.1995,0.2286
floor_0.05+cautious_z1,both,G0-topics1,r4b_10,0.2318,0.2172,0.2475
floor_0.05+cautious_z1,both,G0-topics1,r4b_20,0.2390,0.2233,0.2566
floor_0.05+cautious_z1,both,G0-topics1,r4b_50,0.2432,0.2265,0.2623
floor_0.05+cautious_z1,both,G0-topics1,r8_move_p95_6_20,73.0000,73.0000,74.0000
floor_0.05+cautious_z1,both,G0-topics1,r8_move_p95_150_200,40.0000,40.0000,40.0000
floor_0.05+cautious_z1.28,both,G0,r1_rms_5,1.0085,0.9745,1.0455
floor_0.05+cautious_z1.28,both,G0,r1_mean_5,-0.0419,-0.1103,0.0242
floor_0.05+cautious_z1.28,both,G0,r1_rms_10,0.9479,0.9165,0.9797
floor_0.05+cautious_z1.28,both,G0,r1_mean_10,-0.0587,-0.1190,-0.0017
floor_0.05+cautious_z1.28,both,G0,r1_rms_20,0.8538,0.8276,0.8789
floor_0.05+cautious_z1.28,both,G0,r1_mean_20,-0.0776,-0.1265,-0.0262
floor_0.05+cautious_z1.28,both,G0,r1_rms_50,0.6820,0.6656,0.6991
floor_0.05+cautious_z1.28,both,G0,r1_mean_50,-0.0991,-0.1315,-0.0652
floor_0.05+cautious_z1.28,both,G0,r1_rms_100,0.5675,0.5560,0.5793
floor_0.05+cautious_z1.28,both,G0,r1_mean_100,-0.1071,-0.1300,-0.0840
floor_0.05+cautious_z1.28,both,G0,r1_rms_200,0.4940,0.4860,0.5027
floor_0.05+cautious_z1.28,both,G0,r1_mean_200,-0.1123,-0.1286,-0.0960
floor_0.05+cautious_z1.28,both,G0,r2_brier,0.1738,0.1721,0.1757
floor_0.05+cautious_z1.28,both,G0,r2_bias,0.0045,0.0015,0.0076
floor_0.05+cautious_z1.28,both,G0,r3_inside,0.4296,0.4249,0.4346
floor_0.05+cautious_z1.28,both,G0,r3_below_0.5,0.0351,0.0322,0.0381
floor_0.05+cautious_z1.28,both,G0,r3_above_0.95,0.0303,0.0274,0.0335
floor_0.05+cautious_z1.28,both,G0,r4_false,0.0250,0.0204,0.0296
floor_0.05+cautious_z1.28,both,G0,r4_false_0.70,0.0044,0.0028,0.0064
floor_0.05+cautious_z1.28,both,G0,r4_below,0.5395,0.5218,0.5575
floor_0.05+cautious_z1.28,both,G0,r4_false_at_task,0.0303,0.0222,0.0384
floor_0.05+cautious_z1.28,both,G0,r4_declared,7.8940,7.4920,8.2930
floor_0.05+cautious_z1.28,both,G0,r5_late_answers,4.9381,4.7304,5.1477
floor_0.05+cautious_z1.28,both,G0,r5_never,0.2312,0.2147,0.2472
floor_0.05+cautious_z1.28,both,G0,r6_lag,-0.1103,-0.1270,-0.0929
floor_0.05+cautious_z1.28,both,G0,r7_error_5,0.8565,0.8177,0.8979
floor_0.05+cautious_z1.28,both,G0,r7_error_10,0.7874,0.7499,0.8243
floor_0.05+cautious_z1.28,both,G0,r7_longest_wrong,1.7390,1.6880,1.7900
floor_0.05+cautious_z1.28,both,G0,r7_hard_first,0.1385,0.1267,0.1503
floor_0.05+cautious_z1.28,both,G0,r4b_chance_below_0.5,0.0768,0.0700,0.0835
floor_0.05+cautious_z1.28,both,G0,r4b_chance_0.5_to_0.6,0.1208,0.1154,0.1264
floor_0.05+cautious_z1.28,both,G0,r4b_chance_0.6_to_0.7,0.2133,0.2078,0.2188
floor_0.05+cautious_z1.28,both,G0,r4b_chance_0.7_to_0.8,0.2908,0.2848,0.2969
floor_0.05+cautious_z1.28,both,G0,r4b_chance_0.8_up,0.2983,0.2862,0.3108
floor_0.05+cautious_z1.28,both,G0,r3_reachable,0.9451,0.9378,0.9516
floor_0.05+cautious_z1.28,both,G0,r8_rank_6_20,3.1533,2.7067,3.5733
floor_0.05+cautious_z1.28,both,G0,r8_topic_rank_6_20,17.2267,16.3133,18.1733
floor_0.05+cautious_z1.28,both,G0,r8_rank_150_200,1.5980,1.3588,1.8706
floor_0.05+cautious_z1.28,both,G0,r8_topic_rank_150_200,8.6980,8.3059,9.0824
floor_0.05+cautious_z1.28,both,G0,r2_ece,0.0070,0.0043,0.0099
floor_0.05+cautious_z1.28,both,G0,r4b_3,0.1390,0.1266,0.1509
floor_0.05+cautious_z1.28,both,G0,r4b_5,0.1676,0.1537,0.1829
floor_0.05+cautious_z1.28,both,G0,r4b_10,0.1811,0.1649,0.1970
floor_0.05+cautious_z1.28,both,G0,r4b_20,0.1874,0.1720,0.2045
floor_0.05+cautious_z1.28,both,G0,r4b_50,0.1946,0.1763,0.2179
floor_0.05+cautious_z1.28,both,G0,r8_move_p95_6_20,73.0000,73.0000,74.0000
floor_0.05+cautious_z1.28,both,G0,r8_move_p95_150_200,41.0000,40.0000,41.0000
floor_0.05+cautious_z1.28,both,G1,r1_rms_5,1.0646,1.0201,1.1079
floor_0.05+cautious_z1.28,both,G1,r1_mean_5,-0.0243,-0.0970,0.0491
floor_0.05+cautious_z1.28,both,G1,r1_rms_10,0.9968,0.9610,1.0366
floor_0.05+cautious_z1.28,both,G1,r1_mean_10,-0.0576,-0.1226,0.0141
floor_0.05+cautious_z1.28,both,G1,r1_rms_20,0.8921,0.8623,0.9258
floor_0.05+cautious_z1.28,both,G1,r1_mean_20,-0.0888,-0.1443,-0.0313
floor_0.05+cautious_z1.28,both,G1,r1_rms_50,0.7223,0.7005,0.7437
floor_0.05+cautious_z1.28,both,G1,r1_mean_50,-0.1091,-0.1480,-0.0682
floor_0.05+cautious_z1.28,both,G1,r1_rms_100,0.6005,0.5861,0.6159
floor_0.05+cautious_z1.28,both,G1,r1_mean_100,-0.1133,-0.1401,-0.0863
floor_0.05+cautious_z1.28,both,G1,r1_rms_200,0.5063,0.4974,0.5151
floor_0.05+cautious_z1.28,both,G1,r1_mean_200,-0.0796,-0.0979,-0.0620
floor_0.05+cautious_z1.28,both,G1,r2_brier,0.1821,0.1793,0.1848
floor_0.05+cautious_z1.28,both,G1,r2_bias,0.0010,-0.0024,0.0043
floor_0.05+cautious_z1.28,both,G1,r3_inside,0.3500,0.3405,0.3600
floor_0.05+cautious_z1.28,both,G1,r3_below_0.5,0.1172,0.1045,0.1297
floor_0.05+cautious_z1.28,both,G1,r3_above_0.95,0.0431,0.0386,0.0481
floor_0.05+cautious_z1.28,both,G1,r4_false,0.0024,0.0014,0.0036
floor_0.05+cautious_z1.28,both,G1,r4_false_0.70,0.0007,0.0002,0.0014
floor_0.05+cautious_z1.28,both,G1,r4_below,0.3120,0.2930,0.3309
floor_0.05+cautious_z1.28,both,G1,r4_false_at_task,0.0014,0.0005,0.0024
floor_0.05+cautious_z1.28,both,G1,r4_declared,9.6060,9.0880,10.1110
floor_0.05+cautious_z1.28,both,G1,r5_late_answers,4.7245,4.5854,4.8697
floor_0.05+cautious_z1.28,both,G1,r5_never,0.0377,0.0320,0.0440
floor_0.05+cautious_z1.28,both,G1,r6_lag,-0.1190,-0.1368,-0.1001
floor_0.05+cautious_z1.28,both,G1,r7_error_5,0.8906,0.8423,0.9407
floor_0.05+cautious_z1.28,both,G1,r7_error_10,0.8199,0.7775,0.8654
floor_0.05+cautious_z1.28,both,G1,r7_longest_wrong,2.0170,1.9380,2.0930
floor_0.05+cautious_z1.28,both,G1,r7_hard_first,0.2248,0.2076,0.2420
floor_0.05+cautious_z1.28,both,G1,r4b_chance_below_0.5,0.2989,0.2763,0.3204
floor_0.05+cautious_z1.28,both,G1,r4b_chance_0.5_to_0.6,0.1833,0.1751,0.1908
floor_0.05+cautious_z1.28,both,G1,r4b_chance_0.6_to_0.7,0.1784,0.1730,0.1846
floor_0.05+cautious_z1.28,both,G1,r4b_chance_0.7_to_0.8,0.1715,0.1611,0.1826
floor_0.05+cautious_z1.28,both,G1,r4b_chance_0.8_up,0.1679,0.1526,0.1836
floor_0.05+cautious_z1.28,both,G1,r3_reachable,0.7908,0.7677,0.8123
floor_0.05+cautious_z1.28,both,G1,r8_rank_6_20,4.2400,3.7400,4.7400
floor_0.05+cautious_z1.28,both,G1,r8_topic_rank_6_20,17.6333,16.6133,18.7400
floor_0.05+cautious_z1.28,both,G1,r8_rank_150_200,1.4255,1.1902,1.6784
floor_0.05+cautious_z1.28,both,G1,r8_topic_rank_150_200,7.0118,6.6039,7.4235
floor_0.05+cautious_z1.28,both,G1,r2_ece,0.0070,0.0058,0.0104
floor_0.05+cautious_z1.28,both,G1,r4b_3,0.0841,0.0729,0.0959
floor_0.05+cautious_z1.28,both,G1,r4b_5,0.0955,0.0834,0.1074
floor_0.05+cautious_z1.28,both,G1,r4b_10,0.0974,0.0844,0.1096
floor_0.05+cautious_z1.28,both,G1,r4b_20,0.0986,0.0867,0.1120
floor_0.05+cautious_z1.28,both,G1,r4b_50,0.1008,0.0887,0.1143
floor_0.05+cautious_z1.28,both,G1,r8_move_p95_6_20,72.0000,72.0000,73.0000
floor_0.05+cautious_z1.28,both,G1,r8_move_p95_150_200,41.0000,40.0000,41.0000
floor_0.05+cautious_z1.28,both,G2,r1_rms_5,0.9921,0.9579,1.0293
floor_0.05+cautious_z1.28,both,G2,r1_mean_5,-0.0422,-0.1053,0.0223
floor_0.05+cautious_z1.28,both,G2,r1_rms_10,0.9286,0.8983,0.9619
floor_0.05+cautious_z1.28,both,G2,r1_mean_10,-0.1133,-0.1723,-0.0531
floor_0.05+cautious_z1.28,both,G2,r1_rms_20,0.8535,0.8265,0.8801
floor_0.05+cautious_z1.28,both,G2,r1_mean_20,-0.2277,-0.2746,-0.1803
floor_0.05+cautious_z1.28,both,G2,r1_rms_50,0.8054,0.7833,0.8271
floor_0.05+cautious_z1.28,both,G2,r1_mean_50,-0.4824,-0.5178,-0.4475
floor_0.05+cautious_z1.28,both,G2,r1_rms_100,0.9325,0.9116,0.9551
floor_0.05+cautious_z1.28,both,G2,r1_mean_100,-0.7793,-0.8063,-0.7544
floor_0.05+cautious_z1.28,both,G2,r1_rms_200,1.1922,1.1758,1.2088
floor_0.05+cautious_z1.28,both,G2,r1_mean_200,-1.1068,-1.1243,-1.0883
floor_0.05+cautious_z1.28,both,G2,r2_brier,0.1328,0.1312,0.1343
floor_0.05+cautious_z1.28,both,G2,r2_bias,-0.0707,-0.0734,-0.0680
floor_0.05+cautious_z1.28,both,G2,r3_inside,0.2816,0.2755,0.2881
floor_0.05+cautious_z1.28,both,G2,r3_below_0.5,0.0179,0.0161,0.0199
floor_0.05+cautious_z1.28,both,G2,r3_above_0.95,0.1316,0.1247,0.1391
floor_0.05+cautious_z1.28,both,G2,r4_false,0.0032,0.0018,0.0049
floor_0.05+cautious_z1.28,both,G2,r4_false_0.70,0.0008,0.0002,0.0015
floor_0.05+cautious_z1.28,both,G2,r4_below,0.5490,0.5297,0.5687
floor_0.05+cautious_z1.28,both,G2,r4_false_at_task,0.0052,0.0026,0.0084
floor_0.05+cautious_z1.28,both,G2,r4_declared,10.6270,10.2020,11.0550
floor_0.05+cautious_z1.28,both,G2,r5_late_answers,6.9163,6.7315,7.1025
floor_0.05+cautious_z1.28,both,G2,r5_never,0.4173,0.4030,0.4322
floor_0.05+cautious_z1.28,both,G2,r6_lag,-0.9810,-1.0004,-0.9610
floor_0.05+cautious_z1.28,both,G2,r7_error_5,0.8372,0.7956,0.8794
floor_0.05+cautious_z1.28,both,G2,r7_error_10,0.7633,0.7262,0.7999
floor_0.05+cautious_z1.28,both,G2,r7_longest_wrong,1.7680,1.7100,1.8230
floor_0.05+cautious_z1.28,both,G2,r7_hard_first,0.1360,0.1246,0.1478
floor_0.05+cautious_z1.28,both,G2,r4b_chance_below_0.5,0.0653,0.0588,0.0724
floor_0.05+cautious_z1.28,both,G2,r4b_chance_0.5_to_0.6,0.0732,0.0686,0.0777
floor_0.05+cautious_z1.28,both,G2,r4b_chance_0.6_to_0.7,0.1370,0.1315,0.1427
floor_0.05+cautious_z1.28,both,G2,r4b_chance_0.7_to_0.8,0.2357,0.2299,0.2414
floor_0.05+cautious_z1.28,both,G2,r4b_chance_0.8_up,0.4889,0.4744,0.5043
floor_0.05+cautious_z1.28,both,G2,r3_reachable,0.9630,0.9596,0.9662
floor_0.05+cautious_z1.28,both,G2,r8_rank_6_20,3.5333,3.0867,4.0000
floor_0.05+cautious_z1.28,both,G2,r8_topic_rank_6_20,17.3000,16.4133,18.2933
floor_0.05+cautious_z1.28,both,G2,r8_rank_150_200,1.5549,1.3667,1.7471
floor_0.05+cautious_z1.28,both,G2,r8_topic_rank_150_200,8.9235,8.4961,9.3549
floor_0.05+cautious_z1.28,both,G2,r2_ece,0.0707,0.0681,0.0733
floor_0.05+cautious_z1.28,both,G2,r4b_3,0.1222,0.1105,0.1338
floor_0.05+cautious_z1.28,both,G2,r4b_5,0.1604,0.1462,0.1741
floor_0.05+cautious_z1.28,both,G2,r4b_10,0.2199,0.2003,0.2414
floor_0.05+cautious_z1.28,both,G2,r4b_20,0.2943,0.2580,0.3339
floor_0.05+cautious_z1.28,both,G2,r4b_50,0.3129,0.2688,0.3611
floor_0.05+cautious_z1.28,both,G2,r8_move_p95_6_20,73.0000,73.0000,74.0000
floor_0.05+cautious_z1.28,both,G2,r8_move_p95_150_200,39.0000,39.0000,40.0000
floor_0.05+cautious_z1.28,both,G3,r1_rms_5,0.9928,0.9573,1.0294
floor_0.05+cautious_z1.28,both,G3,r1_mean_5,0.0670,-0.0010,0.1355
floor_0.05+cautious_z1.28,both,G3,r1_rms_10,0.9233,0.8931,0.9552
floor_0.05+cautious_z1.28,both,G3,r1_mean_10,0.0287,-0.0297,0.0832
floor_0.05+cautious_z1.28,both,G3,r1_rms_20,0.8237,0.7990,0.8499
floor_0.05+cautious_z1.28,both,G3,r1_mean_20,-0.0008,-0.0507,0.0497
floor_0.05+cautious_z1.28,both,G3,r1_rms_50,0.6751,0.6584,0.6927
floor_0.05+cautious_z1.28,both,G3,r1_mean_50,-0.0563,-0.0912,-0.0230
floor_0.05+cautious_z1.28,both,G3,r1_rms_100,0.7950,0.7733,0.8181
floor_0.05+cautious_z1.28,both,G3,r1_mean_100,-0.4930,-0.5275,-0.4594
floor_0.05+cautious_z1.28,both,G3,r1_rms_200,0.7230,0.7084,0.7372
floor_0.05+cautious_z1.28,both,G3,r1_mean_200,-0.5503,-0.5679,-0.5314
floor_0.05+cautious_z1.28,both,G3,r2_brier,0.1548,0.1533,0.1564
floor_0.05+cautious_z1.28,both,G3,r2_bias,-0.0302,-0.0329,-0.0273
floor_0.05+cautious_z1.28,both,G3,r3_inside,0.3555,0.3506,0.3603
floor_0.05+cautious_z1.28,both,G3,r3_below_0.5,0.0304,0.0275,0.0333
floor_0.05+cautious_z1.28,both,G3,r3_above_0.95,0.0685,0.0647,0.0731
floor_0.05+cautious_z1.28,both,G3,r4_false,0.0164,0.0129,0.0204
floor_0.05+cautious_z1.28,both,G3,r4_false_0.70,0.0026,0.0015,0.0038
floor_0.05+cautious_z1.28,both,G3,r4_below,0.5680,0.5499,0.5864
floor_0.05+cautious_z1.28,both,G3,r4_false_at_task,0.0234,0.0178,0.0296
floor_0.05+cautious_z1.28,both,G3,r4_declared,9.3130,8.9030,9.7100
floor_0.05+cautious_z1.28,both,G3,r5_late_answers,5.9333,5.7338,6.1474
floor_0.05+cautious_z1.28,both,G3,r5_never,0.3692,0.3537,0.3843
floor_0.05+cautious_z1.28,both,G3,r6_lag,-0.6188,-0.6375,-0.5999
floor_0.05+cautious_z1.28,both,G3,r6_jump_answers,72.6000,70.2220,74.8690
floor_0.05+cautious_z1.28,both,G3,r6_jump_unsettled,0.5700,0.5380,0.6000
floor_0.05+cautious_z1.28,both,G3,r7_error_5,0.8595,0.8204,0.9005
floor_0.05+cautious_z1.28,both,G3,r7_error_10,0.7802,0.7442,0.8187
floor_0.05+cautious_z1.28,both,G3,r7_longest_wrong,1.8000,1.7440,1.8590
floor_0.05+cautious_z1.28,both,G3,r7_hard_first,0.1441,0.1330,0.1559
floor_0.05+cautious_z1.28,both,G3,r4b_chance_below_0.5,0.0800,0.0732,0.0871
floor_0.05+cautious_z1.28,both,G3,r4b_chance_0.5_to_0.6,0.0990,0.0938,0.1044
floor_0.05+cautious_z1.28,both,G3,r4b_chance_0.6_to_0.7,0.1717,0.1662,0.1772
floor_0.05+cautious_z1.28,both,G3,r4b_chance_0.7_to_0.8,0.2571,0.2517,0.2625
floor_0.05+cautious_z1.28,both,G3,r4b_chance_0.8_up,0.3921,0.3782,0.4055
floor_0.05+cautious_z1.28,both,G3,r3_reachable,0.9528,0.9473,0.9577
floor_0.05+cautious_z1.28,both,G3,r8_rank_6_20,3.6867,3.2200,4.1933
floor_0.05+cautious_z1.28,both,G3,r8_topic_rank_6_20,18.1200,17.2000,19.0333
floor_0.05+cautious_z1.28,both,G3,r8_rank_150_200,1.3765,1.1804,1.5863
floor_0.05+cautious_z1.28,both,G3,r8_topic_rank_150_200,8.8647,8.4569,9.2784
floor_0.05+cautious_z1.28,both,G3,r2_ece,0.0302,0.0272,0.0330
floor_0.05+cautious_z1.28,both,G3,r4b_3,0.1490,0.1373,0.1613
floor_0.05+cautious_z1.28,both,G3,r4b_5,0.1829,0.1700,0.1964
floor_0.05+cautious_z1.28,both,G3,r4b_10,0.2116,0.1952,0.2294
floor_0.05+cautious_z1.28,both,G3,r4b_20,0.2420,0.2218,0.2648
floor_0.05+cautious_z1.28,both,G3,r4b_50,0.2420,0.2199,0.2641
floor_0.05+cautious_z1.28,both,G3,r8_move_p95_6_20,74.0000,73.0000,74.0000
floor_0.05+cautious_z1.28,both,G3,r8_move_p95_150_200,40.0000,40.0000,41.0000
floor_0.05+cautious_z1.28,both,G4,r1_rms_5,1.0315,0.9963,1.0684
floor_0.05+cautious_z1.28,both,G4,r1_mean_5,-0.2780,-0.3412,-0.2105
floor_0.05+cautious_z1.28,both,G4,r1_rms_10,0.9808,0.9477,1.0128
floor_0.05+cautious_z1.28,both,G4,r1_mean_10,-0.3297,-0.3880,-0.2704
floor_0.05+cautious_z1.28,both,G4,r1_rms_20,0.8934,0.8648,0.9239
floor_0.05+cautious_z1.28,both,G4,r1_mean_20,-0.3626,-0.4132,-0.3114
floor_0.05+cautious_z1.28,both,G4,r1_rms_50,0.7729,0.7525,0.7939
floor_0.05+cautious_z1.28,both,G4,r1_mean_50,-0.4216,-0.4559,-0.3860
floor_0.05+cautious_z1.28,both,G4,r1_rms_100,0.7048,0.6888,0.7207
floor_0.05+cautious_z1.28,both,G4,r1_mean_100,-0.4655,-0.4900,-0.4417
floor_0.05+cautious_z1.28,both,G4,r1_rms_200,0.6649,0.6526,0.6769
floor_0.05+cautious_z1.28,both,G4,r1_mean_200,-0.4841,-0.4993,-0.4679
floor_0.05+cautious_z1.28,both,G4,r2_brier,0.1794,0.1776,0.1813
floor_0.05+cautious_z1.28,both,G4,r2_bias,0.0115,0.0086,0.0145
floor_0.05+cautious_z1.28,both,G4,r3_inside,0.3880,0.3837,0.3924
floor_0.05+cautious_z1.28,both,G4,r3_below_0.5,0.0564,0.0519,0.0612
floor_0.05+cautious_z1.28,both,G4,r3_above_0.95,0.0368,0.0336,0.0402
floor_0.05+cautious_z1.28,both,G4,r4_false,0.0047,0.0028,0.0070
floor_0.05+cautious_z1.28,both,G4,r4_false_0.70,0.0013,0.0004,0.0025
floor_0.05+cautious_z1.28,both,G4,r4_below,0.5475,0.5315,0.5658
floor_0.05+cautious_z1.28,both,G4,r4_false_at_task,0.0050,0.0025,0.0080
floor_0.05+cautious_z1.28,both,G4,r4_declared,7.5870,7.2280,7.9450
floor_0.05+cautious_z1.28,both,G4,r5_late_answers,4.7314,4.5569,4.9276
floor_0.05+cautious_z1.28,both,G4,r5_never,0.3420,0.3243,0.3592
floor_0.05+cautious_z1.28,both,G4,r6_lag,-0.4790,-0.4954,-0.4622
floor_0.05+cautious_z1.28,both,G4,r7_error_5,0.8946,0.8526,0.9353
floor_0.05+cautious_z1.28,both,G4,r7_error_10,0.8349,0.7942,0.8754
floor_0.05+cautious_z1.28,both,G4,r7_longest_wrong,1.8940,1.8370,1.9490
floor_0.05+cautious_z1.28,both,G4,r7_hard_first,0.1846,0.1714,0.1977
floor_0.05+cautious_z1.28,both,G4,r4b_chance_below_0.5,0.1307,0.1187,0.1440
floor_0.05+cautious_z1.28,both,G4,r4b_chance_0.5_to_0.6,0.1395,0.1338,0.1456
floor_0.05+cautious_z1.28,both,G4,r4b_chance_0.6_to_0.7,0.2005,0.1954,0.2056
floor_0.05+cautious_z1.28,both,G4,r4b_chance_0.7_to_0.8,0.2447,0.2379,0.2514
floor_0.05+cautious_z1.28,both,G4,r4b_chance_0.8_up,0.2847,0.2713,0.2981
floor_0.05+cautious_z1.28,both,G4,r3_reachable,0.9446,0.9358,0.9522
floor_0.05+cautious_z1.28,both,G4,r8_rank_6_20,3.9533,3.4667,4.4267
floor_0.05+cautious_z1.28,both,G4,r8_topic_rank_6_20,18.2733,17.2733,19.2400
floor_0.05+cautious_z1.28,both,G4,r8_rank_150_200,1.5490,1.3255,1.8020
floor_0.05+cautious_z1.28,both,G4,r8_topic_rank_150_200,8.9765,8.5706,9.3843
floor_0.05+cautious_z1.28,both,G4,r2_ece,0.0139,0.0111,0.0169
floor_0.05+cautious_z1.28,both,G4,r4b_3,0.1082,0.0977,0.1190
floor_0.05+cautious_z1.28,both,G4,r4b_5,0.1310,0.1187,0.1432
floor_0.05+cautious_z1.28,both,G4,r4b_10,0.1402,0.1270,0.1540
floor_0.05+cautious_z1.28,both,G4,r4b_20,0.1460,0.1312,0.1613
floor_0.05+cautious_z1.28,both,G4,r4b_50,0.1460,0.1315,0.1606
floor_0.05+cautious_z1.28,both,G4,r8_move_p95_6_20,74.0000,73.0000,74.0000
floor_0.05+cautious_z1.28,both,G4,r8_move_p95_150_200,41.0000,40.0000,41.0000
floor_0.05+cautious_z1.28,both,G5,r1_rms_5,0.9188,0.8764,0.9614
floor_0.05+cautious_z1.28,both,G5,r1_mean_5,0.0248,-0.0496,0.0960
floor_0.05+cautious_z1.28,both,G5,r1_rms_10,0.8574,0.8213,0.8963
floor_0.05+cautious_z1.28,both,G5,r1_mean_10,0.0049,-0.0551,0.0704
floor_0.05+cautious_z1.28,both,G5,r1_rms_20,0.8857,0.8564,0.9139
floor_0.05+cautious_z1.28,both,G5,r1_mean_20,-0.0351,-0.0875,0.0148
floor_0.05+cautious_z1.28,both,G5,r1_rms_50,0.7483,0.7287,0.7695
floor_0.05+cautious_z1.28,both,G5,r1_mean_50,-0.0617,-0.0978,-0.0247
floor_0.05+cautious_z1.28,both,G5,r1_rms_100,0.6269,0.6120,0.6412
floor_0.05+cautious_z1.28,both,G5,r1_mean_100,-0.0850,-0.1099,-0.0596
floor_0.05+cautious_z1.28,both,G5,r1_rms_200,0.5341,0.5238,0.5446
floor_0.05+cautious_z1.28,both,G5,r1_mean_200,-0.0966,-0.1127,-0.0798
floor_0.05+cautious_z1.28,both,G5,r2_brier,0.1775,0.1756,0.1795
floor_0.05+cautious_z1.28,both,G5,r2_bias,0.0080,0.0048,0.0111
floor_0.05+cautious_z1.28,both,G5,r3_inside,0.4095,0.4032,0.4154
floor_0.05+cautious_z1.28,both,G5,r3_below_0.5,0.0530,0.0474,0.0589
floor_0.05+cautious_z1.28,both,G5,r3_above_0.95,0.0363,0.0325,0.0403
floor_0.05+cautious_z1.28,both,G5,r4_false,0.0230,0.0181,0.0285
floor_0.05+cautious_z1.28,both,G5,r4_false_0.70,0.0052,0.0028,0.0081
floor_0.05+cautious_z1.28,both,G5,r4_below,0.5535,0.5360,0.5721
floor_0.05+cautious_z1.28,both,G5,r4_false_at_task,0.0261,0.0186,0.0353
floor_0.05+cautious_z1.28,both,G5,r4_declared,7.8110,7.4210,8.1780
floor_0.05+cautious_z1.28,both,G5,r5_late_answers,4.8790,4.6657,5.0842
floor_0.05+cautious_z1.28,both,G5,r5_never,0.2713,0.2557,0.2878
floor_0.05+cautious_z1.28,both,G5,r6_lag,-0.1119,-0.1307,-0.0933
floor_0.05+cautious_z1.28,both,G5,r7_error_5,0.9882,0.9428,1.0325
floor_0.05+cautious_z1.28,both,G5,r7_error_10,0.9334,0.8911,0.9740
floor_0.05+cautious_z1.28,both,G5,r7_longest_wrong,1.8480,1.7830,1.9120
floor_0.05+cautious_z1.28,both,G5,r7_hard_first,0.1432,0.1306,0.1565
floor_0.05+cautious_z1.28,both,G5,r4b_chance_below_0.5,0.1258,0.1093,0.1433
floor_0.05+cautious_z1.28,both,G5,r4b_chance_0.5_to_0.6,0.1393,0.1319,0.1468
floor_0.05+cautious_z1.28,both,G5,r4b_chance_0.6_to_0.7,0.2201,0.2128,0.2277
floor_0.05+cautious_z1.28,both,G5,r4b_chance_0.7_to_0.8,0.2651,0.2554,0.2747
floor_0.05+cautious_z1.28,both,G5,r4b_chance_0.8_up,0.2497,0.2354,0.2641
floor_0.05+cautious_z1.28,both,G5,r3_reachable,0.9105,0.8983,0.9219
floor_0.05+cautious_z1.28,both,G5,r8_rank_6_20,3.5733,3.1133,4.0400
floor_0.05+cautious_z1.28,both,G5,r8_topic_rank_6_20,17.9200,17.0000,18.8333
floor_0.05+cautious_z1.28,both,G5,r8_rank_150_200,1.6843,1.4353,1.9412
floor_0.05+cautious_z1.28,both,G5,r8_topic_rank_150_200,8.7745,8.3902,9.1765
floor_0.05+cautious_z1.28,both,G5,r2_ece,0.0105,0.0074,0.0139
floor_0.05+cautious_z1.28,both,G5,r4b_3,0.1432,0.1302,0.1567
floor_0.05+cautious_z1.28,both,G5,r4b_5,0.1726,0.1566,0.1881
floor_0.05+cautious_z1.28,both,G5,r4b_10,0.1854,0.1689,0.2016
floor_0.05+cautious_z1.28,both,G5,r4b_20,0.1899,0.1730,0.2068
floor_0.05+cautious_z1.28,both,G5,r4b_50,0.1962,0.1776,0.2153
floor_0.05+cautious_z1.28,both,G5,r8_move_p95_6_20,73.0000,73.0000,74.0000
floor_0.05+cautious_z1.28,both,G5,r8_move_p95_150_200,40.0000,39.0000,40.0000
floor_0.05+cautious_z1.28,both,G6,r1_rms_5,1.0393,0.9984,1.0797
floor_0.05+cautious_z1.28,both,G6,r1_mean_5,-0.0462,-0.1173,0.0249
floor_0.05+cautious_z1.28,both,G6,r1_rms_10,0.9795,0.9412,1.0187
floor_0.05+cautious_z1.28,both,G6,r1_mean_10,-0.0820,-0.1462,-0.0160
floor_0.05+cautious_z1.28,both,G6,r1_rms_20,0.9050,0.8713,0.9408
floor_0.05+cautious_z1.28,both,G6,r1_mean_20,-0.1039,-0.1663,-0.0440
floor_0.05+cautious_z1.28,both,G6,r1_rms_50,0.8100,0.7832,0.8398
floor_0.05+cautious_z1.28,both,G6,r1_mean_50,-0.1539,-0.2034,-0.1057
floor_0.05+cautious_z1.28,both,G6,r1_rms_100,0.7583,0.7316,0.7855
floor_0.05+cautious_z1.28,both,G6,r1_mean_100,-0.1996,-0.2438,-0.1560
floor_0.05+cautious_z1.28,both,G6,r1_rms_200,0.7497,0.7260,0.7739
floor_0.05+cautious_z1.28,both,G6,r1_mean_200,-0.2406,-0.2838,-0.1993
floor_0.05+cautious_z1.28,both,G6,r2_brier,0.1779,0.1762,0.1797
floor_0.05+cautious_z1.28,both,G6,r2_bias,0.0112,0.0085,0.0145
floor_0.05+cautious_z1.28,both,G6,r3_inside,0.4266,0.4123,0.4401
floor_0.05+cautious_z1.28,both,G6,r3_below_0.5,0.0563,0.0519,0.0605
floor_0.05+cautious_z1.28,both,G6,r3_above_0.95,0.0938,0.0868,0.1010
floor_0.05+cautious_z1.28,both,G6,r4_false,0.0523,0.0424,0.0631
floor_0.05+cautious_z1.28,both,G6,r4_false_0.70,0.0081,0.0054,0.0113
floor_0.05+cautious_z1.28,both,G6,r4_below,0.5117,0.4935,0.5299
floor_0.05+cautious_z1.28,both,G6,r4_false_at_task,0.0622,0.0482,0.0783
floor_0.05+cautious_z1.28,both,G6,r4_declared,7.9990,7.5920,8.4020
floor_0.05+cautious_z1.28,both,G6,r5_late_answers,4.8208,4.6461,5.0108
floor_0.05+cautious_z1.28,both,G6,r5_never,0.2234,0.2054,0.2406
floor_0.05+cautious_z1.28,both,G6,r6_lag,-0.2260,-0.2688,-0.1837
floor_0.05+cautious_z1.28,both,G6,r7_error_5,0.8908,0.8467,0.9373
floor_0.05+cautious_z1.28,both,G6,r7_error_10,0.8213,0.7770,0.8665
floor_0.05+cautious_z1.28,both,G6,r7_longest_wrong,1.7840,1.7310,1.8410
floor_0.05+cautious_z1.28,both,G6,r7_hard_first,0.1330,0.1229,0.1435
floor_0.05+cautious_z1.28,both,G6,r4b_chance_below_0.5,0.0983,0.0887,0.1099
floor_0.05+cautious_z1.28,both,G6,r4b_chance_0.5_to_0.6,0.1094,0.1011,0.1181
floor_0.05+cautious_z1.28,both,G6,r4b_chance_0.6_to_0.7,0.2363,0.2238,0.2483
floor_0.05+cautious_z1.28,both,G6,r4b_chance_0.7_to_0.8,0.3231,0.3093,0.3371
floor_0.05+cautious_z1.28,both,G6,r4b_chance_0.8_up,0.2328,0.2183,0.2465
floor_0.05+cautious_z1.28,both,G6,r3_reachable,0.7920,0.7779,0.8062
floor_0.05+cautious_z1.28,both,G6,r8_rank_6_20,4.0867,3.6200,4.5600
floor_0.05+cautious_z1.28,both,G6,r8_topic_rank_6_20,18.2867,17.3200,19.2733
floor_0.05+cautious_z1.28,both,G6,r8_rank_150_200,1.5510,1.3157,1.8098
floor_0.05+cautious_z1.28,both,G6,r8_topic_rank_150_200,8.6392,8.2569,9.0314
floor_0.05+cautious_z1.28,both,G6,r2_ece,0.0132,0.0102,0.0162
floor_0.05+cautious_z1.28,both,G6,r4b_3,0.1554,0.1413,0.1692
floor_0.05+cautious_z1.28,both,G6,r4b_5,0.1904,0.1740,0.2074
floor_0.05+cautious_z1.28,both,G6,r4b_10,0.1978,0.1808,0.2139
floor_0.05+cautious_z1.28,both,G6,r4b_20,0.2047,0.1880,0.2231
floor_0.05+cautious_z1.28,both,G6,r4b_50,0.2047,0.1874,0.2240
floor_0.05+cautious_z1.28,both,G6,r8_move_p95_6_20,73.0000,73.0000,73.0000
floor_0.05+cautious_z1.28,both,G6,r8_move_p95_150_200,40.0000,40.0000,41.0000
floor_0.05+cautious_z1.28,both,G7,r1_rms_5,1.0154,0.9805,1.0516
floor_0.05+cautious_z1.28,both,G7,r1_mean_5,-0.0603,-0.1309,0.0063
floor_0.05+cautious_z1.28,both,G7,r1_rms_10,0.9493,0.9205,0.9798
floor_0.05+cautious_z1.28,both,G7,r1_mean_10,-0.0853,-0.1446,-0.0243
floor_0.05+cautious_z1.28,both,G7,r1_rms_20,0.8605,0.8357,0.8860
floor_0.05+cautious_z1.28,both,G7,r1_mean_20,-0.1124,-0.1659,-0.0620
floor_0.05+cautious_z1.28,both,G7,r1_rms_50,0.7241,0.7052,0.7430
floor_0.05+cautious_z1.28,both,G7,r1_mean_50,-0.1387,-0.1775,-0.1014
floor_0.05+cautious_z1.28,both,G7,r1_rms_100,0.6229,0.6107,0.6351
floor_0.05+cautious_z1.28,both,G7,r1_mean_100,-0.1523,-0.1809,-0.1245
floor_0.05+cautious_z1.28,both,G7,r1_rms_200,0.5550,0.5452,0.5649
floor_0.05+cautious_z1.28,both,G7,r1_mean_200,-0.1587,-0.1812,-0.1375
floor_0.05+cautious_z1.28,both,G7,r2_brier,0.1750,0.1732,0.1768
floor_0.05+cautious_z1.28,both,G7,r2_bias,0.0057,0.0028,0.0087
floor_0.05+cautious_z1.28,both,G7,r3_inside,0.4287,0.4232,0.4340
floor_0.05+cautious_z1.28,both,G7,r3_below_0.5,0.0420,0.0379,0.0466
floor_0.05+cautious_z1.28,both,G7,r3_above_0.95,0.0286,0.0257,0.0314
floor_0.05+cautious_z1.28,both,G7,r4_false,0.0235,0.0192,0.0279
floor_0.05+cautious_z1.28,both,G7,r4_false_0.70,0.0044,0.0029,0.0062
floor_0.05+cautious_z1.28,both,G7,r4_below,0.5425,0.5230,0.5616
floor_0.05+cautious_z1.28,both,G7,r4_false_at_task,0.0282,0.0217,0.0348
floor_0.05+cautious_z1.28,both,G7,r4_declared,7.9740,7.5750,8.3920
floor_0.05+cautious_z1.28,both,G7,r5_late_answers,4.9591,4.7652,5.1528
floor_0.05+cautious_z1.28,both,G7,r5_never,0.2282,0.2118,0.2447
floor_0.05+cautious_z1.28,both,G7,r6_lag,-0.1558,-0.1786,-0.1338
floor_0.05+cautious_z1.28,both,G7,r7_error_5,0.8754,0.8375,0.9147
floor_0.05+cautious_z1.28,both,G7,r7_error_10,0.7987,0.7630,0.8366
floor_0.05+cautious_z1.28,both,G7,r7_longest_wrong,1.8040,1.7450,1.8650
floor_0.05+cautious_z1.28,both,G7,r7_hard_first,0.1488,0.1369,0.1610
floor_0.05+cautious_z1.28,both,G7,r4b_chance_below_0.5,0.0994,0.0866,0.1124
floor_0.05+cautious_z1.28,both,G7,r4b_chance_0.5_to_0.6,0.1257,0.1198,0.1317
floor_0.05+cautious_z1.28,both,G7,r4b_chance_0.6_to_0.7,0.2112,0.2054,0.2171
floor_0.05+cautious_z1.28,both,G7,r4b_chance_0.7_to_0.8,0.2847,0.2776,0.2923
floor_0.05+cautious_z1.28,both,G7,r4b_chance_0.8_up,0.2791,0.2667,0.2920
floor_0.05+cautious_z1.28,both,G7,r3_reachable,0.9268,0.9175,0.9355
floor_0.05+cautious_z1.28,both,G7,r8_rank_6_20,3.8733,3.4067,4.3867
floor_0.05+cautious_z1.28,both,G7,r8_topic_rank_6_20,17.7867,16.8067,18.7600
floor_0.05+cautious_z1.28,both,G7,r8_rank_150_200,1.8333,1.5843,2.0980
floor_0.05+cautious_z1.28,both,G7,r8_topic_rank_150_200,8.8098,8.4118,9.2039
floor_0.05+cautious_z1.28,both,G7,r2_ece,0.0077,0.0048,0.0107
floor_0.05+cautious_z1.28,both,G7,r4b_3,0.1474,0.1351,0.1608
floor_0.05+cautious_z1.28,both,G7,r4b_5,0.1746,0.1599,0.1892
floor_0.05+cautious_z1.28,both,G7,r4b_10,0.1842,0.1700,0.1997
floor_0.05+cautious_z1.28,both,G7,r4b_20,0.1884,0.1729,0.2042
floor_0.05+cautious_z1.28,both,G7,r4b_50,0.1958,0.1771,0.2171
floor_0.05+cautious_z1.28,both,G7,r8_move_p95_6_20,73.0000,73.0000,74.0000
floor_0.05+cautious_z1.28,both,G7,r8_move_p95_150_200,41.0000,40.0000,41.0000
floor_0.05+cautious_z1.28,both,G8,r1_rms_5,0.9739,0.9388,1.0081
floor_0.05+cautious_z1.28,both,G8,r1_mean_5,0.0486,-0.0170,0.1115
floor_0.05+cautious_z1.28,both,G8,r1_rms_10,0.9043,0.8749,0.9334
floor_0.05+cautious_z1.28,both,G8,r1_mean_10,0.0095,-0.0459,0.0685
floor_0.05+cautious_z1.28,both,G8,r1_rms_20,0.8084,0.7853,0.8336
floor_0.05+cautious_z1.28,both,G8,r1_mean_20,-0.0206,-0.0680,0.0277
floor_0.05+cautious_z1.28,both,G8,r1_rms_50,0.6537,0.6387,0.6696
floor_0.05+cautious_z1.28,both,G8,r1_mean_50,-0.0556,-0.0886,-0.0235
floor_0.05+cautious_z1.28,both,G8,r1_rms_100,0.5610,0.5505,0.5723
floor_0.05+cautious_z1.28,both,G8,r1_mean_100,-0.0751,-0.0976,-0.0535
floor_0.05+cautious_z1.28,both,G8,r1_rms_200,0.4875,0.4798,0.4953
floor_0.05+cautious_z1.28,both,G8,r1_mean_200,-0.0848,-0.1002,-0.0684
floor_0.05+cautious_z1.28,both,G8,r2_brier,0.1756,0.1740,0.1773
floor_0.05+cautious_z1.28,both,G8,r2_bias,0.0070,0.0042,0.0100
floor_0.05+cautious_z1.28,both,G8,r3_inside,0.4365,0.4315,0.4414
floor_0.05+cautious_z1.28,both,G8,r3_below_0.5,0.0392,0.0353,0.0434
floor_0.05+cautious_z1.28,both,G8,r3_above_0.95,0.0268,0.0241,0.0296
floor_0.05+cautious_z1.28,both,G8,r4_false,0.0239,0.0195,0.0286
floor_0.05+cautious_z1.28,both,G8,r4_false_0.70,0.0045,0.0029,0.0064
floor_0.05+cautious_z1.28,both,G8,r4_below,0.5229,0.5058,0.5400
floor_0.05+cautious_z1.28,both,G8,r4_false_at_task,0.0263,0.0202,0.0334
floor_0.05+cautious_z1.28,both,G8,r4_declared,8.0400,7.6450,8.4270
floor_0.05+cautious_z1.28,both,G8,r5_late_answers,4.8556,4.6712,5.0380
floor_0.05+cautious_z1.28,both,G8,r5_never,0.2383,0.2221,0.2537
floor_0.05+cautious_z1.28,both,G8,r6_lag,-0.0879,-0.1036,-0.0730
floor_0.05+cautious_z1.28,both,G8,r7_error_5,0.8211,0.7827,0.8646
floor_0.05+cautious_z1.28,both,G8,r7_error_10,0.7441,0.7086,0.7803
floor_0.05+cautious_z1.28,both,G8,r7_longest_wrong,1.8050,1.7500,1.8700
floor_0.05+cautious_z1.28,both,G8,r7_hard_first,0.1405,0.1299,0.1521
floor_0.05+cautious_z1.28,both,G8,r4b_chance_below_0.5,0.0917,0.0804,0.1042
floor_0.05+cautious_z1.28,both,G8,r4b_chance_0.5_to_0.6,0.1248,0.1191,0.1313
floor_0.05+cautious_z1.28,both,G8,r4b_chance_0.6_to_0.7,0.2128,0.2065,0.2190
floor_0.05+cautious_z1.28,both,G8,r4b_chance_0.7_to_0.8,0.2873,0.2801,0.2942
floor_0.05+cautious_z1.28,both,G8,r4b_chance_0.8_up,0.2835,0.2709,0.2964
floor_0.05+cautious_z1.28,both,G8,r3_reachable,0.9412,0.9331,0.9489
floor_0.05+cautious_z1.28,both,G8,r8_rank_6_20,3.6200,3.1667,4.1000
floor_0.05+cautious_z1.28,both,G8,r8_topic_rank_6_20,17.9200,16.9933,18.8267
floor_0.05+cautious_z1.28,both,G8,r8_rank_150_200,1.8098,1.5549,2.0804
floor_0.05+cautious_z1.28,both,G8,r8_topic_rank_150_200,9.3569,8.9529,9.7569
floor_0.05+cautious_z1.28,both,G8,r2_ece,0.0088,0.0060,0.0117
floor_0.05+cautious_z1.28,both,G8,r4b_3,0.1377,0.1262,0.1494
floor_0.05+cautious_z1.28,both,G8,r4b_5,0.1725,0.1584,0.1860
floor_0.05+cautious_z1.28,both,G8,r4b_10,0.1868,0.1727,0.2018
floor_0.05+cautious_z1.28,both,G8,r4b_20,0.1935,0.1779,0.2098
floor_0.05+cautious_z1.28,both,G8,r4b_50,0.1935,0.1770,0.2094
floor_0.05+cautious_z1.28,both,G8,r8_move_p95_6_20,73.0000,73.0000,74.0000
floor_0.05+cautious_z1.28,both,G8,r8_move_p95_150_200,41.0000,41.0000,41.0000
floor_0.05+cautious_z1.28,both,G0-exact,r1_rms_5,0.9951,0.9591,1.0339
floor_0.05+cautious_z1.28,both,G0-exact,r1_mean_5,0.0084,-0.0585,0.0763
floor_0.05+cautious_z1.28,both,G0-exact,r1_rms_10,0.9290,0.9001,0.9594
floor_0.05+cautious_z1.28,both,G0-exact,r1_mean_10,-0.0131,-0.0691,0.0463
floor_0.05+cautious_z1.28,both,G0-exact,r1_rms_20,0.8162,0.7921,0.8421
floor_0.05+cautious_z1.28,both,G0-exact,r1_mean_20,-0.0229,-0.0693,0.0221
floor_0.05+cautious_z1.28,both,G0-exact,r1_rms_50,0.6600,0.6448,0.6751
floor_0.05+cautious_z1.28,both,G0-exact,r1_mean_50,-0.0442,-0.0766,-0.0116
floor_0.05+cautious_z1.28,both,G0-exact,r1_rms_100,0.5510,0.5416,0.5619
floor_0.05+cautious_z1.28,both,G0-exact,r1_mean_100,-0.0562,-0.0777,-0.0349
floor_0.05+cautious_z1.28,both,G0-exact,r1_rms_200,0.4739,0.4664,0.4816
floor_0.05+cautious_z1.28,both,G0-exact,r1_mean_200,-0.0493,-0.0656,-0.0341
floor_0.05+cautious_z1.28,both,G0-exact,r2_brier,0.1738,0.1721,0.1756
floor_0.05+cautious_z1.28,both,G0-exact,r2_bias,0.0037,0.0008,0.0066
floor_0.05+cautious_z1.28,both,G0-exact,r3_inside,0.5440,0.5343,0.5539
floor_0.05+cautious_z1.28,both,G0-exact,r3_below_0.5,0.0212,0.0180,0.0246
floor_0.05+cautious_z1.28,both,G0-exact,r3_above_0.95,0.0101,0.0084,0.0121
floor_0.05+cautious_z1.28,both,G0-exact,r4_false,0.0255,0.0214,0.0301
floor_0.05+cautious_z1.28,both,G0-exact,r4_false_0.70,0.0046,0.0031,0.0063
floor_0.05+cautious_z1.28,both,G0-exact,r4_below,0.5352,0.5165,0.5537
floor_0.05+cautious_z1.28,both,G0-exact,r4_false_at_task,0.0250,0.0188,0.0315
floor_0.05+cautious_z1.28,both,G0-exact,r4_declared,7.7590,7.3610,8.1510
floor_0.05+cautious_z1.28,both,G0-exact,r5_late_answers,4.8936,4.7019,5.0975
floor_0.05+cautious_z1.28,both,G0-exact,r5_never,0.2332,0.2173,0.2507
floor_0.05+cautious_z1.28,both,G0-exact,r6_lag,-0.0504,-0.0659,-0.0358
floor_0.05+cautious_z1.28,both,G0-exact,r7_error_5,0.8598,0.8207,0.9025
floor_0.05+cautious_z1.28,both,G0-exact,r7_error_10,0.7836,0.7474,0.8198
floor_0.05+cautious_z1.28,both,G0-exact,r7_longest_wrong,1.7960,1.7390,1.8530
floor_0.05+cautious_z1.28,both,G0-exact,r7_hard_first,0.1226,0.1112,0.1347
floor_0.05+cautious_z1.28,both,G0-exact,r4b_chance_below_0.5,0.0517,0.0436,0.0609
floor_0.05+cautious_z1.28,both,G0-exact,r4b_chance_0.5_to_0.6,0.0936,0.0857,0.1026
floor_0.05+cautious_z1.28,both,G0-exact,r4b_chance_0.6_to_0.7,0.2579,0.2440,0.2720
floor_0.05+cautious_z1.28,both,G0-exact,r4b_chance_0.7_to_0.8,0.3953,0.3789,0.4120
floor_0.05+cautious_z1.28,both,G0-exact,r4b_chance_0.8_up,0.2015,0.1869,0.2175
floor_0.05+cautious_z1.28,both,G0-exact,r3_reachable,0.9325,0.9243,0.9406
floor_0.05+cautious_z1.28,both,G0-exact,r8_rank_6_20,3.5667,3.1067,4.0467
floor_0.05+cautious_z1.28,both,G0-exact,r8_topic_rank_6_20,17.8533,16.9133,18.8067
floor_0.05+cautious_z1.28,both,G0-exact,r8_rank_150_200,1.6078,1.3588,1.8745
floor_0.05+cautious_z1.28,both,G0-exact,r8_topic_rank_150_200,8.7941,8.3941,9.1922
floor_0.05+cautious_z1.28,both,G0-exact,r2_ece,0.0060,0.0031,0.0087
floor_0.05+cautious_z1.28,both,G0-exact,r4b_3,0.1444,0.1319,0.1565
floor_0.05+cautious_z1.28,both,G0-exact,r4b_5,0.1773,0.1635,0.1922
floor_0.05+cautious_z1.28,both,G0-exact,r4b_10,0.1868,0.1723,0.2025
floor_0.05+cautious_z1.28,both,G0-exact,r4b_20,0.1973,0.1808,0.2135
floor_0.05+cautious_z1.28,both,G0-exact,r4b_50,0.2011,0.1836,0.2196
floor_0.05+cautious_z1.28,both,G0-exact,r8_move_p95_6_20,73.0000,72.0000,73.0000
floor_0.05+cautious_z1.28,both,G0-exact,r8_move_p95_150_200,40.0000,40.0000,41.0000
floor_0.05+cautious_z1.28,both,G0-miss0.25,r1_rms_5,0.9973,0.9612,1.0322
floor_0.05+cautious_z1.28,both,G0-miss0.25,r1_mean_5,0.0220,-0.0411,0.0884
floor_0.05+cautious_z1.28,both,G0-miss0.25,r1_rms_10,0.9303,0.9008,0.9613
floor_0.05+cautious_z1.28,both,G0-miss0.25,r1_mean_10,-0.0112,-0.0697,0.0445
floor_0.05+cautious_z1.28,both,G0-miss0.25,r1_rms_20,0.8199,0.7962,0.8440
floor_0.05+cautious_z1.28,both,G0-miss0.25,r1_mean_20,-0.0386,-0.0875,0.0091
floor_0.05+cautious_z1.28,both,G0-miss0.25,r1_rms_50,0.6630,0.6473,0.6793
floor_0.05+cautious_z1.28,both,G0-miss0.25,r1_mean_50,-0.0618,-0.0958,-0.0279
floor_0.05+cautious_z1.28,both,G0-miss0.25,r1_rms_100,0.5589,0.5487,0.5697
floor_0.05+cautious_z1.28,both,G0-miss0.25,r1_mean_100,-0.0664,-0.0894,-0.0448
floor_0.05+cautious_z1.28,both,G0-miss0.25,r1_rms_200,0.4776,0.4700,0.4850
floor_0.05+cautious_z1.28,both,G0-miss0.25,r1_mean_200,-0.0689,-0.0838,-0.0529
floor_0.05+cautious_z1.28,both,G0-miss0.25,r2_brier,0.1744,0.1725,0.1762
floor_0.05+cautious_z1.28,both,G0-miss0.25,r2_bias,0.0048,0.0019,0.0077
floor_0.05+cautious_z1.28,both,G0-miss0.25,r3_inside,0.5033,0.4949,0.5107
floor_0.05+cautious_z1.28,both,G0-miss0.25,r3_below_0.5,0.0264,0.0227,0.0303
floor_0.05+cautious_z1.28,both,G0-miss0.25,r3_above_0.95,0.0143,0.0121,0.0168
floor_0.05+cautious_z1.28,both,G0-miss0.25,r4_false,0.0264,0.0219,0.0311
floor_0.05+cautious_z1.28,both,G0-miss0.25,r4_false_0.70,0.0049,0.0034,0.0065
floor_0.05+cautious_z1.28,both,G0-miss0.25,r4_below,0.5383,0.5218,0.5562
floor_0.05+cautious_z1.28,both,G0-miss0.25,r4_false_at_task,0.0271,0.0208,0.0337
floor_0.05+cautious_z1.28,both,G0-miss0.25,r4_declared,8.1430,7.7540,8.5490
floor_0.05+cautious_z1.28,both,G0-miss0.25,r5_late_answers,4.7889,4.5927,4.9839
floor_0.05+cautious_z1.28,both,G0-miss0.25,r5_never,0.2112,0.1956,0.2268
floor_0.05+cautious_z1.28,both,G0-miss0.25,r6_lag,-0.0586,-0.0735,-0.0425
floor_0.05+cautious_z1.28,both,G0-miss0.25,r7_error_5,0.8725,0.8336,0.9118
floor_0.05+cautious_z1.28,both,G0-miss0.25,r7_error_10,0.7915,0.7551,0.8286
floor_0.05+cautious_z1.28,both,G0-miss0.25,r7_longest_wrong,1.8090,1.7510,1.8690
floor_0.05+cautious_z1.28,both,G0-miss0.25,r7_hard_first,0.1315,0.1202,0.1432
floor_0.05+cautious_z1.28,both,G0-miss0.25,r4b_chance_below_0.5,0.0650,0.0551,0.0757
floor_0.05+cautious_z1.28,both,G0-miss0.25,r4b_chance_0.5_to_0.6,0.1115,0.1027,0.1213
floor_0.05+cautious_z1.28,both,G0-miss0.25,r4b_chance_0.6_to_0.7,0.2439,0.2350,0.2530
floor_0.05+cautious_z1.28,both,G0-miss0.25,r4b_chance_0.7_to_0.8,0.3461,0.3344,0.3573
floor_0.05+cautious_z1.28,both,G0-miss0.25,r4b_chance_0.8_up,0.2335,0.2187,0.2485
floor_0.05+cautious_z1.28,both,G0-miss0.25,r3_reachable,0.9354,0.9261,0.9442
floor_0.05+cautious_z1.28,both,G0-miss0.25,r8_rank_6_20,3.4800,3.0600,3.9133
floor_0.05+cautious_z1.28,both,G0-miss0.25,r8_topic_rank_6_20,17.0533,16.0933,17.9867
floor_0.05+cautious_z1.28,both,G0-miss0.25,r8_rank_150_200,1.6137,1.3725,1.8784
floor_0.05+cautious_z1.28,both,G0-miss0.25,r8_topic_rank_150_200,8.4529,8.0902,8.8490
floor_0.05+cautious_z1.28,both,G0-miss0.25,r2_ece,0.0063,0.0036,0.0092
floor_0.05+cautious_z1.28,both,G0-miss0.25,r4b_3,0.1580,0.1455,0.1705
floor_0.05+cautious_z1.28,both,G0-miss0.25,r4b_5,0.1909,0.1773,0.2046
floor_0.05+cautious_z1.28,both,G0-miss0.25,r4b_10,0.2017,0.1861,0.2167
floor_0.05+cautious_z1.28,both,G0-miss0.25,r4b_20,0.2115,0.1957,0.2284
floor_0.05+cautious_z1.28,both,G0-miss0.25,r4b_50,0.2166,0.1989,0.2375
floor_0.05+cautious_z1.28,both,G0-miss0.25,r8_move_p95_6_20,73.0000,73.0000,74.0000
floor_0.05+cautious_z1.28,both,G0-miss0.25,r8_move_p95_150_200,41.0000,40.0000,41.0000
floor_0.05+cautious_z1.28,both,G0-miss1,r1_rms_5,1.0346,0.9991,1.0699
floor_0.05+cautious_z1.28,both,G0-miss1,r1_mean_5,-0.0610,-0.1287,0.0084
floor_0.05+cautious_z1.28,both,G0-miss1,r1_rms_10,0.9701,0.9387,1.0017
floor_0.05+cautious_z1.28,both,G0-miss1,r1_mean_10,-0.1012,-0.1574,-0.0419
floor_0.05+cautious_z1.28,both,G0-miss1,r1_rms_20,0.8771,0.8501,0.9043
floor_0.05+cautious_z1.28,both,G0-miss1,r1_mean_20,-0.1299,-0.1809,-0.0756
floor_0.05+cautious_z1.28,both,G0-miss1,r1_rms_50,0.7272,0.7076,0.7465
floor_0.05+cautious_z1.28,both,G0-miss1,r1_mean_50,-0.1829,-0.2195,-0.1481
floor_0.05+cautious_z1.28,both,G0-miss1,r1_rms_100,0.6239,0.6102,0.6383
floor_0.05+cautious_z1.28,both,G0-miss1,r1_mean_100,-0.2109,-0.2359,-0.1837
floor_0.05+cautious_z1.28,both,G0-miss1,r1_rms_200,0.5441,0.5342,0.5542
floor_0.05+cautious_z1.28,both,G0-miss1,r1_mean_200,-0.2274,-0.2441,-0.2088
floor_0.05+cautious_z1.28,both,G0-miss1,r2_brier,0.1771,0.1753,0.1788
floor_0.05+cautious_z1.28,both,G0-miss1,r2_bias,0.0091,0.0062,0.0121
floor_0.05+cautious_z1.28,both,G0-miss1,r3_inside,0.2967,0.2938,0.2998
floor_0.05+cautious_z1.28,both,G0-miss1,r3_below_0.5,0.0904,0.0859,0.0951
floor_0.05+cautious_z1.28,both,G0-miss1,r3_above_0.95,0.1088,0.1040,0.1140
floor_0.05+cautious_z1.28,both,G0-miss1,r4_false,0.0207,0.0161,0.0256
floor_0.05+cautious_z1.28,both,G0-miss1,r4_false_0.70,0.0044,0.0025,0.0069
floor_0.05+cautious_z1.28,both,G0-miss1,r4_below,0.5467,0.5276,0.5660
floor_0.05+cautious_z1.28,both,G0-miss1,r4_false_at_task,0.0253,0.0171,0.0345
floor_0.05+cautious_z1.28,both,G0-miss1,r4_declared,7.6720,7.2590,8.0780
floor_0.05+cautious_z1.28,both,G0-miss1,r5_late_answers,4.8266,4.6244,5.0279
floor_0.05+cautious_z1.28,both,G0-miss1,r5_never,0.2735,0.2553,0.2917
floor_0.05+cautious_z1.28,both,G0-miss1,r6_lag,-0.2276,-0.2468,-0.2086
floor_0.05+cautious_z1.28,both,G0-miss1,r7_error_5,0.8925,0.8531,0.9361
floor_0.05+cautious_z1.28,both,G0-miss1,r7_error_10,0.8213,0.7828,0.8602
floor_0.05+cautious_z1.28,both,G0-miss1,r7_longest_wrong,1.8190,1.7620,1.8800
floor_0.05+cautious_z1.28,both,G0-miss1,r7_hard_first,0.1785,0.1677,0.1898
floor_0.05+cautious_z1.28,both,G0-miss1,r4b_chance_below_0.5,0.1591,0.1492,0.1700
floor_0.05+cautious_z1.28,both,G0-miss1,r4b_chance_0.5_to_0.6,0.1156,0.1116,0.1195
floor_0.05+cautious_z1.28,both,G0-miss1,r4b_chance_0.6_to_0.7,0.1538,0.1499,0.1576
floor_0.05+cautious_z1.28,both,G0-miss1,r4b_chance_0.7_to_0.8,0.1890,0.1850,0.1928
floor_0.05+cautious_z1.28,both,G0-miss1,r4b_chance_0.8_up,0.3826,0.3703,0.3938
floor_0.05+cautious_z1.28,both,G0-miss1,r3_reachable,0.9408,0.9327,0.9495
floor_0.05+cautious_z1.28,both,G0-miss1,r8_rank_6_20,3.6333,3.1733,4.0867
floor_0.05+cautious_z1.28,both,G0-miss1,r8_topic_rank_6_20,17.5800,16.6933,18.5200
floor_0.05+cautious_z1.28,both,G0-miss1,r8_rank_150_200,1.5922,1.3667,1.8255
floor_0.05+cautious_z1.28,both,G0-miss1,r8_topic_rank_150_200,8.6824,8.2902,9.0627
floor_0.05+cautious_z1.28,both,G0-miss1,r2_ece,0.0106,0.0078,0.0137
floor_0.05+cautious_z1.28,both,G0-miss1,r4b_3,0.1406,0.1272,0.1529
floor_0.05+cautious_z1.28,both,G0-miss1,r4b_5,0.1706,0.1565,0.1850
floor_0.05+cautious_z1.28,both,G0-miss1,r4b_10,0.1786,0.1635,0.1940
floor_0.05+cautious_z1.28,both,G0-miss1,r4b_20,0.1824,0.1664,0.1993
floor_0.05+cautious_z1.28,both,G0-miss1,r4b_50,0.1897,0.1712,0.2093
floor_0.05+cautious_z1.28,both,G0-miss1,r8_move_p95_6_20,73.0000,73.0000,74.0000
floor_0.05+cautious_z1.28,both,G0-miss1,r8_move_p95_150_200,40.0000,40.0000,41.0000
floor_0.05+cautious_z1.28,both,G2-half,r1_rms_5,1.0012,0.9638,1.0388
floor_0.05+cautious_z1.28,both,G2-half,r1_mean_5,-0.0541,-0.1229,0.0132
floor_0.05+cautious_z1.28,both,G2-half,r1_rms_10,0.9427,0.9098,0.9763
floor_0.05+cautious_z1.28,both,G2-half,r1_mean_10,-0.1091,-0.1727,-0.0455
floor_0.05+cautious_z1.28,both,G2-half,r1_rms_20,0.8555,0.8279,0.8837
floor_0.05+cautious_z1.28,both,G2-half,r1_mean_20,-0.1657,-0.2165,-0.1161
floor_0.05+cautious_z1.28,both,G2-half,r1_rms_50,0.7333,0.7135,0.7542
floor_0.05+cautious_z1.28,both,G2-half,r1_mean_50,-0.3015,-0.3379,-0.2626
floor_0.05+cautious_z1.28,both,G2-half,r1_rms_100,0.7012,0.6833,0.7189
floor_0.05+cautious_z1.28,both,G2-half,r1_mean_100,-0.4451,-0.4703,-0.4196
floor_0.05+cautious_z1.28,both,G2-half,r1_rms_200,0.7284,0.7158,0.7413
floor_0.05+cautious_z1.28,both,G2-half,r1_mean_200,-0.5634,-0.5805,-0.5471
floor_0.05+cautious_z1.28,both,G2-half,r2_brier,0.1509,0.1492,0.1526
floor_0.05+cautious_z1.28,both,G2-half,r2_bias,-0.0379,-0.0409,-0.0349
floor_0.05+cautious_z1.28,both,G2-half,r3_inside,0.3725,0.3664,0.3787
floor_0.05+cautious_z1.28,both,G2-half,r3_below_0.5,0.0239,0.0212,0.0272
floor_0.05+cautious_z1.28,both,G2-half,r3_above_0.95,0.0628,0.0578,0.0680
floor_0.05+cautious_z1.28,both,G2-half,r4_false,0.0092,0.0068,0.0116
floor_0.05+cautious_z1.28,both,G2-half,r4_false_0.70,0.0016,0.0008,0.0024
floor_0.05+cautious_z1.28,both,G2-half,r4_below,0.5286,0.5100,0.5486
floor_0.05+cautious_z1.28,both,G2-half,r4_false_at_task,0.0119,0.0079,0.0164
floor_0.05+cautious_z1.28,both,G2-half,r4_declared,8.9140,8.5140,9.3260
floor_0.05+cautious_z1.28,both,G2-half,r5_late_answers,6.0738,5.8720,6.2918
floor_0.05+cautious_z1.28,both,G2-half,r5_never,0.3753,0.3603,0.3911
floor_0.05+cautious_z1.28,both,G2-half,r6_lag,-0.5339,-0.5527,-0.5162
floor_0.05+cautious_z1.28,both,G2-half,r7_error_5,0.8592,0.8166,0.9034
floor_0.05+cautious_z1.28,both,G2-half,r7_error_10,0.7886,0.7497,0.8279
floor_0.05+cautious_z1.28,both,G2-half,r7_longest_wrong,1.7270,1.6740,1.7820
floor_0.05+cautious_z1.28,both,G2-half,r7_hard_first,0.1346,0.1228,0.1462
floor_0.05+cautious_z1.28,both,G2-half,r4b_chance_below_0.5,0.0680,0.0594,0.0775
floor_0.05+cautious_z1.28,both,G2-half,r4b_chance_0.5_to_0.6,0.0872,0.0820,0.0926
floor_0.05+cautious_z1.28,both,G2-half,r4b_chance_0.6_to_0.7,0.1687,0.1629,0.1746
floor_0.05+cautious_z1.28,both,G2-half,r4b_chance_0.7_to_0.8,0.2704,0.2635,0.2773
floor_0.05+cautious_z1.28,both,G2-half,r4b_chance_0.8_up,0.4056,0.3904,0.4207
floor_0.05+cautious_z1.28,both,G2-half,r3_reachable,0.9565,0.9519,0.9608
floor_0.05+cautious_z1.28,both,G2-half,r8_rank_6_20,3.7200,3.2533,4.1933
floor_0.05+cautious_z1.28,both,G2-half,r8_topic_rank_6_20,17.2000,16.2400,18.1933
floor_0.05+cautious_z1.28,both,G2-half,r8_rank_150_200,1.7157,1.4882,1.9490
floor_0.05+cautious_z1.28,both,G2-half,r8_topic_rank_150_200,8.8882,8.4961,9.2863
floor_0.05+cautious_z1.28,both,G2-half,r2_ece,0.0379,0.0351,0.0409
floor_0.05+cautious_z1.28,both,G2-half,r4b_3,0.1204,0.1093,0.1318
floor_0.05+cautious_z1.28,both,G2-half,r4b_5,0.1458,0.1325,0.1597
floor_0.05+cautious_z1.28,both,G2-half,r4b_10,0.1717,0.1563,0.1875
floor_0.05+cautious_z1.28,both,G2-half,r4b_20,0.1965,0.1760,0.2178
floor_0.05+cautious_z1.28,both,G2-half,r4b_50,0.2297,0.1950,0.2709
floor_0.05+cautious_z1.28,both,G2-half,r8_move_p95_6_20,73.0000,73.0000,74.0000
floor_0.05+cautious_z1.28,both,G2-half,r8_move_p95_150_200,40.0000,39.0000,40.0000
floor_0.05+cautious_z1.28,both,G2-fading,r1_rms_5,0.9902,0.9535,1.0277
floor_0.05+cautious_z1.28,both,G2-fading,r1_mean_5,-0.0664,-0.1311,0.0019
floor_0.05+cautious_z1.28,both,G2-fading,r1_rms_10,0.9298,0.8976,0.9624
floor_0.05+cautious_z1.28,both,G2-fading,r1_mean_10,-0.1168,-0.1759,-0.0549
floor_0.05+cautious_z1.28,both,G2-fading,r1_rms_20,0.8499,0.8217,0.8768
floor_0.05+cautious_z1.28,both,G2-fading,r1_mean_20,-0.1972,-0.2474,-0.1447
floor_0.05+cautious_z1.28,both,G2-fading,r1_rms_50,0.7418,0.7226,0.7619
floor_0.05+cautious_z1.28,both,G2-fading,r1_mean_50,-0.3318,-0.3678,-0.2952
floor_0.05+cautious_z1.28,both,G2-fading,r1_rms_100,0.6814,0.6643,0.6984
floor_0.05+cautious_z1.28,both,G2-fading,r1_mean_100,-0.4124,-0.4373,-0.3885
floor_0.05+cautious_z1.28,both,G2-fading,r1_rms_200,0.5933,0.5818,0.6044
floor_0.05+cautious_z1.28,both,G2-fading,r1_mean_200,-0.3683,-0.3850,-0.3525
floor_0.05+cautious_z1.28,both,G2-fading,r2_brier,0.1536,0.1519,0.1553
floor_0.05+cautious_z1.28,both,G2-fading,r2_bias,-0.0321,-0.0349,-0.0292
floor_0.05+cautious_z1.28,both,G2-fading,r3_inside,0.3898,0.3838,0.3957
floor_0.05+cautious_z1.28,both,G2-fading,r3_below_0.5,0.0240,0.0213,0.0271
floor_0.05+cautious_z1.28,both,G2-fading,r3_above_0.95,0.0558,0.0510,0.0610
floor_0.05+cautious_z1.28,both,G2-fading,r4_false,0.0117,0.0090,0.0145
floor_0.05+cautious_z1.28,both,G2-fading,r4_false_0.70,0.0012,0.0004,0.0021
floor_0.05+cautious_z1.28,both,G2-fading,r4_below,0.5330,0.5145,0.5523
floor_0.05+cautious_z1.28,both,G2-fading,r4_false_at_task,0.0137,0.0096,0.0181
floor_0.05+cautious_z1.28,both,G2-fading,r4_declared,9.0640,8.6710,9.4560
floor_0.05+cautious_z1.28,both,G2-fading,r5_late_answers,5.9068,5.6997,6.1197
floor_0.05+cautious_z1.28,both,G2-fading,r5_never,0.3300,0.3147,0.3461
floor_0.05+cautious_z1.28,both,G2-fading,r6_lag,-0.3995,-0.4167,-0.3814
floor_0.05+cautious_z1.28,both,G2-fading,r7_error_5,0.8439,0.8018,0.8856
floor_0.05+cautious_z1.28,both,G2-fading,r7_error_10,0.7774,0.7390,0.8150
floor_0.05+cautious_z1.28,both,G2-fading,r7_longest_wrong,1.6750,1.6220,1.7250
floor_0.05+cautious_z1.28,both,G2-fading,r7_hard_first,0.1329,0.1218,0.1447
floor_0.05+cautious_z1.28,both,G2-fading,r4b_chance_below_0.5,0.0664,0.0580,0.0774
floor_0.05+cautious_z1.28,both,G2-fading,r4b_chance_0.5_to_0.6,0.0925,0.0872,0.0981
floor_0.05+cautious_z1.28,both,G2-fading,r4b_chance_0.6_to_0.7,0.1848,0.1780,0.1910
floor_0.05+cautious_z1.28,both,G2-fading,r4b_chance_0.7_to_0.8,0.2814,0.2747,0.2881
floor_0.05+cautious_z1.28,both,G2-fading,r4b_chance_0.8_up,0.3750,0.3596,0.3901
floor_0.05+cautious_z1.28,both,G2-fading,r3_reachable,0.9576,0.9529,0.9616
floor_0.05+cautious_z1.28,both,G2-fading,r8_rank_6_20,3.0600,2.6533,3.4800
floor_0.05+cautious_z1.28,both,G2-fading,r8_topic_rank_6_20,16.7267,15.8200,17.6533
floor_0.05+cautious_z1.28,both,G2-fading,r8_rank_150_200,1.4549,1.2314,1.6745
floor_0.05+cautious_z1.28,both,G2-fading,r8_topic_rank_150_200,8.8510,8.4490,9.2667
floor_0.05+cautious_z1.28,both,G2-fading,r2_ece,0.0321,0.0292,0.0349
floor_0.05+cautious_z1.28,both,G2-fading,r4b_3,0.1395,0.1272,0.1520
floor_0.05+cautious_z1.28,both,G2-fading,r4b_5,0.1673,0.1537,0.1825
floor_0.05+cautious_z1.28,both,G2-fading,r4b_10,0.1905,0.1764,0.2065
floor_0.05+cautious_z1.28,both,G2-fading,r4b_20,0.2043,0.1870,0.2225
floor_0.05+cautious_z1.28,both,G2-fading,r4b_50,0.2348,0.2066,0.2690
floor_0.05+cautious_z1.28,both,G2-fading,r8_move_p95_6_20,73.0000,73.0000,73.0000
floor_0.05+cautious_z1.28,both,G2-fading,r8_move_p95_150_200,41.0000,40.0000,41.0000
floor_0.05+cautious_z1.28,both,G3-drop,r1_rms_5,0.9785,0.9442,1.0109
floor_0.05+cautious_z1.28,both,G3-drop,r1_mean_5,0.0068,-0.0575,0.0727
floor_0.05+cautious_z1.28,both,G3-drop,r1_rms_10,0.9026,0.8735,0.9301
floor_0.05+cautious_z1.28,both,G3-drop,r1_mean_10,-0.0267,-0.0834,0.0306
floor_0.05+cautious_z1.28,both,G3-drop,r1_rms_20,0.8155,0.7919,0.8394
floor_0.05+cautious_z1.28,both,G3-drop,r1_mean_20,-0.0528,-0.1014,-0.0027
floor_0.05+cautious_z1.28,both,G3-drop,r1_rms_50,0.6612,0.6456,0.6773
floor_0.05+cautious_z1.28,both,G3-drop,r1_mean_50,-0.0727,-0.1073,-0.0396
floor_0.05+cautious_z1.28,both,G3-drop,r1_rms_100,0.7103,0.6931,0.7282
floor_0.05+cautious_z1.28,both,G3-drop,r1_mean_100,0.3013,0.2700,0.3359
floor_0.05+cautious_z1.28,both,G3-drop,r1_rms_200,0.5467,0.5359,0.5575
floor_0.05+cautious_z1.28,both,G3-drop,r1_mean_200,0.2710,0.2541,0.2879
floor_0.05+cautious_z1.28,both,G3-drop,r2_brier,0.1997,0.1979,0.2014
floor_0.05+cautious_z1.28,both,G3-drop,r2_bias,0.0500,0.0471,0.0531
floor_0.05+cautious_z1.28,both,G3-drop,r3_inside,0.3901,0.3853,0.3947
floor_0.05+cautious_z1.28,both,G3-drop,r3_below_0.5,0.0806,0.0755,0.0865
floor_0.05+cautious_z1.28,both,G3-drop,r3_above_0.95,0.0209,0.0186,0.0233
floor_0.05+cautious_z1.28,both,G3-drop,r4_false,0.0417,0.0356,0.0485
floor_0.05+cautious_z1.28,both,G3-drop,r4_false_0.70,0.0106,0.0079,0.0135
floor_0.05+cautious_z1.28,both,G3-drop,r4_below,0.4906,0.4742,0.5063
floor_0.05+cautious_z1.28,both,G3-drop,r4_false_at_task,0.0495,0.0400,0.0598
floor_0.05+cautious_z1.28,both,G3-drop,r4_declared,8.0100,7.5940,8.4280
floor_0.05+cautious_z1.28,both,G3-drop,r5_late_answers,3.5625,3.4315,3.6977
floor_0.05+cautious_z1.28,both,G3-drop,r5_never,0.3240,0.3056,0.3412
floor_0.05+cautious_z1.28,both,G3-drop,r6_lag,0.3551,0.3391,0.3707
floor_0.05+cautious_z1.28,both,G3-drop,r6_jump_answers,46.3430,44.2740,48.2710
floor_0.05+cautious_z1.28,both,G3-drop,r6_jump_unsettled,0.1970,0.1720,0.2210
floor_0.05+cautious_z1.28,both,G3-drop,r7_error_5,0.8314,0.7924,0.8704
floor_0.05+cautious_z1.28,both,G3-drop,r7_error_10,0.7534,0.7178,0.7866
floor_0.05+cautious_z1.28,both,G3-drop,r7_longest_wrong,1.7800,1.7260,1.8380
floor_0.05+cautious_z1.28,both,G3-drop,r7_hard_first,0.1338,0.1229,0.1451
floor_0.05+cautious_z1.28,both,G3-drop,r4b_chance_below_0.5,0.1656,0.1514,0.1811
floor_0.05+cautious_z1.28,both,G3-drop,r4b_chance_0.5_to_0.6,0.1755,0.1700,0.1809
floor_0.05+cautious_z1.28,both,G3-drop,r4b_chance_0.6_to_0.7,0.2287,0.2228,0.2341
floor_0.05+cautious_z1.28,both,G3-drop,r4b_chance_0.7_to_0.8,0.2359,0.2293,0.2425
floor_0.05+cautious_z1.28,both,G3-drop,r4b_chance_0.8_up,0.1943,0.1834,0.2050
floor_0.05+cautious_z1.28,both,G3-drop,r3_reachable,0.8917,0.8814,0.9019
floor_0.05+cautious_z1.28,both,G3-drop,r8_rank_6_20,3.5400,3.1067,3.9800
floor_0.05+cautious_z1.28,both,G3-drop,r8_topic_rank_6_20,17.1200,16.2000,18.0267
floor_0.05+cautious_z1.28,both,G3-drop,r8_rank_150_200,2.0686,1.7980,2.3392
floor_0.05+cautious_z1.28,both,G3-drop,r8_topic_rank_150_200,9.6157,9.2137,10.0098
floor_0.05+cautious_z1.28,both,G3-drop,r2_ece,0.0501,0.0471,0.0534
floor_0.05+cautious_z1.28,both,G3-drop,r4b_3,0.1464,0.1351,0.1576
floor_0.05+cautious_z1.28,both,G3-drop,r4b_5,0.1696,0.1565,0.1837
floor_0.05+cautious_z1.28,both,G3-drop,r4b_10,0.1716,0.1583,0.1852
floor_0.05+cautious_z1.28,both,G3-drop,r4b_20,0.1716,0.1580,0.1845
floor_0.05+cautious_z1.28,both,G3-drop,r4b_50,0.1716,0.1582,0.1851
floor_0.05+cautious_z1.28,both,G3-drop,r8_move_p95_6_20,73.0000,73.0000,74.0000
floor_0.05+cautious_z1.28,both,G3-drop,r8_move_p95_150_200,43.0000,43.0000,43.0000
floor_0.05+cautious_z1.28,both,G0-start0.5,r1_rms_5,0.9748,0.9383,1.0094
floor_0.05+cautious_z1.28,both,G0-start0.5,r1_mean_5,0.0151,-0.0476,0.0803
floor_0.05+cautious_z1.28,both,G0-start0.5,r1_rms_10,0.9094,0.8791,0.9407
floor_0.05+cautious_z1.28,both,G0-start0.5,r1_mean_10,-0.0154,-0.0739,0.0429
floor_0.05+cautious_z1.28,both,G0-start0.5,r1_rms_20,0.8229,0.7982,0.8480
floor_0.05+cautious_z1.28,both,G0-start0.5,r1_mean_20,-0.0343,-0.0831,0.0127
floor_0.05+cautious_z1.28,both,G0-start0.5,r1_rms_50,0.6670,0.6502,0.6829
floor_0.05+cautious_z1.28,both,G0-start0.5,r1_mean_50,-0.0610,-0.0937,-0.0281
floor_0.05+cautious_z1.28,both,G0-start0.5,r1_rms_100,0.5549,0.5436,0.5666
floor_0.05+cautious_z1.28,both,G0-start0.5,r1_mean_100,-0.0775,-0.0998,-0.0554
floor_0.05+cautious_z1.28,both,G0-start0.5,r1_rms_200,0.4810,0.4733,0.4893
floor_0.05+cautious_z1.28,both,G0-start0.5,r1_mean_200,-0.0908,-0.1064,-0.0748
floor_0.05+cautious_z1.28,both,G0-start0.5,r2_brier,0.1735,0.1718,0.1752
floor_0.05+cautious_z1.28,both,G0-start0.5,r2_bias,0.0060,0.0031,0.0089
floor_0.05+cautious_z1.28,both,G0-start0.5,r3_inside,0.4350,0.4301,0.4397
floor_0.05+cautious_z1.28,both,G0-start0.5,r3_below_0.5,0.0346,0.0316,0.0378
floor_0.05+cautious_z1.28,both,G0-start0.5,r3_above_0.95,0.0275,0.0248,0.0303
floor_0.05+cautious_z1.28,both,G0-start0.5,r4_false,0.0134,0.0102,0.0168
floor_0.05+cautious_z1.28,both,G0-start0.5,r4_false_0.70,0.0022,0.0011,0.0034
floor_0.05+cautious_z1.28,both,G0-start0.5,r4_below,0.5137,0.4979,0.5296
floor_0.05+cautious_z1.28,both,G0-start0.5,r4_false_at_task,0.0122,0.0083,0.0165
floor_0.05+cautious_z1.28,both,G0-start0.5,r4_declared,7.7690,7.4040,8.1350
floor_0.05+cautious_z1.28,both,G0-start0.5,r5_late_answers,4.2014,4.0410,4.3622
floor_0.05+cautious_z1.28,both,G0-start0.5,r5_never,0.1659,0.1509,0.1808
floor_0.05+cautious_z1.28,both,G0-start0.5,r6_lag,-0.0940,-0.1106,-0.0777
floor_0.05+cautious_z1.28,both,G0-start0.5,r7_error_5,0.8265,0.7872,0.8674
floor_0.05+cautious_z1.28,both,G0-start0.5,r7_error_10,0.7524,0.7155,0.7903
floor_0.05+cautious_z1.28,both,G0-start0.5,r7_longest_wrong,1.7650,1.7130,1.8220
floor_0.05+cautious_z1.28,both,G0-start0.5,r7_hard_first,0.1288,0.1185,0.1391
floor_0.05+cautious_z1.28,both,G0-start0.5,r4b_chance_below_0.5,0.0742,0.0684,0.0809
floor_0.05+cautious_z1.28,both,G0-start0.5,r4b_chance_0.5_to_0.6,0.1158,0.1107,0.1209
floor_0.05+cautious_z1.28,both,G0-start0.5,r4b_chance_0.6_to_0.7,0.2056,0.2003,0.2112
floor_0.05+cautious_z1.28,both,G0-start0.5,r4b_chance_0.7_to_0.8,0.2886,0.2834,0.2940
floor_0.05+cautious_z1.28,both,G0-start0.5,r4b_chance_0.8_up,0.3158,0.3035,0.3286
floor_0.05+cautious_z1.28,both,G0-start0.5,r3_reachable,0.9565,0.9513,0.9615
floor_0.05+cautious_z1.28,both,G0-start0.5,r8_rank_6_20,3.5867,3.1400,4.0600
floor_0.05+cautious_z1.28,both,G0-start0.5,r8_topic_rank_6_20,17.5933,16.6400,18.5067
floor_0.05+cautious_z1.28,both,G0-start0.5,r8_rank_150_200,1.8373,1.5725,2.1255
floor_0.05+cautious_z1.28,both,G0-start0.5,r8_topic_rank_150_200,9.1804,8.7686,9.5902
floor_0.05+cautious_z1.28,both,G0-start0.5,r2_ece,0.0069,0.0041,0.0097
floor_0.05+cautious_z1.28,both,G0-start0.5,r4b_3,0.1478,0.1353,0.1600
floor_0.05+cautious_z1.28,both,G0-start0.5,r4b_5,0.1714,0.1582,0.1860
floor_0.05+cautious_z1.28,both,G0-start0.5,r4b_10,0.1766,0.1626,0.1906
floor_0.05+cautious_z1.28,both,G0-start0.5,r4b_20,0.1809,0.1662,0.1956
floor_0.05+cautious_z1.28,both,G0-start0.5,r4b_50,0.2100,0.1783,0.2516
floor_0.05+cautious_z1.28,both,G0-start0.5,r8_move_p95_6_20,73.0000,73.0000,74.0000
floor_0.05+cautious_z1.28,both,G0-start0.5,r8_move_p95_150_200,41.0000,40.0000,41.0000
floor_0.05+cautious_z1.28,both,G0-start2,r1_rms_5,1.1045,1.0640,1.1475
floor_0.05+cautious_z1.28,both,G0-start2,r1_mean_5,-0.0290,-0.1035,0.0495
floor_0.05+cautious_z1.28,both,G0-start2,r1_rms_10,1.0194,0.9804,1.0585
floor_0.05+cautious_z1.28,both,G0-start2,r1_mean_10,-0.0661,-0.1332,0.0018
floor_0.05+cautious_z1.28,both,G0-start2,r1_rms_20,0.9014,0.8721,0.9337
floor_0.05+cautious_z1.28,both,G0-start2,r1_mean_20,-0.0907,-0.1464,-0.0374
floor_0.05+cautious_z1.28,both,G0-start2,r1_rms_50,0.7267,0.7055,0.7488
floor_0.05+cautious_z1.28,both,G0-start2,r1_mean_50,-0.1172,-0.1594,-0.0769
floor_0.05+cautious_z1.28,both,G0-start2,r1_rms_100,0.6010,0.5851,0.6178
floor_0.05+cautious_z1.28,both,G0-start2,r1_mean_100,-0.1151,-0.1437,-0.0880
floor_0.05+cautious_z1.28,both,G0-start2,r1_rms_200,0.5120,0.5011,0.5245
floor_0.05+cautious_z1.28,both,G0-start2,r1_mean_200,-0.0925,-0.1123,-0.0727
floor_0.05+cautious_z1.28,both,G0-start2,r2_brier,0.1745,0.1723,0.1767
floor_0.05+cautious_z1.28,both,G0-start2,r2_bias,0.0022,-0.0011,0.0055
floor_0.05+cautious_z1.28,both,G0-start2,r3_inside,0.4002,0.3924,0.4083
floor_0.05+cautious_z1.28,both,G0-start2,r3_below_0.5,0.0689,0.0595,0.0794
floor_0.05+cautious_z1.28,both,G0-start2,r3_above_0.95,0.0423,0.0369,0.0480
floor_0.05+cautious_z1.28,both,G0-start2,r4_false,0.0225,0.0187,0.0270
floor_0.05+cautious_z1.28,both,G0-start2,r4_false_0.70,0.0037,0.0025,0.0051
floor_0.05+cautious_z1.28,both,G0-start2,r4_below,0.4874,0.4664,0.5076
floor_0.05+cautious_z1.28,both,G0-start2,r4_false_at_task,0.0219,0.0162,0.0275
floor_0.05+cautious_z1.28,both,G0-start2,r4_declared,8.5680,8.1290,9.0190
floor_0.05+cautious_z1.28,both,G0-start2,r5_late_answers,5.1121,4.9214,5.3118
floor_0.05+cautious_z1.28,both,G0-start2,r5_never,0.2249,0.2077,0.2426
floor_0.05+cautious_z1.28,both,G0-start2,r6_lag,-0.1206,-0.1428,-0.0996
floor_0.05+cautious_z1.28,both,G0-start2,r7_error_5,0.9631,0.9155,1.0135
floor_0.05+cautious_z1.28,both,G0-start2,r7_error_10,0.8714,0.8273,0.9141
floor_0.05+cautious_z1.28,both,G0-start2,r7_longest_wrong,1.9270,1.8460,2.0050
floor_0.05+cautious_z1.28,both,G0-start2,r7_hard_first,0.1791,0.1636,0.1950
floor_0.05+cautious_z1.28,both,G0-start2,r4b_chance_below_0.5,0.1921,0.1637,0.2204
floor_0.05+cautious_z1.28,both,G0-start2,r4b_chance_0.5_to_0.6,0.1297,0.1222,0.1371
floor_0.05+cautious_z1.28,both,G0-start2,r4b_chance_0.6_to_0.7,0.2003,0.1917,0.2085
floor_0.05+cautious_z1.28,both,G0-start2,r4b_chance_0.7_to_0.8,0.2459,0.2339,0.2579
floor_0.05+cautious_z1.28,both,G0-start2,r4b_chance_0.8_up,0.2320,0.2179,0.2466
floor_0.05+cautious_z1.28,both,G0-start2,r3_reachable,0.8752,0.8587,0.8915
floor_0.05+cautious_z1.28,both,G0-start2,r8_rank_6_20,3.7333,3.3000,4.1933
floor_0.05+cautious_z1.28,both,G0-start2,r8_topic_rank_6_20,17.6333,16.6667,18.5933
floor_0.05+cautious_z1.28,both,G0-start2,r8_rank_150_200,1.6255,1.3882,1.8843
floor_0.05+cautious_z1.28,both,G0-start2,r8_topic_rank_150_200,7.9784,7.5588,8.3902
floor_0.05+cautious_z1.28,both,G0-start2,r2_ece,0.0027,0.0014,0.0062
floor_0.05+cautious_z1.28,both,G0-start2,r4b_3,0.1340,0.1217,0.1463
floor_0.05+cautious_z1.28,both,G0-start2,r4b_5,0.1638,0.1491,0.1785
floor_0.05+cautious_z1.28,both,G0-start2,r4b_10,0.1742,0.1598,0.1896
floor_0.05+cautious_z1.28,both,G0-start2,r4b_20,0.1773,0.1619,0.1923
floor_0.05+cautious_z1.28,both,G0-start2,r4b_50,0.1817,0.1660,0.1987
floor_0.05+cautious_z1.28,both,G0-start2,r8_move_p95_6_20,73.0000,73.0000,73.0000
floor_0.05+cautious_z1.28,both,G0-start2,r8_move_p95_150_200,41.0000,40.0000,41.0000
floor_0.05+cautious_z1.28,both,G0-topics0.3,r1_rms_5,0.9129,0.8739,0.9521
floor_0.05+cautious_z1.28,both,G0-topics0.3,r1_mean_5,-0.0171,-0.0848,0.0464
floor_0.05+cautious_z1.28,both,G0-topics0.3,r1_rms_10,0.8349,0.8035,0.8674
floor_0.05+cautious_z1.28,both,G0-topics0.3,r1_mean_10,-0.0366,-0.0958,0.0235
floor_0.05+cautious_z1.28,both,G0-topics0.3,r1_rms_20,0.7303,0.7037,0.7580
floor_0.05+cautious_z1.28,both,G0-topics0.3,r1_mean_20,-0.0577,-0.1058,-0.0102
floor_0.05+cautious_z1.28,both,G0-topics0.3,r1_rms_50,0.5895,0.5721,0.6069
floor_0.05+cautious_z1.28,both,G0-topics0.3,r1_mean_50,-0.0810,-0.1158,-0.0469
floor_0.05+cautious_z1.28,both,G0-topics0.3,r1_rms_100,0.4933,0.4823,0.5050
floor_0.05+cautious_z1.28,both,G0-topics0.3,r1_mean_100,-0.0925,-0.1160,-0.0692
floor_0.05+cautious_z1.28,both,G0-topics0.3,r1_rms_200,0.4332,0.4258,0.4410
floor_0.05+cautious_z1.28,both,G0-topics0.3,r1_mean_200,-0.0901,-0.1065,-0.0744
floor_0.05+cautious_z1.28,both,G0-topics0.3,r2_brier,0.1739,0.1721,0.1757
floor_0.05+cautious_z1.28,both,G0-topics0.3,r2_bias,0.0039,0.0011,0.0069
floor_0.05+cautious_z1.28,both,G0-topics0.3,r3_inside,0.4513,0.4454,0.4571
floor_0.05+cautious_z1.28,both,G0-topics0.3,r3_below_0.5,0.0299,0.0268,0.0335
floor_0.05+cautious_z1.28,both,G0-topics0.3,r3_above_0.95,0.0238,0.0209,0.0267
floor_0.05+cautious_z1.28,both,G0-topics0.3,r4_false,0.0201,0.0156,0.0252
floor_0.05+cautious_z1.28,both,G0-topics0.3,r4_false_0.70,0.0033,0.0019,0.0051
floor_0.05+cautious_z1.28,both,G0-topics0.3,r4_below,0.5357,0.5172,0.5555
floor_0.05+cautious_z1.28,both,G0-topics0.3,r4_false_at_task,0.0231,0.0163,0.0304
floor_0.05+cautious_z1.28,both,G0-topics0.3,r4_declared,8.1280,7.7430,8.5280
floor_0.05+cautious_z1.28,both,G0-topics0.3,r5_late_answers,4.7531,4.5735,4.9376
floor_0.05+cautious_z1.28,both,G0-topics0.3,r5_never,0.2048,0.1868,0.2239
floor_0.05+cautious_z1.28,both,G0-topics0.3,r6_lag,-0.0955,-0.1125,-0.0790
floor_0.05+cautious_z1.28,both,G0-topics0.3,r7_error_5,0.8448,0.8054,0.8855
floor_0.05+cautious_z1.28,both,G0-topics0.3,r7_error_10,0.7678,0.7309,0.8054
floor_0.05+cautious_z1.28,both,G0-topics0.3,r7_longest_wrong,1.7420,1.6850,1.8000
floor_0.05+cautious_z1.28,both,G0-topics0.3,r7_hard_first,0.1248,0.1138,0.1363
floor_0.05+cautious_z1.28,both,G0-topics0.3,r4b_chance_below_0.5,0.0686,0.0603,0.0776
floor_0.05+cautious_z1.28,both,G0-topics0.3,r4b_chance_0.5_to_0.6,0.1167,0.1100,0.1235
floor_0.05+cautious_z1.28,both,G0-topics0.3,r4b_chance_0.6_to_0.7,0.2165,0.2101,0.2233
floor_0.05+cautious_z1.28,both,G0-topics0.3,r4b_chance_0.7_to_0.8,0.3026,0.2950,0.3094
floor_0.05+cautious_z1.28,both,G0-topics0.3,r4b_chance_0.8_up,0.2956,0.2824,0.3095
floor_0.05+cautious_z1.28,both,G0-topics0.3,r3_reachable,0.9443,0.9359,0.9524
floor_0.05+cautious_z1.28,both,G0-topics0.3,r8_rank_6_20,3.5600,3.1267,3.9933
floor_0.05+cautious_z1.28,both,G0-topics0.3,r8_topic_rank_6_20,17.7400,16.7867,18.7467
floor_0.05+cautious_z1.28,both,G0-topics0.3,r8_rank_150_200,1.9039,1.6412,2.1667
floor_0.05+cautious_z1.28,both,G0-topics0.3,r8_topic_rank_150_200,8.5824,8.2275,8.9627
floor_0.05+cautious_z1.28,both,G0-topics0.3,r2_ece,0.0062,0.0037,0.0093
floor_0.05+cautious_z1.28,both,G0-topics0.3,r4b_3,0.1544,0.1415,0.1669
floor_0.05+cautious_z1.28,both,G0-topics0.3,r4b_5,0.1786,0.1643,0.1934
floor_0.05+cautious_z1.28,both,G0-topics0.3,r4b_10,0.1876,0.1725,0.2032
floor_0.05+cautious_z1.28,both,G0-topics0.3,r4b_20,0.1932,0.1763,0.2096
floor_0.05+cautious_z1.28,both,G0-topics0.3,r4b_50,0.2082,0.1859,0.2362
floor_0.05+cautious_z1.28,both,G0-topics0.3,r8_move_p95_6_20,73.0000,73.0000,73.0000
floor_0.05+cautious_z1.28,both,G0-topics0.3,r8_move_p95_150_200,41.0000,40.0000,41.0000
floor_0.05+cautious_z1.28,both,G0-topics1,r1_rms_5,1.2968,1.2647,1.3312
floor_0.05+cautious_z1.28,both,G0-topics1,r1_mean_5,-0.0343,-0.0994,0.0323
floor_0.05+cautious_z1.28,both,G0-topics1,r1_rms_10,1.2553,1.2269,1.2838
floor_0.05+cautious_z1.28,both,G0-topics1,r1_mean_10,-0.0779,-0.1395,-0.0166
floor_0.05+cautious_z1.28,both,G0-topics1,r1_rms_20,1.1620,1.1386,1.1852
floor_0.05+cautious_z1.28,both,G0-topics1,r1_mean_20,-0.1294,-0.1819,-0.0764
floor_0.05+cautious_z1.28,both,G0-topics1,r1_rms_50,0.9802,0.9626,0.9981
floor_0.05+cautious_z1.28,both,G0-topics1,r1_mean_50,-0.1813,-0.2167,-0.1467
floor_0.05+cautious_z1.28,both,G0-topics1,r1_rms_100,0.8370,0.8225,0.8517
floor_0.05+cautious_z1.28,both,G0-topics1,r1_mean_100,-0.1811,-0.2059,-0.1559
floor_0.05+cautious_z1.28,both,G0-topics1,r1_rms_200,0.7085,0.6962,0.7213
floor_0.05+cautious_z1.28,both,G0-topics1,r1_mean_200,-0.1628,-0.1810,-0.1458
floor_0.05+cautious_z1.28,both,G0-topics1,r2_brier,0.1743,0.1727,0.1760
floor_0.05+cautious_z1.28,both,G0-topics1,r2_bias,0.0056,0.0028,0.0086
floor_0.05+cautious_z1.28,both,G0-topics1,r3_inside,0.3678,0.3630,0.3724
floor_0.05+cautious_z1.28,both,G0-topics1,r3_below_0.5,0.0597,0.0560,0.0639
floor_0.05+cautious_z1.28,both,G0-topics1,r3_above_0.95,0.0651,0.0609,0.0694
floor_0.05+cautious_z1.28,both,G0-topics1,r4_false,0.0444,0.0390,0.0503
floor_0.05+cautious_z1.28,both,G0-topics1,r4_false_0.70,0.0149,0.0121,0.0183
floor_0.05+cautious_z1.28,both,G0-topics1,r4_below,0.5468,0.5292,0.5639
floor_0.05+cautious_z1.28,both,G0-topics1,r4_false_at_task,0.0508,0.0429,0.0593
floor_0.05+cautious_z1.28,both,G0-topics1,r4_declared,8.1680,7.7950,8.5790
floor_0.05+cautious_z1.28,both,G0-topics1,r5_late_answers,4.9309,4.7434,5.1245
floor_0.05+cautious_z1.28,both,G0-topics1,r5_never,0.2966,0.2824,0.3108
floor_0.05+cautious_z1.28,both,G0-topics1,r6_lag,-0.1673,-0.1837,-0.1496
floor_0.05+cautious_z1.28,both,G0-topics1,r7_error_5,0.8633,0.8245,0.9033
floor_0.05+cautious_z1.28,both,G0-topics1,r7_error_10,0.7950,0.7560,0.8325
floor_0.05+cautious_z1.28,both,G0-topics1,r7_longest_wrong,1.9330,1.8700,2.0000
floor_0.05+cautious_z1.28,both,G0-topics1,r7_hard_first,0.1920,0.1800,0.2033
floor_0.05+cautious_z1.28,both,G0-topics1,r4b_chance_below_0.5,0.1321,0.1225,0.1437
floor_0.05+cautious_z1.28,both,G0-topics1,r4b_chance_0.5_to_0.6,0.1330,0.1281,0.1380
floor_0.05+cautious_z1.28,both,G0-topics1,r4b_chance_0.6_to_0.7,0.2049,0.1993,0.2106
floor_0.05+cautious_z1.28,both,G0-topics1,r4b_chance_0.7_to_0.8,0.2571,0.2511,0.2636
floor_0.05+cautious_z1.28,both,G0-topics1,r4b_chance_0.8_up,0.2728,0.2618,0.2837
floor_0.05+cautious_z1.28,both,G0-topics1,r3_reachable,0.9264,0.9195,0.9333
floor_0.05+cautious_z1.28,both,G0-topics1,r8_rank_6_20,4.1667,3.7000,4.6133
floor_0.05+cautious_z1.28,both,G0-topics1,r8_topic_rank_6_20,18.6200,17.7000,19.5200
floor_0.05+cautious_z1.28,both,G0-topics1,r8_rank_150_200,1.4118,1.1882,1.6510
floor_0.05+cautious_z1.28,both,G0-topics1,r8_topic_rank_150_200,8.4902,8.1490,8.8549
floor_0.05+cautious_z1.28,both,G0-topics1,r2_ece,0.0069,0.0040,0.0098
floor_0.05+cautious_z1.28,both,G0-topics1,r4b_3,0.1617,0.1501,0.1746
floor_0.05+cautious_z1.28,both,G0-topics1,r4b_5,0.1990,0.1854,0.2128
floor_0.05+cautious_z1.28,both,G0-topics1,r4b_10,0.2105,0.1954,0.2249
floor_0.05+cautious_z1.28,both,G0-topics1,r4b_20,0.2156,0.1993,0.2306
floor_0.05+cautious_z1.28,both,G0-topics1,r4b_50,0.2191,0.2017,0.2362
floor_0.05+cautious_z1.28,both,G0-topics1,r8_move_p95_6_20,73.0000,73.0000,74.0000
floor_0.05+cautious_z1.28,both,G0-topics1,r8_move_p95_150_200,40.0000,40.0000,40.0000
floor_0.05+cautious_z1.64,both,G0,r1_rms_5,1.0085,0.9751,1.0450
floor_0.05+cautious_z1.64,both,G0,r1_mean_5,-0.0419,-0.1051,0.0270
floor_0.05+cautious_z1.64,both,G0,r1_rms_10,0.9479,0.9150,0.9809
floor_0.05+cautious_z1.64,both,G0,r1_mean_10,-0.0587,-0.1206,0.0029
floor_0.05+cautious_z1.64,both,G0,r1_rms_20,0.8538,0.8275,0.8802
floor_0.05+cautious_z1.64,both,G0,r1_mean_20,-0.0776,-0.1284,-0.0256
floor_0.05+cautious_z1.64,both,G0,r1_rms_50,0.6830,0.6664,0.7010
floor_0.05+cautious_z1.64,both,G0,r1_mean_50,-0.0987,-0.1326,-0.0650
floor_0.05+cautious_z1.64,both,G0,r1_rms_100,0.5660,0.5552,0.5768
floor_0.05+cautious_z1.64,both,G0,r1_mean_100,-0.1083,-0.1316,-0.0860
floor_0.05+cautious_z1.64,both,G0,r1_rms_200,0.4932,0.4848,0.5019
floor_0.05+cautious_z1.64,both,G0,r1_mean_200,-0.1143,-0.1304,-0.0976
floor_0.05+cautious_z1.64,both,G0,r2_brier,0.1740,0.1723,0.1757
floor_0.05+cautious_z1.64,both,G0,r2_bias,0.0047,0.0017,0.0079
floor_0.05+cautious_z1.64,both,G0,r3_inside,0.4289,0.4236,0.4340
floor_0.05+cautious_z1.64,both,G0,r3_below_0.5,0.0353,0.0322,0.0383
floor_0.05+cautious_z1.64,both,G0,r3_above_0.95,0.0306,0.0276,0.0337
floor_0.05+cautious_z1.64,both,G0,r4_false,0.0096,0.0072,0.0124
floor_0.05+cautious_z1.64,both,G0,r4_false_0.70,0.0016,0.0007,0.0027
floor_0.05+cautious_z1.64,both,G0,r4_below,0.4619,0.4468,0.4776
floor_0.05+cautious_z1.64,both,G0,r4_false_at_task,0.0146,0.0103,0.0193
floor_0.05+cautious_z1.64,both,G0,r4_declared,7.4930,7.1020,7.8850
floor_0.05+cautious_z1.64,both,G0,r5_late_answers,5.0411,4.8004,5.2880
floor_0.05+cautious_z1.64,both,G0,r5_never,0.3000,0.2816,0.3178
floor_0.05+cautious_z1.64,both,G0,r6_lag,-0.1116,-0.1281,-0.0952
floor_0.05+cautious_z1.64,both,G0,r7_error_5,0.8565,0.8153,0.8973
floor_0.05+cautious_z1.64,both,G0,r7_error_10,0.7874,0.7501,0.8248
floor_0.05+cautious_z1.64,both,G0,r7_longest_wrong,1.7390,1.6890,1.7920
floor_0.05+cautious_z1.64,both,G0,r7_hard_first,0.1385,0.1272,0.1502
floor_0.05+cautious_z1.64,both,G0,r4b_chance_below_0.5,0.0780,0.0715,0.0851
floor_0.05+cautious_z1.64,both,G0,r4b_chance_0.5_to_0.6,0.1217,0.1159,0.1276
floor_0.05+cautious_z1.64,both,G0,r4b_chance_0.6_to_0.7,0.2148,0.2094,0.2204
floor_0.05+cautious_z1.64,both,G0,r4b_chance_0.7_to_0.8,0.2891,0.2830,0.2952
floor_0.05+cautious_z1.64,both,G0,r4b_chance_0.8_up,0.2965,0.2835,0.3089
floor_0.05+cautious_z1.64,both,G0,r3_reachable,0.9457,0.9389,0.9524
floor_0.05+cautious_z1.64,both,G0,r8_rank_6_20,3.1533,2.7400,3.6000
floor_0.05+cautious_z1.64,both,G0,r8_topic_rank_6_20,17.2267,16.3467,18.1533
floor_0.05+cautious_z1.64,both,G0,r8_rank_150_200,1.4647,1.2294,1.7118
floor_0.05+cautious_z1.64,both,G0,r8_topic_rank_150_200,8.7941,8.3961,9.1627
floor_0.05+cautious_z1.64,both,G0,r2_ece,0.0069,0.0041,0.0099
floor_0.05+cautious_z1.64,both,G0,r4b_3,0.1264,0.1146,0.1390
floor_0.05+cautious_z1.64,both,G0,r4b_5,0.1464,0.1330,0.1602
floor_0.05+cautious_z1.64,both,G0,r4b_10,0.1509,0.1372,0.1654
floor_0.05+cautious_z1.64,both,G0,r4b_20,0.1557,0.1414,0.1709
floor_0.05+cautious_z1.64,both,G0,r4b_50,0.1587,0.1435,0.1755
floor_0.05+cautious_z1.64,both,G0,r8_move_p95_6_20,73.0000,73.0000,74.0000
floor_0.05+cautious_z1.64,both,G0,r8_move_p95_150_200,41.0000,40.0000,41.0000
floor_0.05+cautious_z1.64,both,G1,r1_rms_5,1.0646,1.0203,1.1078
floor_0.05+cautious_z1.64,both,G1,r1_mean_5,-0.0243,-0.1005,0.0467
floor_0.05+cautious_z1.64,both,G1,r1_rms_10,0.9968,0.9592,1.0354
floor_0.05+cautious_z1.64,both,G1,r1_mean_10,-0.0576,-0.1198,0.0078
floor_0.05+cautious_z1.64,both,G1,r1_rms_20,0.8921,0.8602,0.9233
floor_0.05+cautious_z1.64,both,G1,r1_mean_20,-0.0888,-0.1424,-0.0356
floor_0.05+cautious_z1.64,both,G1,r1_rms_50,0.7230,0.7006,0.7451
floor_0.05+cautious_z1.64,both,G1,r1_mean_50,-0.1092,-0.1481,-0.0686
floor_0.05+cautious_z1.64,both,G1,r1_rms_100,0.5996,0.5862,0.6142
floor_0.05+cautious_z1.64,both,G1,r1_mean_100,-0.1115,-0.1387,-0.0866
floor_0.05+cautious_z1.64,both,G1,r1_rms_200,0.5023,0.4934,0.5111
floor_0.05+cautious_z1.64,both,G1,r1_mean_200,-0.0727,-0.0895,-0.0543
floor_0.05+cautious_z1.64,both,G1,r2_brier,0.1822,0.1797,0.1850
floor_0.05+cautious_z1.64,both,G1,r2_bias,0.0005,-0.0028,0.0040
floor_0.05+cautious_z1.64,both,G1,r3_inside,0.3494,0.3399,0.3588
floor_0.05+cautious_z1.64,both,G1,r3_below_0.5,0.1169,0.1042,0.1294
floor_0.05+cautious_z1.64,both,G1,r3_above_0.95,0.0433,0.0388,0.0484
floor_0.05+cautious_z1.64,both,G1,r4_false,0.0010,0.0004,0.0017
floor_0.05+cautious_z1.64,both,G1,r4_false_0.70,0.0002,0.0000,0.0005
floor_0.05+cautious_z1.64,both,G1,r4_below,0.2865,0.2719,0.3015
floor_0.05+cautious_z1.64,both,G1,r4_false_at_task,0.0007,0.0001,0.0014
floor_0.05+cautious_z1.64,both,G1,r4_declared,9.7730,9.2510,10.3050
floor_0.05+cautious_z1.64,both,G1,r5_late_answers,5.2397,5.0713,5.4105
floor_0.05+cautious_z1.64,both,G1,r5_never,0.0574,0.0482,0.0677
floor_0.05+cautious_z1.64,both,G1,r6_lag,-0.1239,-0.1426,-0.1045
floor_0.05+cautious_z1.64,both,G1,r7_error_5,0.8906,0.8444,0.9386
floor_0.05+cautious_z1.64,both,G1,r7_error_10,0.8199,0.7758,0.8652
floor_0.05+cautious_z1.64,both,G1,r7_longest_wrong,2.0170,1.9420,2.1000
floor_0.05+cautious_z1.64,both,G1,r7_hard_first,0.2248,0.2065,0.2418
floor_0.05+cautious_z1.64,both,G1,r4b_chance_below_0.5,0.3037,0.2823,0.3243
floor_0.05+cautious_z1.64,both,G1,r4b_chance_0.5_to_0.6,0.1857,0.1777,0.1935
floor_0.05+cautious_z1.64,both,G1,r4b_chance_0.6_to_0.7,0.1795,0.1740,0.1856
floor_0.05+cautious_z1.64,both,G1,r4b_chance_0.7_to_0.8,0.1685,0.1577,0.1794
floor_0.05+cautious_z1.64,both,G1,r4b_chance_0.8_up,0.1626,0.1483,0.1774
floor_0.05+cautious_z1.64,both,G1,r3_reachable,0.7918,0.7690,0.8130
floor_0.05+cautious_z1.64,both,G1,r8_rank_6_20,4.2400,3.7600,4.7533
floor_0.05+cautious_z1.64,both,G1,r8_topic_rank_6_20,17.6333,16.5933,18.6933
floor_0.05+cautious_z1.64,both,G1,r8_rank_150_200,1.3863,1.1529,1.6255
floor_0.05+cautious_z1.64,both,G1,r8_topic_rank_150_200,7.1510,6.7412,7.5706
floor_0.05+cautious_z1.64,both,G1,r2_ece,0.0065,0.0060,0.0103
floor_0.05+cautious_z1.64,both,G1,r4b_3,0.0812,0.0705,0.0927
floor_0.05+cautious_z1.64,both,G1,r4b_5,0.0910,0.0790,0.1043
floor_0.05+cautious_z1.64,both,G1,r4b_10,0.0916,0.0795,0.1049
floor_0.05+cautious_z1.64,both,G1,r4b_20,0.0924,0.0804,0.1056
floor_0.05+cautious_z1.64,both,G1,r4b_50,0.0934,0.0809,0.1062
floor_0.05+cautious_z1.64,both,G1,r8_move_p95_6_20,72.0000,72.0000,73.0000
floor_0.05+cautious_z1.64,both,G1,r8_move_p95_150_200,41.0000,40.0000,41.0000
floor_0.05+cautious_z1.64,both,G2,r1_rms_5,0.9921,0.9560,1.0297
floor_0.05+cautious_z1.64,both,G2,r1_mean_5,-0.0422,-0.1046,0.0197
floor_0.05+cautious_z1.64,both,G2,r1_rms_10,0.9286,0.8976,0.9603
floor_0.05+cautious_z1.64,both,G2,r1_mean_10,-0.1133,-0.1699,-0.0549
floor_0.05+cautious_z1.64,both,G2,r1_rms_20,0.8535,0.8283,0.8817
floor_0.05+cautious_z1.64,both,G2,r1_mean_20,-0.2277,-0.2766,-0.1798
floor_0.05+cautious_z1.64,both,G2,r1_rms_50,0.8062,0.7841,0.8289
floor_0.05+cautious_z1.64,both,G2,r1_mean_50,-0.4833,-0.5193,-0.4485
floor_0.05+cautious_z1.64,both,G2,r1_rms_100,0.9344,0.9140,0.9559
floor_0.05+cautious_z1.64,both,G2,r1_mean_100,-0.7826,-0.8080,-0.7566
floor_0.05+cautious_z1.64,both,G2,r1_rms_200,1.1913,1.1750,1.2080
floor_0.05+cautious_z1.64,both,G2,r1_mean_200,-1.1067,-1.1244,-1.0886
floor_0.05+cautious_z1.64,both,G2,r2_brier,0.1337,0.1321,0.1351
floor_0.05+cautious_z1.64,both,G2,r2_bias,-0.0705,-0.0732,-0.0677
floor_0.05+cautious_z1.64,both,G2,r3_inside,0.2842,0.2779,0.2904
floor_0.05+cautious_z1.64,both,G2,r3_below_0.5,0.0179,0.0160,0.0199
floor_0.05+cautious_z1.64,both,G2,r3_above_0.95,0.1287,0.1217,0.1363
floor_0.05+cautious_z1.64,both,G2,r4_false,0.0014,0.0006,0.0024
floor_0.05+cautious_z1.64,both,G2,r4_false_0.70,0.0001,0.0000,0.0003
floor_0.05+cautious_z1.64,both,G2,r4_below,0.3990,0.3873,0.4111
floor_0.05+cautious_z1.64,both,G2,r4_false_at_task,0.0015,0.0005,0.0028
floor_0.05+cautious_z1.64,both,G2,r4_declared,10.1850,9.7870,10.5980
floor_0.05+cautious_z1.64,both,G2,r5_late_answers,7.1400,6.9312,7.3527
floor_0.05+cautious_z1.64,both,G2,r5_never,0.4594,0.4460,0.4733
floor_0.05+cautious_z1.64,both,G2,r6_lag,-0.9746,-0.9942,-0.9548
floor_0.05+cautious_z1.64,both,G2,r7_error_5,0.8372,0.7967,0.8790
floor_0.05+cautious_z1.64,both,G2,r7_error_10,0.7633,0.7269,0.8005
floor_0.05+cautious_z1.64,both,G2,r7_longest_wrong,1.7680,1.7130,1.8230
floor_0.05+cautious_z1.64,both,G2,r7_hard_first,0.1360,0.1243,0.1479
floor_0.05+cautious_z1.64,both,G2,r4b_chance_below_0.5,0.0664,0.0596,0.0737
floor_0.05+cautious_z1.64,both,G2,r4b_chance_0.5_to_0.6,0.0738,0.0690,0.0787
floor_0.05+cautious_z1.64,both,G2,r4b_chance_0.6_to_0.7,0.1383,0.1326,0.1439
floor_0.05+cautious_z1.64,both,G2,r4b_chance_0.7_to_0.8,0.2351,0.2290,0.2408
floor_0.05+cautious_z1.64,both,G2,r4b_chance_0.8_up,0.4865,0.4724,0.5013
floor_0.05+cautious_z1.64,both,G2,r3_reachable,0.9638,0.9605,0.9669
floor_0.05+cautious_z1.64,both,G2,r8_rank_6_20,3.5333,3.0667,4.0000
floor_0.05+cautious_z1.64,both,G2,r8_topic_rank_6_20,17.3000,16.4200,18.2600
floor_0.05+cautious_z1.64,both,G2,r8_rank_150_200,1.5588,1.3706,1.7529
floor_0.05+cautious_z1.64,both,G2,r8_topic_rank_150_200,9.5275,9.0863,9.9706
floor_0.05+cautious_z1.64,both,G2,r2_ece,0.0705,0.0676,0.0733
floor_0.05+cautious_z1.64,both,G2,r4b_3,0.1055,0.0951,0.1171
floor_0.05+cautious_z1.64,both,G2,r4b_5,0.1210,0.1083,0.1346
floor_0.05+cautious_z1.64,both,G2,r4b_10,0.1474,0.1324,0.1633
floor_0.05+cautious_z1.64,both,G2,r4b_20,0.2028,0.1714,0.2403
floor_0.05+cautious_z1.64,both,G2,r4b_50,0.3285,0.1843,0.6130
floor_0.05+cautious_z1.64,both,G2,r8_move_p95_6_20,73.0000,73.0000,74.0000
floor_0.05+cautious_z1.64,both,G2,r8_move_p95_150_200,39.0000,39.0000,39.0000
floor_0.05+cautious_z1.64,both,G3,r1_rms_5,0.9928,0.9567,1.0295
floor_0.05+cautious_z1.64,both,G3,r1_mean_5,0.0670,0.0025,0.1334
floor_0.05+cautious_z1.64,both,G3,r1_rms_10,0.9233,0.8926,0.9548
floor_0.05+cautious_z1.64,both,G3,r1_mean_10,0.0287,-0.0292,0.0898
floor_0.05+cautious_z1.64,both,G3,r1_rms_20,0.8237,0.7983,0.8484
floor_0.05+cautious_z1.64,both,G3,r1_mean_20,-0.0008,-0.0500,0.0489
floor_0.05+cautious_z1.64,both,G3,r1_rms_50,0.6754,0.6584,0.6936
floor_0.05+cautious_z1.64,both,G3,r1_mean_50,-0.0558,-0.0899,-0.0201
floor_0.05+cautious_z1.64,both,G3,r1_rms_100,0.7934,0.7717,0.8168
floor_0.05+cautious_z1.64,both,G3,r1_mean_100,-0.4911,-0.5263,-0.4576
floor_0.05+cautious_z1.64,both,G3,r1_rms_200,0.7177,0.7042,0.7319
floor_0.05+cautious_z1.64,both,G3,r1_mean_200,-0.5437,-0.5612,-0.5251
floor_0.05+cautious_z1.64,both,G3,r2_brier,0.1552,0.1536,0.1569
floor_0.05+cautious_z1.64,both,G3,r2_bias,-0.0305,-0.0333,-0.0277
floor_0.05+cautious_z1.64,both,G3,r3_inside,0.3569,0.3521,0.3617
floor_0.05+cautious_z1.64,both,G3,r3_below_0.5,0.0305,0.0276,0.0333
floor_0.05+cautious_z1.64,both,G3,r3_above_0.95,0.0680,0.0636,0.0725
floor_0.05+cautious_z1.64,both,G3,r4_false,0.0083,0.0059,0.0110
floor_0.05+cautious_z1.64,both,G3,r4_false_0.70,0.0015,0.0008,0.0023
floor_0.05+cautious_z1.64,both,G3,r4_below,0.4431,0.4308,0.4560
floor_0.05+cautious_z1.64,both,G3,r4_false_at_task,0.0127,0.0089,0.0168
floor_0.05+cautious_z1.64,both,G3,r4_declared,8.9010,8.5070,9.3140
floor_0.05+cautious_z1.64,both,G3,r5_late_answers,6.1886,5.9580,6.4293
floor_0.05+cautious_z1.64,both,G3,r5_never,0.4198,0.4050,0.4347
floor_0.05+cautious_z1.64,both,G3,r6_lag,-0.6181,-0.6368,-0.6002
floor_0.05+cautious_z1.64,both,G3,r6_jump_answers,72.4810,70.0850,74.7300
floor_0.05+cautious_z1.64,both,G3,r6_jump_unsettled,0.5630,0.5330,0.5940
floor_0.05+cautious_z1.64,both,G3,r7_error_5,0.8595,0.8198,0.9000
floor_0.05+cautious_z1.64,both,G3,r7_error_10,0.7802,0.7449,0.8178
floor_0.05+cautious_z1.64,both,G3,r7_longest_wrong,1.8000,1.7490,1.8570
floor_0.05+cautious_z1.64,both,G3,r7_hard_first,0.1441,0.1323,0.1558
floor_0.05+cautious_z1.64,both,G3,r4b_chance_below_0.5,0.0808,0.0745,0.0879
floor_0.05+cautious_z1.64,both,G3,r4b_chance_0.5_to_0.6,0.0999,0.0947,0.1051
floor_0.05+cautious_z1.64,both,G3,r4b_chance_0.6_to_0.7,0.1732,0.1677,0.1787
floor_0.05+cautious_z1.64,both,G3,r4b_chance_0.7_to_0.8,0.2573,0.2522,0.2625
floor_0.05+cautious_z1.64,both,G3,r4b_chance_0.8_up,0.3887,0.3749,0.4024
floor_0.05+cautious_z1.64,both,G3,r3_reachable,0.9535,0.9480,0.9587
floor_0.05+cautious_z1.64,both,G3,r8_rank_6_20,3.6867,3.2267,4.1800
floor_0.05+cautious_z1.64,both,G3,r8_topic_rank_6_20,18.1200,17.1867,19.0800
floor_0.05+cautious_z1.64,both,G3,r8_rank_150_200,1.5255,1.3118,1.7627
floor_0.05+cautious_z1.64,both,G3,r8_topic_rank_150_200,9.3314,8.9059,9.7392
floor_0.05+cautious_z1.64,both,G3,r2_ece,0.0305,0.0277,0.0335
floor_0.05+cautious_z1.64,both,G3,r4b_3,0.1291,0.1174,0.1405
floor_0.05+cautious_z1.64,both,G3,r4b_5,0.1539,0.1400,0.1673
floor_0.05+cautious_z1.64,both,G3,r4b_10,0.1657,0.1525,0.1804
floor_0.05+cautious_z1.64,both,G3,r4b_20,0.1758,0.1595,0.1924
floor_0.05+cautious_z1.64,both,G3,r4b_50,0.1846,0.1656,0.2058
floor_0.05+cautious_z1.64,both,G3,r8_move_p95_6_20,74.0000,73.0000,74.0000
floor_0.05+cautious_z1.64,both,G3,r8_move_p95_150_200,40.0000,40.0000,41.0000
floor_0.05+cautious_z1.64,both,G4,r1_rms_5,1.0315,0.9970,1.0648
floor_0.05+cautious_z1.64,both,G4,r1_mean_5,-0.2780,-0.3425,-0.2134
floor_0.05+cautious_z1.64,both,G4,r1_rms_10,0.9808,0.9490,1.0142
floor_0.05+cautious_z1.64,both,G4,r1_mean_10,-0.3297,-0.3872,-0.2726
floor_0.05+cautious_z1.64,both,G4,r1_rms_20,0.8934,0.8664,0.9200
floor_0.05+cautious_z1.64,both,G4,r1_mean_20,-0.3626,-0.4123,-0.3123
floor_0.05+cautious_z1.64,both,G4,r1_rms_50,0.7725,0.7513,0.7941
floor_0.05+cautious_z1.64,both,G4,r1_mean_50,-0.4206,-0.4556,-0.3876
floor_0.05+cautious_z1.64,both,G4,r1_rms_100,0.7035,0.6870,0.7196
floor_0.05+cautious_z1.64,both,G4,r1_mean_100,-0.4625,-0.4862,-0.4386
floor_0.05+cautious_z1.64,both,G4,r1_rms_200,0.6609,0.6488,0.6728
floor_0.05+cautious_z1.64,both,G4,r1_mean_200,-0.4763,-0.4922,-0.4604
floor_0.05+cautious_z1.64,both,G4,r2_brier,0.1795,0.1778,0.1812
floor_0.05+cautious_z1.64,both,G4,r2_bias,0.0109,0.0081,0.0140
floor_0.05+cautious_z1.64,both,G4,r3_inside,0.3869,0.3824,0.3915
floor_0.05+cautious_z1.64,both,G4,r3_below_0.5,0.0573,0.0527,0.0622
floor_0.05+cautious_z1.64,both,G4,r3_above_0.95,0.0368,0.0336,0.0403
floor_0.05+cautious_z1.64,both,G4,r4_false,0.0026,0.0011,0.0042
floor_0.05+cautious_z1.64,both,G4,r4_false_0.70,0.0010,0.0001,0.0019
floor_0.05+cautious_z1.64,both,G4,r4_below,0.4649,0.4495,0.4800
floor_0.05+cautious_z1.64,both,G4,r4_false_at_task,0.0041,0.0017,0.0071
floor_0.05+cautious_z1.64,both,G4,r4_declared,7.2920,6.9260,7.6570
floor_0.05+cautious_z1.64,both,G4,r5_late_answers,4.8884,4.6803,5.1093
floor_0.05+cautious_z1.64,both,G4,r5_never,0.3962,0.3781,0.4133
floor_0.05+cautious_z1.64,both,G4,r6_lag,-0.4788,-0.4948,-0.4611
floor_0.05+cautious_z1.64,both,G4,r7_error_5,0.8946,0.8527,0.9390
floor_0.05+cautious_z1.64,both,G4,r7_error_10,0.8349,0.7967,0.8738
floor_0.05+cautious_z1.64,both,G4,r7_longest_wrong,1.8940,1.8370,1.9530
floor_0.05+cautious_z1.64,both,G4,r7_hard_first,0.1846,0.1721,0.1975
floor_0.05+cautious_z1.64,both,G4,r4b_chance_below_0.5,0.1332,0.1211,0.1463
floor_0.05+cautious_z1.64,both,G4,r4b_chance_0.5_to_0.6,0.1414,0.1354,0.1473
floor_0.05+cautious_z1.64,both,G4,r4b_chance_0.6_to_0.7,0.2004,0.1952,0.2058
floor_0.05+cautious_z1.64,both,G4,r4b_chance_0.7_to_0.8,0.2416,0.2351,0.2479
floor_0.05+cautious_z1.64,both,G4,r4b_chance_0.8_up,0.2835,0.2703,0.2966
floor_0.05+cautious_z1.64,both,G4,r3_reachable,0.9459,0.9378,0.9535
floor_0.05+cautious_z1.64,both,G4,r8_rank_6_20,3.9533,3.4867,4.4333
floor_0.05+cautious_z1.64,both,G4,r8_topic_rank_6_20,18.2733,17.2600,19.2600
floor_0.05+cautious_z1.64,both,G4,r8_rank_150_200,1.5510,1.3118,1.7902
floor_0.05+cautious_z1.64,both,G4,r8_topic_rank_150_200,8.8333,8.4471,9.2333
floor_0.05+cautious_z1.64,both,G4,r2_ece,0.0134,0.0105,0.0165
floor_0.05+cautious_z1.64,both,G4,r4b_3,0.0985,0.0885,0.1095
floor_0.05+cautious_z1.64,both,G4,r4b_5,0.1145,0.1025,0.1264
floor_0.05+cautious_z1.64,both,G4,r4b_10,0.1190,0.1069,0.1313
floor_0.05+cautious_z1.64,both,G4,r4b_20,0.1200,0.1080,0.1325
floor_0.05+cautious_z1.64,both,G4,r4b_50,0.1200,0.1067,0.1330
floor_0.05+cautious_z1.64,both,G4,r8_move_p95_6_20,74.0000,73.0000,74.0000
floor_0.05+cautious_z1.64,both,G4,r8_move_p95_150_200,41.0000,40.0000,41.0000
floor_0.05+cautious_z1.64,both,G5,r1_rms_5,0.9188,0.8789,0.9603
floor_0.05+cautious_z1.64,both,G5,r1_mean_5,0.0248,-0.0475,0.0947
floor_0.05+cautious_z1.64,both,G5,r1_rms_10,0.8574,0.8225,0.8948
floor_0.05+cautious_z1.64,both,G5,r1_mean_10,0.0049,-0.0543,0.0669
floor_0.05+cautious_z1.64,both,G5,r1_rms_20,0.8857,0.8581,0.9119
floor_0.05+cautious_z1.64,both,G5,r1_mean_20,-0.0351,-0.0890,0.0130
floor_0.05+cautious_z1.64,both,G5,r1_rms_50,0.7478,0.7284,0.7675
floor_0.05+cautious_z1.64,both,G5,r1_mean_50,-0.0615,-0.0989,-0.0246
floor_0.05+cautious_z1.64,both,G5,r1_rms_100,0.6283,0.6141,0.6432
floor_0.05+cautious_z1.64,both,G5,r1_mean_100,-0.0823,-0.1078,-0.0573
floor_0.05+cautious_z1.64,both,G5,r1_rms_200,0.5346,0.5236,0.5457
floor_0.05+cautious_z1.64,both,G5,r1_mean_200,-0.0964,-0.1129,-0.0797
floor_0.05+cautious_z1.64,both,G5,r2_brier,0.1778,0.1759,0.1798
floor_0.05+cautious_z1.64,both,G5,r2_bias,0.0080,0.0048,0.0111
floor_0.05+cautious_z1.64,both,G5,r3_inside,0.4084,0.4020,0.4148
floor_0.05+cautious_z1.64,both,G5,r3_below_0.5,0.0528,0.0474,0.0590
floor_0.05+cautious_z1.64,both,G5,r3_above_0.95,0.0363,0.0326,0.0402
floor_0.05+cautious_z1.64,both,G5,r4_false,0.0105,0.0076,0.0137
floor_0.05+cautious_z1.64,both,G5,r4_false_0.70,0.0024,0.0011,0.0040
floor_0.05+cautious_z1.64,both,G5,r4_below,0.4699,0.4542,0.4855
floor_0.05+cautious_z1.64,both,G5,r4_false_at_task,0.0153,0.0107,0.0205
floor_0.05+cautious_z1.64,both,G5,r4_declared,7.5000,7.0970,7.8740
floor_0.05+cautious_z1.64,both,G5,r5_late_answers,4.9093,4.6868,5.1339
floor_0.05+cautious_z1.64,both,G5,r5_never,0.3314,0.3137,0.3490
floor_0.05+cautious_z1.64,both,G5,r6_lag,-0.1123,-0.1294,-0.0946
floor_0.05+cautious_z1.64,both,G5,r7_error_5,0.9882,0.9442,1.0342
floor_0.05+cautious_z1.64,both,G5,r7_error_10,0.9334,0.8914,0.9747
floor_0.05+cautious_z1.64,both,G5,r7_longest_wrong,1.8480,1.7890,1.9110
floor_0.05+cautious_z1.64,both,G5,r7_hard_first,0.1432,0.1308,0.1560
floor_0.05+cautious_z1.64,both,G5,r4b_chance_below_0.5,0.1252,0.1093,0.1426
floor_0.05+cautious_z1.64,both,G5,r4b_chance_0.5_to_0.6,0.1394,0.1322,0.1468
floor_0.05+cautious_z1.64,both,G5,r4b_chance_0.6_to_0.7,0.2229,0.2155,0.2303
floor_0.05+cautious_z1.64,both,G5,r4b_chance_0.7_to_0.8,0.2646,0.2545,0.2734
floor_0.05+cautious_z1.64,both,G5,r4b_chance_0.8_up,0.2479,0.2339,0.2623
floor_0.05+cautious_z1.64,both,G5,r3_reachable,0.9123,0.9006,0.9236
floor_0.05+cautious_z1.64,both,G5,r8_rank_6_20,3.5733,3.1467,4.0200
floor_0.05+cautious_z1.64,both,G5,r8_topic_rank_6_20,17.9200,17.0133,18.8533
floor_0.05+cautious_z1.64,both,G5,r8_rank_150_200,1.7588,1.5314,2.0137
floor_0.05+cautious_z1.64,both,G5,r8_topic_rank_150_200,8.6765,8.3039,9.0588
floor_0.05+cautious_z1.64,both,G5,r2_ece,0.0105,0.0074,0.0139
floor_0.05+cautious_z1.64,both,G5,r4b_3,0.1282,0.1149,0.1418
floor_0.05+cautious_z1.64,both,G5,r4b_5,0.1529,0.1369,0.1678
floor_0.05+cautious_z1.64,both,G5,r4b_10,0.1577,0.1420,0.1729
floor_0.05+cautious_z1.64,both,G5,r4b_20,0.1592,0.1435,0.1745
floor_0.05+cautious_z1.64,both,G5,r4b_50,0.1645,0.1467,0.1835
floor_0.05+cautious_z1.64,both,G5,r8_move_p95_6_20,73.0000,73.0000,74.0000
floor_0.05+cautious_z1.64,both,G5,r8_move_p95_150_200,40.0000,40.0000,41.0000
floor_0.05+cautious_z1.64,both,G6,r1_rms_5,1.0393,0.9978,1.0803
floor_0.05+cautious_z1.64,both,G6,r1_mean_5,-0.0462,-0.1176,0.0248
floor_0.05+cautious_z1.64,both,G6,r1_rms_10,0.9795,0.9416,1.0181
floor_0.05+cautious_z1.64,both,G6,r1_mean_10,-0.0820,-0.1475,-0.0174
floor_0.05+cautious_z1.64,both,G6,r1_rms_20,0.9050,0.8718,0.9385
floor_0.05+cautious_z1.64,both,G6,r1_mean_20,-0.1039,-0.1643,-0.0449
floor_0.05+cautious_z1.64,both,G6,r1_rms_50,0.8100,0.7822,0.8387
floor_0.05+cautious_z1.64,both,G6,r1_mean_50,-0.1538,-0.2039,-0.1030
floor_0.05+cautious_z1.64,both,G6,r1_rms_100,0.7567,0.7306,0.7827
floor_0.05+cautious_z1.64,both,G6,r1_mean_100,-0.2002,-0.2425,-0.1565
floor_0.05+cautious_z1.64,both,G6,r1_rms_200,0.7483,0.7250,0.7732
floor_0.05+cautious_z1.64,both,G6,r1_mean_200,-0.2386,-0.2799,-0.1947
floor_0.05+cautious_z1.64,both,G6,r2_brier,0.1782,0.1764,0.1801
floor_0.05+cautious_z1.64,both,G6,r2_bias,0.0111,0.0081,0.0141
floor_0.05+cautious_z1.64,both,G6,r3_inside,0.4255,0.4116,0.4396
floor_0.05+cautious_z1.64,both,G6,r3_below_0.5,0.0570,0.0527,0.0616
floor_0.05+cautious_z1.64,both,G6,r3_above_0.95,0.0931,0.0859,0.0995
floor_0.05+cautious_z1.64,both,G6,r4_false,0.0412,0.0325,0.0501
floor_0.05+cautious_z1.64,both,G6,r4_false_0.70,0.0056,0.0034,0.0083
floor_0.05+cautious_z1.64,both,G6,r4_below,0.4580,0.4417,0.4736
floor_0.05+cautious_z1.64,both,G6,r4_false_at_task,0.0559,0.0435,0.0701
floor_0.05+cautious_z1.64,both,G6,r4_declared,7.6250,7.2400,8.0200
floor_0.05+cautious_z1.64,both,G6,r5_late_answers,4.9853,4.7712,5.1979
floor_0.05+cautious_z1.64,both,G6,r5_never,0.2899,0.2703,0.3091
floor_0.05+cautious_z1.64,both,G6,r6_lag,-0.2265,-0.2697,-0.1864
floor_0.05+cautious_z1.64,both,G6,r7_error_5,0.8908,0.8459,0.9402
floor_0.05+cautious_z1.64,both,G6,r7_error_10,0.8213,0.7806,0.8653
floor_0.05+cautious_z1.64,both,G6,r7_longest_wrong,1.7840,1.7280,1.8390
floor_0.05+cautious_z1.64,both,G6,r7_hard_first,0.1330,0.1217,0.1438
floor_0.05+cautious_z1.64,both,G6,r4b_chance_below_0.5,0.0987,0.0881,0.1100
floor_0.05+cautious_z1.64,both,G6,r4b_chance_0.5_to_0.6,0.1094,0.1013,0.1184
floor_0.05+cautious_z1.64,both,G6,r4b_chance_0.6_to_0.7,0.2405,0.2273,0.2528
floor_0.05+cautious_z1.64,both,G6,r4b_chance_0.7_to_0.8,0.3222,0.3080,0.3365
floor_0.05+cautious_z1.64,both,G6,r4b_chance_0.8_up,0.2291,0.2148,0.2431
floor_0.05+cautious_z1.64,both,G6,r3_reachable,0.7963,0.7820,0.8110
floor_0.05+cautious_z1.64,both,G6,r8_rank_6_20,4.0867,3.6067,4.5867
floor_0.05+cautious_z1.64,both,G6,r8_topic_rank_6_20,18.2867,17.3267,19.2467
floor_0.05+cautious_z1.64,both,G6,r8_rank_150_200,1.6412,1.3941,1.9118
floor_0.05+cautious_z1.64,both,G6,r8_topic_rank_150_200,8.7098,8.3137,9.1137
floor_0.05+cautious_z1.64,both,G6,r2_ece,0.0131,0.0103,0.0162
floor_0.05+cautious_z1.64,both,G6,r4b_3,0.1451,0.1317,0.1589
floor_0.05+cautious_z1.64,both,G6,r4b_5,0.1744,0.1578,0.1900
floor_0.05+cautious_z1.64,both,G6,r4b_10,0.1783,0.1622,0.1949
floor_0.05+cautious_z1.64,both,G6,r4b_20,0.1793,0.1636,0.1957
floor_0.05+cautious_z1.64,both,G6,r4b_50,0.1793,0.1626,0.1951
floor_0.05+cautious_z1.64,both,G6,r8_move_p95_6_20,73.0000,73.0000,73.0000
floor_0.05+cautious_z1.64,both,G6,r8_move_p95_150_200,41.0000,40.0000,41.0000
floor_0.05+cautious_z1.64,both,G7,r1_rms_5,1.0154,0.9795,1.0527
floor_0.05+cautious_z1.64,both,G7,r1_mean_5,-0.0603,-0.1264,0.0066
floor_0.05+cautious_z1.64,both,G7,r1_rms_10,0.9493,0.9174,0.9803
floor_0.05+cautious_z1.64,both,G7,r1_mean_10,-0.0853,-0.1439,-0.0285
floor_0.05+cautious_z1.64,both,G7,r1_rms_20,0.8605,0.8357,0.8863
floor_0.05+cautious_z1.64,both,G7,r1_mean_20,-0.1124,-0.1630,-0.0613
floor_0.05+cautious_z1.64,both,G7,r1_rms_50,0.7240,0.7056,0.7425
floor_0.05+cautious_z1.64,both,G7,r1_mean_50,-0.1396,-0.1775,-0.1006
floor_0.05+cautious_z1.64,both,G7,r1_rms_100,0.6234,0.6111,0.6359
floor_0.05+cautious_z1.64,both,G7,r1_mean_100,-0.1510,-0.1784,-0.1216
floor_0.05+cautious_z1.64,both,G7,r1_rms_200,0.5567,0.5467,0.5667
floor_0.05+cautious_z1.64,both,G7,r1_mean_200,-0.1555,-0.1772,-0.1336
floor_0.05+cautious_z1.64,both,G7,r2_brier,0.1752,0.1734,0.1770
floor_0.05+cautious_z1.64,both,G7,r2_bias,0.0054,0.0026,0.0083
floor_0.05+cautious_z1.64,both,G7,r3_inside,0.4281,0.4225,0.4332
floor_0.05+cautious_z1.64,both,G7,r3_below_0.5,0.0423,0.0382,0.0468
floor_0.05+cautious_z1.64,both,G7,r3_above_0.95,0.0285,0.0256,0.0315
floor_0.05+cautious_z1.64,both,G7,r4_false,0.0120,0.0088,0.0155
floor_0.05+cautious_z1.64,both,G7,r4_false_0.70,0.0022,0.0009,0.0038
floor_0.05+cautious_z1.64,both,G7,r4_below,0.4724,0.4563,0.4891
floor_0.05+cautious_z1.64,both,G7,r4_false_at_task,0.0201,0.0150,0.0259
floor_0.05+cautious_z1.64,both,G7,r4_declared,7.6400,7.2390,8.0250
floor_0.05+cautious_z1.64,both,G7,r5_late_answers,5.1413,4.9199,5.3552
floor_0.05+cautious_z1.64,both,G7,r5_never,0.2934,0.2742,0.3102
floor_0.05+cautious_z1.64,both,G7,r6_lag,-0.1527,-0.1752,-0.1308
floor_0.05+cautious_z1.64,both,G7,r7_error_5,0.8754,0.8383,0.9157
floor_0.05+cautious_z1.64,both,G7,r7_error_10,0.7987,0.7625,0.8350
floor_0.05+cautious_z1.64,both,G7,r7_longest_wrong,1.8040,1.7460,1.8650
floor_0.05+cautious_z1.64,both,G7,r7_hard_first,0.1488,0.1368,0.1602
floor_0.05+cautious_z1.64,both,G7,r4b_chance_below_0.5,0.1011,0.0892,0.1149
floor_0.05+cautious_z1.64,both,G7,r4b_chance_0.5_to_0.6,0.1270,0.1209,0.1326
floor_0.05+cautious_z1.64,both,G7,r4b_chance_0.6_to_0.7,0.2128,0.2070,0.2186
floor_0.05+cautious_z1.64,both,G7,r4b_chance_0.7_to_0.8,0.2841,0.2759,0.2918
floor_0.05+cautious_z1.64,both,G7,r4b_chance_0.8_up,0.2751,0.2622,0.2887
floor_0.05+cautious_z1.64,both,G7,r3_reachable,0.9278,0.9186,0.9373
floor_0.05+cautious_z1.64,both,G7,r8_rank_6_20,3.8733,3.3933,4.3333
floor_0.05+cautious_z1.64,both,G7,r8_topic_rank_6_20,17.7867,16.8133,18.7800
floor_0.05+cautious_z1.64,both,G7,r8_rank_150_200,1.6549,1.4059,1.9275
floor_0.05+cautious_z1.64,both,G7,r8_topic_rank_150_200,8.8588,8.4706,9.2471
floor_0.05+cautious_z1.64,both,G7,r2_ece,0.0076,0.0046,0.0105
floor_0.05+cautious_z1.64,both,G7,r4b_3,0.1338,0.1213,0.1465
floor_0.05+cautious_z1.64,both,G7,r4b_5,0.1584,0.1430,0.1726
floor_0.05+cautious_z1.64,both,G7,r4b_10,0.1649,0.1504,0.1792
floor_0.05+cautious_z1.64,both,G7,r4b_20,0.1666,0.1506,0.1810
floor_0.05+cautious_z1.64,both,G7,r4b_50,0.1666,0.1509,0.1817
floor_0.05+cautious_z1.64,both,G7,r8_move_p95_6_20,73.0000,73.0000,74.0000
floor_0.05+cautious_z1.64,both,G7,r8_move_p95_150_200,41.0000,40.0000,41.0000
floor_0.05+cautious_z1.64,both,G8,r1_rms_5,0.9739,0.9403,1.0068
floor_0.05+cautious_z1.64,both,G8,r1_mean_5,0.0486,-0.0128,0.1173
floor_0.05+cautious_z1.64,both,G8,r1_rms_10,0.9043,0.8750,0.9340
floor_0.05+cautious_z1.64,both,G8,r1_mean_10,0.0095,-0.0455,0.0662
floor_0.05+cautious_z1.64,both,G8,r1_rms_20,0.8084,0.7847,0.8329
floor_0.05+cautious_z1.64,both,G8,r1_mean_20,-0.0206,-0.0661,0.0275
floor_0.05+cautious_z1.64,both,G8,r1_rms_50,0.6542,0.6386,0.6698
floor_0.05+cautious_z1.64,both,G8,r1_mean_50,-0.0557,-0.0871,-0.0225
floor_0.05+cautious_z1.64,both,G8,r1_rms_100,0.5624,0.5515,0.5734
floor_0.05+cautious_z1.64,both,G8,r1_mean_100,-0.0769,-0.0992,-0.0554
floor_0.05+cautious_z1.64,both,G8,r1_rms_200,0.4892,0.4814,0.4968
floor_0.05+cautious_z1.64,both,G8,r1_mean_200,-0.0884,-0.1045,-0.0726
floor_0.05+cautious_z1.64,both,G8,r2_brier,0.1760,0.1743,0.1776
floor_0.05+cautious_z1.64,both,G8,r2_bias,0.0073,0.0046,0.0101
floor_0.05+cautious_z1.64,both,G8,r3_inside,0.4354,0.4302,0.4405
floor_0.05+cautious_z1.64,both,G8,r3_below_0.5,0.0396,0.0357,0.0438
floor_0.05+cautious_z1.64,both,G8,r3_above_0.95,0.0270,0.0242,0.0298
floor_0.05+cautious_z1.64,both,G8,r4_false,0.0129,0.0100,0.0160
floor_0.05+cautious_z1.64,both,G8,r4_false_0.70,0.0016,0.0008,0.0026
floor_0.05+cautious_z1.64,both,G8,r4_below,0.4652,0.4492,0.4808
floor_0.05+cautious_z1.64,both,G8,r4_false_at_task,0.0206,0.0155,0.0260
floor_0.05+cautious_z1.64,both,G8,r4_declared,7.6250,7.2490,8.0130
floor_0.05+cautious_z1.64,both,G8,r5_late_answers,4.9723,4.7731,5.1829
floor_0.05+cautious_z1.64,both,G8,r5_never,0.3031,0.2848,0.3217
floor_0.05+cautious_z1.64,both,G8,r6_lag,-0.0915,-0.1077,-0.0760
floor_0.05+cautious_z1.64,both,G8,r7_error_5,0.8211,0.7822,0.8613
floor_0.05+cautious_z1.64,both,G8,r7_error_10,0.7441,0.7091,0.7802
floor_0.05+cautious_z1.64,both,G8,r7_longest_wrong,1.8050,1.7480,1.8660
floor_0.05+cautious_z1.64,both,G8,r7_hard_first,0.1405,0.1297,0.1518
floor_0.05+cautious_z1.64,both,G8,r4b_chance_below_0.5,0.0926,0.0811,0.1047
floor_0.05+cautious_z1.64,both,G8,r4b_chance_0.5_to_0.6,0.1250,0.1192,0.1311
floor_0.05+cautious_z1.64,both,G8,r4b_chance_0.6_to_0.7,0.2143,0.2079,0.2205
floor_0.05+cautious_z1.64,both,G8,r4b_chance_0.7_to_0.8,0.2872,0.2799,0.2946
floor_0.05+cautious_z1.64,both,G8,r4b_chance_0.8_up,0.2810,0.2680,0.2944
floor_0.05+cautious_z1.64,both,G8,r3_reachable,0.9422,0.9340,0.9498
floor_0.05+cautious_z1.64,both,G8,r8_rank_6_20,3.6200,3.1867,4.0933
floor_0.05+cautious_z1.64,both,G8,r8_topic_rank_6_20,17.9200,17.0133,18.8667
floor_0.05+cautious_z1.64,both,G8,r8_rank_150_200,1.6020,1.3725,1.8588
floor_0.05+cautious_z1.64,both,G8,r8_topic_rank_150_200,9.4412,9.0431,9.8804
floor_0.05+cautious_z1.64,both,G8,r2_ece,0.0091,0.0062,0.0120
floor_0.05+cautious_z1.64,both,G8,r4b_3,0.1311,0.1195,0.1425
floor_0.05+cautious_z1.64,both,G8,r4b_5,0.1593,0.1457,0.1726
floor_0.05+cautious_z1.64,both,G8,r4b_10,0.1652,0.1522,0.1795
floor_0.05+cautious_z1.64,both,G8,r4b_20,0.1686,0.1537,0.1825
floor_0.05+cautious_z1.64,both,G8,r4b_50,0.1686,0.1536,0.1834
floor_0.05+cautious_z1.64,both,G8,r8_move_p95_6_20,73.0000,73.0000,74.0000
floor_0.05+cautious_z1.64,both,G8,r8_move_p95_150_200,41.0000,41.0000,42.0000
floor_0.05+cautious_z1.64,both,G0-exact,r1_rms_5,0.9951,0.9593,1.0300
floor_0.05+cautious_z1.64,both,G0-exact,r1_mean_5,0.0084,-0.0575,0.0779
floor_0.05+cautious_z1.64,both,G0-exact,r1_rms_10,0.9290,0.8990,0.9594
floor_0.05+cautious_z1.64,both,G0-exact,r1_mean_10,-0.0131,-0.0702,0.0455
floor_0.05+cautious_z1.64,both,G0-exact,r1_rms_20,0.8162,0.7915,0.8416
floor_0.05+cautious_z1.64,both,G0-exact,r1_mean_20,-0.0229,-0.0717,0.0232
floor_0.05+cautious_z1.64,both,G0-exact,r1_rms_50,0.6602,0.6442,0.6759
floor_0.05+cautious_z1.64,both,G0-exact,r1_mean_50,-0.0438,-0.0781,-0.0124
floor_0.05+cautious_z1.64,both,G0-exact,r1_rms_100,0.5497,0.5400,0.5600
floor_0.05+cautious_z1.64,both,G0-exact,r1_mean_100,-0.0548,-0.0767,-0.0325
floor_0.05+cautious_z1.64,both,G0-exact,r1_rms_200,0.4736,0.4662,0.4811
floor_0.05+cautious_z1.64,both,G0-exact,r1_mean_200,-0.0466,-0.0614,-0.0316
floor_0.05+cautious_z1.64,both,G0-exact,r2_brier,0.1740,0.1724,0.1757
floor_0.05+cautious_z1.64,both,G0-exact,r2_bias,0.0036,0.0008,0.0063
floor_0.05+cautious_z1.64,both,G0-exact,r3_inside,0.5450,0.5355,0.5548
floor_0.05+cautious_z1.64,both,G0-exact,r3_below_0.5,0.0214,0.0182,0.0249
floor_0.05+cautious_z1.64,both,G0-exact,r3_above_0.95,0.0101,0.0082,0.0121
floor_0.05+cautious_z1.64,both,G0-exact,r4_false,0.0127,0.0099,0.0158
floor_0.05+cautious_z1.64,both,G0-exact,r4_false_0.70,0.0018,0.0008,0.0029
floor_0.05+cautious_z1.64,both,G0-exact,r4_below,0.4648,0.4470,0.4820
floor_0.05+cautious_z1.64,both,G0-exact,r4_false_at_task,0.0186,0.0139,0.0238
floor_0.05+cautious_z1.64,both,G0-exact,r4_declared,7.4140,7.0390,7.7930
floor_0.05+cautious_z1.64,both,G0-exact,r5_late_answers,5.0030,4.7778,5.2344
floor_0.05+cautious_z1.64,both,G0-exact,r5_never,0.2969,0.2784,0.3146
floor_0.05+cautious_z1.64,both,G0-exact,r6_lag,-0.0484,-0.0635,-0.0339
floor_0.05+cautious_z1.64,both,G0-exact,r7_error_5,0.8598,0.8193,0.9016
floor_0.05+cautious_z1.64,both,G0-exact,r7_error_10,0.7836,0.7478,0.8204
floor_0.05+cautious_z1.64,both,G0-exact,r7_longest_wrong,1.7960,1.7390,1.8550
floor_0.05+cautious_z1.64,both,G0-exact,r7_hard_first,0.1226,0.1113,0.1341
floor_0.05+cautious_z1.64,both,G0-exact,r4b_chance_below_0.5,0.0527,0.0443,0.0618
floor_0.05+cautious_z1.64,both,G0-exact,r4b_chance_0.5_to_0.6,0.0958,0.0863,0.1050
floor_0.05+cautious_z1.64,both,G0-exact,r4b_chance_0.6_to_0.7,0.2589,0.2456,0.2729
floor_0.05+cautious_z1.64,both,G0-exact,r4b_chance_0.7_to_0.8,0.3931,0.3759,0.4107
floor_0.05+cautious_z1.64,both,G0-exact,r4b_chance_0.8_up,0.1996,0.1835,0.2161
floor_0.05+cautious_z1.64,both,G0-exact,r3_reachable,0.9336,0.9256,0.9414
floor_0.05+cautious_z1.64,both,G0-exact,r8_rank_6_20,3.5667,3.1067,4.0333
floor_0.05+cautious_z1.64,both,G0-exact,r8_topic_rank_6_20,17.8533,16.9067,18.8333
floor_0.05+cautious_z1.64,both,G0-exact,r8_rank_150_200,1.6020,1.3667,1.8431
floor_0.05+cautious_z1.64,both,G0-exact,r8_topic_rank_150_200,8.9118,8.5216,9.2980
floor_0.05+cautious_z1.64,both,G0-exact,r2_ece,0.0060,0.0033,0.0088
floor_0.05+cautious_z1.64,both,G0-exact,r4b_3,0.1323,0.1204,0.1447
floor_0.05+cautious_z1.64,both,G0-exact,r4b_5,0.1575,0.1440,0.1708
floor_0.05+cautious_z1.64,both,G0-exact,r4b_10,0.1655,0.1513,0.1801
floor_0.05+cautious_z1.64,both,G0-exact,r4b_20,0.1692,0.1542,0.1842
floor_0.05+cautious_z1.64,both,G0-exact,r4b_50,0.1692,0.1541,0.1848
floor_0.05+cautious_z1.64,both,G0-exact,r8_move_p95_6_20,73.0000,72.0000,73.0000
floor_0.05+cautious_z1.64,both,G0-exact,r8_move_p95_150_200,41.0000,40.0000,41.0000
floor_0.05+cautious_z1.64,both,G0-miss0.25,r1_rms_5,0.9973,0.9639,1.0356
floor_0.05+cautious_z1.64,both,G0-miss0.25,r1_mean_5,0.0220,-0.0416,0.0858
floor_0.05+cautious_z1.64,both,G0-miss0.25,r1_rms_10,0.9303,0.9000,0.9603
floor_0.05+cautious_z1.64,both,G0-miss0.25,r1_mean_10,-0.0112,-0.0672,0.0454
floor_0.05+cautious_z1.64,both,G0-miss0.25,r1_rms_20,0.8199,0.7949,0.8460
floor_0.05+cautious_z1.64,both,G0-miss0.25,r1_mean_20,-0.0386,-0.0902,0.0074
floor_0.05+cautious_z1.64,both,G0-miss0.25,r1_rms_50,0.6633,0.6467,0.6809
floor_0.05+cautious_z1.64,both,G0-miss0.25,r1_mean_50,-0.0611,-0.0945,-0.0276
floor_0.05+cautious_z1.64,both,G0-miss0.25,r1_rms_100,0.5594,0.5491,0.5706
floor_0.05+cautious_z1.64,both,G0-miss0.25,r1_mean_100,-0.0680,-0.0897,-0.0452
floor_0.05+cautious_z1.64,both,G0-miss0.25,r1_rms_200,0.4781,0.4708,0.4857
floor_0.05+cautious_z1.64,both,G0-miss0.25,r1_mean_200,-0.0641,-0.0799,-0.0482
floor_0.05+cautious_z1.64,both,G0-miss0.25,r2_brier,0.1746,0.1728,0.1764
floor_0.05+cautious_z1.64,both,G0-miss0.25,r2_bias,0.0045,0.0014,0.0076
floor_0.05+cautious_z1.64,both,G0-miss0.25,r3_inside,0.5016,0.4935,0.5098
floor_0.05+cautious_z1.64,both,G0-miss0.25,r3_below_0.5,0.0263,0.0228,0.0303
floor_0.05+cautious_z1.64,both,G0-miss0.25,r3_above_0.95,0.0142,0.0121,0.0164
floor_0.05+cautious_z1.64,both,G0-miss0.25,r4_false,0.0122,0.0094,0.0155
floor_0.05+cautious_z1.64,both,G0-miss0.25,r4_false_0.70,0.0017,0.0009,0.0026
floor_0.05+cautious_z1.64,both,G0-miss0.25,r4_below,0.4609,0.4452,0.4768
floor_0.05+cautious_z1.64,both,G0-miss0.25,r4_false_at_task,0.0193,0.0146,0.0245
floor_0.05+cautious_z1.64,both,G0-miss0.25,r4_declared,7.7940,7.4160,8.1720
floor_0.05+cautious_z1.64,both,G0-miss0.25,r5_late_answers,4.9337,4.7397,5.1477
floor_0.05+cautious_z1.64,both,G0-miss0.25,r5_never,0.2765,0.2596,0.2938
floor_0.05+cautious_z1.64,both,G0-miss0.25,r6_lag,-0.0601,-0.0754,-0.0448
floor_0.05+cautious_z1.64,both,G0-miss0.25,r7_error_5,0.8725,0.8337,0.9118
floor_0.05+cautious_z1.64,both,G0-miss0.25,r7_error_10,0.7915,0.7557,0.8264
floor_0.05+cautious_z1.64,both,G0-miss0.25,r7_longest_wrong,1.8090,1.7530,1.8650
floor_0.05+cautious_z1.64,both,G0-miss0.25,r7_hard_first,0.1315,0.1197,0.1434
floor_0.05+cautious_z1.64,both,G0-miss0.25,r4b_chance_below_0.5,0.0656,0.0558,0.0771
floor_0.05+cautious_z1.64,both,G0-miss0.25,r4b_chance_0.5_to_0.6,0.1121,0.1034,0.1219
floor_0.05+cautious_z1.64,both,G0-miss0.25,r4b_chance_0.6_to_0.7,0.2461,0.2370,0.2555
floor_0.05+cautious_z1.64,both,G0-miss0.25,r4b_chance_0.7_to_0.8,0.3425,0.3308,0.3539
floor_0.05+cautious_z1.64,both,G0-miss0.25,r4b_chance_0.8_up,0.2337,0.2187,0.2489
floor_0.05+cautious_z1.64,both,G0-miss0.25,r3_reachable,0.9366,0.9276,0.9451
floor_0.05+cautious_z1.64,both,G0-miss0.25,r8_rank_6_20,3.4800,3.0600,3.9067
floor_0.05+cautious_z1.64,both,G0-miss0.25,r8_topic_rank_6_20,17.0533,16.1200,17.9467
floor_0.05+cautious_z1.64,both,G0-miss0.25,r8_rank_150_200,1.6784,1.4353,1.9353
floor_0.05+cautious_z1.64,both,G0-miss0.25,r8_topic_rank_150_200,8.7471,8.3627,9.1216
floor_0.05+cautious_z1.64,both,G0-miss0.25,r2_ece,0.0060,0.0037,0.0091
floor_0.05+cautious_z1.64,both,G0-miss0.25,r4b_3,0.1486,0.1365,0.1617
floor_0.05+cautious_z1.64,both,G0-miss0.25,r4b_5,0.1751,0.1611,0.1893
floor_0.05+cautious_z1.64,both,G0-miss0.25,r4b_10,0.1817,0.1674,0.1960
floor_0.05+cautious_z1.64,both,G0-miss0.25,r4b_20,0.1837,0.1689,0.1994
floor_0.05+cautious_z1.64,both,G0-miss0.25,r4b_50,0.1837,0.1690,0.1992
floor_0.05+cautious_z1.64,both,G0-miss0.25,r8_move_p95_6_20,73.0000,73.0000,74.0000
floor_0.05+cautious_z1.64,both,G0-miss0.25,r8_move_p95_150_200,41.0000,40.0000,41.0000
floor_0.05+cautious_z1.64,both,G0-miss1,r1_rms_5,1.0346,0.9968,1.0737
floor_0.05+cautious_z1.64,both,G0-miss1,r1_mean_5,-0.0610,-0.1350,0.0067
floor_0.05+cautious_z1.64,both,G0-miss1,r1_rms_10,0.9701,0.9395,1.0033
floor_0.05+cautious_z1.64,both,G0-miss1,r1_mean_10,-0.1012,-0.1613,-0.0393
floor_0.05+cautious_z1.64,both,G0-miss1,r1_rms_20,0.8771,0.8491,0.9048
floor_0.05+cautious_z1.64,both,G0-miss1,r1_mean_20,-0.1299,-0.1823,-0.0774
floor_0.05+cautious_z1.64,both,G0-miss1,r1_rms_50,0.7268,0.7084,0.7456
floor_0.05+cautious_z1.64,both,G0-miss1,r1_mean_50,-0.1829,-0.2201,-0.1441
floor_0.05+cautious_z1.64,both,G0-miss1,r1_rms_100,0.6230,0.6091,0.6369
floor_0.05+cautious_z1.64,both,G0-miss1,r1_mean_100,-0.2120,-0.2375,-0.1856
floor_0.05+cautious_z1.64,both,G0-miss1,r1_rms_200,0.5419,0.5314,0.5520
floor_0.05+cautious_z1.64,both,G0-miss1,r1_mean_200,-0.2291,-0.2466,-0.2125
floor_0.05+cautious_z1.64,both,G0-miss1,r2_brier,0.1776,0.1759,0.1794
floor_0.05+cautious_z1.64,both,G0-miss1,r2_bias,0.0092,0.0062,0.0122
floor_0.05+cautious_z1.64,both,G0-miss1,r3_inside,0.2966,0.2937,0.2996
floor_0.05+cautious_z1.64,both,G0-miss1,r3_below_0.5,0.0907,0.0862,0.0957
floor_0.05+cautious_z1.64,both,G0-miss1,r3_above_0.95,0.1082,0.1037,0.1130
floor_0.05+cautious_z1.64,both,G0-miss1,r4_false,0.0111,0.0077,0.0150
floor_0.05+cautious_z1.64,both,G0-miss1,r4_false_0.70,0.0026,0.0013,0.0041
floor_0.05+cautious_z1.64,both,G0-miss1,r4_below,0.4721,0.4557,0.4881
floor_0.05+cautious_z1.64,both,G0-miss1,r4_false_at_task,0.0152,0.0100,0.0210
floor_0.05+cautious_z1.64,both,G0-miss1,r4_declared,7.3610,6.9740,7.7570
floor_0.05+cautious_z1.64,both,G0-miss1,r5_late_answers,4.9842,4.7555,5.2066
floor_0.05+cautious_z1.64,both,G0-miss1,r5_never,0.3389,0.3209,0.3575
floor_0.05+cautious_z1.64,both,G0-miss1,r6_lag,-0.2306,-0.2497,-0.2110
floor_0.05+cautious_z1.64,both,G0-miss1,r7_error_5,0.8925,0.8526,0.9333
floor_0.05+cautious_z1.64,both,G0-miss1,r7_error_10,0.8213,0.7830,0.8598
floor_0.05+cautious_z1.64,both,G0-miss1,r7_longest_wrong,1.8190,1.7620,1.8810
floor_0.05+cautious_z1.64,both,G0-miss1,r7_hard_first,0.1785,0.1675,0.1906
floor_0.05+cautious_z1.64,both,G0-miss1,r4b_chance_below_0.5,0.1581,0.1475,0.1683
floor_0.05+cautious_z1.64,both,G0-miss1,r4b_chance_0.5_to_0.6,0.1167,0.1130,0.1208
floor_0.05+cautious_z1.64,both,G0-miss1,r4b_chance_0.6_to_0.7,0.1536,0.1495,0.1574
floor_0.05+cautious_z1.64,both,G0-miss1,r4b_chance_0.7_to_0.8,0.1896,0.1855,0.1936
floor_0.05+cautious_z1.64,both,G0-miss1,r4b_chance_0.8_up,0.3821,0.3701,0.3941
floor_0.05+cautious_z1.64,both,G0-miss1,r3_reachable,0.9414,0.9330,0.9495
floor_0.05+cautious_z1.64,both,G0-miss1,r8_rank_6_20,3.6333,3.1867,4.0800
floor_0.05+cautious_z1.64,both,G0-miss1,r8_topic_rank_6_20,17.5800,16.7000,18.5600
floor_0.05+cautious_z1.64,both,G0-miss1,r8_rank_150_200,1.6882,1.4549,1.9529
floor_0.05+cautious_z1.64,both,G0-miss1,r8_topic_rank_150_200,8.8490,8.4431,9.2353
floor_0.05+cautious_z1.64,both,G0-miss1,r2_ece,0.0110,0.0082,0.0142
floor_0.05+cautious_z1.64,both,G0-miss1,r4b_3,0.1277,0.1154,0.1406
floor_0.05+cautious_z1.64,both,G0-miss1,r4b_5,0.1523,0.1382,0.1666
floor_0.05+cautious_z1.64,both,G0-miss1,r4b_10,0.1557,0.1401,0.1701
floor_0.05+cautious_z1.64,both,G0-miss1,r4b_20,0.1562,0.1424,0.1716
floor_0.05+cautious_z1.64,both,G0-miss1,r4b_50,0.1601,0.1439,0.1766
floor_0.05+cautious_z1.64,both,G0-miss1,r8_move_p95_6_20,73.0000,73.0000,74.0000
floor_0.05+cautious_z1.64,both,G0-miss1,r8_move_p95_150_200,40.0000,40.0000,41.0000
floor_0.05+cautious_z1.64,both,G2-half,r1_rms_5,1.0012,0.9647,1.0428
floor_0.05+cautious_z1.64,both,G2-half,r1_mean_5,-0.0541,-0.1208,0.0107
floor_0.05+cautious_z1.64,both,G2-half,r1_rms_10,0.9427,0.9112,0.9755
floor_0.05+cautious_z1.64,both,G2-half,r1_mean_10,-0.1091,-0.1704,-0.0476
floor_0.05+cautious_z1.64,both,G2-half,r1_rms_20,0.8555,0.8270,0.8833
floor_0.05+cautious_z1.64,both,G2-half,r1_mean_20,-0.1657,-0.2166,-0.1162
floor_0.05+cautious_z1.64,both,G2-half,r1_rms_50,0.7320,0.7121,0.7536
floor_0.05+cautious_z1.64,both,G2-half,r1_mean_50,-0.3007,-0.3345,-0.2659
floor_0.05+cautious_z1.64,both,G2-half,r1_rms_100,0.6986,0.6823,0.7156
floor_0.05+cautious_z1.64,both,G2-half,r1_mean_100,-0.4440,-0.4677,-0.4204
floor_0.05+cautious_z1.64,both,G2-half,r1_rms_200,0.7294,0.7162,0.7425
floor_0.05+cautious_z1.64,both,G2-half,r1_mean_200,-0.5660,-0.5830,-0.5498
floor_0.05+cautious_z1.64,both,G2-half,r2_brier,0.1515,0.1497,0.1532
floor_0.05+cautious_z1.64,both,G2-half,r2_bias,-0.0375,-0.0405,-0.0347
floor_0.05+cautious_z1.64,both,G2-half,r3_inside,0.3729,0.3668,0.3791
floor_0.05+cautious_z1.64,both,G2-half,r3_below_0.5,0.0240,0.0212,0.0271
floor_0.05+cautious_z1.64,both,G2-half,r3_above_0.95,0.0625,0.0572,0.0680
floor_0.05+cautious_z1.64,both,G2-half,r4_false,0.0037,0.0023,0.0051
floor_0.05+cautious_z1.64,both,G2-half,r4_false_0.70,0.0007,0.0002,0.0013
floor_0.05+cautious_z1.64,both,G2-half,r4_below,0.4269,0.4125,0.4409
floor_0.05+cautious_z1.64,both,G2-half,r4_false_at_task,0.0058,0.0035,0.0084
floor_0.05+cautious_z1.64,both,G2-half,r4_declared,8.4850,8.0920,8.8690
floor_0.05+cautious_z1.64,both,G2-half,r5_late_answers,6.1999,5.9780,6.4570
floor_0.05+cautious_z1.64,both,G2-half,r5_never,0.4281,0.4133,0.4435
floor_0.05+cautious_z1.64,both,G2-half,r6_lag,-0.5304,-0.5479,-0.5121
floor_0.05+cautious_z1.64,both,G2-half,r7_error_5,0.8592,0.8168,0.8994
floor_0.05+cautious_z1.64,both,G2-half,r7_error_10,0.7886,0.7498,0.8280
floor_0.05+cautious_z1.64,both,G2-half,r7_longest_wrong,1.7270,1.6700,1.7830
floor_0.05+cautious_z1.64,both,G2-half,r7_hard_first,0.1346,0.1232,0.1456
floor_0.05+cautious_z1.64,both,G2-half,r4b_chance_below_0.5,0.0688,0.0598,0.0781
floor_0.05+cautious_z1.64,both,G2-half,r4b_chance_0.5_to_0.6,0.0883,0.0828,0.0937
floor_0.05+cautious_z1.64,both,G2-half,r4b_chance_0.6_to_0.7,0.1701,0.1641,0.1763
floor_0.05+cautious_z1.64,both,G2-half,r4b_chance_0.7_to_0.8,0.2698,0.2628,0.2764
floor_0.05+cautious_z1.64,both,G2-half,r4b_chance_0.8_up,0.4030,0.3890,0.4178
floor_0.05+cautious_z1.64,both,G2-half,r3_reachable,0.9573,0.9526,0.9613
floor_0.05+cautious_z1.64,both,G2-half,r8_rank_6_20,3.7200,3.2267,4.2067
floor_0.05+cautious_z1.64,both,G2-half,r8_topic_rank_6_20,17.2000,16.2333,18.1467
floor_0.05+cautious_z1.64,both,G2-half,r8_rank_150_200,1.7608,1.5196,2.0098
floor_0.05+cautious_z1.64,both,G2-half,r8_topic_rank_150_200,8.9314,8.5314,9.3255
floor_0.05+cautious_z1.64,both,G2-half,r2_ece,0.0375,0.0346,0.0404
floor_0.05+cautious_z1.64,both,G2-half,r4b_3,0.1082,0.0978,0.1189
floor_0.05+cautious_z1.64,both,G2-half,r4b_5,0.1270,0.1145,0.1395
floor_0.05+cautious_z1.64,both,G2-half,r4b_10,0.1368,0.1226,0.1508
floor_0.05+cautious_z1.64,both,G2-half,r4b_20,0.1469,0.1316,0.1626
floor_0.05+cautious_z1.64,both,G2-half,r4b_50,0.1671,0.1406,0.1989
floor_0.05+cautious_z1.64,both,G2-half,r8_move_p95_6_20,73.0000,73.0000,74.0000
floor_0.05+cautious_z1.64,both,G2-half,r8_move_p95_150_200,40.0000,40.0000,41.0000
floor_0.05+cautious_z1.64,both,G2-fading,r1_rms_5,0.9902,0.9553,1.0282
floor_0.05+cautious_z1.64,both,G2-fading,r1_mean_5,-0.0664,-0.1328,-0.0004
floor_0.05+cautious_z1.64,both,G2-fading,r1_rms_10,0.9298,0.8985,0.9604
floor_0.05+cautious_z1.64,both,G2-fading,r1_mean_10,-0.1168,-0.1774,-0.0583
floor_0.05+cautious_z1.64,both,G2-fading,r1_rms_20,0.8499,0.8226,0.8784
floor_0.05+cautious_z1.64,both,G2-fading,r1_mean_20,-0.1972,-0.2465,-0.1495
floor_0.05+cautious_z1.64,both,G2-fading,r1_rms_50,0.7416,0.7213,0.7623
floor_0.05+cautious_z1.64,both,G2-fading,r1_mean_50,-0.3320,-0.3683,-0.2965
floor_0.05+cautious_z1.64,both,G2-fading,r1_rms_100,0.6814,0.6654,0.6974
floor_0.05+cautious_z1.64,both,G2-fading,r1_mean_100,-0.4144,-0.4387,-0.3902
floor_0.05+cautious_z1.64,both,G2-fading,r1_rms_200,0.5904,0.5790,0.6019
floor_0.05+cautious_z1.64,both,G2-fading,r1_mean_200,-0.3670,-0.3828,-0.3511
floor_0.05+cautious_z1.64,both,G2-fading,r2_brier,0.1541,0.1525,0.1559
floor_0.05+cautious_z1.64,both,G2-fading,r2_bias,-0.0321,-0.0350,-0.0290
floor_0.05+cautious_z1.64,both,G2-fading,r3_inside,0.3895,0.3835,0.3955
floor_0.05+cautious_z1.64,both,G2-fading,r3_below_0.5,0.0242,0.0215,0.0272
floor_0.05+cautious_z1.64,both,G2-fading,r3_above_0.95,0.0560,0.0511,0.0610
floor_0.05+cautious_z1.64,both,G2-fading,r4_false,0.0044,0.0028,0.0062
floor_0.05+cautious_z1.64,both,G2-fading,r4_false_0.70,0.0002,0.0000,0.0006
floor_0.05+cautious_z1.64,both,G2-fading,r4_below,0.4286,0.4139,0.4426
floor_0.05+cautious_z1.64,both,G2-fading,r4_false_at_task,0.0065,0.0042,0.0091
floor_0.05+cautious_z1.64,both,G2-fading,r4_declared,8.6390,8.2610,9.0490
floor_0.05+cautious_z1.64,both,G2-fading,r5_late_answers,6.0300,5.8082,6.2566
floor_0.05+cautious_z1.64,both,G2-fading,r5_never,0.3856,0.3689,0.4014
floor_0.05+cautious_z1.64,both,G2-fading,r6_lag,-0.4054,-0.4228,-0.3873
floor_0.05+cautious_z1.64,both,G2-fading,r7_error_5,0.8439,0.8037,0.8871
floor_0.05+cautious_z1.64,both,G2-fading,r7_error_10,0.7774,0.7393,0.8154
floor_0.05+cautious_z1.64,both,G2-fading,r7_longest_wrong,1.6750,1.6230,1.7280
floor_0.05+cautious_z1.64,both,G2-fading,r7_hard_first,0.1329,0.1220,0.1444
floor_0.05+cautious_z1.64,both,G2-fading,r4b_chance_below_0.5,0.0681,0.0592,0.0788
floor_0.05+cautious_z1.64,both,G2-fading,r4b_chance_0.5_to_0.6,0.0940,0.0884,0.0999
floor_0.05+cautious_z1.64,both,G2-fading,r4b_chance_0.6_to_0.7,0.1860,0.1793,0.1921
floor_0.05+cautious_z1.64,both,G2-fading,r4b_chance_0.7_to_0.8,0.2788,0.2719,0.2855
floor_0.05+cautious_z1.64,both,G2-fading,r4b_chance_0.8_up,0.3731,0.3583,0.3879
floor_0.05+cautious_z1.64,both,G2-fading,r3_reachable,0.9580,0.9533,0.9619
floor_0.05+cautious_z1.64,both,G2-fading,r8_rank_6_20,3.0600,2.6267,3.5067
floor_0.05+cautious_z1.64,both,G2-fading,r8_topic_rank_6_20,16.7267,15.7667,17.6400
floor_0.05+cautious_z1.64,both,G2-fading,r8_rank_150_200,1.2667,1.0647,1.4922
floor_0.05+cautious_z1.64,both,G2-fading,r8_topic_rank_150_200,9.0961,8.7059,9.4922
floor_0.05+cautious_z1.64,both,G2-fading,r2_ece,0.0321,0.0289,0.0351
floor_0.05+cautious_z1.64,both,G2-fading,r4b_3,0.1213,0.1101,0.1328
floor_0.05+cautious_z1.64,both,G2-fading,r4b_5,0.1406,0.1272,0.1547
floor_0.05+cautious_z1.64,both,G2-fading,r4b_10,0.1497,0.1359,0.1637
floor_0.05+cautious_z1.64,both,G2-fading,r4b_20,0.1599,0.1452,0.1763
floor_0.05+cautious_z1.64,both,G2-fading,r4b_50,0.1804,0.1474,0.2322
floor_0.05+cautious_z1.64,both,G2-fading,r8_move_p95_6_20,73.0000,73.0000,73.0000
floor_0.05+cautious_z1.64,both,G2-fading,r8_move_p95_150_200,41.0000,40.0000,41.0000
floor_0.05+cautious_z1.64,both,G3-drop,r1_rms_5,0.9785,0.9445,1.0118
floor_0.05+cautious_z1.64,both,G3-drop,r1_mean_5,0.0068,-0.0545,0.0684
floor_0.05+cautious_z1.64,both,G3-drop,r1_rms_10,0.9026,0.8727,0.9300
floor_0.05+cautious_z1.64,both,G3-drop,r1_mean_10,-0.0267,-0.0835,0.0263
floor_0.05+cautious_z1.64,both,G3-drop,r1_rms_20,0.8155,0.7938,0.8379
floor_0.05+cautious_z1.64,both,G3-drop,r1_mean_20,-0.0528,-0.0990,-0.0061
floor_0.05+cautious_z1.64,both,G3-drop,r1_rms_50,0.6608,0.6450,0.6762
floor_0.05+cautious_z1.64,both,G3-drop,r1_mean_50,-0.0735,-0.1059,-0.0402
floor_0.05+cautious_z1.64,both,G3-drop,r1_rms_100,0.7101,0.6941,0.7281
floor_0.05+cautious_z1.64,both,G3-drop,r1_mean_100,0.3033,0.2710,0.3353
floor_0.05+cautious_z1.64,both,G3-drop,r1_rms_200,0.5445,0.5345,0.5550
floor_0.05+cautious_z1.64,both,G3-drop,r1_mean_200,0.2679,0.2513,0.2840
floor_0.05+cautious_z1.64,both,G3-drop,r2_brier,0.2000,0.1983,0.2017
floor_0.05+cautious_z1.64,both,G3-drop,r2_bias,0.0503,0.0472,0.0531
floor_0.05+cautious_z1.64,both,G3-drop,r3_inside,0.3898,0.3854,0.3942
floor_0.05+cautious_z1.64,both,G3-drop,r3_below_0.5,0.0816,0.0765,0.0872
floor_0.05+cautious_z1.64,both,G3-drop,r3_above_0.95,0.0208,0.0185,0.0232
floor_0.05+cautious_z1.64,both,G3-drop,r4_false,0.0257,0.0214,0.0305
floor_0.05+cautious_z1.64,both,G3-drop,r4_false_0.70,0.0074,0.0054,0.0095
floor_0.05+cautious_z1.64,both,G3-drop,r4_below,0.4644,0.4491,0.4807
floor_0.05+cautious_z1.64,both,G3-drop,r4_false_at_task,0.0405,0.0334,0.0482
floor_0.05+cautious_z1.64,both,G3-drop,r4_declared,7.6160,7.1910,7.9880
floor_0.05+cautious_z1.64,both,G3-drop,r5_late_answers,3.5408,3.4048,3.6823
floor_0.05+cautious_z1.64,both,G3-drop,r5_never,0.3885,0.3689,0.4074
floor_0.05+cautious_z1.64,both,G3-drop,r6_lag,0.3560,0.3405,0.3712
floor_0.05+cautious_z1.64,both,G3-drop,r6_jump_answers,46.3290,44.3050,48.3760
floor_0.05+cautious_z1.64,both,G3-drop,r6_jump_unsettled,0.1960,0.1700,0.2200
floor_0.05+cautious_z1.64,both,G3-drop,r7_error_5,0.8314,0.7929,0.8699
floor_0.05+cautious_z1.64,both,G3-drop,r7_error_10,0.7534,0.7195,0.7908
floor_0.05+cautious_z1.64,both,G3-drop,r7_longest_wrong,1.7800,1.7240,1.8400
floor_0.05+cautious_z1.64,both,G3-drop,r7_hard_first,0.1338,0.1225,0.1453
floor_0.05+cautious_z1.64,both,G3-drop,r4b_chance_below_0.5,0.1682,0.1551,0.1829
floor_0.05+cautious_z1.64,both,G3-drop,r4b_chance_0.5_to_0.6,0.1762,0.1708,0.1817
floor_0.05+cautious_z1.64,both,G3-drop,r4b_chance_0.6_to_0.7,0.2284,0.2226,0.2338
floor_0.05+cautious_z1.64,both,G3-drop,r4b_chance_0.7_to_0.8,0.2358,0.2289,0.2426
floor_0.05+cautious_z1.64,both,G3-drop,r4b_chance_0.8_up,0.1914,0.1804,0.2024
floor_0.05+cautious_z1.64,both,G3-drop,r3_reachable,0.8916,0.8811,0.9015
floor_0.05+cautious_z1.64,both,G3-drop,r8_rank_6_20,3.5400,3.1333,3.9867
floor_0.05+cautious_z1.64,both,G3-drop,r8_topic_rank_6_20,17.1200,16.1600,18.0533
floor_0.05+cautious_z1.64,both,G3-drop,r8_rank_150_200,2.0569,1.8039,2.3235
floor_0.05+cautious_z1.64,both,G3-drop,r8_topic_rank_150_200,9.8039,9.4412,10.1922
floor_0.05+cautious_z1.64,both,G3-drop,r2_ece,0.0503,0.0474,0.0532
floor_0.05+cautious_z1.64,both,G3-drop,r4b_3,0.1352,0.1240,0.1468
floor_0.05+cautious_z1.64,both,G3-drop,r4b_5,0.1562,0.1429,0.1694
floor_0.05+cautious_z1.64,both,G3-drop,r4b_10,0.1565,0.1433,0.1696
floor_0.05+cautious_z1.64,both,G3-drop,r4b_20,0.1565,0.1431,0.1709
floor_0.05+cautious_z1.64,both,G3-drop,r4b_50,0.1565,0.1431,0.1695
floor_0.05+cautious_z1.64,both,G3-drop,r8_move_p95_6_20,73.0000,73.0000,74.0000
floor_0.05+cautious_z1.64,both,G3-drop,r8_move_p95_150_200,43.0000,43.0000,43.0000
floor_0.05+cautious_z1.64,both,G0-start0.5,r1_rms_5,0.9748,0.9381,1.0118
floor_0.05+cautious_z1.64,both,G0-start0.5,r1_mean_5,0.0151,-0.0473,0.0807
floor_0.05+cautious_z1.64,both,G0-start0.5,r1_rms_10,0.9094,0.8807,0.9413
floor_0.05+cautious_z1.64,both,G0-start0.5,r1_mean_10,-0.0154,-0.0702,0.0391
floor_0.05+cautious_z1.64,both,G0-start0.5,r1_rms_20,0.8229,0.7971,0.8470
floor_0.05+cautious_z1.64,both,G0-start0.5,r1_mean_20,-0.0343,-0.0833,0.0148
floor_0.05+cautious_z1.64,both,G0-start0.5,r1_rms_50,0.6663,0.6496,0.6831
floor_0.05+cautious_z1.64,both,G0-start0.5,r1_mean_50,-0.0616,-0.0954,-0.0277
floor_0.05+cautious_z1.64,both,G0-start0.5,r1_rms_100,0.5525,0.5422,0.5641
floor_0.05+cautious_z1.64,both,G0-start0.5,r1_mean_100,-0.0759,-0.0979,-0.0536
floor_0.05+cautious_z1.64,both,G0-start0.5,r1_rms_200,0.4777,0.4697,0.4859
floor_0.05+cautious_z1.64,both,G0-start0.5,r1_mean_200,-0.0857,-0.1005,-0.0706
floor_0.05+cautious_z1.64,both,G0-start0.5,r2_brier,0.1736,0.1721,0.1753
floor_0.05+cautious_z1.64,both,G0-start0.5,r2_bias,0.0056,0.0025,0.0087
floor_0.05+cautious_z1.64,both,G0-start0.5,r3_inside,0.4344,0.4299,0.4391
floor_0.05+cautious_z1.64,both,G0-start0.5,r3_below_0.5,0.0347,0.0318,0.0379
floor_0.05+cautious_z1.64,both,G0-start0.5,r3_above_0.95,0.0274,0.0247,0.0303
floor_0.05+cautious_z1.64,both,G0-start0.5,r4_false,0.0058,0.0039,0.0080
floor_0.05+cautious_z1.64,both,G0-start0.5,r4_false_0.70,0.0004,0.0000,0.0009
floor_0.05+cautious_z1.64,both,G0-start0.5,r4_below,0.4434,0.4293,0.4575
floor_0.05+cautious_z1.64,both,G0-start0.5,r4_false_at_task,0.0079,0.0051,0.0111
floor_0.05+cautious_z1.64,both,G0-start0.5,r4_declared,7.7490,7.3820,8.1410
floor_0.05+cautious_z1.64,both,G0-start0.5,r5_late_answers,4.5152,4.3353,4.7039
floor_0.05+cautious_z1.64,both,G0-start0.5,r5_never,0.1964,0.1810,0.2119
floor_0.05+cautious_z1.64,both,G0-start0.5,r6_lag,-0.0965,-0.1117,-0.0801
floor_0.05+cautious_z1.64,both,G0-start0.5,r7_error_5,0.8265,0.7868,0.8658
floor_0.05+cautious_z1.64,both,G0-start0.5,r7_error_10,0.7524,0.7165,0.7883
floor_0.05+cautious_z1.64,both,G0-start0.5,r7_longest_wrong,1.7650,1.7110,1.8190
floor_0.05+cautious_z1.64,both,G0-start0.5,r7_hard_first,0.1288,0.1183,0.1398
floor_0.05+cautious_z1.64,both,G0-start0.5,r4b_chance_below_0.5,0.0747,0.0685,0.0809
floor_0.05+cautious_z1.64,both,G0-start0.5,r4b_chance_0.5_to_0.6,0.1150,0.1100,0.1202
floor_0.05+cautious_z1.64,both,G0-start0.5,r4b_chance_0.6_to_0.7,0.2062,0.2007,0.2116
floor_0.05+cautious_z1.64,both,G0-start0.5,r4b_chance_0.7_to_0.8,0.2882,0.2829,0.2935
floor_0.05+cautious_z1.64,both,G0-start0.5,r4b_chance_0.8_up,0.3159,0.3038,0.3280
floor_0.05+cautious_z1.64,both,G0-start0.5,r3_reachable,0.9578,0.9531,0.9624
floor_0.05+cautious_z1.64,both,G0-start0.5,r8_rank_6_20,3.5867,3.1400,4.0467
floor_0.05+cautious_z1.64,both,G0-start0.5,r8_topic_rank_6_20,17.5933,16.6667,18.5333
floor_0.05+cautious_z1.64,both,G0-start0.5,r8_rank_150_200,1.6333,1.4020,1.8941
floor_0.05+cautious_z1.64,both,G0-start0.5,r8_topic_rank_150_200,9.0941,8.6922,9.5137
floor_0.05+cautious_z1.64,both,G0-start0.5,r2_ece,0.0067,0.0040,0.0095
floor_0.05+cautious_z1.64,both,G0-start0.5,r4b_3,0.1387,0.1264,0.1503
floor_0.05+cautious_z1.64,both,G0-start0.5,r4b_5,0.1589,0.1451,0.1722
floor_0.05+cautious_z1.64,both,G0-start0.5,r4b_10,0.1616,0.1476,0.1753
floor_0.05+cautious_z1.64,both,G0-start0.5,r4b_20,0.1646,0.1504,0.1792
floor_0.05+cautious_z1.64,both,G0-start0.5,r4b_50,0.1810,0.1538,0.2200
floor_0.05+cautious_z1.64,both,G0-start0.5,r8_move_p95_6_20,73.0000,73.0000,74.0000
floor_0.05+cautious_z1.64,both,G0-start0.5,r8_move_p95_150_200,41.0000,41.0000,41.0000
floor_0.05+cautious_z1.64,both,G0-start2,r1_rms_5,1.1045,1.0614,1.1483
floor_0.05+cautious_z1.64,both,G0-start2,r1_mean_5,-0.0290,-0.1080,0.0452
floor_0.05+cautious_z1.64,both,G0-start2,r1_rms_10,1.0194,0.9825,1.0544
floor_0.05+cautious_z1.64,both,G0-start2,r1_mean_10,-0.0661,-0.1343,0.0017
floor_0.05+cautious_z1.64,both,G0-start2,r1_rms_20,0.9014,0.8737,0.9337
floor_0.05+cautious_z1.64,both,G0-start2,r1_mean_20,-0.0907,-0.1483,-0.0326
floor_0.05+cautious_z1.64,both,G0-start2,r1_rms_50,0.7265,0.7052,0.7473
floor_0.05+cautious_z1.64,both,G0-start2,r1_mean_50,-0.1177,-0.1567,-0.0780
floor_0.05+cautious_z1.64,both,G0-start2,r1_rms_100,0.5970,0.5811,0.6135
floor_0.05+cautious_z1.64,both,G0-start2,r1_mean_100,-0.1155,-0.1432,-0.0868
floor_0.05+cautious_z1.64,both,G0-start2,r1_rms_200,0.5077,0.4968,0.5201
floor_0.05+cautious_z1.64,both,G0-start2,r1_mean_200,-0.0942,-0.1143,-0.0759
floor_0.05+cautious_z1.64,both,G0-start2,r2_brier,0.1749,0.1726,0.1771
floor_0.05+cautious_z1.64,both,G0-start2,r2_bias,0.0023,-0.0010,0.0057
floor_0.05+cautious_z1.64,both,G0-start2,r3_inside,0.3987,0.3903,0.4065
floor_0.05+cautious_z1.64,both,G0-start2,r3_below_0.5,0.0692,0.0593,0.0798
floor_0.05+cautious_z1.64,both,G0-start2,r3_above_0.95,0.0419,0.0366,0.0475
floor_0.05+cautious_z1.64,both,G0-start2,r4_false,0.0108,0.0083,0.0139
floor_0.05+cautious_z1.64,both,G0-start2,r4_false_0.70,0.0017,0.0007,0.0028
floor_0.05+cautious_z1.64,both,G0-start2,r4_below,0.4197,0.4015,0.4381
floor_0.05+cautious_z1.64,both,G0-start2,r4_false_at_task,0.0145,0.0104,0.0188
floor_0.05+cautious_z1.64,both,G0-start2,r4_declared,8.2160,7.7860,8.6380
floor_0.05+cautious_z1.64,both,G0-start2,r5_late_answers,5.2142,5.0016,5.4385
floor_0.05+cautious_z1.64,both,G0-start2,r5_never,0.2840,0.2644,0.3055
floor_0.05+cautious_z1.64,both,G0-start2,r6_lag,-0.1249,-0.1442,-0.1043
floor_0.05+cautious_z1.64,both,G0-start2,r7_error_5,0.9631,0.9155,1.0089
floor_0.05+cautious_z1.64,both,G0-start2,r7_error_10,0.8714,0.8267,0.9179
floor_0.05+cautious_z1.64,both,G0-start2,r7_longest_wrong,1.9270,1.8530,2.0090
floor_0.05+cautious_z1.64,both,G0-start2,r7_hard_first,0.1791,0.1630,0.1948
floor_0.05+cautious_z1.64,both,G0-start2,r4b_chance_below_0.5,0.1939,0.1663,0.2229
floor_0.05+cautious_z1.64,both,G0-start2,r4b_chance_0.5_to_0.6,0.1305,0.1229,0.1377
floor_0.05+cautious_z1.64,both,G0-start2,r4b_chance_0.6_to_0.7,0.2002,0.1917,0.2086
floor_0.05+cautious_z1.64,both,G0-start2,r4b_chance_0.7_to_0.8,0.2443,0.2325,0.2566
floor_0.05+cautious_z1.64,both,G0-start2,r4b_chance_0.8_up,0.2311,0.2163,0.2465
floor_0.05+cautious_z1.64,both,G0-start2,r3_reachable,0.8764,0.8599,0.8920
floor_0.05+cautious_z1.64,both,G0-start2,r8_rank_6_20,3.7333,3.3200,4.1800
floor_0.05+cautious_z1.64,both,G0-start2,r8_topic_rank_6_20,17.6333,16.6200,18.6133
floor_0.05+cautious_z1.64,both,G0-start2,r8_rank_150_200,1.6843,1.4333,1.9353
floor_0.05+cautious_z1.64,both,G0-start2,r8_topic_rank_150_200,8.0059,7.6098,8.4059
floor_0.05+cautious_z1.64,both,G0-start2,r2_ece,0.0028,0.0020,0.0064
floor_0.05+cautious_z1.64,both,G0-start2,r4b_3,0.1199,0.1082,0.1321
floor_0.05+cautious_z1.64,both,G0-start2,r4b_5,0.1407,0.1272,0.1553
floor_0.05+cautious_z1.64,both,G0-start2,r4b_10,0.1445,0.1299,0.1586
floor_0.05+cautious_z1.64,both,G0-start2,r4b_20,0.1462,0.1329,0.1607
floor_0.05+cautious_z1.64,both,G0-start2,r4b_50,0.1478,0.1330,0.1633
floor_0.05+cautious_z1.64,both,G0-start2,r8_move_p95_6_20,73.0000,73.0000,73.0000
floor_0.05+cautious_z1.64,both,G0-start2,r8_move_p95_150_200,41.0000,40.0000,41.0000
floor_0.05+cautious_z1.64,both,G0-topics0.3,r1_rms_5,0.9129,0.8754,0.9495
floor_0.05+cautious_z1.64,both,G0-topics0.3,r1_mean_5,-0.0171,-0.0836,0.0515
floor_0.05+cautious_z1.64,both,G0-topics0.3,r1_rms_10,0.8349,0.8018,0.8692
floor_0.05+cautious_z1.64,both,G0-topics0.3,r1_mean_10,-0.0366,-0.0925,0.0208
floor_0.05+cautious_z1.64,both,G0-topics0.3,r1_rms_20,0.7303,0.7034,0.7567
floor_0.05+cautious_z1.64,both,G0-topics0.3,r1_mean_20,-0.0577,-0.1052,-0.0096
floor_0.05+cautious_z1.64,both,G0-topics0.3,r1_rms_50,0.5898,0.5725,0.6084
floor_0.05+cautious_z1.64,both,G0-topics0.3,r1_mean_50,-0.0805,-0.1133,-0.0466
floor_0.05+cautious_z1.64,both,G0-topics0.3,r1_rms_100,0.4937,0.4822,0.5056
floor_0.05+cautious_z1.64,both,G0-topics0.3,r1_mean_100,-0.0911,-0.1136,-0.0675
floor_0.05+cautious_z1.64,both,G0-topics0.3,r1_rms_200,0.4354,0.4275,0.4433
floor_0.05+cautious_z1.64,both,G0-topics0.3,r1_mean_200,-0.0916,-0.1067,-0.0765
floor_0.05+cautious_z1.64,both,G0-topics0.3,r2_brier,0.1741,0.1724,0.1759
floor_0.05+cautious_z1.64,both,G0-topics0.3,r2_bias,0.0040,0.0009,0.0069
floor_0.05+cautious_z1.64,both,G0-topics0.3,r3_inside,0.4504,0.4447,0.4564
floor_0.05+cautious_z1.64,both,G0-topics0.3,r3_below_0.5,0.0301,0.0268,0.0335
floor_0.05+cautious_z1.64,both,G0-topics0.3,r3_above_0.95,0.0237,0.0207,0.0265
floor_0.05+cautious_z1.64,both,G0-topics0.3,r4_false,0.0078,0.0056,0.0104
floor_0.05+cautious_z1.64,both,G0-topics0.3,r4_false_0.70,0.0012,0.0004,0.0021
floor_0.05+cautious_z1.64,both,G0-topics0.3,r4_below,0.4576,0.4422,0.4736
floor_0.05+cautious_z1.64,both,G0-topics0.3,r4_false_at_task,0.0111,0.0073,0.0154
floor_0.05+cautious_z1.64,both,G0-topics0.3,r4_declared,7.7970,7.4090,8.1720
floor_0.05+cautious_z1.64,both,G0-topics0.3,r5_late_answers,4.8813,4.6763,5.0824
floor_0.05+cautious_z1.64,both,G0-topics0.3,r5_never,0.2695,0.2493,0.2895
floor_0.05+cautious_z1.64,both,G0-topics0.3,r6_lag,-0.0939,-0.1100,-0.0772
floor_0.05+cautious_z1.64,both,G0-topics0.3,r7_error_5,0.8448,0.8047,0.8879
floor_0.05+cautious_z1.64,both,G0-topics0.3,r7_error_10,0.7678,0.7322,0.8048
floor_0.05+cautious_z1.64,both,G0-topics0.3,r7_longest_wrong,1.7420,1.6870,1.7980
floor_0.05+cautious_z1.64,both,G0-topics0.3,r7_hard_first,0.1248,0.1139,0.1357
floor_0.05+cautious_z1.64,both,G0-topics0.3,r4b_chance_below_0.5,0.0702,0.0621,0.0793
floor_0.05+cautious_z1.64,both,G0-topics0.3,r4b_chance_0.5_to_0.6,0.1197,0.1131,0.1271
floor_0.05+cautious_z1.64,both,G0-topics0.3,r4b_chance_0.6_to_0.7,0.2181,0.2117,0.2244
floor_0.05+cautious_z1.64,both,G0-topics0.3,r4b_chance_0.7_to_0.8,0.3000,0.2922,0.3075
floor_0.05+cautious_z1.64,both,G0-topics0.3,r4b_chance_0.8_up,0.2920,0.2784,0.3062
floor_0.05+cautious_z1.64,both,G0-topics0.3,r3_reachable,0.9445,0.9362,0.9521
floor_0.05+cautious_z1.64,both,G0-topics0.3,r8_rank_6_20,3.5600,3.1133,4.0200
floor_0.05+cautious_z1.64,both,G0-topics0.3,r8_topic_rank_6_20,17.7400,16.8533,18.6800
floor_0.05+cautious_z1.64,both,G0-topics0.3,r8_rank_150_200,1.8490,1.5804,2.1157
floor_0.05+cautious_z1.64,both,G0-topics0.3,r8_topic_rank_150_200,9.0843,8.7039,9.4784
floor_0.05+cautious_z1.64,both,G0-topics0.3,r2_ece,0.0062,0.0035,0.0090
floor_0.05+cautious_z1.64,both,G0-topics0.3,r4b_3,0.1403,0.1265,0.1531
floor_0.05+cautious_z1.64,both,G0-topics0.3,r4b_5,0.1612,0.1475,0.1764
floor_0.05+cautious_z1.64,both,G0-topics0.3,r4b_10,0.1636,0.1496,0.1779
floor_0.05+cautious_z1.64,both,G0-topics0.3,r4b_20,0.1678,0.1536,0.1834
floor_0.05+cautious_z1.64,both,G0-topics0.3,r4b_50,0.1804,0.1561,0.2179
floor_0.05+cautious_z1.64,both,G0-topics0.3,r8_move_p95_6_20,73.0000,73.0000,73.0000
floor_0.05+cautious_z1.64,both,G0-topics0.3,r8_move_p95_150_200,41.0000,40.0000,41.0000
floor_0.05+cautious_z1.64,both,G0-topics1,r1_rms_5,1.2968,1.2633,1.3311
floor_0.05+cautious_z1.64,both,G0-topics1,r1_mean_5,-0.0343,-0.1023,0.0357
floor_0.05+cautious_z1.64,both,G0-topics1,r1_rms_10,1.2553,1.2278,1.2855
floor_0.05+cautious_z1.64,both,G0-topics1,r1_mean_10,-0.0779,-0.1408,-0.0189
floor_0.05+cautious_z1.64,both,G0-topics1,r1_rms_20,1.1620,1.1384,1.1862
floor_0.05+cautious_z1.64,both,G0-topics1,r1_mean_20,-0.1294,-0.1789,-0.0790
floor_0.05+cautious_z1.64,both,G0-topics1,r1_rms_50,0.9802,0.9630,0.9986
floor_0.05+cautious_z1.64,both,G0-topics1,r1_mean_50,-0.1820,-0.2177,-0.1463
floor_0.05+cautious_z1.64,both,G0-topics1,r1_rms_100,0.8365,0.8217,0.8507
floor_0.05+cautious_z1.64,both,G0-topics1,r1_mean_100,-0.1837,-0.2091,-0.1578
floor_0.05+cautious_z1.64,both,G0-topics1,r1_rms_200,0.7040,0.6922,0.7156
floor_0.05+cautious_z1.64,both,G0-topics1,r1_mean_200,-0.1658,-0.1836,-0.1479
floor_0.05+cautious_z1.64,both,G0-topics1,r2_brier,0.1747,0.1731,0.1763
floor_0.05+cautious_z1.64,both,G0-topics1,r2_bias,0.0058,0.0030,0.0087
floor_0.05+cautious_z1.64,both,G0-topics1,r3_inside,0.3660,0.3613,0.3707
floor_0.05+cautious_z1.64,both,G0-topics1,r3_below_0.5,0.0609,0.0569,0.0651
floor_0.05+cautious_z1.64,both,G0-topics1,r3_above_0.95,0.0653,0.0608,0.0695
floor_0.05+cautious_z1.64,both,G0-topics1,r4_false,0.0292,0.0244,0.0340
floor_0.05+cautious_z1.64,both,G0-topics1,r4_false_0.70,0.0102,0.0076,0.0130
floor_0.05+cautious_z1.64,both,G0-topics1,r4_below,0.4698,0.4553,0.4847
floor_0.05+cautious_z1.64,both,G0-topics1,r4_false_at_task,0.0406,0.0338,0.0478
floor_0.05+cautious_z1.64,both,G0-topics1,r4_declared,7.8140,7.4540,8.1870
floor_0.05+cautious_z1.64,both,G0-topics1,r5_late_answers,5.0753,4.8481,5.2835
floor_0.05+cautious_z1.64,both,G0-topics1,r5_never,0.3533,0.3390,0.3680
floor_0.05+cautious_z1.64,both,G0-topics1,r6_lag,-0.1663,-0.1833,-0.1497
floor_0.05+cautious_z1.64,both,G0-topics1,r7_error_5,0.8633,0.8230,0.9044
floor_0.05+cautious_z1.64,both,G0-topics1,r7_error_10,0.7950,0.7577,0.8344
floor_0.05+cautious_z1.64,both,G0-topics1,r7_longest_wrong,1.9330,1.8700,2.0000
floor_0.05+cautious_z1.64,both,G0-topics1,r7_hard_first,0.1920,0.1798,0.2043
floor_0.05+cautious_z1.64,both,G0-topics1,r4b_chance_below_0.5,0.1346,0.1248,0.1463
floor_0.05+cautious_z1.64,both,G0-topics1,r4b_chance_0.5_to_0.6,0.1350,0.1303,0.1396
floor_0.05+cautious_z1.64,both,G0-topics1,r4b_chance_0.6_to_0.7,0.2051,0.1996,0.2104
floor_0.05+cautious_z1.64,both,G0-topics1,r4b_chance_0.7_to_0.8,0.2543,0.2481,0.2607
floor_0.05+cautious_z1.64,both,G0-topics1,r4b_chance_0.8_up,0.2709,0.2599,0.2817
floor_0.05+cautious_z1.64,both,G0-topics1,r3_reachable,0.9275,0.9204,0.9338
floor_0.05+cautious_z1.64,both,G0-topics1,r8_rank_6_20,4.1667,3.7133,4.6467
floor_0.05+cautious_z1.64,both,G0-topics1,r8_topic_rank_6_20,18.6200,17.7067,19.5600
floor_0.05+cautious_z1.64,both,G0-topics1,r8_rank_150_200,1.6157,1.3745,1.8725
floor_0.05+cautious_z1.64,both,G0-topics1,r8_topic_rank_150_200,9.0039,8.6255,9.3569
floor_0.05+cautious_z1.64,both,G0-topics1,r2_ece,0.0071,0.0041,0.0100
floor_0.05+cautious_z1.64,both,G0-topics1,r4b_3,0.1407,0.1286,0.1522
floor_0.05+cautious_z1.64,both,G0-topics1,r4b_5,0.1726,0.1582,0.1866
floor_0.05+cautious_z1.64,both,G0-topics1,r4b_10,0.1794,0.1661,0.1938
floor_0.05+cautious_z1.64,both,G0-topics1,r4b_20,0.1833,0.1690,0.1977
floor_0.05+cautious_z1.64,both,G0-topics1,r4b_50,0.1833,0.1699,0.1976
floor_0.05+cautious_z1.64,both,G0-topics1,r8_move_p95_6_20,73.0000,73.0000,74.0000
floor_0.05+cautious_z1.64,both,G0-topics1,r8_move_p95_150_200,40.0000,40.0000,40.0000
floor_0.05+wald,both,G0,r1_rms_5,1.0085,0.9723,1.0428
floor_0.05+wald,both,G0,r1_mean_5,-0.0419,-0.1067,0.0242
floor_0.05+wald,both,G0,r1_rms_10,0.9479,0.9169,0.9780
floor_0.05+wald,both,G0,r1_mean_10,-0.0587,-0.1179,0.0010
floor_0.05+wald,both,G0,r1_rms_20,0.8538,0.8279,0.8791
floor_0.05+wald,both,G0,r1_mean_20,-0.0776,-0.1270,-0.0242
floor_0.05+wald,both,G0,r1_rms_50,0.6826,0.6654,0.7000
floor_0.05+wald,both,G0,r1_mean_50,-0.0977,-0.1333,-0.0636
floor_0.05+wald,both,G0,r1_rms_100,0.5683,0.5573,0.5798
floor_0.05+wald,both,G0,r1_mean_100,-0.1045,-0.1274,-0.0813
floor_0.05+wald,both,G0,r1_rms_200,0.4854,0.4774,0.4936
floor_0.05+wald,both,G0,r1_mean_200,-0.1110,-0.1262,-0.0946
floor_0.05+wald,both,G0,r2_brier,0.1746,0.1728,0.1763
floor_0.05+wald,both,G0,r2_bias,0.0045,0.0016,0.0075
floor_0.05+wald,both,G0,r3_inside,0.4287,0.4237,0.4336
floor_0.05+wald,both,G0,r3_below_0.5,0.0359,0.0330,0.0391
floor_0.05+wald,both,G0,r3_above_0.95,0.0303,0.0273,0.0334
floor_0.05+wald,both,G0,r4_false,0.0046,0.0025,0.0070
floor_0.05+wald,both,G0,r4_false_0.70,0.0009,0.0000,0.0021
floor_0.05+wald,both,G0,r4_below,0.5819,0.5565,0.6057
floor_0.05+wald,both,G0,r4_false_at_task,0.0037,0.0007,0.0074
floor_0.05+wald,both,G0,r4_declared,3.2360,3.0450,3.4430
floor_0.05+wald,both,G0,r5_late_answers,11.0254,10.8078,11.2399
floor_0.05+wald,both,G0,r5_never,0.6104,0.5912,0.6305
floor_0.05+wald,both,G0,r6_lag,-0.1097,-0.1257,-0.0929
floor_0.05+wald,both,G0,r7_error_5,0.8565,0.8173,0.8974
floor_0.05+wald,both,G0,r7_error_10,0.7874,0.7503,0.8249
floor_0.05+wald,both,G0,r7_longest_wrong,1.7390,1.6880,1.7910
floor_0.05+wald,both,G0,r7_hard_first,0.1385,0.1271,0.1503
floor_0.05+wald,both,G0,r4b_chance_below_0.5,0.0829,0.0758,0.0903
floor_0.05+wald,both,G0,r4b_chance_0.5_to_0.6,0.1251,0.1192,0.1314
floor_0.05+wald,both,G0,r4b_chance_0.6_to_0.7,0.2174,0.2120,0.2232
floor_0.05+wald,both,G0,r4b_chance_0.7_to_0.8,0.2841,0.2776,0.2903
floor_0.05+wald,both,G0,r4b_chance_0.8_up,0.2904,0.2779,0.3037
floor_0.05+wald,both,G0,r3_reachable,0.9488,0.9420,0.9552
floor_0.05+wald,both,G0,r8_rank_6_20,3.1533,2.7267,3.6133
floor_0.05+wald,both,G0,r8_topic_rank_6_20,17.2267,16.2667,18.1600
floor_0.05+wald,both,G0,r8_rank_150_200,1.5216,1.2647,1.7922
floor_0.05+wald,both,G0,r8_topic_rank_150_200,9.2059,8.8686,9.5412
floor_0.05+wald,both,G0,r2_ece,0.0070,0.0042,0.0101
floor_0.05+wald,both,G0,r4b_3,0.0132,0.0103,0.0167
floor_0.05+wald,both,G0,r4b_5,0.0316,0.0261,0.0375
floor_0.05+wald,both,G0,r4b_10,0.0672,0.0562,0.0786
floor_0.05+wald,both,G0,r4b_20,0.0728,0.0613,0.0851
floor_0.05+wald,both,G0,r4b_50,0.0728,0.0604,0.0858
floor_0.05+wald,both,G0,r8_move_p95_6_20,73.0000,73.0000,74.0000
floor_0.05+wald,both,G0,r8_move_p95_150_200,42.0000,41.0000,42.0000
floor_0.05+wald,both,G1,r1_rms_5,1.0646,1.0216,1.1103
floor_0.05+wald,both,G1,r1_mean_5,-0.0243,-0.0954,0.0517
floor_0.05+wald,both,G1,r1_rms_10,0.9968,0.9597,1.0355
floor_0.05+wald,both,G1,r1_mean_10,-0.0576,-0.1210,0.0102
floor_0.05+wald,both,G1,r1_rms_20,0.8921,0.8616,0.9231
floor_0.05+wald,both,G1,r1_mean_20,-0.0888,-0.1453,-0.0345
floor_0.05+wald,both,G1,r1_rms_50,0.7235,0.7016,0.7462
floor_0.05+wald,both,G1,r1_mean_50,-0.1087,-0.1492,-0.0672
floor_0.05+wald,both,G1,r1_rms_100,0.5978,0.5841,0.6124
floor_0.05+wald,both,G1,r1_mean_100,-0.1124,-0.1406,-0.0865
floor_0.05+wald,both,G1,r1_rms_200,0.4922,0.4841,0.5006
floor_0.05+wald,both,G1,r1_mean_200,-0.0694,-0.0849,-0.0535
floor_0.05+wald,both,G1,r2_brier,0.1827,0.1801,0.1855
floor_0.05+wald,both,G1,r2_bias,0.0003,-0.0030,0.0038
floor_0.05+wald,both,G1,r3_inside,0.3484,0.3390,0.3577
floor_0.05+wald,both,G1,r3_below_0.5,0.1173,0.1052,0.1296
floor_0.05+wald,both,G1,r3_above_0.95,0.0431,0.0386,0.0480
floor_0.05+wald,both,G1,r4_false,0.0033,0.0014,0.0057
floor_0.05+wald,both,G1,r4_false_0.70,0.0017,0.0005,0.0031
floor_0.05+wald,both,G1,r4_below,0.4734,0.4477,0.5003
floor_0.05+wald,both,G1,r4_false_at_task,0.0021,0.0000,0.0049
floor_0.05+wald,both,G1,r4_declared,3.6310,3.4350,3.8280
floor_0.05+wald,both,G1,r5_late_answers,11.0833,10.8860,11.2782
floor_0.05+wald,both,G1,r5_never,0.5669,0.5454,0.5884
floor_0.05+wald,both,G1,r6_lag,-0.1294,-0.1482,-0.1104
floor_0.05+wald,both,G1,r7_error_5,0.8906,0.8417,0.9406
floor_0.05+wald,both,G1,r7_error_10,0.8199,0.7736,0.8648
floor_0.05+wald,both,G1,r7_longest_wrong,2.0170,1.9430,2.0960
floor_0.05+wald,both,G1,r7_hard_first,0.2248,0.2081,0.2426
floor_0.05+wald,both,G1,r4b_chance_below_0.5,0.3304,0.3085,0.3502
floor_0.05+wald,both,G1,r4b_chance_0.5_to_0.6,0.1948,0.1866,0.2022
floor_0.05+wald,both,G1,r4b_chance_0.6_to_0.7,0.1745,0.1687,0.1801
floor_0.05+wald,both,G1,r4b_chance_0.7_to_0.8,0.1524,0.1425,0.1626
floor_0.05+wald,both,G1,r4b_chance_0.8_up,0.1479,0.1340,0.1632
floor_0.05+wald,both,G1,r3_reachable,0.7969,0.7740,0.8186
floor_0.05+wald,both,G1,r8_rank_6_20,4.2400,3.7867,4.7467
floor_0.05+wald,both,G1,r8_topic_rank_6_20,17.6333,16.5333,18.7200
floor_0.05+wald,both,G1,r8_rank_150_200,1.3196,1.1059,1.5392
floor_0.05+wald,both,G1,r8_topic_rank_150_200,7.6333,7.2608,7.9980
floor_0.05+wald,both,G1,r2_ece,0.0080,0.0066,0.0106
floor_0.05+wald,both,G1,r4b_3,0.0051,0.0030,0.0075
floor_0.05+wald,both,G1,r4b_5,0.0115,0.0082,0.0150
floor_0.05+wald,both,G1,r4b_10,0.0301,0.0227,0.0382
floor_0.05+wald,both,G1,r4b_20,0.0322,0.0243,0.0409
floor_0.05+wald,both,G1,r4b_50,0.0322,0.0244,0.0409
floor_0.05+wald,both,G1,r8_move_p95_6_20,72.0000,72.0000,73.0000
floor_0.05+wald,both,G1,r8_move_p95_150_200,41.0000,41.0000,42.0000
floor_0.05+wald,both,G2,r1_rms_5,0.9921,0.9559,1.0276
floor_0.05+wald,both,G2,r1_mean_5,-0.0422,-0.1069,0.0228
floor_0.05+wald,both,G2,r1_rms_10,0.9286,0.8975,0.9624
floor_0.05+wald,both,G2,r1_mean_10,-0.1133,-0.1700,-0.0549
floor_0.05+wald,both,G2,r1_rms_20,0.8535,0.8249,0.8817
floor_0.05+wald,both,G2,r1_mean_20,-0.2277,-0.2761,-0.1785
floor_0.05+wald,both,G2,r1_rms_50,0.8058,0.7839,0.8301
floor_0.05+wald,both,G2,r1_mean_50,-0.4816,-0.5181,-0.4450
floor_0.05+wald,both,G2,r1_rms_100,0.9297,0.9087,0.9502
floor_0.05+wald,both,G2,r1_mean_100,-0.7756,-0.8007,-0.7504
floor_0.05+wald,both,G2,r1_rms_200,1.1868,1.1699,1.2035
floor_0.05+wald,both,G2,r1_mean_200,-1.1013,-1.1184,-1.0842
floor_0.05+wald,both,G2,r2_brier,0.1337,0.1323,0.1352
floor_0.05+wald,both,G2,r2_bias,-0.0701,-0.0727,-0.0672
floor_0.05+wald,both,G2,r3_inside,0.2869,0.2808,0.2930
floor_0.05+wald,both,G2,r3_below_0.5,0.0179,0.0161,0.0199
floor_0.05+wald,both,G2,r3_above_0.95,0.1271,0.1200,0.1346
floor_0.05+wald,both,G2,r4_false,0.0000,0.0000,0.0000
floor_0.05+wald,both,G2,r4_false_0.70,0.0000,0.0000,0.0000
floor_0.05+wald,both,G2,r4_below,0.5889,0.5669,0.6109
floor_0.05+wald,both,G2,r4_false_at_task,0.0000,0.0000,0.0000
floor_0.05+wald,both,G2,r4_declared,5.5830,5.3450,5.7990
floor_0.05+wald,both,G2,r5_late_answers,11.1407,10.9592,11.3350
floor_0.05+wald,both,G2,r5_never,0.6620,0.6522,0.6724
floor_0.05+wald,both,G2,r6_lag,-0.9637,-0.9836,-0.9442
floor_0.05+wald,both,G2,r7_error_5,0.8372,0.7966,0.8788
floor_0.05+wald,both,G2,r7_error_10,0.7633,0.7256,0.8011
floor_0.05+wald,both,G2,r7_longest_wrong,1.7680,1.7100,1.8280
floor_0.05+wald,both,G2,r7_hard_first,0.1360,0.1246,0.1479
floor_0.05+wald,both,G2,r4b_chance_below_0.5,0.0696,0.0625,0.0769
floor_0.05+wald,both,G2,r4b_chance_0.5_to_0.6,0.0774,0.0725,0.0824
floor_0.05+wald,both,G2,r4b_chance_0.6_to_0.7,0.1420,0.1361,0.1478
floor_0.05+wald,both,G2,r4b_chance_0.7_to_0.8,0.2382,0.2322,0.2440
floor_0.05+wald,both,G2,r4b_chance_0.8_up,0.4729,0.4570,0.4882
floor_0.05+wald,both,G2,r3_reachable,0.9640,0.9606,0.9672
floor_0.05+wald,both,G2,r8_rank_6_20,3.5333,3.0800,4.0533
floor_0.05+wald,both,G2,r8_topic_rank_6_20,17.3000,16.3933,18.2467
floor_0.05+wald,both,G2,r8_rank_150_200,1.6882,1.4882,1.8843
floor_0.05+wald,both,G2,r8_topic_rank_150_200,8.1569,7.8353,8.4725
floor_0.05+wald,both,G2,r2_ece,0.0701,0.0673,0.0729
floor_0.05+wald,both,G2,r4b_3,0.0041,0.0022,0.0062
floor_0.05+wald,both,G2,r4b_5,0.0151,0.0106,0.0201
floor_0.05+wald,both,G2,r4b_10,0.0455,0.0331,0.0597
floor_0.05+wald,both,G2,r4b_20,0.0757,0.0478,0.1155
floor_0.05+wald,both,G2,r4b_50,0.0757,0.0467,0.1150
floor_0.05+wald,both,G2,r8_move_p95_6_20,73.0000,73.0000,74.0000
floor_0.05+wald,both,G2,r8_move_p95_150_200,39.0000,38.0000,39.0000
floor_0.05+wald,both,G3,r1_rms_5,0.9928,0.9597,1.0299
floor_0.05+wald,both,G3,r1_mean_5,0.0670,0.0023,0.1348
floor_0.05+wald,both,G3,r1_rms_10,0.9233,0.8926,0.9554
floor_0.05+wald,both,G3,r1_mean_10,0.0287,-0.0292,0.0876
floor_0.05+wald,both,G3,r1_rms_20,0.8237,0.7982,0.8498
floor_0.05+wald,both,G3,r1_mean_20,-0.0008,-0.0483,0.0499
floor_0.05+wald,both,G3,r1_rms_50,0.6753,0.6581,0.6922
floor_0.05+wald,both,G3,r1_mean_50,-0.0553,-0.0917,-0.0201
floor_0.05+wald,both,G3,r1_rms_100,0.7897,0.7683,0.8119
floor_0.05+wald,both,G3,r1_mean_100,-0.4870,-0.5203,-0.4536
floor_0.05+wald,both,G3,r1_rms_200,0.7011,0.6880,0.7148
floor_0.05+wald,both,G3,r1_mean_200,-0.5270,-0.5441,-0.5079
floor_0.05+wald,both,G3,r2_brier,0.1551,0.1535,0.1567
floor_0.05+wald,both,G3,r2_bias,-0.0314,-0.0343,-0.0286
floor_0.05+wald,both,G3,r3_inside,0.3566,0.3516,0.3614
floor_0.05+wald,both,G3,r3_below_0.5,0.0304,0.0277,0.0333
floor_0.05+wald,both,G3,r3_above_0.95,0.0693,0.0650,0.0739
floor_0.05+wald,both,G3,r4_false,0.0023,0.0009,0.0041
floor_0.05+wald,both,G3,r4_false_0.70,0.0002,0.0000,0.0007
floor_0.05+wald,both,G3,r4_below,0.5906,0.5674,0.6126
floor_0.05+wald,both,G3,r4_false_at_task,0.0017,0.0000,0.0039
floor_0.05+wald,both,G3,r4_declared,4.2770,4.0670,4.4960
floor_0.05+wald,both,G3,r5_late_answers,10.9568,10.7561,11.1467
floor_0.05+wald,both,G3,r5_never,0.6659,0.6519,0.6797
floor_0.05+wald,both,G3,r6_lag,-0.6310,-0.6484,-0.6130
floor_0.05+wald,both,G3,r6_jump_answers,72.2910,70.0320,74.5140
floor_0.05+wald,both,G3,r6_jump_unsettled,0.5560,0.5260,0.5870
floor_0.05+wald,both,G3,r7_error_5,0.8595,0.8188,0.9005
floor_0.05+wald,both,G3,r7_error_10,0.7802,0.7447,0.8186
floor_0.05+wald,both,G3,r7_longest_wrong,1.8000,1.7470,1.8560
floor_0.05+wald,both,G3,r7_hard_first,0.1441,0.1329,0.1558
floor_0.05+wald,both,G3,r4b_chance_below_0.5,0.0855,0.0784,0.0931
floor_0.05+wald,both,G3,r4b_chance_0.5_to_0.6,0.1038,0.0985,0.1092
floor_0.05+wald,both,G3,r4b_chance_0.6_to_0.7,0.1726,0.1669,0.1785
floor_0.05+wald,both,G3,r4b_chance_0.7_to_0.8,0.2541,0.2488,0.2596
floor_0.05+wald,both,G3,r4b_chance_0.8_up,0.3839,0.3703,0.3982
floor_0.05+wald,both,G3,r3_reachable,0.9560,0.9507,0.9606
floor_0.05+wald,both,G3,r8_rank_6_20,3.6867,3.2267,4.1800
floor_0.05+wald,both,G3,r8_topic_rank_6_20,18.1200,17.1533,19.1067
floor_0.05+wald,both,G3,r8_rank_150_200,1.6255,1.4098,1.8431
floor_0.05+wald,both,G3,r8_topic_rank_150_200,9.0176,8.6608,9.3686
floor_0.05+wald,both,G3,r2_ece,0.0314,0.0285,0.0342
floor_0.05+wald,both,G3,r4b_3,0.0050,0.0032,0.0071
floor_0.05+wald,both,G3,r4b_5,0.0234,0.0183,0.0290
floor_0.05+wald,both,G3,r4b_10,0.0553,0.0446,0.0667
floor_0.05+wald,both,G3,r4b_20,0.0648,0.0522,0.0790
floor_0.05+wald,both,G3,r4b_50,0.0743,0.0553,0.1019
floor_0.05+wald,both,G3,r8_move_p95_6_20,74.0000,73.0000,74.0000
floor_0.05+wald,both,G3,r8_move_p95_150_200,41.0000,41.0000,42.0000
floor_0.05+wald,both,G4,r1_rms_5,1.0315,0.9956,1.0689
floor_0.05+wald,both,G4,r1_mean_5,-0.2780,-0.3394,-0.2121
floor_0.05+wald,both,G4,r1_rms_10,0.9808,0.9499,1.0138
floor_0.05+wald,both,G4,r1_mean_10,-0.3297,-0.3899,-0.2701
floor_0.05+wald,both,G4,r1_rms_20,0.8934,0.8648,0.9222
floor_0.05+wald,both,G4,r1_mean_20,-0.3626,-0.4120,-0.3120
floor_0.05+wald,both,G4,r1_rms_50,0.7726,0.7524,0.7946
floor_0.05+wald,both,G4,r1_mean_50,-0.4199,-0.4551,-0.3848
floor_0.05+wald,both,G4,r1_rms_100,0.7034,0.6869,0.7197
floor_0.05+wald,both,G4,r1_mean_100,-0.4627,-0.4863,-0.4394
floor_0.05+wald,both,G4,r1_rms_200,0.6605,0.6492,0.6721
floor_0.05+wald,both,G4,r1_mean_200,-0.4826,-0.4979,-0.4670
floor_0.05+wald,both,G4,r2_brier,0.1802,0.1783,0.1820
floor_0.05+wald,both,G4,r2_bias,0.0114,0.0084,0.0145
floor_0.05+wald,both,G4,r3_inside,0.3882,0.3839,0.3926
floor_0.05+wald,both,G4,r3_below_0.5,0.0580,0.0534,0.0631
floor_0.05+wald,both,G4,r3_above_0.95,0.0374,0.0343,0.0406
floor_0.05+wald,both,G4,r4_false,0.0003,0.0000,0.0010
floor_0.05+wald,both,G4,r4_false_0.70,0.0000,0.0000,0.0000
floor_0.05+wald,both,G4,r4_below,0.5647,0.5403,0.5880
floor_0.05+wald,both,G4,r4_false_at_task,0.0007,0.0000,0.0023
floor_0.05+wald,both,G4,r4_declared,3.1310,2.9420,3.3340
floor_0.05+wald,both,G4,r5_late_answers,10.9776,10.7820,11.1795
floor_0.05+wald,both,G4,r5_never,0.6593,0.6435,0.6758
floor_0.05+wald,both,G4,r6_lag,-0.4819,-0.4990,-0.4651
floor_0.05+wald,both,G4,r7_error_5,0.8946,0.8530,0.9389
floor_0.05+wald,both,G4,r7_error_10,0.8349,0.7955,0.8734
floor_0.05+wald,both,G4,r7_longest_wrong,1.8940,1.8350,1.9500
floor_0.05+wald,both,G4,r7_hard_first,0.1846,0.1727,0.1975
floor_0.05+wald,both,G4,r4b_chance_below_0.5,0.1404,0.1279,0.1551
floor_0.05+wald,both,G4,r4b_chance_0.5_to_0.6,0.1437,0.1379,0.1497
floor_0.05+wald,both,G4,r4b_chance_0.6_to_0.7,0.1986,0.1931,0.2040
floor_0.05+wald,both,G4,r4b_chance_0.7_to_0.8,0.2400,0.2331,0.2466
floor_0.05+wald,both,G4,r4b_chance_0.8_up,0.2774,0.2630,0.2912
floor_0.05+wald,both,G4,r3_reachable,0.9487,0.9409,0.9564
floor_0.05+wald,both,G4,r8_rank_6_20,3.9533,3.4533,4.4600
floor_0.05+wald,both,G4,r8_topic_rank_6_20,18.2733,17.2933,19.2467
floor_0.05+wald,both,G4,r8_rank_150_200,1.6000,1.3627,1.8588
floor_0.05+wald,both,G4,r8_topic_rank_150_200,9.4039,9.0353,9.7529
floor_0.05+wald,both,G4,r2_ece,0.0140,0.0110,0.0170
floor_0.05+wald,both,G4,r4b_3,0.0076,0.0053,0.0104
floor_0.05+wald,both,G4,r4b_5,0.0245,0.0194,0.0299
floor_0.05+wald,both,G4,r4b_10,0.0534,0.0442,0.0636
floor_0.05+wald,both,G4,r4b_20,0.0551,0.0458,0.0654
floor_0.05+wald,both,G4,r4b_50,0.0551,0.0457,0.0649
floor_0.05+wald,both,G4,r8_move_p95_6_20,74.0000,73.0000,74.0000
floor_0.05+wald,both,G4,r8_move_p95_150_200,41.0000,41.0000,42.0000
floor_0.05+wald,both,G5,r1_rms_5,0.9188,0.8764,0.9605
floor_0.05+wald,both,G5,r1_mean_5,0.0248,-0.0429,0.0929
floor_0.05+wald,both,G5,r1_rms_10,0.8574,0.8222,0.8950
floor_0.05+wald,both,G5,r1_mean_10,0.0049,-0.0593,0.0672
floor_0.05+wald,both,G5,r1_rms_20,0.8857,0.8577,0.9145
floor_0.05+wald,both,G5,r1_mean_20,-0.0351,-0.0882,0.0172
floor_0.05+wald,both,G5,r1_rms_50,0.7491,0.7294,0.7684
floor_0.05+wald,both,G5,r1_mean_50,-0.0603,-0.0965,-0.0254
floor_0.05+wald,both,G5,r1_rms_100,0.6328,0.6187,0.6469
floor_0.05+wald,both,G5,r1_mean_100,-0.0794,-0.1045,-0.0542
floor_0.05+wald,both,G5,r1_rms_200,0.5345,0.5241,0.5454
floor_0.05+wald,both,G5,r1_mean_200,-0.0945,-0.1113,-0.0775
floor_0.05+wald,both,G5,r2_brier,0.1783,0.1763,0.1803
floor_0.05+wald,both,G5,r2_bias,0.0078,0.0047,0.0110
floor_0.05+wald,both,G5,r3_inside,0.4112,0.4050,0.4174
floor_0.05+wald,both,G5,r3_below_0.5,0.0528,0.0473,0.0588
floor_0.05+wald,both,G5,r3_above_0.95,0.0349,0.0312,0.0389
floor_0.05+wald,both,G5,r4_false,0.0049,0.0026,0.0075
floor_0.05+wald,both,G5,r4_false_0.70,0.0003,0.0000,0.0010
floor_0.05+wald,both,G5,r4_below,0.5663,0.5425,0.5901
floor_0.05+wald,both,G5,r4_false_at_task,0.0035,0.0007,0.0069
floor_0.05+wald,both,G5,r4_declared,3.2880,3.0820,3.4910
floor_0.05+wald,both,G5,r5_late_answers,10.9318,10.7114,11.1558
floor_0.05+wald,both,G5,r5_never,0.6246,0.6044,0.6432
floor_0.05+wald,both,G5,r6_lag,-0.1066,-0.1239,-0.0898
floor_0.05+wald,both,G5,r7_error_5,0.9882,0.9421,1.0337
floor_0.05+wald,both,G5,r7_error_10,0.9334,0.8929,0.9774
floor_0.05+wald,both,G5,r7_longest_wrong,1.8480,1.7850,1.9100
floor_0.05+wald,both,G5,r7_hard_first,0.1432,0.1302,0.1566
floor_0.05+wald,both,G5,r4b_chance_below_0.5,0.1328,0.1161,0.1513
floor_0.05+wald,both,G5,r4b_chance_0.5_to_0.6,0.1456,0.1384,0.1533
floor_0.05+wald,both,G5,r4b_chance_0.6_to_0.7,0.2237,0.2158,0.2315
floor_0.05+wald,both,G5,r4b_chance_0.7_to_0.8,0.2558,0.2467,0.2654
floor_0.05+wald,both,G5,r4b_chance_0.8_up,0.2420,0.2272,0.2562
floor_0.05+wald,both,G5,r3_reachable,0.9182,0.9061,0.9290
floor_0.05+wald,both,G5,r8_rank_6_20,3.5733,3.1333,4.0533
floor_0.05+wald,both,G5,r8_topic_rank_6_20,17.9200,16.9600,18.8800
floor_0.05+wald,both,G5,r8_rank_150_200,1.8902,1.6353,2.1451
floor_0.05+wald,both,G5,r8_topic_rank_150_200,9.0392,8.6961,9.3922
floor_0.05+wald,both,G5,r2_ece,0.0102,0.0070,0.0134
floor_0.05+wald,both,G5,r4b_3,0.0097,0.0070,0.0124
floor_0.05+wald,both,G5,r4b_5,0.0313,0.0257,0.0375
floor_0.05+wald,both,G5,r4b_10,0.0641,0.0541,0.0752
floor_0.05+wald,both,G5,r4b_20,0.0714,0.0593,0.0847
floor_0.05+wald,both,G5,r4b_50,0.0714,0.0592,0.0842
floor_0.05+wald,both,G5,r8_move_p95_6_20,73.0000,73.0000,74.0000
floor_0.05+wald,both,G5,r8_move_p95_150_200,41.0000,41.0000,42.0000
floor_0.05+wald,both,G6,r1_rms_5,1.0393,0.9981,1.0823
floor_0.05+wald,both,G6,r1_mean_5,-0.0462,-0.1179,0.0229
floor_0.05+wald,both,G6,r1_rms_10,0.9795,0.9446,1.0168
floor_0.05+wald,both,G6,r1_mean_10,-0.0820,-0.1485,-0.0186
floor_0.05+wald,both,G6,r1_rms_20,0.9050,0.8704,0.9405
floor_0.05+wald,both,G6,r1_mean_20,-0.1039,-0.1625,-0.0461
floor_0.05+wald,both,G6,r1_rms_50,0.8100,0.7821,0.8402
floor_0.05+wald,both,G6,r1_mean_50,-0.1537,-0.2047,-0.1049
floor_0.05+wald,both,G6,r1_rms_100,0.7562,0.7304,0.7845
floor_0.05+wald,both,G6,r1_mean_100,-0.2036,-0.2488,-0.1590
floor_0.05+wald,both,G6,r1_rms_200,0.7400,0.7173,0.7628
floor_0.05+wald,both,G6,r1_mean_200,-0.2405,-0.2826,-0.1987
floor_0.05+wald,both,G6,r2_brier,0.1788,0.1771,0.1807
floor_0.05+wald,both,G6,r2_bias,0.0111,0.0082,0.0141
floor_0.05+wald,both,G6,r3_inside,0.4244,0.4097,0.4371
floor_0.05+wald,both,G6,r3_below_0.5,0.0576,0.0534,0.0622
floor_0.05+wald,both,G6,r3_above_0.95,0.0936,0.0871,0.1004
floor_0.05+wald,both,G6,r4_false,0.0172,0.0122,0.0229
floor_0.05+wald,both,G6,r4_false_0.70,0.0019,0.0006,0.0035
floor_0.05+wald,both,G6,r4_below,0.5747,0.5505,0.5974
floor_0.05+wald,both,G6,r4_false_at_task,0.0195,0.0119,0.0282
floor_0.05+wald,both,G6,r4_declared,3.1340,2.9430,3.3230
floor_0.05+wald,both,G6,r5_late_answers,10.9866,10.7823,11.1972
floor_0.05+wald,both,G6,r5_never,0.6180,0.5981,0.6369
floor_0.05+wald,both,G6,r6_lag,-0.2308,-0.2730,-0.1897
floor_0.05+wald,both,G6,r7_error_5,0.8908,0.8452,0.9355
floor_0.05+wald,both,G6,r7_error_10,0.8213,0.7788,0.8662
floor_0.05+wald,both,G6,r7_longest_wrong,1.7840,1.7280,1.8370
floor_0.05+wald,both,G6,r7_hard_first,0.1330,0.1220,0.1438
floor_0.05+wald,both,G6,r4b_chance_below_0.5,0.0973,0.0864,0.1093
floor_0.05+wald,both,G6,r4b_chance_0.5_to_0.6,0.1135,0.1050,0.1229
floor_0.05+wald,both,G6,r4b_chance_0.6_to_0.7,0.2493,0.2362,0.2615
floor_0.05+wald,both,G6,r4b_chance_0.7_to_0.8,0.3213,0.3069,0.3364
floor_0.05+wald,both,G6,r4b_chance_0.8_up,0.2185,0.2038,0.2346
floor_0.05+wald,both,G6,r3_reachable,0.8168,0.8035,0.8301
floor_0.05+wald,both,G6,r8_rank_6_20,4.0867,3.6000,4.5800
floor_0.05+wald,both,G6,r8_topic_rank_6_20,18.2867,17.3467,19.2800
floor_0.05+wald,both,G6,r8_rank_150_200,1.4353,1.2314,1.6686
floor_0.05+wald,both,G6,r8_topic_rank_150_200,9.2118,8.8667,9.5686
floor_0.05+wald,both,G6,r2_ece,0.0131,0.0103,0.0161
floor_0.05+wald,both,G6,r4b_3,0.0109,0.0082,0.0138
floor_0.05+wald,both,G6,r4b_5,0.0323,0.0270,0.0376
floor_0.05+wald,both,G6,r4b_10,0.0780,0.0670,0.0890
floor_0.05+wald,both,G6,r4b_20,0.0832,0.0714,0.0954
floor_0.05+wald,both,G6,r4b_50,0.0832,0.0712,0.0957
floor_0.05+wald,both,G6,r8_move_p95_6_20,73.0000,73.0000,73.0000
floor_0.05+wald,both,G6,r8_move_p95_150_200,42.0000,41.0000,42.0000
floor_0.05+wald,both,G7,r1_rms_5,1.0154,0.9814,1.0510
floor_0.05+wald,both,G7,r1_mean_5,-0.0603,-0.1272,0.0056
floor_0.05+wald,both,G7,r1_rms_10,0.9493,0.9199,0.9790
floor_0.05+wald,both,G7,r1_mean_10,-0.0853,-0.1460,-0.0267
floor_0.05+wald,both,G7,r1_rms_20,0.8605,0.8354,0.8857
floor_0.05+wald,both,G7,r1_mean_20,-0.1124,-0.1628,-0.0617
floor_0.05+wald,both,G7,r1_rms_50,0.7238,0.7055,0.7417
floor_0.05+wald,both,G7,r1_mean_50,-0.1386,-0.1765,-0.1009
floor_0.05+wald,both,G7,r1_rms_100,0.6213,0.6086,0.6335
floor_0.05+wald,both,G7,r1_mean_100,-0.1429,-0.1705,-0.1149
floor_0.05+wald,both,G7,r1_rms_200,0.5457,0.5364,0.5549
floor_0.05+wald,both,G7,r1_mean_200,-0.1528,-0.1754,-0.1315
floor_0.05+wald,both,G7,r2_brier,0.1756,0.1738,0.1775
floor_0.05+wald,both,G7,r2_bias,0.0052,0.0025,0.0081
floor_0.05+wald,both,G7,r3_inside,0.4267,0.4217,0.4320
floor_0.05+wald,both,G7,r3_below_0.5,0.0429,0.0387,0.0476
floor_0.05+wald,both,G7,r3_above_0.95,0.0289,0.0261,0.0318
floor_0.05+wald,both,G7,r4_false,0.0070,0.0043,0.0101
floor_0.05+wald,both,G7,r4_false_0.70,0.0015,0.0003,0.0030
floor_0.05+wald,both,G7,r4_below,0.5863,0.5610,0.6108
floor_0.05+wald,both,G7,r4_false_at_task,0.0074,0.0029,0.0129
floor_0.05+wald,both,G7,r4_declared,3.2680,3.0660,3.4720
floor_0.05+wald,both,G7,r5_late_answers,10.9826,10.7700,11.2095
floor_0.05+wald,both,G7,r5_never,0.6119,0.5927,0.6318
floor_0.05+wald,both,G7,r6_lag,-0.1537,-0.1760,-0.1304
floor_0.05+wald,both,G7,r7_error_5,0.8754,0.8360,0.9160
floor_0.05+wald,both,G7,r7_error_10,0.7987,0.7601,0.8363
floor_0.05+wald,both,G7,r7_longest_wrong,1.8040,1.7450,1.8660
floor_0.05+wald,both,G7,r7_hard_first,0.1488,0.1372,0.1613
floor_0.05+wald,both,G7,r4b_chance_below_0.5,0.1076,0.0952,0.1218
floor_0.05+wald,both,G7,r4b_chance_0.5_to_0.6,0.1320,0.1260,0.1382
floor_0.05+wald,both,G7,r4b_chance_0.6_to_0.7,0.2136,0.2075,0.2196
floor_0.05+wald,both,G7,r4b_chance_0.7_to_0.8,0.2783,0.2702,0.2860
floor_0.05+wald,both,G7,r4b_chance_0.8_up,0.2685,0.2555,0.2816
floor_0.05+wald,both,G7,r3_reachable,0.9329,0.9239,0.9417
floor_0.05+wald,both,G7,r8_rank_6_20,3.8733,3.4067,4.3667
floor_0.05+wald,both,G7,r8_topic_rank_6_20,17.7867,16.7667,18.7333
floor_0.05+wald,both,G7,r8_rank_150_200,1.9118,1.6471,2.1804
floor_0.05+wald,both,G7,r8_topic_rank_150_200,9.2824,8.9157,9.6216
floor_0.05+wald,both,G7,r2_ece,0.0070,0.0040,0.0100
floor_0.05+wald,both,G7,r4b_3,0.0097,0.0073,0.0124
floor_0.05+wald,both,G7,r4b_5,0.0310,0.0255,0.0364
floor_0.05+wald,both,G7,r4b_10,0.0744,0.0631,0.0862
floor_0.05+wald,both,G7,r4b_20,0.0818,0.0690,0.0951
floor_0.05+wald,both,G7,r4b_50,0.0818,0.0688,0.0951
floor_0.05+wald,both,G7,r8_move_p95_6_20,73.0000,73.0000,74.0000
floor_0.05+wald,both,G7,r8_move_p95_150_200,42.0000,41.0000,42.0000
floor_0.05+wald,both,G8,r1_rms_5,0.9739,0.9386,1.0084
floor_0.05+wald,both,G8,r1_mean_5,0.0486,-0.0132,0.1146
floor_0.05+wald,both,G8,r1_rms_10,0.9043,0.8754,0.9348
floor_0.05+wald,both,G8,r1_mean_10,0.0095,-0.0462,0.0675
floor_0.05+wald,both,G8,r1_rms_20,0.8084,0.7830,0.8328
floor_0.05+wald,both,G8,r1_mean_20,-0.0206,-0.0676,0.0264
floor_0.05+wald,both,G8,r1_rms_50,0.6548,0.6381,0.6717
floor_0.05+wald,both,G8,r1_mean_50,-0.0558,-0.0887,-0.0219
floor_0.05+wald,both,G8,r1_rms_100,0.5590,0.5488,0.5702
floor_0.05+wald,both,G8,r1_mean_100,-0.0796,-0.1017,-0.0584
floor_0.05+wald,both,G8,r1_rms_200,0.4787,0.4712,0.4861
floor_0.05+wald,both,G8,r1_mean_200,-0.0882,-0.1032,-0.0736
floor_0.05+wald,both,G8,r2_brier,0.1764,0.1747,0.1781
floor_0.05+wald,both,G8,r2_bias,0.0073,0.0045,0.0103
floor_0.05+wald,both,G8,r3_inside,0.4345,0.4293,0.4394
floor_0.05+wald,both,G8,r3_below_0.5,0.0399,0.0359,0.0443
floor_0.05+wald,both,G8,r3_above_0.95,0.0262,0.0236,0.0291
floor_0.05+wald,both,G8,r4_false,0.0031,0.0006,0.0060
floor_0.05+wald,both,G8,r4_false_0.70,0.0006,0.0000,0.0020
floor_0.05+wald,both,G8,r4_below,0.5802,0.5507,0.6095
floor_0.05+wald,both,G8,r4_false_at_task,0.0059,0.0013,0.0120
floor_0.05+wald,both,G8,r4_declared,1.6270,1.4960,1.7640
floor_0.05+wald,both,G8,r5_late_answers,12.6373,12.3667,12.8999
floor_0.05+wald,both,G8,r5_never,0.8004,0.7849,0.8156
floor_0.05+wald,both,G8,r6_lag,-0.0913,-0.1066,-0.0751
floor_0.05+wald,both,G8,r7_error_5,0.8211,0.7823,0.8620
floor_0.05+wald,both,G8,r7_error_10,0.7441,0.7085,0.7810
floor_0.05+wald,both,G8,r7_longest_wrong,1.8050,1.7450,1.8680
floor_0.05+wald,both,G8,r7_hard_first,0.1405,0.1293,0.1521
floor_0.05+wald,both,G8,r4b_chance_below_0.5,0.0992,0.0871,0.1129
floor_0.05+wald,both,G8,r4b_chance_0.5_to_0.6,0.1319,0.1259,0.1383
floor_0.05+wald,both,G8,r4b_chance_0.6_to_0.7,0.2125,0.2060,0.2187
floor_0.05+wald,both,G8,r4b_chance_0.7_to_0.8,0.2792,0.2716,0.2865
floor_0.05+wald,both,G8,r4b_chance_0.8_up,0.2772,0.2644,0.2918
floor_0.05+wald,both,G8,r3_reachable,0.9462,0.9386,0.9539
floor_0.05+wald,both,G8,r8_rank_6_20,3.6200,3.2067,4.0867
floor_0.05+wald,both,G8,r8_topic_rank_6_20,17.9200,17.0267,18.8400
floor_0.05+wald,both,G8,r8_rank_150_200,1.7333,1.4824,1.9922
floor_0.05+wald,both,G8,r8_topic_rank_150_200,9.7255,9.3588,10.0686
floor_0.05+wald,both,G8,r2_ece,0.0089,0.0060,0.0117
floor_0.05+wald,both,G8,r4b_3,0.0038,0.0022,0.0055
floor_0.05+wald,both,G8,r4b_5,0.0122,0.0090,0.0158
floor_0.05+wald,both,G8,r4b_10,0.0337,0.0258,0.0421
floor_0.05+wald,both,G8,r4b_20,0.0378,0.0288,0.0485
floor_0.05+wald,both,G8,r4b_50,0.0378,0.0285,0.0480
floor_0.05+wald,both,G8,r8_move_p95_6_20,73.0000,73.0000,74.0000
floor_0.05+wald,both,G8,r8_move_p95_150_200,42.0000,42.0000,42.0000
floor_0.05+wald,both,G0-exact,r1_rms_5,0.9951,0.9595,1.0329
floor_0.05+wald,both,G0-exact,r1_mean_5,0.0084,-0.0564,0.0709
floor_0.05+wald,both,G0-exact,r1_rms_10,0.9290,0.8987,0.9612
floor_0.05+wald,both,G0-exact,r1_mean_10,-0.0131,-0.0716,0.0465
floor_0.05+wald,both,G0-exact,r1_rms_20,0.8162,0.7904,0.8423
floor_0.05+wald,both,G0-exact,r1_mean_20,-0.0229,-0.0721,0.0263
floor_0.05+wald,both,G0-exact,r1_rms_50,0.6597,0.6435,0.6754
floor_0.05+wald,both,G0-exact,r1_mean_50,-0.0438,-0.0771,-0.0109
floor_0.05+wald,both,G0-exact,r1_rms_100,0.5463,0.5366,0.5566
floor_0.05+wald,both,G0-exact,r1_mean_100,-0.0544,-0.0765,-0.0318
floor_0.05+wald,both,G0-exact,r1_rms_200,0.4623,0.4548,0.4697
floor_0.05+wald,both,G0-exact,r1_mean_200,-0.0552,-0.0696,-0.0409
floor_0.05+wald,both,G0-exact,r2_brier,0.1749,0.1732,0.1766
floor_0.05+wald,both,G0-exact,r2_bias,0.0041,0.0011,0.0072
floor_0.05+wald,both,G0-exact,r3_inside,0.5423,0.5330,0.5519
floor_0.05+wald,both,G0-exact,r3_below_0.5,0.0211,0.0180,0.0243
floor_0.05+wald,both,G0-exact,r3_above_0.95,0.0102,0.0083,0.0121
floor_0.05+wald,both,G0-exact,r4_false,0.0079,0.0050,0.0112
floor_0.05+wald,both,G0-exact,r4_false_0.70,0.0012,0.0003,0.0025
floor_0.05+wald,both,G0-exact,r4_below,0.5720,0.5473,0.5979
floor_0.05+wald,both,G0-exact,r4_false_at_task,0.0049,0.0015,0.0090
floor_0.05+wald,both,G0-exact,r4_declared,3.3060,3.1060,3.5060
floor_0.05+wald,both,G0-exact,r5_late_answers,11.1719,10.9486,11.3939
floor_0.05+wald,both,G0-exact,r5_never,0.5979,0.5773,0.6175
floor_0.05+wald,both,G0-exact,r6_lag,-0.0535,-0.0687,-0.0379
floor_0.05+wald,both,G0-exact,r7_error_5,0.8598,0.8185,0.8999
floor_0.05+wald,both,G0-exact,r7_error_10,0.7836,0.7484,0.8223
floor_0.05+wald,both,G0-exact,r7_longest_wrong,1.7960,1.7400,1.8570
floor_0.05+wald,both,G0-exact,r7_hard_first,0.1226,0.1108,0.1345
floor_0.05+wald,both,G0-exact,r4b_chance_below_0.5,0.0552,0.0464,0.0648
floor_0.05+wald,both,G0-exact,r4b_chance_0.5_to_0.6,0.1049,0.0959,0.1146
floor_0.05+wald,both,G0-exact,r4b_chance_0.6_to_0.7,0.2653,0.2527,0.2789
floor_0.05+wald,both,G0-exact,r4b_chance_0.7_to_0.8,0.3742,0.3589,0.3903
floor_0.05+wald,both,G0-exact,r4b_chance_0.8_up,0.2003,0.1843,0.2163
floor_0.05+wald,both,G0-exact,r3_reachable,0.9381,0.9298,0.9451
floor_0.05+wald,both,G0-exact,r8_rank_6_20,3.5667,3.1267,4.0133
floor_0.05+wald,both,G0-exact,r8_topic_rank_6_20,17.8533,16.8800,18.8400
floor_0.05+wald,both,G0-exact,r8_rank_150_200,1.5706,1.3314,1.8294
floor_0.05+wald,both,G0-exact,r8_topic_rank_150_200,9.2824,8.9353,9.6392
floor_0.05+wald,both,G0-exact,r2_ece,0.0063,0.0034,0.0092
floor_0.05+wald,both,G0-exact,r4b_3,0.0118,0.0088,0.0149
floor_0.05+wald,both,G0-exact,r4b_5,0.0340,0.0284,0.0399
floor_0.05+wald,both,G0-exact,r4b_10,0.0816,0.0705,0.0941
floor_0.05+wald,both,G0-exact,r4b_20,0.0866,0.0747,0.0996
floor_0.05+wald,both,G0-exact,r4b_50,0.0955,0.0773,0.1210
floor_0.05+wald,both,G0-exact,r8_move_p95_6_20,73.0000,72.0000,73.0000
floor_0.05+wald,both,G0-exact,r8_move_p95_150_200,42.0000,41.0000,42.0000
floor_0.05+wald,both,G0-miss0.25,r1_rms_5,0.9973,0.9630,1.0323
floor_0.05+wald,both,G0-miss0.25,r1_mean_5,0.0220,-0.0473,0.0890
floor_0.05+wald,both,G0-miss0.25,r1_rms_10,0.9303,0.9009,0.9611
floor_0.05+wald,both,G0-miss0.25,r1_mean_10,-0.0112,-0.0663,0.0473
floor_0.05+wald,both,G0-miss0.25,r1_rms_20,0.8199,0.7971,0.8456
floor_0.05+wald,both,G0-miss0.25,r1_mean_20,-0.0386,-0.0848,0.0102
floor_0.05+wald,both,G0-miss0.25,r1_rms_50,0.6628,0.6472,0.6793
floor_0.05+wald,both,G0-miss0.25,r1_mean_50,-0.0604,-0.0945,-0.0262
floor_0.05+wald,both,G0-miss0.25,r1_rms_100,0.5561,0.5453,0.5668
floor_0.05+wald,both,G0-miss0.25,r1_mean_100,-0.0671,-0.0897,-0.0455
floor_0.05+wald,both,G0-miss0.25,r1_rms_200,0.4639,0.4564,0.4711
floor_0.05+wald,both,G0-miss0.25,r1_mean_200,-0.0617,-0.0767,-0.0473
floor_0.05+wald,both,G0-miss0.25,r2_brier,0.1752,0.1734,0.1770
floor_0.05+wald,both,G0-miss0.25,r2_bias,0.0044,0.0012,0.0076
floor_0.05+wald,both,G0-miss0.25,r3_inside,0.5020,0.4939,0.5097
floor_0.05+wald,both,G0-miss0.25,r3_below_0.5,0.0266,0.0230,0.0305
floor_0.05+wald,both,G0-miss0.25,r3_above_0.95,0.0141,0.0120,0.0163
floor_0.05+wald,both,G0-miss0.25,r4_false,0.0065,0.0037,0.0097
floor_0.05+wald,both,G0-miss0.25,r4_false_0.70,0.0009,0.0000,0.0022
floor_0.05+wald,both,G0-miss0.25,r4_below,0.5970,0.5743,0.6198
floor_0.05+wald,both,G0-miss0.25,r4_false_at_task,0.0038,0.0008,0.0077
floor_0.05+wald,both,G0-miss0.25,r4_declared,3.2230,3.0160,3.4380
floor_0.05+wald,both,G0-miss0.25,r5_late_answers,10.7908,10.5750,10.9835
floor_0.05+wald,both,G0-miss0.25,r5_never,0.6122,0.5927,0.6325
floor_0.05+wald,both,G0-miss0.25,r6_lag,-0.0643,-0.0803,-0.0485
floor_0.05+wald,both,G0-miss0.25,r7_error_5,0.8725,0.8315,0.9135
floor_0.05+wald,both,G0-miss0.25,r7_error_10,0.7915,0.7527,0.8262
floor_0.05+wald,both,G0-miss0.25,r7_longest_wrong,1.8090,1.7530,1.8660
floor_0.05+wald,both,G0-miss0.25,r7_hard_first,0.1315,0.1196,0.1438
floor_0.05+wald,both,G0-miss0.25,r4b_chance_below_0.5,0.0707,0.0605,0.0828
floor_0.05+wald,both,G0-miss0.25,r4b_chance_0.5_to_0.6,0.1207,0.1115,0.1302
floor_0.05+wald,both,G0-miss0.25,r4b_chance_0.6_to_0.7,0.2482,0.2388,0.2574
floor_0.05+wald,both,G0-miss0.25,r4b_chance_0.7_to_0.8,0.3332,0.3217,0.3447
floor_0.05+wald,both,G0-miss0.25,r4b_chance_0.8_up,0.2272,0.2129,0.2423
floor_0.05+wald,both,G0-miss0.25,r3_reachable,0.9398,0.9311,0.9482
floor_0.05+wald,both,G0-miss0.25,r8_rank_6_20,3.4800,3.0800,3.9133
floor_0.05+wald,both,G0-miss0.25,r8_topic_rank_6_20,17.0533,16.1600,17.9467
floor_0.05+wald,both,G0-miss0.25,r8_rank_150_200,1.7922,1.5490,2.0588
floor_0.05+wald,both,G0-miss0.25,r8_topic_rank_150_200,9.4725,9.1176,9.8275
floor_0.05+wald,both,G0-miss0.25,r2_ece,0.0062,0.0035,0.0095
floor_0.05+wald,both,G0-miss0.25,r4b_3,0.0122,0.0095,0.0151
floor_0.05+wald,both,G0-miss0.25,r4b_5,0.0332,0.0278,0.0391
floor_0.05+wald,both,G0-miss0.25,r4b_10,0.0850,0.0731,0.0986
floor_0.05+wald,both,G0-miss0.25,r4b_20,0.0932,0.0792,0.1083
floor_0.05+wald,both,G0-miss0.25,r4b_50,0.0932,0.0798,0.1082
floor_0.05+wald,both,G0-miss0.25,r8_move_p95_6_20,73.0000,73.0000,74.0000
floor_0.05+wald,both,G0-miss0.25,r8_move_p95_150_200,42.0000,42.0000,42.0000
floor_0.05+wald,both,G0-miss1,r1_rms_5,1.0346,0.9986,1.0740
floor_0.05+wald,both,G0-miss1,r1_mean_5,-0.0610,-0.1279,0.0118
floor_0.05+wald,both,G0-miss1,r1_rms_10,0.9701,0.9377,1.0033
floor_0.05+wald,both,G0-miss1,r1_mean_10,-0.1012,-0.1636,-0.0401
floor_0.05+wald,both,G0-miss1,r1_rms_20,0.8771,0.8531,0.9050
floor_0.05+wald,both,G0-miss1,r1_mean_20,-0.1299,-0.1812,-0.0773
floor_0.05+wald,both,G0-miss1,r1_rms_50,0.7267,0.7085,0.7468
floor_0.05+wald,both,G0-miss1,r1_mean_50,-0.1821,-0.2176,-0.1459
floor_0.05+wald,both,G0-miss1,r1_rms_100,0.6203,0.6068,0.6339
floor_0.05+wald,both,G0-miss1,r1_mean_100,-0.2124,-0.2387,-0.1866
floor_0.05+wald,both,G0-miss1,r1_rms_200,0.5353,0.5254,0.5456
floor_0.05+wald,both,G0-miss1,r1_mean_200,-0.2259,-0.2420,-0.2091
floor_0.05+wald,both,G0-miss1,r2_brier,0.1778,0.1760,0.1797
floor_0.05+wald,both,G0-miss1,r2_bias,0.0089,0.0057,0.0118
floor_0.05+wald,both,G0-miss1,r3_inside,0.2956,0.2926,0.2985
floor_0.05+wald,both,G0-miss1,r3_below_0.5,0.0913,0.0866,0.0962
floor_0.05+wald,both,G0-miss1,r3_above_0.95,0.1077,0.1031,0.1124
floor_0.05+wald,both,G0-miss1,r4_false,0.0058,0.0033,0.0088
floor_0.05+wald,both,G0-miss1,r4_false_0.70,0.0003,0.0000,0.0011
floor_0.05+wald,both,G0-miss1,r4_below,0.5781,0.5524,0.6025
floor_0.05+wald,both,G0-miss1,r4_false_at_task,0.0040,0.0008,0.0079
floor_0.05+wald,both,G0-miss1,r4_declared,2.9270,2.7350,3.1320
floor_0.05+wald,both,G0-miss1,r5_late_answers,11.0227,10.7903,11.2510
floor_0.05+wald,both,G0-miss1,r5_never,0.6522,0.6330,0.6713
floor_0.05+wald,both,G0-miss1,r6_lag,-0.2294,-0.2480,-0.2113
floor_0.05+wald,both,G0-miss1,r7_error_5,0.8925,0.8509,0.9333
floor_0.05+wald,both,G0-miss1,r7_error_10,0.8213,0.7816,0.8597
floor_0.05+wald,both,G0-miss1,r7_longest_wrong,1.8190,1.7630,1.8770
floor_0.05+wald,both,G0-miss1,r7_hard_first,0.1785,0.1671,0.1904
floor_0.05+wald,both,G0-miss1,r4b_chance_below_0.5,0.1655,0.1547,0.1771
floor_0.05+wald,both,G0-miss1,r4b_chance_0.5_to_0.6,0.1178,0.1139,0.1217
floor_0.05+wald,both,G0-miss1,r4b_chance_0.6_to_0.7,0.1527,0.1488,0.1565
floor_0.05+wald,both,G0-miss1,r4b_chance_0.7_to_0.8,0.1865,0.1822,0.1909
floor_0.05+wald,both,G0-miss1,r4b_chance_0.8_up,0.3776,0.3649,0.3900
floor_0.05+wald,both,G0-miss1,r3_reachable,0.9453,0.9372,0.9531
floor_0.05+wald,both,G0-miss1,r8_rank_6_20,3.6333,3.1933,4.0867
floor_0.05+wald,both,G0-miss1,r8_topic_rank_6_20,17.5800,16.6800,18.5267
floor_0.05+wald,both,G0-miss1,r8_rank_150_200,1.6706,1.4216,1.9373
floor_0.05+wald,both,G0-miss1,r8_topic_rank_150_200,9.3118,8.9608,9.6804
floor_0.05+wald,both,G0-miss1,r2_ece,0.0107,0.0077,0.0138
floor_0.05+wald,both,G0-miss1,r4b_3,0.0113,0.0086,0.0142
floor_0.05+wald,both,G0-miss1,r4b_5,0.0276,0.0226,0.0332
floor_0.05+wald,both,G0-miss1,r4b_10,0.0669,0.0559,0.0777
floor_0.05+wald,both,G0-miss1,r4b_20,0.0709,0.0586,0.0834
floor_0.05+wald,both,G0-miss1,r4b_50,0.0709,0.0598,0.0838
floor_0.05+wald,both,G0-miss1,r8_move_p95_6_20,73.0000,73.0000,74.0000
floor_0.05+wald,both,G0-miss1,r8_move_p95_150_200,42.0000,41.0000,42.0000
floor_0.05+wald,both,G2-half,r1_rms_5,1.0012,0.9632,1.0398
floor_0.05+wald,both,G2-half,r1_mean_5,-0.0541,-0.1170,0.0167
floor_0.05+wald,both,G2-half,r1_rms_10,0.9427,0.9112,0.9750
floor_0.05+wald,both,G2-half,r1_mean_10,-0.1091,-0.1702,-0.0500
floor_0.05+wald,both,G2-half,r1_rms_20,0.8555,0.8278,0.8837
floor_0.05+wald,both,G2-half,r1_mean_20,-0.1657,-0.2170,-0.1184
floor_0.05+wald,both,G2-half,r1_rms_50,0.7318,0.7119,0.7526
floor_0.05+wald,both,G2-half,r1_mean_50,-0.3001,-0.3357,-0.2628
floor_0.05+wald,both,G2-half,r1_rms_100,0.6960,0.6784,0.7129
floor_0.05+wald,both,G2-half,r1_mean_100,-0.4424,-0.4674,-0.4186
floor_0.05+wald,both,G2-half,r1_rms_200,0.7217,0.7096,0.7349
floor_0.05+wald,both,G2-half,r1_mean_200,-0.5633,-0.5793,-0.5466
floor_0.05+wald,both,G2-half,r2_brier,0.1520,0.1503,0.1537
floor_0.05+wald,both,G2-half,r2_bias,-0.0371,-0.0400,-0.0343
floor_0.05+wald,both,G2-half,r3_inside,0.3756,0.3699,0.3817
floor_0.05+wald,both,G2-half,r3_below_0.5,0.0241,0.0213,0.0269
floor_0.05+wald,both,G2-half,r3_above_0.95,0.0622,0.0570,0.0677
floor_0.05+wald,both,G2-half,r4_false,0.0014,0.0004,0.0027
floor_0.05+wald,both,G2-half,r4_false_0.70,0.0002,0.0000,0.0007
floor_0.05+wald,both,G2-half,r4_below,0.5885,0.5645,0.6128
floor_0.05+wald,both,G2-half,r4_false_at_task,0.0011,0.0000,0.0029
floor_0.05+wald,both,G2-half,r4_declared,4.3600,4.1310,4.5700
floor_0.05+wald,both,G2-half,r5_late_answers,11.0005,10.7995,11.2057
floor_0.05+wald,both,G2-half,r5_never,0.6442,0.6302,0.6577
floor_0.05+wald,both,G2-half,r6_lag,-0.5219,-0.5412,-0.5032
floor_0.05+wald,both,G2-half,r7_error_5,0.8592,0.8174,0.9028
floor_0.05+wald,both,G2-half,r7_error_10,0.7886,0.7498,0.8272
floor_0.05+wald,both,G2-half,r7_longest_wrong,1.7270,1.6760,1.7830
floor_0.05+wald,both,G2-half,r7_hard_first,0.1346,0.1229,0.1464
floor_0.05+wald,both,G2-half,r4b_chance_below_0.5,0.0722,0.0631,0.0819
floor_0.05+wald,both,G2-half,r4b_chance_0.5_to_0.6,0.0912,0.0858,0.0970
floor_0.05+wald,both,G2-half,r4b_chance_0.6_to_0.7,0.1711,0.1653,0.1770
floor_0.05+wald,both,G2-half,r4b_chance_0.7_to_0.8,0.2693,0.2625,0.2758
floor_0.05+wald,both,G2-half,r4b_chance_0.8_up,0.3962,0.3808,0.4116
floor_0.05+wald,both,G2-half,r3_reachable,0.9592,0.9546,0.9633
floor_0.05+wald,both,G2-half,r8_rank_6_20,3.7200,3.2467,4.2200
floor_0.05+wald,both,G2-half,r8_topic_rank_6_20,17.2000,16.2533,18.1533
floor_0.05+wald,both,G2-half,r8_rank_150_200,1.8000,1.5471,2.0471
floor_0.05+wald,both,G2-half,r8_topic_rank_150_200,8.8255,8.5098,9.1549
floor_0.05+wald,both,G2-half,r2_ece,0.0371,0.0342,0.0402
floor_0.05+wald,both,G2-half,r4b_3,0.0087,0.0063,0.0112
floor_0.05+wald,both,G2-half,r4b_5,0.0227,0.0180,0.0277
floor_0.05+wald,both,G2-half,r4b_10,0.0528,0.0429,0.0639
floor_0.05+wald,both,G2-half,r4b_20,0.0649,0.0519,0.0786
floor_0.05+wald,both,G2-half,r4b_50,0.0734,0.0556,0.0983
floor_0.05+wald,both,G2-half,r8_move_p95_6_20,73.0000,73.0000,74.0000
floor_0.05+wald,both,G2-half,r8_move_p95_150_200,41.0000,40.0000,41.0000
floor_0.05+wald,both,G2-fading,r1_rms_5,0.9902,0.9529,1.0270
floor_0.05+wald,both,G2-fading,r1_mean_5,-0.0664,-0.1342,-0.0032
floor_0.05+wald,both,G2-fading,r1_rms_10,0.9298,0.8961,0.9624
floor_0.05+wald,both,G2-fading,r1_mean_10,-0.1168,-0.1773,-0.0578
floor_0.05+wald,both,G2-fading,r1_rms_20,0.8499,0.8228,0.8781
floor_0.05+wald,both,G2-fading,r1_mean_20,-0.1972,-0.2474,-0.1511
floor_0.05+wald,both,G2-fading,r1_rms_50,0.7420,0.7211,0.7630
floor_0.05+wald,both,G2-fading,r1_mean_50,-0.3313,-0.3658,-0.2960
floor_0.05+wald,both,G2-fading,r1_rms_100,0.6804,0.6642,0.6961
floor_0.05+wald,both,G2-fading,r1_mean_100,-0.4132,-0.4369,-0.3889
floor_0.05+wald,both,G2-fading,r1_rms_200,0.5847,0.5737,0.5964
floor_0.05+wald,both,G2-fading,r1_mean_200,-0.3608,-0.3761,-0.3447
floor_0.05+wald,both,G2-fading,r2_brier,0.1543,0.1526,0.1560
floor_0.05+wald,both,G2-fading,r2_bias,-0.0321,-0.0350,-0.0292
floor_0.05+wald,both,G2-fading,r3_inside,0.3903,0.3839,0.3963
floor_0.05+wald,both,G2-fading,r3_below_0.5,0.0242,0.0214,0.0272
floor_0.05+wald,both,G2-fading,r3_above_0.95,0.0564,0.0516,0.0612
floor_0.05+wald,both,G2-fading,r4_false,0.0024,0.0012,0.0039
floor_0.05+wald,both,G2-fading,r4_false_0.70,0.0002,0.0000,0.0007
floor_0.05+wald,both,G2-fading,r4_below,0.5958,0.5722,0.6196
floor_0.05+wald,both,G2-fading,r4_false_at_task,0.0012,0.0000,0.0030
floor_0.05+wald,both,G2-fading,r4_declared,4.2500,4.0360,4.4660
floor_0.05+wald,both,G2-fading,r5_late_answers,11.1091,10.9102,11.3093
floor_0.05+wald,both,G2-fading,r5_never,0.6289,0.6155,0.6431
floor_0.05+wald,both,G2-fading,r6_lag,-0.4064,-0.4245,-0.3877
floor_0.05+wald,both,G2-fading,r7_error_5,0.8439,0.8040,0.8852
floor_0.05+wald,both,G2-fading,r7_error_10,0.7774,0.7400,0.8148
floor_0.05+wald,both,G2-fading,r7_longest_wrong,1.6750,1.6220,1.7270
floor_0.05+wald,both,G2-fading,r7_hard_first,0.1329,0.1210,0.1448
floor_0.05+wald,both,G2-fading,r4b_chance_below_0.5,0.0723,0.0626,0.0827
floor_0.05+wald,both,G2-fading,r4b_chance_0.5_to_0.6,0.0985,0.0924,0.1042
floor_0.05+wald,both,G2-fading,r4b_chance_0.6_to_0.7,0.1877,0.1813,0.1941
floor_0.05+wald,both,G2-fading,r4b_chance_0.7_to_0.8,0.2765,0.2694,0.2833
floor_0.05+wald,both,G2-fading,r4b_chance_0.8_up,0.3651,0.3501,0.3809
floor_0.05+wald,both,G2-fading,r3_reachable,0.9606,0.9559,0.9645
floor_0.05+wald,both,G2-fading,r8_rank_6_20,3.0600,2.6600,3.5000
floor_0.05+wald,both,G2-fading,r8_topic_rank_6_20,16.7267,15.8533,17.6733
floor_0.05+wald,both,G2-fading,r8_rank_150_200,1.5569,1.3216,1.7941
floor_0.05+wald,both,G2-fading,r8_topic_rank_150_200,9.1569,8.8216,9.4706
floor_0.05+wald,both,G2-fading,r2_ece,0.0321,0.0291,0.0349
floor_0.05+wald,both,G2-fading,r4b_3,0.0085,0.0061,0.0111
floor_0.05+wald,both,G2-fading,r4b_5,0.0247,0.0195,0.0304
floor_0.05+wald,both,G2-fading,r4b_10,0.0672,0.0557,0.0788
floor_0.05+wald,both,G2-fading,r4b_20,0.0833,0.0656,0.1046
floor_0.05+wald,both,G2-fading,r4b_50,0.1062,0.0702,0.1626
floor_0.05+wald,both,G2-fading,r8_move_p95_6_20,73.0000,73.0000,73.0000
floor_0.05+wald,both,G2-fading,r8_move_p95_150_200,41.0000,41.0000,42.0000
floor_0.05+wald,both,G3-drop,r1_rms_5,0.9785,0.9447,1.0113
floor_0.05+wald,both,G3-drop,r1_mean_5,0.0068,-0.0567,0.0734
floor_0.05+wald,both,G3-drop,r1_rms_10,0.9026,0.8724,0.9313
floor_0.05+wald,both,G3-drop,r1_mean_10,-0.0267,-0.0850,0.0300
floor_0.05+wald,both,G3-drop,r1_rms_20,0.8155,0.7932,0.8401
floor_0.05+wald,both,G3-drop,r1_mean_20,-0.0528,-0.0987,-0.0068
floor_0.05+wald,both,G3-drop,r1_rms_50,0.6612,0.6458,0.6769
floor_0.05+wald,both,G3-drop,r1_mean_50,-0.0723,-0.1055,-0.0396
floor_0.05+wald,both,G3-drop,r1_rms_100,0.7114,0.6945,0.7281
floor_0.05+wald,both,G3-drop,r1_mean_100,0.3035,0.2703,0.3373
floor_0.05+wald,both,G3-drop,r1_rms_200,0.5418,0.5319,0.5516
floor_0.05+wald,both,G3-drop,r1_mean_200,0.2629,0.2463,0.2780
floor_0.05+wald,both,G3-drop,r2_brier,0.2005,0.1988,0.2022
floor_0.05+wald,both,G3-drop,r2_bias,0.0503,0.0474,0.0531
floor_0.05+wald,both,G3-drop,r3_inside,0.3872,0.3828,0.3919
floor_0.05+wald,both,G3-drop,r3_below_0.5,0.0832,0.0778,0.0886
floor_0.05+wald,both,G3-drop,r3_above_0.95,0.0207,0.0186,0.0232
floor_0.05+wald,both,G3-drop,r4_false,0.0436,0.0344,0.0533
floor_0.05+wald,both,G3-drop,r4_false_0.70,0.0096,0.0057,0.0142
floor_0.05+wald,both,G3-drop,r4_below,0.5232,0.4971,0.5476
floor_0.05+wald,both,G3-drop,r4_false_at_task,0.0442,0.0310,0.0585
floor_0.05+wald,both,G3-drop,r4_declared,2.1810,2.0140,2.3480
floor_0.05+wald,both,G3-drop,r5_late_answers,10.2908,10.0553,10.5358
floor_0.05+wald,both,G3-drop,r5_never,0.7547,0.7372,0.7708
floor_0.05+wald,both,G3-drop,r6_lag,0.3594,0.3437,0.3755
floor_0.05+wald,both,G3-drop,r6_jump_answers,46.9940,45.0640,48.9550
floor_0.05+wald,both,G3-drop,r6_jump_unsettled,0.2010,0.1780,0.2260
floor_0.05+wald,both,G3-drop,r7_error_5,0.8314,0.7952,0.8695
floor_0.05+wald,both,G3-drop,r7_error_10,0.7534,0.7208,0.7874
floor_0.05+wald,both,G3-drop,r7_longest_wrong,1.7800,1.7240,1.8370
floor_0.05+wald,both,G3-drop,r7_hard_first,0.1338,0.1231,0.1448
floor_0.05+wald,both,G3-drop,r4b_chance_below_0.5,0.1771,0.1635,0.1919
floor_0.05+wald,both,G3-drop,r4b_chance_0.5_to_0.6,0.1806,0.1752,0.1857
floor_0.05+wald,both,G3-drop,r4b_chance_0.6_to_0.7,0.2265,0.2207,0.2320
floor_0.05+wald,both,G3-drop,r4b_chance_0.7_to_0.8,0.2281,0.2211,0.2349
floor_0.05+wald,both,G3-drop,r4b_chance_0.8_up,0.1878,0.1774,0.1986
floor_0.05+wald,both,G3-drop,r3_reachable,0.8999,0.8894,0.9096
floor_0.05+wald,both,G3-drop,r8_rank_6_20,3.5400,3.1133,3.9733
floor_0.05+wald,both,G3-drop,r8_topic_rank_6_20,17.1200,16.1867,18.0667
floor_0.05+wald,both,G3-drop,r8_rank_150_200,2.0922,1.8333,2.3510
floor_0.05+wald,both,G3-drop,r8_topic_rank_150_200,10.4882,10.1392,10.8275
floor_0.05+wald,both,G3-drop,r2_ece,0.0503,0.0475,0.0533
floor_0.05+wald,both,G3-drop,r4b_3,0.0067,0.0047,0.0092
floor_0.05+wald,both,G3-drop,r4b_5,0.0181,0.0139,0.0226
floor_0.05+wald,both,G3-drop,r4b_10,0.0384,0.0304,0.0471
floor_0.05+wald,both,G3-drop,r4b_20,0.0390,0.0311,0.0478
floor_0.05+wald,both,G3-drop,r4b_50,0.0390,0.0315,0.0476
floor_0.05+wald,both,G3-drop,r8_move_p95_6_20,73.0000,73.0000,74.0000
floor_0.05+wald,both,G3-drop,r8_move_p95_150_200,43.0000,42.0000,43.0000
floor_0.05+wald,both,G0-start0.5,r1_rms_5,0.9748,0.9407,1.0102
floor_0.05+wald,both,G0-start0.5,r1_mean_5,0.0151,-0.0463,0.0765
floor_0.05+wald,both,G0-start0.5,r1_rms_10,0.9094,0.8806,0.9393
floor_0.05+wald,both,G0-start0.5,r1_mean_10,-0.0154,-0.0728,0.0433
floor_0.05+wald,both,G0-start0.5,r1_rms_20,0.8229,0.7983,0.8480
floor_0.05+wald,both,G0-start0.5,r1_mean_20,-0.0343,-0.0823,0.0129
floor_0.05+wald,both,G0-start0.5,r1_rms_50,0.6659,0.6490,0.6825
floor_0.05+wald,both,G0-start0.5,r1_mean_50,-0.0620,-0.0951,-0.0293
floor_0.05+wald,both,G0-start0.5,r1_rms_100,0.5520,0.5406,0.5632
floor_0.05+wald,both,G0-start0.5,r1_mean_100,-0.0770,-0.0989,-0.0551
floor_0.05+wald,both,G0-start0.5,r1_rms_200,0.4730,0.4652,0.4804
floor_0.05+wald,both,G0-start0.5,r1_mean_200,-0.0858,-0.1004,-0.0708
floor_0.05+wald,both,G0-start0.5,r2_brier,0.1742,0.1726,0.1758
floor_0.05+wald,both,G0-start0.5,r2_bias,0.0057,0.0029,0.0085
floor_0.05+wald,both,G0-start0.5,r3_inside,0.4345,0.4300,0.4392
floor_0.05+wald,both,G0-start0.5,r3_below_0.5,0.0347,0.0318,0.0378
floor_0.05+wald,both,G0-start0.5,r3_above_0.95,0.0271,0.0243,0.0300
floor_0.05+wald,both,G0-start0.5,r4_false,0.0058,0.0034,0.0087
floor_0.05+wald,both,G0-start0.5,r4_false_0.70,0.0012,0.0003,0.0025
floor_0.05+wald,both,G0-start0.5,r4_below,0.5378,0.5140,0.5615
floor_0.05+wald,both,G0-start0.5,r4_false_at_task,0.0046,0.0013,0.0082
floor_0.05+wald,both,G0-start0.5,r4_declared,3.2820,3.0910,3.4800
floor_0.05+wald,both,G0-start0.5,r5_late_answers,10.9500,10.7368,11.1521
floor_0.05+wald,both,G0-start0.5,r5_never,0.5657,0.5457,0.5861
floor_0.05+wald,both,G0-start0.5,r6_lag,-0.0995,-0.1163,-0.0836
floor_0.05+wald,both,G0-start0.5,r7_error_5,0.8265,0.7889,0.8675
floor_0.05+wald,both,G0-start0.5,r7_error_10,0.7524,0.7168,0.7910
floor_0.05+wald,both,G0-start0.5,r7_longest_wrong,1.7650,1.7100,1.8180
floor_0.05+wald,both,G0-start0.5,r7_hard_first,0.1288,0.1179,0.1394
floor_0.05+wald,both,G0-start0.5,r4b_chance_below_0.5,0.0798,0.0733,0.0871
floor_0.05+wald,both,G0-start0.5,r4b_chance_0.5_to_0.6,0.1217,0.1165,0.1273
floor_0.05+wald,both,G0-start0.5,r4b_chance_0.6_to_0.7,0.2067,0.2015,0.2125
floor_0.05+wald,both,G0-start0.5,r4b_chance_0.7_to_0.8,0.2809,0.2750,0.2865
floor_0.05+wald,both,G0-start0.5,r4b_chance_0.8_up,0.3109,0.2984,0.3236
floor_0.05+wald,both,G0-start0.5,r3_reachable,0.9631,0.9592,0.9668
floor_0.05+wald,both,G0-start0.5,r8_rank_6_20,3.5867,3.1067,4.0333
floor_0.05+wald,both,G0-start0.5,r8_topic_rank_6_20,17.5933,16.6267,18.5200
floor_0.05+wald,both,G0-start0.5,r8_rank_150_200,1.7529,1.4961,2.0314
floor_0.05+wald,both,G0-start0.5,r8_topic_rank_150_200,9.1784,8.8333,9.5118
floor_0.05+wald,both,G0-start0.5,r2_ece,0.0068,0.0039,0.0096
floor_0.05+wald,both,G0-start0.5,r4b_3,0.0129,0.0101,0.0157
floor_0.05+wald,both,G0-start0.5,r4b_5,0.0328,0.0274,0.0385
floor_0.05+wald,both,G0-start0.5,r4b_10,0.0728,0.0610,0.0853
floor_0.05+wald,both,G0-start0.5,r4b_20,0.0845,0.0708,0.0990
floor_0.05+wald,both,G0-start0.5,r4b_50,0.0930,0.0738,0.1192
floor_0.05+wald,both,G0-start0.5,r8_move_p95_6_20,73.0000,73.0000,74.0000
floor_0.05+wald,both,G0-start0.5,r8_move_p95_150_200,42.0000,42.0000,42.0000
floor_0.05+wald,both,G0-start2,r1_rms_5,1.1045,1.0635,1.1472
floor_0.05+wald,both,G0-start2,r1_mean_5,-0.0290,-0.1033,0.0484
floor_0.05+wald,both,G0-start2,r1_rms_10,1.0194,0.9813,1.0563
floor_0.05+wald,both,G0-start2,r1_mean_10,-0.0661,-0.1335,0.0002
floor_0.05+wald,both,G0-start2,r1_rms_20,0.9014,0.8696,0.9342
floor_0.05+wald,both,G0-start2,r1_mean_20,-0.0907,-0.1481,-0.0339
floor_0.05+wald,both,G0-start2,r1_rms_50,0.7253,0.7031,0.7476
floor_0.05+wald,both,G0-start2,r1_mean_50,-0.1175,-0.1604,-0.0781
floor_0.05+wald,both,G0-start2,r1_rms_100,0.5960,0.5810,0.6122
floor_0.05+wald,both,G0-start2,r1_mean_100,-0.1111,-0.1391,-0.0837
floor_0.05+wald,both,G0-start2,r1_rms_200,0.4953,0.4841,0.5066
floor_0.05+wald,both,G0-start2,r1_mean_200,-0.0951,-0.1142,-0.0758
floor_0.05+wald,both,G0-start2,r2_brier,0.1754,0.1732,0.1776
floor_0.05+wald,both,G0-start2,r2_bias,0.0024,-0.0010,0.0057
floor_0.05+wald,both,G0-start2,r3_inside,0.3980,0.3901,0.4062
floor_0.05+wald,both,G0-start2,r3_below_0.5,0.0696,0.0599,0.0803
floor_0.05+wald,both,G0-start2,r3_above_0.95,0.0416,0.0364,0.0473
floor_0.05+wald,both,G0-start2,r4_false,0.0059,0.0034,0.0086
floor_0.05+wald,both,G0-start2,r4_false_0.70,0.0013,0.0003,0.0029
floor_0.05+wald,both,G0-start2,r4_below,0.5333,0.5025,0.5635
floor_0.05+wald,both,G0-start2,r4_false_at_task,0.0029,0.0006,0.0058
floor_0.05+wald,both,G0-start2,r4_declared,3.7370,3.5030,3.9860
floor_0.05+wald,both,G0-start2,r5_late_answers,10.8454,10.6506,11.0446
floor_0.05+wald,both,G0-start2,r5_never,0.5857,0.5652,0.6065
floor_0.05+wald,both,G0-start2,r6_lag,-0.1226,-0.1429,-0.1023
floor_0.05+wald,both,G0-start2,r7_error_5,0.9631,0.9158,1.0108
floor_0.05+wald,both,G0-start2,r7_error_10,0.8714,0.8316,0.9130
floor_0.05+wald,both,G0-start2,r7_longest_wrong,1.9270,1.8470,2.0100
floor_0.05+wald,both,G0-start2,r7_hard_first,0.1791,0.1631,0.1953
floor_0.05+wald,both,G0-start2,r4b_chance_below_0.5,0.2046,0.1754,0.2355
floor_0.05+wald,both,G0-start2,r4b_chance_0.5_to_0.6,0.1368,0.1292,0.1441
floor_0.05+wald,both,G0-start2,r4b_chance_0.6_to_0.7,0.1989,0.1897,0.2076
floor_0.05+wald,both,G0-start2,r4b_chance_0.7_to_0.8,0.2367,0.2245,0.2489
floor_0.05+wald,both,G0-start2,r4b_chance_0.8_up,0.2231,0.2077,0.2384
floor_0.05+wald,both,G0-start2,r3_reachable,0.8806,0.8649,0.8954
floor_0.05+wald,both,G0-start2,r8_rank_6_20,3.7333,3.3200,4.1400
floor_0.05+wald,both,G0-start2,r8_topic_rank_6_20,17.6333,16.6333,18.6200
floor_0.05+wald,both,G0-start2,r8_rank_150_200,1.6510,1.4157,1.9039
floor_0.05+wald,both,G0-start2,r8_topic_rank_150_200,8.6490,8.2804,9.0039
floor_0.05+wald,both,G0-start2,r2_ece,0.0028,0.0011,0.0063
floor_0.05+wald,both,G0-start2,r4b_3,0.0121,0.0090,0.0154
floor_0.05+wald,both,G0-start2,r4b_5,0.0315,0.0260,0.0374
floor_0.05+wald,both,G0-start2,r4b_10,0.0625,0.0529,0.0731
floor_0.05+wald,both,G0-start2,r4b_20,0.0666,0.0562,0.0789
floor_0.05+wald,both,G0-start2,r4b_50,0.0687,0.0574,0.0812
floor_0.05+wald,both,G0-start2,r8_move_p95_6_20,73.0000,73.0000,73.0000
floor_0.05+wald,both,G0-start2,r8_move_p95_150_200,42.0000,41.0000,42.0000
floor_0.05+wald,both,G0-topics0.3,r1_rms_5,0.9129,0.8752,0.9497
floor_0.05+wald,both,G0-topics0.3,r1_mean_5,-0.0171,-0.0827,0.0452
floor_0.05+wald,both,G0-topics0.3,r1_rms_10,0.8349,0.8038,0.8668
floor_0.05+wald,both,G0-topics0.3,r1_mean_10,-0.0366,-0.0937,0.0231
floor_0.05+wald,both,G0-topics0.3,r1_rms_20,0.7303,0.7025,0.7571
floor_0.05+wald,both,G0-topics0.3,r1_mean_20,-0.0577,-0.1066,-0.0115
floor_0.05+wald,both,G0-topics0.3,r1_rms_50,0.5899,0.5718,0.6082
floor_0.05+wald,both,G0-topics0.3,r1_mean_50,-0.0796,-0.1137,-0.0461
floor_0.05+wald,both,G0-topics0.3,r1_rms_100,0.4947,0.4833,0.5061
floor_0.05+wald,both,G0-topics0.3,r1_mean_100,-0.0870,-0.1105,-0.0642
floor_0.05+wald,both,G0-topics0.3,r1_rms_200,0.4335,0.4263,0.4411
floor_0.05+wald,both,G0-topics0.3,r1_mean_200,-0.0846,-0.0995,-0.0698
floor_0.05+wald,both,G0-topics0.3,r2_brier,0.1745,0.1728,0.1762
floor_0.05+wald,both,G0-topics0.3,r2_bias,0.0035,0.0005,0.0064
floor_0.05+wald,both,G0-topics0.3,r3_inside,0.4510,0.4451,0.4567
floor_0.05+wald,both,G0-topics0.3,r3_below_0.5,0.0305,0.0273,0.0336
floor_0.05+wald,both,G0-topics0.3,r3_above_0.95,0.0234,0.0206,0.0264
floor_0.05+wald,both,G0-topics0.3,r4_false,0.0085,0.0056,0.0118
floor_0.05+wald,both,G0-topics0.3,r4_false_0.70,0.0009,0.0000,0.0020
floor_0.05+wald,both,G0-topics0.3,r4_below,0.5868,0.5634,0.6107
floor_0.05+wald,both,G0-topics0.3,r4_false_at_task,0.0051,0.0021,0.0093
floor_0.05+wald,both,G0-topics0.3,r4_declared,3.3080,3.1030,3.5150
floor_0.05+wald,both,G0-topics0.3,r5_late_answers,11.0040,10.8108,11.1972
floor_0.05+wald,both,G0-topics0.3,r5_never,0.6028,0.5813,0.6235
floor_0.05+wald,both,G0-topics0.3,r6_lag,-0.0973,-0.1133,-0.0814
floor_0.05+wald,both,G0-topics0.3,r7_error_5,0.8448,0.8061,0.8866
floor_0.05+wald,both,G0-topics0.3,r7_error_10,0.7678,0.7325,0.8060
floor_0.05+wald,both,G0-topics0.3,r7_longest_wrong,1.7420,1.6870,1.7990
floor_0.05+wald,both,G0-topics0.3,r7_hard_first,0.1248,0.1137,0.1364
floor_0.05+wald,both,G0-topics0.3,r4b_chance_below_0.5,0.0742,0.0659,0.0845
floor_0.05+wald,both,G0-topics0.3,r4b_chance_0.5_to_0.6,0.1230,0.1157,0.1303
floor_0.05+wald,both,G0-topics0.3,r4b_chance_0.6_to_0.7,0.2167,0.2099,0.2234
floor_0.05+wald,both,G0-topics0.3,r4b_chance_0.7_to_0.8,0.2985,0.2909,0.3058
floor_0.05+wald,both,G0-topics0.3,r4b_chance_0.8_up,0.2877,0.2736,0.3023
floor_0.05+wald,both,G0-topics0.3,r3_reachable,0.9492,0.9412,0.9569
floor_0.05+wald,both,G0-topics0.3,r8_rank_6_20,3.5600,3.1133,4.0400
floor_0.05+wald,both,G0-topics0.3,r8_topic_rank_6_20,17.7400,16.8333,18.6733
floor_0.05+wald,both,G0-topics0.3,r8_rank_150_200,2.0471,1.7863,2.3176
floor_0.05+wald,both,G0-topics0.3,r8_topic_rank_150_200,9.1314,8.7765,9.4824
floor_0.05+wald,both,G0-topics0.3,r2_ece,0.0056,0.0027,0.0086
floor_0.05+wald,both,G0-topics0.3,r4b_3,0.0169,0.0133,0.0208
floor_0.05+wald,both,G0-topics0.3,r4b_5,0.0394,0.0334,0.0458
floor_0.05+wald,both,G0-topics0.3,r4b_10,0.0771,0.0658,0.0885
floor_0.05+wald,both,G0-topics0.3,r4b_20,0.0887,0.0749,0.1050
floor_0.05+wald,both,G0-topics0.3,r4b_50,0.0931,0.0771,0.1121
floor_0.05+wald,both,G0-topics0.3,r8_move_p95_6_20,73.0000,73.0000,73.0000
floor_0.05+wald,both,G0-topics0.3,r8_move_p95_150_200,42.0000,42.0000,42.0000
floor_0.05+wald,both,G0-topics1,r1_rms_5,1.2968,1.2634,1.3319
floor_0.05+wald,both,G0-topics1,r1_mean_5,-0.0343,-0.1037,0.0324
floor_0.05+wald,both,G0-topics1,r1_rms_10,1.2553,1.2263,1.2854
floor_0.05+wald,both,G0-topics1,r1_mean_10,-0.0779,-0.1384,-0.0168
floor_0.05+wald,both,G0-topics1,r1_rms_20,1.1620,1.1382,1.1872
floor_0.05+wald,both,G0-topics1,r1_mean_20,-0.1294,-0.1794,-0.0799
floor_0.05+wald,both,G0-topics1,r1_rms_50,0.9809,0.9626,0.9999
floor_0.05+wald,both,G0-topics1,r1_mean_50,-0.1826,-0.2185,-0.1476
floor_0.05+wald,both,G0-topics1,r1_rms_100,0.8338,0.8195,0.8474
floor_0.05+wald,both,G0-topics1,r1_mean_100,-0.1868,-0.2121,-0.1620
floor_0.05+wald,both,G0-topics1,r1_rms_200,0.6882,0.6769,0.7000
floor_0.05+wald,both,G0-topics1,r1_mean_200,-0.1730,-0.1912,-0.1559
floor_0.05+wald,both,G0-topics1,r2_brier,0.1756,0.1740,0.1773
floor_0.05+wald,both,G0-topics1,r2_bias,0.0063,0.0034,0.0093
floor_0.05+wald,both,G0-topics1,r3_inside,0.3625,0.3579,0.3669
floor_0.05+wald,both,G0-topics1,r3_below_0.5,0.0619,0.0579,0.0664
floor_0.05+wald,both,G0-topics1,r3_above_0.95,0.0663,0.0620,0.0707
floor_0.05+wald,both,G0-topics1,r4_false,0.0049,0.0028,0.0074
floor_0.05+wald,both,G0-topics1,r4_false_0.70,0.0015,0.0003,0.0029
floor_0.05+wald,both,G0-topics1,r4_below,0.5723,0.5499,0.5942
floor_0.05+wald,both,G0-topics1,r4_false_at_task,0.0061,0.0026,0.0104
floor_0.05+wald,both,G0-topics1,r4_declared,3.4440,3.2470,3.6450
floor_0.05+wald,both,G0-topics1,r5_late_answers,10.7687,10.5436,10.9986
floor_0.05+wald,both,G0-topics1,r5_never,0.6191,0.6031,0.6349
floor_0.05+wald,both,G0-topics1,r6_lag,-0.1728,-0.1898,-0.1543
floor_0.05+wald,both,G0-topics1,r7_error_5,0.8633,0.8216,0.9032
floor_0.05+wald,both,G0-topics1,r7_error_10,0.7950,0.7586,0.8327
floor_0.05+wald,both,G0-topics1,r7_longest_wrong,1.9330,1.8720,1.9990
floor_0.05+wald,both,G0-topics1,r7_hard_first,0.1920,0.1802,0.2045
floor_0.05+wald,both,G0-topics1,r4b_chance_below_0.5,0.1456,0.1357,0.1570
floor_0.05+wald,both,G0-topics1,r4b_chance_0.5_to_0.6,0.1394,0.1347,0.1442
floor_0.05+wald,both,G0-topics1,r4b_chance_0.6_to_0.7,0.2065,0.2010,0.2121
floor_0.05+wald,both,G0-topics1,r4b_chance_0.7_to_0.8,0.2462,0.2397,0.2524
floor_0.05+wald,both,G0-topics1,r4b_chance_0.8_up,0.2623,0.2512,0.2728
floor_0.05+wald,both,G0-topics1,r3_reachable,0.9308,0.9241,0.9372
floor_0.05+wald,both,G0-topics1,r8_rank_6_20,4.1667,3.6933,4.6333
floor_0.05+wald,both,G0-topics1,r8_topic_rank_6_20,18.6200,17.6467,19.5667
floor_0.05+wald,both,G0-topics1,r8_rank_150_200,1.6373,1.3824,1.9000
floor_0.05+wald,both,G0-topics1,r8_topic_rank_150_200,9.0824,8.7451,9.4059
floor_0.05+wald,both,G0-topics1,r2_ece,0.0079,0.0050,0.0109
floor_0.05+wald,both,G0-topics1,r4b_3,0.0110,0.0081,0.0140
floor_0.05+wald,both,G0-topics1,r4b_5,0.0313,0.0260,0.0371
floor_0.05+wald,both,G0-topics1,r4b_10,0.0702,0.0600,0.0805
floor_0.05+wald,both,G0-topics1,r4b_20,0.0717,0.0607,0.0826
floor_0.05+wald,both,G0-topics1,r4b_50,0.0795,0.0631,0.1010
floor_0.05+wald,both,G0-topics1,r8_move_p95_6_20,73.0000,73.0000,74.0000
floor_0.05+wald,both,G0-topics1,r8_move_p95_150_200,41.0000,41.0000,42.0000
floor_0.05+cautious_z0,both,G0,r1_rms_5,1.0085,0.9728,1.0466
floor_0.05+cautious_z0,both,G0,r1_mean_5,-0.0419,-0.1077,0.0253
floor_0.05+cautious_z0,both,G0,r1_rms_10,0.9479,0.9162,0.9779
floor_0.05+cautious_z0,both,G0,r1_mean_10,-0.0587,-0.1159,0.0000
floor_0.05+cautious_z0,both,G0,r1_rms_20,0.8538,0.8287,0.8805
floor_0.05+cautious_z0,both,G0,r1_mean_20,-0.0776,-0.1289,-0.0258
floor_0.05+cautious_z0,both,G0,r1_rms_50,0.6822,0.6658,0.6989
floor_0.05+cautious_z0,both,G0,r1_mean_50,-0.0998,-0.1344,-0.0651
floor_0.05+cautious_z0,both,G0,r1_rms_100,0.5694,0.5578,0.5807
floor_0.05+cautious_z0,both,G0,r1_mean_100,-0.1079,-0.1326,-0.0863
floor_0.05+cautious_z0,both,G0,r1_rms_200,0.4996,0.4910,0.5087
floor_0.05+cautious_z0,both,G0,r1_mean_200,-0.0987,-0.1149,-0.0821
floor_0.05+cautious_z0,both,G0,r2_brier,0.1730,0.1714,0.1747
floor_0.05+cautious_z0,both,G0,r2_bias,0.0035,0.0006,0.0064
floor_0.05+cautious_z0,both,G0,r3_inside,0.4283,0.4235,0.4334
floor_0.05+cautious_z0,both,G0,r3_below_0.5,0.0348,0.0319,0.0378
floor_0.05+cautious_z0,both,G0,r3_above_0.95,0.0305,0.0276,0.0335
floor_0.05+cautious_z0,both,G0,r4_false,0.1597,0.1463,0.1738
floor_0.05+cautious_z0,both,G0,r4_false_0.70,0.0586,0.0515,0.0663
floor_0.05+cautious_z0,both,G0,r4_below,0.3031,0.2883,0.3179
floor_0.05+cautious_z0,both,G0,r4_false_at_task,0.2006,0.1841,0.2171
floor_0.05+cautious_z0,both,G0,r4_declared,9.3930,8.9990,9.7940
floor_0.05+cautious_z0,both,G0,r5_late_answers,4.2076,4.0727,4.3536
floor_0.05+cautious_z0,both,G0,r5_never,0.0657,0.0570,0.0746
floor_0.05+cautious_z0,both,G0,r6_lag,-0.1177,-0.1347,-0.1010
floor_0.05+cautious_z0,both,G0,r7_error_5,0.8565,0.8137,0.8982
floor_0.05+cautious_z0,both,G0,r7_error_10,0.7874,0.7500,0.8255
floor_0.05+cautious_z0,both,G0,r7_longest_wrong,1.7390,1.6870,1.7930
floor_0.05+cautious_z0,both,G0,r7_hard_first,0.1385,0.1272,0.1504
floor_0.05+cautious_z0,both,G0,r4b_chance_below_0.5,0.0732,0.0671,0.0797
floor_0.05+cautious_z0,both,G0,r4b_chance_0.5_to_0.6,0.1164,0.1112,0.1220
floor_0.05+cautious_z0,both,G0,r4b_chance_0.6_to_0.7,0.2127,0.2073,0.2184
floor_0.05+cautious_z0,both,G0,r4b_chance_0.7_to_0.8,0.2932,0.2872,0.2991
floor_0.05+cautious_z0,both,G0,r4b_chance_0.8_up,0.3045,0.2920,0.3168
floor_0.05+cautious_z0,both,G0,r3_reachable,0.9410,0.9332,0.9480
floor_0.05+cautious_z0,both,G0,r8_rank_6_20,3.1533,2.7067,3.5933
floor_0.05+cautious_z0,both,G0,r8_topic_rank_6_20,17.2267,16.2800,18.1867
floor_0.05+cautious_z0,both,G0,r8_rank_150_200,1.4392,1.2255,1.6647
floor_0.05+cautious_z0,both,G0,r8_topic_rank_150_200,8.5078,8.0902,8.9314
floor_0.05+cautious_z0,both,G0,r2_ece,0.0058,0.0032,0.0086
floor_0.05+cautious_z0,both,G0,r4b_3,0.1939,0.1782,0.2099
floor_0.05+cautious_z0,both,G0,r4b_5,0.2527,0.2351,0.2716
floor_0.05+cautious_z0,both,G0,r4b_10,0.2909,0.2704,0.3118
floor_0.05+cautious_z0,both,G0,r4b_20,0.3398,0.3154,0.3642
floor_0.05+cautious_z0,both,G0,r4b_50,0.3972,0.3603,0.4354
floor_0.05+cautious_z0,both,G0,r8_move_p95_6_20,73.0000,73.0000,74.0000
floor_0.05+cautious_z0,both,G0,r8_move_p95_150_200,40.0000,39.0000,40.0000
floor_0.05+cautious_z0,both,G1,r1_rms_5,1.0646,1.0200,1.1075
floor_0.05+cautious_z0,both,G1,r1_mean_5,-0.0243,-0.0974,0.0500
floor_0.05+cautious_z0,both,G1,r1_rms_10,0.9968,0.9613,1.0332
floor_0.05+cautious_z0,both,G1,r1_mean_10,-0.0576,-0.1234,0.0072
floor_0.05+cautious_z0,both,G1,r1_rms_20,0.8921,0.8612,0.9234
floor_0.05+cautious_z0,both,G1,r1_mean_20,-0.0888,-0.1460,-0.0347
floor_0.05+cautious_z0,both,G1,r1_rms_50,0.7212,0.6991,0.7432
floor_0.05+cautious_z0,both,G1,r1_mean_50,-0.1089,-0.1481,-0.0697
floor_0.05+cautious_z0,both,G1,r1_rms_100,0.6067,0.5925,0.6204
floor_0.05+cautious_z0,both,G1,r1_mean_100,-0.1107,-0.1376,-0.0836
floor_0.05+cautious_z0,both,G1,r1_rms_200,0.5166,0.5078,0.5254
floor_0.05+cautious_z0,both,G1,r1_mean_200,-0.0647,-0.0831,-0.0467
floor_0.05+cautious_z0,both,G1,r2_brier,0.1816,0.1787,0.1842
floor_0.05+cautious_z0,both,G1,r2_bias,0.0001,-0.0034,0.0034
floor_0.05+cautious_z0,both,G1,r3_inside,0.3520,0.3418,0.3619
floor_0.05+cautious_z0,both,G1,r3_below_0.5,0.1167,0.1054,0.1291
floor_0.05+cautious_z0,both,G1,r3_above_0.95,0.0422,0.0378,0.0470
floor_0.05+cautious_z0,both,G1,r4_false,0.0532,0.0438,0.0631
floor_0.05+cautious_z0,both,G1,r4_false_0.70,0.0376,0.0306,0.0456
floor_0.05+cautious_z0,both,G1,r4_below,0.2252,0.2068,0.2432
floor_0.05+cautious_z0,both,G1,r4_false_at_task,0.0601,0.0500,0.0719
floor_0.05+cautious_z0,both,G1,r4_declared,9.3780,8.9450,9.8310
floor_0.05+cautious_z0,both,G1,r5_late_answers,3.8909,3.8241,3.9558
floor_0.05+cautious_z0,both,G1,r5_never,0.0233,0.0197,0.0273
floor_0.05+cautious_z0,both,G1,r6_lag,-0.1225,-0.1407,-0.1034
floor_0.05+cautious_z0,both,G1,r7_error_5,0.8906,0.8411,0.9375
floor_0.05+cautious_z0,both,G1,r7_error_10,0.8199,0.7744,0.8642
floor_0.05+cautious_z0,both,G1,r7_longest_wrong,2.0170,1.9380,2.0950
floor_0.05+cautious_z0,both,G1,r7_hard_first,0.2248,0.2078,0.2425
floor_0.05+cautious_z0,both,G1,r4b_chance_below_0.5,0.3002,0.2776,0.3208
floor_0.05+cautious_z0,both,G1,r4b_chance_0.5_to_0.6,0.1812,0.1733,0.1892
floor_0.05+cautious_z0,both,G1,r4b_chance_0.6_to_0.7,0.1765,0.1710,0.1822
floor_0.05+cautious_z0,both,G1,r4b_chance_0.7_to_0.8,0.1721,0.1614,0.1836
floor_0.05+cautious_z0,both,G1,r4b_chance_0.8_up,0.1700,0.1558,0.1864
floor_0.05+cautious_z0,both,G1,r3_reachable,0.7892,0.7678,0.8122
floor_0.05+cautious_z0,both,G1,r8_rank_6_20,4.2400,3.7667,4.7600
floor_0.05+cautious_z0,both,G1,r8_topic_rank_6_20,17.6333,16.5667,18.6867
floor_0.05+cautious_z0,both,G1,r8_rank_150_200,1.3490,1.1255,1.5941
floor_0.05+cautious_z0,both,G1,r8_topic_rank_150_200,7.1196,6.7059,7.5490
floor_0.05+cautious_z0,both,G1,r2_ece,0.0063,0.0059,0.0099
floor_0.05+cautious_z0,both,G1,r4b_3,0.1133,0.0999,0.1279
floor_0.05+cautious_z0,both,G1,r4b_5,0.1387,0.1233,0.1545
floor_0.05+cautious_z0,both,G1,r4b_10,0.1538,0.1377,0.1709
floor_0.05+cautious_z0,both,G1,r4b_20,0.1646,0.1473,0.1830
floor_0.05+cautious_z0,both,G1,r4b_50,0.1892,0.1660,0.2155
floor_0.05+cautious_z0,both,G1,r8_move_p95_6_20,72.0000,72.0000,73.0000
floor_0.05+cautious_z0,both,G1,r8_move_p95_150_200,41.0000,40.0000,41.0000
floor_0.05+cautious_z0,both,G2,r1_rms_5,0.9921,0.9568,1.0291
floor_0.05+cautious_z0,both,G2,r1_mean_5,-0.0422,-0.1084,0.0213
floor_0.05+cautious_z0,both,G2,r1_rms_10,0.9286,0.8967,0.9606
floor_0.05+cautious_z0,both,G2,r1_mean_10,-0.1133,-0.1714,-0.0545
floor_0.05+cautious_z0,both,G2,r1_rms_20,0.8535,0.8280,0.8812
floor_0.05+cautious_z0,both,G2,r1_mean_20,-0.2277,-0.2763,-0.1794
floor_0.05+cautious_z0,both,G2,r1_rms_50,0.8055,0.7838,0.8274
floor_0.05+cautious_z0,both,G2,r1_mean_50,-0.4825,-0.5185,-0.4479
floor_0.05+cautious_z0,both,G2,r1_rms_100,0.9331,0.9112,0.9555
floor_0.05+cautious_z0,both,G2,r1_mean_100,-0.7802,-0.8046,-0.7540
floor_0.05+cautious_z0,both,G2,r1_rms_200,1.1817,1.1646,1.1987
floor_0.05+cautious_z0,both,G2,r1_mean_200,-1.0950,-1.1130,-1.0766
floor_0.05+cautious_z0,both,G2,r2_brier,0.1335,0.1320,0.1350
floor_0.05+cautious_z0,both,G2,r2_bias,-0.0717,-0.0743,-0.0689
floor_0.05+cautious_z0,both,G2,r3_inside,0.2846,0.2784,0.2909
floor_0.05+cautious_z0,both,G2,r3_below_0.5,0.0180,0.0161,0.0200
floor_0.05+cautious_z0,both,G2,r3_above_0.95,0.1302,0.1232,0.1376
floor_0.05+cautious_z0,both,G2,r4_false,0.0463,0.0402,0.0525
floor_0.05+cautious_z0,both,G2,r4_false_0.70,0.0127,0.0099,0.0157
floor_0.05+cautious_z0,both,G2,r4_below,0.2286,0.2172,0.2403
floor_0.05+cautious_z0,both,G2,r4_false_at_task,0.0519,0.0457,0.0592
floor_0.05+cautious_z0,both,G2,r4_declared,12.6290,12.1980,13.0690
floor_0.05+cautious_z0,both,G2,r5_late_answers,5.0561,4.9252,5.1792
floor_0.05+cautious_z0,both,G2,r5_never,0.2426,0.2285,0.2570
floor_0.05+cautious_z0,both,G2,r6_lag,-0.9828,-1.0030,-0.9630
floor_0.05+cautious_z0,both,G2,r7_error_5,0.8372,0.7961,0.8781
floor_0.05+cautious_z0,both,G2,r7_error_10,0.7633,0.7257,0.8024
floor_0.05+cautious_z0,both,G2,r7_longest_wrong,1.7680,1.7100,1.8270
floor_0.05+cautious_z0,both,G2,r7_hard_first,0.1360,0.1243,0.1473
floor_0.05+cautious_z0,both,G2,r4b_chance_below_0.5,0.0665,0.0597,0.0733
floor_0.05+cautious_z0,both,G2,r4b_chance_0.5_to_0.6,0.0729,0.0683,0.0777
floor_0.05+cautious_z0,both,G2,r4b_chance_0.6_to_0.7,0.1348,0.1294,0.1406
floor_0.05+cautious_z0,both,G2,r4b_chance_0.7_to_0.8,0.2309,0.2253,0.2365
floor_0.05+cautious_z0,both,G2,r4b_chance_0.8_up,0.4949,0.4799,0.5102
floor_0.05+cautious_z0,both,G2,r3_reachable,0.9619,0.9586,0.9648
floor_0.05+cautious_z0,both,G2,r8_rank_6_20,3.5333,3.0667,4.0067
floor_0.05+cautious_z0,both,G2,r8_topic_rank_6_20,17.3000,16.3933,18.2667
floor_0.05+cautious_z0,both,G2,r8_rank_150_200,1.3941,1.2216,1.5804
floor_0.05+cautious_z0,both,G2,r8_topic_rank_150_200,9.6882,9.2275,10.1314
floor_0.05+cautious_z0,both,G2,r2_ece,0.0717,0.0690,0.0743
floor_0.05+cautious_z0,both,G2,r4b_3,0.1674,0.1526,0.1818
floor_0.05+cautious_z0,both,G2,r4b_5,0.2121,0.1966,0.2291
floor_0.05+cautious_z0,both,G2,r4b_10,0.2409,0.2231,0.2595
floor_0.05+cautious_z0,both,G2,r4b_20,0.2582,0.2365,0.2810
floor_0.05+cautious_z0,both,G2,r4b_50,0.2582,0.2378,0.2811
floor_0.05+cautious_z0,both,G2,r8_move_p95_6_20,73.0000,73.0000,74.0000
floor_0.05+cautious_z0,both,G2,r8_move_p95_150_200,39.0000,39.0000,40.0000
floor_0.05+cautious_z0,both,G3,r1_rms_5,0.9928,0.9582,1.0298
floor_0.05+cautious_z0,both,G3,r1_mean_5,0.0670,0.0000,0.1325
floor_0.05+cautious_z0,both,G3,r1_rms_10,0.9233,0.8937,0.9559
floor_0.05+cautious_z0,both,G3,r1_mean_10,0.0287,-0.0286,0.0843
floor_0.05+cautious_z0,both,G3,r1_rms_20,0.8237,0.7986,0.8480
floor_0.05+cautious_z0,both,G3,r1_mean_20,-0.0008,-0.0489,0.0452
floor_0.05+cautious_z0,both,G3,r1_rms_50,0.6750,0.6578,0.6932
floor_0.05+cautious_z0,both,G3,r1_mean_50,-0.0582,-0.0931,-0.0240
floor_0.05+cautious_z0,both,G3,r1_rms_100,0.7975,0.7753,0.8193
floor_0.05+cautious_z0,both,G3,r1_mean_100,-0.4934,-0.5305,-0.4579
floor_0.05+cautious_z0,both,G3,r1_rms_200,0.7263,0.7130,0.7410
floor_0.05+cautious_z0,both,G3,r1_mean_200,-0.5520,-0.5704,-0.5343
floor_0.05+cautious_z0,both,G3,r2_brier,0.1551,0.1536,0.1568
floor_0.05+cautious_z0,both,G3,r2_bias,-0.0304,-0.0333,-0.0274
floor_0.05+cautious_z0,both,G3,r3_inside,0.3591,0.3540,0.3640
floor_0.05+cautious_z0,both,G3,r3_below_0.5,0.0300,0.0274,0.0329
floor_0.05+cautious_z0,both,G3,r3_above_0.95,0.0683,0.0641,0.0728
floor_0.05+cautious_z0,both,G3,r4_false,0.1110,0.1004,0.1221
floor_0.05+cautious_z0,both,G3,r4_false_0.70,0.0411,0.0353,0.0478
floor_0.05+cautious_z0,both,G3,r4_below,0.2761,0.2628,0.2903
floor_0.05+cautious_z0,both,G3,r4_false_at_task,0.1254,0.1132,0.1380
floor_0.05+cautious_z0,both,G3,r4_declared,10.7450,10.3420,11.1610
floor_0.05+cautious_z0,both,G3,r5_late_answers,4.5101,4.3816,4.6502
floor_0.05+cautious_z0,both,G3,r5_never,0.1890,0.1755,0.2024
floor_0.05+cautious_z0,both,G3,r6_lag,-0.6172,-0.6360,-0.5985
floor_0.05+cautious_z0,both,G3,r6_jump_answers,72.6020,70.2070,74.9040
floor_0.05+cautious_z0,both,G3,r6_jump_unsettled,0.5610,0.5300,0.5910
floor_0.05+cautious_z0,both,G3,r7_error_5,0.8595,0.8199,0.8993
floor_0.05+cautious_z0,both,G3,r7_error_10,0.7802,0.7436,0.8168
floor_0.05+cautious_z0,both,G3,r7_longest_wrong,1.8000,1.7450,1.8560
floor_0.05+cautious_z0,both,G3,r7_hard_first,0.1441,0.1324,0.1555
floor_0.05+cautious_z0,both,G3,r4b_chance_below_0.5,0.0765,0.0700,0.0837
floor_0.05+cautious_z0,both,G3,r4b_chance_0.5_to_0.6,0.0940,0.0887,0.0990
floor_0.05+cautious_z0,both,G3,r4b_chance_0.6_to_0.7,0.1690,0.1632,0.1750
floor_0.05+cautious_z0,both,G3,r4b_chance_0.7_to_0.8,0.2569,0.2513,0.2628
floor_0.05+cautious_z0,both,G3,r4b_chance_0.8_up,0.4035,0.3905,0.4174
floor_0.05+cautious_z0,both,G3,r3_reachable,0.9504,0.9448,0.9559
floor_0.05+cautious_z0,both,G3,r8_rank_6_20,3.6867,3.2200,4.1667
floor_0.05+cautious_z0,both,G3,r8_topic_rank_6_20,18.1200,17.1600,19.1267
floor_0.05+cautious_z0,both,G3,r8_rank_150_200,1.6510,1.4059,1.9020
floor_0.05+cautious_z0,both,G3,r8_topic_rank_150_200,9.2588,8.7980,9.7176
floor_0.05+cautious_z0,both,G3,r2_ece,0.0304,0.0276,0.0334
floor_0.05+cautious_z0,both,G3,r4b_3,0.1951,0.1814,0.2090
floor_0.05+cautious_z0,both,G3,r4b_5,0.2519,0.2349,0.2702
floor_0.05+cautious_z0,both,G3,r4b_10,0.2875,0.2674,0.3066
floor_0.05+cautious_z0,both,G3,r4b_20,0.3241,0.3006,0.3478
floor_0.05+cautious_z0,both,G3,r4b_50,0.3810,0.3417,0.4269
floor_0.05+cautious_z0,both,G3,r8_move_p95_6_20,74.0000,73.0000,74.0000
floor_0.05+cautious_z0,both,G3,r8_move_p95_150_200,40.0000,40.0000,41.0000
floor_0.05+cautious_z0,both,G4,r1_rms_5,1.0315,0.9954,1.0673
floor_0.05+cautious_z0,both,G4,r1_mean_5,-0.2780,-0.3425,-0.2083
floor_0.05+cautious_z0,both,G4,r1_rms_10,0.9808,0.9482,1.0156
floor_0.05+cautious_z0,both,G4,r1_mean_10,-0.3297,-0.3894,-0.2685
floor_0.05+cautious_z0,both,G4,r1_rms_20,0.8932,0.8649,0.9222
floor_0.05+cautious_z0,both,G4,r1_mean_20,-0.3627,-0.4135,-0.3105
floor_0.05+cautious_z0,both,G4,r1_rms_50,0.7721,0.7515,0.7937
floor_0.05+cautious_z0,both,G4,r1_mean_50,-0.4206,-0.4561,-0.3852
floor_0.05+cautious_z0,both,G4,r1_rms_100,0.7075,0.6911,0.7231
floor_0.05+cautious_z0,both,G4,r1_mean_100,-0.4642,-0.4887,-0.4398
floor_0.05+cautious_z0,both,G4,r1_rms_200,0.6659,0.6542,0.6782
floor_0.05+cautious_z0,both,G4,r1_mean_200,-0.4745,-0.4908,-0.4576
floor_0.05+cautious_z0,both,G4,r2_brier,0.1786,0.1769,0.1805
floor_0.05+cautious_z0,both,G4,r2_bias,0.0108,0.0079,0.0138
floor_0.05+cautious_z0,both,G4,r3_inside,0.3885,0.3840,0.3931
floor_0.05+cautious_z0,both,G4,r3_below_0.5,0.0560,0.0515,0.0609
floor_0.05+cautious_z0,both,G4,r3_above_0.95,0.0373,0.0341,0.0408
floor_0.05+cautious_z0,both,G4,r4_false,0.0663,0.0572,0.0752
floor_0.05+cautious_z0,both,G4,r4_false_0.70,0.0194,0.0154,0.0239
floor_0.05+cautious_z0,both,G4,r4_below,0.3345,0.3202,0.3493
floor_0.05+cautious_z0,both,G4,r4_false_at_task,0.0850,0.0740,0.0976
floor_0.05+cautious_z0,both,G4,r4_declared,8.9320,8.5550,9.3290
floor_0.05+cautious_z0,both,G4,r5_late_answers,4.2762,4.1237,4.4466
floor_0.05+cautious_z0,both,G4,r5_never,0.1428,0.1304,0.1558
floor_0.05+cautious_z0,both,G4,r6_lag,-0.4893,-0.5061,-0.4726
floor_0.05+cautious_z0,both,G4,r7_error_5,0.8946,0.8559,0.9359
floor_0.05+cautious_z0,both,G4,r7_error_10,0.8349,0.7972,0.8747
floor_0.05+cautious_z0,both,G4,r7_longest_wrong,1.8940,1.8390,1.9510
floor_0.05+cautious_z0,both,G4,r7_hard_first,0.1846,0.1721,0.1978
floor_0.05+cautious_z0,both,G4,r4b_chance_below_0.5,0.1270,0.1145,0.1405
floor_0.05+cautious_z0,both,G4,r4b_chance_0.5_to_0.6,0.1375,0.1316,0.1434
floor_0.05+cautious_z0,both,G4,r4b_chance_0.6_to_0.7,0.1964,0.1911,0.2015
floor_0.05+cautious_z0,both,G4,r4b_chance_0.7_to_0.8,0.2466,0.2403,0.2528
floor_0.05+cautious_z0,both,G4,r4b_chance_0.8_up,0.2925,0.2788,0.3061
floor_0.05+cautious_z0,both,G4,r3_reachable,0.9427,0.9341,0.9506
floor_0.05+cautious_z0,both,G4,r8_rank_6_20,3.9533,3.4800,4.4400
floor_0.05+cautious_z0,both,G4,r8_topic_rank_6_20,18.2733,17.3333,19.2200
floor_0.05+cautious_z0,both,G4,r8_rank_150_200,1.6039,1.3627,1.8373
floor_0.05+cautious_z0,both,G4,r8_topic_rank_150_200,8.5412,8.1314,8.9686
floor_0.05+cautious_z0,both,G4,r2_ece,0.0132,0.0103,0.0160
floor_0.05+cautious_z0,both,G4,r4b_3,0.1493,0.1366,0.1632
floor_0.05+cautious_z0,both,G4,r4b_5,0.1877,0.1714,0.2039
floor_0.05+cautious_z0,both,G4,r4b_10,0.2062,0.1882,0.2227
floor_0.05+cautious_z0,both,G4,r4b_20,0.2166,0.1971,0.2352
floor_0.05+cautious_z0,both,G4,r4b_50,0.2484,0.2194,0.2789
floor_0.05+cautious_z0,both,G4,r8_move_p95_6_20,74.0000,73.0000,74.0000
floor_0.05+cautious_z0,both,G4,r8_move_p95_150_200,40.0000,39.0000,40.0000
floor_0.05+cautious_z0,both,G5,r1_rms_5,0.9188,0.8762,0.9612
floor_0.05+cautious_z0,both,G5,r1_mean_5,0.0248,-0.0423,0.0946
floor_0.05+cautious_z0,both,G5,r1_rms_10,0.8574,0.8236,0.8955
floor_0.05+cautious_z0,both,G5,r1_mean_10,0.0049,-0.0575,0.0669
floor_0.05+cautious_z0,both,G5,r1_rms_20,0.8857,0.8584,0.9145
floor_0.05+cautious_z0,both,G5,r1_mean_20,-0.0351,-0.0886,0.0172
floor_0.05+cautious_z0,both,G5,r1_rms_50,0.7487,0.7285,0.7692
floor_0.05+cautious_z0,both,G5,r1_mean_50,-0.0622,-0.0994,-0.0235
floor_0.05+cautious_z0,both,G5,r1_rms_100,0.6274,0.6131,0.6418
floor_0.05+cautious_z0,both,G5,r1_mean_100,-0.0845,-0.1098,-0.0595
floor_0.05+cautious_z0,both,G5,r1_rms_200,0.5393,0.5289,0.5506
floor_0.05+cautious_z0,both,G5,r1_mean_200,-0.0821,-0.0995,-0.0639
floor_0.05+cautious_z0,both,G5,r2_brier,0.1770,0.1750,0.1789
floor_0.05+cautious_z0,both,G5,r2_bias,0.0069,0.0036,0.0103
floor_0.05+cautious_z0,both,G5,r3_inside,0.4088,0.4029,0.4150
floor_0.05+cautious_z0,both,G5,r3_below_0.5,0.0520,0.0467,0.0581
floor_0.05+cautious_z0,both,G5,r3_above_0.95,0.0370,0.0331,0.0411
floor_0.05+cautious_z0,both,G5,r4_false,0.1642,0.1484,0.1803
floor_0.05+cautious_z0,both,G5,r4_false_0.70,0.0674,0.0591,0.0771
floor_0.05+cautious_z0,both,G5,r4_below,0.3102,0.2956,0.3244
floor_0.05+cautious_z0,both,G5,r4_false_at_task,0.2069,0.1895,0.2252
floor_0.05+cautious_z0,both,G5,r4_declared,9.5210,9.1340,9.9040
floor_0.05+cautious_z0,both,G5,r5_late_answers,4.2674,4.1148,4.4232
floor_0.05+cautious_z0,both,G5,r5_never,0.0984,0.0858,0.1106
floor_0.05+cautious_z0,both,G5,r6_lag,-0.1245,-0.1439,-0.1059
floor_0.05+cautious_z0,both,G5,r7_error_5,0.9882,0.9432,1.0348
floor_0.05+cautious_z0,both,G5,r7_error_10,0.9334,0.8921,0.9781
floor_0.05+cautious_z0,both,G5,r7_longest_wrong,1.8480,1.7840,1.9130
floor_0.05+cautious_z0,both,G5,r7_hard_first,0.1432,0.1307,0.1575
floor_0.05+cautious_z0,both,G5,r4b_chance_below_0.5,0.1230,0.1070,0.1407
floor_0.05+cautious_z0,both,G5,r4b_chance_0.5_to_0.6,0.1345,0.1270,0.1421
floor_0.05+cautious_z0,both,G5,r4b_chance_0.6_to_0.7,0.2160,0.2082,0.2237
floor_0.05+cautious_z0,both,G5,r4b_chance_0.7_to_0.8,0.2627,0.2534,0.2723
floor_0.05+cautious_z0,both,G5,r4b_chance_0.8_up,0.2638,0.2488,0.2791
floor_0.05+cautious_z0,both,G5,r3_reachable,0.9065,0.8948,0.9189
floor_0.05+cautious_z0,both,G5,r8_rank_6_20,3.5733,3.1333,4.0400
floor_0.05+cautious_z0,both,G5,r8_topic_rank_6_20,17.9200,17.0200,18.8533
floor_0.05+cautious_z0,both,G5,r8_rank_150_200,1.7471,1.5118,2.0078
floor_0.05+cautious_z0,both,G5,r8_topic_rank_150_200,7.8824,7.4451,8.3000
floor_0.05+cautious_z0,both,G5,r2_ece,0.0097,0.0066,0.0129
floor_0.05+cautious_z0,both,G5,r4b_3,0.2110,0.1956,0.2270
floor_0.05+cautious_z0,both,G5,r4b_5,0.2752,0.2559,0.2956
floor_0.05+cautious_z0,both,G5,r4b_10,0.3090,0.2891,0.3289
floor_0.05+cautious_z0,both,G5,r4b_20,0.3481,0.3228,0.3733
floor_0.05+cautious_z0,both,G5,r4b_50,0.4102,0.3728,0.4522
floor_0.05+cautious_z0,both,G5,r8_move_p95_6_20,73.0000,73.0000,74.0000
floor_0.05+cautious_z0,both,G5,r8_move_p95_150_200,40.0000,39.0000,40.0000
floor_0.05+cautious_z0,both,G6,r1_rms_5,1.0393,0.9970,1.0836
floor_0.05+cautious_z0,both,G6,r1_mean_5,-0.0462,-0.1156,0.0246
floor_0.05+cautious_z0,both,G6,r1_rms_10,0.9795,0.9446,1.0182
floor_0.05+cautious_z0,both,G6,r1_mean_10,-0.0820,-0.1487,-0.0121
floor_0.05+cautious_z0,both,G6,r1_rms_20,0.9050,0.8723,0.9389
floor_0.05+cautious_z0,both,G6,r1_mean_20,-0.1039,-0.1639,-0.0457
floor_0.05+cautious_z0,both,G6,r1_rms_50,0.8093,0.7790,0.8393
floor_0.05+cautious_z0,both,G6,r1_mean_50,-0.1555,-0.2033,-0.1060
floor_0.05+cautious_z0,both,G6,r1_rms_100,0.7583,0.7318,0.7861
floor_0.05+cautious_z0,both,G6,r1_mean_100,-0.1985,-0.2433,-0.1559
floor_0.05+cautious_z0,both,G6,r1_rms_200,0.7481,0.7242,0.7728
floor_0.05+cautious_z0,both,G6,r1_mean_200,-0.2319,-0.2729,-0.1894
floor_0.05+cautious_z0,both,G6,r2_brier,0.1772,0.1754,0.1790
floor_0.05+cautious_z0,both,G6,r2_bias,0.0106,0.0077,0.0135
floor_0.05+cautious_z0,both,G6,r3_inside,0.4294,0.4154,0.4434
floor_0.05+cautious_z0,both,G6,r3_below_0.5,0.0563,0.0522,0.0607
floor_0.05+cautious_z0,both,G6,r3_above_0.95,0.0945,0.0873,0.1016
floor_0.05+cautious_z0,both,G6,r4_false,0.1767,0.1599,0.1940
floor_0.05+cautious_z0,both,G6,r4_false_0.70,0.0661,0.0575,0.0756
floor_0.05+cautious_z0,both,G6,r4_below,0.3002,0.2843,0.3161
floor_0.05+cautious_z0,both,G6,r4_false_at_task,0.2033,0.1844,0.2241
floor_0.05+cautious_z0,both,G6,r4_declared,9.2290,8.8340,9.6100
floor_0.05+cautious_z0,both,G6,r5_late_answers,4.0444,3.9328,4.1518
floor_0.05+cautious_z0,both,G6,r5_never,0.0572,0.0492,0.0658
floor_0.05+cautious_z0,both,G6,r6_lag,-0.2373,-0.2789,-0.1935
floor_0.05+cautious_z0,both,G6,r7_error_5,0.8908,0.8469,0.9358
floor_0.05+cautious_z0,both,G6,r7_error_10,0.8213,0.7799,0.8649
floor_0.05+cautious_z0,both,G6,r7_longest_wrong,1.7840,1.7260,1.8400
floor_0.05+cautious_z0,both,G6,r7_hard_first,0.1330,0.1228,0.1438
floor_0.05+cautious_z0,both,G6,r4b_chance_below_0.5,0.1002,0.0904,0.1111
floor_0.05+cautious_z0,both,G6,r4b_chance_0.5_to_0.6,0.1051,0.0976,0.1131
floor_0.05+cautious_z0,both,G6,r4b_chance_0.6_to_0.7,0.2267,0.2147,0.2384
floor_0.05+cautious_z0,both,G6,r4b_chance_0.7_to_0.8,0.3224,0.3082,0.3365
floor_0.05+cautious_z0,both,G6,r4b_chance_0.8_up,0.2456,0.2321,0.2600
floor_0.05+cautious_z0,both,G6,r3_reachable,0.7729,0.7575,0.7883
floor_0.05+cautious_z0,both,G6,r8_rank_6_20,4.0867,3.6067,4.5600
floor_0.05+cautious_z0,both,G6,r8_topic_rank_6_20,18.2867,17.3667,19.2733
floor_0.05+cautious_z0,both,G6,r8_rank_150_200,1.7588,1.4941,2.0275
floor_0.05+cautious_z0,both,G6,r8_topic_rank_150_200,8.2235,7.8118,8.6569
floor_0.05+cautious_z0,both,G6,r2_ece,0.0126,0.0098,0.0155
floor_0.05+cautious_z0,both,G6,r4b_3,0.2120,0.1957,0.2290
floor_0.05+cautious_z0,both,G6,r4b_5,0.2673,0.2481,0.2861
floor_0.05+cautious_z0,both,G6,r4b_10,0.2954,0.2752,0.3154
floor_0.05+cautious_z0,both,G6,r4b_20,0.3272,0.3046,0.3501
floor_0.05+cautious_z0,both,G6,r4b_50,0.3580,0.3275,0.3910
floor_0.05+cautious_z0,both,G6,r8_move_p95_6_20,73.0000,73.0000,73.0000
floor_0.05+cautious_z0,both,G6,r8_move_p95_150_200,40.0000,39.0000,40.0000
floor_0.05+cautious_z0,both,G7,r1_rms_5,1.0154,0.9816,1.0507
floor_0.05+cautious_z0,both,G7,r1_mean_5,-0.0603,-0.1261,0.0081
floor_0.05+cautious_z0,both,G7,r1_rms_10,0.9493,0.9176,0.9805
floor_0.05+cautious_z0,both,G7,r1_mean_10,-0.0853,-0.1440,-0.0277
floor_0.05+cautious_z0,both,G7,r1_rms_20,0.8605,0.8344,0.8867
floor_0.05+cautious_z0,both,G7,r1_mean_20,-0.1124,-0.1607,-0.0577
floor_0.05+cautious_z0,both,G7,r1_rms_50,0.7233,0.7057,0.7422
floor_0.05+cautious_z0,both,G7,r1_mean_50,-0.1386,-0.1773,-0.1008
floor_0.05+cautious_z0,both,G7,r1_rms_100,0.6263,0.6138,0.6385
floor_0.05+cautious_z0,both,G7,r1_mean_100,-0.1505,-0.1781,-0.1226
floor_0.05+cautious_z0,both,G7,r1_rms_200,0.5631,0.5536,0.5734
floor_0.05+cautious_z0,both,G7,r1_mean_200,-0.1523,-0.1746,-0.1285
floor_0.05+cautious_z0,both,G7,r2_brier,0.1748,0.1729,0.1766
floor_0.05+cautious_z0,both,G7,r2_bias,0.0053,0.0023,0.0081
floor_0.05+cautious_z0,both,G7,r3_inside,0.4287,0.4234,0.4341
floor_0.05+cautious_z0,both,G7,r3_below_0.5,0.0418,0.0378,0.0465
floor_0.05+cautious_z0,both,G7,r3_above_0.95,0.0290,0.0263,0.0319
floor_0.05+cautious_z0,both,G7,r4_false,0.1528,0.1385,0.1665
floor_0.05+cautious_z0,both,G7,r4_false_0.70,0.0559,0.0483,0.0643
floor_0.05+cautious_z0,both,G7,r4_below,0.3096,0.2943,0.3255
floor_0.05+cautious_z0,both,G7,r4_false_at_task,0.1936,0.1771,0.2113
floor_0.05+cautious_z0,both,G7,r4_declared,9.4860,9.0900,9.8920
floor_0.05+cautious_z0,both,G7,r5_late_answers,4.1698,4.0415,4.3040
floor_0.05+cautious_z0,both,G7,r5_never,0.0582,0.0506,0.0660
floor_0.05+cautious_z0,both,G7,r6_lag,-0.1610,-0.1821,-0.1390
floor_0.05+cautious_z0,both,G7,r7_error_5,0.8754,0.8368,0.9155
floor_0.05+cautious_z0,both,G7,r7_error_10,0.7987,0.7632,0.8361
floor_0.05+cautious_z0,both,G7,r7_longest_wrong,1.8040,1.7440,1.8610
floor_0.05+cautious_z0,both,G7,r7_hard_first,0.1488,0.1372,0.1609
floor_0.05+cautious_z0,both,G7,r4b_chance_below_0.5,0.0962,0.0847,0.1092
floor_0.05+cautious_z0,both,G7,r4b_chance_0.5_to_0.6,0.1220,0.1165,0.1281
floor_0.05+cautious_z0,both,G7,r4b_chance_0.6_to_0.7,0.2106,0.2042,0.2165
floor_0.05+cautious_z0,both,G7,r4b_chance_0.7_to_0.8,0.2860,0.2782,0.2933
floor_0.05+cautious_z0,both,G7,r4b_chance_0.8_up,0.2853,0.2725,0.2980
floor_0.05+cautious_z0,both,G7,r3_reachable,0.9234,0.9136,0.9328
floor_0.05+cautious_z0,both,G7,r8_rank_6_20,3.8733,3.4067,4.3667
floor_0.05+cautious_z0,both,G7,r8_topic_rank_6_20,17.7867,16.8333,18.7133
floor_0.05+cautious_z0,both,G7,r8_rank_150_200,1.7098,1.4471,1.9765
floor_0.05+cautious_z0,both,G7,r8_topic_rank_150_200,8.1314,7.7294,8.5294
floor_0.05+cautious_z0,both,G7,r2_ece,0.0074,0.0047,0.0104
floor_0.05+cautious_z0,both,G7,r4b_3,0.1996,0.1849,0.2154
floor_0.05+cautious_z0,both,G7,r4b_5,0.2529,0.2343,0.2710
floor_0.05+cautious_z0,both,G7,r4b_10,0.2921,0.2736,0.3112
floor_0.05+cautious_z0,both,G7,r4b_20,0.3365,0.3138,0.3612
floor_0.05+cautious_z0,both,G7,r4b_50,0.4174,0.3764,0.4607
floor_0.05+cautious_z0,both,G7,r8_move_p95_6_20,73.0000,73.0000,74.0000
floor_0.05+cautious_z0,both,G7,r8_move_p95_150_200,40.0000,40.0000,41.0000
floor_0.05+cautious_z0,both,G8,r1_rms_5,0.9739,0.9412,1.0089
floor_0.05+cautious_z0,both,G8,r1_mean_5,0.0486,-0.0167,0.1158
floor_0.05+cautious_z0,both,G8,r1_rms_10,0.9043,0.8745,0.9364
floor_0.05+cautious_z0,both,G8,r1_mean_10,0.0095,-0.0446,0.0663
floor_0.05+cautious_z0,both,G8,r1_rms_20,0.8084,0.7845,0.8330
floor_0.05+cautious_z0,both,G8,r1_mean_20,-0.0206,-0.0690,0.0282
floor_0.05+cautious_z0,both,G8,r1_rms_50,0.6532,0.6377,0.6699
floor_0.05+cautious_z0,both,G8,r1_mean_50,-0.0561,-0.0878,-0.0226
floor_0.05+cautious_z0,both,G8,r1_rms_100,0.5589,0.5477,0.5696
floor_0.05+cautious_z0,both,G8,r1_mean_100,-0.0756,-0.0997,-0.0516
floor_0.05+cautious_z0,both,G8,r1_rms_200,0.4878,0.4802,0.4956
floor_0.05+cautious_z0,both,G8,r1_mean_200,-0.0731,-0.0886,-0.0579
floor_0.05+cautious_z0,both,G8,r2_brier,0.1750,0.1733,0.1766
floor_0.05+cautious_z0,both,G8,r2_bias,0.0062,0.0035,0.0091
floor_0.05+cautious_z0,both,G8,r3_inside,0.4377,0.4326,0.4428
floor_0.05+cautious_z0,both,G8,r3_below_0.5,0.0386,0.0347,0.0430
floor_0.05+cautious_z0,both,G8,r3_above_0.95,0.0265,0.0238,0.0293
floor_0.05+cautious_z0,both,G8,r4_false,0.1535,0.1409,0.1668
floor_0.05+cautious_z0,both,G8,r4_false_0.70,0.0556,0.0489,0.0628
floor_0.05+cautious_z0,both,G8,r4_below,0.3029,0.2884,0.3171
floor_0.05+cautious_z0,both,G8,r4_false_at_task,0.1966,0.1817,0.2124
floor_0.05+cautious_z0,both,G8,r4_declared,9.5370,9.1170,9.9400
floor_0.05+cautious_z0,both,G8,r5_late_answers,4.4263,4.3016,4.5538
floor_0.05+cautious_z0,both,G8,r5_never,0.0640,0.0565,0.0719
floor_0.05+cautious_z0,both,G8,r6_lag,-0.0984,-0.1142,-0.0833
floor_0.05+cautious_z0,both,G8,r7_error_5,0.8211,0.7820,0.8646
floor_0.05+cautious_z0,both,G8,r7_error_10,0.7441,0.7072,0.7812
floor_0.05+cautious_z0,both,G8,r7_longest_wrong,1.8050,1.7460,1.8630
floor_0.05+cautious_z0,both,G8,r7_hard_first,0.1405,0.1297,0.1525
floor_0.05+cautious_z0,both,G8,r4b_chance_below_0.5,0.0886,0.0771,0.1006
floor_0.05+cautious_z0,both,G8,r4b_chance_0.5_to_0.6,0.1189,0.1129,0.1249
floor_0.05+cautious_z0,both,G8,r4b_chance_0.6_to_0.7,0.2094,0.2030,0.2156
floor_0.05+cautious_z0,both,G8,r4b_chance_0.7_to_0.8,0.2892,0.2819,0.2966
floor_0.05+cautious_z0,both,G8,r4b_chance_0.8_up,0.2939,0.2815,0.3065
floor_0.05+cautious_z0,both,G8,r3_reachable,0.9394,0.9310,0.9473
floor_0.05+cautious_z0,both,G8,r8_rank_6_20,3.6200,3.2067,4.0933
floor_0.05+cautious_z0,both,G8,r8_topic_rank_6_20,17.9200,17.0000,18.8200
floor_0.05+cautious_z0,both,G8,r8_rank_150_200,1.8412,1.5627,2.1314
floor_0.05+cautious_z0,both,G8,r8_topic_rank_150_200,8.5765,8.1725,8.9824
floor_0.05+cautious_z0,both,G8,r2_ece,0.0082,0.0055,0.0111
floor_0.05+cautious_z0,both,G8,r4b_3,0.1889,0.1750,0.2042
floor_0.05+cautious_z0,both,G8,r4b_5,0.2506,0.2334,0.2681
floor_0.05+cautious_z0,both,G8,r4b_10,0.2885,0.2697,0.3065
floor_0.05+cautious_z0,both,G8,r4b_20,0.3318,0.3083,0.3549
floor_0.05+cautious_z0,both,G8,r4b_50,0.3879,0.3536,0.4265
floor_0.05+cautious_z0,both,G8,r8_move_p95_6_20,73.0000,73.0000,74.0000
floor_0.05+cautious_z0,both,G8,r8_move_p95_150_200,40.0000,40.0000,41.0000
floor_0.05+cautious_z0,both,G0-exact,r1_rms_5,0.9951,0.9590,1.0292
floor_0.05+cautious_z0,both,G0-exact,r1_mean_5,0.0084,-0.0572,0.0733
floor_0.05+cautious_z0,both,G0-exact,r1_rms_10,0.9290,0.8978,0.9597
floor_0.05+cautious_z0,both,G0-exact,r1_mean_10,-0.0131,-0.0704,0.0459
floor_0.05+cautious_z0,both,G0-exact,r1_rms_20,0.8162,0.7928,0.8408
floor_0.05+cautious_z0,both,G0-exact,r1_mean_20,-0.0229,-0.0697,0.0231
floor_0.05+cautious_z0,both,G0-exact,r1_rms_50,0.6599,0.6449,0.6755
floor_0.05+cautious_z0,both,G0-exact,r1_mean_50,-0.0433,-0.0756,-0.0112
floor_0.05+cautious_z0,both,G0-exact,r1_rms_100,0.5521,0.5418,0.5626
floor_0.05+cautious_z0,both,G0-exact,r1_mean_100,-0.0544,-0.0757,-0.0334
floor_0.05+cautious_z0,both,G0-exact,r1_rms_200,0.4811,0.4734,0.4891
floor_0.05+cautious_z0,both,G0-exact,r1_mean_200,-0.0387,-0.0549,-0.0221
floor_0.05+cautious_z0,both,G0-exact,r2_brier,0.1733,0.1716,0.1750
floor_0.05+cautious_z0,both,G0-exact,r2_bias,0.0029,0.0000,0.0058
floor_0.05+cautious_z0,both,G0-exact,r3_inside,0.5403,0.5301,0.5506
floor_0.05+cautious_z0,both,G0-exact,r3_below_0.5,0.0210,0.0178,0.0244
floor_0.05+cautious_z0,both,G0-exact,r3_above_0.95,0.0100,0.0082,0.0120
floor_0.05+cautious_z0,both,G0-exact,r4_false,0.1754,0.1620,0.1898
floor_0.05+cautious_z0,both,G0-exact,r4_false_0.70,0.0679,0.0599,0.0762
floor_0.05+cautious_z0,both,G0-exact,r4_below,0.3003,0.2856,0.3145
floor_0.05+cautious_z0,both,G0-exact,r4_false_at_task,0.2153,0.1993,0.2325
floor_0.05+cautious_z0,both,G0-exact,r4_declared,9.3680,8.9830,9.7740
floor_0.05+cautious_z0,both,G0-exact,r5_late_answers,4.1874,4.0643,4.3229
floor_0.05+cautious_z0,both,G0-exact,r5_never,0.0607,0.0521,0.0705
floor_0.05+cautious_z0,both,G0-exact,r6_lag,-0.0599,-0.0756,-0.0441
floor_0.05+cautious_z0,both,G0-exact,r7_error_5,0.8598,0.8194,0.9023
floor_0.05+cautious_z0,both,G0-exact,r7_error_10,0.7836,0.7473,0.8200
floor_0.05+cautious_z0,both,G0-exact,r7_longest_wrong,1.7960,1.7360,1.8570
floor_0.05+cautious_z0,both,G0-exact,r7_hard_first,0.1226,0.1116,0.1347
floor_0.05+cautious_z0,both,G0-exact,r4b_chance_below_0.5,0.0503,0.0424,0.0598
floor_0.05+cautious_z0,both,G0-exact,r4b_chance_0.5_to_0.6,0.0903,0.0817,0.0998
floor_0.05+cautious_z0,both,G0-exact,r4b_chance_0.6_to_0.7,0.2445,0.2296,0.2594
floor_0.05+cautious_z0,both,G0-exact,r4b_chance_0.7_to_0.8,0.4019,0.3843,0.4204
floor_0.05+cautious_z0,both,G0-exact,r4b_chance_0.8_up,0.2130,0.1968,0.2301
floor_0.05+cautious_z0,both,G0-exact,r3_reachable,0.9278,0.9192,0.9367
floor_0.05+cautious_z0,both,G0-exact,r8_rank_6_20,3.5667,3.1133,4.0600
floor_0.05+cautious_z0,both,G0-exact,r8_topic_rank_6_20,17.8533,16.9133,18.8400
floor_0.05+cautious_z0,both,G0-exact,r8_rank_150_200,1.4510,1.2314,1.6922
floor_0.05+cautious_z0,both,G0-exact,r8_topic_rank_150_200,8.4745,8.0392,8.9176
floor_0.05+cautious_z0,both,G0-exact,r2_ece,0.0055,0.0029,0.0083
floor_0.05+cautious_z0,both,G0-exact,r4b_3,0.2107,0.1958,0.2262
floor_0.05+cautious_z0,both,G0-exact,r4b_5,0.2688,0.2512,0.2861
floor_0.05+cautious_z0,both,G0-exact,r4b_10,0.3083,0.2878,0.3285
floor_0.05+cautious_z0,both,G0-exact,r4b_20,0.3489,0.3246,0.3720
floor_0.05+cautious_z0,both,G0-exact,r4b_50,0.4232,0.3820,0.4652
floor_0.05+cautious_z0,both,G0-exact,r8_move_p95_6_20,73.0000,72.0000,73.0000
floor_0.05+cautious_z0,both,G0-exact,r8_move_p95_150_200,40.0000,39.0000,40.0000
floor_0.05+cautious_z0,both,G0-miss0.25,r1_rms_5,0.9973,0.9624,1.0331
floor_0.05+cautious_z0,both,G0-miss0.25,r1_mean_5,0.0220,-0.0420,0.0857
floor_0.05+cautious_z0,both,G0-miss0.25,r1_rms_10,0.9303,0.8986,0.9603
floor_0.05+cautious_z0,both,G0-miss0.25,r1_mean_10,-0.0112,-0.0690,0.0484
floor_0.05+cautious_z0,both,G0-miss0.25,r1_rms_20,0.8199,0.7955,0.8444
floor_0.05+cautious_z0,both,G0-miss0.25,r1_mean_20,-0.0386,-0.0877,0.0105
floor_0.05+cautious_z0,both,G0-miss0.25,r1_rms_50,0.6628,0.6462,0.6805
floor_0.05+cautious_z0,both,G0-miss0.25,r1_mean_50,-0.0615,-0.0940,-0.0285
floor_0.05+cautious_z0,both,G0-miss0.25,r1_rms_100,0.5604,0.5496,0.5707
floor_0.05+cautious_z0,both,G0-miss0.25,r1_mean_100,-0.0627,-0.0848,-0.0407
floor_0.05+cautious_z0,both,G0-miss0.25,r1_rms_200,0.4822,0.4741,0.4903
floor_0.05+cautious_z0,both,G0-miss0.25,r1_mean_200,-0.0562,-0.0726,-0.0399
floor_0.05+cautious_z0,both,G0-miss0.25,r2_brier,0.1739,0.1721,0.1757
floor_0.05+cautious_z0,both,G0-miss0.25,r2_bias,0.0039,0.0009,0.0067
floor_0.05+cautious_z0,both,G0-miss0.25,r3_inside,0.5039,0.4959,0.5118
floor_0.05+cautious_z0,both,G0-miss0.25,r3_below_0.5,0.0261,0.0223,0.0301
floor_0.05+cautious_z0,both,G0-miss0.25,r3_above_0.95,0.0145,0.0123,0.0168
floor_0.05+cautious_z0,both,G0-miss0.25,r4_false,0.1632,0.1495,0.1767
floor_0.05+cautious_z0,both,G0-miss0.25,r4_false_0.70,0.0632,0.0555,0.0714
floor_0.05+cautious_z0,both,G0-miss0.25,r4_below,0.3119,0.2971,0.3278
floor_0.05+cautious_z0,both,G0-miss0.25,r4_false_at_task,0.2060,0.1899,0.2236
floor_0.05+cautious_z0,both,G0-miss0.25,r4_declared,9.4870,9.0640,9.8970
floor_0.05+cautious_z0,both,G0-miss0.25,r5_late_answers,4.0451,3.9289,4.1753
floor_0.05+cautious_z0,both,G0-miss0.25,r5_never,0.0560,0.0488,0.0639
floor_0.05+cautious_z0,both,G0-miss0.25,r6_lag,-0.0684,-0.0838,-0.0534
floor_0.05+cautious_z0,both,G0-miss0.25,r7_error_5,0.8725,0.8314,0.9122
floor_0.05+cautious_z0,both,G0-miss0.25,r7_error_10,0.7915,0.7546,0.8285
floor_0.05+cautious_z0,both,G0-miss0.25,r7_longest_wrong,1.8090,1.7510,1.8680
floor_0.05+cautious_z0,both,G0-miss0.25,r7_hard_first,0.1315,0.1201,0.1441
floor_0.05+cautious_z0,both,G0-miss0.25,r4b_chance_below_0.5,0.0638,0.0537,0.0751
floor_0.05+cautious_z0,both,G0-miss0.25,r4b_chance_0.5_to_0.6,0.1062,0.0973,0.1153
floor_0.05+cautious_z0,both,G0-miss0.25,r4b_chance_0.6_to_0.7,0.2391,0.2299,0.2481
floor_0.05+cautious_z0,both,G0-miss0.25,r4b_chance_0.7_to_0.8,0.3476,0.3359,0.3592
floor_0.05+cautious_z0,both,G0-miss0.25,r4b_chance_0.8_up,0.2432,0.2288,0.2575
floor_0.05+cautious_z0,both,G0-miss0.25,r3_reachable,0.9313,0.9217,0.9399
floor_0.05+cautious_z0,both,G0-miss0.25,r8_rank_6_20,3.4800,3.0533,3.9000
floor_0.05+cautious_z0,both,G0-miss0.25,r8_topic_rank_6_20,17.0533,16.1467,17.9467
floor_0.05+cautious_z0,both,G0-miss0.25,r8_rank_150_200,1.6588,1.3902,1.9157
floor_0.05+cautious_z0,both,G0-miss0.25,r8_topic_rank_150_200,8.4647,8.0569,8.8725
floor_0.05+cautious_z0,both,G0-miss0.25,r2_ece,0.0056,0.0030,0.0086
floor_0.05+cautious_z0,both,G0-miss0.25,r4b_3,0.2102,0.1949,0.2245
floor_0.05+cautious_z0,both,G0-miss0.25,r4b_5,0.2648,0.2482,0.2835
floor_0.05+cautious_z0,both,G0-miss0.25,r4b_10,0.2947,0.2754,0.3138
floor_0.05+cautious_z0,both,G0-miss0.25,r4b_20,0.3371,0.3138,0.3611
floor_0.05+cautious_z0,both,G0-miss0.25,r4b_50,0.3784,0.3489,0.4107
floor_0.05+cautious_z0,both,G0-miss0.25,r8_move_p95_6_20,73.0000,73.0000,74.0000
floor_0.05+cautious_z0,both,G0-miss0.25,r8_move_p95_150_200,40.0000,40.0000,40.0000
floor_0.05+cautious_z0,both,G0-miss1,r1_rms_5,1.0346,0.9975,1.0722
floor_0.05+cautious_z0,both,G0-miss1,r1_mean_5,-0.0610,-0.1287,0.0074
floor_0.05+cautious_z0,both,G0-miss1,r1_rms_10,0.9701,0.9379,1.0036
floor_0.05+cautious_z0,both,G0-miss1,r1_mean_10,-0.1012,-0.1611,-0.0407
floor_0.05+cautious_z0,both,G0-miss1,r1_rms_20,0.8771,0.8520,0.9047
floor_0.05+cautious_z0,both,G0-miss1,r1_mean_20,-0.1299,-0.1806,-0.0785
floor_0.05+cautious_z0,both,G0-miss1,r1_rms_50,0.7274,0.7084,0.7462
floor_0.05+cautious_z0,both,G0-miss1,r1_mean_50,-0.1828,-0.2205,-0.1459
floor_0.05+cautious_z0,both,G0-miss1,r1_rms_100,0.6239,0.6101,0.6382
floor_0.05+cautious_z0,both,G0-miss1,r1_mean_100,-0.2083,-0.2343,-0.1816
floor_0.05+cautious_z0,both,G0-miss1,r1_rms_200,0.5485,0.5391,0.5589
floor_0.05+cautious_z0,both,G0-miss1,r1_mean_200,-0.2113,-0.2291,-0.1932
floor_0.05+cautious_z0,both,G0-miss1,r2_brier,0.1765,0.1747,0.1783
floor_0.05+cautious_z0,both,G0-miss1,r2_bias,0.0078,0.0048,0.0107
floor_0.05+cautious_z0,both,G0-miss1,r3_inside,0.2969,0.2938,0.2996
floor_0.05+cautious_z0,both,G0-miss1,r3_below_0.5,0.0895,0.0846,0.0942
floor_0.05+cautious_z0,both,G0-miss1,r3_above_0.95,0.1085,0.1038,0.1134
floor_0.05+cautious_z0,both,G0-miss1,r4_false,0.1330,0.1189,0.1464
floor_0.05+cautious_z0,both,G0-miss1,r4_false_0.70,0.0546,0.0467,0.0632
floor_0.05+cautious_z0,both,G0-miss1,r4_below,0.3101,0.2946,0.3261
floor_0.05+cautious_z0,both,G0-miss1,r4_false_at_task,0.1664,0.1496,0.1832
floor_0.05+cautious_z0,both,G0-miss1,r4_declared,9.1740,8.7540,9.5790
floor_0.05+cautious_z0,both,G0-miss1,r5_late_answers,4.4132,4.2522,4.5806
floor_0.05+cautious_z0,both,G0-miss1,r5_never,0.0893,0.0793,0.1005
floor_0.05+cautious_z0,both,G0-miss1,r6_lag,-0.2343,-0.2522,-0.2148
floor_0.05+cautious_z0,both,G0-miss1,r7_error_5,0.8925,0.8514,0.9333
floor_0.05+cautious_z0,both,G0-miss1,r7_error_10,0.8213,0.7833,0.8592
floor_0.05+cautious_z0,both,G0-miss1,r7_longest_wrong,1.8190,1.7630,1.8770
floor_0.05+cautious_z0,both,G0-miss1,r7_hard_first,0.1785,0.1674,0.1899
floor_0.05+cautious_z0,both,G0-miss1,r4b_chance_below_0.5,0.1542,0.1441,0.1652
floor_0.05+cautious_z0,both,G0-miss1,r4b_chance_0.5_to_0.6,0.1134,0.1097,0.1174
floor_0.05+cautious_z0,both,G0-miss1,r4b_chance_0.6_to_0.7,0.1513,0.1475,0.1547
floor_0.05+cautious_z0,both,G0-miss1,r4b_chance_0.7_to_0.8,0.1889,0.1850,0.1929
floor_0.05+cautious_z0,both,G0-miss1,r4b_chance_0.8_up,0.3922,0.3806,0.4040
floor_0.05+cautious_z0,both,G0-miss1,r3_reachable,0.9380,0.9287,0.9461
floor_0.05+cautious_z0,both,G0-miss1,r8_rank_6_20,3.6333,3.1733,4.0800
floor_0.05+cautious_z0,both,G0-miss1,r8_topic_rank_6_20,17.5800,16.6467,18.4933
floor_0.05+cautious_z0,both,G0-miss1,r8_rank_150_200,1.5863,1.3588,1.8333
floor_0.05+cautious_z0,both,G0-miss1,r8_topic_rank_150_200,8.4176,8.0118,8.8412
floor_0.05+cautious_z0,both,G0-miss1,r2_ece,0.0098,0.0070,0.0128
floor_0.05+cautious_z0,both,G0-miss1,r4b_3,0.1891,0.1738,0.2046
floor_0.05+cautious_z0,both,G0-miss1,r4b_5,0.2424,0.2225,0.2615
floor_0.05+cautious_z0,both,G0-miss1,r4b_10,0.2747,0.2547,0.2953
floor_0.05+cautious_z0,both,G0-miss1,r4b_20,0.2992,0.2771,0.3215
floor_0.05+cautious_z0,both,G0-miss1,r4b_50,0.3420,0.3087,0.3799
floor_0.05+cautious_z0,both,G0-miss1,r8_move_p95_6_20,73.0000,73.0000,74.0000
floor_0.05+cautious_z0,both,G0-miss1,r8_move_p95_150_200,40.0000,40.0000,41.0000
floor_0.05+cautious_z0,both,G2-half,r1_rms_5,1.0012,0.9648,1.0381
floor_0.05+cautious_z0,both,G2-half,r1_mean_5,-0.0541,-0.1193,0.0124
floor_0.05+cautious_z0,both,G2-half,r1_rms_10,0.9427,0.9081,0.9753
floor_0.05+cautious_z0,both,G2-half,r1_mean_10,-0.1091,-0.1675,-0.0448
floor_0.05+cautious_z0,both,G2-half,r1_rms_20,0.8555,0.8284,0.8850
floor_0.05+cautious_z0,both,G2-half,r1_mean_20,-0.1657,-0.2171,-0.1155
floor_0.05+cautious_z0,both,G2-half,r1_rms_50,0.7326,0.7123,0.7540
floor_0.05+cautious_z0,both,G2-half,r1_mean_50,-0.3031,-0.3384,-0.2677
floor_0.05+cautious_z0,both,G2-half,r1_rms_100,0.7012,0.6839,0.7191
floor_0.05+cautious_z0,both,G2-half,r1_mean_100,-0.4438,-0.4706,-0.4188
floor_0.05+cautious_z0,both,G2-half,r1_rms_200,0.7245,0.7111,0.7381
floor_0.05+cautious_z0,both,G2-half,r1_mean_200,-0.5583,-0.5753,-0.5405
floor_0.05+cautious_z0,both,G2-half,r2_brier,0.1508,0.1491,0.1524
floor_0.05+cautious_z0,both,G2-half,r2_bias,-0.0386,-0.0414,-0.0357
floor_0.05+cautious_z0,both,G2-half,r3_inside,0.3699,0.3637,0.3757
floor_0.05+cautious_z0,both,G2-half,r3_below_0.5,0.0243,0.0216,0.0272
floor_0.05+cautious_z0,both,G2-half,r3_above_0.95,0.0652,0.0601,0.0708
floor_0.05+cautious_z0,both,G2-half,r4_false,0.1019,0.0922,0.1119
floor_0.05+cautious_z0,both,G2-half,r4_false_0.70,0.0311,0.0263,0.0364
floor_0.05+cautious_z0,both,G2-half,r4_below,0.2523,0.2393,0.2662
floor_0.05+cautious_z0,both,G2-half,r4_false_at_task,0.1242,0.1128,0.1366
floor_0.05+cautious_z0,both,G2-half,r4_declared,10.6400,10.2180,11.0540
floor_0.05+cautious_z0,both,G2-half,r5_late_answers,4.8036,4.6600,4.9499
floor_0.05+cautious_z0,both,G2-half,r5_never,0.1837,0.1699,0.1972
floor_0.05+cautious_z0,both,G2-half,r6_lag,-0.5436,-0.5615,-0.5251
floor_0.05+cautious_z0,both,G2-half,r7_error_5,0.8592,0.8166,0.9019
floor_0.05+cautious_z0,both,G2-half,r7_error_10,0.7886,0.7480,0.8284
floor_0.05+cautious_z0,both,G2-half,r7_longest_wrong,1.7270,1.6750,1.7810
floor_0.05+cautious_z0,both,G2-half,r7_hard_first,0.1346,0.1234,0.1460
floor_0.05+cautious_z0,both,G2-half,r4b_chance_below_0.5,0.0670,0.0590,0.0763
floor_0.05+cautious_z0,both,G2-half,r4b_chance_0.5_to_0.6,0.0849,0.0795,0.0903
floor_0.05+cautious_z0,both,G2-half,r4b_chance_0.6_to_0.7,0.1638,0.1582,0.1696
floor_0.05+cautious_z0,both,G2-half,r4b_chance_0.7_to_0.8,0.2710,0.2644,0.2775
floor_0.05+cautious_z0,both,G2-half,r4b_chance_0.8_up,0.4132,0.3984,0.4275
floor_0.05+cautious_z0,both,G2-half,r3_reachable,0.9547,0.9500,0.9588
floor_0.05+cautious_z0,both,G2-half,r8_rank_6_20,3.7200,3.2400,4.1867
floor_0.05+cautious_z0,both,G2-half,r8_topic_rank_6_20,17.2000,16.2133,18.1533
floor_0.05+cautious_z0,both,G2-half,r8_rank_150_200,1.6824,1.4569,1.9078
floor_0.05+cautious_z0,both,G2-half,r8_topic_rank_150_200,9.2725,8.8314,9.7196
floor_0.05+cautious_z0,both,G2-half,r2_ece,0.0386,0.0357,0.0418
floor_0.05+cautious_z0,both,G2-half,r4b_3,0.1695,0.1549,0.1835
floor_0.05+cautious_z0,both,G2-half,r4b_5,0.2213,0.2035,0.2383
floor_0.05+cautious_z0,both,G2-half,r4b_10,0.2658,0.2455,0.2850
floor_0.05+cautious_z0,both,G2-half,r4b_20,0.3221,0.2958,0.3500
floor_0.05+cautious_z0,both,G2-half,r4b_50,0.3802,0.3378,0.4250
floor_0.05+cautious_z0,both,G2-half,r8_move_p95_6_20,73.0000,73.0000,74.0000
floor_0.05+cautious_z0,both,G2-half,r8_move_p95_150_200,40.0000,40.0000,40.0000
floor_0.05+cautious_z0,both,G2-fading,r1_rms_5,0.9902,0.9528,1.0268
floor_0.05+cautious_z0,both,G2-fading,r1_mean_5,-0.0664,-0.1329,-0.0002
floor_0.05+cautious_z0,both,G2-fading,r1_rms_10,0.9298,0.8991,0.9646
floor_0.05+cautious_z0,both,G2-fading,r1_mean_10,-0.1168,-0.1750,-0.0607
floor_0.05+cautious_z0,both,G2-fading,r1_rms_20,0.8499,0.8247,0.8770
floor_0.05+cautious_z0,both,G2-fading,r1_mean_20,-0.1972,-0.2469,-0.1478
floor_0.05+cautious_z0,both,G2-fading,r1_rms_50,0.7412,0.7197,0.7636
floor_0.05+cautious_z0,both,G2-fading,r1_mean_50,-0.3317,-0.3686,-0.2955
floor_0.05+cautious_z0,both,G2-fading,r1_rms_100,0.6784,0.6626,0.6946
floor_0.05+cautious_z0,both,G2-fading,r1_mean_100,-0.4087,-0.4334,-0.3827
floor_0.05+cautious_z0,both,G2-fading,r1_rms_200,0.5892,0.5781,0.6011
floor_0.05+cautious_z0,both,G2-fading,r1_mean_200,-0.3568,-0.3729,-0.3390
floor_0.05+cautious_z0,both,G2-fading,r2_brier,0.1532,0.1516,0.1548
floor_0.05+cautious_z0,both,G2-fading,r2_bias,-0.0333,-0.0362,-0.0302
floor_0.05+cautious_z0,both,G2-fading,r3_inside,0.3903,0.3841,0.3966
floor_0.05+cautious_z0,both,G2-fading,r3_below_0.5,0.0240,0.0213,0.0271
floor_0.05+cautious_z0,both,G2-fading,r3_above_0.95,0.0559,0.0514,0.0607
floor_0.05+cautious_z0,both,G2-fading,r4_false,0.1111,0.1007,0.1221
floor_0.05+cautious_z0,both,G2-fading,r4_false_0.70,0.0318,0.0265,0.0373
floor_0.05+cautious_z0,both,G2-fading,r4_below,0.2546,0.2409,0.2691
floor_0.05+cautious_z0,both,G2-fading,r4_false_at_task,0.1363,0.1233,0.1495
floor_0.05+cautious_z0,both,G2-fading,r4_declared,10.9480,10.5160,11.3890
floor_0.05+cautious_z0,both,G2-fading,r5_late_answers,4.7001,4.5642,4.8545
floor_0.05+cautious_z0,both,G2-fading,r5_never,0.1219,0.1113,0.1325
floor_0.05+cautious_z0,both,G2-fading,r6_lag,-0.4113,-0.4293,-0.3935
floor_0.05+cautious_z0,both,G2-fading,r7_error_5,0.8439,0.8018,0.8861
floor_0.05+cautious_z0,both,G2-fading,r7_error_10,0.7774,0.7398,0.8164
floor_0.05+cautious_z0,both,G2-fading,r7_longest_wrong,1.6750,1.6230,1.7270
floor_0.05+cautious_z0,both,G2-fading,r7_hard_first,0.1329,0.1217,0.1454
floor_0.05+cautious_z0,both,G2-fading,r4b_chance_below_0.5,0.0647,0.0562,0.0749
floor_0.05+cautious_z0,both,G2-fading,r4b_chance_0.5_to_0.6,0.0885,0.0829,0.0943
floor_0.05+cautious_z0,both,G2-fading,r4b_chance_0.6_to_0.7,0.1771,0.1712,0.1832
floor_0.05+cautious_z0,both,G2-fading,r4b_chance_0.7_to_0.8,0.2820,0.2753,0.2887
floor_0.05+cautious_z0,both,G2-fading,r4b_chance_0.8_up,0.3877,0.3732,0.4024
floor_0.05+cautious_z0,both,G2-fading,r3_reachable,0.9551,0.9504,0.9591
floor_0.05+cautious_z0,both,G2-fading,r8_rank_6_20,3.0600,2.6533,3.5067
floor_0.05+cautious_z0,both,G2-fading,r8_topic_rank_6_20,16.7267,15.8133,17.6667
floor_0.05+cautious_z0,both,G2-fading,r8_rank_150_200,1.4745,1.2549,1.7098
floor_0.05+cautious_z0,both,G2-fading,r8_topic_rank_150_200,8.9118,8.4863,9.3412
floor_0.05+cautious_z0,both,G2-fading,r2_ece,0.0333,0.0304,0.0360
floor_0.05+cautious_z0,both,G2-fading,r4b_3,0.1990,0.1842,0.2146
floor_0.05+cautious_z0,both,G2-fading,r4b_5,0.2501,0.2328,0.2705
floor_0.05+cautious_z0,both,G2-fading,r4b_10,0.3017,0.2803,0.3230
floor_0.05+cautious_z0,both,G2-fading,r4b_20,0.3722,0.3451,0.4013
floor_0.05+cautious_z0,both,G2-fading,r4b_50,0.4091,0.3703,0.4487
floor_0.05+cautious_z0,both,G2-fading,r8_move_p95_6_20,73.0000,73.0000,73.0000
floor_0.05+cautious_z0,both,G2-fading,r8_move_p95_150_200,40.0000,40.0000,41.0000
floor_0.05+cautious_z0,both,G3-drop,r1_rms_5,0.9785,0.9456,1.0123
floor_0.05+cautious_z0,both,G3-drop,r1_mean_5,0.0068,-0.0607,0.0716
floor_0.05+cautious_z0,both,G3-drop,r1_rms_10,0.9026,0.8748,0.9311
floor_0.05+cautious_z0,both,G3-drop,r1_mean_10,-0.0267,-0.0808,0.0284
floor_0.05+cautious_z0,both,G3-drop,r1_rms_20,0.8155,0.7924,0.8384
floor_0.05+cautious_z0,both,G3-drop,r1_mean_20,-0.0528,-0.0997,-0.0080
floor_0.05+cautious_z0,both,G3-drop,r1_rms_50,0.6595,0.6445,0.6743
floor_0.05+cautious_z0,both,G3-drop,r1_mean_50,-0.0730,-0.1053,-0.0409
floor_0.05+cautious_z0,both,G3-drop,r1_rms_100,0.7132,0.6964,0.7312
floor_0.05+cautious_z0,both,G3-drop,r1_mean_100,0.3028,0.2718,0.3362
floor_0.05+cautious_z0,both,G3-drop,r1_rms_200,0.5784,0.5659,0.5907
floor_0.05+cautious_z0,both,G3-drop,r1_mean_200,0.3116,0.2949,0.3287
floor_0.05+cautious_z0,both,G3-drop,r2_brier,0.1982,0.1964,0.2001
floor_0.05+cautious_z0,both,G3-drop,r2_bias,0.0475,0.0445,0.0505
floor_0.05+cautious_z0,both,G3-drop,r3_inside,0.3957,0.3909,0.4006
floor_0.05+cautious_z0,both,G3-drop,r3_below_0.5,0.0761,0.0709,0.0815
floor_0.05+cautious_z0,both,G3-drop,r3_above_0.95,0.0209,0.0186,0.0231
floor_0.05+cautious_z0,both,G3-drop,r4_false,0.2069,0.1929,0.2217
floor_0.05+cautious_z0,both,G3-drop,r4_false_0.70,0.0996,0.0900,0.1092
floor_0.05+cautious_z0,both,G3-drop,r4_below,0.3097,0.2960,0.3238
floor_0.05+cautious_z0,both,G3-drop,r4_false_at_task,0.2523,0.2362,0.2704
floor_0.05+cautious_z0,both,G3-drop,r4_declared,9.9320,9.5140,10.3320
floor_0.05+cautious_z0,both,G3-drop,r5_late_answers,3.7140,3.6083,3.8261
floor_0.05+cautious_z0,both,G3-drop,r5_never,0.1192,0.1076,0.1315
floor_0.05+cautious_z0,both,G3-drop,r6_lag,0.3223,0.3057,0.3374
floor_0.05+cautious_z0,both,G3-drop,r6_jump_answers,45.7210,43.6840,47.7760
floor_0.05+cautious_z0,both,G3-drop,r6_jump_unsettled,0.1960,0.1710,0.2220
floor_0.05+cautious_z0,both,G3-drop,r7_error_5,0.8314,0.7925,0.8714
floor_0.05+cautious_z0,both,G3-drop,r7_error_10,0.7534,0.7176,0.7897
floor_0.05+cautious_z0,both,G3-drop,r7_longest_wrong,1.7800,1.7240,1.8370
floor_0.05+cautious_z0,both,G3-drop,r7_hard_first,0.1338,0.1229,0.1445
floor_0.05+cautious_z0,both,G3-drop,r4b_chance_below_0.5,0.1554,0.1411,0.1707
floor_0.05+cautious_z0,both,G3-drop,r4b_chance_0.5_to_0.6,0.1697,0.1644,0.1750
floor_0.05+cautious_z0,both,G3-drop,r4b_chance_0.6_to_0.7,0.2320,0.2264,0.2375
floor_0.05+cautious_z0,both,G3-drop,r4b_chance_0.7_to_0.8,0.2434,0.2363,0.2503
floor_0.05+cautious_z0,both,G3-drop,r4b_chance_0.8_up,0.1995,0.1891,0.2099
floor_0.05+cautious_z0,both,G3-drop,r3_reachable,0.8852,0.8745,0.8961
floor_0.05+cautious_z0,both,G3-drop,r8_rank_6_20,3.5400,3.1133,3.9667
floor_0.05+cautious_z0,both,G3-drop,r8_topic_rank_6_20,17.1200,16.2000,18.0467
floor_0.05+cautious_z0,both,G3-drop,r8_rank_150_200,1.8314,1.6059,2.0843
floor_0.05+cautious_z0,both,G3-drop,r8_topic_rank_150_200,9.0000,8.5863,9.4314
floor_0.05+cautious_z0,both,G3-drop,r2_ece,0.0475,0.0446,0.0506
floor_0.05+cautious_z0,both,G3-drop,r4b_3,0.2057,0.1903,0.2212
floor_0.05+cautious_z0,both,G3-drop,r4b_5,0.2536,0.2360,0.2716
floor_0.05+cautious_z0,both,G3-drop,r4b_10,0.2753,0.2546,0.2947
floor_0.05+cautious_z0,both,G3-drop,r4b_20,0.2836,0.2638,0.3037
floor_0.05+cautious_z0,both,G3-drop,r4b_50,0.2857,0.2654,0.3065
floor_0.05+cautious_z0,both,G3-drop,r8_move_p95_6_20,73.0000,73.0000,74.0000
floor_0.05+cautious_z0,both,G3-drop,r8_move_p95_150_200,42.0000,42.0000,43.0000
floor_0.05+cautious_z0,both,G0-start0.5,r1_rms_5,0.9748,0.9401,1.0088
floor_0.05+cautious_z0,both,G0-start0.5,r1_mean_5,0.0151,-0.0488,0.0802
floor_0.05+cautious_z0,both,G0-start0.5,r1_rms_10,0.9094,0.8774,0.9401
floor_0.05+cautious_z0,both,G0-start0.5,r1_mean_10,-0.0154,-0.0707,0.0406
floor_0.05+cautious_z0,both,G0-start0.5,r1_rms_20,0.8229,0.7977,0.8480
floor_0.05+cautious_z0,both,G0-start0.5,r1_mean_20,-0.0343,-0.0866,0.0142
floor_0.05+cautious_z0,both,G0-start0.5,r1_rms_50,0.6672,0.6513,0.6845
floor_0.05+cautious_z0,both,G0-start0.5,r1_mean_50,-0.0610,-0.0950,-0.0268
floor_0.05+cautious_z0,both,G0-start0.5,r1_rms_100,0.5597,0.5485,0.5713
floor_0.05+cautious_z0,both,G0-start0.5,r1_mean_100,-0.0725,-0.0967,-0.0494
floor_0.05+cautious_z0,both,G0-start0.5,r1_rms_200,0.4926,0.4844,0.5009
floor_0.05+cautious_z0,both,G0-start0.5,r1_mean_200,-0.0670,-0.0846,-0.0500
floor_0.05+cautious_z0,both,G0-start0.5,r2_brier,0.1725,0.1710,0.1741
floor_0.05+cautious_z0,both,G0-start0.5,r2_bias,0.0043,0.0016,0.0072
floor_0.05+cautious_z0,both,G0-start0.5,r3_inside,0.4356,0.4310,0.4401
floor_0.05+cautious_z0,both,G0-start0.5,r3_below_0.5,0.0338,0.0311,0.0365
floor_0.05+cautious_z0,both,G0-start0.5,r3_above_0.95,0.0274,0.0247,0.0304
floor_0.05+cautious_z0,both,G0-start0.5,r4_false,0.1461,0.1317,0.1603
floor_0.05+cautious_z0,both,G0-start0.5,r4_false_0.70,0.0682,0.0588,0.0778
floor_0.05+cautious_z0,both,G0-start0.5,r4_below,0.3499,0.3358,0.3651
floor_0.05+cautious_z0,both,G0-start0.5,r4_false_at_task,0.2002,0.1820,0.2188
floor_0.05+cautious_z0,both,G0-start0.5,r4_declared,8.8070,8.4510,9.1950
floor_0.05+cautious_z0,both,G0-start0.5,r5_late_answers,3.7420,3.6462,3.8410
floor_0.05+cautious_z0,both,G0-start0.5,r5_never,0.0623,0.0549,0.0704
floor_0.05+cautious_z0,both,G0-start0.5,r6_lag,-0.1042,-0.1201,-0.0886
floor_0.05+cautious_z0,both,G0-start0.5,r7_error_5,0.8265,0.7875,0.8681
floor_0.05+cautious_z0,both,G0-start0.5,r7_error_10,0.7524,0.7158,0.7902
floor_0.05+cautious_z0,both,G0-start0.5,r7_longest_wrong,1.7650,1.7120,1.8190
floor_0.05+cautious_z0,both,G0-start0.5,r7_hard_first,0.1288,0.1183,0.1399
floor_0.05+cautious_z0,both,G0-start0.5,r4b_chance_below_0.5,0.0715,0.0657,0.0773
floor_0.05+cautious_z0,both,G0-start0.5,r4b_chance_0.5_to_0.6,0.1136,0.1088,0.1187
floor_0.05+cautious_z0,both,G0-start0.5,r4b_chance_0.6_to_0.7,0.2041,0.1988,0.2094
floor_0.05+cautious_z0,both,G0-start0.5,r4b_chance_0.7_to_0.8,0.2903,0.2849,0.2959
floor_0.05+cautious_z0,both,G0-start0.5,r4b_chance_0.8_up,0.3204,0.3077,0.3328
floor_0.05+cautious_z0,both,G0-start0.5,r3_reachable,0.9561,0.9510,0.9611
floor_0.05+cautious_z0,both,G0-start0.5,r8_rank_6_20,3.5867,3.1667,4.0533
floor_0.05+cautious_z0,both,G0-start0.5,r8_topic_rank_6_20,17.5933,16.6800,18.5067
floor_0.05+cautious_z0,both,G0-start0.5,r8_rank_150_200,1.6922,1.4529,1.9490
floor_0.05+cautious_z0,both,G0-start0.5,r8_topic_rank_150_200,8.2922,7.8824,8.7412
floor_0.05+cautious_z0,both,G0-start0.5,r2_ece,0.0057,0.0034,0.0086
floor_0.05+cautious_z0,both,G0-start0.5,r4b_3,0.1930,0.1782,0.2073
floor_0.05+cautious_z0,both,G0-start0.5,r4b_5,0.2407,0.2231,0.2589
floor_0.05+cautious_z0,both,G0-start0.5,r4b_10,0.2800,0.2602,0.2998
floor_0.05+cautious_z0,both,G0-start0.5,r4b_20,0.3184,0.2971,0.3408
floor_0.05+cautious_z0,both,G0-start0.5,r4b_50,0.4076,0.3651,0.4532
floor_0.05+cautious_z0,both,G0-start0.5,r8_move_p95_6_20,73.0000,73.0000,74.0000
floor_0.05+cautious_z0,both,G0-start0.5,r8_move_p95_150_200,40.0000,39.0000,40.0000
floor_0.05+cautious_z0,both,G0-start2,r1_rms_5,1.1045,1.0616,1.1481
floor_0.05+cautious_z0,both,G0-start2,r1_mean_5,-0.0290,-0.1045,0.0442
floor_0.05+cautious_z0,both,G0-start2,r1_rms_10,1.0194,0.9841,1.0583
floor_0.05+cautious_z0,both,G0-start2,r1_mean_10,-0.0661,-0.1290,0.0024
floor_0.05+cautious_z0,both,G0-start2,r1_rms_20,0.9014,0.8698,0.9334
floor_0.05+cautious_z0,both,G0-start2,r1_mean_20,-0.0907,-0.1498,-0.0329
floor_0.05+cautious_z0,both,G0-start2,r1_rms_50,0.7254,0.7033,0.7472
floor_0.05+cautious_z0,both,G0-start2,r1_mean_50,-0.1168,-0.1585,-0.0787
floor_0.05+cautious_z0,both,G0-start2,r1_rms_100,0.5986,0.5829,0.6152
floor_0.05+cautious_z0,both,G0-start2,r1_mean_100,-0.1157,-0.1429,-0.0874
floor_0.05+cautious_z0,both,G0-start2,r1_rms_200,0.5146,0.5035,0.5260
floor_0.05+cautious_z0,both,G0-start2,r1_mean_200,-0.0890,-0.1093,-0.0691
floor_0.05+cautious_z0,both,G0-start2,r2_brier,0.1741,0.1719,0.1763
floor_0.05+cautious_z0,both,G0-start2,r2_bias,0.0019,-0.0015,0.0053
floor_0.05+cautious_z0,both,G0-start2,r3_inside,0.4007,0.3924,0.4087
floor_0.05+cautious_z0,both,G0-start2,r3_below_0.5,0.0684,0.0587,0.0790
floor_0.05+cautious_z0,both,G0-start2,r3_above_0.95,0.0419,0.0368,0.0473
floor_0.05+cautious_z0,both,G0-start2,r4_false,0.1356,0.1228,0.1490
floor_0.05+cautious_z0,both,G0-start2,r4_false_0.70,0.0490,0.0423,0.0556
floor_0.05+cautious_z0,both,G0-start2,r4_below,0.2687,0.2536,0.2847
floor_0.05+cautious_z0,both,G0-start2,r4_false_at_task,0.1550,0.1398,0.1706
floor_0.05+cautious_z0,both,G0-start2,r4_declared,9.9250,9.5020,10.3570
floor_0.05+cautious_z0,both,G0-start2,r5_late_answers,4.2299,4.1188,4.3453
floor_0.05+cautious_z0,both,G0-start2,r5_never,0.0625,0.0530,0.0722
floor_0.05+cautious_z0,both,G0-start2,r6_lag,-0.1262,-0.1462,-0.1052
floor_0.05+cautious_z0,both,G0-start2,r7_error_5,0.9631,0.9182,1.0091
floor_0.05+cautious_z0,both,G0-start2,r7_error_10,0.8714,0.8291,0.9168
floor_0.05+cautious_z0,both,G0-start2,r7_longest_wrong,1.9270,1.8520,2.0050
floor_0.05+cautious_z0,both,G0-start2,r7_hard_first,0.1791,0.1634,0.1950
floor_0.05+cautious_z0,both,G0-start2,r4b_chance_below_0.5,0.1896,0.1605,0.2192
floor_0.05+cautious_z0,both,G0-start2,r4b_chance_0.5_to_0.6,0.1279,0.1208,0.1356
floor_0.05+cautious_z0,both,G0-start2,r4b_chance_0.6_to_0.7,0.1954,0.1873,0.2037
floor_0.05+cautious_z0,both,G0-start2,r4b_chance_0.7_to_0.8,0.2484,0.2358,0.2602
floor_0.05+cautious_z0,both,G0-start2,r4b_chance_0.8_up,0.2387,0.2238,0.2545
floor_0.05+cautious_z0,both,G0-start2,r3_reachable,0.8737,0.8569,0.8893
floor_0.05+cautious_z0,both,G0-start2,r8_rank_6_20,3.7333,3.3133,4.1667
floor_0.05+cautious_z0,both,G0-start2,r8_topic_rank_6_20,17.6333,16.6333,18.5467
floor_0.05+cautious_z0,both,G0-start2,r8_rank_150_200,1.7275,1.4824,1.9922
floor_0.05+cautious_z0,both,G0-start2,r8_topic_rank_150_200,7.5706,7.1529,7.9804
floor_0.05+cautious_z0,both,G0-start2,r2_ece,0.0024,0.0011,0.0058
floor_0.05+cautious_z0,both,G0-start2,r4b_3,0.1932,0.1774,0.2097
floor_0.05+cautious_z0,both,G0-start2,r4b_5,0.2448,0.2255,0.2641
floor_0.05+cautious_z0,both,G0-start2,r4b_10,0.2769,0.2560,0.2979
floor_0.05+cautious_z0,both,G0-start2,r4b_20,0.3027,0.2796,0.3263
floor_0.05+cautious_z0,both,G0-start2,r4b_50,0.3473,0.3143,0.3839
floor_0.05+cautious_z0,both,G0-start2,r8_move_p95_6_20,73.0000,73.0000,73.0000
floor_0.05+cautious_z0,both,G0-start2,r8_move_p95_150_200,40.0000,40.0000,41.0000
floor_0.05+cautious_z0,both,G0-topics0.3,r1_rms_5,0.9129,0.8768,0.9511
floor_0.05+cautious_z0,both,G0-topics0.3,r1_mean_5,-0.0171,-0.0849,0.0485
floor_0.05+cautious_z0,both,G0-topics0.3,r1_rms_10,0.8349,0.8016,0.8667
floor_0.05+cautious_z0,both,G0-topics0.3,r1_mean_10,-0.0366,-0.0950,0.0219
floor_0.05+cautious_z0,both,G0-topics0.3,r1_rms_20,0.7303,0.7040,0.7576
floor_0.05+cautious_z0,both,G0-topics0.3,r1_mean_20,-0.0577,-0.1067,-0.0104
floor_0.05+cautious_z0,both,G0-topics0.3,r1_rms_50,0.5892,0.5713,0.6073
floor_0.05+cautious_z0,both,G0-topics0.3,r1_mean_50,-0.0837,-0.1159,-0.0501
floor_0.05+cautious_z0,both,G0-topics0.3,r1_rms_100,0.4930,0.4816,0.5043
floor_0.05+cautious_z0,both,G0-topics0.3,r1_mean_100,-0.0961,-0.1201,-0.0736
floor_0.05+cautious_z0,both,G0-topics0.3,r1_rms_200,0.4336,0.4262,0.4412
floor_0.05+cautious_z0,both,G0-topics0.3,r1_mean_200,-0.0729,-0.0891,-0.0573
floor_0.05+cautious_z0,both,G0-topics0.3,r2_brier,0.1730,0.1712,0.1749
floor_0.05+cautious_z0,both,G0-topics0.3,r2_bias,0.0025,-0.0005,0.0054
floor_0.05+cautious_z0,both,G0-topics0.3,r3_inside,0.4492,0.4430,0.4551
floor_0.05+cautious_z0,both,G0-topics0.3,r3_below_0.5,0.0297,0.0265,0.0333
floor_0.05+cautious_z0,both,G0-topics0.3,r3_above_0.95,0.0243,0.0215,0.0274
floor_0.05+cautious_z0,both,G0-topics0.3,r4_false,0.1638,0.1476,0.1800
floor_0.05+cautious_z0,both,G0-topics0.3,r4_false_0.70,0.0544,0.0463,0.0630
floor_0.05+cautious_z0,both,G0-topics0.3,r4_below,0.3008,0.2855,0.3164
floor_0.05+cautious_z0,both,G0-topics0.3,r4_false_at_task,0.2078,0.1887,0.2278
floor_0.05+cautious_z0,both,G0-topics0.3,r4_declared,9.5670,9.1770,9.9830
floor_0.05+cautious_z0,both,G0-topics0.3,r5_late_answers,4.1593,4.0185,4.3126
floor_0.05+cautious_z0,both,G0-topics0.3,r5_never,0.0407,0.0333,0.0485
floor_0.05+cautious_z0,both,G0-topics0.3,r6_lag,-0.1105,-0.1273,-0.0936
floor_0.05+cautious_z0,both,G0-topics0.3,r7_error_5,0.8448,0.8062,0.8854
floor_0.05+cautious_z0,both,G0-topics0.3,r7_error_10,0.7678,0.7297,0.8054
floor_0.05+cautious_z0,both,G0-topics0.3,r7_longest_wrong,1.7420,1.6870,1.8010
floor_0.05+cautious_z0,both,G0-topics0.3,r7_hard_first,0.1248,0.1138,0.1363
floor_0.05+cautious_z0,both,G0-topics0.3,r4b_chance_below_0.5,0.0676,0.0596,0.0767
floor_0.05+cautious_z0,both,G0-topics0.3,r4b_chance_0.5_to_0.6,0.1138,0.1071,0.1208
floor_0.05+cautious_z0,both,G0-topics0.3,r4b_chance_0.6_to_0.7,0.2130,0.2064,0.2198
floor_0.05+cautious_z0,both,G0-topics0.3,r4b_chance_0.7_to_0.8,0.3034,0.2958,0.3107
floor_0.05+cautious_z0,both,G0-topics0.3,r4b_chance_0.8_up,0.3021,0.2884,0.3161
floor_0.05+cautious_z0,both,G0-topics0.3,r3_reachable,0.9414,0.9335,0.9497
floor_0.05+cautious_z0,both,G0-topics0.3,r8_rank_6_20,3.5600,3.1133,4.0067
floor_0.05+cautious_z0,both,G0-topics0.3,r8_topic_rank_6_20,17.7400,16.7867,18.7333
floor_0.05+cautious_z0,both,G0-topics0.3,r8_rank_150_200,1.9824,1.7255,2.2588
floor_0.05+cautious_z0,both,G0-topics0.3,r8_topic_rank_150_200,8.2275,7.8373,8.6137
floor_0.05+cautious_z0,both,G0-topics0.3,r2_ece,0.0050,0.0026,0.0080
floor_0.05+cautious_z0,both,G0-topics0.3,r4b_3,0.2115,0.1952,0.2279
floor_0.05+cautious_z0,both,G0-topics0.3,r4b_5,0.2574,0.2391,0.2766
floor_0.05+cautious_z0,both,G0-topics0.3,r4b_10,0.2997,0.2789,0.3202
floor_0.05+cautious_z0,both,G0-topics0.3,r4b_20,0.3580,0.3320,0.3859
floor_0.05+cautious_z0,both,G0-topics0.3,r4b_50,0.4514,0.4072,0.4976
floor_0.05+cautious_z0,both,G0-topics0.3,r8_move_p95_6_20,73.0000,73.0000,73.0000
floor_0.05+cautious_z0,both,G0-topics0.3,r8_move_p95_150_200,40.0000,40.0000,41.0000
floor_0.05+cautious_z0,both,G0-topics1,r1_rms_5,1.2968,1.2657,1.3316
floor_0.05+cautious_z0,both,G0-topics1,r1_mean_5,-0.0343,-0.0987,0.0317
floor_0.05+cautious_z0,both,G0-topics1,r1_rms_10,1.2553,1.2267,1.2855
floor_0.05+cautious_z0,both,G0-topics1,r1_mean_10,-0.0779,-0.1384,-0.0197
floor_0.05+cautious_z0,both,G0-topics1,r1_rms_20,1.1620,1.1380,1.1860
floor_0.05+cautious_z0,both,G0-topics1,r1_mean_20,-0.1294,-0.1801,-0.0767
floor_0.05+cautious_z0,both,G0-topics1,r1_rms_50,0.9788,0.9611,0.9965
floor_0.05+cautious_z0,both,G0-topics1,r1_mean_50,-0.1809,-0.2174,-0.1442
floor_0.05+cautious_z0,both,G0-topics1,r1_rms_100,0.8425,0.8275,0.8572
floor_0.05+cautious_z0,both,G0-topics1,r1_mean_100,-0.1888,-0.2142,-0.1636
floor_0.05+cautious_z0,both,G0-topics1,r1_rms_200,0.7296,0.7171,0.7425
floor_0.05+cautious_z0,both,G0-topics1,r1_mean_200,-0.1773,-0.1974,-0.1574
floor_0.05+cautious_z0,both,G0-topics1,r2_brier,0.1748,0.1732,0.1764
floor_0.05+cautious_z0,both,G0-topics1,r2_bias,0.0067,0.0039,0.0097
floor_0.05+cautious_z0,both,G0-topics1,r3_inside,0.3754,0.3705,0.3802
floor_0.05+cautious_z0,both,G0-topics1,r3_below_0.5,0.0589,0.0549,0.0630
floor_0.05+cautious_z0,both,G0-topics1,r3_above_0.95,0.0622,0.0581,0.0665
floor_0.05+cautious_z0,both,G0-topics1,r4_false,0.1621,0.1507,0.1736
floor_0.05+cautious_z0,both,G0-topics1,r4_false_0.70,0.0740,0.0667,0.0817
floor_0.05+cautious_z0,both,G0-topics1,r4_below,0.3093,0.2942,0.3242
floor_0.05+cautious_z0,both,G0-topics1,r4_false_at_task,0.1882,0.1751,0.2017
floor_0.05+cautious_z0,both,G0-topics1,r4_declared,9.4090,9.0160,9.8010
floor_0.05+cautious_z0,both,G0-topics1,r5_late_answers,4.2634,4.1318,4.4003
floor_0.05+cautious_z0,both,G0-topics1,r5_never,0.1398,0.1298,0.1502
floor_0.05+cautious_z0,both,G0-topics1,r6_lag,-0.1496,-0.1670,-0.1329
floor_0.05+cautious_z0,both,G0-topics1,r7_error_5,0.8633,0.8205,0.9067
floor_0.05+cautious_z0,both,G0-topics1,r7_error_10,0.7950,0.7584,0.8333
floor_0.05+cautious_z0,both,G0-topics1,r7_longest_wrong,1.9330,1.8710,1.9990
floor_0.05+cautious_z0,both,G0-topics1,r7_hard_first,0.1920,0.1799,0.2034
floor_0.05+cautious_z0,both,G0-topics1,r4b_chance_below_0.5,0.1232,0.1137,0.1341
floor_0.05+cautious_z0,both,G0-topics1,r4b_chance_0.5_to_0.6,0.1244,0.1197,0.1290
floor_0.05+cautious_z0,both,G0-topics1,r4b_chance_0.6_to_0.7,0.1987,0.1931,0.2045
floor_0.05+cautious_z0,both,G0-topics1,r4b_chance_0.7_to_0.8,0.2652,0.2586,0.2713
floor_0.05+cautious_z0,both,G0-topics1,r4b_chance_0.8_up,0.2885,0.2772,0.2997
floor_0.05+cautious_z0,both,G0-topics1,r3_reachable,0.9224,0.9145,0.9299
floor_0.05+cautious_z0,both,G0-topics1,r8_rank_6_20,4.1667,3.6867,4.6333
floor_0.05+cautious_z0,both,G0-topics1,r8_topic_rank_6_20,18.6133,17.6800,19.5400
floor_0.05+cautious_z0,both,G0-topics1,r8_rank_150_200,1.3686,1.1667,1.5941
floor_0.05+cautious_z0,both,G0-topics1,r8_topic_rank_150_200,8.1725,7.7627,8.5843
floor_0.05+cautious_z0,both,G0-topics1,r2_ece,0.0082,0.0054,0.0109
floor_0.05+cautious_z0,both,G0-topics1,r4b_3,0.2156,0.2015,0.2297
floor_0.05+cautious_z0,both,G0-topics1,r4b_5,0.2729,0.2557,0.2908
floor_0.05+cautious_z0,both,G0-topics1,r4b_10,0.2975,0.2792,0.3156
floor_0.05+cautious_z0,both,G0-topics1,r4b_20,0.3280,0.3089,0.3482
floor_0.05+cautious_z0,both,G0-topics1,r4b_50,0.3843,0.3533,0.4165
floor_0.05+cautious_z0,both,G0-topics1,r8_move_p95_6_20,73.0000,73.0000,74.0000
floor_0.05+cautious_z0,both,G0-topics1,r8_move_p95_150_200,39.0000,39.0000,40.0000
oracle,both,G0,r1_rms_5,0.0000,0.0000,0.0000
oracle,both,G0,r1_mean_5,0.0000,0.0000,0.0000
oracle,both,G0,r1_rms_10,0.0000,0.0000,0.0000
oracle,both,G0,r1_mean_10,0.0000,0.0000,0.0000
oracle,both,G0,r1_rms_20,0.0000,0.0000,0.0000
oracle,both,G0,r1_mean_20,0.0000,0.0000,0.0000
oracle,both,G0,r1_rms_50,0.0000,0.0000,0.0000
oracle,both,G0,r1_mean_50,0.0000,0.0000,0.0000
oracle,both,G0,r1_rms_100,0.0000,0.0000,0.0000
oracle,both,G0,r1_mean_100,0.0000,0.0000,0.0000
oracle,both,G0,r1_rms_200,0.0000,0.0000,0.0000
oracle,both,G0,r1_mean_200,0.0000,0.0000,0.0000
oracle,both,G0,r2_brier,0.1694,0.1682,0.1707
oracle,both,G0,r2_bias,0.0095,0.0076,0.0113
oracle,both,G0,r3_inside,0.6158,0.6125,0.6189
oracle,both,G0,r3_below_0.5,0.0029,0.0020,0.0043
oracle,both,G0,r3_above_0.95,0.0012,0.0010,0.0014
oracle,both,G0,r4_false,0.7486,0.7340,0.7640
oracle,both,G0,r4_false_0.70,0.5012,0.4819,0.5213
oracle,both,G0,r4_below,0.0000,0.0000,0.0000
oracle,both,G0,r4_false_at_task,0.7486,0.7339,0.7633
oracle,both,G0,r4_declared,5.6120,5.4550,5.7760
oracle,both,G0,r5_late_answers,6.4026,6.2416,6.5771
oracle,both,G0,r5_never,0.6431,0.6283,0.6592
oracle,both,G0,r6_lag,0.0000,0.0000,0.0000
oracle,both,G0,r7_error_5,0.0000,0.0000,0.0000
oracle,both,G0,r7_error_10,0.0000,0.0000,0.0000
oracle,both,G0,r7_longest_wrong,1.6030,1.5510,1.6590
oracle,both,G0,r7_hard_first,0.0043,0.0027,0.0061
oracle,both,G0,r4b_chance_below_0.5,0.0102,0.0070,0.0149
oracle,both,G0,r4b_chance_0.5_to_0.6,0.0695,0.0662,0.0730
oracle,both,G0,r4b_chance_0.6_to_0.7,0.2437,0.2390,0.2486
oracle,both,G0,r4b_chance_0.7_to_0.8,0.4277,0.4210,0.4339
oracle,both,G0,r4b_chance_0.8_up,0.2489,0.2430,0.2549
oracle,both,G0,r3_reachable,0.9785,0.9738,0.9831
oracle,both,G0,r2_ece,0.0096,0.0079,0.0116
oracle,both,G0,r4b_3,0.0000,0.0000,0.0000
oracle,both,G0,r4b_5,0.3910,0.3761,0.4058
oracle,both,G0,r4b_10,0.8210,0.8085,0.8331
oracle,both,G0,r4b_20,0.9850,0.9807,0.9891
oracle,both,G0,r4b_50,1.0000,1.0000,1.0000
oracle,both,G1,r1_rms_5,0.0000,0.0000,0.0000
oracle,both,G1,r1_mean_5,0.0000,0.0000,0.0000
oracle,both,G1,r1_rms_10,0.0000,0.0000,0.0000
oracle,both,G1,r1_mean_10,0.0000,0.0000,0.0000
oracle,both,G1,r1_rms_20,0.0000,0.0000,0.0000
oracle,both,G1,r1_mean_20,0.0000,0.0000,0.0000
oracle,both,G1,r1_rms_50,0.0000,0.0000,0.0000
oracle,both,G1,r1_mean_50,0.0000,0.0000,0.0000
oracle,both,G1,r1_rms_100,0.0000,0.0000,0.0000
oracle,both,G1,r1_mean_100,0.0000,0.0000,0.0000
oracle,both,G1,r1_rms_200,0.0000,0.0000,0.0000
oracle,both,G1,r1_mean_200,0.0000,0.0000,0.0000
oracle,both,G1,r2_brier,0.1801,0.1782,0.1822
oracle,both,G1,r2_bias,0.0057,0.0038,0.0077
oracle,both,G1,r3_inside,0.5233,0.5106,0.5362
oracle,both,G1,r3_below_0.5,0.0920,0.0789,0.1052
oracle,both,G1,r3_above_0.95,0.0010,0.0009,0.0012
oracle,both,G1,r4_false,0.6490,0.6227,0.6757
oracle,both,G1,r4_false_0.70,0.5567,0.5293,0.5831
oracle,both,G1,r4_below,0.0000,0.0000,0.0000
oracle,both,G1,r4_false_at_task,0.6490,0.6218,0.6761
oracle,both,G1,r4_declared,6.4380,6.2510,6.6210
oracle,both,G1,r5_late_answers,6.5000,6.3740,6.6364
oracle,both,G1,r5_never,0.5858,0.5722,0.5992
oracle,both,G1,r6_lag,0.0000,0.0000,0.0000
oracle,both,G1,r7_error_5,0.0000,0.0000,0.0000
oracle,both,G1,r7_error_10,0.0000,0.0000,0.0000
oracle,both,G1,r7_longest_wrong,1.9100,1.8340,1.9840
oracle,both,G1,r7_hard_first,0.0840,0.0722,0.0970
oracle,both,G1,r4b_chance_below_0.5,0.3057,0.2769,0.3347
oracle,both,G1,r4b_chance_0.5_to_0.6,0.1579,0.1473,0.1673
oracle,both,G1,r4b_chance_0.6_to_0.7,0.1854,0.1776,0.1939
oracle,both,G1,r4b_chance_0.7_to_0.8,0.2271,0.2097,0.2471
oracle,both,G1,r4b_chance_0.8_up,0.1239,0.1127,0.1357
oracle,both,G1,r3_reachable,0.8187,0.7966,0.8403
oracle,both,G1,r2_ece,0.0088,0.0070,0.0107
oracle,both,G1,r4b_3,0.0000,0.0000,0.0000
oracle,both,G1,r4b_5,0.3077,0.2904,0.3250
oracle,both,G1,r4b_10,0.6866,0.6658,0.7078
oracle,both,G1,r4b_20,0.8947,0.8814,0.9088
oracle,both,G1,r4b_50,0.9862,0.9816,0.9904
oracle,both,G2,r1_rms_5,0.0000,0.0000,0.0000
oracle,both,G2,r1_mean_5,0.0000,0.0000,0.0000
oracle,both,G2,r1_rms_10,0.0000,0.0000,0.0000
oracle,both,G2,r1_mean_10,0.0000,0.0000,0.0000
oracle,both,G2,r1_rms_20,0.0000,0.0000,0.0000
oracle,both,G2,r1_mean_20,0.0000,0.0000,0.0000
oracle,both,G2,r1_rms_50,0.0000,0.0000,0.0000
oracle,both,G2,r1_mean_50,0.0000,0.0000,0.0000
oracle,both,G2,r1_rms_100,0.0000,0.0000,0.0000
oracle,both,G2,r1_mean_100,0.0000,0.0000,0.0000
oracle,both,G2,r1_rms_200,0.0000,0.0000,0.0000
oracle,both,G2,r1_mean_200,0.0000,0.0000,0.0000
oracle,both,G2,r2_brier,0.1773,0.1762,0.1783
oracle,both,G2,r2_bias,0.0077,0.0058,0.0095
oracle,both,G2,r3_inside,0.6058,0.6033,0.6083
oracle,both,G2,r3_below_0.5,0.0042,0.0037,0.0048
oracle,both,G2,r3_above_0.95,0.0013,0.0010,0.0016
oracle,both,G2,r4_false,0.6591,0.6414,0.6770
oracle,both,G2,r4_false_0.70,0.4375,0.4206,0.4542
oracle,both,G2,r4_below,0.0000,0.0000,0.0000
oracle,both,G2,r4_false_at_task,0.6591,0.6412,0.6776
oracle,both,G2,r4_declared,11.6340,11.3950,11.8630
oracle,both,G2,r5_late_answers,7.8078,7.6678,7.9596
oracle,both,G2,r5_never,0.3915,0.3751,0.4080
oracle,both,G2,r6_lag,0.0000,0.0000,0.0000
oracle,both,G2,r7_error_5,0.0000,0.0000,0.0000
oracle,both,G2,r7_error_10,0.0000,0.0000,0.0000
oracle,both,G2,r7_longest_wrong,1.6370,1.5820,1.6920
oracle,both,G2,r7_hard_first,0.0068,0.0046,0.0095
oracle,both,G2,r4b_chance_below_0.5,0.0103,0.0082,0.0128
oracle,both,G2,r4b_chance_0.5_to_0.6,0.0732,0.0708,0.0757
oracle,both,G2,r4b_chance_0.6_to_0.7,0.2587,0.2547,0.2628
oracle,both,G2,r4b_chance_0.7_to_0.8,0.4249,0.4202,0.4299
oracle,both,G2,r4b_chance_0.8_up,0.2329,0.2291,0.2369
oracle,both,G2,r3_reachable,0.9702,0.9673,0.9730
oracle,both,G2,r2_ece,0.0080,0.0063,0.0098
oracle,both,G2,r4b_3,0.1626,0.1532,0.1716
oracle,both,G2,r4b_5,0.4051,0.3916,0.4187
oracle,both,G2,r4b_10,0.7642,0.7488,0.7791
oracle,both,G2,r4b_20,0.9851,0.9777,0.9919
oracle,both,G2,r4b_50,1.0000,0.9990,1.0000
oracle,both,G3,r1_rms_5,0.0000,0.0000,0.0000
oracle,both,G3,r1_mean_5,0.0000,0.0000,0.0000
oracle,both,G3,r1_rms_10,0.0000,0.0000,0.0000
oracle,both,G3,r1_mean_10,0.0000,0.0000,0.0000
oracle,both,G3,r1_rms_20,0.0000,0.0000,0.0000
oracle,both,G3,r1_mean_20,0.0000,0.0000,0.0000
oracle,both,G3,r1_rms_50,0.0000,0.0000,0.0000
oracle,both,G3,r1_mean_50,0.0000,0.0000,0.0000
oracle,both,G3,r1_rms_100,0.0000,0.0000,0.0000
oracle,both,G3,r1_mean_100,0.0000,0.0000,0.0000
oracle,both,G3,r1_rms_200,0.0000,0.0000,0.0000
oracle,both,G3,r1_mean_200,0.0000,0.0000,0.0000
oracle,both,G3,r2_brier,0.1708,0.1696,0.1719
oracle,both,G3,r2_bias,0.0101,0.0082,0.0120
oracle,both,G3,r3_inside,0.6148,0.6121,0.6178
oracle,both,G3,r3_below_0.5,0.0029,0.0024,0.0035
oracle,both,G3,r3_above_0.95,0.0013,0.0011,0.0016
oracle,both,G3,r4_false,0.7105,0.6926,0.7297
oracle,both,G3,r4_false_0.70,0.5005,0.4809,0.5209
oracle,both,G3,r4_below,0.0000,0.0000,0.0000
oracle,both,G3,r4_false_at_task,0.7105,0.6915,0.7294
oracle,both,G3,r4_declared,6.4600,6.3040,6.6170
oracle,both,G3,r5_late_answers,5.4646,5.2948,5.6300
oracle,both,G3,r5_never,0.6782,0.6643,0.6921
oracle,both,G3,r6_lag,0.0000,0.0000,0.0000
oracle,both,G3,r6_jump_answers,0.0000,0.0000,0.0000
oracle,both,G3,r6_jump_unsettled,0.0000,0.0000,0.0000
oracle,both,G3,r7_error_5,0.0000,0.0000,0.0000
oracle,both,G3,r7_error_10,0.0000,0.0000,0.0000
oracle,both,G3,r7_longest_wrong,1.6190,1.5700,1.6720
oracle,both,G3,r7_hard_first,0.0053,0.0032,0.0078
oracle,both,G3,r4b_chance_below_0.5,0.0098,0.0075,0.0129
oracle,both,G3,r4b_chance_0.5_to_0.6,0.0662,0.0632,0.0693
oracle,both,G3,r4b_chance_0.6_to_0.7,0.2470,0.2424,0.2521
oracle,both,G3,r4b_chance_0.7_to_0.8,0.4278,0.4219,0.4333
oracle,both,G3,r4b_chance_0.8_up,0.2493,0.2439,0.2545
oracle,both,G3,r3_reachable,0.9739,0.9699,0.9777
oracle,both,G3,r2_ece,0.0102,0.0084,0.0120
oracle,both,G3,r4b_3,0.0247,0.0199,0.0297
oracle,both,G3,r4b_5,0.4050,0.3906,0.4190
oracle,both,G3,r4b_10,0.8068,0.7947,0.8189
oracle,both,G3,r4b_20,0.9835,0.9786,0.9882
oracle,both,G3,r4b_50,1.0000,1.0000,1.0000
oracle,both,G4,r1_rms_5,0.0000,0.0000,0.0000
oracle,both,G4,r1_mean_5,0.0000,0.0000,0.0000
oracle,both,G4,r1_rms_10,0.0000,0.0000,0.0000
oracle,both,G4,r1_mean_10,0.0000,0.0000,0.0000
oracle,both,G4,r1_rms_20,0.0000,0.0000,0.0000
oracle,both,G4,r1_mean_20,0.0000,0.0000,0.0000
oracle,both,G4,r1_rms_50,0.0000,0.0000,0.0000
oracle,both,G4,r1_mean_50,0.0000,0.0000,0.0000
oracle,both,G4,r1_rms_100,0.0000,0.0000,0.0000
oracle,both,G4,r1_mean_100,0.0000,0.0000,0.0000
oracle,both,G4,r1_rms_200,0.0000,0.0000,0.0000
oracle,both,G4,r1_mean_200,0.0000,0.0000,0.0000
oracle,both,G4,r2_brier,0.2072,0.2060,0.2085
oracle,both,G4,r2_bias,0.0721,0.0702,0.0740
oracle,both,G4,r3_inside,0.4725,0.4698,0.4752
oracle,both,G4,r3_below_0.5,0.0396,0.0378,0.0419
oracle,both,G4,r3_above_0.95,0.0005,0.0004,0.0006
oracle,both,G4,r4_false,0.7422,0.7249,0.7592
oracle,both,G4,r4_false_0.70,0.5097,0.4891,0.5314
oracle,both,G4,r4_below,0.0000,0.0000,0.0000
oracle,both,G4,r4_false_at_task,0.7422,0.7257,0.7584
oracle,both,G4,r4_declared,5.6520,5.5000,5.8180
oracle,both,G4,r5_late_answers,7.5367,7.3455,7.7348
oracle,both,G4,r5_never,0.6542,0.6387,0.6697
oracle,both,G4,r6_lag,0.0000,0.0000,0.0000
oracle,both,G4,r7_error_5,0.0000,0.0000,0.0000
oracle,both,G4,r7_error_10,0.0000,0.0000,0.0000
oracle,both,G4,r7_longest_wrong,1.9790,1.9180,2.0410
oracle,both,G4,r7_hard_first,0.0550,0.0505,0.0596
oracle,both,G4,r4b_chance_below_0.5,0.0910,0.0837,0.1007
oracle,both,G4,r4b_chance_0.5_to_0.6,0.2012,0.1972,0.2052
oracle,both,G4,r4b_chance_0.6_to_0.7,0.2878,0.2828,0.2928
oracle,both,G4,r4b_chance_0.7_to_0.8,0.2881,0.2821,0.2935
oracle,both,G4,r4b_chance_0.8_up,0.1319,0.1278,0.1359
oracle,both,G4,r3_reachable,0.9740,0.9688,0.9789
oracle,both,G4,r2_ece,0.0721,0.0700,0.0741
oracle,both,G4,r4b_3,0.0000,0.0000,0.0000
oracle,both,G4,r4b_5,0.2916,0.2782,0.3044
oracle,both,G4,r4b_10,0.7203,0.7075,0.7339
oracle,both,G4,r4b_20,0.9502,0.9426,0.9576
oracle,both,G4,r4b_50,0.9973,0.9941,1.0000
oracle,both,G5,r1_rms_5,0.0000,0.0000,0.0000
oracle,both,G5,r1_mean_5,0.0000,0.0000,0.0000
oracle,both,G5,r1_rms_10,0.0000,0.0000,0.0000
oracle,both,G5,r1_mean_10,0.0000,0.0000,0.0000
oracle,both,G5,r1_rms_20,0.0000,0.0000,0.0000
oracle,both,G5,r1_mean_20,0.0000,0.0000,0.0000
oracle,both,G5,r1_rms_50,0.0000,0.0000,0.0000
oracle,both,G5,r1_mean_50,0.0000,0.0000,0.0000
oracle,both,G5,r1_rms_100,0.0000,0.0000,0.0000
oracle,both,G5,r1_mean_100,0.0000,0.0000,0.0000
oracle,both,G5,r1_rms_200,0.0000,0.0000,0.0000
oracle,both,G5,r1_mean_200,0.0000,0.0000,0.0000
oracle,both,G5,r2_brier,0.1709,0.1695,0.1722
oracle,both,G5,r2_bias,0.0071,0.0052,0.0090
oracle,both,G5,r3_inside,0.6051,0.5990,0.6103
oracle,both,G5,r3_below_0.5,0.0126,0.0080,0.0179
oracle,both,G5,r3_above_0.95,0.0010,0.0009,0.0012
oracle,both,G5,r4_false,0.7428,0.7245,0.7615
oracle,both,G5,r4_false_0.70,0.5344,0.5105,0.5580
oracle,both,G5,r4_below,0.0000,0.0000,0.0000
oracle,both,G5,r4_false_at_task,0.7428,0.7237,0.7618
oracle,both,G5,r4_declared,5.8790,5.7120,6.0610
oracle,both,G5,r5_late_answers,6.4888,6.3314,6.6601
oracle,both,G5,r5_never,0.6413,0.6217,0.6605
oracle,both,G5,r6_lag,0.0000,0.0000,0.0000
oracle,both,G5,r7_error_5,0.0000,0.0000,0.0000
oracle,both,G5,r7_error_10,0.0000,0.0000,0.0000
oracle,both,G5,r7_longest_wrong,1.6740,1.6160,1.7310
oracle,both,G5,r7_hard_first,0.0134,0.0087,0.0188
oracle,both,G5,r4b_chance_below_0.5,0.0479,0.0279,0.0718
oracle,both,G5,r4b_chance_0.5_to_0.6,0.0814,0.0739,0.0893
oracle,both,G5,r4b_chance_0.6_to_0.7,0.2448,0.2372,0.2517
oracle,both,G5,r4b_chance_0.7_to_0.8,0.3975,0.3837,0.4104
oracle,both,G5,r4b_chance_0.8_up,0.2284,0.2194,0.2380
oracle,both,G5,r3_reachable,0.9509,0.9395,0.9609
oracle,both,G5,r2_ece,0.0076,0.0060,0.0095
oracle,both,G5,r4b_3,0.0000,0.0000,0.0000
oracle,both,G5,r4b_5,0.3953,0.3799,0.4103
oracle,both,G5,r4b_10,0.8073,0.7941,0.8199
oracle,both,G5,r4b_20,0.9770,0.9705,0.9832
oracle,both,G5,r4b_50,0.9993,0.9983,1.0000
oracle,both,G6,r1_rms_5,0.0000,0.0000,0.0000
oracle,both,G6,r1_mean_5,0.0000,0.0000,0.0000
oracle,both,G6,r1_rms_10,0.0000,0.0000,0.0000
oracle,both,G6,r1_mean_10,0.0000,0.0000,0.0000
oracle,both,G6,r1_rms_20,0.0000,0.0000,0.0000
oracle,both,G6,r1_mean_20,0.0000,0.0000,0.0000
oracle,both,G6,r1_rms_50,0.0000,0.0000,0.0000
oracle,both,G6,r1_mean_50,0.0000,0.0000,0.0000
oracle,both,G6,r1_rms_100,0.0000,0.0000,0.0000
oracle,both,G6,r1_mean_100,0.0000,0.0000,0.0000
oracle,both,G6,r1_rms_200,0.0000,0.0000,0.0000
oracle,both,G6,r1_mean_200,0.0000,0.0000,0.0000
oracle,both,G6,r2_brier,0.1566,0.1533,0.1601
oracle,both,G6,r2_bias,0.0147,0.0129,0.0166
oracle,both,G6,r3_inside,0.3604,0.3501,0.3713
oracle,both,G6,r3_below_0.5,0.0061,0.0041,0.0087
oracle,both,G6,r3_above_0.95,0.1469,0.1372,0.1565
oracle,both,G6,r4_false,0.6712,0.6492,0.6922
oracle,both,G6,r4_false_0.70,0.6238,0.6029,0.6438
oracle,both,G6,r4_below,0.0000,0.0000,0.0000
oracle,both,G6,r4_false_at_task,0.6712,0.6500,0.6924
oracle,both,G6,r4_declared,5.5420,5.3940,5.6860
oracle,both,G6,r5_late_answers,5.8397,5.7109,5.9726
oracle,both,G6,r5_never,0.5451,0.5291,0.5620
oracle,both,G6,r6_lag,0.0000,0.0000,0.0000
oracle,both,G6,r7_error_5,0.0000,0.0000,0.0000
oracle,both,G6,r7_error_10,0.0000,0.0000,0.0000
oracle,both,G6,r7_longest_wrong,1.6200,1.5620,1.6820
oracle,both,G6,r7_hard_first,0.0093,0.0066,0.0122
oracle,both,G6,r4b_chance_below_0.5,0.0201,0.0084,0.0345
oracle,both,G6,r4b_chance_0.5_to_0.6,0.0670,0.0631,0.0710
oracle,both,G6,r4b_chance_0.6_to_0.7,0.4591,0.4391,0.4770
oracle,both,G6,r4b_chance_0.7_to_0.8,0.2568,0.2489,0.2649
oracle,both,G6,r4b_chance_0.8_up,0.1971,0.1775,0.2183
oracle,both,G6,r3_reachable,0.8249,0.8102,0.8389
oracle,both,G6,r2_ece,0.0148,0.0137,0.0169
oracle,both,G6,r4b_3,0.0000,0.0000,0.0000
oracle,both,G6,r4b_5,0.3969,0.3788,0.4147
oracle,both,G6,r4b_10,0.7931,0.7787,0.8080
oracle,both,G6,r4b_20,0.9684,0.9603,0.9759
oracle,both,G6,r4b_50,0.9981,0.9944,1.0000
oracle,both,G7,r1_rms_5,0.0000,0.0000,0.0000
oracle,both,G7,r1_mean_5,0.0000,0.0000,0.0000
oracle,both,G7,r1_rms_10,0.0000,0.0000,0.0000
oracle,both,G7,r1_mean_10,0.0000,0.0000,0.0000
oracle,both,G7,r1_rms_20,0.0000,0.0000,0.0000
oracle,both,G7,r1_mean_20,0.0000,0.0000,0.0000
oracle,both,G7,r1_rms_50,0.0000,0.0000,0.0000
oracle,both,G7,r1_mean_50,0.0000,0.0000,0.0000
oracle,both,G7,r1_rms_100,0.0000,0.0000,0.0000
oracle,both,G7,r1_mean_100,0.0000,0.0000,0.0000
oracle,both,G7,r1_rms_200,0.0000,0.0000,0.0000
oracle,both,G7,r1_mean_200,0.0000,0.0000,0.0000
oracle,both,G7,r2_brier,0.1740,0.1722,0.1757
oracle,both,G7,r2_bias,0.0077,0.0059,0.0095
oracle,both,G7,r3_inside,0.5632,0.5591,0.5672
oracle,both,G7,r3_below_0.5,0.0159,0.0135,0.0187
oracle,both,G7,r3_above_0.95,0.0017,0.0014,0.0020
oracle,both,G7,r4_false,0.6654,0.6465,0.6837
oracle,both,G7,r4_false_0.70,0.5822,0.5619,0.6022
oracle,both,G7,r4_below,0.0000,0.0000,0.0000
oracle,both,G7,r4_false_at_task,0.6654,0.6478,0.6840
oracle,both,G7,r4_declared,5.5200,5.3720,5.6650
oracle,both,G7,r5_late_answers,6.6372,6.4796,6.7952
oracle,both,G7,r5_never,0.5424,0.5265,0.5579
oracle,both,G7,r6_lag,0.0000,0.0000,0.0000
oracle,both,G7,r7_error_5,0.0000,0.0000,0.0000
oracle,both,G7,r7_error_10,0.0000,0.0000,0.0000
oracle,both,G7,r7_longest_wrong,1.7080,1.6520,1.7660
oracle,both,G7,r7_hard_first,0.0225,0.0188,0.0264
oracle,both,G7,r4b_chance_below_0.5,0.0506,0.0420,0.0612
oracle,both,G7,r4b_chance_0.5_to_0.6,0.1147,0.1078,0.1215
oracle,both,G7,r4b_chance_0.6_to_0.7,0.2573,0.2498,0.2653
oracle,both,G7,r4b_chance_0.7_to_0.8,0.3709,0.3625,0.3790
oracle,both,G7,r4b_chance_0.8_up,0.2065,0.1963,0.2171
oracle,both,G7,r3_reachable,0.9651,0.9578,0.9709
oracle,both,G7,r2_ece,0.0078,0.0059,0.0097
oracle,both,G7,r4b_3,0.0000,0.0000,0.0000
oracle,both,G7,r4b_5,0.3709,0.3540,0.3884
oracle,both,G7,r4b_10,0.7971,0.7841,0.8106
oracle,both,G7,r4b_20,0.9745,0.9687,0.9801
oracle,both,G7,r4b_50,0.9981,0.9957,1.0000
oracle,both,G8,r1_rms_5,0.0000,0.0000,0.0000
oracle,both,G8,r1_mean_5,0.0000,0.0000,0.0000
oracle,both,G8,r1_rms_10,0.0000,0.0000,0.0000
oracle,both,G8,r1_mean_10,0.0000,0.0000,0.0000
oracle,both,G8,r1_rms_20,0.0000,0.0000,0.0000
oracle,both,G8,r1_mean_20,0.0000,0.0000,0.0000
oracle,both,G8,r1_rms_50,0.0000,0.0000,0.0000
oracle,both,G8,r1_mean_50,0.0000,0.0000,0.0000
oracle,both,G8,r1_rms_100,0.0000,0.0000,0.0000
oracle,both,G8,r1_mean_100,0.0000,0.0000,0.0000
oracle,both,G8,r1_rms_200,0.0000,0.0000,0.0000
oracle,both,G8,r1_mean_200,0.0000,0.0000,0.0000
oracle,both,G8,r2_brier,0.1699,0.1687,0.1711
oracle,both,G8,r2_bias,0.0075,0.0056,0.0092
oracle,both,G8,r3_inside,0.6125,0.6083,0.6162
oracle,both,G8,r3_below_0.5,0.0067,0.0036,0.0106
oracle,both,G8,r3_above_0.95,0.0010,0.0009,0.0012
oracle,both,G8,r4_false,0.7522,0.7358,0.7678
oracle,both,G8,r4_false_0.70,0.5199,0.5005,0.5396
oracle,both,G8,r4_below,0.0000,0.0000,0.0000
oracle,both,G8,r4_false_at_task,0.7522,0.7362,0.7676
oracle,both,G8,r4_declared,5.4030,5.2660,5.5400
oracle,both,G8,r5_late_answers,7.3316,7.1183,7.5609
oracle,both,G8,r5_never,0.6736,0.6580,0.6891
oracle,both,G8,r6_lag,0.0000,0.0000,0.0000
oracle,both,G8,r7_error_5,0.0000,0.0000,0.0000
oracle,both,G8,r7_error_10,0.0000,0.0000,0.0000
oracle,both,G8,r7_longest_wrong,1.6180,1.5680,1.6710
oracle,both,G8,r7_hard_first,0.0071,0.0043,0.0108
oracle,both,G8,r4b_chance_below_0.5,0.0276,0.0134,0.0446
oracle,both,G8,r4b_chance_0.5_to_0.6,0.0704,0.0659,0.0751
oracle,both,G8,r4b_chance_0.6_to_0.7,0.2459,0.2396,0.2520
oracle,both,G8,r4b_chance_0.7_to_0.8,0.4150,0.4039,0.4246
oracle,both,G8,r4b_chance_0.8_up,0.2411,0.2334,0.2481
oracle,both,G8,r3_reachable,0.9710,0.9638,0.9777
oracle,both,G8,r2_ece,0.0075,0.0058,0.0093
oracle,both,G8,r4b_3,0.0000,0.0000,0.0000
oracle,both,G8,r4b_5,0.3155,0.3014,0.3307
oracle,both,G8,r4b_10,0.7121,0.6967,0.7272
oracle,both,G8,r4b_20,0.9430,0.9335,0.9518
oracle,both,G8,r4b_50,0.9951,0.9904,1.0000
oracle,both,G0-exact,r1_rms_5,0.0000,0.0000,0.0000
oracle,both,G0-exact,r1_mean_5,0.0000,0.0000,0.0000
oracle,both,G0-exact,r1_rms_10,0.0000,0.0000,0.0000
oracle,both,G0-exact,r1_mean_10,0.0000,0.0000,0.0000
oracle,both,G0-exact,r1_rms_20,0.0000,0.0000,0.0000
oracle,both,G0-exact,r1_mean_20,0.0000,0.0000,0.0000
oracle,both,G0-exact,r1_rms_50,0.0000,0.0000,0.0000
oracle,both,G0-exact,r1_mean_50,0.0000,0.0000,0.0000
oracle,both,G0-exact,r1_rms_100,0.0000,0.0000,0.0000
oracle,both,G0-exact,r1_mean_100,0.0000,0.0000,0.0000
oracle,both,G0-exact,r1_rms_200,0.0000,0.0000,0.0000
oracle,both,G0-exact,r1_mean_200,0.0000,0.0000,0.0000
oracle,both,G0-exact,r2_brier,0.1634,0.1622,0.1646
oracle,both,G0-exact,r2_bias,-0.0005,-0.0022,0.0013
oracle,both,G0-exact,r3_inside,0.9698,0.9630,0.9759
oracle,both,G0-exact,r3_below_0.5,0.0023,0.0003,0.0050
oracle,both,G0-exact,r3_above_0.95,0.0000,0.0000,0.0000
oracle,both,G0-exact,r4_false,0.7501,0.7318,0.7675
oracle,both,G0-exact,r4_false_0.70,0.5118,0.4909,0.5323
oracle,both,G0-exact,r4_below,0.0000,0.0000,0.0000
oracle,both,G0-exact,r4_false_at_task,0.7501,0.7329,0.7670
oracle,both,G0-exact,r4_declared,5.5060,5.3600,5.6600
oracle,both,G0-exact,r5_late_answers,6.2907,6.1278,6.4575
oracle,both,G0-exact,r5_never,0.6542,0.6382,0.6704
oracle,both,G0-exact,r6_lag,0.0000,0.0000,0.0000
oracle,both,G0-exact,r7_error_5,0.0000,0.0000,0.0000
oracle,both,G0-exact,r7_error_10,0.0000,0.0000,0.0000
oracle,both,G0-exact,r7_longest_wrong,1.5990,1.5440,1.6520
oracle,both,G0-exact,r7_hard_first,0.0017,0.0003,0.0036
oracle,both,G0-exact,r4b_chance_below_0.5,0.0089,0.0006,0.0206
oracle,both,G0-exact,r4b_chance_0.5_to_0.6,0.0060,0.0010,0.0126
oracle,both,G0-exact,r4b_chance_0.6_to_0.7,0.0244,0.0184,0.0304
oracle,both,G0-exact,r4b_chance_0.7_to_0.8,0.9607,0.9425,0.9753
oracle,both,G0-exact,r4b_chance_0.8_up,0.0000,0.0000,0.0000
oracle,both,G0-exact,r3_reachable,0.9698,0.9633,0.9757
oracle,both,G0-exact,r2_ece,0.0006,0.0004,0.0027
oracle,both,G0-exact,r4b_3,0.0000,0.0000,0.0000
oracle,both,G0-exact,r4b_5,0.4138,0.3981,0.4285
oracle,both,G0-exact,r4b_10,0.8449,0.8336,0.8559
oracle,both,G0-exact,r4b_20,0.9861,0.9819,0.9902
oracle,both,G0-exact,r4b_50,0.9996,0.9987,1.0000
oracle,both,G0-miss0.25,r1_rms_5,0.0000,0.0000,0.0000
oracle,both,G0-miss0.25,r1_mean_5,0.0000,0.0000,0.0000
oracle,both,G0-miss0.25,r1_rms_10,0.0000,0.0000,0.0000
oracle,both,G0-miss0.25,r1_mean_10,0.0000,0.0000,0.0000
oracle,both,G0-miss0.25,r1_rms_20,0.0000,0.0000,0.0000
oracle,both,G0-miss0.25,r1_mean_20,0.0000,0.0000,0.0000
oracle,both,G0-miss0.25,r1_rms_50,0.0000,0.0000,0.0000
oracle,both,G0-miss0.25,r1_mean_50,0.0000,0.0000,0.0000
oracle,both,G0-miss0.25,r1_rms_100,0.0000,0.0000,0.0000
oracle,both,G0-miss0.25,r1_mean_100,0.0000,0.0000,0.0000
oracle,both,G0-miss0.25,r1_rms_200,0.0000,0.0000,0.0000
oracle,both,G0-miss0.25,r1_mean_200,0.0000,0.0000,0.0000
oracle,both,G0-miss0.25,r2_brier,0.1664,0.1652,0.1676
oracle,both,G0-miss0.25,r2_bias,0.0026,0.0007,0.0044
oracle,both,G0-miss0.25,r3_inside,0.8384,0.8317,0.8445
oracle,both,G0-miss0.25,r3_below_0.5,0.0031,0.0010,0.0059
oracle,both,G0-miss0.25,r3_above_0.95,0.0000,0.0000,0.0000
oracle,both,G0-miss0.25,r4_false,0.7553,0.7397,0.7717
oracle,both,G0-miss0.25,r4_false_0.70,0.5368,0.5164,0.5572
oracle,both,G0-miss0.25,r4_below,0.0000,0.0000,0.0000
oracle,both,G0-miss0.25,r4_false_at_task,0.7553,0.7399,0.7704
oracle,both,G0-miss0.25,r4_declared,5.7170,5.5600,5.8750
oracle,both,G0-miss0.25,r5_late_answers,6.4317,6.2667,6.6037
oracle,both,G0-miss0.25,r5_never,0.6463,0.6298,0.6619
oracle,both,G0-miss0.25,r6_lag,0.0000,0.0000,0.0000
oracle,both,G0-miss0.25,r7_error_5,0.0000,0.0000,0.0000
oracle,both,G0-miss0.25,r7_error_10,0.0000,0.0000,0.0000
oracle,both,G0-miss0.25,r7_longest_wrong,1.6080,1.5580,1.6600
oracle,both,G0-miss0.25,r7_hard_first,0.0030,0.0009,0.0056
oracle,both,G0-miss0.25,r4b_chance_below_0.5,0.0126,0.0026,0.0252
oracle,both,G0-miss0.25,r4b_chance_0.5_to_0.6,0.0145,0.0072,0.0228
oracle,both,G0-miss0.25,r4b_chance_0.6_to_0.7,0.1924,0.1859,0.1991
oracle,both,G0-miss0.25,r4b_chance_0.7_to_0.8,0.6774,0.6610,0.6915
oracle,both,G0-miss0.25,r4b_chance_0.8_up,0.1031,0.0986,0.1078
oracle,both,G0-miss0.25,r3_reachable,0.9721,0.9652,0.9787
oracle,both,G0-miss0.25,r2_ece,0.0027,0.0018,0.0047
oracle,both,G0-miss0.25,r4b_3,0.0000,0.0000,0.0000
oracle,both,G0-miss0.25,r4b_5,0.4179,0.4033,0.4328
oracle,both,G0-miss0.25,r4b_10,0.8385,0.8271,0.8497
oracle,both,G0-miss0.25,r4b_20,0.9847,0.9798,0.9893
oracle,both,G0-miss0.25,r4b_50,0.9987,0.9974,1.0000
oracle,both,G0-miss1,r1_rms_5,0.0000,0.0000,0.0000
oracle,both,G0-miss1,r1_mean_5,0.0000,0.0000,0.0000
oracle,both,G0-miss1,r1_rms_10,0.0000,0.0000,0.0000
oracle,both,G0-miss1,r1_mean_10,0.0000,0.0000,0.0000
oracle,both,G0-miss1,r1_rms_20,0.0000,0.0000,0.0000
oracle,both,G0-miss1,r1_mean_20,0.0000,0.0000,0.0000
oracle,both,G0-miss1,r1_rms_50,0.0000,0.0000,0.0000
oracle,both,G0-miss1,r1_mean_50,0.0000,0.0000,0.0000
oracle,both,G0-miss1,r1_rms_100,0.0000,0.0000,0.0000
oracle,both,G0-miss1,r1_mean_100,0.0000,0.0000,0.0000
oracle,both,G0-miss1,r1_rms_200,0.0000,0.0000,0.0000
oracle,both,G0-miss1,r1_mean_200,0.0000,0.0000,0.0000
oracle,both,G0-miss1,r2_brier,0.1807,0.1796,0.1819
oracle,both,G0-miss1,r2_bias,0.0281,0.0262,0.0300
oracle,both,G0-miss1,r3_inside,0.3577,0.3553,0.3602
oracle,both,G0-miss1,r3_below_0.5,0.0654,0.0630,0.0684
oracle,both,G0-miss1,r3_above_0.95,0.0530,0.0518,0.0542
oracle,both,G0-miss1,r4_false,0.7424,0.7262,0.7595
oracle,both,G0-miss1,r4_false_0.70,0.5228,0.5027,0.5420
oracle,both,G0-miss1,r4_below,0.0000,0.0000,0.0000
oracle,both,G0-miss1,r4_false_at_task,0.7424,0.7259,0.7582
oracle,both,G0-miss1,r4_declared,5.5390,5.3900,5.6930
oracle,both,G0-miss1,r5_late_answers,6.4933,6.3322,6.6558
oracle,both,G0-miss1,r5_never,0.6430,0.6275,0.6585
oracle,both,G0-miss1,r6_lag,0.0000,0.0000,0.0000
oracle,both,G0-miss1,r7_error_5,0.0000,0.0000,0.0000
oracle,both,G0-miss1,r7_error_10,0.0000,0.0000,0.0000
oracle,both,G0-miss1,r7_longest_wrong,1.7260,1.6740,1.7820
oracle,both,G0-miss1,r7_hard_first,0.0799,0.0743,0.0856
oracle,both,G0-miss1,r4b_chance_below_0.5,0.1156,0.1055,0.1291
oracle,both,G0-miss1,r4b_chance_0.5_to_0.6,0.1249,0.1211,0.1290
oracle,both,G0-miss1,r4b_chance_0.6_to_0.7,0.1748,0.1700,0.1793
oracle,both,G0-miss1,r4b_chance_0.7_to_0.8,0.2275,0.2219,0.2329
oracle,both,G0-miss1,r4b_chance_0.8_up,0.3573,0.3495,0.3650
oracle,both,G0-miss1,r3_reachable,0.9759,0.9697,0.9814
oracle,both,G0-miss1,r2_ece,0.0283,0.0265,0.0303
oracle,both,G0-miss1,r4b_3,0.0000,0.0000,0.0000
oracle,both,G0-miss1,r4b_5,0.3752,0.3603,0.3897
oracle,both,G0-miss1,r4b_10,0.7989,0.7858,0.8123
oracle,both,G0-miss1,r4b_20,0.9778,0.9718,0.9837
oracle,both,G0-miss1,r4b_50,1.0000,0.9977,1.0000
oracle,both,G2-half,r1_rms_5,0.0000,0.0000,0.0000
oracle,both,G2-half,r1_mean_5,0.0000,0.0000,0.0000
oracle,both,G2-half,r1_rms_10,0.0000,0.0000,0.0000
oracle,both,G2-half,r1_mean_10,0.0000,0.0000,0.0000
oracle,both,G2-half,r1_rms_20,0.0000,0.0000,0.0000
oracle,both,G2-half,r1_mean_20,0.0000,0.0000,0.0000
oracle,both,G2-half,r1_rms_50,0.0000,0.0000,0.0000
oracle,both,G2-half,r1_mean_50,0.0000,0.0000,0.0000
oracle,both,G2-half,r1_rms_100,0.0000,0.0000,0.0000
oracle,both,G2-half,r1_mean_100,0.0000,0.0000,0.0000
oracle,both,G2-half,r1_rms_200,0.0000,0.0000,0.0000
oracle,both,G2-half,r1_mean_200,0.0000,0.0000,0.0000
oracle,both,G2-half,r2_brier,0.1769,0.1759,0.1780
oracle,both,G2-half,r2_bias,0.0068,0.0050,0.0087
oracle,both,G2-half,r3_inside,0.6003,0.5973,0.6031
oracle,both,G2-half,r3_below_0.5,0.0054,0.0041,0.0071
oracle,both,G2-half,r3_above_0.95,0.0010,0.0008,0.0012
oracle,both,G2-half,r4_false,0.7258,0.7106,0.7412
oracle,both,G2-half,r4_false_0.70,0.4732,0.4575,0.4890
oracle,both,G2-half,r4_below,0.0000,0.0000,0.0000
oracle,both,G2-half,r4_false_at_task,0.7258,0.7101,0.7408
oracle,both,G2-half,r4_declared,12.6630,12.4540,12.8640
oracle,both,G2-half,r5_late_answers,8.8021,8.6426,8.9721
oracle,both,G2-half,r5_never,0.2735,0.2548,0.2916
oracle,both,G2-half,r6_lag,0.0000,0.0000,0.0000
oracle,both,G2-half,r7_error_5,0.0000,0.0000,0.0000
oracle,both,G2-half,r7_error_10,0.0000,0.0000,0.0000
oracle,both,G2-half,r7_longest_wrong,1.6540,1.6010,1.7100
oracle,both,G2-half,r7_hard_first,0.0077,0.0048,0.0114
oracle,both,G2-half,r4b_chance_below_0.5,0.0143,0.0093,0.0202
oracle,both,G2-half,r4b_chance_0.5_to_0.6,0.0786,0.0758,0.0817
oracle,both,G2-half,r4b_chance_0.6_to_0.7,0.2605,0.2561,0.2649
oracle,both,G2-half,r4b_chance_0.7_to_0.8,0.4187,0.4129,0.4243
oracle,both,G2-half,r4b_chance_0.8_up,0.2279,0.2229,0.2327
oracle,both,G2-half,r3_reachable,0.9661,0.9626,0.9693
oracle,both,G2-half,r2_ece,0.0069,0.0051,0.0087
oracle,both,G2-half,r4b_3,0.1598,0.1518,0.1675
oracle,both,G2-half,r4b_5,0.4387,0.4258,0.4507
oracle,both,G2-half,r4b_10,0.8150,0.8022,0.8269
oracle,both,G2-half,r4b_20,0.9868,0.9817,0.9911
oracle,both,G2-half,r4b_50,0.9991,0.9970,1.0000
oracle,both,G2-fading,r1_rms_5,0.0000,0.0000,0.0000
oracle,both,G2-fading,r1_mean_5,0.0000,0.0000,0.0000
oracle,both,G2-fading,r1_rms_10,0.0000,0.0000,0.0000
oracle,both,G2-fading,r1_mean_10,0.0000,0.0000,0.0000
oracle,both,G2-fading,r1_rms_20,0.0000,0.0000,0.0000
oracle,both,G2-fading,r1_mean_20,0.0000,0.0000,0.0000
oracle,both,G2-fading,r1_rms_50,0.0000,0.0000,0.0000
oracle,both,G2-fading,r1_mean_50,0.0000,0.0000,0.0000
oracle,both,G2-fading,r1_rms_100,0.0000,0.0000,0.0000
oracle,both,G2-fading,r1_mean_100,0.0000,0.0000,0.0000
oracle,both,G2-fading,r1_rms_200,0.0000,0.0000,0.0000
oracle,both,G2-fading,r1_mean_200,0.0000,0.0000,0.0000
oracle,both,G2-fading,r2_brier,0.1739,0.1727,0.1750
oracle,both,G2-fading,r2_bias,0.0051,0.0032,0.0070
oracle,both,G2-fading,r3_inside,0.5973,0.5941,0.6002
oracle,both,G2-fading,r3_below_0.5,0.0056,0.0040,0.0075
oracle,both,G2-fading,r3_above_0.95,0.0011,0.0010,0.0013
oracle,both,G2-fading,r4_false,0.7096,0.6950,0.7235
oracle,both,G2-fading,r4_false_0.70,0.4562,0.4403,0.4715
oracle,both,G2-fading,r4_below,0.0000,0.0000,0.0000
oracle,both,G2-fading,r4_false_at_task,0.7096,0.6948,0.7244
oracle,both,G2-fading,r4_declared,11.4120,11.2360,11.5810
oracle,both,G2-fading,r5_late_answers,9.5162,9.3297,9.7140
oracle,both,G2-fading,r5_never,0.2540,0.2355,0.2739
oracle,both,G2-fading,r6_lag,0.0000,0.0000,0.0000
oracle,both,G2-fading,r7_error_5,0.0000,0.0000,0.0000
oracle,both,G2-fading,r7_error_10,0.0000,0.0000,0.0000
oracle,both,G2-fading,r7_longest_wrong,1.5810,1.5330,1.6340
oracle,both,G2-fading,r7_hard_first,0.0063,0.0032,0.0100
oracle,both,G2-fading,r4b_chance_below_0.5,0.0162,0.0103,0.0240
oracle,both,G2-fading,r4b_chance_0.5_to_0.6,0.0803,0.0771,0.0836
oracle,both,G2-fading,r4b_chance_0.6_to_0.7,0.2657,0.2608,0.2705
oracle,both,G2-fading,r4b_chance_0.7_to_0.8,0.4165,0.4101,0.4223
oracle,both,G2-fading,r4b_chance_0.8_up,0.2213,0.2165,0.2259
oracle,both,G2-fading,r3_reachable,0.9596,0.9559,0.9631
oracle,both,G2-fading,r2_ece,0.0055,0.0037,0.0074
oracle,both,G2-fading,r4b_3,0.1584,0.1490,0.1674
oracle,both,G2-fading,r4b_5,0.4594,0.4464,0.4720
oracle,both,G2-fading,r4b_10,0.8351,0.8237,0.8454
oracle,both,G2-fading,r4b_20,0.9856,0.9811,0.9898
oracle,both,G2-fading,r4b_50,0.9996,0.9986,1.0000
oracle,both,G3-drop,r1_rms_5,0.0000,0.0000,0.0000
oracle,both,G3-drop,r1_mean_5,0.0000,0.0000,0.0000
oracle,both,G3-drop,r1_rms_10,0.0000,0.0000,0.0000
oracle,both,G3-drop,r1_mean_10,0.0000,0.0000,0.0000
oracle,both,G3-drop,r1_rms_20,0.0000,0.0000,0.0000
oracle,both,G3-drop,r1_mean_20,0.0000,0.0000,0.0000
oracle,both,G3-drop,r1_rms_50,0.0000,0.0000,0.0000
oracle,both,G3-drop,r1_mean_50,0.0000,0.0000,0.0000
oracle,both,G3-drop,r1_rms_100,0.0000,0.0000,0.0000
oracle,both,G3-drop,r1_mean_100,0.0000,0.0000,0.0000
oracle,both,G3-drop,r1_rms_200,0.0000,0.0000,0.0000
oracle,both,G3-drop,r1_mean_200,0.0000,0.0000,0.0000
oracle,both,G3-drop,r2_brier,0.1716,0.1704,0.1728
oracle,both,G3-drop,r2_bias,0.0082,0.0064,0.0100
oracle,both,G3-drop,r3_inside,0.6058,0.6006,0.6105
oracle,both,G3-drop,r3_below_0.5,0.0148,0.0104,0.0198
oracle,both,G3-drop,r3_above_0.95,0.0010,0.0008,0.0011
oracle,both,G3-drop,r4_false,0.7708,0.7559,0.7853
oracle,both,G3-drop,r4_false_0.70,0.5444,0.5251,0.5642
oracle,both,G3-drop,r4_below,0.0000,0.0000,0.0000
oracle,both,G3-drop,r4_false_at_task,0.7708,0.7567,0.7852
oracle,both,G3-drop,r4_declared,6.0120,5.8560,6.1630
oracle,both,G3-drop,r5_late_answers,5.8157,5.6475,5.9825
oracle,both,G3-drop,r5_never,0.6514,0.6375,0.6653
oracle,both,G3-drop,r6_lag,0.0000,0.0000,0.0000
oracle,both,G3-drop,r6_jump_answers,0.0000,0.0000,0.0000
oracle,both,G3-drop,r6_jump_unsettled,0.0000,0.0000,0.0000
oracle,both,G3-drop,r7_error_5,0.0000,0.0000,0.0000
oracle,both,G3-drop,r7_error_10,0.0000,0.0000,0.0000
oracle,both,G3-drop,r7_longest_wrong,1.6470,1.5930,1.7010
oracle,both,G3-drop,r7_hard_first,0.0067,0.0043,0.0099
oracle,both,G3-drop,r4b_chance_below_0.5,0.0596,0.0402,0.0793
oracle,both,G3-drop,r4b_chance_0.5_to_0.6,0.0753,0.0707,0.0803
oracle,both,G3-drop,r4b_chance_0.6_to_0.7,0.2403,0.2340,0.2467
oracle,both,G3-drop,r4b_chance_0.7_to_0.8,0.4000,0.3874,0.4118
oracle,both,G3-drop,r4b_chance_0.8_up,0.2248,0.2164,0.2328
oracle,both,G3-drop,r3_reachable,0.9582,0.9495,0.9658
oracle,both,G3-drop,r2_ece,0.0086,0.0069,0.0105
oracle,both,G3-drop,r4b_3,0.0247,0.0200,0.0297
oracle,both,G3-drop,r4b_5,0.3903,0.3754,0.4046
oracle,both,G3-drop,r4b_10,0.8001,0.7867,0.8130
oracle,both,G3-drop,r4b_20,0.9694,0.9621,0.9765
oracle,both,G3-drop,r4b_50,0.9961,0.9916,1.0000
oracle,both,G0-start0.5,r1_rms_5,0.0000,0.0000,0.0000
oracle,both,G0-start0.5,r1_mean_5,0.0000,0.0000,0.0000
oracle,both,G0-start0.5,r1_rms_10,0.0000,0.0000,0.0000
oracle,both,G0-start0.5,r1_mean_10,0.0000,0.0000,0.0000
oracle,both,G0-start0.5,r1_rms_20,0.0000,0.0000,0.0000
oracle,both,G0-start0.5,r1_mean_20,0.0000,0.0000,0.0000
oracle,both,G0-start0.5,r1_rms_50,0.0000,0.0000,0.0000
oracle,both,G0-start0.5,r1_mean_50,0.0000,0.0000,0.0000
oracle,both,G0-start0.5,r1_rms_100,0.0000,0.0000,0.0000
oracle,both,G0-start0.5,r1_mean_100,0.0000,0.0000,0.0000
oracle,both,G0-start0.5,r1_rms_200,0.0000,0.0000,0.0000
oracle,both,G0-start0.5,r1_mean_200,0.0000,0.0000,0.0000
oracle,both,G0-start0.5,r2_brier,0.1677,0.1665,0.1689
oracle,both,G0-start0.5,r2_bias,0.0074,0.0054,0.0093
oracle,both,G0-start0.5,r3_inside,0.6168,0.6141,0.6194
oracle,both,G0-start0.5,r3_below_0.5,0.0019,0.0017,0.0021
oracle,both,G0-start0.5,r3_above_0.95,0.0011,0.0010,0.0013
oracle,both,G0-start0.5,r4_false,0.7572,0.7446,0.7702
oracle,both,G0-start0.5,r4_false_0.70,0.5177,0.4986,0.5361
oracle,both,G0-start0.5,r4_below,0.0000,0.0000,0.0000
oracle,both,G0-start0.5,r4_false_at_task,0.7572,0.7439,0.7709
oracle,both,G0-start0.5,r4_declared,5.4650,5.3230,5.6120
oracle,both,G0-start0.5,r5_late_answers,6.3926,6.2283,6.5591
oracle,both,G0-start0.5,r5_never,0.6309,0.6136,0.6479
oracle,both,G0-start0.5,r6_lag,0.0000,0.0000,0.0000
oracle,both,G0-start0.5,r7_error_5,0.0000,0.0000,0.0000
oracle,both,G0-start0.5,r7_error_10,0.0000,0.0000,0.0000
oracle,both,G0-start0.5,r7_longest_wrong,1.5810,1.5290,1.6320
oracle,both,G0-start0.5,r7_hard_first,0.0032,0.0021,0.0044
oracle,both,G0-start0.5,r4b_chance_below_0.5,0.0069,0.0059,0.0079
oracle,both,G0-start0.5,r4b_chance_0.5_to_0.6,0.0636,0.0608,0.0664
oracle,both,G0-start0.5,r4b_chance_0.6_to_0.7,0.2519,0.2468,0.2568
oracle,both,G0-start0.5,r4b_chance_0.7_to_0.8,0.4314,0.4260,0.4365
oracle,both,G0-start0.5,r4b_chance_0.8_up,0.2462,0.2410,0.2515
oracle,both,G0-start0.5,r3_reachable,0.9742,0.9692,0.9786
oracle,both,G0-start0.5,r2_ece,0.0074,0.0056,0.0092
oracle,both,G0-start0.5,r4b_3,0.0000,0.0000,0.0000
oracle,both,G0-start0.5,r4b_5,0.4072,0.3922,0.4217
oracle,both,G0-start0.5,r4b_10,0.8258,0.8145,0.8368
oracle,both,G0-start0.5,r4b_20,0.9856,0.9817,0.9893
oracle,both,G0-start0.5,r4b_50,1.0000,0.9989,1.0000
oracle,both,G0-start2,r1_rms_5,0.0000,0.0000,0.0000
oracle,both,G0-start2,r1_mean_5,0.0000,0.0000,0.0000
oracle,both,G0-start2,r1_rms_10,0.0000,0.0000,0.0000
oracle,both,G0-start2,r1_mean_10,0.0000,0.0000,0.0000
oracle,both,G0-start2,r1_rms_20,0.0000,0.0000,0.0000
oracle,both,G0-start2,r1_mean_20,0.0000,0.0000,0.0000
oracle,both,G0-start2,r1_rms_50,0.0000,0.0000,0.0000
oracle,both,G0-start2,r1_mean_50,0.0000,0.0000,0.0000
oracle,both,G0-start2,r1_rms_100,0.0000,0.0000,0.0000
oracle,both,G0-start2,r1_mean_100,0.0000,0.0000,0.0000
oracle,both,G0-start2,r1_rms_200,0.0000,0.0000,0.0000
oracle,both,G0-start2,r1_mean_200,0.0000,0.0000,0.0000
oracle,both,G0-start2,r2_brier,0.1707,0.1692,0.1723
oracle,both,G0-start2,r2_bias,0.0082,0.0064,0.0101
oracle,both,G0-start2,r3_inside,0.5820,0.5729,0.5911
oracle,both,G0-start2,r3_below_0.5,0.0378,0.0282,0.0487
oracle,both,G0-start2,r3_above_0.95,0.0063,0.0031,0.0099
oracle,both,G0-start2,r4_false,0.7148,0.6940,0.7358
oracle,both,G0-start2,r4_false_0.70,0.5150,0.4908,0.5381
oracle,both,G0-start2,r4_below,0.0000,0.0000,0.0000
oracle,both,G0-start2,r4_false_at_task,0.7148,0.6951,0.7354
oracle,both,G0-start2,r4_declared,5.7090,5.5320,5.8880
oracle,both,G0-start2,r5_late_answers,6.4896,6.3266,6.6565
oracle,both,G0-start2,r5_never,0.6621,0.6449,0.6795
oracle,both,G0-start2,r6_lag,0.0000,0.0000,0.0000
oracle,both,G0-start2,r7_error_5,0.0000,0.0000,0.0000
oracle,both,G0-start2,r7_error_10,0.0000,0.0000,0.0000
oracle,both,G0-start2,r7_longest_wrong,1.7900,1.7230,1.8690
oracle,both,G0-start2,r7_hard_first,0.0376,0.0278,0.0480
oracle,both,G0-start2,r4b_chance_below_0.5,0.1739,0.1323,0.2183
oracle,both,G0-start2,r4b_chance_0.5_to_0.6,0.0777,0.0703,0.0855
oracle,both,G0-start2,r4b_chance_0.6_to_0.7,0.2111,0.1989,0.2227
oracle,both,G0-start2,r4b_chance_0.7_to_0.8,0.3428,0.3218,0.3654
oracle,both,G0-start2,r4b_chance_0.8_up,0.1945,0.1810,0.2082
oracle,both,G0-start2,r3_reachable,0.9151,0.8996,0.9294
oracle,both,G0-start2,r2_ece,0.0090,0.0072,0.0109
oracle,both,G0-start2,r4b_3,0.0000,0.0000,0.0000
oracle,both,G0-start2,r4b_5,0.3641,0.3481,0.3810
oracle,both,G0-start2,r4b_10,0.7755,0.7576,0.7927
oracle,both,G0-start2,r4b_20,0.9443,0.9301,0.9578
oracle,both,G0-start2,r4b_50,0.9821,0.9738,0.9893
oracle,both,G0-topics0.3,r1_rms_5,0.0000,0.0000,0.0000
oracle,both,G0-topics0.3,r1_mean_5,0.0000,0.0000,0.0000
oracle,both,G0-topics0.3,r1_rms_10,0.0000,0.0000,0.0000
oracle,both,G0-topics0.3,r1_mean_10,0.0000,0.0000,0.0000
oracle,both,G0-topics0.3,r1_rms_20,0.0000,0.0000,0.0000
oracle,both,G0-topics0.3,r1_mean_20,0.0000,0.0000,0.0000
oracle,both,G0-topics0.3,r1_rms_50,0.0000,0.0000,0.0000
oracle,both,G0-topics0.3,r1_mean_50,0.0000,0.0000,0.0000
oracle,both,G0-topics0.3,r1_rms_100,0.0000,0.0000,0.0000
oracle,both,G0-topics0.3,r1_mean_100,0.0000,0.0000,0.0000
oracle,both,G0-topics0.3,r1_rms_200,0.0000,0.0000,0.0000
oracle,both,G0-topics0.3,r1_mean_200,0.0000,0.0000,0.0000
oracle,both,G0-topics0.3,r2_brier,0.1697,0.1685,0.1709
oracle,both,G0-topics0.3,r2_bias,0.0086,0.0069,0.0105
oracle,both,G0-topics0.3,r3_inside,0.6128,0.6086,0.6166
oracle,both,G0-topics0.3,r3_below_0.5,0.0049,0.0029,0.0074
oracle,both,G0-topics0.3,r3_above_0.95,0.0010,0.0008,0.0011
oracle,both,G0-topics0.3,r4_false,0.7627,0.7451,0.7795
oracle,both,G0-topics0.3,r4_false_0.70,0.5238,0.5013,0.5474
oracle,both,G0-topics0.3,r4_below,0.0000,0.0000,0.0000
oracle,both,G0-topics0.3,r4_false_at_task,0.7627,0.7461,0.7803
oracle,both,G0-topics0.3,r4_declared,5.6800,5.5180,5.8440
oracle,both,G0-topics0.3,r5_late_answers,6.4266,6.2454,6.6131
oracle,both,G0-topics0.3,r5_never,0.6626,0.6430,0.6820
oracle,both,G0-topics0.3,r6_lag,0.0000,0.0000,0.0000
oracle,both,G0-topics0.3,r7_error_5,0.0000,0.0000,0.0000
oracle,both,G0-topics0.3,r7_error_10,0.0000,0.0000,0.0000
oracle,both,G0-topics0.3,r7_longest_wrong,1.6760,1.6250,1.7310
oracle,both,G0-topics0.3,r7_hard_first,0.0058,0.0036,0.0083
oracle,both,G0-topics0.3,r4b_chance_below_0.5,0.0175,0.0097,0.0277
oracle,both,G0-topics0.3,r4b_chance_0.5_to_0.6,0.0733,0.0683,0.0787
oracle,both,G0-topics0.3,r4b_chance_0.6_to_0.7,0.2462,0.2409,0.2517
oracle,both,G0-topics0.3,r4b_chance_0.7_to_0.8,0.4215,0.4123,0.4301
oracle,both,G0-topics0.3,r4b_chance_0.8_up,0.2414,0.2344,0.2479
oracle,both,G0-topics0.3,r3_reachable,0.9714,0.9641,0.9774
oracle,both,G0-topics0.3,r2_ece,0.0088,0.0071,0.0107
oracle,both,G0-topics0.3,r4b_3,0.0000,0.0000,0.0000
oracle,both,G0-topics0.3,r4b_5,0.3977,0.3829,0.4130
oracle,both,G0-topics0.3,r4b_10,0.8275,0.8164,0.8388
oracle,both,G0-topics0.3,r4b_20,0.9877,0.9837,0.9916
oracle,both,G0-topics0.3,r4b_50,0.9992,0.9975,1.0000
oracle,both,G0-topics1,r1_rms_5,0.0000,0.0000,0.0000
oracle,both,G0-topics1,r1_mean_5,0.0000,0.0000,0.0000
oracle,both,G0-topics1,r1_rms_10,0.0000,0.0000,0.0000
oracle,both,G0-topics1,r1_mean_10,0.0000,0.0000,0.0000
oracle,both,G0-topics1,r1_rms_20,0.0000,0.0000,0.0000
oracle,both,G0-topics1,r1_mean_20,0.0000,0.0000,0.0000
oracle,both,G0-topics1,r1_rms_50,0.0000,0.0000,0.0000
oracle,both,G0-topics1,r1_mean_50,0.0000,0.0000,0.0000
oracle,both,G0-topics1,r1_rms_100,0.0000,0.0000,0.0000
oracle,both,G0-topics1,r1_mean_100,0.0000,0.0000,0.0000
oracle,both,G0-topics1,r1_rms_200,0.0000,0.0000,0.0000
oracle,both,G0-topics1,r1_mean_200,0.0000,0.0000,0.0000
oracle,both,G0-topics1,r2_brier,0.1688,0.1676,0.1700
oracle,both,G0-topics1,r2_bias,0.0080,0.0063,0.0097
oracle,both,G0-topics1,r3_inside,0.6168,0.6139,0.6197
oracle,both,G0-topics1,r3_below_0.5,0.0030,0.0019,0.0050
oracle,both,G0-topics1,r3_above_0.95,0.0016,0.0012,0.0020
oracle,both,G0-topics1,r4_false,0.7268,0.7105,0.7432
oracle,both,G0-topics1,r4_false_0.70,0.5004,0.4829,0.5187
oracle,both,G0-topics1,r4_below,0.0000,0.0000,0.0000
oracle,both,G0-topics1,r4_false_at_task,0.7268,0.7118,0.7426
oracle,both,G0-topics1,r4_declared,5.5460,5.3970,5.6950
oracle,both,G0-topics1,r5_late_answers,6.5288,6.3580,6.6936
oracle,both,G0-topics1,r5_never,0.6564,0.6420,0.6703
oracle,both,G0-topics1,r6_lag,0.0000,0.0000,0.0000
oracle,both,G0-topics1,r7_error_5,0.0000,0.0000,0.0000
oracle,both,G0-topics1,r7_error_10,0.0000,0.0000,0.0000
oracle,both,G0-topics1,r7_longest_wrong,1.6070,1.5570,1.6570
oracle,both,G0-topics1,r7_hard_first,0.0046,0.0028,0.0070
oracle,both,G0-topics1,r4b_chance_below_0.5,0.0134,0.0068,0.0255
oracle,both,G0-topics1,r4b_chance_0.5_to_0.6,0.0644,0.0615,0.0673
oracle,both,G0-topics1,r4b_chance_0.6_to_0.7,0.2494,0.2434,0.2549
oracle,both,G0-topics1,r4b_chance_0.7_to_0.8,0.4254,0.4174,0.4319
oracle,both,G0-topics1,r4b_chance_0.8_up,0.2473,0.2413,0.2534
oracle,both,G0-topics1,r3_reachable,0.9788,0.9745,0.9829
oracle,both,G0-topics1,r2_ece,0.0081,0.0063,0.0098
oracle,both,G0-topics1,r4b_3,0.0000,0.0000,0.0000
oracle,both,G0-topics1,r4b_5,0.4077,0.3923,0.4232
oracle,both,G0-topics1,r4b_10,0.8326,0.8205,0.8444
oracle,both,G0-topics1,r4b_20,0.9868,0.9808,0.9915
oracle,both,G0-topics1,r4b_50,0.9988,0.9955,1.0000
