rule,structure,generator,metric,value,low,high
shrinking,both,G0,r1_rms_5,1.0198,0.9857,1.0556
shrinking,both,G0,r1_mean_5,-0.0343,-0.1021,0.0355
shrinking,both,G0,r1_rms_10,0.9513,0.9206,0.9818
shrinking,both,G0,r1_mean_10,-0.0579,-0.1173,0.0046
shrinking,both,G0,r1_rms_20,0.8459,0.8210,0.8710
shrinking,both,G0,r1_mean_20,-0.0805,-0.1297,-0.0303
shrinking,both,G0,r1_rms_50,0.6801,0.6644,0.6974
shrinking,both,G0,r1_mean_50,-0.0966,-0.1294,-0.0616
shrinking,both,G0,r1_rms_100,0.5648,0.5532,0.5773
shrinking,both,G0,r1_mean_100,-0.1056,-0.1290,-0.0817
shrinking,both,G0,r1_rms_200,0.4836,0.4757,0.4919
shrinking,both,G0,r1_mean_200,-0.0903,-0.1070,-0.0751
shrinking,both,G0,r2_brier,0.1738,0.1719,0.1756
shrinking,both,G0,r2_bias,0.0030,-0.0002,0.0060
shrinking,both,G0,r3_inside,0.4284,0.4230,0.4335
shrinking,both,G0,r3_below_0.5,0.0371,0.0335,0.0411
shrinking,both,G0,r3_above_0.95,0.0295,0.0267,0.0324
shrinking,both,G0,r4_false,0.0360,0.0308,0.0417
shrinking,both,G0,r4_false_0.70,0.0083,0.0060,0.0106
shrinking,both,G0,r4_below,0.5595,0.5411,0.5773
shrinking,both,G0,r4_false_at_task,0.0316,0.0240,0.0399
shrinking,both,G0,r4_declared,8.4750,8.0840,8.8670
shrinking,both,G0,r5_late_answers,4.6305,4.4690,4.7924
shrinking,both,G0,r5_never,0.1941,0.1797,0.2086
shrinking,both,G0,r6_lag,-0.1091,-0.1248,-0.0931
shrinking,both,G0,r7_error_5,0.8674,0.8275,0.9082
shrinking,both,G0,r7_error_10,0.7892,0.7531,0.8285
shrinking,both,G0,r7_longest_wrong,1.7620,1.7070,1.8160
shrinking,both,G0,r7_hard_first,0.1330,0.1218,0.1437
shrinking,both,G0,r4b_chance_below_0.5,0.0847,0.0750,0.0958
shrinking,both,G0,r4b_chance_0.5_to_0.6,0.1241,0.1179,0.1307
shrinking,both,G0,r4b_chance_0.6_to_0.7,0.2131,0.2071,0.2187
shrinking,both,G0,r4b_chance_0.7_to_0.8,0.2848,0.2774,0.2919
shrinking,both,G0,r4b_chance_0.8_up,0.2932,0.2795,0.3061
shrinking,both,G0,r3_reachable,0.9335,0.9245,0.9417
shrinking,both,G0,r8_rank_6_20,3.8133,3.3467,4.2733
shrinking,both,G0,r8_topic_rank_6_20,18.4467,17.5133,19.4467
shrinking,both,G0,r8_rank_150_200,1.6333,1.4000,1.9000
shrinking,both,G0,r8_topic_rank_150_200,8.9843,8.5863,9.3941
shrinking,both,G0,r9_kept_up_6_50,-0.0110,-0.0177,-0.0039
shrinking,both,G0,r9_kept_up_101_200,0.0024,-0.0003,0.0050
shrinking,both,G0,r10_shown,3.7480,3.5000,4.0080
shrinking,both,G0,r2_ece,0.0050,0.0032,0.0079
shrinking,both,G0,r4b_3,0.1565,0.1443,0.1697
shrinking,both,G0,r4b_5,0.1854,0.1708,0.2001
shrinking,both,G0,r4b_10,0.2010,0.1855,0.2164
shrinking,both,G0,r4b_20,0.2113,0.1950,0.2282
shrinking,both,G0,r4b_50,0.2192,0.1989,0.2408
shrinking,both,G0,r8_move_p95_6_20,73.0000,73.0000,74.0000
shrinking,both,G0,r8_move_p95_150_200,41.0000,40.0000,41.0000
shrinking,both,G0,r9_kept_up_later_less_earlier,0.0133,0.0069,0.0192
shrinking,both,G0,r10_taken_back_5,0.1761,0.1570,0.1955
shrinking,both,G0,r10_taken_back_10,0.3431,0.3117,0.3806
shrinking,both,G1,r1_rms_5,1.1039,1.0597,1.1474
shrinking,both,G1,r1_mean_5,-0.0548,-0.1355,0.0251
shrinking,both,G1,r1_rms_10,1.0359,0.9963,1.0754
shrinking,both,G1,r1_mean_10,-0.0865,-0.1586,-0.0167
shrinking,both,G1,r1_rms_20,0.9216,0.8904,0.9549
shrinking,both,G1,r1_mean_20,-0.1047,-0.1640,-0.0474
shrinking,both,G1,r1_rms_50,0.7373,0.7150,0.7597
shrinking,both,G1,r1_mean_50,-0.1234,-0.1610,-0.0820
shrinking,both,G1,r1_rms_100,0.6048,0.5906,0.6209
shrinking,both,G1,r1_mean_100,-0.1146,-0.1430,-0.0868
shrinking,both,G1,r1_rms_200,0.5064,0.4972,0.5167
shrinking,both,G1,r1_mean_200,-0.0898,-0.1089,-0.0700
shrinking,both,G1,r2_brier,0.1814,0.1785,0.1843
shrinking,both,G1,r2_bias,0.0004,-0.0031,0.0039
shrinking,both,G1,r3_inside,0.3508,0.3412,0.3600
shrinking,both,G1,r3_below_0.5,0.1117,0.1005,0.1230
shrinking,both,G1,r3_above_0.95,0.0448,0.0400,0.0501
shrinking,both,G1,r4_false,0.0051,0.0032,0.0072
shrinking,both,G1,r4_false_0.70,0.0018,0.0008,0.0032
shrinking,both,G1,r4_below,0.3841,0.3615,0.4087
shrinking,both,G1,r4_false_at_task,0.0016,0.0004,0.0032
shrinking,both,G1,r4_declared,8.9050,8.4520,9.3680
shrinking,both,G1,r5_late_answers,4.4540,4.3218,4.5967
shrinking,both,G1,r5_never,0.0394,0.0335,0.0464
shrinking,both,G1,r6_lag,-0.1190,-0.1390,-0.1000
shrinking,both,G1,r7_error_5,0.9437,0.8953,0.9932
shrinking,both,G1,r7_error_10,0.8675,0.8221,0.9160
shrinking,both,G1,r7_longest_wrong,2.0150,1.9380,2.0990
shrinking,both,G1,r7_hard_first,0.2259,0.2093,0.2431
shrinking,both,G1,r4b_chance_below_0.5,0.2792,0.2587,0.2996
shrinking,both,G1,r4b_chance_0.5_to_0.6,0.1835,0.1752,0.1915
shrinking,both,G1,r4b_chance_0.6_to_0.7,0.1755,0.1705,0.1809
shrinking,both,G1,r4b_chance_0.7_to_0.8,0.1736,0.1631,0.1844
shrinking,both,G1,r4b_chance_0.8_up,0.1882,0.1717,0.2061
shrinking,both,G1,r3_reachable,0.8061,0.7853,0.8278
shrinking,both,G1,r8_rank_6_20,3.9800,3.5533,4.4333
shrinking,both,G1,r8_topic_rank_6_20,17.7400,16.7333,18.7800
shrinking,both,G1,r8_rank_150_200,1.5157,1.2608,1.7706
shrinking,both,G1,r8_topic_rank_150_200,7.1588,6.7255,7.5922
shrinking,both,G1,r9_kept_up_6_50,-0.0093,-0.0168,-0.0024
shrinking,both,G1,r9_kept_up_101_200,0.0043,0.0017,0.0071
shrinking,both,G1,r10_shown,5.5600,5.1370,5.9820
shrinking,both,G1,r2_ece,0.0070,0.0065,0.0107
shrinking,both,G1,r4b_3,0.0930,0.0816,0.1041
shrinking,both,G1,r4b_5,0.1074,0.0947,0.1205
shrinking,both,G1,r4b_10,0.1104,0.0970,0.1237
shrinking,both,G1,r4b_20,0.1117,0.0984,0.1252
shrinking,both,G1,r4b_50,0.1185,0.1026,0.1360
shrinking,both,G1,r8_move_p95_6_20,72.0000,72.0000,73.0000
shrinking,both,G1,r8_move_p95_150_200,41.0000,40.0000,41.0000
shrinking,both,G1,r9_kept_up_later_less_earlier,0.0137,0.0077,0.0200
shrinking,both,G1,r10_taken_back_5,0.1477,0.1353,0.1597
shrinking,both,G1,r10_taken_back_10,0.3284,0.2984,0.3597
shrinking,both,G2,r1_rms_5,0.9612,0.9244,0.9984
shrinking,both,G2,r1_mean_5,-0.1063,-0.1663,-0.0433
shrinking,both,G2,r1_rms_10,0.9122,0.8835,0.9416
shrinking,both,G2,r1_mean_10,-0.1813,-0.2360,-0.1234
shrinking,both,G2,r1_rms_20,0.8470,0.8205,0.8739
shrinking,both,G2,r1_mean_20,-0.2829,-0.3272,-0.2361
shrinking,both,G2,r1_rms_50,0.8170,0.7960,0.8400
shrinking,both,G2,r1_mean_50,-0.5129,-0.5492,-0.4788
shrinking,both,G2,r1_rms_100,0.9563,0.9353,0.9790
shrinking,both,G2,r1_mean_100,-0.8058,-0.8328,-0.7811
shrinking,both,G2,r1_rms_200,1.2095,1.1927,1.2254
shrinking,both,G2,r1_mean_200,-1.1227,-1.1403,-1.1050
shrinking,both,G2,r2_brier,0.1307,0.1292,0.1320
shrinking,both,G2,r2_bias,-0.0732,-0.0757,-0.0706
shrinking,both,G2,r3_inside,0.2749,0.2687,0.2812
shrinking,both,G2,r3_below_0.5,0.0149,0.0134,0.0167
shrinking,both,G2,r3_above_0.95,0.1403,0.1331,0.1479
shrinking,both,G2,r4_false,0.0053,0.0038,0.0070
shrinking,both,G2,r4_false_0.70,0.0005,0.0001,0.0011
shrinking,both,G2,r4_below,0.5690,0.5478,0.5908
shrinking,both,G2,r4_false_at_task,0.0060,0.0034,0.0090
shrinking,both,G2,r4_declared,11.1320,10.7040,11.5610
shrinking,both,G2,r5_late_answers,6.5127,6.3444,6.6889
shrinking,both,G2,r5_never,0.3848,0.3701,0.3999
shrinking,both,G2,r6_lag,-1.0078,-1.0269,-0.9884
shrinking,both,G2,r7_error_5,0.8038,0.7668,0.8441
shrinking,both,G2,r7_error_10,0.7419,0.7069,0.7795
shrinking,both,G2,r7_longest_wrong,1.7310,1.6790,1.7890
shrinking,both,G2,r7_hard_first,0.1201,0.1103,0.1304
shrinking,both,G2,r4b_chance_below_0.5,0.0564,0.0507,0.0620
shrinking,both,G2,r4b_chance_0.5_to_0.6,0.0682,0.0636,0.0732
shrinking,both,G2,r4b_chance_0.6_to_0.7,0.1280,0.1221,0.1336
shrinking,both,G2,r4b_chance_0.7_to_0.8,0.2343,0.2279,0.2407
shrinking,both,G2,r4b_chance_0.8_up,0.5131,0.4986,0.5272
shrinking,both,G2,r3_reachable,0.9612,0.9573,0.9650
shrinking,both,G2,r8_rank_6_20,3.9667,3.5000,4.5133
shrinking,both,G2,r8_topic_rank_6_20,18.0533,17.1067,19.0200
shrinking,both,G2,r8_rank_150_200,1.5431,1.3647,1.7490
shrinking,both,G2,r8_topic_rank_150_200,8.8412,8.3941,9.2922
shrinking,both,G2,r9_kept_up_6_50,0.0214,0.0156,0.0276
shrinking,both,G2,r9_kept_up_101_200,0.1058,0.1037,0.1080
shrinking,both,G2,r10_shown,4.8640,4.5030,5.2210
shrinking,both,G2,r2_ece,0.0733,0.0708,0.0759
shrinking,both,G2,r4b_3,0.1411,0.1280,0.1539
shrinking,both,G2,r4b_5,0.1738,0.1586,0.1888
shrinking,both,G2,r4b_10,0.2311,0.2088,0.2538
shrinking,both,G2,r4b_20,0.2706,0.2405,0.3048
shrinking,both,G2,r4b_50,0.2706,0.2391,0.3066
shrinking,both,G2,r8_move_p95_6_20,73.0000,73.0000,74.0000
shrinking,both,G2,r8_move_p95_150_200,39.0000,38.0000,39.0000
shrinking,both,G2,r9_kept_up_later_less_earlier,0.0844,0.0791,0.0895
shrinking,both,G2,r10_taken_back_5,0.0664,0.0575,0.0751
shrinking,both,G2,r10_taken_back_10,0.1324,0.1152,0.1496
shrinking,both,G3,r1_rms_5,1.0052,0.9718,1.0403
shrinking,both,G3,r1_mean_5,0.0400,-0.0251,0.1043
shrinking,both,G3,r1_rms_10,0.9347,0.9052,0.9651
shrinking,both,G3,r1_mean_10,-0.0016,-0.0607,0.0606
shrinking,both,G3,r1_rms_20,0.8293,0.8062,0.8552
shrinking,both,G3,r1_mean_20,-0.0252,-0.0721,0.0237
shrinking,both,G3,r1_rms_50,0.6783,0.6599,0.6951
shrinking,both,G3,r1_mean_50,-0.0831,-0.1161,-0.0503
shrinking,both,G3,r1_rms_100,0.7951,0.7733,0.8173
shrinking,both,G3,r1_mean_100,-0.4983,-0.5326,-0.4653
shrinking,both,G3,r1_rms_200,0.7184,0.7037,0.7338
shrinking,both,G3,r1_mean_200,-0.5427,-0.5620,-0.5243
shrinking,both,G3,r2_brier,0.1541,0.1524,0.1559
shrinking,both,G3,r2_bias,-0.0328,-0.0356,-0.0299
shrinking,both,G3,r3_inside,0.3542,0.3488,0.3595
shrinking,both,G3,r3_below_0.5,0.0296,0.0270,0.0327
shrinking,both,G3,r3_above_0.95,0.0731,0.0686,0.0780
shrinking,both,G3,r4_false,0.0217,0.0178,0.0259
shrinking,both,G3,r4_false_0.70,0.0046,0.0030,0.0063
shrinking,both,G3,r4_below,0.5831,0.5614,0.6053
shrinking,both,G3,r4_false_at_task,0.0195,0.0144,0.0253
shrinking,both,G3,r4_declared,9.2230,8.7820,9.6350
shrinking,both,G3,r5_late_answers,5.8477,5.6501,6.0453
shrinking,both,G3,r5_never,0.3355,0.3193,0.3513
shrinking,both,G3,r6_lag,-0.6323,-0.6513,-0.6130
shrinking,both,G3,r6_jump_answers,73.1670,70.8170,75.4450
shrinking,both,G3,r6_jump_unsettled,0.5680,0.5380,0.5980
shrinking,both,G3,r7_error_5,0.8573,0.8178,0.8996
shrinking,both,G3,r7_error_10,0.7823,0.7462,0.8210
shrinking,both,G3,r7_longest_wrong,1.7670,1.7120,1.8240
shrinking,both,G3,r7_hard_first,0.1441,0.1326,0.1562
shrinking,both,G3,r4b_chance_below_0.5,0.0801,0.0727,0.0885
shrinking,both,G3,r4b_chance_0.5_to_0.6,0.1006,0.0956,0.1058
shrinking,both,G3,r4b_chance_0.6_to_0.7,0.1750,0.1693,0.1808
shrinking,both,G3,r4b_chance_0.7_to_0.8,0.2539,0.2480,0.2596
shrinking,both,G3,r4b_chance_0.8_up,0.3904,0.3762,0.4046
shrinking,both,G3,r3_reachable,0.9518,0.9458,0.9574
shrinking,both,G3,r8_rank_6_20,3.4133,3.0000,3.8800
shrinking,both,G3,r8_topic_rank_6_20,16.7333,15.8733,17.6333
shrinking,both,G3,r8_rank_150_200,1.6608,1.4412,1.8882
shrinking,both,G3,r8_topic_rank_150_200,8.8686,8.4373,9.2784
shrinking,both,G3,r9_kept_up_6_50,-0.0176,-0.0245,-0.0105
shrinking,both,G3,r9_kept_up_101_200,0.0644,0.0620,0.0669
shrinking,both,G3,r10_shown,3.9010,3.6020,4.2010
shrinking,both,G3,r2_ece,0.0328,0.0299,0.0357
shrinking,both,G3,r4b_3,0.1482,0.1356,0.1613
shrinking,both,G3,r4b_5,0.1882,0.1733,0.2028
shrinking,both,G3,r4b_10,0.2153,0.1975,0.2322
shrinking,both,G3,r4b_20,0.2442,0.2237,0.2652
shrinking,both,G3,r4b_50,0.2558,0.2318,0.2807
shrinking,both,G3,r8_move_p95_6_20,73.0000,73.0000,74.0000
shrinking,both,G3,r8_move_p95_150_200,40.0000,40.0000,40.0000
shrinking,both,G3,r9_kept_up_later_less_earlier,0.0819,0.0758,0.0880
shrinking,both,G3,r10_taken_back_5,0.0906,0.0769,0.1053
shrinking,both,G3,r10_taken_back_10,0.1909,0.1625,0.2192
shrinking,both,G4,r1_rms_5,1.0187,0.9833,1.0557
shrinking,both,G4,r1_mean_5,-0.2314,-0.2997,-0.1651
shrinking,both,G4,r1_rms_10,0.9610,0.9285,0.9934
shrinking,both,G4,r1_mean_10,-0.2847,-0.3427,-0.2244
shrinking,both,G4,r1_rms_20,0.8830,0.8559,0.9095
shrinking,both,G4,r1_mean_20,-0.3398,-0.3916,-0.2928
shrinking,both,G4,r1_rms_50,0.7602,0.7397,0.7803
shrinking,both,G4,r1_mean_50,-0.4185,-0.4520,-0.3851
shrinking,both,G4,r1_rms_100,0.7053,0.6906,0.7216
shrinking,both,G4,r1_mean_100,-0.4730,-0.4950,-0.4497
shrinking,both,G4,r1_rms_200,0.6726,0.6614,0.6842
shrinking,both,G4,r1_mean_200,-0.4933,-0.5092,-0.4773
shrinking,both,G4,r2_brier,0.1800,0.1782,0.1818
shrinking,both,G4,r2_bias,0.0137,0.0109,0.0166
shrinking,both,G4,r3_inside,0.3924,0.3883,0.3966
shrinking,both,G4,r3_below_0.5,0.0549,0.0507,0.0594
shrinking,both,G4,r3_above_0.95,0.0360,0.0329,0.0389
shrinking,both,G4,r4_false,0.0112,0.0087,0.0141
shrinking,both,G4,r4_false_0.70,0.0024,0.0012,0.0037
shrinking,both,G4,r4_below,0.5795,0.5608,0.5985
shrinking,both,G4,r4_false_at_task,0.0108,0.0067,0.0152
shrinking,both,G4,r4_declared,7.4950,7.1140,7.8850
shrinking,both,G4,r5_late_answers,4.5999,4.4137,4.7886
shrinking,both,G4,r5_never,0.3041,0.2881,0.3203
shrinking,both,G4,r6_lag,-0.4838,-0.5000,-0.4681
shrinking,both,G4,r7_error_5,0.8817,0.8429,0.9244
shrinking,both,G4,r7_error_10,0.8082,0.7706,0.8472
shrinking,both,G4,r7_longest_wrong,1.8790,1.8270,1.9330
shrinking,both,G4,r7_hard_first,0.1852,0.1720,0.1974
shrinking,both,G4,r4b_chance_below_0.5,0.1235,0.1131,0.1351
shrinking,both,G4,r4b_chance_0.5_to_0.6,0.1361,0.1308,0.1413
shrinking,both,G4,r4b_chance_0.6_to_0.7,0.2030,0.1979,0.2081
shrinking,both,G4,r4b_chance_0.7_to_0.8,0.2513,0.2452,0.2574
shrinking,both,G4,r4b_chance_0.8_up,0.2862,0.2731,0.2987
shrinking,both,G4,r3_reachable,0.9502,0.9424,0.9571
shrinking,both,G4,r8_rank_6_20,4.0067,3.5333,4.4667
shrinking,both,G4,r8_topic_rank_6_20,18.5933,17.7333,19.4800
shrinking,both,G4,r8_rank_150_200,1.4098,1.1863,1.6392
shrinking,both,G4,r8_topic_rank_150_200,8.7961,8.4137,9.1980
shrinking,both,G4,r9_kept_up_6_50,-0.0321,-0.0387,-0.0254
shrinking,both,G4,r9_kept_up_101_200,-0.0027,-0.0053,-0.0002
shrinking,both,G4,r10_shown,3.2510,3.0270,3.4770
shrinking,both,G4,r2_ece,0.0155,0.0126,0.0184
shrinking,both,G4,r4b_3,0.1192,0.1080,0.1303
shrinking,both,G4,r4b_5,0.1420,0.1294,0.1547
shrinking,both,G4,r4b_10,0.1541,0.1400,0.1685
shrinking,both,G4,r4b_20,0.1565,0.1429,0.1713
shrinking,both,G4,r4b_50,0.1587,0.1444,0.1743
shrinking,both,G4,r8_move_p95_6_20,74.0000,73.0000,74.0000
shrinking,both,G4,r8_move_p95_150_200,40.0000,40.0000,41.0000
shrinking,both,G4,r9_kept_up_later_less_earlier,0.0293,0.0234,0.0355
shrinking,both,G4,r10_taken_back_5,0.1852,0.1630,0.2076
shrinking,both,G4,r10_taken_back_10,0.3522,0.3154,0.3908
shrinking,both,G5,r1_rms_5,0.9406,0.9001,0.9848
shrinking,both,G5,r1_mean_5,0.0549,-0.0151,0.1259
shrinking,both,G5,r1_rms_10,0.8776,0.8409,0.9149
shrinking,both,G5,r1_mean_10,0.0268,-0.0353,0.0901
shrinking,both,G5,r1_rms_20,0.8964,0.8669,0.9258
shrinking,both,G5,r1_mean_20,0.0029,-0.0489,0.0563
shrinking,both,G5,r1_rms_50,0.7605,0.7419,0.7806
shrinking,both,G5,r1_mean_50,-0.0395,-0.0782,-0.0012
shrinking,both,G5,r1_rms_100,0.6469,0.6328,0.6617
shrinking,both,G5,r1_mean_100,-0.0869,-0.1122,-0.0617
shrinking,both,G5,r1_rms_200,0.5453,0.5353,0.5558
shrinking,both,G5,r1_mean_200,-0.0954,-0.1129,-0.0784
shrinking,both,G5,r2_brier,0.1798,0.1778,0.1818
shrinking,both,G5,r2_bias,0.0114,0.0081,0.0147
shrinking,both,G5,r3_inside,0.4052,0.3990,0.4115
shrinking,both,G5,r3_below_0.5,0.0557,0.0505,0.0609
shrinking,both,G5,r3_above_0.95,0.0343,0.0308,0.0382
shrinking,both,G5,r4_false,0.0422,0.0354,0.0491
shrinking,both,G5,r4_false_0.70,0.0104,0.0076,0.0135
shrinking,both,G5,r4_below,0.5505,0.5307,0.5697
shrinking,both,G5,r4_false_at_task,0.0378,0.0288,0.0472
shrinking,both,G5,r4_declared,8.1810,7.8100,8.5750
shrinking,both,G5,r5_late_answers,4.4538,4.2890,4.6253
shrinking,both,G5,r5_never,0.2261,0.2104,0.2416
shrinking,both,G5,r6_lag,-0.0929,-0.1115,-0.0751
shrinking,both,G5,r7_error_5,1.0265,0.9794,1.0749
shrinking,both,G5,r7_error_10,0.9690,0.9257,1.0113
shrinking,both,G5,r7_longest_wrong,1.9320,1.8730,1.9980
shrinking,both,G5,r7_hard_first,0.1471,0.1342,0.1600
shrinking,both,G5,r4b_chance_below_0.5,0.1264,0.1138,0.1400
shrinking,both,G5,r4b_chance_0.5_to_0.6,0.1444,0.1369,0.1519
shrinking,both,G5,r4b_chance_0.6_to_0.7,0.2206,0.2136,0.2277
shrinking,both,G5,r4b_chance_0.7_to_0.8,0.2574,0.2483,0.2660
shrinking,both,G5,r4b_chance_0.8_up,0.2511,0.2372,0.2661
shrinking,both,G5,r3_reachable,0.9080,0.8960,0.9199
shrinking,both,G5,r8_rank_6_20,3.9733,3.5133,4.4600
shrinking,both,G5,r8_topic_rank_6_20,18.2467,17.3667,19.2067
shrinking,both,G5,r8_rank_150_200,1.8569,1.6020,2.1431
shrinking,both,G5,r8_topic_rank_150_200,8.6706,8.2961,9.0686
shrinking,both,G5,r9_kept_up_6_50,-0.0292,-0.0365,-0.0218
shrinking,both,G5,r9_kept_up_101_200,-0.0015,-0.0043,0.0012
shrinking,both,G5,r10_shown,3.7570,3.5340,4.0050
shrinking,both,G5,r2_ece,0.0145,0.0113,0.0175
shrinking,both,G5,r4b_3,0.1602,0.1463,0.1745
shrinking,both,G5,r4b_5,0.1911,0.1743,0.2075
shrinking,both,G5,r4b_10,0.2032,0.1868,0.2197
shrinking,both,G5,r4b_20,0.2127,0.1952,0.2303
shrinking,both,G5,r4b_50,0.2298,0.2071,0.2551
shrinking,both,G5,r8_move_p95_6_20,74.0000,73.0000,74.0000
shrinking,both,G5,r8_move_p95_150_200,41.0000,40.0000,41.0000
shrinking,both,G5,r9_kept_up_later_less_earlier,0.0277,0.0208,0.0342
shrinking,both,G5,r10_taken_back_5,0.2021,0.1809,0.2240
shrinking,both,G5,r10_taken_back_10,0.3824,0.3472,0.4172
shrinking,both,G6,r1_rms_5,1.0532,1.0123,1.0944
shrinking,both,G6,r1_mean_5,-0.0431,-0.1143,0.0298
shrinking,both,G6,r1_rms_10,0.9979,0.9594,1.0357
shrinking,both,G6,r1_mean_10,-0.0757,-0.1404,-0.0081
shrinking,both,G6,r1_rms_20,0.9199,0.8862,0.9558
shrinking,both,G6,r1_mean_20,-0.1043,-0.1624,-0.0477
shrinking,both,G6,r1_rms_50,0.8130,0.7837,0.8426
shrinking,both,G6,r1_mean_50,-0.1448,-0.1967,-0.0933
shrinking,both,G6,r1_rms_100,0.7575,0.7306,0.7835
shrinking,both,G6,r1_mean_100,-0.1847,-0.2307,-0.1389
shrinking,both,G6,r1_rms_200,0.7478,0.7252,0.7729
shrinking,both,G6,r1_mean_200,-0.2295,-0.2707,-0.1879
shrinking,both,G6,r2_brier,0.1788,0.1770,0.1807
shrinking,both,G6,r2_bias,0.0113,0.0083,0.0144
shrinking,both,G6,r3_inside,0.4245,0.4105,0.4386
shrinking,both,G6,r3_below_0.5,0.0599,0.0552,0.0649
shrinking,both,G6,r3_above_0.95,0.0924,0.0856,0.0994
shrinking,both,G6,r4_false,0.0764,0.0644,0.0889
shrinking,both,G6,r4_false_0.70,0.0202,0.0149,0.0263
shrinking,both,G6,r4_below,0.5562,0.5356,0.5775
shrinking,both,G6,r4_false_at_task,0.0726,0.0576,0.0886
shrinking,both,G6,r4_declared,7.9810,7.5880,8.3820
shrinking,both,G6,r5_late_answers,4.7257,4.5403,4.9193
shrinking,both,G6,r5_never,0.1739,0.1584,0.1898
shrinking,both,G6,r6_lag,-0.2032,-0.2438,-0.1598
shrinking,both,G6,r7_error_5,0.9205,0.8733,0.9662
shrinking,both,G6,r7_error_10,0.8556,0.8119,0.8994
shrinking,both,G6,r7_longest_wrong,1.8080,1.7520,1.8690
shrinking,both,G6,r7_hard_first,0.1397,0.1280,0.1521
shrinking,both,G6,r4b_chance_below_0.5,0.1087,0.0972,0.1215
shrinking,both,G6,r4b_chance_0.5_to_0.6,0.1157,0.1065,0.1256
shrinking,both,G6,r4b_chance_0.6_to_0.7,0.2362,0.2240,0.2483
shrinking,both,G6,r4b_chance_0.7_to_0.8,0.3121,0.2987,0.3268
shrinking,both,G6,r4b_chance_0.8_up,0.2274,0.2127,0.2429
shrinking,both,G6,r3_reachable,0.7819,0.7662,0.7970
shrinking,both,G6,r8_rank_6_20,3.8400,3.3800,4.3200
shrinking,both,G6,r8_topic_rank_6_20,18.2067,17.2333,19.2000
shrinking,both,G6,r8_rank_150_200,1.5353,1.2980,1.7882
shrinking,both,G6,r8_topic_rank_150_200,8.6431,8.2451,9.0451
shrinking,both,G6,r9_kept_up_6_50,-0.0179,-0.0239,-0.0113
shrinking,both,G6,r9_kept_up_101_200,-0.0066,-0.0095,-0.0038
shrinking,both,G6,r10_shown,3.5860,3.3350,3.8430
shrinking,both,G6,r2_ece,0.0145,0.0116,0.0174
shrinking,both,G6,r4b_3,0.1712,0.1572,0.1856
shrinking,both,G6,r4b_5,0.2092,0.1924,0.2261
shrinking,both,G6,r4b_10,0.2235,0.2068,0.2421
shrinking,both,G6,r4b_20,0.2301,0.2112,0.2474
shrinking,both,G6,r4b_50,0.2368,0.2149,0.2613
shrinking,both,G6,r8_move_p95_6_20,73.0000,73.0000,74.0000
shrinking,both,G6,r8_move_p95_150_200,40.0000,40.0000,41.0000
shrinking,both,G6,r9_kept_up_later_less_earlier,0.0113,0.0053,0.0173
shrinking,both,G6,r10_taken_back_5,0.2009,0.1800,0.2225
shrinking,both,G6,r10_taken_back_10,0.3685,0.3367,0.3995
shrinking,both,G7,r1_rms_5,1.0109,0.9725,1.0499
shrinking,both,G7,r1_mean_5,-0.0813,-0.1484,-0.0110
shrinking,both,G7,r1_rms_10,0.9580,0.9239,0.9923
shrinking,both,G7,r1_mean_10,-0.1180,-0.1763,-0.0552
shrinking,both,G7,r1_rms_20,0.8697,0.8429,0.8972
shrinking,both,G7,r1_mean_20,-0.1359,-0.1849,-0.0822
shrinking,both,G7,r1_rms_50,0.7331,0.7133,0.7535
shrinking,both,G7,r1_mean_50,-0.1527,-0.1911,-0.1137
shrinking,both,G7,r1_rms_100,0.6343,0.6204,0.6482
shrinking,both,G7,r1_mean_100,-0.1594,-0.1906,-0.1298
shrinking,both,G7,r1_rms_200,0.5599,0.5498,0.5697
shrinking,both,G7,r1_mean_200,-0.1623,-0.1838,-0.1395
shrinking,both,G7,r2_brier,0.1738,0.1721,0.1756
shrinking,both,G7,r2_bias,0.0047,0.0018,0.0077
shrinking,both,G7,r3_inside,0.4279,0.4225,0.4334
shrinking,both,G7,r3_below_0.5,0.0386,0.0349,0.0425
shrinking,both,G7,r3_above_0.95,0.0303,0.0273,0.0334
shrinking,both,G7,r4_false,0.0398,0.0338,0.0461
shrinking,both,G7,r4_false_0.70,0.0101,0.0075,0.0127
shrinking,both,G7,r4_below,0.5609,0.5414,0.5797
shrinking,both,G7,r4_false_at_task,0.0359,0.0263,0.0456
shrinking,both,G7,r4_declared,8.1310,7.7330,8.5110
shrinking,both,G7,r5_late_answers,4.6028,4.4358,4.7768
shrinking,both,G7,r5_never,0.1700,0.1561,0.1847
shrinking,both,G7,r6_lag,-0.1524,-0.1749,-0.1283
shrinking,both,G7,r7_error_5,0.8694,0.8264,0.9137
shrinking,both,G7,r7_error_10,0.8061,0.7679,0.8492
shrinking,both,G7,r7_longest_wrong,1.8030,1.7430,1.8580
shrinking,both,G7,r7_hard_first,0.1375,0.1266,0.1483
shrinking,both,G7,r4b_chance_below_0.5,0.0881,0.0785,0.0991
shrinking,both,G7,r4b_chance_0.5_to_0.6,0.1212,0.1156,0.1267
shrinking,both,G7,r4b_chance_0.6_to_0.7,0.2118,0.2057,0.2176
shrinking,both,G7,r4b_chance_0.7_to_0.8,0.2859,0.2791,0.2928
shrinking,both,G7,r4b_chance_0.8_up,0.2931,0.2803,0.3055
shrinking,both,G7,r3_reachable,0.9324,0.9239,0.9406
shrinking,both,G7,r8_rank_6_20,3.7533,3.3067,4.2267
shrinking,both,G7,r8_topic_rank_6_20,18.0600,17.1867,18.9867
shrinking,both,G7,r8_rank_150_200,1.5137,1.2882,1.7510
shrinking,both,G7,r8_topic_rank_150_200,8.8373,8.4529,9.2098
shrinking,both,G7,r9_kept_up_6_50,-0.0114,-0.0174,-0.0050
shrinking,both,G7,r9_kept_up_101_200,-0.0005,-0.0031,0.0021
shrinking,both,G7,r10_shown,3.5770,3.3310,3.8230
shrinking,both,G7,r2_ece,0.0066,0.0039,0.0094
shrinking,both,G7,r4b_3,0.1596,0.1462,0.1722
shrinking,both,G7,r4b_5,0.1848,0.1703,0.1999
shrinking,both,G7,r4b_10,0.1978,0.1830,0.2136
shrinking,both,G7,r4b_20,0.2060,0.1897,0.2231
shrinking,both,G7,r4b_50,0.2194,0.1982,0.2415
shrinking,both,G7,r8_move_p95_6_20,73.0000,73.0000,74.0000
shrinking,both,G7,r8_move_p95_150_200,40.0000,40.0000,41.0000
shrinking,both,G7,r9_kept_up_later_less_earlier,0.0109,0.0053,0.0167
shrinking,both,G7,r10_taken_back_5,0.2004,0.1797,0.2207
shrinking,both,G7,r10_taken_back_10,0.4068,0.3705,0.4433
shrinking,both,G8,r1_rms_5,1.0037,0.9693,1.0402
shrinking,both,G8,r1_mean_5,-0.0258,-0.0926,0.0406
shrinking,both,G8,r1_rms_10,0.9367,0.9042,0.9692
shrinking,both,G8,r1_mean_10,-0.0522,-0.1094,0.0083
shrinking,both,G8,r1_rms_20,0.8482,0.8224,0.8753
shrinking,both,G8,r1_mean_20,-0.0786,-0.1304,-0.0310
shrinking,both,G8,r1_rms_50,0.6880,0.6699,0.7071
shrinking,both,G8,r1_mean_50,-0.1081,-0.1416,-0.0700
shrinking,both,G8,r1_rms_100,0.5759,0.5636,0.5887
shrinking,both,G8,r1_mean_100,-0.1222,-0.1461,-0.0979
shrinking,both,G8,r1_rms_200,0.4909,0.4824,0.4991
shrinking,both,G8,r1_mean_200,-0.1022,-0.1192,-0.0863
shrinking,both,G8,r2_brier,0.1733,0.1715,0.1752
shrinking,both,G8,r2_bias,0.0037,0.0006,0.0064
shrinking,both,G8,r3_inside,0.4274,0.4218,0.4326
shrinking,both,G8,r3_below_0.5,0.0355,0.0324,0.0390
shrinking,both,G8,r3_above_0.95,0.0324,0.0288,0.0360
shrinking,both,G8,r4_false,0.0361,0.0307,0.0421
shrinking,both,G8,r4_false_0.70,0.0080,0.0057,0.0103
shrinking,both,G8,r4_below,0.5645,0.5460,0.5828
shrinking,both,G8,r4_false_at_task,0.0329,0.0251,0.0411
shrinking,both,G8,r4_declared,8.1630,7.7570,8.5730
shrinking,both,G8,r5_late_answers,5.0476,4.8722,5.2337
shrinking,both,G8,r5_never,0.1964,0.1807,0.2119
shrinking,both,G8,r6_lag,-0.1106,-0.1289,-0.0946
shrinking,both,G8,r7_error_5,0.8571,0.8157,0.8976
shrinking,both,G8,r7_error_10,0.7828,0.7444,0.8199
shrinking,both,G8,r7_longest_wrong,1.7480,1.6970,1.7990
shrinking,both,G8,r7_hard_first,0.1378,0.1263,0.1494
shrinking,both,G8,r4b_chance_below_0.5,0.0791,0.0714,0.0877
shrinking,both,G8,r4b_chance_0.5_to_0.6,0.1234,0.1173,0.1298
shrinking,both,G8,r4b_chance_0.6_to_0.7,0.2177,0.2116,0.2239
shrinking,both,G8,r4b_chance_0.7_to_0.8,0.2929,0.2863,0.2995
shrinking,both,G8,r4b_chance_0.8_up,0.2869,0.2734,0.3005
shrinking,both,G8,r3_reachable,0.9393,0.9312,0.9469
shrinking,both,G8,r8_rank_6_20,3.0533,2.6400,3.4800
shrinking,both,G8,r8_topic_rank_6_20,17.7467,16.8067,18.7000
shrinking,both,G8,r8_rank_150_200,1.7137,1.4647,1.9745
shrinking,both,G8,r8_topic_rank_150_200,8.9647,8.5882,9.3667
shrinking,both,G8,r9_kept_up_6_50,-0.0143,-0.0211,-0.0072
shrinking,both,G8,r9_kept_up_101_200,0.0027,-0.0002,0.0054
shrinking,both,G8,r10_shown,3.6490,3.4100,3.9010
shrinking,both,G8,r2_ece,0.0057,0.0033,0.0086
shrinking,both,G8,r4b_3,0.1456,0.1333,0.1575
shrinking,both,G8,r4b_5,0.1814,0.1675,0.1961
shrinking,both,G8,r4b_10,0.1954,0.1809,0.2111
shrinking,both,G8,r4b_20,0.2107,0.1943,0.2292
shrinking,both,G8,r4b_50,0.2130,0.1953,0.2318
shrinking,both,G8,r8_move_p95_6_20,73.0000,73.0000,74.0000
shrinking,both,G8,r8_move_p95_150_200,41.0000,40.0000,41.0000
shrinking,both,G8,r9_kept_up_later_less_earlier,0.0169,0.0105,0.0235
shrinking,both,G8,r10_taken_back_5,0.1777,0.1583,0.1991
shrinking,both,G8,r10_taken_back_10,0.3682,0.3332,0.4070
shrinking,both,G0-exact,r1_rms_5,0.9667,0.9322,1.0008
shrinking,both,G0-exact,r1_mean_5,-0.0739,-0.1381,-0.0105
shrinking,both,G0-exact,r1_rms_10,0.8980,0.8697,0.9271
shrinking,both,G0-exact,r1_mean_10,-0.0833,-0.1353,-0.0284
shrinking,both,G0-exact,r1_rms_20,0.8090,0.7849,0.8348
shrinking,both,G0-exact,r1_mean_20,-0.0879,-0.1352,-0.0379
shrinking,both,G0-exact,r1_rms_50,0.6566,0.6411,0.6734
shrinking,both,G0-exact,r1_mean_50,-0.0838,-0.1155,-0.0513
shrinking,both,G0-exact,r1_rms_100,0.5451,0.5348,0.5560
shrinking,both,G0-exact,r1_mean_100,-0.0764,-0.0971,-0.0552
shrinking,both,G0-exact,r1_rms_200,0.4745,0.4671,0.4823
shrinking,both,G0-exact,r1_mean_200,-0.0603,-0.0758,-0.0452
shrinking,both,G0-exact,r2_brier,0.1710,0.1693,0.1726
shrinking,both,G0-exact,r2_bias,0.0001,-0.0027,0.0030
shrinking,both,G0-exact,r3_inside,0.5436,0.5342,0.5530
shrinking,both,G0-exact,r3_below_0.5,0.0164,0.0140,0.0188
shrinking,both,G0-exact,r3_above_0.95,0.0126,0.0104,0.0149
shrinking,both,G0-exact,r4_false,0.0363,0.0311,0.0418
shrinking,both,G0-exact,r4_false_0.70,0.0079,0.0058,0.0102
shrinking,both,G0-exact,r4_below,0.5546,0.5346,0.5744
shrinking,both,G0-exact,r4_false_at_task,0.0319,0.0238,0.0405
shrinking,both,G0-exact,r4_declared,8.4580,8.0730,8.8490
shrinking,both,G0-exact,r5_late_answers,4.8036,4.6382,4.9816
shrinking,both,G0-exact,r5_never,0.1759,0.1612,0.1908
shrinking,both,G0-exact,r6_lag,-0.0683,-0.0835,-0.0530
shrinking,both,G0-exact,r7_error_5,0.8078,0.7688,0.8465
shrinking,both,G0-exact,r7_error_10,0.7349,0.7008,0.7716
shrinking,both,G0-exact,r7_longest_wrong,1.7240,1.6720,1.7770
shrinking,both,G0-exact,r7_hard_first,0.1023,0.0929,0.1130
shrinking,both,G0-exact,r4b_chance_below_0.5,0.0426,0.0367,0.0496
shrinking,both,G0-exact,r4b_chance_0.5_to_0.6,0.0931,0.0849,0.1020
shrinking,both,G0-exact,r4b_chance_0.6_to_0.7,0.2636,0.2490,0.2774
shrinking,both,G0-exact,r4b_chance_0.7_to_0.8,0.3907,0.3743,0.4080
shrinking,both,G0-exact,r4b_chance_0.8_up,0.2100,0.1945,0.2262
shrinking,both,G0-exact,r3_reachable,0.9391,0.9317,0.9467
shrinking,both,G0-exact,r8_rank_6_20,3.9400,3.5067,4.4133
shrinking,both,G0-exact,r8_topic_rank_6_20,18.1133,17.1667,19.0733
shrinking,both,G0-exact,r8_rank_150_200,1.7588,1.5000,2.0176
shrinking,both,G0-exact,r8_topic_rank_150_200,8.8216,8.4431,9.2000
shrinking,both,G0-exact,r9_kept_up_6_50,-0.0032,-0.0100,0.0032
shrinking,both,G0-exact,r9_kept_up_101_200,0.0027,0.0002,0.0051
shrinking,both,G0-exact,r10_shown,3.7710,3.5230,4.0220
shrinking,both,G0-exact,r2_ece,0.0017,0.0010,0.0044
shrinking,both,G0-exact,r4b_3,0.1573,0.1455,0.1703
shrinking,both,G0-exact,r4b_5,0.1875,0.1736,0.2023
shrinking,both,G0-exact,r4b_10,0.2016,0.1872,0.2175
shrinking,both,G0-exact,r4b_20,0.2165,0.2003,0.2339
shrinking,both,G0-exact,r4b_50,0.2291,0.2071,0.2536
shrinking,both,G0-exact,r8_move_p95_6_20,73.0000,73.0000,73.0000
shrinking,both,G0-exact,r8_move_p95_150_200,41.0000,40.0000,41.0000
shrinking,both,G0-exact,r9_kept_up_later_less_earlier,0.0060,-0.0001,0.0121
shrinking,both,G0-exact,r10_taken_back_5,0.1625,0.1434,0.1820
shrinking,both,G0-exact,r10_taken_back_10,0.3387,0.3042,0.3753
shrinking,both,G0-miss0.25,r1_rms_5,1.0025,0.9665,1.0392
shrinking,both,G0-miss0.25,r1_mean_5,0.0650,-0.0013,0.1298
shrinking,both,G0-miss0.25,r1_rms_10,0.9285,0.9007,0.9575
shrinking,both,G0-miss0.25,r1_mean_10,0.0265,-0.0341,0.0818
shrinking,both,G0-miss0.25,r1_rms_20,0.8237,0.7995,0.8471
shrinking,both,G0-miss0.25,r1_mean_20,0.0050,-0.0412,0.0539
shrinking,both,G0-miss0.25,r1_rms_50,0.6606,0.6442,0.6772
shrinking,both,G0-miss0.25,r1_mean_50,-0.0341,-0.0672,-0.0013
shrinking,both,G0-miss0.25,r1_rms_100,0.5448,0.5344,0.5554
shrinking,both,G0-miss0.25,r1_mean_100,-0.0525,-0.0748,-0.0300
shrinking,both,G0-miss0.25,r1_rms_200,0.4743,0.4666,0.4817
shrinking,both,G0-miss0.25,r1_mean_200,-0.0455,-0.0612,-0.0296
shrinking,both,G0-miss0.25,r2_brier,0.1743,0.1725,0.1760
shrinking,both,G0-miss0.25,r2_bias,0.0055,0.0027,0.0085
shrinking,both,G0-miss0.25,r3_inside,0.5108,0.5035,0.5179
shrinking,both,G0-miss0.25,r3_below_0.5,0.0252,0.0223,0.0284
shrinking,both,G0-miss0.25,r3_above_0.95,0.0136,0.0114,0.0159
shrinking,both,G0-miss0.25,r4_false,0.0490,0.0423,0.0559
shrinking,both,G0-miss0.25,r4_false_0.70,0.0076,0.0055,0.0101
shrinking,both,G0-miss0.25,r4_below,0.5524,0.5333,0.5709
shrinking,both,G0-miss0.25,r4_false_at_task,0.0511,0.0404,0.0633
shrinking,both,G0-miss0.25,r4_declared,8.1810,7.7860,8.5870
shrinking,both,G0-miss0.25,r5_late_answers,4.6540,4.4741,4.8344
shrinking,both,G0-miss0.25,r5_never,0.1722,0.1587,0.1869
shrinking,both,G0-miss0.25,r6_lag,-0.0558,-0.0721,-0.0402
shrinking,both,G0-miss0.25,r7_error_5,0.8623,0.8215,0.9023
shrinking,both,G0-miss0.25,r7_error_10,0.7766,0.7402,0.8127
shrinking,both,G0-miss0.25,r7_longest_wrong,1.8000,1.7460,1.8590
shrinking,both,G0-miss0.25,r7_hard_first,0.1421,0.1304,0.1550
shrinking,both,G0-miss0.25,r4b_chance_below_0.5,0.0612,0.0538,0.0697
shrinking,both,G0-miss0.25,r4b_chance_0.5_to_0.6,0.1083,0.1011,0.1159
shrinking,both,G0-miss0.25,r4b_chance_0.6_to_0.7,0.2509,0.2419,0.2595
shrinking,both,G0-miss0.25,r4b_chance_0.7_to_0.8,0.3498,0.3396,0.3606
shrinking,both,G0-miss0.25,r4b_chance_0.8_up,0.2297,0.2161,0.2439
shrinking,both,G0-miss0.25,r3_reachable,0.9397,0.9317,0.9466
shrinking,both,G0-miss0.25,r8_rank_6_20,3.5867,3.1733,4.0200
shrinking,both,G0-miss0.25,r8_topic_rank_6_20,17.8667,17.0067,18.8000
shrinking,both,G0-miss0.25,r8_rank_150_200,2.0196,1.7373,2.3098
shrinking,both,G0-miss0.25,r8_topic_rank_150_200,8.7510,8.3804,9.1275
shrinking,both,G0-miss0.25,r9_kept_up_6_50,-0.0167,-0.0238,-0.0099
shrinking,both,G0-miss0.25,r9_kept_up_101_200,0.0012,-0.0012,0.0038
shrinking,both,G0-miss0.25,r10_shown,3.7390,3.4960,4.0070
shrinking,both,G0-miss0.25,r2_ece,0.0075,0.0046,0.0106
shrinking,both,G0-miss0.25,r4b_3,0.1635,0.1516,0.1765
shrinking,both,G0-miss0.25,r4b_5,0.1960,0.1816,0.2111
shrinking,both,G0-miss0.25,r4b_10,0.2118,0.1954,0.2272
shrinking,both,G0-miss0.25,r4b_20,0.2201,0.2042,0.2371
shrinking,both,G0-miss0.25,r4b_50,0.2329,0.2115,0.2562
shrinking,both,G0-miss0.25,r8_move_p95_6_20,73.0000,73.0000,74.0000
shrinking,both,G0-miss0.25,r8_move_p95_150_200,40.0000,40.0000,41.0000
shrinking,both,G0-miss0.25,r9_kept_up_later_less_earlier,0.0179,0.0117,0.0240
shrinking,both,G0-miss0.25,r10_taken_back_5,0.1738,0.1539,0.1947
shrinking,both,G0-miss0.25,r10_taken_back_10,0.3505,0.3138,0.3881
shrinking,both,G0-miss1,r1_rms_5,1.0575,1.0190,1.0994
shrinking,both,G0-miss1,r1_mean_5,-0.0953,-0.1666,-0.0216
shrinking,both,G0-miss1,r1_rms_10,0.9780,0.9437,1.0129
shrinking,both,G0-miss1,r1_mean_10,-0.1215,-0.1887,-0.0616
shrinking,both,G0-miss1,r1_rms_20,0.8792,0.8510,0.9075
shrinking,both,G0-miss1,r1_mean_20,-0.1417,-0.1957,-0.0856
shrinking,both,G0-miss1,r1_rms_50,0.7367,0.7174,0.7577
shrinking,both,G0-miss1,r1_mean_50,-0.1803,-0.2179,-0.1392
shrinking,both,G0-miss1,r1_rms_100,0.6272,0.6129,0.6423
shrinking,both,G0-miss1,r1_mean_100,-0.2077,-0.2329,-0.1802
shrinking,both,G0-miss1,r1_rms_200,0.5452,0.5356,0.5544
shrinking,both,G0-miss1,r1_mean_200,-0.2136,-0.2316,-0.1955
shrinking,both,G0-miss1,r2_brier,0.1758,0.1739,0.1777
shrinking,both,G0-miss1,r2_bias,0.0070,0.0038,0.0101
shrinking,both,G0-miss1,r3_inside,0.2972,0.2942,0.2999
shrinking,both,G0-miss1,r3_below_0.5,0.0888,0.0847,0.0932
shrinking,both,G0-miss1,r3_above_0.95,0.1082,0.1032,0.1133
shrinking,both,G0-miss1,r4_false,0.0380,0.0318,0.0446
shrinking,both,G0-miss1,r4_false_0.70,0.0079,0.0057,0.0104
shrinking,both,G0-miss1,r4_below,0.5584,0.5398,0.5787
shrinking,both,G0-miss1,r4_false_at_task,0.0360,0.0277,0.0455
shrinking,both,G0-miss1,r4_declared,8.3080,7.9150,8.6960
shrinking,both,G0-miss1,r5_late_answers,4.6269,4.4382,4.8219
shrinking,both,G0-miss1,r5_never,0.2193,0.2033,0.2359
shrinking,both,G0-miss1,r6_lag,-0.2165,-0.2365,-0.1975
shrinking,both,G0-miss1,r7_error_5,0.9087,0.8656,0.9564
shrinking,both,G0-miss1,r7_error_10,0.8279,0.7856,0.8684
shrinking,both,G0-miss1,r7_longest_wrong,1.8220,1.7680,1.8760
shrinking,both,G0-miss1,r7_hard_first,0.1714,0.1604,0.1826
shrinking,both,G0-miss1,r4b_chance_below_0.5,0.1540,0.1452,0.1629
shrinking,both,G0-miss1,r4b_chance_0.5_to_0.6,0.1174,0.1139,0.1208
shrinking,both,G0-miss1,r4b_chance_0.6_to_0.7,0.1487,0.1455,0.1524
shrinking,both,G0-miss1,r4b_chance_0.7_to_0.8,0.1918,0.1883,0.1955
shrinking,both,G0-miss1,r4b_chance_0.8_up,0.3881,0.3771,0.3994
shrinking,both,G0-miss1,r3_reachable,0.9450,0.9374,0.9520
shrinking,both,G0-miss1,r8_rank_6_20,3.2133,2.7667,3.6800
shrinking,both,G0-miss1,r8_topic_rank_6_20,17.3133,16.3200,18.2533
shrinking,both,G0-miss1,r8_rank_150_200,1.8137,1.5510,2.0882
shrinking,both,G0-miss1,r8_topic_rank_150_200,8.6863,8.3373,9.0549
shrinking,both,G0-miss1,r9_kept_up_6_50,-0.0158,-0.0227,-0.0092
shrinking,both,G0-miss1,r9_kept_up_101_200,-0.0006,-0.0032,0.0022
shrinking,both,G0-miss1,r10_shown,3.7660,3.5220,4.0090
shrinking,both,G0-miss1,r2_ece,0.0088,0.0057,0.0118
shrinking,both,G0-miss1,r4b_3,0.1645,0.1518,0.1773
shrinking,both,G0-miss1,r4b_5,0.1964,0.1807,0.2120
shrinking,both,G0-miss1,r4b_10,0.2051,0.1889,0.2208
shrinking,both,G0-miss1,r4b_20,0.2119,0.1964,0.2299
shrinking,both,G0-miss1,r4b_50,0.2119,0.1955,0.2285
shrinking,both,G0-miss1,r8_move_p95_6_20,73.0000,73.0000,73.0000
shrinking,both,G0-miss1,r8_move_p95_150_200,41.0000,40.0000,41.0000
shrinking,both,G0-miss1,r9_kept_up_later_less_earlier,0.0152,0.0094,0.0219
shrinking,both,G0-miss1,r10_taken_back_5,0.1641,0.1455,0.1841
shrinking,both,G0-miss1,r10_taken_back_10,0.3583,0.3203,0.3980
shrinking,both,G2-half,r1_rms_5,1.0035,0.9683,1.0388
shrinking,both,G2-half,r1_mean_5,-0.0551,-0.1199,0.0081
shrinking,both,G2-half,r1_rms_10,0.9432,0.9119,0.9764
shrinking,both,G2-half,r1_mean_10,-0.0973,-0.1586,-0.0404
shrinking,both,G2-half,r1_rms_20,0.8455,0.8215,0.8699
shrinking,both,G2-half,r1_mean_20,-0.1585,-0.2095,-0.1108
shrinking,both,G2-half,r1_rms_50,0.7203,0.7013,0.7403
shrinking,both,G2-half,r1_mean_50,-0.2913,-0.3272,-0.2569
shrinking,both,G2-half,r1_rms_100,0.7013,0.6848,0.7181
shrinking,both,G2-half,r1_mean_100,-0.4494,-0.4743,-0.4244
shrinking,both,G2-half,r1_rms_200,0.7345,0.7210,0.7490
shrinking,both,G2-half,r1_mean_200,-0.5765,-0.5935,-0.5591
shrinking,both,G2-half,r2_brier,0.1516,0.1500,0.1532
shrinking,both,G2-half,r2_bias,-0.0368,-0.0397,-0.0339
shrinking,both,G2-half,r3_inside,0.3747,0.3687,0.3803
shrinking,both,G2-half,r3_below_0.5,0.0224,0.0202,0.0245
shrinking,both,G2-half,r3_above_0.95,0.0623,0.0573,0.0671
shrinking,both,G2-half,r4_false,0.0168,0.0135,0.0200
shrinking,both,G2-half,r4_false_0.70,0.0027,0.0017,0.0038
shrinking,both,G2-half,r4_below,0.5850,0.5656,0.6040
shrinking,both,G2-half,r4_false_at_task,0.0141,0.0096,0.0192
shrinking,both,G2-half,r4_declared,9.7300,9.3460,10.1350
shrinking,both,G2-half,r5_late_answers,6.0485,5.8571,6.2468
shrinking,both,G2-half,r5_never,0.3204,0.3051,0.3357
shrinking,both,G2-half,r6_lag,-0.5377,-0.5556,-0.5202
shrinking,both,G2-half,r7_error_5,0.8583,0.8184,0.8990
shrinking,both,G2-half,r7_error_10,0.7894,0.7533,0.8262
shrinking,both,G2-half,r7_longest_wrong,1.7240,1.6710,1.7780
shrinking,both,G2-half,r7_hard_first,0.1321,0.1213,0.1439
shrinking,both,G2-half,r4b_chance_below_0.5,0.0643,0.0585,0.0709
shrinking,both,G2-half,r4b_chance_0.5_to_0.6,0.0887,0.0834,0.0942
shrinking,both,G2-half,r4b_chance_0.6_to_0.7,0.1687,0.1626,0.1753
shrinking,both,G2-half,r4b_chance_0.7_to_0.8,0.2684,0.2624,0.2744
shrinking,both,G2-half,r4b_chance_0.8_up,0.4099,0.3953,0.4240
shrinking,both,G2-half,r3_reachable,0.9589,0.9549,0.9626
shrinking,both,G2-half,r8_rank_6_20,3.6000,3.1467,4.0800
shrinking,both,G2-half,r8_topic_rank_6_20,17.1533,16.1800,18.1467
shrinking,both,G2-half,r8_rank_150_200,1.6725,1.4314,1.9196
shrinking,both,G2-half,r8_topic_rank_150_200,8.8157,8.4157,9.2216
shrinking,both,G2-half,r9_kept_up_6_50,0.0045,-0.0017,0.0109
shrinking,both,G2-half,r9_kept_up_101_200,0.0582,0.0559,0.0605
shrinking,both,G2-half,r10_shown,4.1240,3.8490,4.3970
shrinking,both,G2-half,r2_ece,0.0368,0.0340,0.0396
shrinking,both,G2-half,r4b_3,0.1563,0.1444,0.1677
shrinking,both,G2-half,r4b_5,0.1903,0.1765,0.2057
shrinking,both,G2-half,r4b_10,0.2245,0.2075,0.2414
shrinking,both,G2-half,r4b_20,0.2531,0.2313,0.2739
shrinking,both,G2-half,r4b_50,0.2603,0.2356,0.2881
shrinking,both,G2-half,r8_move_p95_6_20,73.0000,73.0000,73.0000
shrinking,both,G2-half,r8_move_p95_150_200,40.0000,40.0000,41.0000
shrinking,both,G2-half,r9_kept_up_later_less_earlier,0.0536,0.0479,0.0598
shrinking,both,G2-half,r10_taken_back_5,0.1083,0.0945,0.1228
shrinking,both,G2-half,r10_taken_back_10,0.2199,0.1951,0.2478
shrinking,both,G2-fading,r1_rms_5,1.0200,0.9835,1.0589
shrinking,both,G2-fading,r1_mean_5,-0.0023,-0.0720,0.0665
shrinking,both,G2-fading,r1_rms_10,0.9375,0.9051,0.9708
shrinking,both,G2-fading,r1_mean_10,-0.0779,-0.1394,-0.0184
shrinking,both,G2-fading,r1_rms_20,0.8523,0.8248,0.8822
shrinking,both,G2-fading,r1_mean_20,-0.1712,-0.2234,-0.1228
shrinking,both,G2-fading,r1_rms_50,0.7390,0.7188,0.7612
shrinking,both,G2-fading,r1_mean_50,-0.3309,-0.3651,-0.2965
shrinking,both,G2-fading,r1_rms_100,0.6828,0.6672,0.7009
shrinking,both,G2-fading,r1_mean_100,-0.4137,-0.4386,-0.3885
shrinking,both,G2-fading,r1_rms_200,0.6069,0.5951,0.6180
shrinking,both,G2-fading,r1_mean_200,-0.3875,-0.4035,-0.3713
shrinking,both,G2-fading,r2_brier,0.1558,0.1541,0.1575
shrinking,both,G2-fading,r2_bias,-0.0283,-0.0314,-0.0254
shrinking,both,G2-fading,r3_inside,0.3903,0.3845,0.3962
shrinking,both,G2-fading,r3_below_0.5,0.0233,0.0210,0.0258
shrinking,both,G2-fading,r3_above_0.95,0.0559,0.0509,0.0615
shrinking,both,G2-fading,r4_false,0.0193,0.0156,0.0235
shrinking,both,G2-fading,r4_false_0.70,0.0041,0.0026,0.0059
shrinking,both,G2-fading,r4_below,0.5711,0.5518,0.5913
shrinking,both,G2-fading,r4_false_at_task,0.0145,0.0100,0.0196
shrinking,both,G2-fading,r4_declared,9.0050,8.6170,9.3940
shrinking,both,G2-fading,r5_late_answers,5.4621,5.2557,5.6770
shrinking,both,G2-fading,r5_never,0.2942,0.2792,0.3100
shrinking,both,G2-fading,r6_lag,-0.4146,-0.4327,-0.3962
shrinking,both,G2-fading,r7_error_5,0.8779,0.8375,0.9197
shrinking,both,G2-fading,r7_error_10,0.7881,0.7489,0.8278
shrinking,both,G2-fading,r7_longest_wrong,1.7980,1.7420,1.8600
shrinking,both,G2-fading,r7_hard_first,0.1412,0.1302,0.1531
shrinking,both,G2-fading,r4b_chance_below_0.5,0.0601,0.0546,0.0661
shrinking,both,G2-fading,r4b_chance_0.5_to_0.6,0.0920,0.0868,0.0970
shrinking,both,G2-fading,r4b_chance_0.6_to_0.7,0.1777,0.1718,0.1836
shrinking,both,G2-fading,r4b_chance_0.7_to_0.8,0.2800,0.2738,0.2858
shrinking,both,G2-fading,r4b_chance_0.8_up,0.3903,0.3746,0.4046
shrinking,both,G2-fading,r3_reachable,0.9573,0.9534,0.9609
shrinking,both,G2-fading,r8_rank_6_20,3.5133,3.0867,3.9733
shrinking,both,G2-fading,r8_topic_rank_6_20,17.0800,16.2000,18.0133
shrinking,both,G2-fading,r8_rank_150_200,1.7608,1.5059,2.0196
shrinking,both,G2-fading,r8_topic_rank_150_200,8.7529,8.3608,9.1647
shrinking,both,G2-fading,r9_kept_up_6_50,0.0018,-0.0045,0.0089
shrinking,both,G2-fading,r9_kept_up_101_200,0.0406,0.0380,0.0431
shrinking,both,G2-fading,r10_shown,3.9060,3.6420,4.1880
shrinking,both,G2-fading,r2_ece,0.0283,0.0253,0.0314
shrinking,both,G2-fading,r4b_3,0.1485,0.1362,0.1606
shrinking,both,G2-fading,r4b_5,0.1816,0.1672,0.1960
shrinking,both,G2-fading,r4b_10,0.2025,0.1872,0.2190
shrinking,both,G2-fading,r4b_20,0.2259,0.2063,0.2461
shrinking,both,G2-fading,r4b_50,0.2444,0.2173,0.2780
shrinking,both,G2-fading,r8_move_p95_6_20,73.0000,73.0000,73.0000
shrinking,both,G2-fading,r8_move_p95_150_200,40.0000,40.0000,41.0000
shrinking,both,G2-fading,r9_kept_up_later_less_earlier,0.0388,0.0326,0.0446
shrinking,both,G2-fading,r10_taken_back_5,0.1212,0.1051,0.1378
shrinking,both,G2-fading,r10_taken_back_10,0.2768,0.2447,0.3096
shrinking,both,G3-drop,r1_rms_5,0.9710,0.9371,1.0031
shrinking,both,G3-drop,r1_mean_5,0.0278,-0.0363,0.0917
shrinking,both,G3-drop,r1_rms_10,0.9145,0.8844,0.9443
shrinking,both,G3-drop,r1_mean_10,-0.0022,-0.0578,0.0566
shrinking,both,G3-drop,r1_rms_20,0.8179,0.7955,0.8414
shrinking,both,G3-drop,r1_mean_20,-0.0205,-0.0683,0.0281
shrinking,both,G3-drop,r1_rms_50,0.6681,0.6518,0.6849
shrinking,both,G3-drop,r1_mean_50,-0.0485,-0.0828,-0.0178
shrinking,both,G3-drop,r1_rms_100,0.7075,0.6893,0.7258
shrinking,both,G3-drop,r1_mean_100,0.3053,0.2710,0.3391
shrinking,both,G3-drop,r1_rms_200,0.5573,0.5468,0.5679
shrinking,both,G3-drop,r1_mean_200,0.2831,0.2664,0.2990
shrinking,both,G3-drop,r2_brier,0.2008,0.1990,0.2027
shrinking,both,G3-drop,r2_bias,0.0505,0.0474,0.0534
shrinking,both,G3-drop,r3_inside,0.3870,0.3821,0.3919
shrinking,both,G3-drop,r3_below_0.5,0.0863,0.0806,0.0924
shrinking,both,G3-drop,r3_above_0.95,0.0200,0.0176,0.0224
shrinking,both,G3-drop,r4_false,0.0684,0.0602,0.0768
shrinking,both,G3-drop,r4_false_0.70,0.0222,0.0183,0.0266
shrinking,both,G3-drop,r4_below,0.4972,0.4810,0.5144
shrinking,both,G3-drop,r4_false_at_task,0.0655,0.0548,0.0761
shrinking,both,G3-drop,r4_declared,8.3170,7.9120,8.7410
shrinking,both,G3-drop,r5_late_answers,3.7060,3.5937,3.8214
shrinking,both,G3-drop,r5_never,0.2524,0.2340,0.2694
shrinking,both,G3-drop,r6_lag,0.3607,0.3442,0.3771
shrinking,both,G3-drop,r6_jump_answers,47.9780,45.9480,50.1640
shrinking,both,G3-drop,r6_jump_unsettled,0.2190,0.1940,0.2450
shrinking,both,G3-drop,r7_error_5,0.8329,0.7939,0.8724
shrinking,both,G3-drop,r7_error_10,0.7581,0.7224,0.7947
shrinking,both,G3-drop,r7_longest_wrong,1.7690,1.7180,1.8220
shrinking,both,G3-drop,r7_hard_first,0.1437,0.1327,0.1554
shrinking,both,G3-drop,r4b_chance_below_0.5,0.1740,0.1602,0.1897
shrinking,both,G3-drop,r4b_chance_0.5_to_0.6,0.1779,0.1727,0.1835
shrinking,both,G3-drop,r4b_chance_0.6_to_0.7,0.2247,0.2191,0.2304
shrinking,both,G3-drop,r4b_chance_0.7_to_0.8,0.2301,0.2231,0.2373
shrinking,both,G3-drop,r4b_chance_0.8_up,0.1934,0.1829,0.2043
shrinking,both,G3-drop,r3_reachable,0.8765,0.8648,0.8874
shrinking,both,G3-drop,r8_rank_6_20,4.0400,3.5667,4.5267
shrinking,both,G3-drop,r8_topic_rank_6_20,18.5267,17.5933,19.4933
shrinking,both,G3-drop,r8_rank_150_200,1.8647,1.6294,2.1235
shrinking,both,G3-drop,r8_topic_rank_150_200,9.3451,8.9294,9.7353
shrinking,both,G3-drop,r9_kept_up_6_50,-0.0157,-0.0222,-0.0094
shrinking,both,G3-drop,r9_kept_up_101_200,-0.0715,-0.0745,-0.0686
shrinking,both,G3-drop,r10_shown,4.1680,3.9020,4.4430
shrinking,both,G3-drop,r2_ece,0.0506,0.0477,0.0537
shrinking,both,G3-drop,r4b_3,0.1507,0.1386,0.1633
shrinking,both,G3-drop,r4b_5,0.1799,0.1663,0.1943
shrinking,both,G3-drop,r4b_10,0.1848,0.1707,0.1999
shrinking,both,G3-drop,r4b_20,0.1861,0.1712,0.2018
shrinking,both,G3-drop,r4b_50,0.1861,0.1721,0.2003
shrinking,both,G3-drop,r8_move_p95_6_20,73.0000,73.0000,74.0000
shrinking,both,G3-drop,r8_move_p95_150_200,43.0000,42.0000,43.0000
shrinking,both,G3-drop,r9_kept_up_later_less_earlier,-0.0558,-0.0619,-0.0494
shrinking,both,G3-drop,r10_taken_back_5,0.3134,0.2919,0.3339
shrinking,both,G3-drop,r10_taken_back_10,0.5384,0.5088,0.5695
shrinking,both,G0-start0.5,r1_rms_5,0.9579,0.9253,0.9930
shrinking,both,G0-start0.5,r1_mean_5,-0.0059,-0.0699,0.0556
shrinking,both,G0-start0.5,r1_rms_10,0.8996,0.8694,0.9291
shrinking,both,G0-start0.5,r1_mean_10,-0.0245,-0.0789,0.0298
shrinking,both,G0-start0.5,r1_rms_20,0.8060,0.7813,0.8296
shrinking,both,G0-start0.5,r1_mean_20,-0.0546,-0.1038,-0.0060
shrinking,both,G0-start0.5,r1_rms_50,0.6570,0.6411,0.6729
shrinking,both,G0-start0.5,r1_mean_50,-0.0855,-0.1184,-0.0537
shrinking,both,G0-start0.5,r1_rms_100,0.5597,0.5493,0.5704
shrinking,both,G0-start0.5,r1_mean_100,-0.0974,-0.1196,-0.0756
shrinking,both,G0-start0.5,r1_rms_200,0.4829,0.4749,0.4913
shrinking,both,G0-start0.5,r1_mean_200,-0.0989,-0.1139,-0.0824
shrinking,both,G0-start0.5,r2_brier,0.1726,0.1710,0.1742
shrinking,both,G0-start0.5,r2_bias,0.0050,0.0022,0.0076
shrinking,both,G0-start0.5,r3_inside,0.4322,0.4274,0.4367
shrinking,both,G0-start0.5,r3_below_0.5,0.0321,0.0296,0.0348
shrinking,both,G0-start0.5,r3_above_0.95,0.0285,0.0257,0.0314
shrinking,both,G0-start0.5,r4_false,0.0201,0.0157,0.0254
shrinking,both,G0-start0.5,r4_false_0.70,0.0062,0.0038,0.0089
shrinking,both,G0-start0.5,r4_below,0.5417,0.5244,0.5585
shrinking,both,G0-start0.5,r4_false_at_task,0.0195,0.0126,0.0274
shrinking,both,G0-start0.5,r4_declared,8.0450,7.6860,8.4110
shrinking,both,G0-start0.5,r5_late_answers,4.1096,3.9640,4.2744
shrinking,both,G0-start0.5,r5_never,0.1346,0.1229,0.1465
shrinking,both,G0-start0.5,r6_lag,-0.1063,-0.1224,-0.0900
shrinking,both,G0-start0.5,r7_error_5,0.8047,0.7665,0.8448
shrinking,both,G0-start0.5,r7_error_10,0.7385,0.7031,0.7724
shrinking,both,G0-start0.5,r7_longest_wrong,1.6880,1.6380,1.7410
shrinking,both,G0-start0.5,r7_hard_first,0.1212,0.1110,0.1315
shrinking,both,G0-start0.5,r4b_chance_below_0.5,0.0691,0.0635,0.0748
shrinking,both,G0-start0.5,r4b_chance_0.5_to_0.6,0.1136,0.1086,0.1186
shrinking,both,G0-start0.5,r4b_chance_0.6_to_0.7,0.2097,0.2043,0.2149
shrinking,both,G0-start0.5,r4b_chance_0.7_to_0.8,0.2874,0.2822,0.2925
shrinking,both,G0-start0.5,r4b_chance_0.8_up,0.3202,0.3083,0.3311
shrinking,both,G0-start0.5,r3_reachable,0.9622,0.9579,0.9666
shrinking,both,G0-start0.5,r8_rank_6_20,3.6133,3.1600,4.0867
shrinking,both,G0-start0.5,r8_topic_rank_6_20,17.3200,16.3867,18.2333
shrinking,both,G0-start0.5,r8_rank_150_200,1.5098,1.2941,1.7451
shrinking,both,G0-start0.5,r8_topic_rank_150_200,9.5059,9.1059,9.8784
shrinking,both,G0-start0.5,r9_kept_up_6_50,-0.0138,-0.0202,-0.0077
shrinking,both,G0-start0.5,r9_kept_up_101_200,-0.0002,-0.0026,0.0024
shrinking,both,G0-start0.5,r10_shown,3.7000,3.4870,3.9120
shrinking,both,G0-start0.5,r2_ece,0.0060,0.0033,0.0087
shrinking,both,G0-start0.5,r4b_3,0.1466,0.1346,0.1585
shrinking,both,G0-start0.5,r4b_5,0.1705,0.1571,0.1842
shrinking,both,G0-start0.5,r4b_10,0.1780,0.1645,0.1922
shrinking,both,G0-start0.5,r4b_20,0.1878,0.1729,0.2038
shrinking,both,G0-start0.5,r4b_50,0.2062,0.1780,0.2460
shrinking,both,G0-start0.5,r8_move_p95_6_20,73.0000,73.0000,74.0000
shrinking,both,G0-start0.5,r8_move_p95_150_200,41.0000,40.0000,41.0000
shrinking,both,G0-start0.5,r9_kept_up_later_less_earlier,0.0137,0.0075,0.0193
shrinking,both,G0-start0.5,r10_taken_back_5,0.1858,0.1659,0.2057
shrinking,both,G0-start0.5,r10_taken_back_10,0.3500,0.3181,0.3843
shrinking,both,G0-start2,r1_rms_5,1.0902,1.0461,1.1348
shrinking,both,G0-start2,r1_mean_5,-0.0252,-0.1056,0.0489
shrinking,both,G0-start2,r1_rms_10,1.0133,0.9778,1.0515
shrinking,both,G0-start2,r1_mean_10,-0.0625,-0.1307,0.0098
shrinking,both,G0-start2,r1_rms_20,0.9046,0.8745,0.9369
shrinking,both,G0-start2,r1_mean_20,-0.0911,-0.1489,-0.0337
shrinking,both,G0-start2,r1_rms_50,0.7289,0.7067,0.7516
shrinking,both,G0-start2,r1_mean_50,-0.1125,-0.1496,-0.0699
shrinking,both,G0-start2,r1_rms_100,0.6003,0.5850,0.6163
shrinking,both,G0-start2,r1_mean_100,-0.1163,-0.1431,-0.0894
shrinking,both,G0-start2,r1_rms_200,0.5029,0.4933,0.5135
shrinking,both,G0-start2,r1_mean_200,-0.0916,-0.1100,-0.0739
shrinking,both,G0-start2,r2_brier,0.1751,0.1728,0.1774
shrinking,both,G0-start2,r2_bias,0.0020,-0.0014,0.0052
shrinking,both,G0-start2,r3_inside,0.3994,0.3909,0.4070
shrinking,both,G0-start2,r3_below_0.5,0.0714,0.0610,0.0821
shrinking,both,G0-start2,r3_above_0.95,0.0416,0.0362,0.0473
shrinking,both,G0-start2,r4_false,0.0343,0.0290,0.0396
shrinking,both,G0-start2,r4_false_0.70,0.0067,0.0048,0.0087
shrinking,both,G0-start2,r4_below,0.4972,0.4746,0.5204
shrinking,both,G0-start2,r4_false_at_task,0.0277,0.0210,0.0354
shrinking,both,G0-start2,r4_declared,8.9850,8.5510,9.4410
shrinking,both,G0-start2,r5_late_answers,5.0332,4.8683,5.2044
shrinking,both,G0-start2,r5_never,0.1674,0.1531,0.1816
shrinking,both,G0-start2,r6_lag,-0.1150,-0.1341,-0.0945
shrinking,both,G0-start2,r7_error_5,0.9488,0.8990,0.9981
shrinking,both,G0-start2,r7_error_10,0.8650,0.8213,0.9102
shrinking,both,G0-start2,r7_longest_wrong,1.9170,1.8420,1.9870
shrinking,both,G0-start2,r7_hard_first,0.1766,0.1610,0.1925
shrinking,both,G0-start2,r4b_chance_below_0.5,0.2020,0.1746,0.2313
shrinking,both,G0-start2,r4b_chance_0.5_to_0.6,0.1353,0.1281,0.1430
shrinking,both,G0-start2,r4b_chance_0.6_to_0.7,0.2006,0.1916,0.2088
shrinking,both,G0-start2,r4b_chance_0.7_to_0.8,0.2360,0.2246,0.2481
shrinking,both,G0-start2,r4b_chance_0.8_up,0.2261,0.2107,0.2429
shrinking,both,G0-start2,r3_reachable,0.8741,0.8575,0.8897
shrinking,both,G0-start2,r8_rank_6_20,3.9133,3.4733,4.3800
shrinking,both,G0-start2,r8_topic_rank_6_20,17.5600,16.6133,18.5067
shrinking,both,G0-start2,r8_rank_150_200,1.7196,1.4922,1.9863
shrinking,both,G0-start2,r8_topic_rank_150_200,8.5863,8.1569,9.0314
shrinking,both,G0-start2,r9_kept_up_6_50,-0.0129,-0.0203,-0.0057
shrinking,both,G0-start2,r9_kept_up_101_200,0.0042,0.0015,0.0070
shrinking,both,G0-start2,r10_shown,4.5160,4.1890,4.8510
shrinking,both,G0-start2,r2_ece,0.0026,0.0020,0.0059
shrinking,both,G0-start2,r4b_3,0.1358,0.1233,0.1483
shrinking,both,G0-start2,r4b_5,0.1638,0.1494,0.1788
shrinking,both,G0-start2,r4b_10,0.1810,0.1656,0.1967
shrinking,both,G0-start2,r4b_20,0.1864,0.1700,0.2031
shrinking,both,G0-start2,r4b_50,0.1898,0.1730,0.2077
shrinking,both,G0-start2,r8_move_p95_6_20,73.0000,73.0000,73.0000
shrinking,both,G0-start2,r8_move_p95_150_200,41.0000,40.0000,41.0000
shrinking,both,G0-start2,r9_kept_up_later_less_earlier,0.0171,0.0112,0.0235
shrinking,both,G0-start2,r10_taken_back_5,0.1590,0.1416,0.1766
shrinking,both,G0-start2,r10_taken_back_10,0.3354,0.3045,0.3714
shrinking,both,G0-topics0.3,r1_rms_5,0.9082,0.8690,0.9480
shrinking,both,G0-topics0.3,r1_mean_5,0.0615,-0.0034,0.1232
shrinking,both,G0-topics0.3,r1_rms_10,0.8324,0.7988,0.8653
shrinking,both,G0-topics0.3,r1_mean_10,0.0222,-0.0358,0.0821
shrinking,both,G0-topics0.3,r1_rms_20,0.7312,0.7035,0.7586
shrinking,both,G0-topics0.3,r1_mean_20,0.0008,-0.0472,0.0476
shrinking,both,G0-topics0.3,r1_rms_50,0.5870,0.5695,0.6053
shrinking,both,G0-topics0.3,r1_mean_50,-0.0365,-0.0710,-0.0034
shrinking,both,G0-topics0.3,r1_rms_100,0.5028,0.4914,0.5141
shrinking,both,G0-topics0.3,r1_mean_100,-0.0603,-0.0835,-0.0366
shrinking,both,G0-topics0.3,r1_rms_200,0.4410,0.4333,0.4487
shrinking,both,G0-topics0.3,r1_mean_200,-0.0805,-0.0968,-0.0652
shrinking,both,G0-topics0.3,r2_brier,0.1758,0.1740,0.1776
shrinking,both,G0-topics0.3,r2_bias,0.0076,0.0047,0.0104
shrinking,both,G0-topics0.3,r3_inside,0.4524,0.4466,0.4582
shrinking,both,G0-topics0.3,r3_below_0.5,0.0318,0.0288,0.0350
shrinking,both,G0-topics0.3,r3_above_0.95,0.0218,0.0190,0.0249
shrinking,both,G0-topics0.3,r4_false,0.0360,0.0301,0.0424
shrinking,both,G0-topics0.3,r4_false_0.70,0.0056,0.0036,0.0077
shrinking,both,G0-topics0.3,r4_below,0.5538,0.5356,0.5728
shrinking,both,G0-topics0.3,r4_false_at_task,0.0341,0.0248,0.0440
shrinking,both,G0-topics0.3,r4_declared,8.5460,8.1570,8.9280
shrinking,both,G0-topics0.3,r5_late_answers,4.3930,4.2430,4.5697
shrinking,both,G0-topics0.3,r5_never,0.1650,0.1491,0.1810
shrinking,both,G0-topics0.3,r6_lag,-0.0833,-0.0997,-0.0668
shrinking,both,G0-topics0.3,r7_error_5,0.8420,0.8013,0.8830
shrinking,both,G0-topics0.3,r7_error_10,0.7695,0.7304,0.8067
shrinking,both,G0-topics0.3,r7_longest_wrong,1.7560,1.7030,1.8120
shrinking,both,G0-topics0.3,r7_hard_first,0.1291,0.1183,0.1407
shrinking,both,G0-topics0.3,r4b_chance_below_0.5,0.0705,0.0635,0.0783
shrinking,both,G0-topics0.3,r4b_chance_0.5_to_0.6,0.1249,0.1177,0.1319
shrinking,both,G0-topics0.3,r4b_chance_0.6_to_0.7,0.2212,0.2150,0.2276
shrinking,both,G0-topics0.3,r4b_chance_0.7_to_0.8,0.2968,0.2893,0.3041
shrinking,both,G0-topics0.3,r4b_chance_0.8_up,0.2865,0.2731,0.3002
shrinking,both,G0-topics0.3,r3_reachable,0.9453,0.9374,0.9525
shrinking,both,G0-topics0.3,r8_rank_6_20,3.8733,3.4133,4.3667
shrinking,both,G0-topics0.3,r8_topic_rank_6_20,18.4333,17.5200,19.4467
shrinking,both,G0-topics0.3,r8_rank_150_200,1.9196,1.6510,2.1941
shrinking,both,G0-topics0.3,r8_topic_rank_150_200,8.9353,8.5510,9.3412
shrinking,both,G0-topics0.3,r9_kept_up_6_50,-0.0166,-0.0234,-0.0102
shrinking,both,G0-topics0.3,r9_kept_up_101_200,-0.0027,-0.0051,-0.0001
shrinking,both,G0-topics0.3,r10_shown,3.8430,3.5970,4.0910
shrinking,both,G0-topics0.3,r2_ece,0.0089,0.0060,0.0118
shrinking,both,G0-topics0.3,r4b_3,0.1716,0.1584,0.1839
shrinking,both,G0-topics0.3,r4b_5,0.2047,0.1897,0.2206
shrinking,both,G0-topics0.3,r4b_10,0.2179,0.2017,0.2343
shrinking,both,G0-topics0.3,r4b_20,0.2300,0.2121,0.2488
shrinking,both,G0-topics0.3,r4b_50,0.2496,0.2221,0.2851
shrinking,both,G0-topics0.3,r8_move_p95_6_20,73.0000,73.0000,74.0000
shrinking,both,G0-topics0.3,r8_move_p95_150_200,41.0000,40.0000,41.0000
shrinking,both,G0-topics0.3,r9_kept_up_later_less_earlier,0.0139,0.0080,0.0198
shrinking,both,G0-topics0.3,r10_taken_back_5,0.2027,0.1820,0.2240
shrinking,both,G0-topics0.3,r10_taken_back_10,0.3649,0.3322,0.4003
shrinking,both,G0-topics1,r1_rms_5,1.2869,1.2527,1.3242
shrinking,both,G0-topics1,r1_mean_5,-0.0538,-0.1230,0.0171
shrinking,both,G0-topics1,r1_rms_10,1.2628,1.2340,1.2943
shrinking,both,G0-topics1,r1_mean_10,-0.0780,-0.1419,-0.0186
shrinking,both,G0-topics1,r1_rms_20,1.1774,1.1537,1.2015
shrinking,both,G0-topics1,r1_mean_20,-0.1256,-0.1794,-0.0711
shrinking,both,G0-topics1,r1_rms_50,1.0074,0.9886,1.0264
shrinking,both,G0-topics1,r1_mean_50,-0.1811,-0.2163,-0.1436
shrinking,both,G0-topics1,r1_rms_100,0.8526,0.8382,0.8665
shrinking,both,G0-topics1,r1_mean_100,-0.1860,-0.2132,-0.1599
shrinking,both,G0-topics1,r1_rms_200,0.7211,0.7086,0.7331
shrinking,both,G0-topics1,r1_mean_200,-0.1632,-0.1818,-0.1451
shrinking,both,G0-topics1,r2_brier,0.1748,0.1731,0.1766
shrinking,both,G0-topics1,r2_bias,0.0062,0.0034,0.0089
shrinking,both,G0-topics1,r3_inside,0.3680,0.3633,0.3726
shrinking,both,G0-topics1,r3_below_0.5,0.0627,0.0583,0.0672
shrinking,both,G0-topics1,r3_above_0.95,0.0675,0.0630,0.0719
shrinking,both,G0-topics1,r4_false,0.0586,0.0518,0.0657
shrinking,both,G0-topics1,r4_false_0.70,0.0244,0.0203,0.0288
shrinking,both,G0-topics1,r4_below,0.5740,0.5559,0.5932
shrinking,both,G0-topics1,r4_false_at_task,0.0585,0.0491,0.0680
shrinking,both,G0-topics1,r4_declared,8.2310,7.8370,8.6250
shrinking,both,G0-topics1,r5_late_answers,4.9142,4.7354,5.0908
shrinking,both,G0-topics1,r5_never,0.2617,0.2492,0.2743
shrinking,both,G0-topics1,r6_lag,-0.1687,-0.1864,-0.1528
shrinking,both,G0-topics1,r7_error_5,0.8726,0.8319,0.9148
shrinking,both,G0-topics1,r7_error_10,0.8047,0.7682,0.8471
shrinking,both,G0-topics1,r7_longest_wrong,1.9440,1.8760,2.0130
shrinking,both,G0-topics1,r7_hard_first,0.1882,0.1760,0.1997
shrinking,both,G0-topics1,r4b_chance_below_0.5,0.1376,0.1271,0.1492
shrinking,both,G0-topics1,r4b_chance_0.5_to_0.6,0.1301,0.1254,0.1350
shrinking,both,G0-topics1,r4b_chance_0.6_to_0.7,0.2024,0.1965,0.2080
shrinking,both,G0-topics1,r4b_chance_0.7_to_0.8,0.2526,0.2462,0.2594
shrinking,both,G0-topics1,r4b_chance_0.8_up,0.2773,0.2660,0.2891
shrinking,both,G0-topics1,r3_reachable,0.9151,0.9074,0.9228
shrinking,both,G0-topics1,r8_rank_6_20,3.9467,3.4933,4.4267
shrinking,both,G0-topics1,r8_topic_rank_6_20,18.3667,17.4333,19.2800
shrinking,both,G0-topics1,r8_rank_150_200,1.6863,1.4353,1.9431
shrinking,both,G0-topics1,r8_topic_rank_150_200,8.7333,8.3549,9.1196
shrinking,both,G0-topics1,r9_kept_up_6_50,-0.0264,-0.0329,-0.0199
shrinking,both,G0-topics1,r9_kept_up_101_200,0.0026,-0.0001,0.0052
shrinking,both,G0-topics1,r10_shown,3.5380,3.3000,3.7780
shrinking,both,G0-topics1,r2_ece,0.0076,0.0047,0.0105
shrinking,both,G0-topics1,r4b_3,0.1646,0.1525,0.1768
shrinking,both,G0-topics1,r4b_5,0.2041,0.1897,0.2189
shrinking,both,G0-topics1,r4b_10,0.2193,0.2030,0.2348
shrinking,both,G0-topics1,r4b_20,0.2282,0.2119,0.2446
shrinking,both,G0-topics1,r4b_50,0.2282,0.2116,0.2452
shrinking,both,G0-topics1,r8_move_p95_6_20,73.0000,73.0000,73.0000
shrinking,both,G0-topics1,r8_move_p95_150_200,40.0000,39.0000,40.0000
shrinking,both,G0-topics1,r9_kept_up_later_less_earlier,0.0290,0.0225,0.0350
shrinking,both,G0-topics1,r10_taken_back_5,0.2028,0.1817,0.2254
shrinking,both,G0-topics1,r10_taken_back_10,0.3936,0.3598,0.4295
constant_slow,both,G0,r1_rms_5,1.0198,0.9844,1.0564
constant_slow,both,G0,r1_mean_5,-0.0343,-0.1037,0.0310
constant_slow,both,G0,r1_rms_10,0.9762,0.9432,1.0079
constant_slow,both,G0,r1_mean_10,-0.0502,-0.1132,0.0093
constant_slow,both,G0,r1_rms_20,0.8809,0.8541,0.9087
constant_slow,both,G0,r1_mean_20,-0.0725,-0.1249,-0.0201
constant_slow,both,G0,r1_rms_50,0.6794,0.6624,0.6977
constant_slow,both,G0,r1_mean_50,-0.1021,-0.1384,-0.0664
constant_slow,both,G0,r1_rms_100,0.5408,0.5300,0.5511
constant_slow,both,G0,r1_mean_100,-0.1019,-0.1238,-0.0795
constant_slow,both,G0,r1_rms_200,0.4812,0.4727,0.4901
constant_slow,both,G0,r1_mean_200,-0.0831,-0.1006,-0.0654
constant_slow,both,G0,r2_brier,0.1756,0.1739,0.1772
constant_slow,both,G0,r2_bias,0.0036,0.0008,0.0064
constant_slow,both,G0,r3_inside,0.4253,0.4204,0.4303
constant_slow,both,G0,r3_below_0.5,0.0407,0.0370,0.0448
constant_slow,both,G0,r3_above_0.95,0.0293,0.0265,0.0323
constant_slow,both,G0,r4_false,0.0385,0.0329,0.0446
constant_slow,both,G0,r4_false_0.70,0.0094,0.0068,0.0122
constant_slow,both,G0,r4_below,0.5300,0.5096,0.5512
constant_slow,both,G0,r4_false_at_task,0.0318,0.0243,0.0405
constant_slow,both,G0,r4_declared,8.7700,8.3480,9.1760
constant_slow,both,G0,r5_late_answers,4.6337,4.4498,4.8167
constant_slow,both,G0,r5_never,0.1859,0.1709,0.2019
constant_slow,both,G0,r6_lag,-0.1114,-0.1251,-0.0968
constant_slow,both,G0,r7_error_5,0.8674,0.8262,0.9078
constant_slow,both,G0,r7_error_10,0.8113,0.7742,0.8480
constant_slow,both,G0,r7_longest_wrong,1.8200,1.7580,1.8830
constant_slow,both,G0,r7_hard_first,0.1381,0.1271,0.1495
constant_slow,both,G0,r4b_chance_below_0.5,0.0876,0.0786,0.0974
constant_slow,both,G0,r4b_chance_0.5_to_0.6,0.1271,0.1207,0.1339
constant_slow,both,G0,r4b_chance_0.6_to_0.7,0.2128,0.2070,0.2186
constant_slow,both,G0,r4b_chance_0.7_to_0.8,0.2796,0.2728,0.2865
constant_slow,both,G0,r4b_chance_0.8_up,0.2930,0.2796,0.3063
constant_slow,both,G0,r3_reachable,0.9273,0.9181,0.9356
constant_slow,both,G0,r8_rank_6_20,2.9600,2.5267,3.4000
constant_slow,both,G0,r8_topic_rank_6_20,10.3867,9.5400,11.2067
constant_slow,both,G0,r8_rank_150_200,3.6314,3.2804,4.0020
constant_slow,both,G0,r8_topic_rank_150_200,10.6843,10.2588,11.0941
constant_slow,both,G0,r9_kept_up_6_50,-0.0145,-0.0220,-0.0072
constant_slow,both,G0,r9_kept_up_101_200,0.0016,-0.0004,0.0036
constant_slow,both,G0,r10_shown,4.0850,3.8140,4.3600
constant_slow,both,G0,r2_ece,0.0063,0.0040,0.0091
constant_slow,both,G0,r4b_3,0.1388,0.1263,0.1515
constant_slow,both,G0,r4b_5,0.1701,0.1550,0.1855
constant_slow,both,G0,r4b_10,0.1832,0.1674,0.1987
constant_slow,both,G0,r4b_20,0.2000,0.1821,0.2185
constant_slow,both,G0,r4b_50,0.2613,0.2079,0.3266
constant_slow,both,G0,r8_move_p95_6_20,42.0000,42.0000,42.0000
constant_slow,both,G0,r8_move_p95_150_200,42.0000,42.0000,42.0000
constant_slow,both,G0,r9_kept_up_later_less_earlier,0.0162,0.0095,0.0230
constant_slow,both,G0,r10_taken_back_5,0.1789,0.1629,0.1942
constant_slow,both,G0,r10_taken_back_10,0.3581,0.3319,0.3850
constant_slow,both,G1,r1_rms_5,1.1039,1.0598,1.1446
constant_slow,both,G1,r1_mean_5,-0.0548,-0.1296,0.0194
constant_slow,both,G1,r1_rms_10,1.0595,1.0196,1.1010
constant_slow,both,G1,r1_mean_10,-0.0774,-0.1490,-0.0055
constant_slow,both,G1,r1_rms_20,0.9572,0.9217,0.9931
constant_slow,both,G1,r1_mean_20,-0.1013,-0.1644,-0.0370
constant_slow,both,G1,r1_rms_50,0.7365,0.7141,0.7614
constant_slow,both,G1,r1_mean_50,-0.1391,-0.1802,-0.0972
constant_slow,both,G1,r1_rms_100,0.5661,0.5533,0.5801
constant_slow,both,G1,r1_mean_100,-0.1192,-0.1434,-0.0937
constant_slow,both,G1,r1_rms_200,0.4907,0.4826,0.4995
constant_slow,both,G1,r1_mean_200,-0.0729,-0.0920,-0.0547
constant_slow,both,G1,r2_brier,0.1829,0.1803,0.1855
constant_slow,both,G1,r2_bias,0.0017,-0.0013,0.0048
constant_slow,both,G1,r3_inside,0.3553,0.3456,0.3645
constant_slow,both,G1,r3_below_0.5,0.1148,0.1035,0.1275
constant_slow,both,G1,r3_above_0.95,0.0431,0.0386,0.0476
constant_slow,both,G1,r4_false,0.0034,0.0020,0.0052
constant_slow,both,G1,r4_false_0.70,0.0015,0.0006,0.0027
constant_slow,both,G1,r4_below,0.3623,0.3379,0.3875
constant_slow,both,G1,r4_false_at_task,0.0025,0.0010,0.0045
constant_slow,both,G1,r4_declared,9.3150,8.8230,9.8260
constant_slow,both,G1,r5_late_answers,4.2170,4.1057,4.3365
constant_slow,both,G1,r5_never,0.0349,0.0302,0.0402
constant_slow,both,G1,r6_lag,-0.1053,-0.1210,-0.0900
constant_slow,both,G1,r7_error_5,0.9437,0.8925,0.9918
constant_slow,both,G1,r7_error_10,0.8868,0.8375,0.9345
constant_slow,both,G1,r7_longest_wrong,2.0710,1.9870,2.1560
constant_slow,both,G1,r7_hard_first,0.2297,0.2127,0.2482
constant_slow,both,G1,r4b_chance_below_0.5,0.2923,0.2703,0.3127
constant_slow,both,G1,r4b_chance_0.5_to_0.6,0.1827,0.1745,0.1913
constant_slow,both,G1,r4b_chance_0.6_to_0.7,0.1753,0.1699,0.1805
constant_slow,both,G1,r4b_chance_0.7_to_0.8,0.1717,0.1620,0.1825
constant_slow,both,G1,r4b_chance_0.8_up,0.1780,0.1624,0.1941
constant_slow,both,G1,r3_reachable,0.8068,0.7842,0.8287
constant_slow,both,G1,r8_rank_6_20,3.0067,2.6333,3.3933
constant_slow,both,G1,r8_topic_rank_6_20,10.0133,9.2800,10.8133
constant_slow,both,G1,r8_rank_150_200,3.2647,2.9137,3.6118
constant_slow,both,G1,r8_topic_rank_150_200,8.6020,8.1176,9.0804
constant_slow,both,G1,r9_kept_up_6_50,-0.0154,-0.0231,-0.0077
constant_slow,both,G1,r9_kept_up_101_200,0.0042,0.0021,0.0064
constant_slow,both,G1,r10_shown,6.0090,5.6060,6.4370
constant_slow,both,G1,r2_ece,0.0082,0.0066,0.0116
constant_slow,both,G1,r4b_3,0.0851,0.0739,0.0976
constant_slow,both,G1,r4b_5,0.0986,0.0859,0.1125
constant_slow,both,G1,r4b_10,0.1004,0.0871,0.1140
constant_slow,both,G1,r4b_20,0.1021,0.0879,0.1161
constant_slow,both,G1,r4b_50,0.1242,0.0960,0.1688
constant_slow,both,G1,r8_move_p95_6_20,42.0000,42.0000,42.0000
constant_slow,both,G1,r8_move_p95_150_200,42.0000,42.0000,42.0000
constant_slow,both,G1,r9_kept_up_later_less_earlier,0.0196,0.0125,0.0271
constant_slow,both,G1,r10_taken_back_5,0.1576,0.1470,0.1688
constant_slow,both,G1,r10_taken_back_10,0.3782,0.3554,0.4024
constant_slow,both,G2,r1_rms_5,0.9612,0.9269,0.9964
constant_slow,both,G2,r1_mean_5,-0.1063,-0.1694,-0.0445
constant_slow,both,G2,r1_rms_10,0.9319,0.9014,0.9630
constant_slow,both,G2,r1_mean_10,-0.1787,-0.2381,-0.1192
constant_slow,both,G2,r1_rms_20,0.8751,0.8469,0.9046
constant_slow,both,G2,r1_mean_20,-0.2883,-0.3379,-0.2386
constant_slow,both,G2,r1_rms_50,0.8134,0.7897,0.8374
constant_slow,both,G2,r1_mean_50,-0.5107,-0.5459,-0.4745
constant_slow,both,G2,r1_rms_100,0.8530,0.8338,0.8731
constant_slow,both,G2,r1_mean_100,-0.6934,-0.7171,-0.6699
constant_slow,both,G2,r1_rms_200,0.8897,0.8745,0.9044
constant_slow,both,G2,r1_mean_200,-0.7712,-0.7881,-0.7538
constant_slow,both,G2,r2_brier,0.1388,0.1375,0.1403
constant_slow,both,G2,r2_bias,-0.0598,-0.0622,-0.0574
constant_slow,both,G2,r3_inside,0.3242,0.3181,0.3303
constant_slow,both,G2,r3_below_0.5,0.0168,0.0151,0.0185
constant_slow,both,G2,r3_above_0.95,0.0982,0.0919,0.1040
constant_slow,both,G2,r4_false,0.0067,0.0050,0.0084
constant_slow,both,G2,r4_false_0.70,0.0006,0.0002,0.0011
constant_slow,both,G2,r4_below,0.5466,0.5250,0.5689
constant_slow,both,G2,r4_false_at_task,0.0073,0.0050,0.0099
constant_slow,both,G2,r4_declared,12.7740,12.2970,13.2320
constant_slow,both,G2,r5_late_answers,6.0161,5.8691,6.1735
constant_slow,both,G2,r5_never,0.3132,0.2975,0.3292
constant_slow,both,G2,r6_lag,-0.7568,-0.7735,-0.7408
constant_slow,both,G2,r7_error_5,0.8038,0.7675,0.8442
constant_slow,both,G2,r7_error_10,0.7608,0.7242,0.7999
constant_slow,both,G2,r7_longest_wrong,1.7940,1.7360,1.8560
constant_slow,both,G2,r7_hard_first,0.1238,0.1130,0.1339
constant_slow,both,G2,r4b_chance_below_0.5,0.0571,0.0516,0.0632
constant_slow,both,G2,r4b_chance_0.5_to_0.6,0.0705,0.0660,0.0751
constant_slow,both,G2,r4b_chance_0.6_to_0.7,0.1419,0.1361,0.1481
constant_slow,both,G2,r4b_chance_0.7_to_0.8,0.2536,0.2471,0.2601
constant_slow,both,G2,r4b_chance_0.8_up,0.4769,0.4632,0.4897
constant_slow,both,G2,r3_reachable,0.9579,0.9536,0.9616
constant_slow,both,G2,r8_rank_6_20,3.1000,2.6533,3.5533
constant_slow,both,G2,r8_topic_rank_6_20,10.0933,9.2333,11.0200
constant_slow,both,G2,r8_rank_150_200,3.0451,2.7804,3.3137
constant_slow,both,G2,r8_topic_rank_150_200,10.2412,9.7765,10.7000
constant_slow,both,G2,r9_kept_up_6_50,0.0186,0.0121,0.0251
constant_slow,both,G2,r9_kept_up_101_200,0.0829,0.0810,0.0849
constant_slow,both,G2,r10_shown,5.9960,5.5640,6.3820
constant_slow,both,G2,r2_ece,0.0598,0.0573,0.0623
constant_slow,both,G2,r4b_3,0.1190,0.1072,0.1307
constant_slow,both,G2,r4b_5,0.1570,0.1417,0.1740
constant_slow,both,G2,r4b_10,0.2154,0.1928,0.2386
constant_slow,both,G2,r4b_20,0.2576,0.2272,0.2890
constant_slow,both,G2,r4b_50,0.2921,0.2399,0.3582
constant_slow,both,G2,r8_move_p95_6_20,42.0000,42.0000,42.0000
constant_slow,both,G2,r8_move_p95_150_200,41.0000,41.0000,41.0000
constant_slow,both,G2,r9_kept_up_later_less_earlier,0.0643,0.0586,0.0701
constant_slow,both,G2,r10_taken_back_5,0.0886,0.0797,0.0974
constant_slow,both,G2,r10_taken_back_10,0.1870,0.1685,0.2072
constant_slow,both,G3,r1_rms_5,1.0052,0.9708,1.0404
constant_slow,both,G3,r1_mean_5,0.0400,-0.0273,0.1056
constant_slow,both,G3,r1_rms_10,0.9576,0.9266,0.9882
constant_slow,both,G3,r1_mean_10,0.0090,-0.0495,0.0702
constant_slow,both,G3,r1_rms_20,0.8656,0.8387,0.8915
constant_slow,both,G3,r1_mean_20,-0.0173,-0.0700,0.0369
constant_slow,both,G3,r1_rms_50,0.6746,0.6579,0.6931
constant_slow,both,G3,r1_mean_50,-0.0921,-0.1269,-0.0578
constant_slow,both,G3,r1_rms_100,0.7407,0.7201,0.7615
constant_slow,both,G3,r1_mean_100,-0.4577,-0.4892,-0.4269
constant_slow,both,G3,r1_rms_200,0.5909,0.5787,0.6028
constant_slow,both,G3,r1_mean_200,-0.3542,-0.3727,-0.3360
constant_slow,both,G3,r2_brier,0.1591,0.1576,0.1607
constant_slow,both,G3,r2_bias,-0.0251,-0.0278,-0.0225
constant_slow,both,G3,r3_inside,0.3714,0.3666,0.3762
constant_slow,both,G3,r3_below_0.5,0.0322,0.0294,0.0351
constant_slow,both,G3,r3_above_0.95,0.0614,0.0577,0.0655
constant_slow,both,G3,r4_false,0.0250,0.0210,0.0293
constant_slow,both,G3,r4_false_0.70,0.0048,0.0033,0.0065
constant_slow,both,G3,r4_below,0.5622,0.5398,0.5856
constant_slow,both,G3,r4_false_at_task,0.0231,0.0176,0.0291
constant_slow,both,G3,r4_declared,10.1690,9.6820,10.6430
constant_slow,both,G3,r5_late_answers,5.4825,5.3037,5.6719
constant_slow,both,G3,r5_never,0.2941,0.2772,0.3112
constant_slow,both,G3,r6_lag,-0.5202,-0.5363,-0.5038
constant_slow,both,G3,r6_jump_answers,58.7550,56.6480,60.8640
constant_slow,both,G3,r6_jump_unsettled,0.3270,0.2980,0.3570
constant_slow,both,G3,r7_error_5,0.8573,0.8182,0.8975
constant_slow,both,G3,r7_error_10,0.8028,0.7640,0.8395
constant_slow,both,G3,r7_longest_wrong,1.8320,1.7730,1.8980
constant_slow,both,G3,r7_hard_first,0.1484,0.1366,0.1610
constant_slow,both,G3,r4b_chance_below_0.5,0.0843,0.0766,0.0924
constant_slow,both,G3,r4b_chance_0.5_to_0.6,0.1085,0.1036,0.1135
constant_slow,both,G3,r4b_chance_0.6_to_0.7,0.1835,0.1779,0.1892
constant_slow,both,G3,r4b_chance_0.7_to_0.8,0.2629,0.2570,0.2686
constant_slow,both,G3,r4b_chance_0.8_up,0.3608,0.3484,0.3744
constant_slow,both,G3,r3_reachable,0.9478,0.9418,0.9534
constant_slow,both,G3,r8_rank_6_20,2.5000,2.1200,2.8867
constant_slow,both,G3,r8_topic_rank_6_20,9.5133,8.7467,10.3800
constant_slow,both,G3,r8_rank_150_200,3.0804,2.7843,3.3706
constant_slow,both,G3,r8_topic_rank_150_200,10.6275,10.1922,11.0706
constant_slow,both,G3,r9_kept_up_6_50,-0.0218,-0.0290,-0.0146
constant_slow,both,G3,r9_kept_up_101_200,0.0508,0.0488,0.0528
constant_slow,both,G3,r10_shown,4.5490,4.2070,4.9260
constant_slow,both,G3,r2_ece,0.0251,0.0225,0.0276
constant_slow,both,G3,r4b_3,0.1319,0.1189,0.1447
constant_slow,both,G3,r4b_5,0.1665,0.1522,0.1817
constant_slow,both,G3,r4b_10,0.2002,0.1828,0.2176
constant_slow,both,G3,r4b_20,0.2261,0.2046,0.2503
constant_slow,both,G3,r4b_50,0.2474,0.2183,0.2804
constant_slow,both,G3,r8_move_p95_6_20,42.0000,42.0000,42.0000
constant_slow,both,G3,r8_move_p95_150_200,42.0000,42.0000,42.0000
constant_slow,both,G3,r9_kept_up_later_less_earlier,0.0726,0.0657,0.0793
constant_slow,both,G3,r10_taken_back_5,0.1266,0.1147,0.1391
constant_slow,both,G3,r10_taken_back_10,0.2536,0.2285,0.2782
constant_slow,both,G4,r1_rms_5,1.0187,0.9815,1.0563
constant_slow,both,G4,r1_mean_5,-0.2314,-0.2964,-0.1653
constant_slow,both,G4,r1_rms_10,0.9810,0.9473,1.0152
constant_slow,both,G4,r1_mean_10,-0.2685,-0.3310,-0.2064
constant_slow,both,G4,r1_rms_20,0.9062,0.8790,0.9344
constant_slow,both,G4,r1_mean_20,-0.3213,-0.3736,-0.2671
constant_slow,both,G4,r1_rms_50,0.7520,0.7311,0.7740
constant_slow,both,G4,r1_mean_50,-0.4196,-0.4528,-0.3842
constant_slow,both,G4,r1_rms_100,0.6928,0.6777,0.7091
constant_slow,both,G4,r1_mean_100,-0.4879,-0.5083,-0.4672
constant_slow,both,G4,r1_rms_200,0.6721,0.6599,0.6844
constant_slow,both,G4,r1_mean_200,-0.5039,-0.5210,-0.4865
constant_slow,both,G4,r2_brier,0.1813,0.1797,0.1830
constant_slow,both,G4,r2_bias,0.0133,0.0107,0.0160
constant_slow,both,G4,r3_inside,0.3907,0.3866,0.3946
constant_slow,both,G4,r3_below_0.5,0.0576,0.0533,0.0617
constant_slow,both,G4,r3_above_0.95,0.0354,0.0327,0.0384
constant_slow,both,G4,r4_false,0.0100,0.0074,0.0130
constant_slow,both,G4,r4_false_0.70,0.0031,0.0017,0.0045
constant_slow,both,G4,r4_below,0.5614,0.5398,0.5833
constant_slow,both,G4,r4_false_at_task,0.0093,0.0049,0.0145
constant_slow,both,G4,r4_declared,7.8270,7.4350,8.2040
constant_slow,both,G4,r5_late_answers,4.6453,4.4440,4.8491
constant_slow,both,G4,r5_never,0.2966,0.2778,0.3161
constant_slow,both,G4,r6_lag,-0.4949,-0.5093,-0.4809
constant_slow,both,G4,r7_error_5,0.8817,0.8416,0.9242
constant_slow,both,G4,r7_error_10,0.8279,0.7865,0.8675
constant_slow,both,G4,r7_longest_wrong,1.9590,1.8950,2.0230
constant_slow,both,G4,r7_hard_first,0.1891,0.1770,0.2026
constant_slow,both,G4,r4b_chance_below_0.5,0.1254,0.1154,0.1366
constant_slow,both,G4,r4b_chance_0.5_to_0.6,0.1394,0.1338,0.1446
constant_slow,both,G4,r4b_chance_0.6_to_0.7,0.2041,0.1993,0.2089
constant_slow,both,G4,r4b_chance_0.7_to_0.8,0.2480,0.2421,0.2538
constant_slow,both,G4,r4b_chance_0.8_up,0.2831,0.2705,0.2953
constant_slow,both,G4,r3_reachable,0.9483,0.9404,0.9554
constant_slow,both,G4,r8_rank_6_20,2.9667,2.5867,3.3800
constant_slow,both,G4,r8_topic_rank_6_20,10.4933,9.7400,11.2867
constant_slow,both,G4,r8_rank_150_200,3.3902,3.0510,3.7353
constant_slow,both,G4,r8_topic_rank_150_200,10.3078,9.8882,10.7255
constant_slow,both,G4,r9_kept_up_6_50,-0.0363,-0.0439,-0.0292
constant_slow,both,G4,r9_kept_up_101_200,-0.0012,-0.0033,0.0007
constant_slow,both,G4,r10_shown,3.4300,3.1950,3.6670
constant_slow,both,G4,r2_ece,0.0160,0.0134,0.0186
constant_slow,both,G4,r4b_3,0.1044,0.0929,0.1164
constant_slow,both,G4,r4b_5,0.1219,0.1081,0.1355
constant_slow,both,G4,r4b_10,0.1296,0.1153,0.1444
constant_slow,both,G4,r4b_20,0.1348,0.1200,0.1500
constant_slow,both,G4,r4b_50,0.1348,0.1204,0.1495
constant_slow,both,G4,r8_move_p95_6_20,42.0000,42.0000,42.0000
constant_slow,both,G4,r8_move_p95_150_200,42.0000,42.0000,42.0000
constant_slow,both,G4,r9_kept_up_later_less_earlier,0.0351,0.0283,0.0420
constant_slow,both,G4,r10_taken_back_5,0.1741,0.1583,0.1899
constant_slow,both,G4,r10_taken_back_10,0.3426,0.3167,0.3719
constant_slow,both,G5,r1_rms_5,0.9406,0.8994,0.9845
constant_slow,both,G5,r1_mean_5,0.0549,-0.0169,0.1276
constant_slow,both,G5,r1_rms_10,0.9009,0.8612,0.9394
constant_slow,both,G5,r1_mean_10,0.0362,-0.0269,0.1053
constant_slow,both,G5,r1_rms_20,0.9312,0.9000,0.9629
constant_slow,both,G5,r1_mean_20,0.0171,-0.0380,0.0697
constant_slow,both,G5,r1_rms_50,0.7583,0.7365,0.7806
constant_slow,both,G5,r1_mean_50,-0.0447,-0.0819,-0.0081
constant_slow,both,G5,r1_rms_100,0.6289,0.6152,0.6438
constant_slow,both,G5,r1_mean_100,-0.1101,-0.1333,-0.0863
constant_slow,both,G5,r1_rms_200,0.5743,0.5630,0.5862
constant_slow,both,G5,r1_mean_200,-0.1075,-0.1270,-0.0880
constant_slow,both,G5,r2_brier,0.1805,0.1788,0.1823
constant_slow,both,G5,r2_bias,0.0113,0.0085,0.0141
constant_slow,both,G5,r3_inside,0.4018,0.3957,0.4080
constant_slow,both,G5,r3_below_0.5,0.0579,0.0528,0.0632
constant_slow,both,G5,r3_above_0.95,0.0347,0.0314,0.0380
constant_slow,both,G5,r4_false,0.0394,0.0328,0.0469
constant_slow,both,G5,r4_false_0.70,0.0092,0.0065,0.0123
constant_slow,both,G5,r4_below,0.5519,0.5302,0.5755
constant_slow,both,G5,r4_false_at_task,0.0324,0.0224,0.0429
constant_slow,both,G5,r4_declared,8.3940,8.0070,8.8010
constant_slow,both,G5,r5_late_answers,4.4126,4.2158,4.6068
constant_slow,both,G5,r5_never,0.2326,0.2162,0.2497
constant_slow,both,G5,r6_lag,-0.1034,-0.1183,-0.0881
constant_slow,both,G5,r7_error_5,1.0265,0.9797,1.0740
constant_slow,both,G5,r7_error_10,0.9846,0.9400,1.0321
constant_slow,both,G5,r7_longest_wrong,2.0210,1.9540,2.0920
constant_slow,both,G5,r7_hard_first,0.1491,0.1363,0.1622
constant_slow,both,G5,r4b_chance_below_0.5,0.1306,0.1181,0.1437
constant_slow,both,G5,r4b_chance_0.5_to_0.6,0.1475,0.1401,0.1551
constant_slow,both,G5,r4b_chance_0.6_to_0.7,0.2218,0.2151,0.2288
constant_slow,both,G5,r4b_chance_0.7_to_0.8,0.2552,0.2461,0.2642
constant_slow,both,G5,r4b_chance_0.8_up,0.2448,0.2315,0.2592
constant_slow,both,G5,r3_reachable,0.9045,0.8924,0.9158
constant_slow,both,G5,r8_rank_6_20,2.9200,2.5000,3.3400
constant_slow,both,G5,r8_topic_rank_6_20,10.2333,9.4867,11.0267
constant_slow,both,G5,r8_rank_150_200,3.7294,3.3804,4.0922
constant_slow,both,G5,r8_topic_rank_150_200,10.1451,9.7275,10.5824
constant_slow,both,G5,r9_kept_up_6_50,-0.0337,-0.0417,-0.0258
constant_slow,both,G5,r9_kept_up_101_200,0.0002,-0.0018,0.0022
constant_slow,both,G5,r10_shown,3.7510,3.5070,4.0350
constant_slow,both,G5,r2_ece,0.0143,0.0115,0.0173
constant_slow,both,G5,r4b_3,0.1447,0.1305,0.1588
constant_slow,both,G5,r4b_5,0.1730,0.1571,0.1893
constant_slow,both,G5,r4b_10,0.1837,0.1669,0.2006
constant_slow,both,G5,r4b_20,0.2043,0.1857,0.2253
constant_slow,both,G5,r4b_50,0.3001,0.2209,0.4112
constant_slow,both,G5,r8_move_p95_6_20,42.0000,42.0000,42.0000
constant_slow,both,G5,r8_move_p95_150_200,42.0000,42.0000,42.0000
constant_slow,both,G5,r9_kept_up_later_less_earlier,0.0339,0.0261,0.0415
constant_slow,both,G5,r10_taken_back_5,0.1812,0.1650,0.1985
constant_slow,both,G5,r10_taken_back_10,0.3686,0.3373,0.3995
constant_slow,both,G6,r1_rms_5,1.0532,1.0117,1.0964
constant_slow,both,G6,r1_mean_5,-0.0431,-0.1128,0.0267
constant_slow,both,G6,r1_rms_10,1.0162,0.9790,1.0577
constant_slow,both,G6,r1_mean_10,-0.0678,-0.1371,-0.0020
constant_slow,both,G6,r1_rms_20,0.9406,0.9067,0.9787
constant_slow,both,G6,r1_mean_20,-0.0984,-0.1593,-0.0388
constant_slow,both,G6,r1_rms_50,0.8016,0.7739,0.8317
constant_slow,both,G6,r1_mean_50,-0.1554,-0.2062,-0.1065
constant_slow,both,G6,r1_rms_100,0.7389,0.7130,0.7669
constant_slow,both,G6,r1_mean_100,-0.2024,-0.2448,-0.1595
constant_slow,both,G6,r1_rms_200,0.7537,0.7291,0.7773
constant_slow,both,G6,r1_mean_200,-0.2562,-0.3020,-0.2137
constant_slow,both,G6,r2_brier,0.1797,0.1780,0.1814
constant_slow,both,G6,r2_bias,0.0106,0.0080,0.0133
constant_slow,both,G6,r3_inside,0.4270,0.4126,0.4411
constant_slow,both,G6,r3_below_0.5,0.0645,0.0598,0.0698
constant_slow,both,G6,r3_above_0.95,0.0913,0.0850,0.0980
constant_slow,both,G6,r4_false,0.0787,0.0663,0.0920
constant_slow,both,G6,r4_false_0.70,0.0180,0.0128,0.0238
constant_slow,both,G6,r4_below,0.5357,0.5132,0.5585
constant_slow,both,G6,r4_false_at_task,0.0756,0.0578,0.0938
constant_slow,both,G6,r4_declared,8.1710,7.7580,8.6170
constant_slow,both,G6,r5_late_answers,4.6381,4.4367,4.8333
constant_slow,both,G6,r5_never,0.1773,0.1590,0.1948
constant_slow,both,G6,r6_lag,-0.2347,-0.2753,-0.1941
constant_slow,both,G6,r7_error_5,0.9205,0.8770,0.9666
constant_slow,both,G6,r7_error_10,0.8730,0.8267,0.9165
constant_slow,both,G6,r7_longest_wrong,1.9100,1.8430,1.9820
constant_slow,both,G6,r7_hard_first,0.1447,0.1331,0.1570
constant_slow,both,G6,r4b_chance_below_0.5,0.1141,0.1024,0.1266
constant_slow,both,G6,r4b_chance_0.5_to_0.6,0.1131,0.1043,0.1223
constant_slow,both,G6,r4b_chance_0.6_to_0.7,0.2363,0.2242,0.2477
constant_slow,both,G6,r4b_chance_0.7_to_0.8,0.3086,0.2944,0.3233
constant_slow,both,G6,r4b_chance_0.8_up,0.2279,0.2138,0.2421
constant_slow,both,G6,r3_reachable,0.7835,0.7678,0.7995
constant_slow,both,G6,r8_rank_6_20,2.9267,2.5200,3.3600
constant_slow,both,G6,r8_topic_rank_6_20,10.4600,9.6133,11.3000
constant_slow,both,G6,r8_rank_150_200,3.2706,2.9333,3.6078
constant_slow,both,G6,r8_topic_rank_150_200,10.5333,10.1235,10.9373
constant_slow,both,G6,r9_kept_up_6_50,-0.0220,-0.0291,-0.0151
constant_slow,both,G6,r9_kept_up_101_200,-0.0046,-0.0067,-0.0025
constant_slow,both,G6,r10_shown,3.7710,3.4980,4.0390
constant_slow,both,G6,r2_ece,0.0141,0.0114,0.0169
constant_slow,both,G6,r4b_3,0.1624,0.1469,0.1780
constant_slow,both,G6,r4b_5,0.1910,0.1727,0.2085
constant_slow,both,G6,r4b_10,0.2024,0.1844,0.2204
constant_slow,both,G6,r4b_20,0.2143,0.1952,0.2345
constant_slow,both,G6,r4b_50,0.2406,0.2048,0.2905
constant_slow,both,G6,r8_move_p95_6_20,42.0000,42.0000,42.0000
constant_slow,both,G6,r8_move_p95_150_200,42.0000,42.0000,42.0000
constant_slow,both,G6,r9_kept_up_later_less_earlier,0.0175,0.0110,0.0243
constant_slow,both,G6,r10_taken_back_5,0.1880,0.1713,0.2051
constant_slow,both,G6,r10_taken_back_10,0.3772,0.3469,0.4080
constant_slow,both,G7,r1_rms_5,1.0109,0.9735,1.0473
constant_slow,both,G7,r1_mean_5,-0.0813,-0.1507,-0.0135
constant_slow,both,G7,r1_rms_10,0.9785,0.9448,1.0128
constant_slow,both,G7,r1_mean_10,-0.1103,-0.1743,-0.0483
constant_slow,both,G7,r1_rms_20,0.8946,0.8665,0.9250
constant_slow,both,G7,r1_mean_20,-0.1327,-0.1864,-0.0777
constant_slow,both,G7,r1_rms_50,0.7309,0.7105,0.7525
constant_slow,both,G7,r1_mean_50,-0.1643,-0.2026,-0.1263
constant_slow,both,G7,r1_rms_100,0.6082,0.5949,0.6208
constant_slow,both,G7,r1_mean_100,-0.1623,-0.1890,-0.1340
constant_slow,both,G7,r1_rms_200,0.5457,0.5347,0.5568
constant_slow,both,G7,r1_mean_200,-0.1552,-0.1790,-0.1320
constant_slow,both,G7,r2_brier,0.1752,0.1737,0.1768
constant_slow,both,G7,r2_bias,0.0045,0.0020,0.0071
constant_slow,both,G7,r3_inside,0.4281,0.4229,0.4328
constant_slow,both,G7,r3_below_0.5,0.0399,0.0361,0.0440
constant_slow,both,G7,r3_above_0.95,0.0297,0.0268,0.0327
constant_slow,both,G7,r4_false,0.0402,0.0344,0.0464
constant_slow,both,G7,r4_false_0.70,0.0079,0.0057,0.0102
constant_slow,both,G7,r4_below,0.5465,0.5262,0.5666
constant_slow,both,G7,r4_false_at_task,0.0324,0.0244,0.0409
constant_slow,both,G7,r4_declared,8.3830,7.9870,8.7800
constant_slow,both,G7,r5_late_answers,4.5285,4.3616,4.7031
constant_slow,both,G7,r5_never,0.1605,0.1456,0.1752
constant_slow,both,G7,r6_lag,-0.1594,-0.1816,-0.1373
constant_slow,both,G7,r7_error_5,0.8694,0.8264,0.9150
constant_slow,both,G7,r7_error_10,0.8230,0.7851,0.8659
constant_slow,both,G7,r7_longest_wrong,1.8650,1.8060,1.9280
constant_slow,both,G7,r7_hard_first,0.1422,0.1311,0.1544
constant_slow,both,G7,r4b_chance_below_0.5,0.0894,0.0795,0.1005
constant_slow,both,G7,r4b_chance_0.5_to_0.6,0.1207,0.1155,0.1261
constant_slow,both,G7,r4b_chance_0.6_to_0.7,0.2103,0.2048,0.2163
constant_slow,both,G7,r4b_chance_0.7_to_0.8,0.2808,0.2739,0.2872
constant_slow,both,G7,r4b_chance_0.8_up,0.2988,0.2858,0.3107
constant_slow,both,G7,r3_reachable,0.9305,0.9223,0.9384
constant_slow,both,G7,r8_rank_6_20,2.7000,2.3267,3.1133
constant_slow,both,G7,r8_topic_rank_6_20,9.9267,9.1400,10.7067
constant_slow,both,G7,r8_rank_150_200,3.3608,3.0039,3.7039
constant_slow,both,G7,r8_topic_rank_150_200,10.4490,10.0608,10.8451
constant_slow,both,G7,r9_kept_up_6_50,-0.0156,-0.0231,-0.0087
constant_slow,both,G7,r9_kept_up_101_200,0.0007,-0.0013,0.0026
constant_slow,both,G7,r10_shown,3.8420,3.5740,4.0820
constant_slow,both,G7,r2_ece,0.0067,0.0041,0.0092
constant_slow,both,G7,r4b_3,0.1411,0.1276,0.1541
constant_slow,both,G7,r4b_5,0.1689,0.1543,0.1849
constant_slow,both,G7,r4b_10,0.1818,0.1660,0.1982
constant_slow,both,G7,r4b_20,0.1993,0.1810,0.2193
constant_slow,both,G7,r4b_50,0.2238,0.1915,0.2651
constant_slow,both,G7,r8_move_p95_6_20,42.0000,42.0000,42.0000
constant_slow,both,G7,r8_move_p95_150_200,42.0000,42.0000,42.0000
constant_slow,both,G7,r9_kept_up_later_less_earlier,0.0163,0.0095,0.0227
constant_slow,both,G7,r10_taken_back_5,0.1664,0.1507,0.1824
constant_slow,both,G7,r10_taken_back_10,0.3480,0.3207,0.3767
constant_slow,both,G8,r1_rms_5,1.0037,0.9696,1.0395
constant_slow,both,G8,r1_mean_5,-0.0258,-0.0912,0.0384
constant_slow,both,G8,r1_rms_10,0.9586,0.9251,0.9933
constant_slow,both,G8,r1_mean_10,-0.0466,-0.1074,0.0144
constant_slow,both,G8,r1_rms_20,0.8761,0.8479,0.9044
constant_slow,both,G8,r1_mean_20,-0.0754,-0.1263,-0.0234
constant_slow,both,G8,r1_rms_50,0.6801,0.6619,0.6986
constant_slow,both,G8,r1_mean_50,-0.1209,-0.1566,-0.0861
constant_slow,both,G8,r1_rms_100,0.5505,0.5399,0.5619
constant_slow,both,G8,r1_mean_100,-0.1305,-0.1528,-0.1096
constant_slow,both,G8,r1_rms_200,0.4860,0.4783,0.4941
constant_slow,both,G8,r1_mean_200,-0.0918,-0.1090,-0.0741
constant_slow,both,G8,r2_brier,0.1749,0.1734,0.1766
constant_slow,both,G8,r2_bias,0.0039,0.0013,0.0066
constant_slow,both,G8,r3_inside,0.4273,0.4222,0.4324
constant_slow,both,G8,r3_below_0.5,0.0379,0.0346,0.0413
constant_slow,both,G8,r3_above_0.95,0.0315,0.0282,0.0348
constant_slow,both,G8,r4_false,0.0340,0.0286,0.0399
constant_slow,both,G8,r4_false_0.70,0.0074,0.0052,0.0098
constant_slow,both,G8,r4_below,0.5290,0.5085,0.5501
constant_slow,both,G8,r4_false_at_task,0.0275,0.0210,0.0345
constant_slow,both,G8,r4_declared,8.3420,7.9200,8.7310
constant_slow,both,G8,r5_late_answers,4.9218,4.7463,5.0929
constant_slow,both,G8,r5_never,0.1926,0.1764,0.2084
constant_slow,both,G8,r6_lag,-0.1127,-0.1270,-0.0986
constant_slow,both,G8,r7_error_5,0.8571,0.8159,0.8979
constant_slow,both,G8,r7_error_10,0.8035,0.7648,0.8419
constant_slow,both,G8,r7_longest_wrong,1.8120,1.7560,1.8730
constant_slow,both,G8,r7_hard_first,0.1403,0.1293,0.1525
constant_slow,both,G8,r4b_chance_below_0.5,0.0827,0.0746,0.0913
constant_slow,both,G8,r4b_chance_0.5_to_0.6,0.1268,0.1208,0.1334
constant_slow,both,G8,r4b_chance_0.6_to_0.7,0.2164,0.2104,0.2222
constant_slow,both,G8,r4b_chance_0.7_to_0.8,0.2839,0.2770,0.2901
constant_slow,both,G8,r4b_chance_0.8_up,0.2902,0.2782,0.3028
constant_slow,both,G8,r3_reachable,0.9346,0.9266,0.9424
constant_slow,both,G8,r8_rank_6_20,2.2200,1.8600,2.6067
constant_slow,both,G8,r8_topic_rank_6_20,9.3000,8.5933,10.0800
constant_slow,both,G8,r8_rank_150_200,3.8118,3.4412,4.1706
constant_slow,both,G8,r8_topic_rank_150_200,10.8510,10.4529,11.2765
constant_slow,both,G8,r9_kept_up_6_50,-0.0181,-0.0257,-0.0108
constant_slow,both,G8,r9_kept_up_101_200,0.0027,0.0003,0.0053
constant_slow,both,G8,r10_shown,3.9380,3.6700,4.2300
constant_slow,both,G8,r2_ece,0.0059,0.0039,0.0085
constant_slow,both,G8,r4b_3,0.1243,0.1121,0.1366
constant_slow,both,G8,r4b_5,0.1548,0.1400,0.1683
constant_slow,both,G8,r4b_10,0.1742,0.1598,0.1895
constant_slow,both,G8,r4b_20,0.1868,0.1699,0.2031
constant_slow,both,G8,r4b_50,0.2048,0.1760,0.2440
constant_slow,both,G8,r8_move_p95_6_20,42.0000,42.0000,42.0000
constant_slow,both,G8,r8_move_p95_150_200,42.0000,42.0000,42.0000
constant_slow,both,G8,r9_kept_up_later_less_earlier,0.0208,0.0133,0.0280
constant_slow,both,G8,r10_taken_back_5,0.1732,0.1584,0.1886
constant_slow,both,G8,r10_taken_back_10,0.3703,0.3428,0.3977
constant_slow,both,G0-exact,r1_rms_5,0.9667,0.9326,1.0016
constant_slow,both,G0-exact,r1_mean_5,-0.0739,-0.1330,-0.0113
constant_slow,both,G0-exact,r1_rms_10,0.9194,0.8890,0.9516
constant_slow,both,G0-exact,r1_mean_10,-0.0846,-0.1409,-0.0268
constant_slow,both,G0-exact,r1_rms_20,0.8376,0.8122,0.8658
constant_slow,both,G0-exact,r1_mean_20,-0.0926,-0.1426,-0.0420
constant_slow,both,G0-exact,r1_rms_50,0.6547,0.6380,0.6717
constant_slow,both,G0-exact,r1_mean_50,-0.0949,-0.1293,-0.0613
constant_slow,both,G0-exact,r1_rms_100,0.5257,0.5157,0.5354
constant_slow,both,G0-exact,r1_mean_100,-0.0821,-0.1028,-0.0626
constant_slow,both,G0-exact,r1_rms_200,0.4726,0.4650,0.4804
constant_slow,both,G0-exact,r1_mean_200,-0.0564,-0.0727,-0.0398
constant_slow,both,G0-exact,r2_brier,0.1728,0.1713,0.1744
constant_slow,both,G0-exact,r2_bias,0.0008,-0.0019,0.0034
constant_slow,both,G0-exact,r3_inside,0.5420,0.5338,0.5502
constant_slow,both,G0-exact,r3_below_0.5,0.0178,0.0154,0.0206
constant_slow,both,G0-exact,r3_above_0.95,0.0133,0.0111,0.0157
constant_slow,both,G0-exact,r4_false,0.0459,0.0394,0.0528
constant_slow,both,G0-exact,r4_false_0.70,0.0104,0.0079,0.0130
constant_slow,both,G0-exact,r4_below,0.5253,0.5021,0.5477
constant_slow,both,G0-exact,r4_false_at_task,0.0374,0.0290,0.0465
constant_slow,both,G0-exact,r4_declared,8.7850,8.3460,9.1960
constant_slow,both,G0-exact,r5_late_answers,4.6279,4.4602,4.7948
constant_slow,both,G0-exact,r5_never,0.1743,0.1585,0.1904
constant_slow,both,G0-exact,r6_lag,-0.0665,-0.0798,-0.0520
constant_slow,both,G0-exact,r7_error_5,0.8078,0.7664,0.8479
constant_slow,both,G0-exact,r7_error_10,0.7535,0.7174,0.7920
constant_slow,both,G0-exact,r7_longest_wrong,1.7810,1.7210,1.8400
constant_slow,both,G0-exact,r7_hard_first,0.1071,0.0959,0.1187
constant_slow,both,G0-exact,r4b_chance_below_0.5,0.0452,0.0388,0.0523
constant_slow,both,G0-exact,r4b_chance_0.5_to_0.6,0.0961,0.0878,0.1047
constant_slow,both,G0-exact,r4b_chance_0.6_to_0.7,0.2615,0.2494,0.2734
constant_slow,both,G0-exact,r4b_chance_0.7_to_0.8,0.3836,0.3694,0.3986
constant_slow,both,G0-exact,r4b_chance_0.8_up,0.2137,0.1988,0.2283
constant_slow,both,G0-exact,r3_reachable,0.9361,0.9286,0.9427
constant_slow,both,G0-exact,r8_rank_6_20,3.0867,2.6667,3.5467
constant_slow,both,G0-exact,r8_topic_rank_6_20,10.4933,9.6667,11.3467
constant_slow,both,G0-exact,r8_rank_150_200,3.5882,3.2529,3.9392
constant_slow,both,G0-exact,r8_topic_rank_150_200,10.6765,10.2608,11.1059
constant_slow,both,G0-exact,r9_kept_up_6_50,-0.0054,-0.0123,0.0014
constant_slow,both,G0-exact,r9_kept_up_101_200,0.0023,0.0003,0.0043
constant_slow,both,G0-exact,r10_shown,4.1480,3.8780,4.4240
constant_slow,both,G0-exact,r2_ece,0.0029,0.0013,0.0053
constant_slow,both,G0-exact,r4b_3,0.1393,0.1264,0.1525
constant_slow,both,G0-exact,r4b_5,0.1686,0.1539,0.1840
constant_slow,both,G0-exact,r4b_10,0.1836,0.1679,0.1998
constant_slow,both,G0-exact,r4b_20,0.2036,0.1864,0.2229
constant_slow,both,G0-exact,r4b_50,0.2960,0.2181,0.4342
constant_slow,both,G0-exact,r8_move_p95_6_20,42.0000,42.0000,42.0000
constant_slow,both,G0-exact,r8_move_p95_150_200,42.0000,42.0000,42.0000
constant_slow,both,G0-exact,r9_kept_up_later_less_earlier,0.0076,0.0011,0.0147
constant_slow,both,G0-exact,r10_taken_back_5,0.1774,0.1623,0.1930
constant_slow,both,G0-exact,r10_taken_back_10,0.3430,0.3181,0.3685
constant_slow,both,G0-miss0.25,r1_rms_5,1.0025,0.9673,1.0377
constant_slow,both,G0-miss0.25,r1_mean_5,0.0650,-0.0010,0.1295
constant_slow,both,G0-miss0.25,r1_rms_10,0.9550,0.9242,0.9859
constant_slow,both,G0-miss0.25,r1_mean_10,0.0347,-0.0239,0.0946
constant_slow,both,G0-miss0.25,r1_rms_20,0.8560,0.8306,0.8826
constant_slow,both,G0-miss0.25,r1_mean_20,0.0060,-0.0471,0.0576
constant_slow,both,G0-miss0.25,r1_rms_50,0.6574,0.6414,0.6748
constant_slow,both,G0-miss0.25,r1_mean_50,-0.0449,-0.0793,-0.0117
constant_slow,both,G0-miss0.25,r1_rms_100,0.5188,0.5096,0.5280
constant_slow,both,G0-miss0.25,r1_mean_100,-0.0567,-0.0764,-0.0357
constant_slow,both,G0-miss0.25,r1_rms_200,0.4717,0.4638,0.4794
constant_slow,both,G0-miss0.25,r1_mean_200,-0.0408,-0.0567,-0.0240
constant_slow,both,G0-miss0.25,r2_brier,0.1759,0.1743,0.1774
constant_slow,both,G0-miss0.25,r2_bias,0.0058,0.0031,0.0085
constant_slow,both,G0-miss0.25,r3_inside,0.5081,0.5011,0.5145
constant_slow,both,G0-miss0.25,r3_below_0.5,0.0273,0.0240,0.0307
constant_slow,both,G0-miss0.25,r3_above_0.95,0.0134,0.0114,0.0156
constant_slow,both,G0-miss0.25,r4_false,0.0504,0.0435,0.0580
constant_slow,both,G0-miss0.25,r4_false_0.70,0.0108,0.0079,0.0142
constant_slow,both,G0-miss0.25,r4_below,0.5228,0.5021,0.5438
constant_slow,both,G0-miss0.25,r4_false_at_task,0.0437,0.0338,0.0548
constant_slow,both,G0-miss0.25,r4_declared,8.4350,8.0410,8.8360
constant_slow,both,G0-miss0.25,r5_late_answers,4.5654,4.3644,4.7726
constant_slow,both,G0-miss0.25,r5_never,0.1690,0.1535,0.1851
constant_slow,both,G0-miss0.25,r6_lag,-0.0555,-0.0696,-0.0406
constant_slow,both,G0-miss0.25,r7_error_5,0.8623,0.8240,0.9022
constant_slow,both,G0-miss0.25,r7_error_10,0.8009,0.7633,0.8370
constant_slow,both,G0-miss0.25,r7_longest_wrong,1.9010,1.8380,1.9660
constant_slow,both,G0-miss0.25,r7_hard_first,0.1488,0.1362,0.1621
constant_slow,both,G0-miss0.25,r4b_chance_below_0.5,0.0629,0.0553,0.0712
constant_slow,both,G0-miss0.25,r4b_chance_0.5_to_0.6,0.1107,0.1040,0.1177
constant_slow,both,G0-miss0.25,r4b_chance_0.6_to_0.7,0.2490,0.2414,0.2571
constant_slow,both,G0-miss0.25,r4b_chance_0.7_to_0.8,0.3497,0.3396,0.3589
constant_slow,both,G0-miss0.25,r4b_chance_0.8_up,0.2277,0.2152,0.2412
constant_slow,both,G0-miss0.25,r3_reachable,0.9360,0.9286,0.9430
constant_slow,both,G0-miss0.25,r8_rank_6_20,2.6267,2.2667,3.0533
constant_slow,both,G0-miss0.25,r8_topic_rank_6_20,10.1800,9.4467,10.9733
constant_slow,both,G0-miss0.25,r8_rank_150_200,3.8157,3.4510,4.1686
constant_slow,both,G0-miss0.25,r8_topic_rank_150_200,10.5569,10.1412,10.9784
constant_slow,both,G0-miss0.25,r9_kept_up_6_50,-0.0211,-0.0285,-0.0137
constant_slow,both,G0-miss0.25,r9_kept_up_101_200,0.0014,-0.0005,0.0033
constant_slow,both,G0-miss0.25,r10_shown,4.0650,3.7900,4.3320
constant_slow,both,G0-miss0.25,r2_ece,0.0080,0.0053,0.0107
constant_slow,both,G0-miss0.25,r4b_3,0.1466,0.1339,0.1596
constant_slow,both,G0-miss0.25,r4b_5,0.1777,0.1619,0.1940
constant_slow,both,G0-miss0.25,r4b_10,0.1927,0.1766,0.2087
constant_slow,both,G0-miss0.25,r4b_20,0.2044,0.1873,0.2225
constant_slow,both,G0-miss0.25,r4b_50,0.2346,0.1974,0.2901
constant_slow,both,G0-miss0.25,r8_move_p95_6_20,42.0000,42.0000,42.0000
constant_slow,both,G0-miss0.25,r8_move_p95_150_200,42.0000,42.0000,42.0000
constant_slow,both,G0-miss0.25,r9_kept_up_later_less_earlier,0.0225,0.0153,0.0298
constant_slow,both,G0-miss0.25,r10_taken_back_5,0.1889,0.1749,0.2042
constant_slow,both,G0-miss0.25,r10_taken_back_10,0.3598,0.3330,0.3862
constant_slow,both,G0-miss1,r1_rms_5,1.0575,1.0166,1.0994
constant_slow,both,G0-miss1,r1_mean_5,-0.0953,-0.1669,-0.0224
constant_slow,both,G0-miss1,r1_rms_10,1.0018,0.9651,1.0380
constant_slow,both,G0-miss1,r1_mean_10,-0.1126,-0.1790,-0.0467
constant_slow,both,G0-miss1,r1_rms_20,0.9112,0.8808,0.9440
constant_slow,both,G0-miss1,r1_mean_20,-0.1364,-0.1982,-0.0772
constant_slow,both,G0-miss1,r1_rms_50,0.7331,0.7125,0.7542
constant_slow,both,G0-miss1,r1_mean_50,-0.1830,-0.2236,-0.1440
constant_slow,both,G0-miss1,r1_rms_100,0.5903,0.5778,0.6040
constant_slow,both,G0-miss1,r1_mean_100,-0.2095,-0.2333,-0.1847
constant_slow,both,G0-miss1,r1_rms_200,0.5242,0.5143,0.5337
constant_slow,both,G0-miss1,r1_mean_200,-0.2075,-0.2259,-0.1894
constant_slow,both,G0-miss1,r2_brier,0.1766,0.1748,0.1783
constant_slow,both,G0-miss1,r2_bias,0.0064,0.0035,0.0092
constant_slow,both,G0-miss1,r3_inside,0.2982,0.2954,0.3011
constant_slow,both,G0-miss1,r3_below_0.5,0.0910,0.0867,0.0951
constant_slow,both,G0-miss1,r3_above_0.95,0.1055,0.1009,0.1101
constant_slow,both,G0-miss1,r4_false,0.0397,0.0330,0.0467
constant_slow,both,G0-miss1,r4_false_0.70,0.0089,0.0063,0.0117
constant_slow,both,G0-miss1,r4_below,0.5408,0.5191,0.5628
constant_slow,both,G0-miss1,r4_false_at_task,0.0360,0.0276,0.0457
constant_slow,both,G0-miss1,r4_declared,8.5800,8.1780,8.9940
constant_slow,both,G0-miss1,r5_late_answers,4.6205,4.4311,4.8288
constant_slow,both,G0-miss1,r5_never,0.2102,0.1913,0.2289
constant_slow,both,G0-miss1,r6_lag,-0.2136,-0.2294,-0.1982
constant_slow,both,G0-miss1,r7_error_5,0.9087,0.8666,0.9529
constant_slow,both,G0-miss1,r7_error_10,0.8506,0.8092,0.8927
constant_slow,both,G0-miss1,r7_longest_wrong,1.8780,1.8200,1.9410
constant_slow,both,G0-miss1,r7_hard_first,0.1761,0.1650,0.1876
constant_slow,both,G0-miss1,r4b_chance_below_0.5,0.1560,0.1477,0.1650
constant_slow,both,G0-miss1,r4b_chance_0.5_to_0.6,0.1185,0.1149,0.1225
constant_slow,both,G0-miss1,r4b_chance_0.6_to_0.7,0.1511,0.1478,0.1545
constant_slow,both,G0-miss1,r4b_chance_0.7_to_0.8,0.1868,0.1829,0.1905
constant_slow,both,G0-miss1,r4b_chance_0.8_up,0.3876,0.3763,0.3990
constant_slow,both,G0-miss1,r3_reachable,0.9448,0.9374,0.9513
constant_slow,both,G0-miss1,r8_rank_6_20,2.2667,1.9067,2.6667
constant_slow,both,G0-miss1,r8_topic_rank_6_20,9.1200,8.3400,9.8867
constant_slow,both,G0-miss1,r8_rank_150_200,3.7588,3.4000,4.1294
constant_slow,both,G0-miss1,r8_topic_rank_150_200,10.6235,10.2000,11.0353
constant_slow,both,G0-miss1,r9_kept_up_6_50,-0.0181,-0.0252,-0.0111
constant_slow,both,G0-miss1,r9_kept_up_101_200,0.0003,-0.0019,0.0024
constant_slow,both,G0-miss1,r10_shown,3.9930,3.7320,4.2610
constant_slow,both,G0-miss1,r2_ece,0.0089,0.0061,0.0117
constant_slow,both,G0-miss1,r4b_3,0.1494,0.1358,0.1626
constant_slow,both,G0-miss1,r4b_5,0.1825,0.1668,0.1985
constant_slow,both,G0-miss1,r4b_10,0.1922,0.1764,0.2090
constant_slow,both,G0-miss1,r4b_20,0.2039,0.1848,0.2226
constant_slow,both,G0-miss1,r4b_50,0.2078,0.1880,0.2278
constant_slow,both,G0-miss1,r8_move_p95_6_20,42.0000,42.0000,42.0000
constant_slow,both,G0-miss1,r8_move_p95_150_200,42.0000,42.0000,42.0000
constant_slow,both,G0-miss1,r9_kept_up_later_less_earlier,0.0184,0.0121,0.0249
constant_slow,both,G0-miss1,r10_taken_back_5,0.1782,0.1627,0.1944
constant_slow,both,G0-miss1,r10_taken_back_10,0.3444,0.3190,0.3703
constant_slow,both,G2-half,r1_rms_5,1.0035,0.9685,1.0393
constant_slow,both,G2-half,r1_mean_5,-0.0551,-0.1216,0.0103
constant_slow,both,G2-half,r1_rms_10,0.9666,0.9348,0.9996
constant_slow,both,G2-half,r1_mean_10,-0.0935,-0.1571,-0.0310
constant_slow,both,G2-half,r1_rms_20,0.8793,0.8515,0.9078
constant_slow,both,G2-half,r1_mean_20,-0.1634,-0.2167,-0.1112
constant_slow,both,G2-half,r1_rms_50,0.7192,0.6981,0.7401
constant_slow,both,G2-half,r1_mean_50,-0.2975,-0.3332,-0.2621
constant_slow,both,G2-half,r1_rms_100,0.6469,0.6315,0.6631
constant_slow,both,G2-half,r1_mean_100,-0.3996,-0.4215,-0.3774
constant_slow,both,G2-half,r1_rms_200,0.6064,0.5947,0.6181
constant_slow,both,G2-half,r1_mean_200,-0.4024,-0.4195,-0.3859
constant_slow,both,G2-half,r2_brier,0.1570,0.1554,0.1585
constant_slow,both,G2-half,r2_bias,-0.0287,-0.0312,-0.0262
constant_slow,both,G2-half,r3_inside,0.3946,0.3891,0.3998
constant_slow,both,G2-half,r3_below_0.5,0.0255,0.0232,0.0280
constant_slow,both,G2-half,r3_above_0.95,0.0517,0.0476,0.0558
constant_slow,both,G2-half,r4_false,0.0214,0.0177,0.0252
constant_slow,both,G2-half,r4_false_0.70,0.0041,0.0028,0.0057
constant_slow,both,G2-half,r4_below,0.5734,0.5524,0.5945
constant_slow,both,G2-half,r4_false_at_task,0.0186,0.0133,0.0242
constant_slow,both,G2-half,r4_declared,10.6130,10.2020,11.0520
constant_slow,both,G2-half,r5_late_answers,5.7639,5.5742,5.9556
constant_slow,both,G2-half,r5_never,0.2913,0.2749,0.3071
constant_slow,both,G2-half,r6_lag,-0.4166,-0.4319,-0.3995
constant_slow,both,G2-half,r7_error_5,0.8583,0.8174,0.9011
constant_slow,both,G2-half,r7_error_10,0.8094,0.7716,0.8474
constant_slow,both,G2-half,r7_longest_wrong,1.7900,1.7340,1.8470
constant_slow,both,G2-half,r7_hard_first,0.1361,0.1245,0.1478
constant_slow,both,G2-half,r4b_chance_below_0.5,0.0684,0.0616,0.0748
constant_slow,both,G2-half,r4b_chance_0.5_to_0.6,0.0957,0.0908,0.1005
constant_slow,both,G2-half,r4b_chance_0.6_to_0.7,0.1835,0.1776,0.1896
constant_slow,both,G2-half,r4b_chance_0.7_to_0.8,0.2786,0.2731,0.2842
constant_slow,both,G2-half,r4b_chance_0.8_up,0.3738,0.3605,0.3872
constant_slow,both,G2-half,r3_reachable,0.9543,0.9496,0.9583
constant_slow,both,G2-half,r8_rank_6_20,2.7467,2.3533,3.1600
constant_slow,both,G2-half,r8_topic_rank_6_20,9.7333,8.9467,10.5133
constant_slow,both,G2-half,r8_rank_150_200,3.3157,3.0176,3.6431
constant_slow,both,G2-half,r8_topic_rank_150_200,10.3333,9.9118,10.7451
constant_slow,both,G2-half,r9_kept_up_6_50,0.0010,-0.0057,0.0081
constant_slow,both,G2-half,r9_kept_up_101_200,0.0446,0.0426,0.0466
constant_slow,both,G2-half,r10_shown,4.6200,4.3160,4.9410
constant_slow,both,G2-half,r2_ece,0.0287,0.0260,0.0312
constant_slow,both,G2-half,r4b_3,0.1448,0.1319,0.1577
constant_slow,both,G2-half,r4b_5,0.1800,0.1651,0.1950
constant_slow,both,G2-half,r4b_10,0.2194,0.2015,0.2388
constant_slow,both,G2-half,r4b_20,0.2762,0.2479,0.3055
constant_slow,both,G2-half,r4b_50,0.3211,0.2790,0.3704
constant_slow,both,G2-half,r8_move_p95_6_20,42.0000,42.0000,42.0000
constant_slow,both,G2-half,r8_move_p95_150_200,42.0000,41.0000,42.0000
constant_slow,both,G2-half,r9_kept_up_later_less_earlier,0.0437,0.0370,0.0508
constant_slow,both,G2-half,r10_taken_back_5,0.1369,0.1242,0.1498
constant_slow,both,G2-half,r10_taken_back_10,0.2566,0.2337,0.2789
constant_slow,both,G2-fading,r1_rms_5,1.0200,0.9797,1.0606
constant_slow,both,G2-fading,r1_mean_5,-0.0023,-0.0671,0.0660
constant_slow,both,G2-fading,r1_rms_10,0.9668,0.9334,1.0006
constant_slow,both,G2-fading,r1_mean_10,-0.0670,-0.1315,-0.0061
constant_slow,both,G2-fading,r1_rms_20,0.8872,0.8586,0.9189
constant_slow,both,G2-fading,r1_mean_20,-0.1684,-0.2197,-0.1134
constant_slow,both,G2-fading,r1_rms_50,0.7366,0.7142,0.7583
constant_slow,both,G2-fading,r1_mean_50,-0.3320,-0.3722,-0.2953
constant_slow,both,G2-fading,r1_rms_100,0.6309,0.6163,0.6456
constant_slow,both,G2-fading,r1_mean_100,-0.3649,-0.3863,-0.3417
constant_slow,both,G2-fading,r1_rms_200,0.5359,0.5263,0.5464
constant_slow,both,G2-fading,r1_mean_200,-0.2739,-0.2901,-0.2561
constant_slow,both,G2-fading,r2_brier,0.1609,0.1594,0.1626
constant_slow,both,G2-fading,r2_bias,-0.0208,-0.0235,-0.0180
constant_slow,both,G2-fading,r3_inside,0.4021,0.3967,0.4074
constant_slow,both,G2-fading,r3_below_0.5,0.0267,0.0242,0.0292
constant_slow,both,G2-fading,r3_above_0.95,0.0490,0.0448,0.0532
constant_slow,both,G2-fading,r4_false,0.0245,0.0203,0.0286
constant_slow,both,G2-fading,r4_false_0.70,0.0045,0.0030,0.0061
constant_slow,both,G2-fading,r4_below,0.5444,0.5225,0.5662
constant_slow,both,G2-fading,r4_false_at_task,0.0175,0.0130,0.0224
constant_slow,both,G2-fading,r4_declared,9.6430,9.2050,10.0680
constant_slow,both,G2-fading,r5_late_answers,5.1937,5.0112,5.3822
constant_slow,both,G2-fading,r5_never,0.2759,0.2594,0.2922
constant_slow,both,G2-fading,r6_lag,-0.3238,-0.3384,-0.3086
constant_slow,both,G2-fading,r7_error_5,0.8779,0.8361,0.9213
constant_slow,both,G2-fading,r7_error_10,0.8147,0.7760,0.8551
constant_slow,both,G2-fading,r7_longest_wrong,1.8790,1.8140,1.9430
constant_slow,both,G2-fading,r7_hard_first,0.1476,0.1352,0.1599
constant_slow,both,G2-fading,r4b_chance_below_0.5,0.0666,0.0606,0.0728
constant_slow,both,G2-fading,r4b_chance_0.5_to_0.6,0.1009,0.0960,0.1058
constant_slow,both,G2-fading,r4b_chance_0.6_to_0.7,0.1882,0.1818,0.1945
constant_slow,both,G2-fading,r4b_chance_0.7_to_0.8,0.2838,0.2782,0.2890
constant_slow,both,G2-fading,r4b_chance_0.8_up,0.3605,0.3469,0.3744
constant_slow,both,G2-fading,r3_reachable,0.9545,0.9501,0.9586
constant_slow,both,G2-fading,r8_rank_6_20,2.4000,2.0467,2.7733
constant_slow,both,G2-fading,r8_topic_rank_6_20,9.6133,8.8267,10.3467
constant_slow,both,G2-fading,r8_rank_150_200,3.4804,3.1235,3.8294
constant_slow,both,G2-fading,r8_topic_rank_150_200,10.6706,10.2647,11.1020
constant_slow,both,G2-fading,r9_kept_up_6_50,-0.0024,-0.0093,0.0049
constant_slow,both,G2-fading,r9_kept_up_101_200,0.0292,0.0269,0.0312
constant_slow,both,G2-fading,r10_shown,4.4410,4.1460,4.7430
constant_slow,both,G2-fading,r2_ece,0.0208,0.0179,0.0235
constant_slow,both,G2-fading,r4b_3,0.1428,0.1300,0.1557
constant_slow,both,G2-fading,r4b_5,0.1759,0.1609,0.1912
constant_slow,both,G2-fading,r4b_10,0.1943,0.1775,0.2118
constant_slow,both,G2-fading,r4b_20,0.2280,0.2068,0.2503
constant_slow,both,G2-fading,r4b_50,0.2853,0.2241,0.3681
constant_slow,both,G2-fading,r8_move_p95_6_20,42.0000,42.0000,42.0000
constant_slow,both,G2-fading,r8_move_p95_150_200,42.0000,42.0000,42.0000
constant_slow,both,G2-fading,r9_kept_up_later_less_earlier,0.0316,0.0251,0.0380
constant_slow,both,G2-fading,r10_taken_back_5,0.1426,0.1295,0.1563
constant_slow,both,G2-fading,r10_taken_back_10,0.2888,0.2637,0.3127
constant_slow,both,G3-drop,r1_rms_5,0.9710,0.9368,1.0068
constant_slow,both,G3-drop,r1_mean_5,0.0278,-0.0396,0.0902
constant_slow,both,G3-drop,r1_rms_10,0.9350,0.9045,0.9664
constant_slow,both,G3-drop,r1_mean_10,0.0051,-0.0545,0.0628
constant_slow,both,G3-drop,r1_rms_20,0.8456,0.8202,0.8707
constant_slow,both,G3-drop,r1_mean_20,-0.0163,-0.0677,0.0346
constant_slow,both,G3-drop,r1_rms_50,0.6635,0.6467,0.6804
constant_slow,both,G3-drop,r1_mean_50,-0.0563,-0.0903,-0.0216
constant_slow,both,G3-drop,r1_rms_100,0.6448,0.6294,0.6616
constant_slow,both,G3-drop,r1_mean_100,0.2396,0.2091,0.2707
constant_slow,both,G3-drop,r1_rms_200,0.4946,0.4859,0.5037
constant_slow,both,G3-drop,r1_mean_200,0.1170,0.0985,0.1364
constant_slow,both,G3-drop,r2_brier,0.1963,0.1947,0.1979
constant_slow,both,G3-drop,r2_bias,0.0400,0.0374,0.0427
constant_slow,both,G3-drop,r3_inside,0.3951,0.3903,0.4000
constant_slow,both,G3-drop,r3_below_0.5,0.0792,0.0738,0.0855
constant_slow,both,G3-drop,r3_above_0.95,0.0206,0.0183,0.0229
constant_slow,both,G3-drop,r4_false,0.0599,0.0528,0.0675
constant_slow,both,G3-drop,r4_false_0.70,0.0183,0.0147,0.0224
constant_slow,both,G3-drop,r4_below,0.4839,0.4646,0.5047
constant_slow,both,G3-drop,r4_false_at_task,0.0574,0.0475,0.0682
constant_slow,both,G3-drop,r4_declared,8.3020,7.9130,8.7120
constant_slow,both,G3-drop,r5_late_answers,3.5792,3.4639,3.7031
constant_slow,both,G3-drop,r5_never,0.2574,0.2369,0.2776
constant_slow,both,G3-drop,r6_lag,0.2361,0.2207,0.2508
constant_slow,both,G3-drop,r6_jump_answers,32.5870,30.9530,34.3330
constant_slow,both,G3-drop,r6_jump_unsettled,0.0710,0.0560,0.0870
constant_slow,both,G3-drop,r7_error_5,0.8329,0.7933,0.8737
constant_slow,both,G3-drop,r7_error_10,0.7769,0.7414,0.8135
constant_slow,both,G3-drop,r7_longest_wrong,1.8610,1.7970,1.9280
constant_slow,both,G3-drop,r7_hard_first,0.1493,0.1375,0.1613
constant_slow,both,G3-drop,r4b_chance_below_0.5,0.1686,0.1548,0.1843
constant_slow,both,G3-drop,r4b_chance_0.5_to_0.6,0.1710,0.1658,0.1761
constant_slow,both,G3-drop,r4b_chance_0.6_to_0.7,0.2276,0.2220,0.2333
constant_slow,both,G3-drop,r4b_chance_0.7_to_0.8,0.2353,0.2281,0.2423
constant_slow,both,G3-drop,r4b_chance_0.8_up,0.1975,0.1870,0.2084
constant_slow,both,G3-drop,r3_reachable,0.8784,0.8671,0.8907
constant_slow,both,G3-drop,r8_rank_6_20,3.0333,2.6333,3.4533
constant_slow,both,G3-drop,r8_topic_rank_6_20,10.5000,9.7067,11.3400
constant_slow,both,G3-drop,r8_rank_150_200,3.4255,3.1039,3.7686
constant_slow,both,G3-drop,r8_topic_rank_150_200,10.4392,10.0412,10.8686
constant_slow,both,G3-drop,r9_kept_up_6_50,-0.0192,-0.0264,-0.0122
constant_slow,both,G3-drop,r9_kept_up_101_200,-0.0513,-0.0535,-0.0492
constant_slow,both,G3-drop,r10_shown,4.1840,3.9200,4.4750
constant_slow,both,G3-drop,r2_ece,0.0403,0.0378,0.0430
constant_slow,both,G3-drop,r4b_3,0.1352,0.1236,0.1478
constant_slow,both,G3-drop,r4b_5,0.1601,0.1464,0.1745
constant_slow,both,G3-drop,r4b_10,0.1650,0.1509,0.1805
constant_slow,both,G3-drop,r4b_20,0.1659,0.1505,0.1808
constant_slow,both,G3-drop,r4b_50,0.1659,0.1510,0.1807
constant_slow,both,G3-drop,r8_move_p95_6_20,42.0000,42.0000,42.0000
constant_slow,both,G3-drop,r8_move_p95_150_200,42.0000,42.0000,42.0000
constant_slow,both,G3-drop,r9_kept_up_later_less_earlier,-0.0321,-0.0388,-0.0254
constant_slow,both,G3-drop,r10_taken_back_5,0.2745,0.2578,0.2911
constant_slow,both,G3-drop,r10_taken_back_10,0.5043,0.4793,0.5304
constant_slow,both,G0-start0.5,r1_rms_5,0.9579,0.9234,0.9905
constant_slow,both,G0-start0.5,r1_mean_5,-0.0059,-0.0669,0.0551
constant_slow,both,G0-start0.5,r1_rms_10,0.9199,0.8886,0.9521
constant_slow,both,G0-start0.5,r1_mean_10,-0.0205,-0.0765,0.0373
constant_slow,both,G0-start0.5,r1_rms_20,0.8332,0.8075,0.8587
constant_slow,both,G0-start0.5,r1_mean_20,-0.0542,-0.1044,-0.0049
constant_slow,both,G0-start0.5,r1_rms_50,0.6479,0.6319,0.6642
constant_slow,both,G0-start0.5,r1_mean_50,-0.0972,-0.1309,-0.0650
constant_slow,both,G0-start0.5,r1_rms_100,0.5295,0.5194,0.5393
constant_slow,both,G0-start0.5,r1_mean_100,-0.1092,-0.1299,-0.0873
constant_slow,both,G0-start0.5,r1_rms_200,0.4776,0.4688,0.4863
constant_slow,both,G0-start0.5,r1_mean_200,-0.1031,-0.1208,-0.0865
constant_slow,both,G0-start0.5,r2_brier,0.1736,0.1723,0.1750
constant_slow,both,G0-start0.5,r2_bias,0.0053,0.0028,0.0079
constant_slow,both,G0-start0.5,r3_inside,0.4328,0.4283,0.4371
constant_slow,both,G0-start0.5,r3_below_0.5,0.0330,0.0304,0.0357
constant_slow,both,G0-start0.5,r3_above_0.95,0.0279,0.0254,0.0306
constant_slow,both,G0-start0.5,r4_false,0.0182,0.0134,0.0234
constant_slow,both,G0-start0.5,r4_false_0.70,0.0062,0.0037,0.0093
constant_slow,both,G0-start0.5,r4_below,0.5149,0.4963,0.5334
constant_slow,both,G0-start0.5,r4_false_at_task,0.0165,0.0101,0.0240
constant_slow,both,G0-start0.5,r4_declared,8.2360,7.8670,8.6080
constant_slow,both,G0-start0.5,r5_late_answers,3.9684,3.8233,4.1171
constant_slow,both,G0-start0.5,r5_never,0.1344,0.1218,0.1473
constant_slow,both,G0-start0.5,r6_lag,-0.1092,-0.1232,-0.0949
constant_slow,both,G0-start0.5,r7_error_5,0.8047,0.7661,0.8419
constant_slow,both,G0-start0.5,r7_error_10,0.7572,0.7197,0.7910
constant_slow,both,G0-start0.5,r7_longest_wrong,1.7620,1.7030,1.8260
constant_slow,both,G0-start0.5,r7_hard_first,0.1247,0.1139,0.1352
constant_slow,both,G0-start0.5,r4b_chance_below_0.5,0.0715,0.0659,0.0770
constant_slow,both,G0-start0.5,r4b_chance_0.5_to_0.6,0.1137,0.1088,0.1186
constant_slow,both,G0-start0.5,r4b_chance_0.6_to_0.7,0.2104,0.2051,0.2157
constant_slow,both,G0-start0.5,r4b_chance_0.7_to_0.8,0.2877,0.2824,0.2926
constant_slow,both,G0-start0.5,r4b_chance_0.8_up,0.3167,0.3055,0.3285
constant_slow,both,G0-start0.5,r3_reachable,0.9629,0.9585,0.9671
constant_slow,both,G0-start0.5,r8_rank_6_20,2.7733,2.3800,3.2067
constant_slow,both,G0-start0.5,r8_topic_rank_6_20,9.7067,8.9000,10.5467
constant_slow,both,G0-start0.5,r8_rank_150_200,3.6137,3.2863,3.9608
constant_slow,both,G0-start0.5,r8_topic_rank_150_200,11.3980,11.0059,11.8157
constant_slow,both,G0-start0.5,r9_kept_up_6_50,-0.0180,-0.0247,-0.0115
constant_slow,both,G0-start0.5,r9_kept_up_101_200,0.0005,-0.0015,0.0024
constant_slow,both,G0-start0.5,r10_shown,3.9770,3.7550,4.2150
constant_slow,both,G0-start0.5,r2_ece,0.0061,0.0037,0.0086
constant_slow,both,G0-start0.5,r4b_3,0.1332,0.1204,0.1454
constant_slow,both,G0-start0.5,r4b_5,0.1517,0.1370,0.1655
constant_slow,both,G0-start0.5,r4b_10,0.1565,0.1406,0.1717
constant_slow,both,G0-start0.5,r4b_20,0.1652,0.1480,0.1823
constant_slow,both,G0-start0.5,r4b_50,0.2916,0.1784,0.4634
constant_slow,both,G0-start0.5,r8_move_p95_6_20,42.0000,42.0000,42.0000
constant_slow,both,G0-start0.5,r8_move_p95_150_200,42.0000,42.0000,42.0000
constant_slow,both,G0-start0.5,r9_kept_up_later_less_earlier,0.0184,0.0117,0.0248
constant_slow,both,G0-start0.5,r10_taken_back_5,0.1730,0.1581,0.1864
constant_slow,both,G0-start0.5,r10_taken_back_10,0.3554,0.3304,0.3810
constant_slow,both,G0-start2,r1_rms_5,1.0902,1.0474,1.1345
constant_slow,both,G0-start2,r1_mean_5,-0.0252,-0.0983,0.0521
constant_slow,both,G0-start2,r1_rms_10,1.0414,1.0028,1.0822
constant_slow,both,G0-start2,r1_mean_10,-0.0547,-0.1256,0.0145
constant_slow,both,G0-start2,r1_rms_20,0.9393,0.9044,0.9769
constant_slow,both,G0-start2,r1_mean_20,-0.0875,-0.1513,-0.0231
constant_slow,both,G0-start2,r1_rms_50,0.7236,0.7000,0.7479
constant_slow,both,G0-start2,r1_mean_50,-0.1225,-0.1630,-0.0821
constant_slow,both,G0-start2,r1_rms_100,0.5675,0.5541,0.5811
constant_slow,both,G0-start2,r1_mean_100,-0.1158,-0.1404,-0.0902
constant_slow,both,G0-start2,r1_rms_200,0.4887,0.4801,0.4977
constant_slow,both,G0-start2,r1_mean_200,-0.0754,-0.0939,-0.0568
constant_slow,both,G0-start2,r2_brier,0.1768,0.1747,0.1791
constant_slow,both,G0-start2,r2_bias,0.0030,-0.0002,0.0059
constant_slow,both,G0-start2,r3_inside,0.4006,0.3932,0.4084
constant_slow,both,G0-start2,r3_below_0.5,0.0736,0.0635,0.0840
constant_slow,both,G0-start2,r3_above_0.95,0.0397,0.0347,0.0449
constant_slow,both,G0-start2,r4_false,0.0361,0.0308,0.0418
constant_slow,both,G0-start2,r4_false_0.70,0.0065,0.0045,0.0085
constant_slow,both,G0-start2,r4_below,0.4807,0.4568,0.5062
constant_slow,both,G0-start2,r4_false_at_task,0.0270,0.0199,0.0348
constant_slow,both,G0-start2,r4_declared,9.2880,8.8210,9.7760
constant_slow,both,G0-start2,r5_late_answers,4.9178,4.7380,5.0950
constant_slow,both,G0-start2,r5_never,0.1543,0.1397,0.1693
constant_slow,both,G0-start2,r6_lag,-0.1067,-0.1237,-0.0895
constant_slow,both,G0-start2,r7_error_5,0.9488,0.9023,0.9982
constant_slow,both,G0-start2,r7_error_10,0.8896,0.8440,0.9358
constant_slow,both,G0-start2,r7_longest_wrong,1.9960,1.9160,2.0760
constant_slow,both,G0-start2,r7_hard_first,0.1815,0.1653,0.1975
constant_slow,both,G0-start2,r4b_chance_below_0.5,0.1990,0.1699,0.2277
constant_slow,both,G0-start2,r4b_chance_0.5_to_0.6,0.1353,0.1279,0.1427
constant_slow,both,G0-start2,r4b_chance_0.6_to_0.7,0.1976,0.1893,0.2060
constant_slow,both,G0-start2,r4b_chance_0.7_to_0.8,0.2395,0.2279,0.2513
constant_slow,both,G0-start2,r4b_chance_0.8_up,0.2287,0.2142,0.2446
constant_slow,both,G0-start2,r3_reachable,0.8700,0.8531,0.8853
constant_slow,both,G0-start2,r8_rank_6_20,3.0467,2.6467,3.4867
constant_slow,both,G0-start2,r8_topic_rank_6_20,10.4800,9.7200,11.3200
constant_slow,both,G0-start2,r8_rank_150_200,3.4275,3.0843,3.7863
constant_slow,both,G0-start2,r8_topic_rank_150_200,9.7098,9.2863,10.1157
constant_slow,both,G0-start2,r9_kept_up_6_50,-0.0183,-0.0261,-0.0103
constant_slow,both,G0-start2,r9_kept_up_101_200,0.0036,0.0014,0.0058
constant_slow,both,G0-start2,r10_shown,4.8380,4.4770,5.2050
constant_slow,both,G0-start2,r2_ece,0.0035,0.0021,0.0068
constant_slow,both,G0-start2,r4b_3,0.1242,0.1110,0.1373
constant_slow,both,G0-start2,r4b_5,0.1528,0.1380,0.1681
constant_slow,both,G0-start2,r4b_10,0.1653,0.1495,0.1810
constant_slow,both,G0-start2,r4b_20,0.1798,0.1620,0.1975
constant_slow,both,G0-start2,r4b_50,0.1923,0.1675,0.2238
constant_slow,both,G0-start2,r8_move_p95_6_20,42.0000,42.0000,42.0000
constant_slow,both,G0-start2,r8_move_p95_150_200,42.0000,42.0000,42.0000
constant_slow,both,G0-start2,r9_kept_up_later_less_earlier,0.0219,0.0149,0.0293
constant_slow,both,G0-start2,r10_taken_back_5,0.1761,0.1609,0.1918
constant_slow,both,G0-start2,r10_taken_back_10,0.3606,0.3315,0.3898
constant_slow,both,G0-topics0.3,r1_rms_5,0.9082,0.8712,0.9463
constant_slow,both,G0-topics0.3,r1_mean_5,0.0615,-0.0040,0.1278
constant_slow,both,G0-topics0.3,r1_rms_10,0.8522,0.8182,0.8879
constant_slow,both,G0-topics0.3,r1_mean_10,0.0320,-0.0282,0.0925
constant_slow,both,G0-topics0.3,r1_rms_20,0.7546,0.7252,0.7846
constant_slow,both,G0-topics0.3,r1_mean_20,0.0048,-0.0453,0.0588
constant_slow,both,G0-topics0.3,r1_rms_50,0.5582,0.5394,0.5768
constant_slow,both,G0-topics0.3,r1_mean_50,-0.0435,-0.0773,-0.0081
constant_slow,both,G0-topics0.3,r1_rms_100,0.4463,0.4354,0.4571
constant_slow,both,G0-topics0.3,r1_mean_100,-0.0639,-0.0865,-0.0412
constant_slow,both,G0-topics0.3,r1_rms_200,0.4073,0.4003,0.4152
constant_slow,both,G0-topics0.3,r1_mean_200,-0.0737,-0.0904,-0.0572
constant_slow,both,G0-topics0.3,r2_brier,0.1765,0.1749,0.1781
constant_slow,both,G0-topics0.3,r2_bias,0.0068,0.0043,0.0095
constant_slow,both,G0-topics0.3,r3_inside,0.4596,0.4542,0.4653
constant_slow,both,G0-topics0.3,r3_below_0.5,0.0317,0.0287,0.0347
constant_slow,both,G0-topics0.3,r3_above_0.95,0.0199,0.0175,0.0226
constant_slow,both,G0-topics0.3,r4_false,0.0336,0.0274,0.0405
constant_slow,both,G0-topics0.3,r4_false_0.70,0.0066,0.0043,0.0094
constant_slow,both,G0-topics0.3,r4_below,0.5408,0.5198,0.5619
constant_slow,both,G0-topics0.3,r4_false_at_task,0.0291,0.0205,0.0382
constant_slow,both,G0-topics0.3,r4_declared,8.7590,8.3670,9.1550
constant_slow,both,G0-topics0.3,r5_late_answers,4.4430,4.2617,4.6414
constant_slow,both,G0-topics0.3,r5_never,0.1499,0.1317,0.1671
constant_slow,both,G0-topics0.3,r6_lag,-0.0847,-0.0986,-0.0706
constant_slow,both,G0-topics0.3,r7_error_5,0.8420,0.8004,0.8831
constant_slow,both,G0-topics0.3,r7_error_10,0.7892,0.7521,0.8302
constant_slow,both,G0-topics0.3,r7_longest_wrong,1.8230,1.7640,1.8810
constant_slow,both,G0-topics0.3,r7_hard_first,0.1344,0.1232,0.1471
constant_slow,both,G0-topics0.3,r4b_chance_below_0.5,0.0708,0.0639,0.0781
constant_slow,both,G0-topics0.3,r4b_chance_0.5_to_0.6,0.1249,0.1182,0.1321
constant_slow,both,G0-topics0.3,r4b_chance_0.6_to_0.7,0.2239,0.2175,0.2298
constant_slow,both,G0-topics0.3,r4b_chance_0.7_to_0.8,0.2988,0.2913,0.3058
constant_slow,both,G0-topics0.3,r4b_chance_0.8_up,0.2817,0.2683,0.2949
constant_slow,both,G0-topics0.3,r3_reachable,0.9425,0.9337,0.9507
constant_slow,both,G0-topics0.3,r8_rank_6_20,2.8667,2.4600,3.2867
constant_slow,both,G0-topics0.3,r8_topic_rank_6_20,10.4600,9.7000,11.2933
constant_slow,both,G0-topics0.3,r8_rank_150_200,3.8157,3.4588,4.2000
constant_slow,both,G0-topics0.3,r8_topic_rank_150_200,10.8569,10.4196,11.3000
constant_slow,both,G0-topics0.3,r9_kept_up_6_50,-0.0201,-0.0274,-0.0131
constant_slow,both,G0-topics0.3,r9_kept_up_101_200,-0.0008,-0.0028,0.0012
constant_slow,both,G0-topics0.3,r10_shown,4.0600,3.7960,4.3360
constant_slow,both,G0-topics0.3,r2_ece,0.0089,0.0061,0.0116
constant_slow,both,G0-topics0.3,r4b_3,0.1566,0.1422,0.1700
constant_slow,both,G0-topics0.3,r4b_5,0.1852,0.1691,0.1994
constant_slow,both,G0-topics0.3,r4b_10,0.1990,0.1818,0.2153
constant_slow,both,G0-topics0.3,r4b_20,0.2155,0.1971,0.2362
constant_slow,both,G0-topics0.3,r4b_50,0.2872,0.2201,0.3803
constant_slow,both,G0-topics0.3,r8_move_p95_6_20,42.0000,42.0000,42.0000
constant_slow,both,G0-topics0.3,r8_move_p95_150_200,42.0000,42.0000,42.0000
constant_slow,both,G0-topics0.3,r9_kept_up_later_less_earlier,0.0193,0.0126,0.0258
constant_slow,both,G0-topics0.3,r10_taken_back_5,0.1790,0.1645,0.1937
constant_slow,both,G0-topics0.3,r10_taken_back_10,0.3500,0.3239,0.3758
constant_slow,both,G0-topics1,r1_rms_5,1.2869,1.2511,1.3218
constant_slow,both,G0-topics1,r1_mean_5,-0.0538,-0.1226,0.0129
constant_slow,both,G0-topics1,r1_rms_10,1.2892,1.2603,1.3206
constant_slow,both,G0-topics1,r1_mean_10,-0.0651,-0.1287,-0.0022
constant_slow,both,G0-topics1,r1_rms_20,1.2193,1.1952,1.2469
constant_slow,both,G0-topics1,r1_mean_20,-0.1134,-0.1663,-0.0581
constant_slow,both,G0-topics1,r1_rms_50,1.0438,1.0256,1.0622
constant_slow,both,G0-topics1,r1_mean_50,-0.1960,-0.2324,-0.1574
constant_slow,both,G0-topics1,r1_rms_100,0.8918,0.8779,0.9064
constant_slow,both,G0-topics1,r1_mean_100,-0.2169,-0.2408,-0.1919
constant_slow,both,G0-topics1,r1_rms_200,0.7650,0.7528,0.7768
constant_slow,both,G0-topics1,r1_mean_200,-0.1798,-0.1997,-0.1599
constant_slow,both,G0-topics1,r2_brier,0.1776,0.1761,0.1792
constant_slow,both,G0-topics1,r2_bias,0.0080,0.0053,0.0108
constant_slow,both,G0-topics1,r3_inside,0.3482,0.3438,0.3523
constant_slow,both,G0-topics1,r3_below_0.5,0.0729,0.0686,0.0779
constant_slow,both,G0-topics1,r3_above_0.95,0.0738,0.0694,0.0778
constant_slow,both,G0-topics1,r4_false,0.0716,0.0637,0.0796
constant_slow,both,G0-topics1,r4_false_0.70,0.0303,0.0253,0.0353
constant_slow,both,G0-topics1,r4_below,0.5591,0.5387,0.5803
constant_slow,both,G0-topics1,r4_false_at_task,0.0675,0.0571,0.0789
constant_slow,both,G0-topics1,r4_declared,8.5740,8.1910,8.9990
constant_slow,both,G0-topics1,r5_late_answers,4.8378,4.6564,5.0270
constant_slow,both,G0-topics1,r5_never,0.2733,0.2599,0.2874
constant_slow,both,G0-topics1,r6_lag,-0.1844,-0.1994,-0.1690
constant_slow,both,G0-topics1,r7_error_5,0.8726,0.8305,0.9127
constant_slow,both,G0-topics1,r7_error_10,0.8216,0.7820,0.8627
constant_slow,both,G0-topics1,r7_longest_wrong,2.0450,1.9690,2.1240
constant_slow,both,G0-topics1,r7_hard_first,0.1946,0.1820,0.2071
constant_slow,both,G0-topics1,r4b_chance_below_0.5,0.1525,0.1426,0.1634
constant_slow,both,G0-topics1,r4b_chance_0.5_to_0.6,0.1374,0.1329,0.1419
constant_slow,both,G0-topics1,r4b_chance_0.6_to_0.7,0.1969,0.1916,0.2021
constant_slow,both,G0-topics1,r4b_chance_0.7_to_0.8,0.2401,0.2339,0.2462
constant_slow,both,G0-topics1,r4b_chance_0.8_up,0.2731,0.2626,0.2834
constant_slow,both,G0-topics1,r3_reachable,0.9046,0.8965,0.9125
constant_slow,both,G0-topics1,r8_rank_6_20,2.6533,2.3000,3.0333
constant_slow,both,G0-topics1,r8_topic_rank_6_20,10.2200,9.4600,11.0267
constant_slow,both,G0-topics1,r8_rank_150_200,3.2235,2.9059,3.5451
constant_slow,both,G0-topics1,r8_topic_rank_150_200,10.7373,10.3451,11.1333
constant_slow,both,G0-topics1,r9_kept_up_6_50,-0.0333,-0.0405,-0.0265
constant_slow,both,G0-topics1,r9_kept_up_101_200,0.0031,0.0011,0.0051
constant_slow,both,G0-topics1,r10_shown,3.7690,3.5210,4.0270
constant_slow,both,G0-topics1,r2_ece,0.0100,0.0074,0.0128
constant_slow,both,G0-topics1,r4b_3,0.1547,0.1422,0.1685
constant_slow,both,G0-topics1,r4b_5,0.1939,0.1790,0.2086
constant_slow,both,G0-topics1,r4b_10,0.2061,0.1911,0.2219
constant_slow,both,G0-topics1,r4b_20,0.2237,0.2066,0.2415
constant_slow,both,G0-topics1,r4b_50,0.2625,0.2304,0.3008
constant_slow,both,G0-topics1,r8_move_p95_6_20,42.0000,42.0000,42.0000
constant_slow,both,G0-topics1,r8_move_p95_150_200,42.0000,42.0000,42.0000
constant_slow,both,G0-topics1,r9_kept_up_later_less_earlier,0.0364,0.0294,0.0438
constant_slow,both,G0-topics1,r10_taken_back_5,0.1920,0.1750,0.2085
constant_slow,both,G0-topics1,r10_taken_back_10,0.3956,0.3684,0.4230
shrinking_ahead,both,G0,r1_rms_5,1.0314,0.9954,1.0691
shrinking_ahead,both,G0,r1_mean_5,0.0114,-0.0548,0.0843
shrinking_ahead,both,G0,r1_rms_10,0.9650,0.9339,0.9963
shrinking_ahead,both,G0,r1_mean_10,-0.0159,-0.0770,0.0464
shrinking_ahead,both,G0,r1_rms_20,0.8492,0.8226,0.8760
shrinking_ahead,both,G0,r1_mean_20,-0.0443,-0.0952,0.0066
shrinking_ahead,both,G0,r1_rms_50,0.6825,0.6660,0.6994
shrinking_ahead,both,G0,r1_mean_50,-0.0718,-0.1072,-0.0378
shrinking_ahead,both,G0,r1_rms_100,0.5711,0.5600,0.5823
shrinking_ahead,both,G0,r1_mean_100,-0.0874,-0.1121,-0.0646
shrinking_ahead,both,G0,r1_rms_200,0.4890,0.4812,0.4974
shrinking_ahead,both,G0,r1_mean_200,-0.0798,-0.0957,-0.0628
shrinking_ahead,both,G0,r2_brier,0.1751,0.1734,0.1770
shrinking_ahead,both,G0,r2_bias,0.0045,0.0015,0.0074
shrinking_ahead,both,G0,r3_inside,0.4287,0.4231,0.4336
shrinking_ahead,both,G0,r3_below_0.5,0.0408,0.0370,0.0450
shrinking_ahead,both,G0,r3_above_0.95,0.0292,0.0262,0.0320
shrinking_ahead,both,G0,r4_false,0.0376,0.0316,0.0438
shrinking_ahead,both,G0,r4_false_0.70,0.0089,0.0066,0.0114
shrinking_ahead,both,G0,r4_below,0.5595,0.5400,0.5775
shrinking_ahead,both,G0,r4_false_at_task,0.0373,0.0288,0.0463
shrinking_ahead,both,G0,r4_declared,8.4610,8.0750,8.8280
shrinking_ahead,both,G0,r5_late_answers,4.4405,4.2755,4.6125
shrinking_ahead,both,G0,r5_never,0.1976,0.1828,0.2123
shrinking_ahead,both,G0,r6_lag,-0.0951,-0.1119,-0.0785
shrinking_ahead,both,G0,r7_error_5,0.8814,0.8367,0.9247
shrinking_ahead,both,G0,r7_error_10,0.8031,0.7657,0.8416
shrinking_ahead,both,G0,r7_longest_wrong,2.0360,1.9740,2.0990
shrinking_ahead,both,G0,r7_hard_first,0.1435,0.1321,0.1550
shrinking_ahead,both,G0,r4b_chance_below_0.5,0.0901,0.0804,0.1010
shrinking_ahead,both,G0,r4b_chance_0.5_to_0.6,0.1262,0.1198,0.1325
shrinking_ahead,both,G0,r4b_chance_0.6_to_0.7,0.2118,0.2062,0.2177
shrinking_ahead,both,G0,r4b_chance_0.7_to_0.8,0.2830,0.2759,0.2895
shrinking_ahead,both,G0,r4b_chance_0.8_up,0.2890,0.2757,0.3029
shrinking_ahead,both,G0,r3_reachable,0.9278,0.9182,0.9368
shrinking_ahead,both,G0,r8_rank_6_20,4.4667,3.9533,4.9733
shrinking_ahead,both,G0,r8_topic_rank_6_20,18.6733,17.7667,19.5800
shrinking_ahead,both,G0,r8_rank_150_200,1.5627,1.3392,1.8000
shrinking_ahead,both,G0,r8_topic_rank_150_200,9.1922,8.8078,9.6157
shrinking_ahead,both,G0,r9_kept_up_6_50,-0.0144,-0.0213,-0.0077
shrinking_ahead,both,G0,r9_kept_up_101_200,0.0013,-0.0014,0.0038
shrinking_ahead,both,G0,r10_shown,3.8000,3.5570,4.0410
shrinking_ahead,both,G0,r2_ece,0.0077,0.0053,0.0107
shrinking_ahead,both,G0,r4b_3,0.1823,0.1696,0.1955
shrinking_ahead,both,G0,r4b_5,0.2146,0.1995,0.2303
shrinking_ahead,both,G0,r4b_10,0.2252,0.2094,0.2406
shrinking_ahead,both,G0,r4b_20,0.2337,0.2176,0.2507
shrinking_ahead,both,G0,r4b_50,0.2478,0.2265,0.2748
shrinking_ahead,both,G0,r8_move_p95_6_20,73.0000,73.0000,74.0000
shrinking_ahead,both,G0,r8_move_p95_150_200,41.0000,40.0000,41.0000
shrinking_ahead,both,G0,r9_kept_up_later_less_earlier,0.0156,0.0093,0.0221
shrinking_ahead,both,G0,r10_taken_back_5,0.1715,0.1532,0.1901
shrinking_ahead,both,G0,r10_taken_back_10,0.3462,0.3135,0.3786
shrinking_ahead,both,G1,r1_rms_5,1.0420,0.9992,1.0867
shrinking_ahead,both,G1,r1_mean_5,-0.0607,-0.1342,0.0101
shrinking_ahead,both,G1,r1_rms_10,0.9784,0.9387,1.0197
shrinking_ahead,both,G1,r1_mean_10,-0.0932,-0.1601,-0.0302
shrinking_ahead,both,G1,r1_rms_20,0.8749,0.8410,0.9080
shrinking_ahead,both,G1,r1_mean_20,-0.1046,-0.1598,-0.0474
shrinking_ahead,both,G1,r1_rms_50,0.7117,0.6909,0.7334
shrinking_ahead,both,G1,r1_mean_50,-0.1262,-0.1659,-0.0887
shrinking_ahead,both,G1,r1_rms_100,0.5908,0.5768,0.6055
shrinking_ahead,both,G1,r1_mean_100,-0.1155,-0.1424,-0.0899
shrinking_ahead,both,G1,r1_rms_200,0.4979,0.4892,0.5068
shrinking_ahead,both,G1,r1_mean_200,-0.0846,-0.1019,-0.0662
shrinking_ahead,both,G1,r2_brier,0.1804,0.1777,0.1833
shrinking_ahead,both,G1,r2_bias,-0.0006,-0.0041,0.0029
shrinking_ahead,both,G1,r3_inside,0.3574,0.3473,0.3673
shrinking_ahead,both,G1,r3_below_0.5,0.1112,0.1001,0.1234
shrinking_ahead,both,G1,r3_above_0.95,0.0444,0.0393,0.0493
shrinking_ahead,both,G1,r4_false,0.0070,0.0042,0.0103
shrinking_ahead,both,G1,r4_false_0.70,0.0032,0.0014,0.0056
shrinking_ahead,both,G1,r4_below,0.4010,0.3772,0.4267
shrinking_ahead,both,G1,r4_false_at_task,0.0022,0.0007,0.0042
shrinking_ahead,both,G1,r4_declared,8.9650,8.4690,9.4590
shrinking_ahead,both,G1,r5_late_answers,4.4486,4.3184,4.5778
shrinking_ahead,both,G1,r5_never,0.0399,0.0340,0.0469
shrinking_ahead,both,G1,r6_lag,-0.1167,-0.1366,-0.0979
shrinking_ahead,both,G1,r7_error_5,0.8775,0.8286,0.9280
shrinking_ahead,both,G1,r7_error_10,0.8006,0.7554,0.8467
shrinking_ahead,both,G1,r7_longest_wrong,2.1110,2.0300,2.1980
shrinking_ahead,both,G1,r7_hard_first,0.2480,0.2301,0.2675
shrinking_ahead,both,G1,r4b_chance_below_0.5,0.2682,0.2485,0.2882
shrinking_ahead,both,G1,r4b_chance_0.5_to_0.6,0.1741,0.1652,0.1821
shrinking_ahead,both,G1,r4b_chance_0.6_to_0.7,0.1767,0.1716,0.1820
shrinking_ahead,both,G1,r4b_chance_0.7_to_0.8,0.1881,0.1773,0.1988
shrinking_ahead,both,G1,r4b_chance_0.8_up,0.1930,0.1778,0.2089
shrinking_ahead,both,G1,r3_reachable,0.8071,0.7867,0.8282
shrinking_ahead,both,G1,r8_rank_6_20,4.0467,3.6000,4.5200
shrinking_ahead,both,G1,r8_topic_rank_6_20,17.0800,16.0533,18.0733
shrinking_ahead,both,G1,r8_rank_150_200,1.3196,1.1176,1.5353
shrinking_ahead,both,G1,r8_topic_rank_150_200,7.4216,6.9765,7.8529
shrinking_ahead,both,G1,r9_kept_up_6_50,-0.0086,-0.0159,-0.0014
shrinking_ahead,both,G1,r9_kept_up_101_200,0.0053,0.0025,0.0082
shrinking_ahead,both,G1,r10_shown,5.4800,5.0900,5.8830
shrinking_ahead,both,G1,r2_ece,0.0079,0.0065,0.0111
shrinking_ahead,both,G1,r4b_3,0.1741,0.1595,0.1887
shrinking_ahead,both,G1,r4b_5,0.1953,0.1802,0.2108
shrinking_ahead,both,G1,r4b_10,0.1978,0.1813,0.2139
shrinking_ahead,both,G1,r4b_20,0.2000,0.1832,0.2172
shrinking_ahead,both,G1,r4b_50,0.2042,0.1873,0.2217
shrinking_ahead,both,G1,r8_move_p95_6_20,73.0000,72.0000,73.0000
shrinking_ahead,both,G1,r8_move_p95_150_200,41.0000,40.0000,41.0000
shrinking_ahead,both,G1,r9_kept_up_later_less_earlier,0.0139,0.0075,0.0207
shrinking_ahead,both,G1,r10_taken_back_5,0.1500,0.1370,0.1636
shrinking_ahead,both,G1,r10_taken_back_10,0.3291,0.2997,0.3590
shrinking_ahead,both,G2,r1_rms_5,0.9807,0.9439,1.0172
shrinking_ahead,both,G2,r1_mean_5,-0.0417,-0.1077,0.0212
shrinking_ahead,both,G2,r1_rms_10,0.9258,0.8959,0.9573
shrinking_ahead,both,G2,r1_mean_10,-0.1272,-0.1832,-0.0711
shrinking_ahead,both,G2,r1_rms_20,0.8468,0.8221,0.8718
shrinking_ahead,both,G2,r1_mean_20,-0.2368,-0.2869,-0.1890
shrinking_ahead,both,G2,r1_rms_50,0.8075,0.7839,0.8295
shrinking_ahead,both,G2,r1_mean_50,-0.4873,-0.5221,-0.4510
shrinking_ahead,both,G2,r1_rms_100,0.9459,0.9250,0.9677
shrinking_ahead,both,G2,r1_mean_100,-0.7935,-0.8187,-0.7683
shrinking_ahead,both,G2,r1_rms_200,1.2073,1.1911,1.2239
shrinking_ahead,both,G2,r1_mean_200,-1.1195,-1.1368,-1.1026
shrinking_ahead,both,G2,r2_brier,0.1321,0.1307,0.1336
shrinking_ahead,both,G2,r2_bias,-0.0707,-0.0733,-0.0681
shrinking_ahead,both,G2,r3_inside,0.2771,0.2706,0.2833
shrinking_ahead,both,G2,r3_below_0.5,0.0169,0.0154,0.0185
shrinking_ahead,both,G2,r3_above_0.95,0.1382,0.1311,0.1459
shrinking_ahead,both,G2,r4_false,0.0052,0.0037,0.0069
shrinking_ahead,both,G2,r4_false_0.70,0.0005,0.0002,0.0010
shrinking_ahead,both,G2,r4_below,0.5686,0.5460,0.5896
shrinking_ahead,both,G2,r4_false_at_task,0.0040,0.0021,0.0062
shrinking_ahead,both,G2,r4_declared,11.1200,10.7050,11.5620
shrinking_ahead,both,G2,r5_late_answers,6.4640,6.2801,6.6521
shrinking_ahead,both,G2,r5_never,0.3855,0.3709,0.3995
shrinking_ahead,both,G2,r6_lag,-1.0025,-1.0205,-0.9825
shrinking_ahead,both,G2,r7_error_5,0.8239,0.7872,0.8656
shrinking_ahead,both,G2,r7_error_10,0.7549,0.7188,0.7903
shrinking_ahead,both,G2,r7_longest_wrong,1.9990,1.9390,2.0580
shrinking_ahead,both,G2,r7_hard_first,0.1337,0.1240,0.1445
shrinking_ahead,both,G2,r4b_chance_below_0.5,0.0581,0.0528,0.0639
shrinking_ahead,both,G2,r4b_chance_0.5_to_0.6,0.0742,0.0694,0.0789
shrinking_ahead,both,G2,r4b_chance_0.6_to_0.7,0.1310,0.1253,0.1366
shrinking_ahead,both,G2,r4b_chance_0.7_to_0.8,0.2341,0.2276,0.2404
shrinking_ahead,both,G2,r4b_chance_0.8_up,0.5026,0.4882,0.5159
shrinking_ahead,both,G2,r3_reachable,0.9613,0.9571,0.9650
shrinking_ahead,both,G2,r8_rank_6_20,3.9467,3.5133,4.4267
shrinking_ahead,both,G2,r8_topic_rank_6_20,17.7667,16.9067,18.6667
shrinking_ahead,both,G2,r8_rank_150_200,1.4059,1.2412,1.5765
shrinking_ahead,both,G2,r8_topic_rank_150_200,8.7608,8.3451,9.1902
shrinking_ahead,both,G2,r9_kept_up_6_50,0.0149,0.0087,0.0210
shrinking_ahead,both,G2,r9_kept_up_101_200,0.1049,0.1027,0.1070
shrinking_ahead,both,G2,r10_shown,4.8810,4.5290,5.2140
shrinking_ahead,both,G2,r2_ece,0.0707,0.0682,0.0734
shrinking_ahead,both,G2,r4b_3,0.1667,0.1541,0.1789
shrinking_ahead,both,G2,r4b_5,0.1999,0.1846,0.2146
shrinking_ahead,both,G2,r4b_10,0.2498,0.2303,0.2705
shrinking_ahead,both,G2,r4b_20,0.2844,0.2590,0.3120
shrinking_ahead,both,G2,r4b_50,0.2844,0.2583,0.3130
shrinking_ahead,both,G2,r8_move_p95_6_20,73.0000,73.0000,74.0000
shrinking_ahead,both,G2,r8_move_p95_150_200,39.0000,39.0000,39.0000
shrinking_ahead,both,G2,r9_kept_up_later_less_earlier,0.0899,0.0843,0.0952
shrinking_ahead,both,G2,r10_taken_back_5,0.0691,0.0598,0.0786
shrinking_ahead,both,G2,r10_taken_back_10,0.1419,0.1246,0.1605
shrinking_ahead,both,G3,r1_rms_5,1.0250,0.9903,1.0602
shrinking_ahead,both,G3,r1_mean_5,0.0963,0.0291,0.1613
shrinking_ahead,both,G3,r1_rms_10,0.9538,0.9250,0.9851
shrinking_ahead,both,G3,r1_mean_10,0.0482,-0.0111,0.1070
shrinking_ahead,both,G3,r1_rms_20,0.8469,0.8194,0.8732
shrinking_ahead,both,G3,r1_mean_20,0.0173,-0.0316,0.0677
shrinking_ahead,both,G3,r1_rms_50,0.6816,0.6650,0.6989
shrinking_ahead,both,G3,r1_mean_50,-0.0635,-0.0994,-0.0285
shrinking_ahead,both,G3,r1_rms_100,0.7898,0.7688,0.8120
shrinking_ahead,both,G3,r1_mean_100,-0.4894,-0.5234,-0.4564
shrinking_ahead,both,G3,r1_rms_200,0.7207,0.7061,0.7358
shrinking_ahead,both,G3,r1_mean_200,-0.5445,-0.5639,-0.5257
shrinking_ahead,both,G3,r2_brier,0.1555,0.1538,0.1572
shrinking_ahead,both,G3,r2_bias,-0.0301,-0.0332,-0.0272
shrinking_ahead,both,G3,r3_inside,0.3528,0.3474,0.3579
shrinking_ahead,both,G3,r3_below_0.5,0.0322,0.0295,0.0351
shrinking_ahead,both,G3,r3_above_0.95,0.0715,0.0668,0.0762
shrinking_ahead,both,G3,r4_false,0.0224,0.0186,0.0266
shrinking_ahead,both,G3,r4_false_0.70,0.0045,0.0031,0.0062
shrinking_ahead,both,G3,r4_below,0.5720,0.5508,0.5928
shrinking_ahead,both,G3,r4_false_at_task,0.0191,0.0142,0.0246
shrinking_ahead,both,G3,r4_declared,9.2810,8.8500,9.7250
shrinking_ahead,both,G3,r5_late_answers,5.6320,5.4463,5.8184
shrinking_ahead,both,G3,r5_never,0.3300,0.3137,0.3457
shrinking_ahead,both,G3,r6_lag,-0.6236,-0.6412,-0.6044
shrinking_ahead,both,G3,r6_jump_answers,72.5310,70.2420,74.8840
shrinking_ahead,both,G3,r6_jump_unsettled,0.5630,0.5320,0.5920
shrinking_ahead,both,G3,r7_error_5,0.8800,0.8393,0.9193
shrinking_ahead,both,G3,r7_error_10,0.8053,0.7684,0.8425
shrinking_ahead,both,G3,r7_longest_wrong,2.0220,1.9580,2.0900
shrinking_ahead,both,G3,r7_hard_first,0.1461,0.1345,0.1578
shrinking_ahead,both,G3,r4b_chance_below_0.5,0.0838,0.0758,0.0920
shrinking_ahead,both,G3,r4b_chance_0.5_to_0.6,0.1049,0.0991,0.1107
shrinking_ahead,both,G3,r4b_chance_0.6_to_0.7,0.1728,0.1673,0.1779
shrinking_ahead,both,G3,r4b_chance_0.7_to_0.8,0.2513,0.2460,0.2573
shrinking_ahead,both,G3,r4b_chance_0.8_up,0.3872,0.3733,0.4022
shrinking_ahead,both,G3,r3_reachable,0.9497,0.9433,0.9555
shrinking_ahead,both,G3,r8_rank_6_20,4.1467,3.6667,4.6467
shrinking_ahead,both,G3,r8_topic_rank_6_20,19.0067,18.0667,19.9667
shrinking_ahead,both,G3,r8_rank_150_200,1.4608,1.2471,1.6725
shrinking_ahead,both,G3,r8_topic_rank_150_200,8.8824,8.4863,9.2745
shrinking_ahead,both,G3,r9_kept_up_6_50,-0.0242,-0.0310,-0.0171
shrinking_ahead,both,G3,r9_kept_up_101_200,0.0630,0.0606,0.0656
shrinking_ahead,both,G3,r10_shown,4.0470,3.7420,4.3410
shrinking_ahead,both,G3,r2_ece,0.0301,0.0273,0.0331
shrinking_ahead,both,G3,r4b_3,0.1693,0.1566,0.1818
shrinking_ahead,both,G3,r4b_5,0.2074,0.1927,0.2227
shrinking_ahead,both,G3,r4b_10,0.2396,0.2227,0.2563
shrinking_ahead,both,G3,r4b_20,0.2594,0.2399,0.2792
shrinking_ahead,both,G3,r4b_50,0.2861,0.2469,0.3307
shrinking_ahead,both,G3,r8_move_p95_6_20,73.0000,73.0000,73.0000
shrinking_ahead,both,G3,r8_move_p95_150_200,40.0000,39.0000,40.0000
shrinking_ahead,both,G3,r9_kept_up_later_less_earlier,0.0873,0.0808,0.0942
shrinking_ahead,both,G3,r10_taken_back_5,0.1224,0.1072,0.1379
shrinking_ahead,both,G3,r10_taken_back_10,0.2307,0.2007,0.2586
shrinking_ahead,both,G4,r1_rms_5,1.0186,0.9834,1.0569
shrinking_ahead,both,G4,r1_mean_5,-0.1816,-0.2483,-0.1176
shrinking_ahead,both,G4,r1_rms_10,0.9555,0.9222,0.9878
shrinking_ahead,both,G4,r1_mean_10,-0.2445,-0.3050,-0.1863
shrinking_ahead,both,G4,r1_rms_20,0.8721,0.8465,0.9001
shrinking_ahead,both,G4,r1_mean_20,-0.3022,-0.3501,-0.2534
shrinking_ahead,both,G4,r1_rms_50,0.7516,0.7307,0.7727
shrinking_ahead,both,G4,r1_mean_50,-0.3941,-0.4261,-0.3620
shrinking_ahead,both,G4,r1_rms_100,0.7006,0.6859,0.7163
shrinking_ahead,both,G4,r1_mean_100,-0.4563,-0.4801,-0.4338
shrinking_ahead,both,G4,r1_rms_200,0.6761,0.6650,0.6878
shrinking_ahead,both,G4,r1_mean_200,-0.4881,-0.5042,-0.4727
shrinking_ahead,both,G4,r2_brier,0.1820,0.1802,0.1837
shrinking_ahead,both,G4,r2_bias,0.0158,0.0129,0.0187
shrinking_ahead,both,G4,r3_inside,0.3929,0.3885,0.3972
shrinking_ahead,both,G4,r3_below_0.5,0.0570,0.0530,0.0615
shrinking_ahead,both,G4,r3_above_0.95,0.0331,0.0300,0.0362
shrinking_ahead,both,G4,r4_false,0.0125,0.0095,0.0158
shrinking_ahead,both,G4,r4_false_0.70,0.0025,0.0014,0.0038
shrinking_ahead,both,G4,r4_below,0.5780,0.5599,0.5959
shrinking_ahead,both,G4,r4_false_at_task,0.0101,0.0061,0.0143
shrinking_ahead,both,G4,r4_declared,7.7440,7.3700,8.1340
shrinking_ahead,both,G4,r5_late_answers,4.4035,4.2227,4.5978
shrinking_ahead,both,G4,r5_never,0.2920,0.2757,0.3080
shrinking_ahead,both,G4,r6_lag,-0.4694,-0.4859,-0.4526
shrinking_ahead,both,G4,r7_error_5,0.8797,0.8405,0.9214
shrinking_ahead,both,G4,r7_error_10,0.8033,0.7643,0.8425
shrinking_ahead,both,G4,r7_longest_wrong,2.1620,2.0980,2.2260
shrinking_ahead,both,G4,r7_hard_first,0.1915,0.1789,0.2041
shrinking_ahead,both,G4,r4b_chance_below_0.5,0.1215,0.1109,0.1322
shrinking_ahead,both,G4,r4b_chance_0.5_to_0.6,0.1424,0.1366,0.1481
shrinking_ahead,both,G4,r4b_chance_0.6_to_0.7,0.2062,0.2014,0.2112
shrinking_ahead,both,G4,r4b_chance_0.7_to_0.8,0.2498,0.2435,0.2555
shrinking_ahead,both,G4,r4b_chance_0.8_up,0.2801,0.2679,0.2924
shrinking_ahead,both,G4,r3_reachable,0.9506,0.9432,0.9576
shrinking_ahead,both,G4,r8_rank_6_20,5.0267,4.5133,5.5533
shrinking_ahead,both,G4,r8_topic_rank_6_20,19.3800,18.4533,20.3133
shrinking_ahead,both,G4,r8_rank_150_200,1.7235,1.4471,1.9922
shrinking_ahead,both,G4,r8_topic_rank_150_200,8.9294,8.5608,9.3373
shrinking_ahead,both,G4,r9_kept_up_6_50,-0.0367,-0.0435,-0.0300
shrinking_ahead,both,G4,r9_kept_up_101_200,-0.0044,-0.0069,-0.0017
shrinking_ahead,both,G4,r10_shown,3.3790,3.1640,3.6070
shrinking_ahead,both,G4,r2_ece,0.0185,0.0155,0.0214
shrinking_ahead,both,G4,r4b_3,0.1559,0.1433,0.1681
shrinking_ahead,both,G4,r4b_5,0.1811,0.1674,0.1943
shrinking_ahead,both,G4,r4b_10,0.1893,0.1750,0.2036
shrinking_ahead,both,G4,r4b_20,0.1907,0.1762,0.2049
shrinking_ahead,both,G4,r4b_50,0.1907,0.1759,0.2061
shrinking_ahead,both,G4,r8_move_p95_6_20,73.0000,73.0000,74.0000
shrinking_ahead,both,G4,r8_move_p95_150_200,40.0000,40.0000,41.0000
shrinking_ahead,both,G4,r9_kept_up_later_less_earlier,0.0323,0.0259,0.0386
shrinking_ahead,both,G4,r10_taken_back_5,0.1974,0.1752,0.2196
shrinking_ahead,both,G4,r10_taken_back_10,0.3657,0.3304,0.4024
shrinking_ahead,both,G5,r1_rms_5,0.9297,0.8897,0.9696
shrinking_ahead,both,G5,r1_mean_5,0.0888,0.0195,0.1593
shrinking_ahead,both,G5,r1_rms_10,0.8756,0.8429,0.9089
shrinking_ahead,both,G5,r1_mean_10,0.0585,0.0009,0.1197
shrinking_ahead,both,G5,r1_rms_20,0.8875,0.8601,0.9143
shrinking_ahead,both,G5,r1_mean_20,0.0326,-0.0136,0.0828
shrinking_ahead,both,G5,r1_rms_50,0.7458,0.7266,0.7645
shrinking_ahead,both,G5,r1_mean_50,-0.0246,-0.0599,0.0119
shrinking_ahead,both,G5,r1_rms_100,0.6360,0.6222,0.6499
shrinking_ahead,both,G5,r1_mean_100,-0.0777,-0.1035,-0.0524
shrinking_ahead,both,G5,r1_rms_200,0.5390,0.5280,0.5501
shrinking_ahead,both,G5,r1_mean_200,-0.0842,-0.1008,-0.0653
shrinking_ahead,both,G5,r2_brier,0.1800,0.1781,0.1820
shrinking_ahead,both,G5,r2_bias,0.0120,0.0089,0.0153
shrinking_ahead,both,G5,r3_inside,0.4072,0.4009,0.4135
shrinking_ahead,both,G5,r3_below_0.5,0.0553,0.0505,0.0602
shrinking_ahead,both,G5,r3_above_0.95,0.0332,0.0297,0.0370
shrinking_ahead,both,G5,r4_false,0.0434,0.0370,0.0502
shrinking_ahead,both,G5,r4_false_0.70,0.0104,0.0075,0.0137
shrinking_ahead,both,G5,r4_below,0.5778,0.5580,0.5960
shrinking_ahead,both,G5,r4_false_at_task,0.0413,0.0312,0.0515
shrinking_ahead,both,G5,r4_declared,8.1960,7.8150,8.5740
shrinking_ahead,both,G5,r5_late_answers,4.4890,4.3173,4.6782
shrinking_ahead,both,G5,r5_never,0.2225,0.2070,0.2379
shrinking_ahead,both,G5,r6_lag,-0.0942,-0.1114,-0.0766
shrinking_ahead,both,G5,r7_error_5,1.0107,0.9659,1.0542
shrinking_ahead,both,G5,r7_error_10,0.9533,0.9131,0.9961
shrinking_ahead,both,G5,r7_longest_wrong,2.1810,2.1140,2.2490
shrinking_ahead,both,G5,r7_hard_first,0.1450,0.1334,0.1579
shrinking_ahead,both,G5,r4b_chance_below_0.5,0.1253,0.1136,0.1388
shrinking_ahead,both,G5,r4b_chance_0.5_to_0.6,0.1450,0.1375,0.1524
shrinking_ahead,both,G5,r4b_chance_0.6_to_0.7,0.2230,0.2153,0.2299
shrinking_ahead,both,G5,r4b_chance_0.7_to_0.8,0.2607,0.2516,0.2694
shrinking_ahead,both,G5,r4b_chance_0.8_up,0.2459,0.2316,0.2608
shrinking_ahead,both,G5,r3_reachable,0.9085,0.8966,0.9202
shrinking_ahead,both,G5,r8_rank_6_20,4.4467,3.9733,4.9400
shrinking_ahead,both,G5,r8_topic_rank_6_20,18.6133,17.7133,19.5733
shrinking_ahead,both,G5,r8_rank_150_200,1.9451,1.6765,2.2235
shrinking_ahead,both,G5,r8_topic_rank_150_200,8.6686,8.2784,9.0529
shrinking_ahead,both,G5,r9_kept_up_6_50,-0.0321,-0.0391,-0.0246
shrinking_ahead,both,G5,r9_kept_up_101_200,-0.0011,-0.0037,0.0016
shrinking_ahead,both,G5,r10_shown,3.5650,3.3320,3.8280
shrinking_ahead,both,G5,r2_ece,0.0151,0.0124,0.0184
shrinking_ahead,both,G5,r4b_3,0.1875,0.1728,0.2031
shrinking_ahead,both,G5,r4b_5,0.2210,0.2045,0.2380
shrinking_ahead,both,G5,r4b_10,0.2306,0.2142,0.2476
shrinking_ahead,both,G5,r4b_20,0.2399,0.2220,0.2586
shrinking_ahead,both,G5,r4b_50,0.2651,0.2352,0.2998
shrinking_ahead,both,G5,r8_move_p95_6_20,74.0000,73.0000,74.0000
shrinking_ahead,both,G5,r8_move_p95_150_200,41.0000,40.0000,41.0000
shrinking_ahead,both,G5,r9_kept_up_later_less_earlier,0.0310,0.0244,0.0377
shrinking_ahead,both,G5,r10_taken_back_5,0.1669,0.1465,0.1893
shrinking_ahead,both,G5,r10_taken_back_10,0.3197,0.2866,0.3526
shrinking_ahead,both,G6,r1_rms_5,1.0522,1.0118,1.0906
shrinking_ahead,both,G6,r1_mean_5,-0.0526,-0.1229,0.0226
shrinking_ahead,both,G6,r1_rms_10,0.9974,0.9615,1.0335
shrinking_ahead,both,G6,r1_mean_10,-0.0867,-0.1518,-0.0209
shrinking_ahead,both,G6,r1_rms_20,0.9075,0.8769,0.9408
shrinking_ahead,both,G6,r1_mean_20,-0.1110,-0.1699,-0.0545
shrinking_ahead,both,G6,r1_rms_50,0.7967,0.7699,0.8247
shrinking_ahead,both,G6,r1_mean_50,-0.1486,-0.1948,-0.1004
shrinking_ahead,both,G6,r1_rms_100,0.7519,0.7272,0.7791
shrinking_ahead,both,G6,r1_mean_100,-0.1808,-0.2213,-0.1392
shrinking_ahead,both,G6,r1_rms_200,0.7469,0.7229,0.7695
shrinking_ahead,both,G6,r1_mean_200,-0.2273,-0.2675,-0.1839
shrinking_ahead,both,G6,r2_brier,0.1788,0.1768,0.1806
shrinking_ahead,both,G6,r2_bias,0.0105,0.0075,0.0134
shrinking_ahead,both,G6,r3_inside,0.4250,0.4115,0.4386
shrinking_ahead,both,G6,r3_below_0.5,0.0599,0.0553,0.0649
shrinking_ahead,both,G6,r3_above_0.95,0.0938,0.0868,0.1006
shrinking_ahead,both,G6,r4_false,0.0744,0.0624,0.0866
shrinking_ahead,both,G6,r4_false_0.70,0.0176,0.0129,0.0230
shrinking_ahead,both,G6,r4_below,0.5593,0.5389,0.5804
shrinking_ahead,both,G6,r4_false_at_task,0.0712,0.0541,0.0918
shrinking_ahead,both,G6,r4_declared,8.0250,7.6060,8.4470
shrinking_ahead,both,G6,r5_late_answers,4.5268,4.3367,4.7244
shrinking_ahead,both,G6,r5_never,0.1721,0.1571,0.1880
shrinking_ahead,both,G6,r6_lag,-0.2066,-0.2477,-0.1666
shrinking_ahead,both,G6,r7_error_5,0.9217,0.8781,0.9642
shrinking_ahead,both,G6,r7_error_10,0.8542,0.8133,0.8948
shrinking_ahead,both,G6,r7_longest_wrong,2.0920,2.0280,2.1590
shrinking_ahead,both,G6,r7_hard_first,0.1416,0.1300,0.1533
shrinking_ahead,both,G6,r4b_chance_below_0.5,0.1069,0.0959,0.1192
shrinking_ahead,both,G6,r4b_chance_0.5_to_0.6,0.1165,0.1075,0.1254
shrinking_ahead,both,G6,r4b_chance_0.6_to_0.7,0.2358,0.2236,0.2478
shrinking_ahead,both,G6,r4b_chance_0.7_to_0.8,0.3106,0.2968,0.3247
shrinking_ahead,both,G6,r4b_chance_0.8_up,0.2303,0.2162,0.2442
shrinking_ahead,both,G6,r3_reachable,0.7829,0.7670,0.7982
shrinking_ahead,both,G6,r8_rank_6_20,4.3067,3.8200,4.7933
shrinking_ahead,both,G6,r8_topic_rank_6_20,17.9667,17.0867,18.9000
shrinking_ahead,both,G6,r8_rank_150_200,1.7118,1.4549,1.9706
shrinking_ahead,both,G6,r8_topic_rank_150_200,8.7922,8.4373,9.1686
shrinking_ahead,both,G6,r9_kept_up_6_50,-0.0166,-0.0233,-0.0096
shrinking_ahead,both,G6,r9_kept_up_101_200,-0.0067,-0.0096,-0.0040
shrinking_ahead,both,G6,r10_shown,3.5730,3.3130,3.8490
shrinking_ahead,both,G6,r2_ece,0.0141,0.0112,0.0173
shrinking_ahead,both,G6,r4b_3,0.1871,0.1725,0.2007
shrinking_ahead,both,G6,r4b_5,0.2209,0.2041,0.2376
shrinking_ahead,both,G6,r4b_10,0.2319,0.2143,0.2494
shrinking_ahead,both,G6,r4b_20,0.2443,0.2251,0.2638
shrinking_ahead,both,G6,r4b_50,0.2557,0.2334,0.2792
shrinking_ahead,both,G6,r8_move_p95_6_20,73.0000,73.0000,73.0000
shrinking_ahead,both,G6,r8_move_p95_150_200,40.0000,40.0000,41.0000
shrinking_ahead,both,G6,r9_kept_up_later_less_earlier,0.0099,0.0036,0.0160
shrinking_ahead,both,G6,r10_taken_back_5,0.1885,0.1662,0.2116
shrinking_ahead,both,G6,r10_taken_back_10,0.3612,0.3242,0.3992
shrinking_ahead,both,G7,r1_rms_5,1.0048,0.9704,1.0408
shrinking_ahead,both,G7,r1_mean_5,-0.0587,-0.1235,0.0066
shrinking_ahead,both,G7,r1_rms_10,0.9472,0.9167,0.9779
shrinking_ahead,both,G7,r1_mean_10,-0.1011,-0.1577,-0.0420
shrinking_ahead,both,G7,r1_rms_20,0.8537,0.8306,0.8804
shrinking_ahead,both,G7,r1_mean_20,-0.1158,-0.1680,-0.0654
shrinking_ahead,both,G7,r1_rms_50,0.7277,0.7104,0.7471
shrinking_ahead,both,G7,r1_mean_50,-0.1432,-0.1801,-0.1065
shrinking_ahead,both,G7,r1_rms_100,0.6330,0.6207,0.6462
shrinking_ahead,both,G7,r1_mean_100,-0.1619,-0.1897,-0.1339
shrinking_ahead,both,G7,r1_rms_200,0.5576,0.5471,0.5680
shrinking_ahead,both,G7,r1_mean_200,-0.1602,-0.1831,-0.1373
shrinking_ahead,both,G7,r2_brier,0.1751,0.1734,0.1768
shrinking_ahead,both,G7,r2_bias,0.0055,0.0026,0.0083
shrinking_ahead,both,G7,r3_inside,0.4272,0.4219,0.4325
shrinking_ahead,both,G7,r3_below_0.5,0.0391,0.0352,0.0431
shrinking_ahead,both,G7,r3_above_0.95,0.0284,0.0258,0.0312
shrinking_ahead,both,G7,r4_false,0.0362,0.0304,0.0422
shrinking_ahead,both,G7,r4_false_0.70,0.0097,0.0071,0.0126
shrinking_ahead,both,G7,r4_below,0.5590,0.5395,0.5780
shrinking_ahead,both,G7,r4_false_at_task,0.0335,0.0247,0.0430
shrinking_ahead,both,G7,r4_declared,8.1140,7.7350,8.4880
shrinking_ahead,both,G7,r5_late_answers,4.4832,4.3077,4.6737
shrinking_ahead,both,G7,r5_never,0.1650,0.1517,0.1786
shrinking_ahead,both,G7,r6_lag,-0.1580,-0.1796,-0.1347
shrinking_ahead,both,G7,r7_error_5,0.8739,0.8338,0.9161
shrinking_ahead,both,G7,r7_error_10,0.8006,0.7631,0.8388
shrinking_ahead,both,G7,r7_longest_wrong,2.0630,1.9990,2.1260
shrinking_ahead,both,G7,r7_hard_first,0.1448,0.1335,0.1565
shrinking_ahead,both,G7,r4b_chance_below_0.5,0.0858,0.0756,0.0970
shrinking_ahead,both,G7,r4b_chance_0.5_to_0.6,0.1223,0.1167,0.1278
shrinking_ahead,both,G7,r4b_chance_0.6_to_0.7,0.2115,0.2058,0.2176
shrinking_ahead,both,G7,r4b_chance_0.7_to_0.8,0.2829,0.2762,0.2894
shrinking_ahead,both,G7,r4b_chance_0.8_up,0.2975,0.2847,0.3099
shrinking_ahead,both,G7,r3_reachable,0.9343,0.9263,0.9420
shrinking_ahead,both,G7,r8_rank_6_20,4.4867,3.9667,5.0000
shrinking_ahead,both,G7,r8_topic_rank_6_20,19.2067,18.3200,20.1533
shrinking_ahead,both,G7,r8_rank_150_200,1.5804,1.3451,1.8333
shrinking_ahead,both,G7,r8_topic_rank_150_200,8.7824,8.3784,9.1647
shrinking_ahead,both,G7,r9_kept_up_6_50,-0.0137,-0.0199,-0.0071
shrinking_ahead,both,G7,r9_kept_up_101_200,0.0003,-0.0022,0.0028
shrinking_ahead,both,G7,r10_shown,3.6370,3.3940,3.8820
shrinking_ahead,both,G7,r2_ece,0.0076,0.0049,0.0104
shrinking_ahead,both,G7,r4b_3,0.1821,0.1696,0.1956
shrinking_ahead,both,G7,r4b_5,0.2134,0.1997,0.2287
shrinking_ahead,both,G7,r4b_10,0.2287,0.2132,0.2443
shrinking_ahead,both,G7,r4b_20,0.2358,0.2195,0.2522
shrinking_ahead,both,G7,r4b_50,0.2420,0.2245,0.2614
shrinking_ahead,both,G7,r8_move_p95_6_20,73.0000,73.0000,74.0000
shrinking_ahead,both,G7,r8_move_p95_150_200,40.0000,40.0000,41.0000
shrinking_ahead,both,G7,r9_kept_up_later_less_earlier,0.0141,0.0083,0.0201
shrinking_ahead,both,G7,r10_taken_back_5,0.1811,0.1598,0.2022
shrinking_ahead,both,G7,r10_taken_back_10,0.3707,0.3355,0.4095
shrinking_ahead,both,G8,r1_rms_5,1.0050,0.9705,1.0429
shrinking_ahead,both,G8,r1_mean_5,0.0078,-0.0563,0.0734
shrinking_ahead,both,G8,r1_rms_10,0.9450,0.9148,0.9769
shrinking_ahead,both,G8,r1_mean_10,-0.0241,-0.0817,0.0348
shrinking_ahead,both,G8,r1_rms_20,0.8450,0.8204,0.8714
shrinking_ahead,both,G8,r1_mean_20,-0.0537,-0.0999,-0.0033
shrinking_ahead,both,G8,r1_rms_50,0.6850,0.6692,0.7026
shrinking_ahead,both,G8,r1_mean_50,-0.0987,-0.1318,-0.0628
shrinking_ahead,both,G8,r1_rms_100,0.5762,0.5648,0.5878
shrinking_ahead,both,G8,r1_mean_100,-0.1141,-0.1386,-0.0900
shrinking_ahead,both,G8,r1_rms_200,0.4892,0.4814,0.4970
shrinking_ahead,both,G8,r1_mean_200,-0.0973,-0.1136,-0.0813
shrinking_ahead,both,G8,r2_brier,0.1743,0.1725,0.1760
shrinking_ahead,both,G8,r2_bias,0.0048,0.0018,0.0078
shrinking_ahead,both,G8,r3_inside,0.4301,0.4251,0.4353
shrinking_ahead,both,G8,r3_below_0.5,0.0376,0.0344,0.0410
shrinking_ahead,both,G8,r3_above_0.95,0.0308,0.0277,0.0341
shrinking_ahead,both,G8,r4_false,0.0348,0.0294,0.0404
shrinking_ahead,both,G8,r4_false_0.70,0.0073,0.0051,0.0097
shrinking_ahead,both,G8,r4_below,0.5481,0.5292,0.5674
shrinking_ahead,both,G8,r4_false_at_task,0.0292,0.0217,0.0372
shrinking_ahead,both,G8,r4_declared,8.0420,7.6540,8.4230
shrinking_ahead,both,G8,r5_late_answers,4.5980,4.4336,4.7698
shrinking_ahead,both,G8,r5_never,0.2016,0.1858,0.2169
shrinking_ahead,both,G8,r6_lag,-0.1027,-0.1190,-0.0863
shrinking_ahead,both,G8,r7_error_5,0.8727,0.8338,0.9126
shrinking_ahead,both,G8,r7_error_10,0.7972,0.7590,0.8350
shrinking_ahead,both,G8,r7_longest_wrong,1.9740,1.9170,2.0370
shrinking_ahead,both,G8,r7_hard_first,0.1448,0.1337,0.1561
shrinking_ahead,both,G8,r4b_chance_below_0.5,0.0832,0.0752,0.0924
shrinking_ahead,both,G8,r4b_chance_0.5_to_0.6,0.1247,0.1189,0.1309
shrinking_ahead,both,G8,r4b_chance_0.6_to_0.7,0.2134,0.2075,0.2191
shrinking_ahead,both,G8,r4b_chance_0.7_to_0.8,0.2906,0.2838,0.2971
shrinking_ahead,both,G8,r4b_chance_0.8_up,0.2881,0.2751,0.3012
shrinking_ahead,both,G8,r3_reachable,0.9376,0.9299,0.9452
shrinking_ahead,both,G8,r8_rank_6_20,4.3267,3.8467,4.8267
shrinking_ahead,both,G8,r8_topic_rank_6_20,17.7667,16.8867,18.6467
shrinking_ahead,both,G8,r8_rank_150_200,1.8490,1.5667,2.1294
shrinking_ahead,both,G8,r8_topic_rank_150_200,9.0157,8.6157,9.3980
shrinking_ahead,both,G8,r9_kept_up_6_50,-0.0184,-0.0257,-0.0114
shrinking_ahead,both,G8,r9_kept_up_101_200,0.0028,-0.0002,0.0057
shrinking_ahead,both,G8,r10_shown,3.6710,3.4400,3.9170
shrinking_ahead,both,G8,r2_ece,0.0075,0.0046,0.0104
shrinking_ahead,both,G8,r4b_3,0.1618,0.1496,0.1732
shrinking_ahead,both,G8,r4b_5,0.1905,0.1765,0.2048
shrinking_ahead,both,G8,r4b_10,0.2075,0.1930,0.2229
shrinking_ahead,both,G8,r4b_20,0.2135,0.1982,0.2302
shrinking_ahead,both,G8,r4b_50,0.2311,0.2029,0.2681
shrinking_ahead,both,G8,r8_move_p95_6_20,73.0000,73.0000,73.0000
shrinking_ahead,both,G8,r8_move_p95_150_200,41.0000,40.0000,41.0000
shrinking_ahead,both,G8,r9_kept_up_later_less_earlier,0.0212,0.0148,0.0280
shrinking_ahead,both,G8,r10_taken_back_5,0.1748,0.1535,0.1952
shrinking_ahead,both,G8,r10_taken_back_10,0.3443,0.3108,0.3794
shrinking_ahead,both,G0-exact,r1_rms_5,0.9640,0.9307,0.9981
shrinking_ahead,both,G0-exact,r1_mean_5,-0.0589,-0.1193,0.0051
shrinking_ahead,both,G0-exact,r1_rms_10,0.9018,0.8735,0.9300
shrinking_ahead,both,G0-exact,r1_mean_10,-0.0742,-0.1293,-0.0176
shrinking_ahead,both,G0-exact,r1_rms_20,0.8055,0.7828,0.8296
shrinking_ahead,both,G0-exact,r1_mean_20,-0.0790,-0.1274,-0.0335
shrinking_ahead,both,G0-exact,r1_rms_50,0.6501,0.6351,0.6662
shrinking_ahead,both,G0-exact,r1_mean_50,-0.0728,-0.1042,-0.0427
shrinking_ahead,both,G0-exact,r1_rms_100,0.5413,0.5321,0.5516
shrinking_ahead,both,G0-exact,r1_mean_100,-0.0636,-0.0859,-0.0430
shrinking_ahead,both,G0-exact,r1_rms_200,0.4672,0.4595,0.4749
shrinking_ahead,both,G0-exact,r1_mean_200,-0.0612,-0.0754,-0.0468
shrinking_ahead,both,G0-exact,r2_brier,0.1722,0.1705,0.1739
shrinking_ahead,both,G0-exact,r2_bias,0.0010,-0.0017,0.0038
shrinking_ahead,both,G0-exact,r3_inside,0.5507,0.5412,0.5600
shrinking_ahead,both,G0-exact,r3_below_0.5,0.0176,0.0153,0.0202
shrinking_ahead,both,G0-exact,r3_above_0.95,0.0112,0.0094,0.0133
shrinking_ahead,both,G0-exact,r4_false,0.0441,0.0383,0.0502
shrinking_ahead,both,G0-exact,r4_false_0.70,0.0109,0.0085,0.0135
shrinking_ahead,both,G0-exact,r4_below,0.5531,0.5334,0.5734
shrinking_ahead,both,G0-exact,r4_false_at_task,0.0368,0.0289,0.0452
shrinking_ahead,both,G0-exact,r4_declared,8.5640,8.1710,8.9800
shrinking_ahead,both,G0-exact,r5_late_answers,4.5496,4.3802,4.7250
shrinking_ahead,both,G0-exact,r5_never,0.1767,0.1634,0.1904
shrinking_ahead,both,G0-exact,r6_lag,-0.0623,-0.0767,-0.0468
shrinking_ahead,both,G0-exact,r7_error_5,0.8150,0.7776,0.8527
shrinking_ahead,both,G0-exact,r7_error_10,0.7403,0.7070,0.7747
shrinking_ahead,both,G0-exact,r7_longest_wrong,1.9830,1.9250,2.0430
shrinking_ahead,both,G0-exact,r7_hard_first,0.1128,0.1025,0.1235
shrinking_ahead,both,G0-exact,r4b_chance_below_0.5,0.0438,0.0376,0.0509
shrinking_ahead,both,G0-exact,r4b_chance_0.5_to_0.6,0.0920,0.0842,0.1005
shrinking_ahead,both,G0-exact,r4b_chance_0.6_to_0.7,0.2501,0.2364,0.2629
shrinking_ahead,both,G0-exact,r4b_chance_0.7_to_0.8,0.3925,0.3754,0.4085
shrinking_ahead,both,G0-exact,r4b_chance_0.8_up,0.2216,0.2054,0.2385
shrinking_ahead,both,G0-exact,r3_reachable,0.9411,0.9340,0.9480
shrinking_ahead,both,G0-exact,r8_rank_6_20,4.3333,3.8600,4.8200
shrinking_ahead,both,G0-exact,r8_topic_rank_6_20,18.9533,18.0000,19.9000
shrinking_ahead,both,G0-exact,r8_rank_150_200,1.8784,1.6098,2.1647
shrinking_ahead,both,G0-exact,r8_topic_rank_150_200,9.1529,8.8020,9.5353
shrinking_ahead,both,G0-exact,r9_kept_up_6_50,-0.0033,-0.0098,0.0032
shrinking_ahead,both,G0-exact,r9_kept_up_101_200,0.0004,-0.0020,0.0029
shrinking_ahead,both,G0-exact,r10_shown,3.9050,3.6360,4.1700
shrinking_ahead,both,G0-exact,r2_ece,0.0042,0.0033,0.0071
shrinking_ahead,both,G0-exact,r4b_3,0.1881,0.1741,0.2013
shrinking_ahead,both,G0-exact,r4b_5,0.2170,0.2025,0.2321
shrinking_ahead,both,G0-exact,r4b_10,0.2317,0.2161,0.2483
shrinking_ahead,both,G0-exact,r4b_20,0.2429,0.2257,0.2602
shrinking_ahead,both,G0-exact,r4b_50,0.2483,0.2309,0.2672
shrinking_ahead,both,G0-exact,r8_move_p95_6_20,73.0000,72.0000,73.0000
shrinking_ahead,both,G0-exact,r8_move_p95_150_200,40.0000,40.0000,41.0000
shrinking_ahead,both,G0-exact,r9_kept_up_later_less_earlier,0.0037,-0.0020,0.0099
shrinking_ahead,both,G0-exact,r10_taken_back_5,0.1747,0.1540,0.1966
shrinking_ahead,both,G0-exact,r10_taken_back_10,0.3302,0.2990,0.3639
shrinking_ahead,both,G0-miss0.25,r1_rms_5,0.9902,0.9571,1.0254
shrinking_ahead,both,G0-miss0.25,r1_mean_5,0.1029,0.0389,0.1682
shrinking_ahead,both,G0-miss0.25,r1_rms_10,0.9257,0.8961,0.9563
shrinking_ahead,both,G0-miss0.25,r1_mean_10,0.0606,0.0015,0.1210
shrinking_ahead,both,G0-miss0.25,r1_rms_20,0.8183,0.7946,0.8425
shrinking_ahead,both,G0-miss0.25,r1_mean_20,0.0275,-0.0187,0.0750
shrinking_ahead,both,G0-miss0.25,r1_rms_50,0.6545,0.6393,0.6716
shrinking_ahead,both,G0-miss0.25,r1_mean_50,-0.0120,-0.0452,0.0226
shrinking_ahead,both,G0-miss0.25,r1_rms_100,0.5461,0.5354,0.5561
shrinking_ahead,both,G0-miss0.25,r1_mean_100,-0.0324,-0.0543,-0.0104
shrinking_ahead,both,G0-miss0.25,r1_rms_200,0.4739,0.4666,0.4818
shrinking_ahead,both,G0-miss0.25,r1_mean_200,-0.0345,-0.0511,-0.0189
shrinking_ahead,both,G0-miss0.25,r2_brier,0.1755,0.1739,0.1771
shrinking_ahead,both,G0-miss0.25,r2_bias,0.0069,0.0039,0.0099
shrinking_ahead,both,G0-miss0.25,r3_inside,0.5112,0.5039,0.5185
shrinking_ahead,both,G0-miss0.25,r3_below_0.5,0.0280,0.0249,0.0315
shrinking_ahead,both,G0-miss0.25,r3_above_0.95,0.0116,0.0098,0.0136
shrinking_ahead,both,G0-miss0.25,r4_false,0.0510,0.0441,0.0580
shrinking_ahead,both,G0-miss0.25,r4_false_0.70,0.0109,0.0080,0.0142
shrinking_ahead,both,G0-miss0.25,r4_below,0.5576,0.5384,0.5765
shrinking_ahead,both,G0-miss0.25,r4_false_at_task,0.0523,0.0410,0.0647
shrinking_ahead,both,G0-miss0.25,r4_declared,8.2920,7.8880,8.6950
shrinking_ahead,both,G0-miss0.25,r5_late_answers,4.4194,4.2379,4.5991
shrinking_ahead,both,G0-miss0.25,r5_never,0.1624,0.1481,0.1768
shrinking_ahead,both,G0-miss0.25,r6_lag,-0.0390,-0.0543,-0.0241
shrinking_ahead,both,G0-miss0.25,r7_error_5,0.8472,0.8066,0.8905
shrinking_ahead,both,G0-miss0.25,r7_error_10,0.7711,0.7352,0.8084
shrinking_ahead,both,G0-miss0.25,r7_longest_wrong,2.0420,1.9800,2.1030
shrinking_ahead,both,G0-miss0.25,r7_hard_first,0.1448,0.1337,0.1576
shrinking_ahead,both,G0-miss0.25,r4b_chance_below_0.5,0.0632,0.0553,0.0720
shrinking_ahead,both,G0-miss0.25,r4b_chance_0.5_to_0.6,0.1091,0.1017,0.1164
shrinking_ahead,both,G0-miss0.25,r4b_chance_0.6_to_0.7,0.2497,0.2408,0.2585
shrinking_ahead,both,G0-miss0.25,r4b_chance_0.7_to_0.8,0.3509,0.3400,0.3610
shrinking_ahead,both,G0-miss0.25,r4b_chance_0.8_up,0.2272,0.2143,0.2408
shrinking_ahead,both,G0-miss0.25,r3_reachable,0.9368,0.9294,0.9440
shrinking_ahead,both,G0-miss0.25,r8_rank_6_20,4.3333,3.8600,4.8600
shrinking_ahead,both,G0-miss0.25,r8_topic_rank_6_20,18.4400,17.5133,19.3333
shrinking_ahead,both,G0-miss0.25,r8_rank_150_200,1.6961,1.4353,1.9863
shrinking_ahead,both,G0-miss0.25,r8_topic_rank_150_200,8.7490,8.3745,9.1235
shrinking_ahead,both,G0-miss0.25,r9_kept_up_6_50,-0.0193,-0.0263,-0.0126
shrinking_ahead,both,G0-miss0.25,r9_kept_up_101_200,-0.0003,-0.0029,0.0022
shrinking_ahead,both,G0-miss0.25,r10_shown,3.7100,3.4830,3.9520
shrinking_ahead,both,G0-miss0.25,r2_ece,0.0096,0.0067,0.0125
shrinking_ahead,both,G0-miss0.25,r4b_3,0.1919,0.1795,0.2059
shrinking_ahead,both,G0-miss0.25,r4b_5,0.2287,0.2128,0.2444
shrinking_ahead,both,G0-miss0.25,r4b_10,0.2420,0.2256,0.2577
shrinking_ahead,both,G0-miss0.25,r4b_20,0.2555,0.2384,0.2741
shrinking_ahead,both,G0-miss0.25,r4b_50,0.2689,0.2462,0.2955
shrinking_ahead,both,G0-miss0.25,r8_move_p95_6_20,73.0000,73.0000,73.0000
shrinking_ahead,both,G0-miss0.25,r8_move_p95_150_200,41.0000,40.0000,41.0000
shrinking_ahead,both,G0-miss0.25,r9_kept_up_later_less_earlier,0.0190,0.0130,0.0252
shrinking_ahead,both,G0-miss0.25,r10_taken_back_5,0.1932,0.1701,0.2179
shrinking_ahead,both,G0-miss0.25,r10_taken_back_10,0.3579,0.3233,0.3922
shrinking_ahead,both,G0-miss1,r1_rms_5,1.0268,0.9902,1.0629
shrinking_ahead,both,G0-miss1,r1_mean_5,-0.0236,-0.0954,0.0431
shrinking_ahead,both,G0-miss1,r1_rms_10,0.9614,0.9291,0.9941
shrinking_ahead,both,G0-miss1,r1_mean_10,-0.0531,-0.1154,0.0060
shrinking_ahead,both,G0-miss1,r1_rms_20,0.8638,0.8374,0.8914
shrinking_ahead,both,G0-miss1,r1_mean_20,-0.0787,-0.1275,-0.0265
shrinking_ahead,both,G0-miss1,r1_rms_50,0.7242,0.7048,0.7435
shrinking_ahead,both,G0-miss1,r1_mean_50,-0.1378,-0.1763,-0.1015
shrinking_ahead,both,G0-miss1,r1_rms_100,0.6155,0.6022,0.6289
shrinking_ahead,both,G0-miss1,r1_mean_100,-0.1769,-0.2023,-0.1498
shrinking_ahead,both,G0-miss1,r1_rms_200,0.5386,0.5291,0.5483
shrinking_ahead,both,G0-miss1,r1_mean_200,-0.1982,-0.2163,-0.1807
shrinking_ahead,both,G0-miss1,r2_brier,0.1776,0.1758,0.1795
shrinking_ahead,both,G0-miss1,r2_bias,0.0097,0.0066,0.0128
shrinking_ahead,both,G0-miss1,r3_inside,0.2974,0.2946,0.3004
shrinking_ahead,both,G0-miss1,r3_below_0.5,0.0920,0.0876,0.0964
shrinking_ahead,both,G0-miss1,r3_above_0.95,0.1029,0.0986,0.1073
shrinking_ahead,both,G0-miss1,r4_false,0.0387,0.0322,0.0451
shrinking_ahead,both,G0-miss1,r4_false_0.70,0.0075,0.0053,0.0098
shrinking_ahead,both,G0-miss1,r4_below,0.5419,0.5223,0.5608
shrinking_ahead,both,G0-miss1,r4_false_at_task,0.0392,0.0303,0.0484
shrinking_ahead,both,G0-miss1,r4_declared,8.3540,7.9630,8.7320
shrinking_ahead,both,G0-miss1,r5_late_answers,4.4291,4.2569,4.6130
shrinking_ahead,both,G0-miss1,r5_never,0.2125,0.1969,0.2295
shrinking_ahead,both,G0-miss1,r6_lag,-0.1952,-0.2131,-0.1769
shrinking_ahead,both,G0-miss1,r7_error_5,0.8823,0.8429,0.9243
shrinking_ahead,both,G0-miss1,r7_error_10,0.8084,0.7687,0.8491
shrinking_ahead,both,G0-miss1,r7_longest_wrong,2.0080,1.9510,2.0680
shrinking_ahead,both,G0-miss1,r7_hard_first,0.1779,0.1673,0.1887
shrinking_ahead,both,G0-miss1,r4b_chance_below_0.5,0.1559,0.1475,0.1643
shrinking_ahead,both,G0-miss1,r4b_chance_0.5_to_0.6,0.1211,0.1174,0.1248
shrinking_ahead,both,G0-miss1,r4b_chance_0.6_to_0.7,0.1526,0.1488,0.1561
shrinking_ahead,both,G0-miss1,r4b_chance_0.7_to_0.8,0.1897,0.1861,0.1933
shrinking_ahead,both,G0-miss1,r4b_chance_0.8_up,0.3808,0.3697,0.3921
shrinking_ahead,both,G0-miss1,r3_reachable,0.9463,0.9392,0.9526
shrinking_ahead,both,G0-miss1,r8_rank_6_20,3.8400,3.3867,4.3200
shrinking_ahead,both,G0-miss1,r8_topic_rank_6_20,17.6400,16.7667,18.5133
shrinking_ahead,both,G0-miss1,r8_rank_150_200,1.5000,1.2706,1.7333
shrinking_ahead,both,G0-miss1,r8_topic_rank_150_200,8.8098,8.4255,9.2157
shrinking_ahead,both,G0-miss1,r9_kept_up_6_50,-0.0211,-0.0278,-0.0147
shrinking_ahead,both,G0-miss1,r9_kept_up_101_200,-0.0028,-0.0056,-0.0001
shrinking_ahead,both,G0-miss1,r10_shown,3.8350,3.6010,4.0810
shrinking_ahead,both,G0-miss1,r2_ece,0.0125,0.0097,0.0156
shrinking_ahead,both,G0-miss1,r4b_3,0.1830,0.1700,0.1965
shrinking_ahead,both,G0-miss1,r4b_5,0.2143,0.1991,0.2292
shrinking_ahead,both,G0-miss1,r4b_10,0.2249,0.2101,0.2406
shrinking_ahead,both,G0-miss1,r4b_20,0.2298,0.2139,0.2459
shrinking_ahead,both,G0-miss1,r4b_50,0.2410,0.2193,0.2651
shrinking_ahead,both,G0-miss1,r8_move_p95_6_20,73.0000,73.0000,74.0000
shrinking_ahead,both,G0-miss1,r8_move_p95_150_200,41.0000,40.0000,41.0000
shrinking_ahead,both,G0-miss1,r9_kept_up_later_less_earlier,0.0183,0.0125,0.0243
shrinking_ahead,both,G0-miss1,r10_taken_back_5,0.1973,0.1758,0.2187
shrinking_ahead,both,G0-miss1,r10_taken_back_10,0.3658,0.3334,0.4011
shrinking_ahead,both,G2-half,r1_rms_5,1.0142,0.9788,1.0496
shrinking_ahead,both,G2-half,r1_mean_5,-0.0154,-0.0785,0.0490
shrinking_ahead,both,G2-half,r1_rms_10,0.9483,0.9172,0.9819
shrinking_ahead,both,G2-half,r1_mean_10,-0.0664,-0.1273,-0.0069
shrinking_ahead,both,G2-half,r1_rms_20,0.8464,0.8219,0.8726
shrinking_ahead,both,G2-half,r1_mean_20,-0.1298,-0.1787,-0.0803
shrinking_ahead,both,G2-half,r1_rms_50,0.7187,0.6993,0.7386
shrinking_ahead,both,G2-half,r1_mean_50,-0.2716,-0.3049,-0.2358
shrinking_ahead,both,G2-half,r1_rms_100,0.6952,0.6793,0.7120
shrinking_ahead,both,G2-half,r1_mean_100,-0.4369,-0.4623,-0.4121
shrinking_ahead,both,G2-half,r1_rms_200,0.7314,0.7179,0.7447
shrinking_ahead,both,G2-half,r1_mean_200,-0.5713,-0.5887,-0.5543
shrinking_ahead,both,G2-half,r2_brier,0.1523,0.1507,0.1540
shrinking_ahead,both,G2-half,r2_bias,-0.0353,-0.0383,-0.0323
shrinking_ahead,both,G2-half,r3_inside,0.3744,0.3682,0.3810
shrinking_ahead,both,G2-half,r3_below_0.5,0.0239,0.0217,0.0262
shrinking_ahead,both,G2-half,r3_above_0.95,0.0618,0.0567,0.0669
shrinking_ahead,both,G2-half,r4_false,0.0183,0.0149,0.0220
shrinking_ahead,both,G2-half,r4_false_0.70,0.0028,0.0016,0.0041
shrinking_ahead,both,G2-half,r4_below,0.5822,0.5632,0.6020
shrinking_ahead,both,G2-half,r4_false_at_task,0.0179,0.0121,0.0242
shrinking_ahead,both,G2-half,r4_declared,9.7790,9.3910,10.1780
shrinking_ahead,both,G2-half,r5_late_answers,5.7603,5.5517,5.9743
shrinking_ahead,both,G2-half,r5_never,0.3232,0.3084,0.3383
shrinking_ahead,both,G2-half,r6_lag,-0.5310,-0.5495,-0.5120
shrinking_ahead,both,G2-half,r7_error_5,0.8680,0.8275,0.9067
shrinking_ahead,both,G2-half,r7_error_10,0.7911,0.7537,0.8280
shrinking_ahead,both,G2-half,r7_longest_wrong,1.9690,1.9110,2.0280
shrinking_ahead,both,G2-half,r7_hard_first,0.1346,0.1238,0.1455
shrinking_ahead,both,G2-half,r4b_chance_below_0.5,0.0659,0.0595,0.0726
shrinking_ahead,both,G2-half,r4b_chance_0.5_to_0.6,0.0935,0.0885,0.0989
shrinking_ahead,both,G2-half,r4b_chance_0.6_to_0.7,0.1724,0.1668,0.1787
shrinking_ahead,both,G2-half,r4b_chance_0.7_to_0.8,0.2697,0.2638,0.2756
shrinking_ahead,both,G2-half,r4b_chance_0.8_up,0.3985,0.3837,0.4129
shrinking_ahead,both,G2-half,r3_reachable,0.9576,0.9536,0.9613
shrinking_ahead,both,G2-half,r8_rank_6_20,4.1600,3.6800,4.6533
shrinking_ahead,both,G2-half,r8_topic_rank_6_20,17.8267,16.9000,18.7600
shrinking_ahead,both,G2-half,r8_rank_150_200,1.4098,1.2059,1.6314
shrinking_ahead,both,G2-half,r8_topic_rank_150_200,8.6275,8.2196,9.0314
shrinking_ahead,both,G2-half,r9_kept_up_6_50,0.0012,-0.0056,0.0081
shrinking_ahead,both,G2-half,r9_kept_up_101_200,0.0576,0.0553,0.0600
shrinking_ahead,both,G2-half,r10_shown,4.1460,3.8820,4.4270
shrinking_ahead,both,G2-half,r2_ece,0.0353,0.0324,0.0382
shrinking_ahead,both,G2-half,r4b_3,0.1772,0.1647,0.1896
shrinking_ahead,both,G2-half,r4b_5,0.2097,0.1960,0.2238
shrinking_ahead,both,G2-half,r4b_10,0.2406,0.2242,0.2571
shrinking_ahead,both,G2-half,r4b_20,0.2653,0.2451,0.2864
shrinking_ahead,both,G2-half,r4b_50,0.2689,0.2473,0.2928
shrinking_ahead,both,G2-half,r8_move_p95_6_20,73.0000,73.0000,73.0000
shrinking_ahead,both,G2-half,r8_move_p95_150_200,41.0000,40.0000,41.0000
shrinking_ahead,both,G2-half,r9_kept_up_later_less_earlier,0.0564,0.0501,0.0624
shrinking_ahead,both,G2-half,r10_taken_back_5,0.1309,0.1165,0.1453
shrinking_ahead,both,G2-half,r10_taken_back_10,0.2377,0.2129,0.2618
shrinking_ahead,both,G2-fading,r1_rms_5,1.0406,1.0029,1.0777
shrinking_ahead,both,G2-fading,r1_mean_5,0.0153,-0.0571,0.0852
shrinking_ahead,both,G2-fading,r1_rms_10,0.9567,0.9249,0.9876
shrinking_ahead,both,G2-fading,r1_mean_10,-0.0567,-0.1180,0.0034
shrinking_ahead,both,G2-fading,r1_rms_20,0.8615,0.8353,0.8904
shrinking_ahead,both,G2-fading,r1_mean_20,-0.1577,-0.2088,-0.1079
shrinking_ahead,both,G2-fading,r1_rms_50,0.7451,0.7244,0.7668
shrinking_ahead,both,G2-fading,r1_mean_50,-0.3272,-0.3650,-0.2920
shrinking_ahead,both,G2-fading,r1_rms_100,0.6912,0.6748,0.7073
shrinking_ahead,both,G2-fading,r1_mean_100,-0.4190,-0.4441,-0.3936
shrinking_ahead,both,G2-fading,r1_rms_200,0.6041,0.5927,0.6155
shrinking_ahead,both,G2-fading,r1_mean_200,-0.3849,-0.4007,-0.3681
shrinking_ahead,both,G2-fading,r2_brier,0.1560,0.1544,0.1578
shrinking_ahead,both,G2-fading,r2_bias,-0.0281,-0.0312,-0.0250
shrinking_ahead,both,G2-fading,r3_inside,0.3876,0.3815,0.3933
shrinking_ahead,both,G2-fading,r3_below_0.5,0.0253,0.0230,0.0277
shrinking_ahead,both,G2-fading,r3_above_0.95,0.0562,0.0516,0.0612
shrinking_ahead,both,G2-fading,r4_false,0.0195,0.0158,0.0235
shrinking_ahead,both,G2-fading,r4_false_0.70,0.0039,0.0025,0.0054
shrinking_ahead,both,G2-fading,r4_below,0.5746,0.5548,0.5943
shrinking_ahead,both,G2-fading,r4_false_at_task,0.0164,0.0117,0.0218
shrinking_ahead,both,G2-fading,r4_declared,9.0250,8.6570,9.4130
shrinking_ahead,both,G2-fading,r5_late_answers,5.4596,5.2668,5.6599
shrinking_ahead,both,G2-fading,r5_never,0.2865,0.2718,0.3017
shrinking_ahead,both,G2-fading,r6_lag,-0.4154,-0.4331,-0.3967
shrinking_ahead,both,G2-fading,r7_error_5,0.9030,0.8625,0.9456
shrinking_ahead,both,G2-fading,r7_error_10,0.8161,0.7786,0.8537
shrinking_ahead,both,G2-fading,r7_longest_wrong,2.0490,1.9860,2.1140
shrinking_ahead,both,G2-fading,r7_hard_first,0.1482,0.1367,0.1599
shrinking_ahead,both,G2-fading,r4b_chance_below_0.5,0.0627,0.0567,0.0686
shrinking_ahead,both,G2-fading,r4b_chance_0.5_to_0.6,0.0936,0.0883,0.0992
shrinking_ahead,both,G2-fading,r4b_chance_0.6_to_0.7,0.1767,0.1710,0.1827
shrinking_ahead,both,G2-fading,r4b_chance_0.7_to_0.8,0.2784,0.2721,0.2842
shrinking_ahead,both,G2-fading,r4b_chance_0.8_up,0.3886,0.3750,0.4033
shrinking_ahead,both,G2-fading,r3_reachable,0.9561,0.9518,0.9600
shrinking_ahead,both,G2-fading,r8_rank_6_20,4.8733,4.3800,5.3933
shrinking_ahead,both,G2-fading,r8_topic_rank_6_20,18.6067,17.6667,19.6067
shrinking_ahead,both,G2-fading,r8_rank_150_200,1.6667,1.4275,1.9314
shrinking_ahead,both,G2-fading,r8_topic_rank_150_200,8.4745,8.0725,8.8686
shrinking_ahead,both,G2-fading,r9_kept_up_6_50,-0.0007,-0.0076,0.0060
shrinking_ahead,both,G2-fading,r9_kept_up_101_200,0.0419,0.0393,0.0444
shrinking_ahead,both,G2-fading,r10_shown,3.9530,3.6900,4.2300
shrinking_ahead,both,G2-fading,r2_ece,0.0281,0.0252,0.0313
shrinking_ahead,both,G2-fading,r4b_3,0.1671,0.1542,0.1801
shrinking_ahead,both,G2-fading,r4b_5,0.1992,0.1847,0.2132
shrinking_ahead,both,G2-fading,r4b_10,0.2214,0.2052,0.2370
shrinking_ahead,both,G2-fading,r4b_20,0.2345,0.2161,0.2522
shrinking_ahead,both,G2-fading,r4b_50,0.2417,0.2212,0.2622
shrinking_ahead,both,G2-fading,r8_move_p95_6_20,73.0000,73.0000,74.0000
shrinking_ahead,both,G2-fading,r8_move_p95_150_200,40.0000,40.0000,41.0000
shrinking_ahead,both,G2-fading,r9_kept_up_later_less_earlier,0.0426,0.0364,0.0488
shrinking_ahead,both,G2-fading,r10_taken_back_5,0.1211,0.1062,0.1378
shrinking_ahead,both,G2-fading,r10_taken_back_10,0.2413,0.2148,0.2692
shrinking_ahead,both,G3-drop,r1_rms_5,0.9776,0.9441,1.0126
shrinking_ahead,both,G3-drop,r1_mean_5,0.0289,-0.0372,0.0905
shrinking_ahead,both,G3-drop,r1_rms_10,0.9244,0.8959,0.9557
shrinking_ahead,both,G3-drop,r1_mean_10,-0.0001,-0.0579,0.0586
shrinking_ahead,both,G3-drop,r1_rms_20,0.8240,0.7989,0.8494
shrinking_ahead,both,G3-drop,r1_mean_20,-0.0181,-0.0677,0.0288
shrinking_ahead,both,G3-drop,r1_rms_50,0.6664,0.6493,0.6827
shrinking_ahead,both,G3-drop,r1_mean_50,-0.0482,-0.0822,-0.0150
shrinking_ahead,both,G3-drop,r1_rms_100,0.7113,0.6936,0.7291
shrinking_ahead,both,G3-drop,r1_mean_100,0.3050,0.2714,0.3380
shrinking_ahead,both,G3-drop,r1_rms_200,0.5574,0.5467,0.5686
shrinking_ahead,both,G3-drop,r1_mean_200,0.2773,0.2600,0.2943
shrinking_ahead,both,G3-drop,r2_brier,0.2013,0.1996,0.2031
shrinking_ahead,both,G3-drop,r2_bias,0.0507,0.0476,0.0538
shrinking_ahead,both,G3-drop,r3_inside,0.3867,0.3819,0.3914
shrinking_ahead,both,G3-drop,r3_below_0.5,0.0875,0.0821,0.0935
shrinking_ahead,both,G3-drop,r3_above_0.95,0.0203,0.0180,0.0228
shrinking_ahead,both,G3-drop,r4_false,0.0678,0.0601,0.0764
shrinking_ahead,both,G3-drop,r4_false_0.70,0.0234,0.0189,0.0283
shrinking_ahead,both,G3-drop,r4_below,0.5081,0.4921,0.5256
shrinking_ahead,both,G3-drop,r4_false_at_task,0.0631,0.0525,0.0755
shrinking_ahead,both,G3-drop,r4_declared,8.4070,7.9890,8.8430
shrinking_ahead,both,G3-drop,r5_late_answers,3.5567,3.4366,3.6795
shrinking_ahead,both,G3-drop,r5_never,0.2499,0.2326,0.2684
shrinking_ahead,both,G3-drop,r6_lag,0.3614,0.3451,0.3774
shrinking_ahead,both,G3-drop,r6_jump_answers,47.2250,45.1780,49.4320
shrinking_ahead,both,G3-drop,r6_jump_unsettled,0.2010,0.1780,0.2270
shrinking_ahead,both,G3-drop,r7_error_5,0.8455,0.8069,0.8881
shrinking_ahead,both,G3-drop,r7_error_10,0.7745,0.7385,0.8115
shrinking_ahead,both,G3-drop,r7_longest_wrong,2.0100,1.9480,2.0730
shrinking_ahead,both,G3-drop,r7_hard_first,0.1480,0.1374,0.1597
shrinking_ahead,both,G3-drop,r4b_chance_below_0.5,0.1701,0.1563,0.1845
shrinking_ahead,both,G3-drop,r4b_chance_0.5_to_0.6,0.1786,0.1730,0.1843
shrinking_ahead,both,G3-drop,r4b_chance_0.6_to_0.7,0.2259,0.2202,0.2313
shrinking_ahead,both,G3-drop,r4b_chance_0.7_to_0.8,0.2344,0.2275,0.2415
shrinking_ahead,both,G3-drop,r4b_chance_0.8_up,0.1909,0.1808,0.2012
shrinking_ahead,both,G3-drop,r3_reachable,0.8788,0.8674,0.8893
shrinking_ahead,both,G3-drop,r8_rank_6_20,4.3400,3.8733,4.8533
shrinking_ahead,both,G3-drop,r8_topic_rank_6_20,18.1133,17.2200,19.0467
shrinking_ahead,both,G3-drop,r8_rank_150_200,1.9353,1.7000,2.2196
shrinking_ahead,both,G3-drop,r8_topic_rank_150_200,9.6627,9.2314,10.0725
shrinking_ahead,both,G3-drop,r9_kept_up_6_50,-0.0158,-0.0221,-0.0093
shrinking_ahead,both,G3-drop,r9_kept_up_101_200,-0.0724,-0.0751,-0.0694
shrinking_ahead,both,G3-drop,r10_shown,4.1830,3.9240,4.4540
shrinking_ahead,both,G3-drop,r2_ece,0.0511,0.0483,0.0542
shrinking_ahead,both,G3-drop,r4b_3,0.1754,0.1628,0.1880
shrinking_ahead,both,G3-drop,r4b_5,0.1988,0.1851,0.2126
shrinking_ahead,both,G3-drop,r4b_10,0.2047,0.1902,0.2193
shrinking_ahead,both,G3-drop,r4b_20,0.2071,0.1920,0.2208
shrinking_ahead,both,G3-drop,r4b_50,0.2071,0.1923,0.2208
shrinking_ahead,both,G3-drop,r8_move_p95_6_20,73.0000,73.0000,73.0000
shrinking_ahead,both,G3-drop,r8_move_p95_150_200,43.0000,43.0000,43.0000
shrinking_ahead,both,G3-drop,r9_kept_up_later_less_earlier,-0.0566,-0.0627,-0.0506
shrinking_ahead,both,G3-drop,r10_taken_back_5,0.3235,0.3027,0.3434
shrinking_ahead,both,G3-drop,r10_taken_back_10,0.5728,0.5403,0.6049
shrinking_ahead,both,G0-start0.5,r1_rms_5,0.9487,0.9154,0.9842
shrinking_ahead,both,G0-start0.5,r1_mean_5,0.0213,-0.0399,0.0848
shrinking_ahead,both,G0-start0.5,r1_rms_10,0.8949,0.8641,0.9242
shrinking_ahead,both,G0-start0.5,r1_mean_10,-0.0046,-0.0592,0.0494
shrinking_ahead,both,G0-start0.5,r1_rms_20,0.8034,0.7794,0.8263
shrinking_ahead,both,G0-start0.5,r1_mean_20,-0.0366,-0.0829,0.0095
shrinking_ahead,both,G0-start0.5,r1_rms_50,0.6576,0.6416,0.6742
shrinking_ahead,both,G0-start0.5,r1_mean_50,-0.0713,-0.1055,-0.0386
shrinking_ahead,both,G0-start0.5,r1_rms_100,0.5563,0.5461,0.5669
shrinking_ahead,both,G0-start0.5,r1_mean_100,-0.0946,-0.1158,-0.0731
shrinking_ahead,both,G0-start0.5,r1_rms_200,0.4799,0.4719,0.4877
shrinking_ahead,both,G0-start0.5,r1_mean_200,-0.1017,-0.1175,-0.0871
shrinking_ahead,both,G0-start0.5,r2_brier,0.1740,0.1724,0.1755
shrinking_ahead,both,G0-start0.5,r2_bias,0.0064,0.0035,0.0093
shrinking_ahead,both,G0-start0.5,r3_inside,0.4363,0.4315,0.4409
shrinking_ahead,both,G0-start0.5,r3_below_0.5,0.0331,0.0305,0.0358
shrinking_ahead,both,G0-start0.5,r3_above_0.95,0.0262,0.0237,0.0289
shrinking_ahead,both,G0-start0.5,r4_false,0.0244,0.0194,0.0294
shrinking_ahead,both,G0-start0.5,r4_false_0.70,0.0082,0.0057,0.0111
shrinking_ahead,both,G0-start0.5,r4_below,0.5489,0.5318,0.5653
shrinking_ahead,both,G0-start0.5,r4_false_at_task,0.0230,0.0153,0.0318
shrinking_ahead,both,G0-start0.5,r4_declared,8.0800,7.7230,8.4430
shrinking_ahead,both,G0-start0.5,r5_late_answers,3.7500,3.6130,3.8977
shrinking_ahead,both,G0-start0.5,r5_never,0.1352,0.1234,0.1475
shrinking_ahead,both,G0-start0.5,r6_lag,-0.1028,-0.1185,-0.0879
shrinking_ahead,both,G0-start0.5,r7_error_5,0.7969,0.7555,0.8377
shrinking_ahead,both,G0-start0.5,r7_error_10,0.7285,0.6914,0.7663
shrinking_ahead,both,G0-start0.5,r7_longest_wrong,1.9520,1.8930,2.0100
shrinking_ahead,both,G0-start0.5,r7_hard_first,0.1237,0.1144,0.1327
shrinking_ahead,both,G0-start0.5,r4b_chance_below_0.5,0.0670,0.0617,0.0726
shrinking_ahead,both,G0-start0.5,r4b_chance_0.5_to_0.6,0.1094,0.1048,0.1144
shrinking_ahead,both,G0-start0.5,r4b_chance_0.6_to_0.7,0.2074,0.2020,0.2129
shrinking_ahead,both,G0-start0.5,r4b_chance_0.7_to_0.8,0.2916,0.2863,0.2969
shrinking_ahead,both,G0-start0.5,r4b_chance_0.8_up,0.3246,0.3131,0.3365
shrinking_ahead,both,G0-start0.5,r3_reachable,0.9624,0.9580,0.9666
shrinking_ahead,both,G0-start0.5,r8_rank_6_20,4.3933,3.9133,4.9067
shrinking_ahead,both,G0-start0.5,r8_topic_rank_6_20,19.5400,18.6467,20.4867
shrinking_ahead,both,G0-start0.5,r8_rank_150_200,1.5765,1.3353,1.8137
shrinking_ahead,both,G0-start0.5,r8_topic_rank_150_200,9.4216,9.0176,9.8157
shrinking_ahead,both,G0-start0.5,r9_kept_up_6_50,-0.0161,-0.0229,-0.0097
shrinking_ahead,both,G0-start0.5,r9_kept_up_101_200,-0.0010,-0.0035,0.0016
shrinking_ahead,both,G0-start0.5,r10_shown,3.7150,3.5170,3.9170
shrinking_ahead,both,G0-start0.5,r2_ece,0.0083,0.0055,0.0112
shrinking_ahead,both,G0-start0.5,r4b_3,0.1816,0.1682,0.1946
shrinking_ahead,both,G0-start0.5,r4b_5,0.2089,0.1944,0.2229
shrinking_ahead,both,G0-start0.5,r4b_10,0.2182,0.2031,0.2339
shrinking_ahead,both,G0-start0.5,r4b_20,0.2226,0.2071,0.2380
shrinking_ahead,both,G0-start0.5,r4b_50,0.2485,0.2164,0.2982
shrinking_ahead,both,G0-start0.5,r8_move_p95_6_20,73.0000,73.0000,74.0000
shrinking_ahead,both,G0-start0.5,r8_move_p95_150_200,41.0000,40.0000,41.0000
shrinking_ahead,both,G0-start0.5,r9_kept_up_later_less_earlier,0.0151,0.0091,0.0210
shrinking_ahead,both,G0-start0.5,r10_taken_back_5,0.1914,0.1717,0.2112
shrinking_ahead,both,G0-start0.5,r10_taken_back_10,0.3684,0.3345,0.4046
shrinking_ahead,both,G0-start2,r1_rms_5,1.1019,1.0592,1.1495
shrinking_ahead,both,G0-start2,r1_mean_5,-0.0055,-0.0802,0.0717
shrinking_ahead,both,G0-start2,r1_rms_10,1.0275,0.9892,1.0673
shrinking_ahead,both,G0-start2,r1_mean_10,-0.0418,-0.1116,0.0316
shrinking_ahead,both,G0-start2,r1_rms_20,0.9053,0.8724,0.9382
shrinking_ahead,both,G0-start2,r1_mean_20,-0.0776,-0.1344,-0.0199
shrinking_ahead,both,G0-start2,r1_rms_50,0.7293,0.7070,0.7512
shrinking_ahead,both,G0-start2,r1_mean_50,-0.1102,-0.1504,-0.0702
shrinking_ahead,both,G0-start2,r1_rms_100,0.5983,0.5834,0.6149
shrinking_ahead,both,G0-start2,r1_mean_100,-0.1100,-0.1391,-0.0817
shrinking_ahead,both,G0-start2,r1_rms_200,0.5012,0.4912,0.5108
shrinking_ahead,both,G0-start2,r1_mean_200,-0.0874,-0.1049,-0.0695
shrinking_ahead,both,G0-start2,r2_brier,0.1753,0.1731,0.1776
shrinking_ahead,both,G0-start2,r2_bias,0.0025,-0.0012,0.0059
shrinking_ahead,both,G0-start2,r3_inside,0.3991,0.3915,0.4063
shrinking_ahead,both,G0-start2,r3_below_0.5,0.0721,0.0620,0.0824
shrinking_ahead,both,G0-start2,r3_above_0.95,0.0421,0.0367,0.0480
shrinking_ahead,both,G0-start2,r4_false,0.0379,0.0322,0.0444
shrinking_ahead,both,G0-start2,r4_false_0.70,0.0075,0.0055,0.0098
shrinking_ahead,both,G0-start2,r4_below,0.5137,0.4896,0.5363
shrinking_ahead,both,G0-start2,r4_false_at_task,0.0252,0.0184,0.0327
shrinking_ahead,both,G0-start2,r4_declared,9.0670,8.6300,9.5140
shrinking_ahead,both,G0-start2,r5_late_answers,5.0251,4.8481,5.2002
shrinking_ahead,both,G0-start2,r5_never,0.1657,0.1502,0.1797
shrinking_ahead,both,G0-start2,r6_lag,-0.1152,-0.1358,-0.0954
shrinking_ahead,both,G0-start2,r7_error_5,0.9612,0.9134,1.0106
shrinking_ahead,both,G0-start2,r7_error_10,0.8780,0.8333,0.9230
shrinking_ahead,both,G0-start2,r7_longest_wrong,2.0930,2.0140,2.1750
shrinking_ahead,both,G0-start2,r7_hard_first,0.1899,0.1739,0.2067
shrinking_ahead,both,G0-start2,r4b_chance_below_0.5,0.1981,0.1691,0.2264
shrinking_ahead,both,G0-start2,r4b_chance_0.5_to_0.6,0.1349,0.1275,0.1422
shrinking_ahead,both,G0-start2,r4b_chance_0.6_to_0.7,0.1985,0.1906,0.2068
shrinking_ahead,both,G0-start2,r4b_chance_0.7_to_0.8,0.2414,0.2302,0.2540
shrinking_ahead,both,G0-start2,r4b_chance_0.8_up,0.2270,0.2124,0.2427
shrinking_ahead,both,G0-start2,r3_reachable,0.8742,0.8586,0.8902
shrinking_ahead,both,G0-start2,r8_rank_6_20,4.3733,3.8733,4.8600
shrinking_ahead,both,G0-start2,r8_topic_rank_6_20,18.1600,17.2200,19.1333
shrinking_ahead,both,G0-start2,r8_rank_150_200,1.7353,1.4725,2.0176
shrinking_ahead,both,G0-start2,r8_topic_rank_150_200,8.0176,7.6529,8.4059
shrinking_ahead,both,G0-start2,r9_kept_up_6_50,-0.0162,-0.0235,-0.0089
shrinking_ahead,both,G0-start2,r9_kept_up_101_200,0.0040,0.0013,0.0070
shrinking_ahead,both,G0-start2,r10_shown,4.4600,4.1270,4.7910
shrinking_ahead,both,G0-start2,r2_ece,0.0032,0.0020,0.0068
shrinking_ahead,both,G0-start2,r4b_3,0.1801,0.1663,0.1948
shrinking_ahead,both,G0-start2,r4b_5,0.2082,0.1918,0.2238
shrinking_ahead,both,G0-start2,r4b_10,0.2228,0.2055,0.2401
shrinking_ahead,both,G0-start2,r4b_20,0.2292,0.2107,0.2472
shrinking_ahead,both,G0-start2,r4b_50,0.2318,0.2134,0.2509
shrinking_ahead,both,G0-start2,r8_move_p95_6_20,73.0000,73.0000,73.0000
shrinking_ahead,both,G0-start2,r8_move_p95_150_200,40.0000,40.0000,41.0000
shrinking_ahead,both,G0-start2,r9_kept_up_later_less_earlier,0.0203,0.0140,0.0266
shrinking_ahead,both,G0-start2,r10_taken_back_5,0.1518,0.1355,0.1690
shrinking_ahead,both,G0-start2,r10_taken_back_10,0.3607,0.3247,0.3973
shrinking_ahead,both,G0-topics0.3,r1_rms_5,0.9073,0.8700,0.9458
shrinking_ahead,both,G0-topics0.3,r1_mean_5,0.0583,-0.0048,0.1235
shrinking_ahead,both,G0-topics0.3,r1_rms_10,0.8251,0.7929,0.8593
shrinking_ahead,both,G0-topics0.3,r1_mean_10,0.0209,-0.0379,0.0772
shrinking_ahead,both,G0-topics0.3,r1_rms_20,0.7252,0.6984,0.7520
shrinking_ahead,both,G0-topics0.3,r1_mean_20,0.0024,-0.0428,0.0506
shrinking_ahead,both,G0-topics0.3,r1_rms_50,0.5832,0.5651,0.6010
shrinking_ahead,both,G0-topics0.3,r1_mean_50,-0.0352,-0.0683,-0.0035
shrinking_ahead,both,G0-topics0.3,r1_rms_100,0.4939,0.4825,0.5051
shrinking_ahead,both,G0-topics0.3,r1_mean_100,-0.0629,-0.0874,-0.0396
shrinking_ahead,both,G0-topics0.3,r1_rms_200,0.4373,0.4299,0.4452
shrinking_ahead,both,G0-topics0.3,r1_mean_200,-0.0886,-0.1038,-0.0732
shrinking_ahead,both,G0-topics0.3,r2_brier,0.1765,0.1748,0.1782
shrinking_ahead,both,G0-topics0.3,r2_bias,0.0079,0.0048,0.0109
shrinking_ahead,both,G0-topics0.3,r3_inside,0.4539,0.4483,0.4595
shrinking_ahead,both,G0-topics0.3,r3_below_0.5,0.0322,0.0293,0.0354
shrinking_ahead,both,G0-topics0.3,r3_above_0.95,0.0203,0.0179,0.0228
shrinking_ahead,both,G0-topics0.3,r4_false,0.0378,0.0310,0.0449
shrinking_ahead,both,G0-topics0.3,r4_false_0.70,0.0070,0.0044,0.0099
shrinking_ahead,both,G0-topics0.3,r4_below,0.5485,0.5295,0.5665
shrinking_ahead,both,G0-topics0.3,r4_false_at_task,0.0328,0.0229,0.0435
shrinking_ahead,both,G0-topics0.3,r4_declared,8.4360,8.0810,8.8250
shrinking_ahead,both,G0-topics0.3,r5_late_answers,4.3216,4.1432,4.5094
shrinking_ahead,both,G0-topics0.3,r5_never,0.1625,0.1466,0.1796
shrinking_ahead,both,G0-topics0.3,r6_lag,-0.0810,-0.0966,-0.0653
shrinking_ahead,both,G0-topics0.3,r7_error_5,0.8343,0.7934,0.8748
shrinking_ahead,both,G0-topics0.3,r7_error_10,0.7566,0.7212,0.7927
shrinking_ahead,both,G0-topics0.3,r7_longest_wrong,2.0220,1.9630,2.0860
shrinking_ahead,both,G0-topics0.3,r7_hard_first,0.1319,0.1207,0.1432
shrinking_ahead,both,G0-topics0.3,r4b_chance_below_0.5,0.0693,0.0628,0.0761
shrinking_ahead,both,G0-topics0.3,r4b_chance_0.5_to_0.6,0.1219,0.1152,0.1285
shrinking_ahead,both,G0-topics0.3,r4b_chance_0.6_to_0.7,0.2212,0.2153,0.2273
shrinking_ahead,both,G0-topics0.3,r4b_chance_0.7_to_0.8,0.3005,0.2932,0.3077
shrinking_ahead,both,G0-topics0.3,r4b_chance_0.8_up,0.2869,0.2729,0.3005
shrinking_ahead,both,G0-topics0.3,r3_reachable,0.9423,0.9340,0.9501
shrinking_ahead,both,G0-topics0.3,r8_rank_6_20,4.7933,4.2667,5.3267
shrinking_ahead,both,G0-topics0.3,r8_topic_rank_6_20,18.8600,17.9667,19.8067
shrinking_ahead,both,G0-topics0.3,r8_rank_150_200,1.6373,1.3725,1.9137
shrinking_ahead,both,G0-topics0.3,r8_topic_rank_150_200,8.8745,8.4882,9.2686
shrinking_ahead,both,G0-topics0.3,r9_kept_up_6_50,-0.0156,-0.0224,-0.0087
shrinking_ahead,both,G0-topics0.3,r9_kept_up_101_200,-0.0035,-0.0061,-0.0010
shrinking_ahead,both,G0-topics0.3,r10_shown,3.8420,3.6040,4.0850
shrinking_ahead,both,G0-topics0.3,r2_ece,0.0109,0.0080,0.0139
shrinking_ahead,both,G0-topics0.3,r4b_3,0.1913,0.1783,0.2042
shrinking_ahead,both,G0-topics0.3,r4b_5,0.2216,0.2065,0.2364
shrinking_ahead,both,G0-topics0.3,r4b_10,0.2384,0.2220,0.2547
shrinking_ahead,both,G0-topics0.3,r4b_20,0.2466,0.2300,0.2643
shrinking_ahead,both,G0-topics0.3,r4b_50,0.2592,0.2371,0.2859
shrinking_ahead,both,G0-topics0.3,r8_move_p95_6_20,73.0000,73.0000,73.0000
shrinking_ahead,both,G0-topics0.3,r8_move_p95_150_200,41.0000,40.0000,41.0000
shrinking_ahead,both,G0-topics0.3,r9_kept_up_later_less_earlier,0.0121,0.0061,0.0183
shrinking_ahead,both,G0-topics0.3,r10_taken_back_5,0.1749,0.1542,0.1960
shrinking_ahead,both,G0-topics0.3,r10_taken_back_10,0.3591,0.3256,0.3919
shrinking_ahead,both,G0-topics1,r1_rms_5,1.2835,1.2519,1.3160
shrinking_ahead,both,G0-topics1,r1_mean_5,-0.0190,-0.0830,0.0480
shrinking_ahead,both,G0-topics1,r1_rms_10,1.2571,1.2269,1.2866
shrinking_ahead,both,G0-topics1,r1_mean_10,-0.0463,-0.1069,0.0155
shrinking_ahead,both,G0-topics1,r1_rms_20,1.1641,1.1412,1.1867
shrinking_ahead,both,G0-topics1,r1_mean_20,-0.0960,-0.1449,-0.0466
shrinking_ahead,both,G0-topics1,r1_rms_50,0.9905,0.9710,1.0099
shrinking_ahead,both,G0-topics1,r1_mean_50,-0.1678,-0.2051,-0.1308
shrinking_ahead,both,G0-topics1,r1_rms_100,0.8427,0.8278,0.8581
shrinking_ahead,both,G0-topics1,r1_mean_100,-0.1790,-0.2033,-0.1547
shrinking_ahead,both,G0-topics1,r1_rms_200,0.7181,0.7051,0.7315
shrinking_ahead,both,G0-topics1,r1_mean_200,-0.1651,-0.1854,-0.1462
shrinking_ahead,both,G0-topics1,r2_brier,0.1759,0.1743,0.1775
shrinking_ahead,both,G0-topics1,r2_bias,0.0077,0.0047,0.0106
shrinking_ahead,both,G0-topics1,r3_inside,0.3685,0.3636,0.3731
shrinking_ahead,both,G0-topics1,r3_below_0.5,0.0623,0.0583,0.0667
shrinking_ahead,both,G0-topics1,r3_above_0.95,0.0655,0.0614,0.0702
shrinking_ahead,both,G0-topics1,r4_false,0.0569,0.0510,0.0636
shrinking_ahead,both,G0-topics1,r4_false_0.70,0.0200,0.0162,0.0237
shrinking_ahead,both,G0-topics1,r4_below,0.5772,0.5596,0.5955
shrinking_ahead,both,G0-topics1,r4_false_at_task,0.0455,0.0381,0.0535
shrinking_ahead,both,G0-topics1,r4_declared,8.2050,7.8050,8.6170
shrinking_ahead,both,G0-topics1,r5_late_answers,4.6655,4.4855,4.8498
shrinking_ahead,both,G0-topics1,r5_never,0.2693,0.2566,0.2826
shrinking_ahead,both,G0-topics1,r6_lag,-0.1690,-0.1857,-0.1526
shrinking_ahead,both,G0-topics1,r7_error_5,0.8885,0.8486,0.9284
shrinking_ahead,both,G0-topics1,r7_error_10,0.8145,0.7781,0.8511
shrinking_ahead,both,G0-topics1,r7_longest_wrong,2.0950,2.0270,2.1670
shrinking_ahead,both,G0-topics1,r7_hard_first,0.1897,0.1788,0.2007
shrinking_ahead,both,G0-topics1,r4b_chance_below_0.5,0.1351,0.1249,0.1458
shrinking_ahead,both,G0-topics1,r4b_chance_0.5_to_0.6,0.1336,0.1289,0.1385
shrinking_ahead,both,G0-topics1,r4b_chance_0.6_to_0.7,0.2019,0.1966,0.2069
shrinking_ahead,both,G0-topics1,r4b_chance_0.7_to_0.8,0.2529,0.2469,0.2594
shrinking_ahead,both,G0-topics1,r4b_chance_0.8_up,0.2765,0.2651,0.2880
shrinking_ahead,both,G0-topics1,r3_reachable,0.9179,0.9103,0.9250
shrinking_ahead,both,G0-topics1,r8_rank_6_20,4.7733,4.2467,5.3067
shrinking_ahead,both,G0-topics1,r8_topic_rank_6_20,18.3467,17.4200,19.3000
shrinking_ahead,both,G0-topics1,r8_rank_150_200,1.7176,1.4765,1.9843
shrinking_ahead,both,G0-topics1,r8_topic_rank_150_200,8.4843,8.1235,8.8588
shrinking_ahead,both,G0-topics1,r9_kept_up_6_50,-0.0300,-0.0364,-0.0234
shrinking_ahead,both,G0-topics1,r9_kept_up_101_200,0.0016,-0.0008,0.0041
shrinking_ahead,both,G0-topics1,r10_shown,3.5270,3.3010,3.7560
shrinking_ahead,both,G0-topics1,r2_ece,0.0104,0.0078,0.0131
shrinking_ahead,both,G0-topics1,r4b_3,0.1891,0.1762,0.2023
shrinking_ahead,both,G0-topics1,r4b_5,0.2220,0.2074,0.2360
shrinking_ahead,both,G0-topics1,r4b_10,0.2343,0.2188,0.2500
shrinking_ahead,both,G0-topics1,r4b_20,0.2423,0.2261,0.2596
shrinking_ahead,both,G0-topics1,r4b_50,0.2486,0.2304,0.2681
shrinking_ahead,both,G0-topics1,r8_move_p95_6_20,73.0000,73.0000,74.0000
shrinking_ahead,both,G0-topics1,r8_move_p95_150_200,40.0000,40.0000,40.0000
shrinking_ahead,both,G0-topics1,r9_kept_up_later_less_earlier,0.0316,0.0256,0.0375
shrinking_ahead,both,G0-topics1,r10_taken_back_5,0.2069,0.1868,0.2280
shrinking_ahead,both,G0-topics1,r10_taken_back_10,0.3966,0.3615,0.4323
oracle,both,G0,r1_rms_5,0.0000,0.0000,0.0000
oracle,both,G0,r1_mean_5,0.0000,0.0000,0.0000
oracle,both,G0,r1_rms_10,0.0000,0.0000,0.0000
oracle,both,G0,r1_mean_10,0.0000,0.0000,0.0000
oracle,both,G0,r1_rms_20,0.0000,0.0000,0.0000
oracle,both,G0,r1_mean_20,0.0000,0.0000,0.0000
oracle,both,G0,r1_rms_50,0.0000,0.0000,0.0000
oracle,both,G0,r1_mean_50,0.0000,0.0000,0.0000
oracle,both,G0,r1_rms_100,0.0000,0.0000,0.0000
oracle,both,G0,r1_mean_100,0.0000,0.0000,0.0000
oracle,both,G0,r1_rms_200,0.0000,0.0000,0.0000
oracle,both,G0,r1_mean_200,0.0000,0.0000,0.0000
oracle,both,G0,r2_brier,0.1768,0.1756,0.1780
oracle,both,G0,r2_bias,0.0061,0.0042,0.0079
oracle,both,G0,r3_inside,0.6070,0.6026,0.6109
oracle,both,G0,r3_below_0.5,0.0076,0.0052,0.0105
oracle,both,G0,r3_above_0.95,0.0007,0.0006,0.0008
oracle,both,G0,r4_false,0.0000,0.0000,0.0000
oracle,both,G0,r4_false_0.70,0.0000,0.0000,0.0000
oracle,both,G0,r4_below,0.6465,0.6299,0.6617
oracle,both,G0,r4_false_at_task,0.0000,0.0000,0.0000
oracle,both,G0,r4_declared,8.3140,7.9430,8.6890
oracle,both,G0,r5_late_answers,4.5556,4.4656,4.6678
oracle,both,G0,r5_never,0.2900,0.2696,0.3098
oracle,both,G0,r6_lag,0.0000,0.0000,0.0000
oracle,both,G0,r7_error_5,0.0000,0.0000,0.0000
oracle,both,G0,r7_error_10,0.0000,0.0000,0.0000
oracle,both,G0,r7_longest_wrong,1.6510,1.5990,1.7030
oracle,both,G0,r7_hard_first,0.0060,0.0034,0.0090
oracle,both,G0,r4b_chance_below_0.5,0.0189,0.0119,0.0270
oracle,both,G0,r4b_chance_0.5_to_0.6,0.0747,0.0705,0.0792
oracle,both,G0,r4b_chance_0.6_to_0.7,0.2548,0.2507,0.2593
oracle,both,G0,r4b_chance_0.7_to_0.8,0.4206,0.4132,0.4270
oracle,both,G0,r4b_chance_0.8_up,0.2310,0.2251,0.2366
oracle,both,G0,r3_reachable,0.9693,0.9626,0.9754
oracle,both,G0,r9_kept_up_6_50,-0.0027,-0.0064,0.0009
oracle,both,G0,r9_kept_up_101_200,-0.0081,-0.0107,-0.0055
oracle,both,G0,r10_shown,3.0680,2.8830,3.2670
oracle,both,G0,r2_ece,0.0063,0.0046,0.0082
oracle,both,G0,r4b_3,0.2270,0.2149,0.2399
oracle,both,G0,r4b_5,0.4080,0.3914,0.4245
oracle,both,G0,r4b_10,0.4639,0.4455,0.4811
oracle,both,G0,r4b_20,0.4876,0.4695,0.5051
oracle,both,G0,r4b_50,0.5122,0.4910,0.5356
oracle,both,G0,r9_kept_up_later_less_earlier,-0.0054,-0.0100,-0.0008
oracle,both,G0,r10_taken_back_5,0.1551,0.1237,0.1864
oracle,both,G0,r10_taken_back_10,0.3015,0.2604,0.3464
oracle,both,G1,r1_rms_5,0.0000,0.0000,0.0000
oracle,both,G1,r1_mean_5,0.0000,0.0000,0.0000
oracle,both,G1,r1_rms_10,0.0000,0.0000,0.0000
oracle,both,G1,r1_mean_10,0.0000,0.0000,0.0000
oracle,both,G1,r1_rms_20,0.0000,0.0000,0.0000
oracle,both,G1,r1_mean_20,0.0000,0.0000,0.0000
oracle,both,G1,r1_rms_50,0.0000,0.0000,0.0000
oracle,both,G1,r1_mean_50,0.0000,0.0000,0.0000
oracle,both,G1,r1_rms_100,0.0000,0.0000,0.0000
oracle,both,G1,r1_mean_100,0.0000,0.0000,0.0000
oracle,both,G1,r1_rms_200,0.0000,0.0000,0.0000
oracle,both,G1,r1_mean_200,0.0000,0.0000,0.0000
oracle,both,G1,r2_brier,0.1853,0.1835,0.1871
oracle,both,G1,r2_bias,0.0055,0.0036,0.0075
oracle,both,G1,r3_inside,0.5310,0.5182,0.5431
oracle,both,G1,r3_below_0.5,0.0748,0.0638,0.0869
oracle,both,G1,r3_above_0.95,0.0008,0.0007,0.0009
oracle,both,G1,r4_false,0.0007,0.0002,0.0012
oracle,both,G1,r4_false_0.70,0.0007,0.0002,0.0012
oracle,both,G1,r4_below,0.4401,0.4127,0.4677
oracle,both,G1,r4_false_at_task,0.0012,0.0004,0.0023
oracle,both,G1,r4_declared,9.2230,8.7760,9.6680
oracle,both,G1,r5_late_answers,4.4534,4.3775,4.5451
oracle,both,G1,r5_never,0.0498,0.0428,0.0572
oracle,both,G1,r6_lag,0.0000,0.0000,0.0000
oracle,both,G1,r7_error_5,0.0000,0.0000,0.0000
oracle,both,G1,r7_error_10,0.0000,0.0000,0.0000
oracle,both,G1,r7_longest_wrong,1.8640,1.7970,1.9340
oracle,both,G1,r7_hard_first,0.0744,0.0628,0.0863
oracle,both,G1,r4b_chance_below_0.5,0.2157,0.1907,0.2406
oracle,both,G1,r4b_chance_0.5_to_0.6,0.1514,0.1420,0.1605
oracle,both,G1,r4b_chance_0.6_to_0.7,0.2128,0.2065,0.2197
oracle,both,G1,r4b_chance_0.7_to_0.8,0.2773,0.2598,0.2960
oracle,both,G1,r4b_chance_0.8_up,0.1428,0.1324,0.1540
oracle,both,G1,r3_reachable,0.8399,0.8185,0.8601
oracle,both,G1,r9_kept_up_6_50,-0.0038,-0.0079,0.0002
oracle,both,G1,r9_kept_up_101_200,-0.0058,-0.0086,-0.0031
oracle,both,G1,r10_shown,5.2660,4.8680,5.7090
oracle,both,G1,r2_ece,0.0075,0.0058,0.0093
oracle,both,G1,r4b_3,0.2344,0.2179,0.2499
oracle,both,G1,r4b_5,0.3954,0.3723,0.4188
oracle,both,G1,r4b_10,0.4543,0.4299,0.4811
oracle,both,G1,r4b_20,0.4573,0.4328,0.4831
oracle,both,G1,r4b_50,0.4622,0.4352,0.4888
oracle,both,G1,r9_kept_up_later_less_earlier,-0.0020,-0.0067,0.0028
oracle,both,G1,r10_taken_back_5,0.1742,0.1593,0.1888
oracle,both,G1,r10_taken_back_10,0.3724,0.3409,0.4023
oracle,both,G2,r1_rms_5,0.0000,0.0000,0.0000
oracle,both,G2,r1_mean_5,0.0000,0.0000,0.0000
oracle,both,G2,r1_rms_10,0.0000,0.0000,0.0000
oracle,both,G2,r1_mean_10,0.0000,0.0000,0.0000
oracle,both,G2,r1_rms_20,0.0000,0.0000,0.0000
oracle,both,G2,r1_mean_20,0.0000,0.0000,0.0000
oracle,both,G2,r1_rms_50,0.0000,0.0000,0.0000
oracle,both,G2,r1_mean_50,0.0000,0.0000,0.0000
oracle,both,G2,r1_rms_100,0.0000,0.0000,0.0000
oracle,both,G2,r1_mean_100,0.0000,0.0000,0.0000
oracle,both,G2,r1_rms_200,0.0000,0.0000,0.0000
oracle,both,G2,r1_mean_200,0.0000,0.0000,0.0000
oracle,both,G2,r2_brier,0.1752,0.1741,0.1763
oracle,both,G2,r2_bias,0.0070,0.0052,0.0088
oracle,both,G2,r3_inside,0.6057,0.6029,0.6084
oracle,both,G2,r3_below_0.5,0.0035,0.0032,0.0037
oracle,both,G2,r3_above_0.95,0.0021,0.0013,0.0031
oracle,both,G2,r4_false,0.0000,0.0000,0.0000
oracle,both,G2,r4_false_0.70,0.0000,0.0000,0.0000
oracle,both,G2,r4_below,0.5533,0.5322,0.5743
oracle,both,G2,r4_false_at_task,0.0000,0.0000,0.0000
oracle,both,G2,r4_declared,16.4190,16.0050,16.8330
oracle,both,G2,r5_late_answers,4.1074,4.0691,4.1449
oracle,both,G2,r5_never,0.1040,0.0960,0.1114
oracle,both,G2,r6_lag,0.0000,0.0000,0.0000
oracle,both,G2,r7_error_5,0.0000,0.0000,0.0000
oracle,both,G2,r7_error_10,0.0000,0.0000,0.0000
oracle,both,G2,r7_longest_wrong,1.6670,1.6160,1.7200
oracle,both,G2,r7_hard_first,0.0030,0.0020,0.0042
oracle,both,G2,r4b_chance_below_0.5,0.0069,0.0061,0.0077
oracle,both,G2,r4b_chance_0.5_to_0.6,0.0705,0.0683,0.0728
oracle,both,G2,r4b_chance_0.6_to_0.7,0.2566,0.2530,0.2603
oracle,both,G2,r4b_chance_0.7_to_0.8,0.4273,0.4232,0.4312
oracle,both,G2,r4b_chance_0.8_up,0.2387,0.2350,0.2424
oracle,both,G2,r3_reachable,0.9693,0.9657,0.9728
oracle,both,G2,r9_kept_up_6_50,-0.0069,-0.0106,-0.0030
oracle,both,G2,r9_kept_up_101_200,-0.0064,-0.0090,-0.0038
oracle,both,G2,r10_shown,7.5320,7.0700,8.0080
oracle,both,G2,r2_ece,0.0073,0.0056,0.0091
oracle,both,G2,r4b_3,0.1541,0.1453,0.1636
oracle,both,G2,r4b_5,0.2335,0.2218,0.2450
oracle,both,G2,r4b_10,0.5412,0.5221,0.5594
oracle,both,G2,r4b_20,0.8563,0.8343,0.8773
oracle,both,G2,r4b_50,0.9572,0.9177,1.0000
oracle,both,G2,r9_kept_up_later_less_earlier,0.0005,-0.0042,0.0051
oracle,both,G2,r10_taken_back_5,0.1784,0.1665,0.1899
oracle,both,G2,r10_taken_back_10,0.3615,0.3369,0.3877
oracle,both,G3,r1_rms_5,0.0000,0.0000,0.0000
oracle,both,G3,r1_mean_5,0.0000,0.0000,0.0000
oracle,both,G3,r1_rms_10,0.0000,0.0000,0.0000
oracle,both,G3,r1_mean_10,0.0000,0.0000,0.0000
oracle,both,G3,r1_rms_20,0.0000,0.0000,0.0000
oracle,both,G3,r1_mean_20,0.0000,0.0000,0.0000
oracle,both,G3,r1_rms_50,0.0000,0.0000,0.0000
oracle,both,G3,r1_mean_50,0.0000,0.0000,0.0000
oracle,both,G3,r1_rms_100,0.0000,0.0000,0.0000
oracle,both,G3,r1_mean_100,0.0000,0.0000,0.0000
oracle,both,G3,r1_rms_200,0.0000,0.0000,0.0000
oracle,both,G3,r1_mean_200,0.0000,0.0000,0.0000
oracle,both,G3,r2_brier,0.1771,0.1760,0.1782
oracle,both,G3,r2_bias,0.0089,0.0071,0.0108
oracle,both,G3,r3_inside,0.6099,0.6068,0.6127
oracle,both,G3,r3_below_0.5,0.0054,0.0040,0.0072
oracle,both,G3,r3_above_0.95,0.0008,0.0006,0.0009
oracle,both,G3,r4_false,0.0001,0.0000,0.0003
oracle,both,G3,r4_false_0.70,0.0001,0.0000,0.0003
oracle,both,G3,r4_below,0.5299,0.5136,0.5460
oracle,both,G3,r4_false_at_task,0.0002,0.0000,0.0006
oracle,both,G3,r4_declared,11.9590,11.5050,12.4180
oracle,both,G3,r5_late_answers,4.4480,4.3214,4.5729
oracle,both,G3,r5_never,0.2060,0.1921,0.2208
oracle,both,G3,r6_lag,0.0000,0.0000,0.0000
oracle,both,G3,r6_jump_answers,0.0000,0.0000,0.0000
oracle,both,G3,r6_jump_unsettled,0.0000,0.0000,0.0000
oracle,both,G3,r7_error_5,0.0000,0.0000,0.0000
oracle,both,G3,r7_error_10,0.0000,0.0000,0.0000
oracle,both,G3,r7_longest_wrong,1.6310,1.5780,1.6830
oracle,both,G3,r7_hard_first,0.0068,0.0039,0.0101
oracle,both,G3,r4b_chance_below_0.5,0.0128,0.0086,0.0181
oracle,both,G3,r4b_chance_0.5_to_0.6,0.0683,0.0656,0.0712
oracle,both,G3,r4b_chance_0.6_to_0.7,0.2527,0.2490,0.2566
oracle,both,G3,r4b_chance_0.7_to_0.8,0.4246,0.4194,0.4298
oracle,both,G3,r4b_chance_0.8_up,0.2415,0.2369,0.2462
oracle,both,G3,r3_reachable,0.9771,0.9728,0.9804
oracle,both,G3,r9_kept_up_6_50,-0.0103,-0.0143,-0.0065
oracle,both,G3,r9_kept_up_101_200,-0.0099,-0.0126,-0.0074
oracle,both,G3,r10_shown,5.7940,5.4530,6.1120
oracle,both,G3,r2_ece,0.0092,0.0074,0.0110
oracle,both,G3,r4b_3,0.2033,0.1930,0.2139
oracle,both,G3,r4b_5,0.3653,0.3512,0.3797
oracle,both,G3,r4b_10,0.4581,0.4432,0.4732
oracle,both,G3,r4b_20,0.5546,0.5367,0.5727
oracle,both,G3,r4b_50,0.5998,0.5760,0.6269
oracle,both,G3,r9_kept_up_later_less_earlier,0.0004,-0.0042,0.0049
oracle,both,G3,r10_taken_back_5,0.1787,0.1596,0.1992
oracle,both,G3,r10_taken_back_10,0.3606,0.3299,0.3933
oracle,both,G4,r1_rms_5,0.0000,0.0000,0.0000
oracle,both,G4,r1_mean_5,0.0000,0.0000,0.0000
oracle,both,G4,r1_rms_10,0.0000,0.0000,0.0000
oracle,both,G4,r1_mean_10,0.0000,0.0000,0.0000
oracle,both,G4,r1_rms_20,0.0000,0.0000,0.0000
oracle,both,G4,r1_mean_20,0.0000,0.0000,0.0000
oracle,both,G4,r1_rms_50,0.0000,0.0000,0.0000
oracle,both,G4,r1_mean_50,0.0000,0.0000,0.0000
oracle,both,G4,r1_rms_100,0.0000,0.0000,0.0000
oracle,both,G4,r1_mean_100,0.0000,0.0000,0.0000
oracle,both,G4,r1_rms_200,0.0000,0.0000,0.0000
oracle,both,G4,r1_mean_200,0.0000,0.0000,0.0000
oracle,both,G4,r2_brier,0.2132,0.2120,0.2143
oracle,both,G4,r2_bias,0.0738,0.0717,0.0756
oracle,both,G4,r3_inside,0.4421,0.4391,0.4451
oracle,both,G4,r3_below_0.5,0.0520,0.0499,0.0544
oracle,both,G4,r3_above_0.95,0.0004,0.0003,0.0005
oracle,both,G4,r4_false,0.0000,0.0000,0.0000
oracle,both,G4,r4_false_0.70,0.0000,0.0000,0.0000
oracle,both,G4,r4_below,0.6699,0.6534,0.6856
oracle,both,G4,r4_false_at_task,0.0000,0.0000,0.0000
oracle,both,G4,r4_declared,9.2020,8.8010,9.6220
oracle,both,G4,r5_late_answers,4.7196,4.6188,4.8214
oracle,both,G4,r5_never,0.2801,0.2617,0.2992
oracle,both,G4,r6_lag,0.0000,0.0000,0.0000
oracle,both,G4,r7_error_5,0.0000,0.0000,0.0000
oracle,both,G4,r7_error_10,0.0000,0.0000,0.0000
oracle,both,G4,r7_longest_wrong,1.9160,1.8580,1.9750
oracle,both,G4,r7_hard_first,0.0511,0.0467,0.0559
oracle,both,G4,r4b_chance_below_0.5,0.0918,0.0869,0.0976
oracle,both,G4,r4b_chance_0.5_to_0.6,0.2057,0.2026,0.2089
oracle,both,G4,r4b_chance_0.6_to_0.7,0.2963,0.2923,0.3002
oracle,both,G4,r4b_chance_0.7_to_0.8,0.2791,0.2748,0.2833
oracle,both,G4,r4b_chance_0.8_up,0.1271,0.1241,0.1300
oracle,both,G4,r3_reachable,0.9755,0.9708,0.9798
oracle,both,G4,r9_kept_up_6_50,-0.0765,-0.0810,-0.0721
oracle,both,G4,r9_kept_up_101_200,-0.0728,-0.0754,-0.0701
oracle,both,G4,r10_shown,3.2160,3.0020,3.4360
oracle,both,G4,r2_ece,0.0738,0.0718,0.0758
oracle,both,G4,r4b_3,0.2302,0.2172,0.2425
oracle,both,G4,r4b_5,0.3917,0.3757,0.4078
oracle,both,G4,r4b_10,0.4749,0.4580,0.4920
oracle,both,G4,r4b_20,0.4994,0.4813,0.5174
oracle,both,G4,r4b_50,0.5291,0.5067,0.5558
oracle,both,G4,r9_kept_up_later_less_earlier,0.0038,-0.0014,0.0091
oracle,both,G4,r10_taken_back_5,0.2005,0.1647,0.2347
oracle,both,G4,r10_taken_back_10,0.4195,0.3709,0.4690
oracle,both,G5,r1_rms_5,0.0000,0.0000,0.0000
oracle,both,G5,r1_mean_5,0.0000,0.0000,0.0000
oracle,both,G5,r1_rms_10,0.0000,0.0000,0.0000
oracle,both,G5,r1_mean_10,0.0000,0.0000,0.0000
oracle,both,G5,r1_rms_20,0.0000,0.0000,0.0000
oracle,both,G5,r1_mean_20,0.0000,0.0000,0.0000
oracle,both,G5,r1_rms_50,0.0000,0.0000,0.0000
oracle,both,G5,r1_mean_50,0.0000,0.0000,0.0000
oracle,both,G5,r1_rms_100,0.0000,0.0000,0.0000
oracle,both,G5,r1_mean_100,0.0000,0.0000,0.0000
oracle,both,G5,r1_rms_200,0.0000,0.0000,0.0000
oracle,both,G5,r1_mean_200,0.0000,0.0000,0.0000
oracle,both,G5,r2_brier,0.1785,0.1772,0.1798
oracle,both,G5,r2_bias,0.0077,0.0058,0.0095
oracle,both,G5,r3_inside,0.5980,0.5925,0.6033
oracle,both,G5,r3_below_0.5,0.0118,0.0083,0.0157
oracle,both,G5,r3_above_0.95,0.0007,0.0006,0.0009
oracle,both,G5,r4_false,0.0000,0.0000,0.0000
oracle,both,G5,r4_false_0.70,0.0000,0.0000,0.0000
oracle,both,G5,r4_below,0.6392,0.6195,0.6587
oracle,both,G5,r4_false_at_task,0.0000,0.0000,0.0000
oracle,both,G5,r4_declared,8.2930,7.9090,8.6900
oracle,both,G5,r5_late_answers,4.5283,4.4578,4.6117
oracle,both,G5,r5_never,0.2911,0.2688,0.3149
oracle,both,G5,r6_lag,0.0000,0.0000,0.0000
oracle,both,G5,r7_error_5,0.0000,0.0000,0.0000
oracle,both,G5,r7_error_10,0.0000,0.0000,0.0000
oracle,both,G5,r7_longest_wrong,1.7120,1.6590,1.7660
oracle,both,G5,r7_hard_first,0.0119,0.0078,0.0166
oracle,both,G5,r4b_chance_below_0.5,0.0311,0.0208,0.0425
oracle,both,G5,r4b_chance_0.5_to_0.6,0.0860,0.0795,0.0930
oracle,both,G5,r4b_chance_0.6_to_0.7,0.2536,0.2490,0.2586
oracle,both,G5,r4b_chance_0.7_to_0.8,0.4054,0.3960,0.4148
oracle,both,G5,r4b_chance_0.8_up,0.2239,0.2163,0.2313
oracle,both,G5,r3_reachable,0.9552,0.9447,0.9650
oracle,both,G5,r9_kept_up_6_50,-0.0087,-0.0126,-0.0049
oracle,both,G5,r9_kept_up_101_200,-0.0063,-0.0089,-0.0037
oracle,both,G5,r10_shown,3.1160,2.8950,3.3400
oracle,both,G5,r2_ece,0.0078,0.0060,0.0097
oracle,both,G5,r4b_3,0.2092,0.1941,0.2246
oracle,both,G5,r4b_5,0.3824,0.3633,0.4017
oracle,both,G5,r4b_10,0.4468,0.4247,0.4677
oracle,both,G5,r4b_20,0.4705,0.4472,0.4923
oracle,both,G5,r4b_50,0.4953,0.4685,0.5257
oracle,both,G5,r9_kept_up_later_less_earlier,0.0024,-0.0022,0.0072
oracle,both,G5,r10_taken_back_5,0.1131,0.0833,0.1444
oracle,both,G5,r10_taken_back_10,0.2576,0.2125,0.3023
oracle,both,G6,r1_rms_5,0.0000,0.0000,0.0000
oracle,both,G6,r1_mean_5,0.0000,0.0000,0.0000
oracle,both,G6,r1_rms_10,0.0000,0.0000,0.0000
oracle,both,G6,r1_mean_10,0.0000,0.0000,0.0000
oracle,both,G6,r1_rms_20,0.0000,0.0000,0.0000
oracle,both,G6,r1_mean_20,0.0000,0.0000,0.0000
oracle,both,G6,r1_rms_50,0.0000,0.0000,0.0000
oracle,both,G6,r1_mean_50,0.0000,0.0000,0.0000
oracle,both,G6,r1_rms_100,0.0000,0.0000,0.0000
oracle,both,G6,r1_mean_100,0.0000,0.0000,0.0000
oracle,both,G6,r1_rms_200,0.0000,0.0000,0.0000
oracle,both,G6,r1_mean_200,0.0000,0.0000,0.0000
oracle,both,G6,r2_brier,0.1653,0.1621,0.1684
oracle,both,G6,r2_bias,0.0133,0.0111,0.0154
oracle,both,G6,r3_inside,0.3460,0.3381,0.3538
oracle,both,G6,r3_below_0.5,0.0106,0.0080,0.0141
oracle,both,G6,r3_above_0.95,0.1172,0.1095,0.1252
oracle,both,G6,r4_false,0.1502,0.1342,0.1671
oracle,both,G6,r4_false_0.70,0.0001,0.0000,0.0004
oracle,both,G6,r4_below,0.6406,0.6241,0.6579
oracle,both,G6,r4_false_at_task,0.1327,0.1115,0.1538
oracle,both,G6,r4_declared,8.0110,7.6260,8.3920
oracle,both,G6,r5_late_answers,4.3998,4.3335,4.4761
oracle,both,G6,r5_never,0.3223,0.2970,0.3491
oracle,both,G6,r6_lag,0.0000,0.0000,0.0000
oracle,both,G6,r7_error_5,0.0000,0.0000,0.0000
oracle,both,G6,r7_error_10,0.0000,0.0000,0.0000
oracle,both,G6,r7_longest_wrong,1.6200,1.5630,1.6780
oracle,both,G6,r7_hard_first,0.0094,0.0065,0.0128
oracle,both,G6,r4b_chance_below_0.5,0.0221,0.0137,0.0331
oracle,both,G6,r4b_chance_0.5_to_0.6,0.0732,0.0670,0.0810
oracle,both,G6,r4b_chance_0.6_to_0.7,0.4138,0.3950,0.4333
oracle,both,G6,r4b_chance_0.7_to_0.8,0.2431,0.2361,0.2501
oracle,both,G6,r4b_chance_0.8_up,0.2478,0.2252,0.2707
oracle,both,G6,r3_reachable,0.7909,0.7761,0.8050
oracle,both,G6,r9_kept_up_6_50,0.0030,-0.0033,0.0093
oracle,both,G6,r9_kept_up_101_200,0.0018,-0.0039,0.0076
oracle,both,G6,r10_shown,3.0790,2.8900,3.2870
oracle,both,G6,r2_ece,0.0153,0.0134,0.0173
oracle,both,G6,r4b_3,0.2913,0.2768,0.3054
oracle,both,G6,r4b_5,0.4696,0.4528,0.4865
oracle,both,G6,r4b_10,0.5414,0.5224,0.5606
oracle,both,G6,r4b_20,0.5690,0.5505,0.5878
oracle,both,G6,r4b_50,0.6000,0.5759,0.6263
oracle,both,G6,r9_kept_up_later_less_earlier,-0.0013,-0.0055,0.0032
oracle,both,G6,r10_taken_back_5,0.1659,0.1284,0.2048
oracle,both,G6,r10_taken_back_10,0.2919,0.2433,0.3409
oracle,both,G7,r1_rms_5,0.0000,0.0000,0.0000
oracle,both,G7,r1_mean_5,0.0000,0.0000,0.0000
oracle,both,G7,r1_rms_10,0.0000,0.0000,0.0000
oracle,both,G7,r1_mean_10,0.0000,0.0000,0.0000
oracle,both,G7,r1_rms_20,0.0000,0.0000,0.0000
oracle,both,G7,r1_mean_20,0.0000,0.0000,0.0000
oracle,both,G7,r1_rms_50,0.0000,0.0000,0.0000
oracle,both,G7,r1_mean_50,0.0000,0.0000,0.0000
oracle,both,G7,r1_rms_100,0.0000,0.0000,0.0000
oracle,both,G7,r1_mean_100,0.0000,0.0000,0.0000
oracle,both,G7,r1_rms_200,0.0000,0.0000,0.0000
oracle,both,G7,r1_mean_200,0.0000,0.0000,0.0000
oracle,both,G7,r2_brier,0.1828,0.1812,0.1846
oracle,both,G7,r2_bias,0.0089,0.0070,0.0108
oracle,both,G7,r3_inside,0.5535,0.5483,0.5595
oracle,both,G7,r3_below_0.5,0.0241,0.0214,0.0271
oracle,both,G7,r3_above_0.95,0.0010,0.0008,0.0012
oracle,both,G7,r4_false,0.0000,0.0000,0.0000
oracle,both,G7,r4_false_0.70,0.0000,0.0000,0.0000
oracle,both,G7,r4_below,0.6650,0.6490,0.6805
oracle,both,G7,r4_false_at_task,0.0000,0.0000,0.0000
oracle,both,G7,r4_declared,8.5350,8.1700,8.9220
oracle,both,G7,r5_late_answers,4.5399,4.4559,4.6332
oracle,both,G7,r5_never,0.2488,0.2255,0.2724
oracle,both,G7,r6_lag,0.0000,0.0000,0.0000
oracle,both,G7,r7_error_5,0.0000,0.0000,0.0000
oracle,both,G7,r7_error_10,0.0000,0.0000,0.0000
oracle,both,G7,r7_longest_wrong,1.7350,1.6810,1.7930
oracle,both,G7,r7_hard_first,0.0224,0.0190,0.0260
oracle,both,G7,r4b_chance_below_0.5,0.0518,0.0446,0.0612
oracle,both,G7,r4b_chance_0.5_to_0.6,0.1127,0.1058,0.1192
oracle,both,G7,r4b_chance_0.6_to_0.7,0.2553,0.2489,0.2615
oracle,both,G7,r4b_chance_0.7_to_0.8,0.3682,0.3605,0.3760
oracle,both,G7,r4b_chance_0.8_up,0.2120,0.2024,0.2219
oracle,both,G7,r3_reachable,0.9395,0.9317,0.9475
oracle,both,G7,r9_kept_up_6_50,-0.0247,-0.0294,-0.0197
oracle,both,G7,r9_kept_up_101_200,-0.0234,-0.0274,-0.0196
oracle,both,G7,r10_shown,3.0320,2.8470,3.2210
oracle,both,G7,r2_ece,0.0091,0.0072,0.0109
oracle,both,G7,r4b_3,0.2853,0.2717,0.2987
oracle,both,G7,r4b_5,0.4360,0.4205,0.4517
oracle,both,G7,r4b_10,0.5000,0.4826,0.5171
oracle,both,G7,r4b_20,0.5226,0.5050,0.5395
oracle,both,G7,r4b_50,0.5496,0.5285,0.5696
oracle,both,G7,r9_kept_up_later_less_earlier,0.0013,-0.0036,0.0064
oracle,both,G7,r10_taken_back_5,0.1865,0.1554,0.2179
oracle,both,G7,r10_taken_back_10,0.3529,0.3085,0.3982
oracle,both,G8,r1_rms_5,0.0000,0.0000,0.0000
oracle,both,G8,r1_mean_5,0.0000,0.0000,0.0000
oracle,both,G8,r1_rms_10,0.0000,0.0000,0.0000
oracle,both,G8,r1_mean_10,0.0000,0.0000,0.0000
oracle,both,G8,r1_rms_20,0.0000,0.0000,0.0000
oracle,both,G8,r1_mean_20,0.0000,0.0000,0.0000
oracle,both,G8,r1_rms_50,0.0000,0.0000,0.0000
oracle,both,G8,r1_mean_50,0.0000,0.0000,0.0000
oracle,both,G8,r1_rms_100,0.0000,0.0000,0.0000
oracle,both,G8,r1_mean_100,0.0000,0.0000,0.0000
oracle,both,G8,r1_rms_200,0.0000,0.0000,0.0000
oracle,both,G8,r1_mean_200,0.0000,0.0000,0.0000
oracle,both,G8,r2_brier,0.1773,0.1761,0.1785
oracle,both,G8,r2_bias,0.0084,0.0064,0.0105
oracle,both,G8,r3_inside,0.6076,0.6040,0.6110
oracle,both,G8,r3_below_0.5,0.0056,0.0042,0.0075
oracle,both,G8,r3_above_0.95,0.0008,0.0007,0.0009
oracle,both,G8,r4_false,0.0001,0.0000,0.0004
oracle,both,G8,r4_false_0.70,0.0001,0.0000,0.0004
oracle,both,G8,r4_below,0.6314,0.6153,0.6477
oracle,both,G8,r4_false_at_task,0.0003,0.0000,0.0011
oracle,both,G8,r4_declared,8.0430,7.6790,8.4370
oracle,both,G8,r5_late_answers,4.9871,4.8719,5.1102
oracle,both,G8,r5_never,0.2775,0.2582,0.2965
oracle,both,G8,r6_lag,0.0000,0.0000,0.0000
oracle,both,G8,r7_error_5,0.0000,0.0000,0.0000
oracle,both,G8,r7_error_10,0.0000,0.0000,0.0000
oracle,both,G8,r7_longest_wrong,1.6610,1.6090,1.7150
oracle,both,G8,r7_hard_first,0.0052,0.0035,0.0071
oracle,both,G8,r4b_chance_below_0.5,0.0138,0.0094,0.0197
oracle,both,G8,r4b_chance_0.5_to_0.6,0.0743,0.0705,0.0783
oracle,both,G8,r4b_chance_0.6_to_0.7,0.2528,0.2487,0.2568
oracle,both,G8,r4b_chance_0.7_to_0.8,0.4227,0.4166,0.4285
oracle,both,G8,r4b_chance_0.8_up,0.2364,0.2310,0.2416
oracle,both,G8,r3_reachable,0.9727,0.9671,0.9775
oracle,both,G8,r9_kept_up_6_50,-0.0107,-0.0149,-0.0062
oracle,both,G8,r9_kept_up_101_200,-0.0073,-0.0104,-0.0043
oracle,both,G8,r10_shown,3.1030,2.9140,3.3110
oracle,both,G8,r2_ece,0.0086,0.0067,0.0107
oracle,both,G8,r4b_3,0.2377,0.2253,0.2510
oracle,both,G8,r4b_5,0.3753,0.3587,0.3926
oracle,both,G8,r4b_10,0.4697,0.4518,0.4873
oracle,both,G8,r4b_20,0.4921,0.4736,0.5107
oracle,both,G8,r4b_50,0.5162,0.4934,0.5403
oracle,both,G8,r9_kept_up_later_less_earlier,0.0034,-0.0019,0.0086
oracle,both,G8,r10_taken_back_5,0.1296,0.0992,0.1574
oracle,both,G8,r10_taken_back_10,0.2981,0.2501,0.3453
oracle,both,G0-exact,r1_rms_5,0.0000,0.0000,0.0000
oracle,both,G0-exact,r1_mean_5,0.0000,0.0000,0.0000
oracle,both,G0-exact,r1_rms_10,0.0000,0.0000,0.0000
oracle,both,G0-exact,r1_mean_10,0.0000,0.0000,0.0000
oracle,both,G0-exact,r1_rms_20,0.0000,0.0000,0.0000
oracle,both,G0-exact,r1_mean_20,0.0000,0.0000,0.0000
oracle,both,G0-exact,r1_rms_50,0.0000,0.0000,0.0000
oracle,both,G0-exact,r1_mean_50,0.0000,0.0000,0.0000
oracle,both,G0-exact,r1_rms_100,0.0000,0.0000,0.0000
oracle,both,G0-exact,r1_mean_100,0.0000,0.0000,0.0000
oracle,both,G0-exact,r1_rms_200,0.0000,0.0000,0.0000
oracle,both,G0-exact,r1_mean_200,0.0000,0.0000,0.0000
oracle,both,G0-exact,r2_brier,0.1720,0.1709,0.1731
oracle,both,G0-exact,r2_bias,-0.0005,-0.0023,0.0014
oracle,both,G0-exact,r3_inside,0.9764,0.9718,0.9805
oracle,both,G0-exact,r3_below_0.5,0.0005,0.0000,0.0015
oracle,both,G0-exact,r3_above_0.95,0.0000,0.0000,0.0000
oracle,both,G0-exact,r4_false,0.0000,0.0000,0.0000
oracle,both,G0-exact,r4_false_0.70,0.0000,0.0000,0.0000
oracle,both,G0-exact,r4_below,0.6412,0.6237,0.6573
oracle,both,G0-exact,r4_false_at_task,0.0000,0.0000,0.0000
oracle,both,G0-exact,r4_declared,8.2640,7.8900,8.6390
oracle,both,G0-exact,r5_late_answers,4.5370,4.4700,4.6146
oracle,both,G0-exact,r5_never,0.2689,0.2504,0.2879
oracle,both,G0-exact,r6_lag,0.0000,0.0000,0.0000
oracle,both,G0-exact,r7_error_5,0.0000,0.0000,0.0000
oracle,both,G0-exact,r7_error_10,0.0000,0.0000,0.0000
oracle,both,G0-exact,r7_longest_wrong,1.5970,1.5480,1.6460
oracle,both,G0-exact,r7_hard_first,0.0005,0.0000,0.0013
oracle,both,G0-exact,r4b_chance_below_0.5,0.0015,0.0000,0.0044
oracle,both,G0-exact,r4b_chance_0.5_to_0.6,0.0031,0.0000,0.0080
oracle,both,G0-exact,r4b_chance_0.6_to_0.7,0.0324,0.0257,0.0399
oracle,both,G0-exact,r4b_chance_0.7_to_0.8,0.9631,0.9503,0.9728
oracle,both,G0-exact,r4b_chance_0.8_up,0.0000,0.0000,0.0000
oracle,both,G0-exact,r3_reachable,0.9764,0.9719,0.9803
oracle,both,G0-exact,r9_kept_up_6_50,0.0053,0.0014,0.0090
oracle,both,G0-exact,r9_kept_up_101_200,-0.0013,-0.0038,0.0012
oracle,both,G0-exact,r10_shown,3.1650,2.9690,3.3800
oracle,both,G0-exact,r2_ece,0.0017,0.0007,0.0036
oracle,both,G0-exact,r4b_3,0.2350,0.2219,0.2480
oracle,both,G0-exact,r4b_5,0.4213,0.4036,0.4382
oracle,both,G0-exact,r4b_10,0.4821,0.4643,0.4991
oracle,both,G0-exact,r4b_20,0.5052,0.4876,0.5219
oracle,both,G0-exact,r4b_50,0.5280,0.5075,0.5493
oracle,both,G0-exact,r9_kept_up_later_less_earlier,-0.0066,-0.0111,-0.0021
oracle,both,G0-exact,r10_taken_back_5,0.1430,0.1139,0.1723
oracle,both,G0-exact,r10_taken_back_10,0.2675,0.2316,0.3023
oracle,both,G0-miss0.25,r1_rms_5,0.0000,0.0000,0.0000
oracle,both,G0-miss0.25,r1_mean_5,0.0000,0.0000,0.0000
oracle,both,G0-miss0.25,r1_rms_10,0.0000,0.0000,0.0000
oracle,both,G0-miss0.25,r1_mean_10,0.0000,0.0000,0.0000
oracle,both,G0-miss0.25,r1_rms_20,0.0000,0.0000,0.0000
oracle,both,G0-miss0.25,r1_mean_20,0.0000,0.0000,0.0000
oracle,both,G0-miss0.25,r1_rms_50,0.0000,0.0000,0.0000
oracle,both,G0-miss0.25,r1_mean_50,0.0000,0.0000,0.0000
oracle,both,G0-miss0.25,r1_rms_100,0.0000,0.0000,0.0000
oracle,both,G0-miss0.25,r1_mean_100,0.0000,0.0000,0.0000
oracle,both,G0-miss0.25,r1_rms_200,0.0000,0.0000,0.0000
oracle,both,G0-miss0.25,r1_mean_200,0.0000,0.0000,0.0000
oracle,both,G0-miss0.25,r2_brier,0.1737,0.1726,0.1749
oracle,both,G0-miss0.25,r2_bias,0.0012,-0.0005,0.0030
oracle,both,G0-miss0.25,r3_inside,0.8304,0.8254,0.8349
oracle,both,G0-miss0.25,r3_below_0.5,0.0015,0.0000,0.0035
oracle,both,G0-miss0.25,r3_above_0.95,0.0000,0.0000,0.0000
oracle,both,G0-miss0.25,r4_false,0.0000,0.0000,0.0000
oracle,both,G0-miss0.25,r4_false_0.70,0.0000,0.0000,0.0000
oracle,both,G0-miss0.25,r4_below,0.6454,0.6295,0.6614
oracle,both,G0-miss0.25,r4_false_at_task,0.0000,0.0000,0.0000
oracle,both,G0-miss0.25,r4_declared,7.9600,7.5930,8.3330
oracle,both,G0-miss0.25,r5_late_answers,4.4865,4.4237,4.5584
oracle,both,G0-miss0.25,r5_never,0.2736,0.2546,0.2937
oracle,both,G0-miss0.25,r6_lag,0.0000,0.0000,0.0000
oracle,both,G0-miss0.25,r7_error_5,0.0000,0.0000,0.0000
oracle,both,G0-miss0.25,r7_error_10,0.0000,0.0000,0.0000
oracle,both,G0-miss0.25,r7_longest_wrong,1.6250,1.5730,1.6750
oracle,both,G0-miss0.25,r7_hard_first,0.0010,0.0000,0.0023
oracle,both,G0-miss0.25,r4b_chance_below_0.5,0.0044,0.0000,0.0099
oracle,both,G0-miss0.25,r4b_chance_0.5_to_0.6,0.0067,0.0038,0.0103
oracle,both,G0-miss0.25,r4b_chance_0.6_to_0.7,0.2055,0.2000,0.2112
oracle,both,G0-miss0.25,r4b_chance_0.7_to_0.8,0.6898,0.6809,0.6973
oracle,both,G0-miss0.25,r4b_chance_0.8_up,0.0937,0.0905,0.0971
oracle,both,G0-miss0.25,r3_reachable,0.9762,0.9714,0.9804
oracle,both,G0-miss0.25,r9_kept_up_6_50,-0.0034,-0.0072,0.0005
oracle,both,G0-miss0.25,r9_kept_up_101_200,-0.0002,-0.0027,0.0024
oracle,both,G0-miss0.25,r10_shown,2.9340,2.7420,3.1240
oracle,both,G0-miss0.25,r2_ece,0.0023,0.0009,0.0040
oracle,both,G0-miss0.25,r4b_3,0.2305,0.2176,0.2432
oracle,both,G0-miss0.25,r4b_5,0.4001,0.3832,0.4154
oracle,both,G0-miss0.25,r4b_10,0.4627,0.4446,0.4804
oracle,both,G0-miss0.25,r4b_20,0.4868,0.4685,0.5058
oracle,both,G0-miss0.25,r4b_50,0.5132,0.4906,0.5341
oracle,both,G0-miss0.25,r9_kept_up_later_less_earlier,0.0032,-0.0015,0.0081
oracle,both,G0-miss0.25,r10_taken_back_5,0.1451,0.1123,0.1784
oracle,both,G0-miss0.25,r10_taken_back_10,0.3230,0.2730,0.3724
oracle,both,G0-miss1,r1_rms_5,0.0000,0.0000,0.0000
oracle,both,G0-miss1,r1_mean_5,0.0000,0.0000,0.0000
oracle,both,G0-miss1,r1_rms_10,0.0000,0.0000,0.0000
oracle,both,G0-miss1,r1_mean_10,0.0000,0.0000,0.0000
oracle,both,G0-miss1,r1_rms_20,0.0000,0.0000,0.0000
oracle,both,G0-miss1,r1_mean_20,0.0000,0.0000,0.0000
oracle,both,G0-miss1,r1_rms_50,0.0000,0.0000,0.0000
oracle,both,G0-miss1,r1_mean_50,0.0000,0.0000,0.0000
oracle,both,G0-miss1,r1_rms_100,0.0000,0.0000,0.0000
oracle,both,G0-miss1,r1_mean_100,0.0000,0.0000,0.0000
oracle,both,G0-miss1,r1_rms_200,0.0000,0.0000,0.0000
oracle,both,G0-miss1,r1_mean_200,0.0000,0.0000,0.0000
oracle,both,G0-miss1,r2_brier,0.1860,0.1849,0.1871
oracle,both,G0-miss1,r2_bias,0.0236,0.0217,0.0255
oracle,both,G0-miss1,r3_inside,0.3579,0.3556,0.3600
oracle,both,G0-miss1,r3_below_0.5,0.0767,0.0746,0.0790
oracle,both,G0-miss1,r3_above_0.95,0.0451,0.0441,0.0461
oracle,both,G0-miss1,r4_false,0.0000,0.0000,0.0000
oracle,both,G0-miss1,r4_false_0.70,0.0000,0.0000,0.0000
oracle,both,G0-miss1,r4_below,0.6391,0.6235,0.6540
oracle,both,G0-miss1,r4_false_at_task,0.0000,0.0000,0.0000
oracle,both,G0-miss1,r4_declared,8.6350,8.2440,8.9990
oracle,both,G0-miss1,r5_late_answers,4.5379,4.4786,4.5969
oracle,both,G0-miss1,r5_never,0.2727,0.2533,0.2922
oracle,both,G0-miss1,r6_lag,0.0000,0.0000,0.0000
oracle,both,G0-miss1,r7_error_5,0.0000,0.0000,0.0000
oracle,both,G0-miss1,r7_error_10,0.0000,0.0000,0.0000
oracle,both,G0-miss1,r7_longest_wrong,1.7630,1.7090,1.8160
oracle,both,G0-miss1,r7_hard_first,0.0756,0.0706,0.0810
oracle,both,G0-miss1,r4b_chance_below_0.5,0.1106,0.1058,0.1166
oracle,both,G0-miss1,r4b_chance_0.5_to_0.6,0.1240,0.1213,0.1266
oracle,both,G0-miss1,r4b_chance_0.6_to_0.7,0.1763,0.1732,0.1794
oracle,both,G0-miss1,r4b_chance_0.7_to_0.8,0.2277,0.2244,0.2311
oracle,both,G0-miss1,r4b_chance_0.8_up,0.3614,0.3562,0.3666
oracle,both,G0-miss1,r3_reachable,0.9758,0.9706,0.9804
oracle,both,G0-miss1,r9_kept_up_6_50,-0.0234,-0.0273,-0.0192
oracle,both,G0-miss1,r9_kept_up_101_200,-0.0237,-0.0263,-0.0211
oracle,both,G0-miss1,r10_shown,3.2380,3.0270,3.4490
oracle,both,G0-miss1,r2_ece,0.0238,0.0221,0.0257
oracle,both,G0-miss1,r4b_3,0.2279,0.2156,0.2410
oracle,both,G0-miss1,r4b_5,0.4038,0.3866,0.4198
oracle,both,G0-miss1,r4b_10,0.4715,0.4536,0.4889
oracle,both,G0-miss1,r4b_20,0.4951,0.4762,0.5142
oracle,both,G0-miss1,r4b_50,0.5350,0.5072,0.5678
oracle,both,G0-miss1,r9_kept_up_later_less_earlier,-0.0003,-0.0052,0.0049
oracle,both,G0-miss1,r10_taken_back_5,0.1653,0.1361,0.1928
oracle,both,G0-miss1,r10_taken_back_10,0.3157,0.2707,0.3608
oracle,both,G2-half,r1_rms_5,0.0000,0.0000,0.0000
oracle,both,G2-half,r1_mean_5,0.0000,0.0000,0.0000
oracle,both,G2-half,r1_rms_10,0.0000,0.0000,0.0000
oracle,both,G2-half,r1_mean_10,0.0000,0.0000,0.0000
oracle,both,G2-half,r1_rms_20,0.0000,0.0000,0.0000
oracle,both,G2-half,r1_mean_20,0.0000,0.0000,0.0000
oracle,both,G2-half,r1_rms_50,0.0000,0.0000,0.0000
oracle,both,G2-half,r1_mean_50,0.0000,0.0000,0.0000
oracle,both,G2-half,r1_rms_100,0.0000,0.0000,0.0000
oracle,both,G2-half,r1_mean_100,0.0000,0.0000,0.0000
oracle,both,G2-half,r1_rms_200,0.0000,0.0000,0.0000
oracle,both,G2-half,r1_mean_200,0.0000,0.0000,0.0000
oracle,both,G2-half,r2_brier,0.1767,0.1756,0.1777
oracle,both,G2-half,r2_bias,0.0080,0.0063,0.0099
oracle,both,G2-half,r3_inside,0.6112,0.6089,0.6136
oracle,both,G2-half,r3_below_0.5,0.0043,0.0039,0.0049
oracle,both,G2-half,r3_above_0.95,0.0007,0.0006,0.0009
oracle,both,G2-half,r4_false,0.0000,0.0000,0.0000
oracle,both,G2-half,r4_false_0.70,0.0000,0.0000,0.0000
oracle,both,G2-half,r4_below,0.6255,0.6062,0.6442
oracle,both,G2-half,r4_false_at_task,0.0000,0.0000,0.0000
oracle,both,G2-half,r4_declared,12.3530,11.9200,12.7710
oracle,both,G2-half,r5_late_answers,5.5494,5.4541,5.6444
oracle,both,G2-half,r5_never,0.1635,0.1535,0.1733
oracle,both,G2-half,r6_lag,0.0000,0.0000,0.0000
oracle,both,G2-half,r7_error_5,0.0000,0.0000,0.0000
oracle,both,G2-half,r7_error_10,0.0000,0.0000,0.0000
oracle,both,G2-half,r7_longest_wrong,1.6050,1.5550,1.6570
oracle,both,G2-half,r7_hard_first,0.0058,0.0038,0.0083
oracle,both,G2-half,r4b_chance_below_0.5,0.0102,0.0088,0.0119
oracle,both,G2-half,r4b_chance_0.5_to_0.6,0.0698,0.0676,0.0720
oracle,both,G2-half,r4b_chance_0.6_to_0.7,0.2528,0.2493,0.2562
oracle,both,G2-half,r4b_chance_0.7_to_0.8,0.4256,0.4214,0.4295
oracle,both,G2-half,r4b_chance_0.8_up,0.2416,0.2381,0.2453
oracle,both,G2-half,r3_reachable,0.9789,0.9774,0.9803
oracle,both,G2-half,r9_kept_up_6_50,-0.0057,-0.0096,-0.0019
oracle,both,G2-half,r9_kept_up_101_200,-0.0071,-0.0097,-0.0044
oracle,both,G2-half,r10_shown,4.7490,4.4330,5.0590
oracle,both,G2-half,r2_ece,0.0081,0.0063,0.0100
oracle,both,G2-half,r4b_3,0.2114,0.2015,0.2212
oracle,both,G2-half,r4b_5,0.3010,0.2890,0.3127
oracle,both,G2-half,r4b_10,0.4081,0.3931,0.4237
oracle,both,G2-half,r4b_20,0.7178,0.6901,0.7447
oracle,both,G2-half,r4b_50,0.7662,0.7335,0.7995
oracle,both,G2-half,r9_kept_up_later_less_earlier,-0.0014,-0.0061,0.0034
oracle,both,G2-half,r10_taken_back_5,0.2093,0.1938,0.2243
oracle,both,G2-half,r10_taken_back_10,0.3923,0.3702,0.4152
oracle,both,G2-fading,r1_rms_5,0.0000,0.0000,0.0000
oracle,both,G2-fading,r1_mean_5,0.0000,0.0000,0.0000
oracle,both,G2-fading,r1_rms_10,0.0000,0.0000,0.0000
oracle,both,G2-fading,r1_mean_10,0.0000,0.0000,0.0000
oracle,both,G2-fading,r1_rms_20,0.0000,0.0000,0.0000
oracle,both,G2-fading,r1_mean_20,0.0000,0.0000,0.0000
oracle,both,G2-fading,r1_rms_50,0.0000,0.0000,0.0000
oracle,both,G2-fading,r1_mean_50,0.0000,0.0000,0.0000
oracle,both,G2-fading,r1_rms_100,0.0000,0.0000,0.0000
oracle,both,G2-fading,r1_mean_100,0.0000,0.0000,0.0000
oracle,both,G2-fading,r1_rms_200,0.0000,0.0000,0.0000
oracle,both,G2-fading,r1_mean_200,0.0000,0.0000,0.0000
oracle,both,G2-fading,r2_brier,0.1768,0.1758,0.1778
oracle,both,G2-fading,r2_bias,0.0088,0.0070,0.0106
oracle,both,G2-fading,r3_inside,0.6113,0.6090,0.6137
oracle,both,G2-fading,r3_below_0.5,0.0041,0.0037,0.0046
oracle,both,G2-fading,r3_above_0.95,0.0009,0.0007,0.0010
oracle,both,G2-fading,r4_false,0.0001,0.0000,0.0003
oracle,both,G2-fading,r4_false_0.70,0.0001,0.0000,0.0003
oracle,both,G2-fading,r4_below,0.6011,0.5818,0.6200
oracle,both,G2-fading,r4_false_at_task,0.0002,0.0000,0.0008
oracle,both,G2-fading,r4_declared,10.4940,10.0950,10.8970
oracle,both,G2-fading,r5_late_answers,5.2948,5.1766,5.4107
oracle,both,G2-fading,r5_never,0.1922,0.1820,0.2022
oracle,both,G2-fading,r6_lag,0.0000,0.0000,0.0000
oracle,both,G2-fading,r7_error_5,0.0000,0.0000,0.0000
oracle,both,G2-fading,r7_error_10,0.0000,0.0000,0.0000
oracle,both,G2-fading,r7_longest_wrong,1.6480,1.5950,1.7010
oracle,both,G2-fading,r7_hard_first,0.0049,0.0029,0.0073
oracle,both,G2-fading,r4b_chance_below_0.5,0.0092,0.0079,0.0106
oracle,both,G2-fading,r4b_chance_0.5_to_0.6,0.0700,0.0678,0.0721
oracle,both,G2-fading,r4b_chance_0.6_to_0.7,0.2515,0.2481,0.2549
oracle,both,G2-fading,r4b_chance_0.7_to_0.8,0.4296,0.4258,0.4337
oracle,both,G2-fading,r4b_chance_0.8_up,0.2397,0.2361,0.2433
oracle,both,G2-fading,r3_reachable,0.9772,0.9754,0.9787
oracle,both,G2-fading,r9_kept_up_6_50,-0.0090,-0.0128,-0.0049
oracle,both,G2-fading,r9_kept_up_101_200,-0.0082,-0.0106,-0.0056
oracle,both,G2-fading,r10_shown,4.3300,4.0360,4.6160
oracle,both,G2-fading,r2_ece,0.0088,0.0070,0.0108
oracle,both,G2-fading,r4b_3,0.2090,0.1976,0.2209
oracle,both,G2-fading,r4b_5,0.2648,0.2515,0.2780
oracle,both,G2-fading,r4b_10,0.3343,0.3191,0.3497
oracle,both,G2-fading,r4b_20,0.4825,0.4570,0.5083
oracle,both,G2-fading,r4b_50,0.5200,0.4860,0.5565
oracle,both,G2-fading,r9_kept_up_later_less_earlier,0.0008,-0.0038,0.0054
oracle,both,G2-fading,r10_taken_back_5,0.2006,0.1807,0.2204
oracle,both,G2-fading,r10_taken_back_10,0.3794,0.3496,0.4093
oracle,both,G3-drop,r1_rms_5,0.0000,0.0000,0.0000
oracle,both,G3-drop,r1_mean_5,0.0000,0.0000,0.0000
oracle,both,G3-drop,r1_rms_10,0.0000,0.0000,0.0000
oracle,both,G3-drop,r1_mean_10,0.0000,0.0000,0.0000
oracle,both,G3-drop,r1_rms_20,0.0000,0.0000,0.0000
oracle,both,G3-drop,r1_mean_20,0.0000,0.0000,0.0000
oracle,both,G3-drop,r1_rms_50,0.0000,0.0000,0.0000
oracle,both,G3-drop,r1_mean_50,0.0000,0.0000,0.0000
oracle,both,G3-drop,r1_rms_100,0.0000,0.0000,0.0000
oracle,both,G3-drop,r1_mean_100,0.0000,0.0000,0.0000
oracle,both,G3-drop,r1_rms_200,0.0000,0.0000,0.0000
oracle,both,G3-drop,r1_mean_200,0.0000,0.0000,0.0000
oracle,both,G3-drop,r2_brier,0.1785,0.1772,0.1796
oracle,both,G3-drop,r2_bias,0.0064,0.0045,0.0083
oracle,both,G3-drop,r3_inside,0.5940,0.5890,0.5990
oracle,both,G3-drop,r3_below_0.5,0.0185,0.0140,0.0234
oracle,both,G3-drop,r3_above_0.95,0.0008,0.0007,0.0010
oracle,both,G3-drop,r4_false,0.0000,0.0000,0.0000
oracle,both,G3-drop,r4_false_0.70,0.0000,0.0000,0.0000
oracle,both,G3-drop,r4_below,0.6388,0.6211,0.6560
oracle,both,G3-drop,r4_false_at_task,0.0000,0.0000,0.0000
oracle,both,G3-drop,r4_declared,7.6020,7.2420,7.9690
oracle,both,G3-drop,r5_late_answers,4.1739,4.1190,4.2332
oracle,both,G3-drop,r5_never,0.3550,0.3327,0.3791
oracle,both,G3-drop,r6_lag,0.0000,0.0000,0.0000
oracle,both,G3-drop,r6_jump_answers,0.0000,0.0000,0.0000
oracle,both,G3-drop,r6_jump_unsettled,0.0000,0.0000,0.0000
oracle,both,G3-drop,r7_error_5,0.0000,0.0000,0.0000
oracle,both,G3-drop,r7_error_10,0.0000,0.0000,0.0000
oracle,both,G3-drop,r7_longest_wrong,1.6230,1.5740,1.6730
oracle,both,G3-drop,r7_hard_first,0.0065,0.0040,0.0097
oracle,both,G3-drop,r4b_chance_below_0.5,0.0509,0.0382,0.0656
oracle,both,G3-drop,r4b_chance_0.5_to_0.6,0.0824,0.0779,0.0873
oracle,both,G3-drop,r4b_chance_0.6_to_0.7,0.2480,0.2430,0.2530
oracle,both,G3-drop,r4b_chance_0.7_to_0.8,0.3941,0.3855,0.4028
oracle,both,G3-drop,r4b_chance_0.8_up,0.2246,0.2181,0.2313
oracle,both,G3-drop,r3_reachable,0.9531,0.9441,0.9610
oracle,both,G3-drop,r9_kept_up_6_50,-0.0030,-0.0067,0.0010
oracle,both,G3-drop,r9_kept_up_101_200,-0.0077,-0.0103,-0.0049
oracle,both,G3-drop,r10_shown,2.9170,2.7290,3.1170
oracle,both,G3-drop,r2_ece,0.0067,0.0049,0.0089
oracle,both,G3-drop,r4b_3,0.2105,0.1980,0.2236
oracle,both,G3-drop,r4b_5,0.3783,0.3612,0.3959
oracle,both,G3-drop,r4b_10,0.4435,0.4255,0.4644
oracle,both,G3-drop,r4b_20,0.4520,0.4335,0.4720
oracle,both,G3-drop,r4b_50,0.4564,0.4357,0.4772
oracle,both,G3-drop,r9_kept_up_later_less_earlier,-0.0047,-0.0092,0.0002
oracle,both,G3-drop,r10_taken_back_5,0.1564,0.1224,0.1917
oracle,both,G3-drop,r10_taken_back_10,0.3348,0.2861,0.3845
oracle,both,G0-start0.5,r1_rms_5,0.0000,0.0000,0.0000
oracle,both,G0-start0.5,r1_mean_5,0.0000,0.0000,0.0000
oracle,both,G0-start0.5,r1_rms_10,0.0000,0.0000,0.0000
oracle,both,G0-start0.5,r1_mean_10,0.0000,0.0000,0.0000
oracle,both,G0-start0.5,r1_rms_20,0.0000,0.0000,0.0000
oracle,both,G0-start0.5,r1_mean_20,0.0000,0.0000,0.0000
oracle,both,G0-start0.5,r1_rms_50,0.0000,0.0000,0.0000
oracle,both,G0-start0.5,r1_mean_50,0.0000,0.0000,0.0000
oracle,both,G0-start0.5,r1_rms_100,0.0000,0.0000,0.0000
oracle,both,G0-start0.5,r1_mean_100,0.0000,0.0000,0.0000
oracle,both,G0-start0.5,r1_rms_200,0.0000,0.0000,0.0000
oracle,both,G0-start0.5,r1_mean_200,0.0000,0.0000,0.0000
oracle,both,G0-start0.5,r2_brier,0.1766,0.1756,0.1777
oracle,both,G0-start0.5,r2_bias,0.0086,0.0068,0.0104
oracle,both,G0-start0.5,r3_inside,0.6106,0.6080,0.6130
oracle,both,G0-start0.5,r3_below_0.5,0.0036,0.0033,0.0039
oracle,both,G0-start0.5,r3_above_0.95,0.0007,0.0006,0.0009
oracle,both,G0-start0.5,r4_false,0.0000,0.0000,0.0000
oracle,both,G0-start0.5,r4_false_0.70,0.0000,0.0000,0.0000
oracle,both,G0-start0.5,r4_below,0.6424,0.6304,0.6542
oracle,both,G0-start0.5,r4_false_at_task,0.0000,0.0000,0.0000
oracle,both,G0-start0.5,r4_declared,8.1070,7.7410,8.4620
oracle,both,G0-start0.5,r5_late_answers,4.3639,4.3311,4.3994
oracle,both,G0-start0.5,r5_never,0.2118,0.1949,0.2294
oracle,both,G0-start0.5,r6_lag,0.0000,0.0000,0.0000
oracle,both,G0-start0.5,r7_error_5,0.0000,0.0000,0.0000
oracle,both,G0-start0.5,r7_error_10,0.0000,0.0000,0.0000
oracle,both,G0-start0.5,r7_longest_wrong,1.5810,1.5320,1.6320
oracle,both,G0-start0.5,r7_hard_first,0.0027,0.0017,0.0038
oracle,both,G0-start0.5,r4b_chance_below_0.5,0.0078,0.0071,0.0086
oracle,both,G0-start0.5,r4b_chance_0.5_to_0.6,0.0705,0.0684,0.0728
oracle,both,G0-start0.5,r4b_chance_0.6_to_0.7,0.2556,0.2515,0.2599
oracle,both,G0-start0.5,r4b_chance_0.7_to_0.8,0.4277,0.4237,0.4318
oracle,both,G0-start0.5,r4b_chance_0.8_up,0.2384,0.2341,0.2426
oracle,both,G0-start0.5,r3_reachable,0.9770,0.9737,0.9799
oracle,both,G0-start0.5,r9_kept_up_6_50,-0.0083,-0.0120,-0.0043
oracle,both,G0-start0.5,r9_kept_up_101_200,-0.0092,-0.0116,-0.0066
oracle,both,G0-start0.5,r10_shown,3.0610,2.8960,3.2310
oracle,both,G0-start0.5,r2_ece,0.0086,0.0067,0.0104
oracle,both,G0-start0.5,r4b_3,0.2553,0.2422,0.2681
oracle,both,G0-start0.5,r4b_5,0.4347,0.4185,0.4509
oracle,both,G0-start0.5,r4b_10,0.4992,0.4814,0.5156
oracle,both,G0-start0.5,r4b_20,0.5136,0.4962,0.5309
oracle,both,G0-start0.5,r4b_50,0.5509,0.5232,0.5808
oracle,both,G0-start0.5,r9_kept_up_later_less_earlier,-0.0009,-0.0055,0.0037
oracle,both,G0-start0.5,r10_taken_back_5,0.1291,0.1007,0.1604
oracle,both,G0-start0.5,r10_taken_back_10,0.2947,0.2489,0.3407
oracle,both,G0-start2,r1_rms_5,0.0000,0.0000,0.0000
oracle,both,G0-start2,r1_mean_5,0.0000,0.0000,0.0000
oracle,both,G0-start2,r1_rms_10,0.0000,0.0000,0.0000
oracle,both,G0-start2,r1_mean_10,0.0000,0.0000,0.0000
oracle,both,G0-start2,r1_rms_20,0.0000,0.0000,0.0000
oracle,both,G0-start2,r1_mean_20,0.0000,0.0000,0.0000
oracle,both,G0-start2,r1_rms_50,0.0000,0.0000,0.0000
oracle,both,G0-start2,r1_mean_50,0.0000,0.0000,0.0000
oracle,both,G0-start2,r1_rms_100,0.0000,0.0000,0.0000
oracle,both,G0-start2,r1_mean_100,0.0000,0.0000,0.0000
oracle,both,G0-start2,r1_rms_200,0.0000,0.0000,0.0000
oracle,both,G0-start2,r1_mean_200,0.0000,0.0000,0.0000
oracle,both,G0-start2,r2_brier,0.1783,0.1769,0.1799
oracle,both,G0-start2,r2_bias,0.0070,0.0052,0.0088
oracle,both,G0-start2,r3_inside,0.5736,0.5650,0.5821
oracle,both,G0-start2,r3_below_0.5,0.0399,0.0305,0.0498
oracle,both,G0-start2,r3_above_0.95,0.0043,0.0018,0.0076
oracle,both,G0-start2,r4_false,0.0002,0.0000,0.0006
oracle,both,G0-start2,r4_false_0.70,0.0002,0.0000,0.0006
oracle,both,G0-start2,r4_below,0.5586,0.5356,0.5822
oracle,both,G0-start2,r4_false_at_task,0.0005,0.0000,0.0013
oracle,both,G0-start2,r4_declared,8.7250,8.3050,9.1310
oracle,both,G0-start2,r5_late_answers,4.7781,4.6419,4.9300
oracle,both,G0-start2,r5_never,0.2148,0.1968,0.2342
oracle,both,G0-start2,r6_lag,0.0000,0.0000,0.0000
oracle,both,G0-start2,r7_error_5,0.0000,0.0000,0.0000
oracle,both,G0-start2,r7_error_10,0.0000,0.0000,0.0000
oracle,both,G0-start2,r7_longest_wrong,1.8090,1.7440,1.8760
oracle,both,G0-start2,r7_hard_first,0.0402,0.0307,0.0510
oracle,both,G0-start2,r4b_chance_below_0.5,0.1140,0.0877,0.1420
oracle,both,G0-start2,r4b_chance_0.5_to_0.6,0.0846,0.0781,0.0912
oracle,both,G0-start2,r4b_chance_0.6_to_0.7,0.2283,0.2202,0.2359
oracle,both,G0-start2,r4b_chance_0.7_to_0.8,0.3669,0.3520,0.3820
oracle,both,G0-start2,r4b_chance_0.8_up,0.2062,0.1968,0.2160
oracle,both,G0-start2,r3_reachable,0.9198,0.9051,0.9336
oracle,both,G0-start2,r9_kept_up_6_50,-0.0079,-0.0120,-0.0040
oracle,both,G0-start2,r9_kept_up_101_200,-0.0066,-0.0092,-0.0040
oracle,both,G0-start2,r10_shown,3.9340,3.6400,4.2620
oracle,both,G0-start2,r2_ece,0.0075,0.0061,0.0096
oracle,both,G0-start2,r4b_3,0.2100,0.1970,0.2237
oracle,both,G0-start2,r4b_5,0.3809,0.3629,0.3995
oracle,both,G0-start2,r4b_10,0.4403,0.4206,0.4611
oracle,both,G0-start2,r4b_20,0.4624,0.4417,0.4831
oracle,both,G0-start2,r4b_50,0.4958,0.4707,0.5219
oracle,both,G0-start2,r9_kept_up_later_less_earlier,0.0013,-0.0033,0.0059
oracle,both,G0-start2,r10_taken_back_5,0.1409,0.1185,0.1632
oracle,both,G0-start2,r10_taken_back_10,0.2513,0.2149,0.2874
oracle,both,G0-topics0.3,r1_rms_5,0.0000,0.0000,0.0000
oracle,both,G0-topics0.3,r1_mean_5,0.0000,0.0000,0.0000
oracle,both,G0-topics0.3,r1_rms_10,0.0000,0.0000,0.0000
oracle,both,G0-topics0.3,r1_mean_10,0.0000,0.0000,0.0000
oracle,both,G0-topics0.3,r1_rms_20,0.0000,0.0000,0.0000
oracle,both,G0-topics0.3,r1_mean_20,0.0000,0.0000,0.0000
oracle,both,G0-topics0.3,r1_rms_50,0.0000,0.0000,0.0000
oracle,both,G0-topics0.3,r1_mean_50,0.0000,0.0000,0.0000
oracle,both,G0-topics0.3,r1_rms_100,0.0000,0.0000,0.0000
oracle,both,G0-topics0.3,r1_mean_100,0.0000,0.0000,0.0000
oracle,both,G0-topics0.3,r1_rms_200,0.0000,0.0000,0.0000
oracle,both,G0-topics0.3,r1_mean_200,0.0000,0.0000,0.0000
oracle,both,G0-topics0.3,r2_brier,0.1777,0.1765,0.1789
oracle,both,G0-topics0.3,r2_bias,0.0078,0.0060,0.0097
oracle,both,G0-topics0.3,r3_inside,0.6064,0.6024,0.6100
oracle,both,G0-topics0.3,r3_below_0.5,0.0056,0.0043,0.0073
oracle,both,G0-topics0.3,r3_above_0.95,0.0007,0.0006,0.0008
oracle,both,G0-topics0.3,r4_false,0.0000,0.0000,0.0000
oracle,both,G0-topics0.3,r4_false_0.70,0.0000,0.0000,0.0000
oracle,both,G0-topics0.3,r4_below,0.6526,0.6358,0.6707
oracle,both,G0-topics0.3,r4_false_at_task,0.0000,0.0000,0.0000
oracle,both,G0-topics0.3,r4_declared,8.3590,7.9610,8.7440
oracle,both,G0-topics0.3,r5_late_answers,4.5324,4.4417,4.6397
oracle,both,G0-topics0.3,r5_never,0.2756,0.2503,0.3011
oracle,both,G0-topics0.3,r6_lag,0.0000,0.0000,0.0000
oracle,both,G0-topics0.3,r7_error_5,0.0000,0.0000,0.0000
oracle,both,G0-topics0.3,r7_error_10,0.0000,0.0000,0.0000
oracle,both,G0-topics0.3,r7_longest_wrong,1.6320,1.5800,1.6890
oracle,both,G0-topics0.3,r7_hard_first,0.0068,0.0044,0.0092
oracle,both,G0-topics0.3,r4b_chance_below_0.5,0.0138,0.0100,0.0187
oracle,both,G0-topics0.3,r4b_chance_0.5_to_0.6,0.0792,0.0743,0.0848
oracle,both,G0-topics0.3,r4b_chance_0.6_to_0.7,0.2579,0.2540,0.2616
oracle,both,G0-topics0.3,r4b_chance_0.7_to_0.8,0.4193,0.4121,0.4257
oracle,both,G0-topics0.3,r4b_chance_0.8_up,0.2298,0.2241,0.2355
oracle,both,G0-topics0.3,r3_reachable,0.9682,0.9613,0.9746
oracle,both,G0-topics0.3,r9_kept_up_6_50,-0.0068,-0.0108,-0.0029
oracle,both,G0-topics0.3,r9_kept_up_101_200,-0.0091,-0.0116,-0.0065
oracle,both,G0-topics0.3,r10_shown,3.0140,2.8120,3.2260
oracle,both,G0-topics0.3,r2_ece,0.0081,0.0063,0.0100
oracle,both,G0-topics0.3,r4b_3,0.2301,0.2157,0.2450
oracle,both,G0-topics0.3,r4b_5,0.4112,0.3937,0.4285
oracle,both,G0-topics0.3,r4b_10,0.4834,0.4656,0.5015
oracle,both,G0-topics0.3,r4b_20,0.5071,0.4886,0.5263
oracle,both,G0-topics0.3,r4b_50,0.5282,0.5053,0.5518
oracle,both,G0-topics0.3,r9_kept_up_later_less_earlier,-0.0023,-0.0067,0.0024
oracle,both,G0-topics0.3,r10_taken_back_5,0.1611,0.1340,0.1874
oracle,both,G0-topics0.3,r10_taken_back_10,0.3113,0.2693,0.3505
oracle,both,G0-topics1,r1_rms_5,0.0000,0.0000,0.0000
oracle,both,G0-topics1,r1_mean_5,0.0000,0.0000,0.0000
oracle,both,G0-topics1,r1_rms_10,0.0000,0.0000,0.0000
oracle,both,G0-topics1,r1_mean_10,0.0000,0.0000,0.0000
oracle,both,G0-topics1,r1_rms_20,0.0000,0.0000,0.0000
oracle,both,G0-topics1,r1_mean_20,0.0000,0.0000,0.0000
oracle,both,G0-topics1,r1_rms_50,0.0000,0.0000,0.0000
oracle,both,G0-topics1,r1_mean_50,0.0000,0.0000,0.0000
oracle,both,G0-topics1,r1_rms_100,0.0000,0.0000,0.0000
oracle,both,G0-topics1,r1_mean_100,0.0000,0.0000,0.0000
oracle,both,G0-topics1,r1_rms_200,0.0000,0.0000,0.0000
oracle,both,G0-topics1,r1_mean_200,0.0000,0.0000,0.0000
oracle,both,G0-topics1,r2_brier,0.1775,0.1764,0.1786
oracle,both,G0-topics1,r2_bias,0.0090,0.0071,0.0107
oracle,both,G0-topics1,r3_inside,0.6100,0.6067,0.6131
oracle,both,G0-topics1,r3_below_0.5,0.0058,0.0038,0.0085
oracle,both,G0-topics1,r3_above_0.95,0.0008,0.0007,0.0010
oracle,both,G0-topics1,r4_false,0.0000,0.0000,0.0000
oracle,both,G0-topics1,r4_false_0.70,0.0000,0.0000,0.0000
oracle,both,G0-topics1,r4_below,0.6274,0.6116,0.6427
oracle,both,G0-topics1,r4_false_at_task,0.0000,0.0000,0.0000
oracle,both,G0-topics1,r4_declared,8.3230,7.9510,8.7030
oracle,both,G0-topics1,r5_late_answers,4.6269,4.5393,4.7303
oracle,both,G0-topics1,r5_never,0.2714,0.2573,0.2865
oracle,both,G0-topics1,r6_lag,0.0000,0.0000,0.0000
oracle,both,G0-topics1,r7_error_5,0.0000,0.0000,0.0000
oracle,both,G0-topics1,r7_error_10,0.0000,0.0000,0.0000
oracle,both,G0-topics1,r7_longest_wrong,1.6200,1.5660,1.6690
oracle,both,G0-topics1,r7_hard_first,0.0051,0.0029,0.0080
oracle,both,G0-topics1,r4b_chance_below_0.5,0.0142,0.0081,0.0230
oracle,both,G0-topics1,r4b_chance_0.5_to_0.6,0.0699,0.0678,0.0724
oracle,both,G0-topics1,r4b_chance_0.6_to_0.7,0.2521,0.2478,0.2562
oracle,both,G0-topics1,r4b_chance_0.7_to_0.8,0.4266,0.4207,0.4318
oracle,both,G0-topics1,r4b_chance_0.8_up,0.2372,0.2327,0.2418
oracle,both,G0-topics1,r3_reachable,0.9791,0.9745,0.9831
oracle,both,G0-topics1,r9_kept_up_6_50,-0.0106,-0.0146,-0.0065
oracle,both,G0-topics1,r9_kept_up_101_200,-0.0089,-0.0116,-0.0062
oracle,both,G0-topics1,r10_shown,3.1850,2.9900,3.3820
oracle,both,G0-topics1,r2_ece,0.0090,0.0072,0.0109
oracle,both,G0-topics1,r4b_3,0.2303,0.2191,0.2421
oracle,both,G0-topics1,r4b_5,0.4036,0.3883,0.4185
oracle,both,G0-topics1,r4b_10,0.4731,0.4581,0.4890
oracle,both,G0-topics1,r4b_20,0.4974,0.4815,0.5135
oracle,both,G0-topics1,r4b_50,0.5300,0.5088,0.5517
oracle,both,G0-topics1,r9_kept_up_later_less_earlier,0.0016,-0.0033,0.0068
oracle,both,G0-topics1,r10_taken_back_5,0.1657,0.1254,0.2043
oracle,both,G0-topics1,r10_taken_back_10,0.2680,0.2156,0.3173
