comparison,metric,first,second,difference,low,high
1,r1_rms_200,shrinking/both/G0,constant_slow/both/G0,0.0149,-0.0024,0.0329
1,r3_inside,shrinking/both/G0,constant_slow/both/G0,0.0033,-0.0034,0.0101
1,r4_false,shrinking/both/G0,constant_slow/both/G0,-0.0173,-0.0380,0.0026
2,r6_lag,shrinking/both/G2,constant_slow/both/G2,-0.3524,-0.3769,-0.3276
2,r3_inside,shrinking/both/G2,constant_slow/both/G2,-0.0664,-0.0723,-0.0602
1,r1_rms_200,shrinking/both/G0,uncertain_v0.1_s0.35_qt0_qd0_Lnone/both/G0,-0.0067,-0.0225,0.0080
1,r3_inside,shrinking/both/G0,uncertain_v0.1_s0.35_qt0_qd0_Lnone/both/G0,0.0117,0.0034,0.0199
1,r4_false,shrinking/both/G0,uncertain_v0.1_s0.35_qt0_qd0_Lnone/both/G0,0.0056,-0.0220,0.0330
2,r6_lag,shrinking/both/G2,uncertain_v0.1_s0.35_qt0_qd0_Lnone/both/G2,0.0977,0.0749,0.1222
2,r3_inside,shrinking/both/G2,uncertain_v0.1_s0.35_qt0_qd0_Lnone/both/G2,0.0142,0.0084,0.0201
1,r1_rms_200,shrinking/both/G0,uncertain_v0.1_s0.35_qt0_qd0_L0.42/both/G0,-0.0067,-0.0219,0.0097
1,r3_inside,shrinking/both/G0,uncertain_v0.1_s0.35_qt0_qd0_L0.42/both/G0,0.0117,0.0033,0.0202
1,r4_false,shrinking/both/G0,uncertain_v0.1_s0.35_qt0_qd0_L0.42/both/G0,0.0056,-0.0211,0.0331
2,r6_lag,shrinking/both/G2,uncertain_v0.1_s0.35_qt0_qd0_L0.42/both/G2,0.0977,0.0737,0.1205
2,r3_inside,shrinking/both/G2,uncertain_v0.1_s0.35_qt0_qd0_L0.42/both/G2,0.0142,0.0086,0.0200
1,r1_rms_200,shrinking/both/G0,uncertain_v0.1_s0.35_qt0_qd0_L0.3/both/G0,-0.0067,-0.0222,0.0094
1,r3_inside,shrinking/both/G0,uncertain_v0.1_s0.35_qt0_qd0_L0.3/both/G0,0.0117,0.0036,0.0200
1,r4_false,shrinking/both/G0,uncertain_v0.1_s0.35_qt0_qd0_L0.3/both/G0,0.0056,-0.0218,0.0322
2,r6_lag,shrinking/both/G2,uncertain_v0.1_s0.35_qt0_qd0_L0.3/both/G2,0.0977,0.0742,0.1216
2,r3_inside,shrinking/both/G2,uncertain_v0.1_s0.35_qt0_qd0_L0.3/both/G2,0.0142,0.0080,0.0201
1,r1_rms_200,shrinking/both/G0,uncertain_v0.1_s0.35_qt0_qd0.006_Lnone/both/G0,0.0017,-0.0119,0.0154
1,r3_inside,shrinking/both/G0,uncertain_v0.1_s0.35_qt0_qd0.006_Lnone/both/G0,0.0146,0.0070,0.0224
1,r4_false,shrinking/both/G0,uncertain_v0.1_s0.35_qt0_qd0.006_Lnone/both/G0,0.0110,-0.0151,0.0370
2,r6_lag,shrinking/both/G2,uncertain_v0.1_s0.35_qt0_qd0.006_Lnone/both/G2,0.0470,0.0228,0.0685
2,r3_inside,shrinking/both/G2,uncertain_v0.1_s0.35_qt0_qd0.006_Lnone/both/G2,0.0084,0.0026,0.0139
1,r1_rms_200,shrinking/both/G0,uncertain_v0.1_s0.35_qt0_qd0.006_L0.42/both/G0,0.0017,-0.0128,0.0164
1,r3_inside,shrinking/both/G0,uncertain_v0.1_s0.35_qt0_qd0.006_L0.42/both/G0,0.0146,0.0072,0.0222
1,r4_false,shrinking/both/G0,uncertain_v0.1_s0.35_qt0_qd0.006_L0.42/both/G0,0.0110,-0.0148,0.0366
2,r6_lag,shrinking/both/G2,uncertain_v0.1_s0.35_qt0_qd0.006_L0.42/both/G2,0.0470,0.0256,0.0690
2,r3_inside,shrinking/both/G2,uncertain_v0.1_s0.35_qt0_qd0.006_L0.42/both/G2,0.0084,0.0028,0.0139
1,r1_rms_200,shrinking/both/G0,uncertain_v0.1_s0.35_qt0_qd0.006_L0.3/both/G0,0.0017,-0.0127,0.0163
1,r3_inside,shrinking/both/G0,uncertain_v0.1_s0.35_qt0_qd0.006_L0.3/both/G0,0.0146,0.0069,0.0220
1,r4_false,shrinking/both/G0,uncertain_v0.1_s0.35_qt0_qd0.006_L0.3/both/G0,0.0110,-0.0147,0.0360
2,r6_lag,shrinking/both/G2,uncertain_v0.1_s0.35_qt0_qd0.006_L0.3/both/G2,0.0470,0.0255,0.0693
2,r3_inside,shrinking/both/G2,uncertain_v0.1_s0.35_qt0_qd0.006_L0.3/both/G2,0.0084,0.0024,0.0140
1,r1_rms_200,shrinking/both/G0,uncertain_v0.1_s0.35_qt0_qd0.03_Lnone/both/G0,-0.0197,-0.0342,-0.0057
1,r3_inside,shrinking/both/G0,uncertain_v0.1_s0.35_qt0_qd0.03_Lnone/both/G0,0.0208,0.0141,0.0272
1,r4_false,shrinking/both/G0,uncertain_v0.1_s0.35_qt0_qd0.03_Lnone/both/G0,-0.0045,-0.0253,0.0164
2,r6_lag,shrinking/both/G2,uncertain_v0.1_s0.35_qt0_qd0.03_Lnone/both/G2,-0.0595,-0.0797,-0.0401
2,r3_inside,shrinking/both/G2,uncertain_v0.1_s0.35_qt0_qd0.03_Lnone/both/G2,-0.0096,-0.0155,-0.0036
1,r1_rms_200,shrinking/both/G0,uncertain_v0.1_s0.35_qt0_qd0.03_L0.42/both/G0,-0.0197,-0.0339,-0.0057
1,r3_inside,shrinking/both/G0,uncertain_v0.1_s0.35_qt0_qd0.03_L0.42/both/G0,0.0208,0.0143,0.0273
1,r4_false,shrinking/both/G0,uncertain_v0.1_s0.35_qt0_qd0.03_L0.42/both/G0,-0.0045,-0.0250,0.0172
2,r6_lag,shrinking/both/G2,uncertain_v0.1_s0.35_qt0_qd0.03_L0.42/both/G2,-0.0595,-0.0806,-0.0395
2,r3_inside,shrinking/both/G2,uncertain_v0.1_s0.35_qt0_qd0.03_L0.42/both/G2,-0.0096,-0.0151,-0.0038
1,r1_rms_200,shrinking/both/G0,uncertain_v0.1_s0.35_qt0_qd0.03_L0.3/both/G0,-0.0186,-0.0312,-0.0059
1,r3_inside,shrinking/both/G0,uncertain_v0.1_s0.35_qt0_qd0.03_L0.3/both/G0,0.0145,0.0081,0.0209
1,r4_false,shrinking/both/G0,uncertain_v0.1_s0.35_qt0_qd0.03_L0.3/both/G0,-0.0030,-0.0240,0.0178
2,r6_lag,shrinking/both/G2,uncertain_v0.1_s0.35_qt0_qd0.03_L0.3/both/G2,-0.0744,-0.0938,-0.0544
2,r3_inside,shrinking/both/G2,uncertain_v0.1_s0.35_qt0_qd0.03_L0.3/both/G2,-0.0121,-0.0178,-0.0065
1,r1_rms_200,shrinking/both/G0,uncertain_v0.1_s0.35_qt0.003_qd0_Lnone/both/G0,-0.0004,-0.0211,0.0185
1,r3_inside,shrinking/both/G0,uncertain_v0.1_s0.35_qt0.003_qd0_Lnone/both/G0,0.0028,-0.0051,0.0109
1,r4_false,shrinking/both/G0,uncertain_v0.1_s0.35_qt0.003_qd0_Lnone/both/G0,0.0066,-0.0172,0.0316
2,r6_lag,shrinking/both/G2,uncertain_v0.1_s0.35_qt0.003_qd0_Lnone/both/G2,-0.4344,-0.4628,-0.4069
2,r3_inside,shrinking/both/G2,uncertain_v0.1_s0.35_qt0.003_qd0_Lnone/both/G2,-0.0789,-0.0853,-0.0725
1,r1_rms_200,shrinking/both/G0,uncertain_v0.1_s0.35_qt0.003_qd0_L0.42/both/G0,-0.0004,-0.0195,0.0191
1,r3_inside,shrinking/both/G0,uncertain_v0.1_s0.35_qt0.003_qd0_L0.42/both/G0,0.0028,-0.0051,0.0105
1,r4_false,shrinking/both/G0,uncertain_v0.1_s0.35_qt0.003_qd0_L0.42/both/G0,0.0066,-0.0170,0.0321
2,r6_lag,shrinking/both/G2,uncertain_v0.1_s0.35_qt0.003_qd0_L0.42/both/G2,-0.4344,-0.4620,-0.4053
2,r3_inside,shrinking/both/G2,uncertain_v0.1_s0.35_qt0.003_qd0_L0.42/both/G2,-0.0789,-0.0855,-0.0722
1,r1_rms_200,shrinking/both/G0,uncertain_v0.1_s0.35_qt0.003_qd0_L0.3/both/G0,-0.0004,-0.0186,0.0179
1,r3_inside,shrinking/both/G0,uncertain_v0.1_s0.35_qt0.003_qd0_L0.3/both/G0,0.0028,-0.0053,0.0110
1,r4_false,shrinking/both/G0,uncertain_v0.1_s0.35_qt0.003_qd0_L0.3/both/G0,0.0066,-0.0175,0.0327
2,r6_lag,shrinking/both/G2,uncertain_v0.1_s0.35_qt0.003_qd0_L0.3/both/G2,-0.4344,-0.4627,-0.4044
2,r3_inside,shrinking/both/G2,uncertain_v0.1_s0.35_qt0.003_qd0_L0.3/both/G2,-0.0789,-0.0856,-0.0723
1,r1_rms_200,shrinking/both/G0,uncertain_v0.1_s0.35_qt0.003_qd0.006_Lnone/both/G0,-0.0036,-0.0220,0.0155
1,r3_inside,shrinking/both/G0,uncertain_v0.1_s0.35_qt0.003_qd0.006_Lnone/both/G0,0.0045,-0.0028,0.0115
1,r4_false,shrinking/both/G0,uncertain_v0.1_s0.35_qt0.003_qd0.006_Lnone/both/G0,-0.0046,-0.0270,0.0183
2,r6_lag,shrinking/both/G2,uncertain_v0.1_s0.35_qt0.003_qd0.006_Lnone/both/G2,-0.4636,-0.4915,-0.4335
2,r3_inside,shrinking/both/G2,uncertain_v0.1_s0.35_qt0.003_qd0.006_Lnone/both/G2,-0.0839,-0.0909,-0.0770
1,r1_rms_200,shrinking/both/G0,uncertain_v0.1_s0.35_qt0.003_qd0.006_L0.42/both/G0,-0.0036,-0.0225,0.0161
1,r3_inside,shrinking/both/G0,uncertain_v0.1_s0.35_qt0.003_qd0.006_L0.42/both/G0,0.0045,-0.0029,0.0120
1,r4_false,shrinking/both/G0,uncertain_v0.1_s0.35_qt0.003_qd0.006_L0.42/both/G0,-0.0046,-0.0269,0.0172
2,r6_lag,shrinking/both/G2,uncertain_v0.1_s0.35_qt0.003_qd0.006_L0.42/both/G2,-0.4636,-0.4952,-0.4345
2,r3_inside,shrinking/both/G2,uncertain_v0.1_s0.35_qt0.003_qd0.006_L0.42/both/G2,-0.0839,-0.0906,-0.0773
1,r1_rms_200,shrinking/both/G0,uncertain_v0.1_s0.35_qt0.003_qd0.006_L0.3/both/G0,-0.0036,-0.0234,0.0155
1,r3_inside,shrinking/both/G0,uncertain_v0.1_s0.35_qt0.003_qd0.006_L0.3/both/G0,0.0045,-0.0029,0.0118
1,r4_false,shrinking/both/G0,uncertain_v0.1_s0.35_qt0.003_qd0.006_L0.3/both/G0,-0.0046,-0.0263,0.0175
2,r6_lag,shrinking/both/G2,uncertain_v0.1_s0.35_qt0.003_qd0.006_L0.3/both/G2,-0.4636,-0.4939,-0.4344
2,r3_inside,shrinking/both/G2,uncertain_v0.1_s0.35_qt0.003_qd0.006_L0.3/both/G2,-0.0839,-0.0908,-0.0771
1,r1_rms_200,shrinking/both/G0,uncertain_v0.1_s0.35_qt0.003_qd0.03_Lnone/both/G0,-0.0444,-0.0653,-0.0233
1,r3_inside,shrinking/both/G0,uncertain_v0.1_s0.35_qt0.003_qd0.03_Lnone/both/G0,0.0122,0.0052,0.0189
1,r4_false,shrinking/both/G0,uncertain_v0.1_s0.35_qt0.003_qd0.03_Lnone/both/G0,-0.0206,-0.0422,0.0012
2,r6_lag,shrinking/both/G2,uncertain_v0.1_s0.35_qt0.003_qd0.03_Lnone/both/G2,-0.4779,-0.5089,-0.4460
2,r3_inside,shrinking/both/G2,uncertain_v0.1_s0.35_qt0.003_qd0.03_Lnone/both/G2,-0.0885,-0.0951,-0.0815
1,r1_rms_200,shrinking/both/G0,uncertain_v0.1_s0.35_qt0.003_qd0.03_L0.42/both/G0,-0.0500,-0.0711,-0.0292
1,r3_inside,shrinking/both/G0,uncertain_v0.1_s0.35_qt0.003_qd0.03_L0.42/both/G0,0.0106,0.0040,0.0175
1,r4_false,shrinking/both/G0,uncertain_v0.1_s0.35_qt0.003_qd0.03_L0.42/both/G0,-0.0193,-0.0403,0.0017
2,r6_lag,shrinking/both/G2,uncertain_v0.1_s0.35_qt0.003_qd0.03_L0.42/both/G2,-0.4849,-0.5160,-0.4554
2,r3_inside,shrinking/both/G2,uncertain_v0.1_s0.35_qt0.003_qd0.03_L0.42/both/G2,-0.0893,-0.0962,-0.0827
1,r1_rms_200,shrinking/both/G0,uncertain_v0.1_s0.35_qt0.003_qd0.03_L0.3/both/G0,-0.0602,-0.0841,-0.0363
1,r3_inside,shrinking/both/G0,uncertain_v0.1_s0.35_qt0.003_qd0.03_L0.3/both/G0,0.0075,-0.0004,0.0147
1,r4_false,shrinking/both/G0,uncertain_v0.1_s0.35_qt0.003_qd0.03_L0.3/both/G0,-0.0353,-0.0574,-0.0138
2,r6_lag,shrinking/both/G2,uncertain_v0.1_s0.35_qt0.003_qd0.03_L0.3/both/G2,-0.6057,-0.6353,-0.5769
2,r3_inside,shrinking/both/G2,uncertain_v0.1_s0.35_qt0.003_qd0.03_L0.3/both/G2,-0.1122,-0.1188,-0.1049
1,r1_rms_200,shrinking/both/G0,uncertain_v0.1_s0.35_qt0.01_qd0_Lnone/both/G0,-0.0588,-0.0822,-0.0361
1,r3_inside,shrinking/both/G0,uncertain_v0.1_s0.35_qt0.01_qd0_Lnone/both/G0,0.0117,0.0032,0.0199
1,r4_false,shrinking/both/G0,uncertain_v0.1_s0.35_qt0.01_qd0_Lnone/both/G0,-0.0133,-0.0374,0.0120
2,r6_lag,shrinking/both/G2,uncertain_v0.1_s0.35_qt0.01_qd0_Lnone/both/G2,-0.6969,-0.7414,-0.6532
2,r3_inside,shrinking/both/G2,uncertain_v0.1_s0.35_qt0.01_qd0_Lnone/both/G2,-0.1232,-0.1325,-0.1144
1,r1_rms_200,shrinking/both/G0,uncertain_v0.1_s0.35_qt0.01_qd0_L0.42/both/G0,-0.0588,-0.0825,-0.0371
1,r3_inside,shrinking/both/G0,uncertain_v0.1_s0.35_qt0.01_qd0_L0.42/both/G0,0.0117,0.0035,0.0197
1,r4_false,shrinking/both/G0,uncertain_v0.1_s0.35_qt0.01_qd0_L0.42/both/G0,-0.0133,-0.0392,0.0123
2,r6_lag,shrinking/both/G2,uncertain_v0.1_s0.35_qt0.01_qd0_L0.42/both/G2,-0.6969,-0.7396,-0.6543
2,r3_inside,shrinking/both/G2,uncertain_v0.1_s0.35_qt0.01_qd0_L0.42/both/G2,-0.1232,-0.1325,-0.1142
1,r1_rms_200,shrinking/both/G0,uncertain_v0.1_s0.35_qt0.01_qd0_L0.3/both/G0,-0.0588,-0.0820,-0.0353
1,r3_inside,shrinking/both/G0,uncertain_v0.1_s0.35_qt0.01_qd0_L0.3/both/G0,0.0117,0.0030,0.0195
1,r4_false,shrinking/both/G0,uncertain_v0.1_s0.35_qt0.01_qd0_L0.3/both/G0,-0.0133,-0.0373,0.0118
2,r6_lag,shrinking/both/G2,uncertain_v0.1_s0.35_qt0.01_qd0_L0.3/both/G2,-0.6969,-0.7420,-0.6527
2,r3_inside,shrinking/both/G2,uncertain_v0.1_s0.35_qt0.01_qd0_L0.3/both/G2,-0.1232,-0.1322,-0.1143
1,r1_rms_200,shrinking/both/G0,uncertain_v0.1_s0.35_qt0.01_qd0.006_Lnone/both/G0,-0.0560,-0.0803,-0.0330
1,r3_inside,shrinking/both/G0,uncertain_v0.1_s0.35_qt0.01_qd0.006_Lnone/both/G0,0.0108,0.0031,0.0184
1,r4_false,shrinking/both/G0,uncertain_v0.1_s0.35_qt0.01_qd0.006_Lnone/both/G0,-0.0275,-0.0521,-0.0040
2,r6_lag,shrinking/both/G2,uncertain_v0.1_s0.35_qt0.01_qd0.006_Lnone/both/G2,-0.6978,-0.7395,-0.6570
2,r3_inside,shrinking/both/G2,uncertain_v0.1_s0.35_qt0.01_qd0.006_Lnone/both/G2,-0.1260,-0.1355,-0.1171
1,r1_rms_200,shrinking/both/G0,uncertain_v0.1_s0.35_qt0.01_qd0.006_L0.42/both/G0,-0.0560,-0.0795,-0.0331
1,r3_inside,shrinking/both/G0,uncertain_v0.1_s0.35_qt0.01_qd0.006_L0.42/both/G0,0.0108,0.0028,0.0187
1,r4_false,shrinking/both/G0,uncertain_v0.1_s0.35_qt0.01_qd0.006_L0.42/both/G0,-0.0275,-0.0512,-0.0042
2,r6_lag,shrinking/both/G2,uncertain_v0.1_s0.35_qt0.01_qd0.006_L0.42/both/G2,-0.6978,-0.7394,-0.6562
2,r3_inside,shrinking/both/G2,uncertain_v0.1_s0.35_qt0.01_qd0.006_L0.42/both/G2,-0.1260,-0.1357,-0.1170
1,r1_rms_200,shrinking/both/G0,uncertain_v0.1_s0.35_qt0.01_qd0.006_L0.3/both/G0,-0.0445,-0.0681,-0.0205
1,r3_inside,shrinking/both/G0,uncertain_v0.1_s0.35_qt0.01_qd0.006_L0.3/both/G0,0.0104,0.0030,0.0184
1,r4_false,shrinking/both/G0,uncertain_v0.1_s0.35_qt0.01_qd0.006_L0.3/both/G0,-0.0161,-0.0399,0.0068
2,r6_lag,shrinking/both/G2,uncertain_v0.1_s0.35_qt0.01_qd0.006_L0.3/both/G2,-0.7192,-0.7612,-0.6768
2,r3_inside,shrinking/both/G2,uncertain_v0.1_s0.35_qt0.01_qd0.006_L0.3/both/G2,-0.1293,-0.1389,-0.1194
1,r1_rms_200,shrinking/both/G0,uncertain_v0.1_s0.35_qt0.01_qd0.03_Lnone/both/G0,-0.0943,-0.1207,-0.0698
1,r3_inside,shrinking/both/G0,uncertain_v0.1_s0.35_qt0.01_qd0.03_Lnone/both/G0,0.0197,0.0120,0.0276
1,r4_false,shrinking/both/G0,uncertain_v0.1_s0.35_qt0.01_qd0.03_Lnone/both/G0,-0.0377,-0.0605,-0.0159
2,r6_lag,shrinking/both/G2,uncertain_v0.1_s0.35_qt0.01_qd0.03_Lnone/both/G2,-0.6805,-0.7215,-0.6396
2,r3_inside,shrinking/both/G2,uncertain_v0.1_s0.35_qt0.01_qd0.03_Lnone/both/G2,-0.1231,-0.1331,-0.1141
1,r1_rms_200,shrinking/both/G0,uncertain_v0.1_s0.35_qt0.01_qd0.03_L0.42/both/G0,-0.0847,-0.1104,-0.0577
1,r3_inside,shrinking/both/G0,uncertain_v0.1_s0.35_qt0.01_qd0.03_L0.42/both/G0,0.0170,0.0096,0.0247
1,r4_false,shrinking/both/G0,uncertain_v0.1_s0.35_qt0.01_qd0.03_L0.42/both/G0,-0.0407,-0.0624,-0.0171
2,r6_lag,shrinking/both/G2,uncertain_v0.1_s0.35_qt0.01_qd0.03_L0.42/both/G2,-0.7583,-0.7987,-0.7171
2,r3_inside,shrinking/both/G2,uncertain_v0.1_s0.35_qt0.01_qd0.03_L0.42/both/G2,-0.1337,-0.1427,-0.1250
1,r1_rms_200,shrinking/both/G0,uncertain_v0.1_s0.35_qt0.01_qd0.03_L0.3/both/G0,-0.1890,-0.2211,-0.1561
1,r3_inside,shrinking/both/G0,uncertain_v0.1_s0.35_qt0.01_qd0.03_L0.3/both/G0,0.0305,0.0213,0.0395
1,r4_false,shrinking/both/G0,uncertain_v0.1_s0.35_qt0.01_qd0.03_L0.3/both/G0,-0.0664,-0.0895,-0.0412
2,r6_lag,shrinking/both/G2,uncertain_v0.1_s0.35_qt0.01_qd0.03_L0.3/both/G2,-1.0501,-1.0893,-1.0117
2,r3_inside,shrinking/both/G2,uncertain_v0.1_s0.35_qt0.01_qd0.03_L0.3/both/G2,-0.1634,-0.1738,-0.1535
1,r1_rms_200,shrinking/both/G0,uncertain_v0.1_s0.5_qt0_qd0_Lnone/both/G0,0.0081,-0.0051,0.0214
1,r3_inside,shrinking/both/G0,uncertain_v0.1_s0.5_qt0_qd0_Lnone/both/G0,0.0062,-0.0006,0.0134
1,r4_false,shrinking/both/G0,uncertain_v0.1_s0.5_qt0_qd0_Lnone/both/G0,0.0195,0.0007,0.0402
2,r6_lag,shrinking/both/G2,uncertain_v0.1_s0.5_qt0_qd0_Lnone/both/G2,0.0519,0.0325,0.0711
2,r3_inside,shrinking/both/G2,uncertain_v0.1_s0.5_qt0_qd0_Lnone/both/G2,0.0119,0.0063,0.0169
1,r1_rms_200,shrinking/both/G0,uncertain_v0.1_s0.5_qt0_qd0_L0.42/both/G0,0.0081,-0.0050,0.0207
1,r3_inside,shrinking/both/G0,uncertain_v0.1_s0.5_qt0_qd0_L0.42/both/G0,0.0062,-0.0009,0.0134
1,r4_false,shrinking/both/G0,uncertain_v0.1_s0.5_qt0_qd0_L0.42/both/G0,0.0195,-0.0011,0.0389
2,r6_lag,shrinking/both/G2,uncertain_v0.1_s0.5_qt0_qd0_L0.42/both/G2,0.0519,0.0333,0.0719
2,r3_inside,shrinking/both/G2,uncertain_v0.1_s0.5_qt0_qd0_L0.42/both/G2,0.0119,0.0065,0.0175
1,r1_rms_200,shrinking/both/G0,uncertain_v0.1_s0.5_qt0_qd0_L0.3/both/G0,0.0081,-0.0054,0.0209
1,r3_inside,shrinking/both/G0,uncertain_v0.1_s0.5_qt0_qd0_L0.3/both/G0,0.0062,-0.0012,0.0131
1,r4_false,shrinking/both/G0,uncertain_v0.1_s0.5_qt0_qd0_L0.3/both/G0,0.0195,-0.0002,0.0394
2,r6_lag,shrinking/both/G2,uncertain_v0.1_s0.5_qt0_qd0_L0.3/both/G2,0.0519,0.0327,0.0718
2,r3_inside,shrinking/both/G2,uncertain_v0.1_s0.5_qt0_qd0_L0.3/both/G2,0.0119,0.0063,0.0174
1,r1_rms_200,shrinking/both/G0,uncertain_v0.1_s0.5_qt0_qd0.006_Lnone/both/G0,0.0039,-0.0102,0.0177
1,r3_inside,shrinking/both/G0,uncertain_v0.1_s0.5_qt0_qd0.006_Lnone/both/G0,0.0099,0.0022,0.0176
1,r4_false,shrinking/both/G0,uncertain_v0.1_s0.5_qt0_qd0.006_Lnone/both/G0,0.0071,-0.0121,0.0272
2,r6_lag,shrinking/both/G2,uncertain_v0.1_s0.5_qt0_qd0.006_Lnone/both/G2,0.0078,-0.0110,0.0266
2,r3_inside,shrinking/both/G2,uncertain_v0.1_s0.5_qt0_qd0.006_Lnone/both/G2,0.0040,-0.0014,0.0090
1,r1_rms_200,shrinking/both/G0,uncertain_v0.1_s0.5_qt0_qd0.006_L0.42/both/G0,0.0039,-0.0092,0.0181
1,r3_inside,shrinking/both/G0,uncertain_v0.1_s0.5_qt0_qd0.006_L0.42/both/G0,0.0099,0.0024,0.0175
1,r4_false,shrinking/both/G0,uncertain_v0.1_s0.5_qt0_qd0.006_L0.42/both/G0,0.0071,-0.0135,0.0276
2,r6_lag,shrinking/both/G2,uncertain_v0.1_s0.5_qt0_qd0.006_L0.42/both/G2,0.0078,-0.0113,0.0249
2,r3_inside,shrinking/both/G2,uncertain_v0.1_s0.5_qt0_qd0.006_L0.42/both/G2,0.0040,-0.0012,0.0090
1,r1_rms_200,shrinking/both/G0,uncertain_v0.1_s0.5_qt0_qd0.006_L0.3/both/G0,0.0039,-0.0106,0.0178
1,r3_inside,shrinking/both/G0,uncertain_v0.1_s0.5_qt0_qd0.006_L0.3/both/G0,0.0099,0.0022,0.0173
1,r4_false,shrinking/both/G0,uncertain_v0.1_s0.5_qt0_qd0.006_L0.3/both/G0,0.0071,-0.0133,0.0269
2,r6_lag,shrinking/both/G2,uncertain_v0.1_s0.5_qt0_qd0.006_L0.3/both/G2,0.0078,-0.0110,0.0273
2,r3_inside,shrinking/both/G2,uncertain_v0.1_s0.5_qt0_qd0.006_L0.3/both/G2,0.0040,-0.0009,0.0089
1,r1_rms_200,shrinking/both/G0,uncertain_v0.1_s0.5_qt0_qd0.03_Lnone/both/G0,-0.0390,-0.0548,-0.0245
1,r3_inside,shrinking/both/G0,uncertain_v0.1_s0.5_qt0_qd0.03_Lnone/both/G0,0.0196,0.0128,0.0265
1,r4_false,shrinking/both/G0,uncertain_v0.1_s0.5_qt0_qd0.03_Lnone/both/G0,-0.0110,-0.0300,0.0083
2,r6_lag,shrinking/both/G2,uncertain_v0.1_s0.5_qt0_qd0.03_Lnone/both/G2,-0.0858,-0.1039,-0.0671
2,r3_inside,shrinking/both/G2,uncertain_v0.1_s0.5_qt0_qd0.03_Lnone/both/G2,-0.0126,-0.0177,-0.0078
1,r1_rms_200,shrinking/both/G0,uncertain_v0.1_s0.5_qt0_qd0.03_L0.42/both/G0,-0.0390,-0.0549,-0.0225
1,r3_inside,shrinking/both/G0,uncertain_v0.1_s0.5_qt0_qd0.03_L0.42/both/G0,0.0196,0.0131,0.0266
1,r4_false,shrinking/both/G0,uncertain_v0.1_s0.5_qt0_qd0.03_L0.42/both/G0,-0.0110,-0.0297,0.0082
2,r6_lag,shrinking/both/G2,uncertain_v0.1_s0.5_qt0_qd0.03_L0.42/both/G2,-0.0858,-0.1045,-0.0675
2,r3_inside,shrinking/both/G2,uncertain_v0.1_s0.5_qt0_qd0.03_L0.42/both/G2,-0.0126,-0.0178,-0.0077
1,r1_rms_200,shrinking/both/G0,uncertain_v0.1_s0.5_qt0_qd0.03_L0.3/both/G0,-0.0276,-0.0415,-0.0132
1,r3_inside,shrinking/both/G0,uncertain_v0.1_s0.5_qt0_qd0.03_L0.3/both/G0,0.0150,0.0080,0.0219
1,r4_false,shrinking/both/G0,uncertain_v0.1_s0.5_qt0_qd0.03_L0.3/both/G0,-0.0177,-0.0359,0.0006
2,r6_lag,shrinking/both/G2,uncertain_v0.1_s0.5_qt0_qd0.03_L0.3/both/G2,-0.1178,-0.1362,-0.1002
2,r3_inside,shrinking/both/G2,uncertain_v0.1_s0.5_qt0_qd0.03_L0.3/both/G2,-0.0190,-0.0245,-0.0137
1,r1_rms_200,shrinking/both/G0,uncertain_v0.1_s0.5_qt0.003_qd0_Lnone/both/G0,0.0011,-0.0187,0.0209
1,r3_inside,shrinking/both/G0,uncertain_v0.1_s0.5_qt0.003_qd0_Lnone/both/G0,-0.0002,-0.0073,0.0070
1,r4_false,shrinking/both/G0,uncertain_v0.1_s0.5_qt0.003_qd0_Lnone/both/G0,-0.0165,-0.0366,0.0039
2,r6_lag,shrinking/both/G2,uncertain_v0.1_s0.5_qt0.003_qd0_Lnone/both/G2,-0.4737,-0.5028,-0.4438
2,r3_inside,shrinking/both/G2,uncertain_v0.1_s0.5_qt0.003_qd0_Lnone/both/G2,-0.0874,-0.0938,-0.0804
1,r1_rms_200,shrinking/both/G0,uncertain_v0.1_s0.5_qt0.003_qd0_L0.42/both/G0,0.0011,-0.0180,0.0195
1,r3_inside,shrinking/both/G0,uncertain_v0.1_s0.5_qt0.003_qd0_L0.42/both/G0,-0.0002,-0.0074,0.0070
1,r4_false,shrinking/both/G0,uncertain_v0.1_s0.5_qt0.003_qd0_L0.42/both/G0,-0.0165,-0.0370,0.0036
2,r6_lag,shrinking/both/G2,uncertain_v0.1_s0.5_qt0.003_qd0_L0.42/both/G2,-0.4737,-0.5036,-0.4440
2,r3_inside,shrinking/both/G2,uncertain_v0.1_s0.5_qt0.003_qd0_L0.42/both/G2,-0.0874,-0.0943,-0.0804
1,r1_rms_200,shrinking/both/G0,uncertain_v0.1_s0.5_qt0.003_qd0_L0.3/both/G0,0.0011,-0.0186,0.0207
1,r3_inside,shrinking/both/G0,uncertain_v0.1_s0.5_qt0.003_qd0_L0.3/both/G0,-0.0002,-0.0075,0.0072
1,r4_false,shrinking/both/G0,uncertain_v0.1_s0.5_qt0.003_qd0_L0.3/both/G0,-0.0165,-0.0374,0.0038
2,r6_lag,shrinking/both/G2,uncertain_v0.1_s0.5_qt0.003_qd0_L0.3/both/G2,-0.4737,-0.5029,-0.4454
2,r3_inside,shrinking/both/G2,uncertain_v0.1_s0.5_qt0.003_qd0_L0.3/both/G2,-0.0874,-0.0946,-0.0802
1,r1_rms_200,shrinking/both/G0,uncertain_v0.1_s0.5_qt0.003_qd0.006_Lnone/both/G0,-0.0091,-0.0282,0.0093
1,r3_inside,shrinking/both/G0,uncertain_v0.1_s0.5_qt0.003_qd0.006_Lnone/both/G0,0.0032,-0.0037,0.0099
1,r4_false,shrinking/both/G0,uncertain_v0.1_s0.5_qt0.003_qd0.006_Lnone/both/G0,-0.0207,-0.0400,-0.0004
2,r6_lag,shrinking/both/G2,uncertain_v0.1_s0.5_qt0.003_qd0.006_Lnone/both/G2,-0.4674,-0.4967,-0.4400
2,r3_inside,shrinking/both/G2,uncertain_v0.1_s0.5_qt0.003_qd0.006_Lnone/both/G2,-0.0882,-0.0952,-0.0812
1,r1_rms_200,shrinking/both/G0,uncertain_v0.1_s0.5_qt0.003_qd0.006_L0.42/both/G0,-0.0091,-0.0270,0.0091
1,r3_inside,shrinking/both/G0,uncertain_v0.1_s0.5_qt0.003_qd0.006_L0.42/both/G0,0.0032,-0.0037,0.0099
1,r4_false,shrinking/both/G0,uncertain_v0.1_s0.5_qt0.003_qd0.006_L0.42/both/G0,-0.0207,-0.0394,-0.0010
2,r6_lag,shrinking/both/G2,uncertain_v0.1_s0.5_qt0.003_qd0.006_L0.42/both/G2,-0.4674,-0.4977,-0.4376
2,r3_inside,shrinking/both/G2,uncertain_v0.1_s0.5_qt0.003_qd0.006_L0.42/both/G2,-0.0882,-0.0950,-0.0813
1,r1_rms_200,shrinking/both/G0,uncertain_v0.1_s0.5_qt0.003_qd0.006_L0.3/both/G0,-0.0091,-0.0272,0.0090
1,r3_inside,shrinking/both/G0,uncertain_v0.1_s0.5_qt0.003_qd0.006_L0.3/both/G0,0.0032,-0.0039,0.0100
1,r4_false,shrinking/both/G0,uncertain_v0.1_s0.5_qt0.003_qd0.006_L0.3/both/G0,-0.0207,-0.0411,-0.0017
2,r6_lag,shrinking/both/G2,uncertain_v0.1_s0.5_qt0.003_qd0.006_L0.3/both/G2,-0.4675,-0.4965,-0.4375
2,r3_inside,shrinking/both/G2,uncertain_v0.1_s0.5_qt0.003_qd0.006_L0.3/both/G2,-0.0883,-0.0951,-0.0811
1,r1_rms_200,shrinking/both/G0,uncertain_v0.1_s0.5_qt0.003_qd0.03_Lnone/both/G0,-0.0708,-0.0919,-0.0490
1,r3_inside,shrinking/both/G0,uncertain_v0.1_s0.5_qt0.003_qd0.03_Lnone/both/G0,0.0126,0.0051,0.0200
1,r4_false,shrinking/both/G0,uncertain_v0.1_s0.5_qt0.003_qd0.03_Lnone/both/G0,-0.0229,-0.0410,-0.0023
2,r6_lag,shrinking/both/G2,uncertain_v0.1_s0.5_qt0.003_qd0.03_Lnone/both/G2,-0.4991,-0.5320,-0.4658
2,r3_inside,shrinking/both/G2,uncertain_v0.1_s0.5_qt0.003_qd0.03_Lnone/both/G2,-0.0931,-0.1005,-0.0852
1,r1_rms_200,shrinking/both/G0,uncertain_v0.1_s0.5_qt0.003_qd0.03_L0.42/both/G0,-0.0618,-0.0818,-0.0418
1,r3_inside,shrinking/both/G0,uncertain_v0.1_s0.5_qt0.003_qd0.03_L0.42/both/G0,0.0139,0.0064,0.0213
1,r4_false,shrinking/both/G0,uncertain_v0.1_s0.5_qt0.003_qd0.03_L0.42/both/G0,-0.0218,-0.0428,-0.0004
2,r6_lag,shrinking/both/G2,uncertain_v0.1_s0.5_qt0.003_qd0.03_L0.42/both/G2,-0.4982,-0.5320,-0.4652
2,r3_inside,shrinking/both/G2,uncertain_v0.1_s0.5_qt0.003_qd0.03_L0.42/both/G2,-0.0925,-0.0999,-0.0844
1,r1_rms_200,shrinking/both/G0,uncertain_v0.1_s0.5_qt0.003_qd0.03_L0.3/both/G0,-0.0761,-0.1009,-0.0512
1,r3_inside,shrinking/both/G0,uncertain_v0.1_s0.5_qt0.003_qd0.03_L0.3/both/G0,0.0092,0.0017,0.0169
1,r4_false,shrinking/both/G0,uncertain_v0.1_s0.5_qt0.003_qd0.03_L0.3/both/G0,-0.0526,-0.0727,-0.0315
2,r6_lag,shrinking/both/G2,uncertain_v0.1_s0.5_qt0.003_qd0.03_L0.3/both/G2,-0.7040,-0.7346,-0.6711
2,r3_inside,shrinking/both/G2,uncertain_v0.1_s0.5_qt0.003_qd0.03_L0.3/both/G2,-0.1276,-0.1353,-0.1195
1,r1_rms_200,shrinking/both/G0,uncertain_v0.1_s0.5_qt0.01_qd0_Lnone/both/G0,-0.0353,-0.0573,-0.0135
1,r3_inside,shrinking/both/G0,uncertain_v0.1_s0.5_qt0.01_qd0_Lnone/both/G0,0.0106,0.0022,0.0181
1,r4_false,shrinking/both/G0,uncertain_v0.1_s0.5_qt0.01_qd0_Lnone/both/G0,-0.0355,-0.0568,-0.0144
2,r6_lag,shrinking/both/G2,uncertain_v0.1_s0.5_qt0.01_qd0_Lnone/both/G2,-0.6922,-0.7331,-0.6539
2,r3_inside,shrinking/both/G2,uncertain_v0.1_s0.5_qt0.01_qd0_Lnone/both/G2,-0.1278,-0.1366,-0.1190
1,r1_rms_200,shrinking/both/G0,uncertain_v0.1_s0.5_qt0.01_qd0_L0.42/both/G0,-0.0353,-0.0567,-0.0141
1,r3_inside,shrinking/both/G0,uncertain_v0.1_s0.5_qt0.01_qd0_L0.42/both/G0,0.0106,0.0025,0.0185
1,r4_false,shrinking/both/G0,uncertain_v0.1_s0.5_qt0.01_qd0_L0.42/both/G0,-0.0355,-0.0570,-0.0150
2,r6_lag,shrinking/both/G2,uncertain_v0.1_s0.5_qt0.01_qd0_L0.42/both/G2,-0.6922,-0.7298,-0.6520
2,r3_inside,shrinking/both/G2,uncertain_v0.1_s0.5_qt0.01_qd0_L0.42/both/G2,-0.1278,-0.1359,-0.1190
1,r1_rms_200,shrinking/both/G0,uncertain_v0.1_s0.5_qt0.01_qd0_L0.3/both/G0,-0.0497,-0.0721,-0.0252
1,r3_inside,shrinking/both/G0,uncertain_v0.1_s0.5_qt0.01_qd0_L0.3/both/G0,0.0085,0.0004,0.0165
1,r4_false,shrinking/both/G0,uncertain_v0.1_s0.5_qt0.01_qd0_L0.3/both/G0,-0.0396,-0.0627,-0.0173
2,r6_lag,shrinking/both/G2,uncertain_v0.1_s0.5_qt0.01_qd0_L0.3/both/G2,-0.7733,-0.8159,-0.7304
2,r3_inside,shrinking/both/G2,uncertain_v0.1_s0.5_qt0.01_qd0_L0.3/both/G2,-0.1415,-0.1507,-0.1322
1,r1_rms_200,shrinking/both/G0,uncertain_v0.1_s0.5_qt0.01_qd0.006_Lnone/both/G0,-0.0554,-0.0790,-0.0325
1,r3_inside,shrinking/both/G0,uncertain_v0.1_s0.5_qt0.01_qd0.006_Lnone/both/G0,0.0102,0.0024,0.0179
1,r4_false,shrinking/both/G0,uncertain_v0.1_s0.5_qt0.01_qd0.006_Lnone/both/G0,-0.0384,-0.0597,-0.0190
2,r6_lag,shrinking/both/G2,uncertain_v0.1_s0.5_qt0.01_qd0.006_Lnone/both/G2,-0.6932,-0.7320,-0.6530
2,r3_inside,shrinking/both/G2,uncertain_v0.1_s0.5_qt0.01_qd0.006_Lnone/both/G2,-0.1289,-0.1381,-0.1196
1,r1_rms_200,shrinking/both/G0,uncertain_v0.1_s0.5_qt0.01_qd0.006_L0.42/both/G0,-0.0554,-0.0810,-0.0333
1,r3_inside,shrinking/both/G0,uncertain_v0.1_s0.5_qt0.01_qd0.006_L0.42/both/G0,0.0102,0.0022,0.0180
1,r4_false,shrinking/both/G0,uncertain_v0.1_s0.5_qt0.01_qd0.006_L0.42/both/G0,-0.0384,-0.0585,-0.0169
2,r6_lag,shrinking/both/G2,uncertain_v0.1_s0.5_qt0.01_qd0.006_L0.42/both/G2,-0.6932,-0.7342,-0.6516
2,r3_inside,shrinking/both/G2,uncertain_v0.1_s0.5_qt0.01_qd0.006_L0.42/both/G2,-0.1289,-0.1385,-0.1199
1,r1_rms_200,shrinking/both/G0,uncertain_v0.1_s0.5_qt0.01_qd0.006_L0.3/both/G0,-0.0512,-0.0759,-0.0272
1,r3_inside,shrinking/both/G0,uncertain_v0.1_s0.5_qt0.01_qd0.006_L0.3/both/G0,0.0083,0.0001,0.0165
1,r4_false,shrinking/both/G0,uncertain_v0.1_s0.5_qt0.01_qd0.006_L0.3/both/G0,-0.0426,-0.0651,-0.0211
2,r6_lag,shrinking/both/G2,uncertain_v0.1_s0.5_qt0.01_qd0.006_L0.3/both/G2,-0.8538,-0.8948,-0.8158
2,r3_inside,shrinking/both/G2,uncertain_v0.1_s0.5_qt0.01_qd0.006_L0.3/both/G2,-0.1516,-0.1608,-0.1417
1,r1_rms_200,shrinking/both/G0,uncertain_v0.1_s0.5_qt0.01_qd0.03_Lnone/both/G0,-0.1041,-0.1311,-0.0792
1,r3_inside,shrinking/both/G0,uncertain_v0.1_s0.5_qt0.01_qd0.03_Lnone/both/G0,0.0218,0.0140,0.0296
1,r4_false,shrinking/both/G0,uncertain_v0.1_s0.5_qt0.01_qd0.03_Lnone/both/G0,-0.0302,-0.0510,-0.0085
2,r6_lag,shrinking/both/G2,uncertain_v0.1_s0.5_qt0.01_qd0.03_Lnone/both/G2,-0.7040,-0.7436,-0.6615
2,r3_inside,shrinking/both/G2,uncertain_v0.1_s0.5_qt0.01_qd0.03_Lnone/both/G2,-0.1254,-0.1346,-0.1163
1,r1_rms_200,shrinking/both/G0,uncertain_v0.1_s0.5_qt0.01_qd0.03_L0.42/both/G0,-0.1035,-0.1288,-0.0786
1,r3_inside,shrinking/both/G0,uncertain_v0.1_s0.5_qt0.01_qd0.03_L0.42/both/G0,0.0153,0.0071,0.0234
1,r4_false,shrinking/both/G0,uncertain_v0.1_s0.5_qt0.01_qd0.03_L0.42/both/G0,-0.0511,-0.0733,-0.0291
2,r6_lag,shrinking/both/G2,uncertain_v0.1_s0.5_qt0.01_qd0.03_L0.42/both/G2,-0.8260,-0.8653,-0.7858
2,r3_inside,shrinking/both/G2,uncertain_v0.1_s0.5_qt0.01_qd0.03_L0.42/both/G2,-0.1391,-0.1476,-0.1301
1,r1_rms_200,shrinking/both/G0,uncertain_v0.1_s0.5_qt0.01_qd0.03_L0.3/both/G0,-0.2376,-0.2747,-0.2003
1,r3_inside,shrinking/both/G0,uncertain_v0.1_s0.5_qt0.01_qd0.03_L0.3/both/G0,0.0375,0.0280,0.0474
1,r4_false,shrinking/both/G0,uncertain_v0.1_s0.5_qt0.01_qd0.03_L0.3/both/G0,-0.0846,-0.1126,-0.0568
2,r6_lag,shrinking/both/G2,uncertain_v0.1_s0.5_qt0.01_qd0.03_L0.3/both/G2,-1.1591,-1.1999,-1.1205
2,r3_inside,shrinking/both/G2,uncertain_v0.1_s0.5_qt0.01_qd0.03_L0.3/both/G2,-0.1693,-0.1799,-0.1584
1,r1_rms_200,shrinking/both/G0,uncertain_v0.1_s0.7_qt0_qd0_Lnone/both/G0,-0.0076,-0.0192,0.0043
1,r3_inside,shrinking/both/G0,uncertain_v0.1_s0.7_qt0_qd0_Lnone/both/G0,0.0110,0.0043,0.0177
1,r4_false,shrinking/both/G0,uncertain_v0.1_s0.7_qt0_qd0_Lnone/both/G0,0.0047,-0.0128,0.0231
2,r6_lag,shrinking/both/G2,uncertain_v0.1_s0.7_qt0_qd0_Lnone/both/G2,-0.0261,-0.0420,-0.0096
2,r3_inside,shrinking/both/G2,uncertain_v0.1_s0.7_qt0_qd0_Lnone/both/G2,0.0001,-0.0047,0.0051
1,r1_rms_200,shrinking/both/G0,uncertain_v0.1_s0.7_qt0_qd0_L0.42/both/G0,-0.0075,-0.0199,0.0049
1,r3_inside,shrinking/both/G0,uncertain_v0.1_s0.7_qt0_qd0_L0.42/both/G0,0.0112,0.0043,0.0180
1,r4_false,shrinking/both/G0,uncertain_v0.1_s0.7_qt0_qd0_L0.42/both/G0,0.0102,-0.0070,0.0277
2,r6_lag,shrinking/both/G2,uncertain_v0.1_s0.7_qt0_qd0_L0.42/both/G2,-0.0239,-0.0394,-0.0084
2,r3_inside,shrinking/both/G2,uncertain_v0.1_s0.7_qt0_qd0_L0.42/both/G2,0.0013,-0.0033,0.0061
1,r1_rms_200,shrinking/both/G0,uncertain_v0.1_s0.7_qt0_qd0_L0.3/both/G0,0.0055,-0.0072,0.0175
1,r3_inside,shrinking/both/G0,uncertain_v0.1_s0.7_qt0_qd0_L0.3/both/G0,0.0127,0.0054,0.0193
1,r4_false,shrinking/both/G0,uncertain_v0.1_s0.7_qt0_qd0_L0.3/both/G0,-0.0158,-0.0345,0.0032
2,r6_lag,shrinking/both/G2,uncertain_v0.1_s0.7_qt0_qd0_L0.3/both/G2,-0.0751,-0.0925,-0.0566
2,r3_inside,shrinking/both/G2,uncertain_v0.1_s0.7_qt0_qd0_L0.3/both/G2,-0.0137,-0.0189,-0.0082
1,r1_rms_200,shrinking/both/G0,uncertain_v0.1_s0.7_qt0_qd0.006_Lnone/both/G0,-0.0192,-0.0331,-0.0062
1,r3_inside,shrinking/both/G0,uncertain_v0.1_s0.7_qt0_qd0.006_Lnone/both/G0,0.0167,0.0101,0.0231
1,r4_false,shrinking/both/G0,uncertain_v0.1_s0.7_qt0_qd0.006_Lnone/both/G0,-0.0014,-0.0194,0.0161
2,r6_lag,shrinking/both/G2,uncertain_v0.1_s0.7_qt0_qd0.006_Lnone/both/G2,-0.0530,-0.0692,-0.0361
2,r3_inside,shrinking/both/G2,uncertain_v0.1_s0.7_qt0_qd0.006_Lnone/both/G2,-0.0048,-0.0095,0.0004
1,r1_rms_200,shrinking/both/G0,uncertain_v0.1_s0.7_qt0_qd0.006_L0.42/both/G0,-0.0183,-0.0314,-0.0044
1,r3_inside,shrinking/both/G0,uncertain_v0.1_s0.7_qt0_qd0.006_L0.42/both/G0,0.0164,0.0100,0.0230
1,r4_false,shrinking/both/G0,uncertain_v0.1_s0.7_qt0_qd0.006_L0.42/both/G0,0.0009,-0.0164,0.0187
2,r6_lag,shrinking/both/G2,uncertain_v0.1_s0.7_qt0_qd0.006_L0.42/both/G2,-0.0566,-0.0736,-0.0403
2,r3_inside,shrinking/both/G2,uncertain_v0.1_s0.7_qt0_qd0.006_L0.42/both/G2,-0.0063,-0.0110,-0.0016
1,r1_rms_200,shrinking/both/G0,uncertain_v0.1_s0.7_qt0_qd0.006_L0.3/both/G0,-0.0086,-0.0220,0.0056
1,r3_inside,shrinking/both/G0,uncertain_v0.1_s0.7_qt0_qd0.006_L0.3/both/G0,0.0137,0.0070,0.0207
1,r4_false,shrinking/both/G0,uncertain_v0.1_s0.7_qt0_qd0.006_L0.3/both/G0,-0.0126,-0.0310,0.0069
2,r6_lag,shrinking/both/G2,uncertain_v0.1_s0.7_qt0_qd0.006_L0.3/both/G2,-0.1148,-0.1329,-0.0968
2,r3_inside,shrinking/both/G2,uncertain_v0.1_s0.7_qt0_qd0.006_L0.3/both/G2,-0.0229,-0.0288,-0.0172
1,r1_rms_200,shrinking/both/G0,uncertain_v0.1_s0.7_qt0_qd0.03_Lnone/both/G0,-0.0628,-0.0796,-0.0455
1,r3_inside,shrinking/both/G0,uncertain_v0.1_s0.7_qt0_qd0.03_Lnone/both/G0,0.0214,0.0145,0.0282
1,r4_false,shrinking/both/G0,uncertain_v0.1_s0.7_qt0_qd0.03_Lnone/both/G0,-0.0051,-0.0230,0.0136
2,r6_lag,shrinking/both/G2,uncertain_v0.1_s0.7_qt0_qd0.03_Lnone/both/G2,-0.1433,-0.1607,-0.1256
2,r3_inside,shrinking/both/G2,uncertain_v0.1_s0.7_qt0_qd0.03_Lnone/both/G2,-0.0230,-0.0286,-0.0176
1,r1_rms_200,shrinking/both/G0,uncertain_v0.1_s0.7_qt0_qd0.03_L0.42/both/G0,-0.0615,-0.0792,-0.0447
1,r3_inside,shrinking/both/G0,uncertain_v0.1_s0.7_qt0_qd0.03_L0.42/both/G0,0.0223,0.0154,0.0291
1,r4_false,shrinking/both/G0,uncertain_v0.1_s0.7_qt0_qd0.03_L0.42/both/G0,-0.0105,-0.0297,0.0084
2,r6_lag,shrinking/both/G2,uncertain_v0.1_s0.7_qt0_qd0.03_L0.42/both/G2,-0.1466,-0.1650,-0.1290
2,r3_inside,shrinking/both/G2,uncertain_v0.1_s0.7_qt0_qd0.03_L0.42/both/G2,-0.0253,-0.0309,-0.0199
1,r1_rms_200,shrinking/both/G0,uncertain_v0.1_s0.7_qt0_qd0.03_L0.3/both/G0,-0.0657,-0.0860,-0.0467
1,r3_inside,shrinking/both/G0,uncertain_v0.1_s0.7_qt0_qd0.03_L0.3/both/G0,0.0228,0.0150,0.0307
1,r4_false,shrinking/both/G0,uncertain_v0.1_s0.7_qt0_qd0.03_L0.3/both/G0,-0.0378,-0.0611,-0.0159
2,r6_lag,shrinking/both/G2,uncertain_v0.1_s0.7_qt0_qd0.03_L0.3/both/G2,-0.3203,-0.3401,-0.3007
2,r3_inside,shrinking/both/G2,uncertain_v0.1_s0.7_qt0_qd0.03_L0.3/both/G2,-0.0626,-0.0695,-0.0556
1,r1_rms_200,shrinking/both/G0,uncertain_v0.1_s0.7_qt0.003_qd0_Lnone/both/G0,-0.0310,-0.0497,-0.0120
1,r3_inside,shrinking/both/G0,uncertain_v0.1_s0.7_qt0.003_qd0_Lnone/both/G0,0.0043,-0.0031,0.0114
1,r4_false,shrinking/both/G0,uncertain_v0.1_s0.7_qt0.003_qd0_Lnone/both/G0,-0.0354,-0.0559,-0.0139
2,r6_lag,shrinking/both/G2,uncertain_v0.1_s0.7_qt0.003_qd0_Lnone/both/G2,-0.4695,-0.5019,-0.4367
2,r3_inside,shrinking/both/G2,uncertain_v0.1_s0.7_qt0.003_qd0_Lnone/both/G2,-0.0912,-0.0981,-0.0838
1,r1_rms_200,shrinking/both/G0,uncertain_v0.1_s0.7_qt0.003_qd0_L0.42/both/G0,-0.0269,-0.0469,-0.0073
1,r3_inside,shrinking/both/G0,uncertain_v0.1_s0.7_qt0.003_qd0_L0.42/both/G0,0.0051,-0.0024,0.0124
1,r4_false,shrinking/both/G0,uncertain_v0.1_s0.7_qt0.003_qd0_L0.42/both/G0,-0.0272,-0.0465,-0.0065
2,r6_lag,shrinking/both/G2,uncertain_v0.1_s0.7_qt0.003_qd0_L0.42/both/G2,-0.4734,-0.5053,-0.4407
2,r3_inside,shrinking/both/G2,uncertain_v0.1_s0.7_qt0.003_qd0_L0.42/both/G2,-0.0912,-0.0988,-0.0843
1,r1_rms_200,shrinking/both/G0,uncertain_v0.1_s0.7_qt0.003_qd0_L0.3/both/G0,-0.0169,-0.0376,0.0032
1,r3_inside,shrinking/both/G0,uncertain_v0.1_s0.7_qt0.003_qd0_L0.3/both/G0,0.0074,-0.0001,0.0151
1,r4_false,shrinking/both/G0,uncertain_v0.1_s0.7_qt0.003_qd0_L0.3/both/G0,-0.0482,-0.0713,-0.0252
2,r6_lag,shrinking/both/G2,uncertain_v0.1_s0.7_qt0.003_qd0_L0.3/both/G2,-0.5838,-0.6158,-0.5520
2,r3_inside,shrinking/both/G2,uncertain_v0.1_s0.7_qt0.003_qd0_L0.3/both/G2,-0.1139,-0.1219,-0.1051
1,r1_rms_200,shrinking/both/G0,uncertain_v0.1_s0.7_qt0.003_qd0.006_Lnone/both/G0,-0.0402,-0.0599,-0.0202
1,r3_inside,shrinking/both/G0,uncertain_v0.1_s0.7_qt0.003_qd0.006_Lnone/both/G0,0.0083,0.0007,0.0155
1,r4_false,shrinking/both/G0,uncertain_v0.1_s0.7_qt0.003_qd0.006_Lnone/both/G0,-0.0201,-0.0404,0.0011
2,r6_lag,shrinking/both/G2,uncertain_v0.1_s0.7_qt0.003_qd0.006_Lnone/both/G2,-0.4810,-0.5134,-0.4501
2,r3_inside,shrinking/both/G2,uncertain_v0.1_s0.7_qt0.003_qd0.006_Lnone/both/G2,-0.0914,-0.0990,-0.0833
1,r1_rms_200,shrinking/both/G0,uncertain_v0.1_s0.7_qt0.003_qd0.006_L0.42/both/G0,-0.0427,-0.0613,-0.0220
1,r3_inside,shrinking/both/G0,uncertain_v0.1_s0.7_qt0.003_qd0.006_L0.42/both/G0,0.0087,0.0017,0.0157
1,r4_false,shrinking/both/G0,uncertain_v0.1_s0.7_qt0.003_qd0.006_L0.42/both/G0,-0.0270,-0.0477,-0.0064
2,r6_lag,shrinking/both/G2,uncertain_v0.1_s0.7_qt0.003_qd0.006_L0.42/both/G2,-0.4817,-0.5121,-0.4504
2,r3_inside,shrinking/both/G2,uncertain_v0.1_s0.7_qt0.003_qd0.006_L0.42/both/G2,-0.0914,-0.0989,-0.0839
1,r1_rms_200,shrinking/both/G0,uncertain_v0.1_s0.7_qt0.003_qd0.006_L0.3/both/G0,-0.0321,-0.0510,-0.0121
1,r3_inside,shrinking/both/G0,uncertain_v0.1_s0.7_qt0.003_qd0.006_L0.3/both/G0,0.0090,0.0013,0.0167
1,r4_false,shrinking/both/G0,uncertain_v0.1_s0.7_qt0.003_qd0.006_L0.3/both/G0,-0.0418,-0.0643,-0.0176
2,r6_lag,shrinking/both/G2,uncertain_v0.1_s0.7_qt0.003_qd0.006_L0.3/both/G2,-0.6245,-0.6556,-0.5919
2,r3_inside,shrinking/both/G2,uncertain_v0.1_s0.7_qt0.003_qd0.006_L0.3/both/G2,-0.1171,-0.1254,-0.1088
1,r1_rms_200,shrinking/both/G0,uncertain_v0.1_s0.7_qt0.003_qd0.03_Lnone/both/G0,-0.1022,-0.1244,-0.0793
1,r3_inside,shrinking/both/G0,uncertain_v0.1_s0.7_qt0.003_qd0.03_Lnone/both/G0,0.0233,0.0159,0.0308
1,r4_false,shrinking/both/G0,uncertain_v0.1_s0.7_qt0.003_qd0.03_Lnone/both/G0,-0.0235,-0.0447,-0.0005
2,r6_lag,shrinking/both/G2,uncertain_v0.1_s0.7_qt0.003_qd0.03_Lnone/both/G2,-0.5125,-0.5476,-0.4796
2,r3_inside,shrinking/both/G2,uncertain_v0.1_s0.7_qt0.003_qd0.03_Lnone/both/G2,-0.0951,-0.1024,-0.0874
1,r1_rms_200,shrinking/both/G0,uncertain_v0.1_s0.7_qt0.003_qd0.03_L0.42/both/G0,-0.0929,-0.1138,-0.0706
1,r3_inside,shrinking/both/G0,uncertain_v0.1_s0.7_qt0.003_qd0.03_L0.42/both/G0,0.0186,0.0112,0.0259
1,r4_false,shrinking/both/G0,uncertain_v0.1_s0.7_qt0.003_qd0.03_L0.42/both/G0,-0.0262,-0.0472,-0.0040
2,r6_lag,shrinking/both/G2,uncertain_v0.1_s0.7_qt0.003_qd0.03_L0.42/both/G2,-0.5578,-0.5907,-0.5234
2,r3_inside,shrinking/both/G2,uncertain_v0.1_s0.7_qt0.003_qd0.03_L0.42/both/G2,-0.1014,-0.1096,-0.0932
1,r1_rms_200,shrinking/both/G0,uncertain_v0.1_s0.7_qt0.003_qd0.03_L0.3/both/G0,-0.1674,-0.1953,-0.1403
1,r3_inside,shrinking/both/G0,uncertain_v0.1_s0.7_qt0.003_qd0.03_L0.3/both/G0,0.0289,0.0195,0.0379
1,r4_false,shrinking/both/G0,uncertain_v0.1_s0.7_qt0.003_qd0.03_L0.3/both/G0,-0.0798,-0.1052,-0.0546
2,r6_lag,shrinking/both/G2,uncertain_v0.1_s0.7_qt0.003_qd0.03_L0.3/both/G2,-0.8882,-0.9175,-0.8585
2,r3_inside,shrinking/both/G2,uncertain_v0.1_s0.7_qt0.003_qd0.03_L0.3/both/G2,-0.1563,-0.1660,-0.1468
1,r1_rms_200,shrinking/both/G0,uncertain_v0.1_s0.7_qt0.01_qd0_Lnone/both/G0,-0.0936,-0.1198,-0.0683
1,r3_inside,shrinking/both/G0,uncertain_v0.1_s0.7_qt0.01_qd0_Lnone/both/G0,0.0169,0.0090,0.0249
1,r4_false,shrinking/both/G0,uncertain_v0.1_s0.7_qt0.01_qd0_Lnone/both/G0,-0.0397,-0.0649,-0.0154
2,r6_lag,shrinking/both/G2,uncertain_v0.1_s0.7_qt0.01_qd0_Lnone/both/G2,-0.6793,-0.7233,-0.6369
2,r3_inside,shrinking/both/G2,uncertain_v0.1_s0.7_qt0.01_qd0_Lnone/both/G2,-0.1227,-0.1319,-0.1127
1,r1_rms_200,shrinking/both/G0,uncertain_v0.1_s0.7_qt0.01_qd0_L0.42/both/G0,-0.0998,-0.1263,-0.0746
1,r3_inside,shrinking/both/G0,uncertain_v0.1_s0.7_qt0.01_qd0_L0.42/both/G0,0.0186,0.0108,0.0265
1,r4_false,shrinking/both/G0,uncertain_v0.1_s0.7_qt0.01_qd0_L0.42/both/G0,-0.0523,-0.0743,-0.0308
2,r6_lag,shrinking/both/G2,uncertain_v0.1_s0.7_qt0.01_qd0_L0.42/both/G2,-0.7213,-0.7637,-0.6803
2,r3_inside,shrinking/both/G2,uncertain_v0.1_s0.7_qt0.01_qd0_L0.42/both/G2,-0.1282,-0.1376,-0.1187
1,r1_rms_200,shrinking/both/G0,uncertain_v0.1_s0.7_qt0.01_qd0_L0.3/both/G0,-0.0744,-0.0995,-0.0479
1,r3_inside,shrinking/both/G0,uncertain_v0.1_s0.7_qt0.01_qd0_L0.3/both/G0,0.0275,0.0174,0.0375
1,r4_false,shrinking/both/G0,uncertain_v0.1_s0.7_qt0.01_qd0_L0.3/both/G0,-0.0833,-0.1099,-0.0553
2,r6_lag,shrinking/both/G2,uncertain_v0.1_s0.7_qt0.01_qd0_L0.3/both/G2,-0.9949,-1.0362,-0.9512
2,r3_inside,shrinking/both/G2,uncertain_v0.1_s0.7_qt0.01_qd0_L0.3/both/G2,-0.1595,-0.1713,-0.1470
1,r1_rms_200,shrinking/both/G0,uncertain_v0.1_s0.7_qt0.01_qd0.006_Lnone/both/G0,-0.0960,-0.1229,-0.0711
1,r3_inside,shrinking/both/G0,uncertain_v0.1_s0.7_qt0.01_qd0.006_Lnone/both/G0,0.0205,0.0129,0.0287
1,r4_false,shrinking/both/G0,uncertain_v0.1_s0.7_qt0.01_qd0.006_Lnone/both/G0,-0.0456,-0.0688,-0.0247
2,r6_lag,shrinking/both/G2,uncertain_v0.1_s0.7_qt0.01_qd0.006_Lnone/both/G2,-0.6927,-0.7339,-0.6512
2,r3_inside,shrinking/both/G2,uncertain_v0.1_s0.7_qt0.01_qd0.006_Lnone/both/G2,-0.1228,-0.1318,-0.1135
1,r1_rms_200,shrinking/both/G0,uncertain_v0.1_s0.7_qt0.01_qd0.006_L0.42/both/G0,-0.0795,-0.1022,-0.0560
1,r3_inside,shrinking/both/G0,uncertain_v0.1_s0.7_qt0.01_qd0.006_L0.42/both/G0,0.0167,0.0084,0.0246
1,r4_false,shrinking/both/G0,uncertain_v0.1_s0.7_qt0.01_qd0.006_L0.42/both/G0,-0.0546,-0.0757,-0.0324
2,r6_lag,shrinking/both/G2,uncertain_v0.1_s0.7_qt0.01_qd0.006_L0.42/both/G2,-0.7397,-0.7811,-0.6974
2,r3_inside,shrinking/both/G2,uncertain_v0.1_s0.7_qt0.01_qd0.006_L0.42/both/G2,-0.1292,-0.1384,-0.1195
1,r1_rms_200,shrinking/both/G0,uncertain_v0.1_s0.7_qt0.01_qd0.006_L0.3/both/G0,-0.1035,-0.1332,-0.0746
1,r3_inside,shrinking/both/G0,uncertain_v0.1_s0.7_qt0.01_qd0.006_L0.3/both/G0,0.0316,0.0211,0.0412
1,r4_false,shrinking/both/G0,uncertain_v0.1_s0.7_qt0.01_qd0.006_L0.3/both/G0,-0.0925,-0.1174,-0.0677
2,r6_lag,shrinking/both/G2,uncertain_v0.1_s0.7_qt0.01_qd0.006_L0.3/both/G2,-1.0703,-1.1115,-1.0264
2,r3_inside,shrinking/both/G2,uncertain_v0.1_s0.7_qt0.01_qd0.006_L0.3/both/G2,-0.1653,-0.1774,-0.1530
1,r1_rms_200,shrinking/both/G0,uncertain_v0.1_s0.7_qt0.01_qd0.03_Lnone/both/G0,-0.1433,-0.1704,-0.1162
1,r3_inside,shrinking/both/G0,uncertain_v0.1_s0.7_qt0.01_qd0.03_Lnone/both/G0,0.0305,0.0218,0.0388
1,r4_false,shrinking/both/G0,uncertain_v0.1_s0.7_qt0.01_qd0.03_Lnone/both/G0,-0.0308,-0.0540,-0.0071
2,r6_lag,shrinking/both/G2,uncertain_v0.1_s0.7_qt0.01_qd0.03_Lnone/both/G2,-0.6894,-0.7317,-0.6454
2,r3_inside,shrinking/both/G2,uncertain_v0.1_s0.7_qt0.01_qd0.03_Lnone/both/G2,-0.1170,-0.1264,-0.1075
1,r1_rms_200,shrinking/both/G0,uncertain_v0.1_s0.7_qt0.01_qd0.03_L0.42/both/G0,-0.1540,-0.1799,-0.1270
1,r3_inside,shrinking/both/G0,uncertain_v0.1_s0.7_qt0.01_qd0.03_L0.42/both/G0,0.0213,0.0128,0.0298
1,r4_false,shrinking/both/G0,uncertain_v0.1_s0.7_qt0.01_qd0.03_L0.42/both/G0,-0.0554,-0.0807,-0.0305
2,r6_lag,shrinking/both/G2,uncertain_v0.1_s0.7_qt0.01_qd0.03_L0.42/both/G2,-0.9412,-0.9829,-0.9008
2,r3_inside,shrinking/both/G2,uncertain_v0.1_s0.7_qt0.01_qd0.03_L0.42/both/G2,-0.1510,-0.1616,-0.1407
1,r1_rms_200,shrinking/both/G0,uncertain_v0.1_s0.7_qt0.01_qd0.03_L0.3/both/G0,-0.3417,-0.3797,-0.3041
1,r3_inside,shrinking/both/G0,uncertain_v0.1_s0.7_qt0.01_qd0.03_L0.3/both/G0,0.0754,0.0647,0.0864
1,r4_false,shrinking/both/G0,uncertain_v0.1_s0.7_qt0.01_qd0.03_L0.3/both/G0,-0.0927,-0.1226,-0.0640
2,r6_lag,shrinking/both/G2,uncertain_v0.1_s0.7_qt0.01_qd0.03_L0.3/both/G2,-1.3177,-1.3581,-1.2778
2,r3_inside,shrinking/both/G2,uncertain_v0.1_s0.7_qt0.01_qd0.03_L0.3/both/G2,-0.1596,-0.1722,-0.1462
1,r1_rms_200,shrinking/both/G0,uncertain_v0.17_s0.35_qt0_qd0_Lnone/both/G0,0.0176,0.0031,0.0325
1,r3_inside,shrinking/both/G0,uncertain_v0.17_s0.35_qt0_qd0_Lnone/both/G0,-0.0014,-0.0086,0.0059
1,r4_false,shrinking/both/G0,uncertain_v0.17_s0.35_qt0_qd0_Lnone/both/G0,0.0044,-0.0208,0.0306
2,r6_lag,shrinking/both/G2,uncertain_v0.17_s0.35_qt0_qd0_Lnone/both/G2,0.0145,-0.0036,0.0326
2,r3_inside,shrinking/both/G2,uncertain_v0.17_s0.35_qt0_qd0_Lnone/both/G2,-0.0011,-0.0067,0.0046
1,r1_rms_200,shrinking/both/G0,uncertain_v0.17_s0.35_qt0_qd0_L0.42/both/G0,0.0176,0.0032,0.0319
1,r3_inside,shrinking/both/G0,uncertain_v0.17_s0.35_qt0_qd0_L0.42/both/G0,-0.0014,-0.0087,0.0059
1,r4_false,shrinking/both/G0,uncertain_v0.17_s0.35_qt0_qd0_L0.42/both/G0,0.0044,-0.0208,0.0290
2,r6_lag,shrinking/both/G2,uncertain_v0.17_s0.35_qt0_qd0_L0.42/both/G2,0.0145,-0.0034,0.0323
2,r3_inside,shrinking/both/G2,uncertain_v0.17_s0.35_qt0_qd0_L0.42/both/G2,-0.0011,-0.0064,0.0043
1,r1_rms_200,shrinking/both/G0,uncertain_v0.17_s0.35_qt0_qd0_L0.3/both/G0,0.0176,0.0026,0.0326
1,r3_inside,shrinking/both/G0,uncertain_v0.17_s0.35_qt0_qd0_L0.3/both/G0,-0.0014,-0.0087,0.0064
1,r4_false,shrinking/both/G0,uncertain_v0.17_s0.35_qt0_qd0_L0.3/both/G0,0.0044,-0.0190,0.0292
2,r6_lag,shrinking/both/G2,uncertain_v0.17_s0.35_qt0_qd0_L0.3/both/G2,0.0145,-0.0039,0.0315
2,r3_inside,shrinking/both/G2,uncertain_v0.17_s0.35_qt0_qd0_L0.3/both/G2,-0.0011,-0.0069,0.0044
1,r1_rms_200,shrinking/both/G0,uncertain_v0.17_s0.35_qt0_qd0.006_Lnone/both/G0,0.0252,0.0110,0.0395
1,r3_inside,shrinking/both/G0,uncertain_v0.17_s0.35_qt0_qd0.006_Lnone/both/G0,0.0027,-0.0045,0.0101
1,r4_false,shrinking/both/G0,uncertain_v0.17_s0.35_qt0_qd0.006_Lnone/both/G0,-0.0073,-0.0311,0.0146
2,r6_lag,shrinking/both/G2,uncertain_v0.17_s0.35_qt0_qd0.006_Lnone/both/G2,-0.0194,-0.0365,-0.0023
2,r3_inside,shrinking/both/G2,uncertain_v0.17_s0.35_qt0_qd0.006_Lnone/both/G2,-0.0062,-0.0116,-0.0010
1,r1_rms_200,shrinking/both/G0,uncertain_v0.17_s0.35_qt0_qd0.006_L0.42/both/G0,0.0252,0.0116,0.0398
1,r3_inside,shrinking/both/G0,uncertain_v0.17_s0.35_qt0_qd0.006_L0.42/both/G0,0.0027,-0.0050,0.0097
1,r4_false,shrinking/both/G0,uncertain_v0.17_s0.35_qt0_qd0.006_L0.42/both/G0,-0.0073,-0.0301,0.0171
2,r6_lag,shrinking/both/G2,uncertain_v0.17_s0.35_qt0_qd0.006_L0.42/both/G2,-0.0194,-0.0365,-0.0028
2,r3_inside,shrinking/both/G2,uncertain_v0.17_s0.35_qt0_qd0.006_L0.42/both/G2,-0.0062,-0.0113,-0.0009
1,r1_rms_200,shrinking/both/G0,uncertain_v0.17_s0.35_qt0_qd0.006_L0.3/both/G0,0.0252,0.0112,0.0398
1,r3_inside,shrinking/both/G0,uncertain_v0.17_s0.35_qt0_qd0.006_L0.3/both/G0,0.0027,-0.0047,0.0102
1,r4_false,shrinking/both/G0,uncertain_v0.17_s0.35_qt0_qd0.006_L0.3/both/G0,-0.0073,-0.0292,0.0166
2,r6_lag,shrinking/both/G2,uncertain_v0.17_s0.35_qt0_qd0.006_L0.3/both/G2,-0.0194,-0.0366,-0.0023
2,r3_inside,shrinking/both/G2,uncertain_v0.17_s0.35_qt0_qd0.006_L0.3/both/G2,-0.0062,-0.0116,-0.0007
1,r1_rms_200,shrinking/both/G0,uncertain_v0.17_s0.35_qt0_qd0.03_Lnone/both/G0,-0.0002,-0.0144,0.0158
1,r3_inside,shrinking/both/G0,uncertain_v0.17_s0.35_qt0_qd0.03_Lnone/both/G0,0.0079,0.0010,0.0145
1,r4_false,shrinking/both/G0,uncertain_v0.17_s0.35_qt0_qd0.03_Lnone/both/G0,-0.0116,-0.0310,0.0073
2,r6_lag,shrinking/both/G2,uncertain_v0.17_s0.35_qt0_qd0.03_Lnone/both/G2,-0.1098,-0.1282,-0.0913
2,r3_inside,shrinking/both/G2,uncertain_v0.17_s0.35_qt0_qd0.03_Lnone/both/G2,-0.0236,-0.0291,-0.0181
1,r1_rms_200,shrinking/both/G0,uncertain_v0.17_s0.35_qt0_qd0.03_L0.42/both/G0,-0.0002,-0.0156,0.0145
1,r3_inside,shrinking/both/G0,uncertain_v0.17_s0.35_qt0_qd0.03_L0.42/both/G0,0.0079,0.0010,0.0146
1,r4_false,shrinking/both/G0,uncertain_v0.17_s0.35_qt0_qd0.03_L0.42/both/G0,-0.0116,-0.0301,0.0066
2,r6_lag,shrinking/both/G2,uncertain_v0.17_s0.35_qt0_qd0.03_L0.42/both/G2,-0.1098,-0.1275,-0.0914
2,r3_inside,shrinking/both/G2,uncertain_v0.17_s0.35_qt0_qd0.03_L0.42/both/G2,-0.0236,-0.0289,-0.0177
1,r1_rms_200,shrinking/both/G0,uncertain_v0.17_s0.35_qt0_qd0.03_L0.3/both/G0,-0.0023,-0.0174,0.0128
1,r3_inside,shrinking/both/G0,uncertain_v0.17_s0.35_qt0_qd0.03_L0.3/both/G0,0.0048,-0.0021,0.0116
1,r4_false,shrinking/both/G0,uncertain_v0.17_s0.35_qt0_qd0.03_L0.3/both/G0,0.0002,-0.0187,0.0179
2,r6_lag,shrinking/both/G2,uncertain_v0.17_s0.35_qt0_qd0.03_L0.3/both/G2,-0.1352,-0.1538,-0.1158
2,r3_inside,shrinking/both/G2,uncertain_v0.17_s0.35_qt0_qd0.03_L0.3/both/G2,-0.0275,-0.0332,-0.0220
1,r1_rms_200,shrinking/both/G0,uncertain_v0.17_s0.35_qt0.003_qd0_Lnone/both/G0,-0.0077,-0.0261,0.0108
1,r3_inside,shrinking/both/G0,uncertain_v0.17_s0.35_qt0.003_qd0_Lnone/both/G0,-0.0019,-0.0097,0.0059
1,r4_false,shrinking/both/G0,uncertain_v0.17_s0.35_qt0.003_qd0_Lnone/both/G0,-0.0122,-0.0363,0.0136
2,r6_lag,shrinking/both/G2,uncertain_v0.17_s0.35_qt0.003_qd0_Lnone/both/G2,-0.4585,-0.4882,-0.4279
2,r3_inside,shrinking/both/G2,uncertain_v0.17_s0.35_qt0.003_qd0_Lnone/both/G2,-0.0868,-0.0939,-0.0797
1,r1_rms_200,shrinking/both/G0,uncertain_v0.17_s0.35_qt0.003_qd0_L0.42/both/G0,-0.0077,-0.0266,0.0114
1,r3_inside,shrinking/both/G0,uncertain_v0.17_s0.35_qt0.003_qd0_L0.42/both/G0,-0.0019,-0.0095,0.0056
1,r4_false,shrinking/both/G0,uncertain_v0.17_s0.35_qt0.003_qd0_L0.42/both/G0,-0.0122,-0.0366,0.0132
2,r6_lag,shrinking/both/G2,uncertain_v0.17_s0.35_qt0.003_qd0_L0.42/both/G2,-0.4585,-0.4875,-0.4279
2,r3_inside,shrinking/both/G2,uncertain_v0.17_s0.35_qt0.003_qd0_L0.42/both/G2,-0.0868,-0.0939,-0.0803
1,r1_rms_200,shrinking/both/G0,uncertain_v0.17_s0.35_qt0.003_qd0_L0.3/both/G0,-0.0077,-0.0280,0.0123
1,r3_inside,shrinking/both/G0,uncertain_v0.17_s0.35_qt0.003_qd0_L0.3/both/G0,-0.0019,-0.0096,0.0055
1,r4_false,shrinking/both/G0,uncertain_v0.17_s0.35_qt0.003_qd0_L0.3/both/G0,-0.0122,-0.0370,0.0114
2,r6_lag,shrinking/both/G2,uncertain_v0.17_s0.35_qt0.003_qd0_L0.3/both/G2,-0.4585,-0.4901,-0.4277
2,r3_inside,shrinking/both/G2,uncertain_v0.17_s0.35_qt0.003_qd0_L0.3/both/G2,-0.0868,-0.0941,-0.0798
1,r1_rms_200,shrinking/both/G0,uncertain_v0.17_s0.35_qt0.003_qd0.006_Lnone/both/G0,-0.0002,-0.0182,0.0176
1,r3_inside,shrinking/both/G0,uncertain_v0.17_s0.35_qt0.003_qd0.006_Lnone/both/G0,0.0019,-0.0062,0.0096
1,r4_false,shrinking/both/G0,uncertain_v0.17_s0.35_qt0.003_qd0.006_Lnone/both/G0,-0.0173,-0.0399,0.0062
2,r6_lag,shrinking/both/G2,uncertain_v0.17_s0.35_qt0.003_qd0.006_Lnone/both/G2,-0.4664,-0.4967,-0.4358
2,r3_inside,shrinking/both/G2,uncertain_v0.17_s0.35_qt0.003_qd0.006_Lnone/both/G2,-0.0900,-0.0968,-0.0828
1,r1_rms_200,shrinking/both/G0,uncertain_v0.17_s0.35_qt0.003_qd0.006_L0.42/both/G0,-0.0002,-0.0192,0.0178
1,r3_inside,shrinking/both/G0,uncertain_v0.17_s0.35_qt0.003_qd0.006_L0.42/both/G0,0.0019,-0.0060,0.0094
1,r4_false,shrinking/both/G0,uncertain_v0.17_s0.35_qt0.003_qd0.006_L0.42/both/G0,-0.0173,-0.0409,0.0060
2,r6_lag,shrinking/both/G2,uncertain_v0.17_s0.35_qt0.003_qd0.006_L0.42/both/G2,-0.4664,-0.4971,-0.4355
2,r3_inside,shrinking/both/G2,uncertain_v0.17_s0.35_qt0.003_qd0.006_L0.42/both/G2,-0.0900,-0.0970,-0.0829
1,r1_rms_200,shrinking/both/G0,uncertain_v0.17_s0.35_qt0.003_qd0.006_L0.3/both/G0,-0.0002,-0.0181,0.0202
1,r3_inside,shrinking/both/G0,uncertain_v0.17_s0.35_qt0.003_qd0.006_L0.3/both/G0,0.0019,-0.0063,0.0098
1,r4_false,shrinking/both/G0,uncertain_v0.17_s0.35_qt0.003_qd0.006_L0.3/both/G0,-0.0173,-0.0410,0.0065
2,r6_lag,shrinking/both/G2,uncertain_v0.17_s0.35_qt0.003_qd0.006_L0.3/both/G2,-0.4664,-0.4976,-0.4353
2,r3_inside,shrinking/both/G2,uncertain_v0.17_s0.35_qt0.003_qd0.006_L0.3/both/G2,-0.0900,-0.0970,-0.0831
1,r1_rms_200,shrinking/both/G0,uncertain_v0.17_s0.35_qt0.003_qd0.03_Lnone/both/G0,-0.0381,-0.0583,-0.0182
1,r3_inside,shrinking/both/G0,uncertain_v0.17_s0.35_qt0.003_qd0.03_Lnone/both/G0,0.0070,-0.0003,0.0142
1,r4_false,shrinking/both/G0,uncertain_v0.17_s0.35_qt0.003_qd0.03_Lnone/both/G0,-0.0257,-0.0460,-0.0048
2,r6_lag,shrinking/both/G2,uncertain_v0.17_s0.35_qt0.003_qd0.03_Lnone/both/G2,-0.4968,-0.5272,-0.4654
2,r3_inside,shrinking/both/G2,uncertain_v0.17_s0.35_qt0.003_qd0.03_Lnone/both/G2,-0.0980,-0.1053,-0.0901
1,r1_rms_200,shrinking/both/G0,uncertain_v0.17_s0.35_qt0.003_qd0.03_L0.42/both/G0,-0.0368,-0.0569,-0.0171
1,r3_inside,shrinking/both/G0,uncertain_v0.17_s0.35_qt0.003_qd0.03_L0.42/both/G0,0.0074,0.0000,0.0143
1,r4_false,shrinking/both/G0,uncertain_v0.17_s0.35_qt0.003_qd0.03_L0.42/both/G0,-0.0274,-0.0476,-0.0061
2,r6_lag,shrinking/both/G2,uncertain_v0.17_s0.35_qt0.003_qd0.03_L0.42/both/G2,-0.5008,-0.5343,-0.4705
2,r3_inside,shrinking/both/G2,uncertain_v0.17_s0.35_qt0.003_qd0.03_L0.42/both/G2,-0.0997,-0.1067,-0.0925
1,r1_rms_200,shrinking/both/G0,uncertain_v0.17_s0.35_qt0.003_qd0.03_L0.3/both/G0,-0.0469,-0.0702,-0.0241
1,r3_inside,shrinking/both/G0,uncertain_v0.17_s0.35_qt0.003_qd0.03_L0.3/both/G0,0.0023,-0.0055,0.0098
1,r4_false,shrinking/both/G0,uncertain_v0.17_s0.35_qt0.003_qd0.03_L0.3/both/G0,-0.0203,-0.0417,0.0022
2,r6_lag,shrinking/both/G2,uncertain_v0.17_s0.35_qt0.003_qd0.03_L0.3/both/G2,-0.6281,-0.6606,-0.5948
2,r3_inside,shrinking/both/G2,uncertain_v0.17_s0.35_qt0.003_qd0.03_L0.3/both/G2,-0.1185,-0.1261,-0.1107
1,r1_rms_200,shrinking/both/G0,uncertain_v0.17_s0.35_qt0.01_qd0_Lnone/both/G0,-0.0619,-0.0861,-0.0376
1,r3_inside,shrinking/both/G0,uncertain_v0.17_s0.35_qt0.01_qd0_Lnone/both/G0,0.0062,-0.0017,0.0142
1,r4_false,shrinking/both/G0,uncertain_v0.17_s0.35_qt0.01_qd0_Lnone/both/G0,-0.0182,-0.0430,0.0059
2,r6_lag,shrinking/both/G2,uncertain_v0.17_s0.35_qt0.01_qd0_Lnone/both/G2,-0.6867,-0.7266,-0.6473
2,r3_inside,shrinking/both/G2,uncertain_v0.17_s0.35_qt0.01_qd0_Lnone/both/G2,-0.1275,-0.1367,-0.1183
1,r1_rms_200,shrinking/both/G0,uncertain_v0.17_s0.35_qt0.01_qd0_L0.42/both/G0,-0.0619,-0.0865,-0.0360
1,r3_inside,shrinking/both/G0,uncertain_v0.17_s0.35_qt0.01_qd0_L0.42/both/G0,0.0062,-0.0021,0.0145
1,r4_false,shrinking/both/G0,uncertain_v0.17_s0.35_qt0.01_qd0_L0.42/both/G0,-0.0182,-0.0415,0.0080
2,r6_lag,shrinking/both/G2,uncertain_v0.17_s0.35_qt0.01_qd0_L0.42/both/G2,-0.6867,-0.7263,-0.6489
2,r3_inside,shrinking/both/G2,uncertain_v0.17_s0.35_qt0.01_qd0_L0.42/both/G2,-0.1275,-0.1371,-0.1185
1,r1_rms_200,shrinking/both/G0,uncertain_v0.17_s0.35_qt0.01_qd0_L0.3/both/G0,-0.0619,-0.0855,-0.0376
1,r3_inside,shrinking/both/G0,uncertain_v0.17_s0.35_qt0.01_qd0_L0.3/both/G0,0.0062,-0.0022,0.0144
1,r4_false,shrinking/both/G0,uncertain_v0.17_s0.35_qt0.01_qd0_L0.3/both/G0,-0.0182,-0.0433,0.0078
2,r6_lag,shrinking/both/G2,uncertain_v0.17_s0.35_qt0.01_qd0_L0.3/both/G2,-0.6865,-0.7280,-0.6478
2,r3_inside,shrinking/both/G2,uncertain_v0.17_s0.35_qt0.01_qd0_L0.3/both/G2,-0.1274,-0.1365,-0.1181
1,r1_rms_200,shrinking/both/G0,uncertain_v0.17_s0.35_qt0.01_qd0.006_Lnone/both/G0,-0.0513,-0.0750,-0.0265
1,r3_inside,shrinking/both/G0,uncertain_v0.17_s0.35_qt0.01_qd0.006_Lnone/both/G0,0.0097,0.0013,0.0182
1,r4_false,shrinking/both/G0,uncertain_v0.17_s0.35_qt0.01_qd0.006_Lnone/both/G0,-0.0194,-0.0452,0.0065
2,r6_lag,shrinking/both/G2,uncertain_v0.17_s0.35_qt0.01_qd0.006_Lnone/both/G2,-0.6884,-0.7278,-0.6478
2,r3_inside,shrinking/both/G2,uncertain_v0.17_s0.35_qt0.01_qd0.006_Lnone/both/G2,-0.1256,-0.1344,-0.1160
1,r1_rms_200,shrinking/both/G0,uncertain_v0.17_s0.35_qt0.01_qd0.006_L0.42/both/G0,-0.0513,-0.0752,-0.0279
1,r3_inside,shrinking/both/G0,uncertain_v0.17_s0.35_qt0.01_qd0.006_L0.42/both/G0,0.0097,0.0015,0.0182
1,r4_false,shrinking/both/G0,uncertain_v0.17_s0.35_qt0.01_qd0.006_L0.42/both/G0,-0.0194,-0.0435,0.0068
2,r6_lag,shrinking/both/G2,uncertain_v0.17_s0.35_qt0.01_qd0.006_L0.42/both/G2,-0.6884,-0.7280,-0.6490
2,r3_inside,shrinking/both/G2,uncertain_v0.17_s0.35_qt0.01_qd0.006_L0.42/both/G2,-0.1256,-0.1347,-0.1161
1,r1_rms_200,shrinking/both/G0,uncertain_v0.17_s0.35_qt0.01_qd0.006_L0.3/both/G0,-0.0419,-0.0626,-0.0200
1,r3_inside,shrinking/both/G0,uncertain_v0.17_s0.35_qt0.01_qd0.006_L0.3/both/G0,0.0097,0.0013,0.0182
1,r4_false,shrinking/both/G0,uncertain_v0.17_s0.35_qt0.01_qd0.006_L0.3/both/G0,-0.0177,-0.0436,0.0082
2,r6_lag,shrinking/both/G2,uncertain_v0.17_s0.35_qt0.01_qd0.006_L0.3/both/G2,-0.7065,-0.7470,-0.6649
2,r3_inside,shrinking/both/G2,uncertain_v0.17_s0.35_qt0.01_qd0.006_L0.3/both/G2,-0.1286,-0.1379,-0.1195
1,r1_rms_200,shrinking/both/G0,uncertain_v0.17_s0.35_qt0.01_qd0.03_Lnone/both/G0,-0.0972,-0.1214,-0.0733
1,r3_inside,shrinking/both/G0,uncertain_v0.17_s0.35_qt0.01_qd0.03_Lnone/both/G0,0.0185,0.0103,0.0269
1,r4_false,shrinking/both/G0,uncertain_v0.17_s0.35_qt0.01_qd0.03_Lnone/both/G0,-0.0358,-0.0584,-0.0100
2,r6_lag,shrinking/both/G2,uncertain_v0.17_s0.35_qt0.01_qd0.03_Lnone/both/G2,-0.6840,-0.7252,-0.6431
2,r3_inside,shrinking/both/G2,uncertain_v0.17_s0.35_qt0.01_qd0.03_Lnone/both/G2,-0.1246,-0.1336,-0.1152
1,r1_rms_200,shrinking/both/G0,uncertain_v0.17_s0.35_qt0.01_qd0.03_L0.42/both/G0,-0.0787,-0.1039,-0.0557
1,r3_inside,shrinking/both/G0,uncertain_v0.17_s0.35_qt0.01_qd0.03_L0.42/both/G0,0.0137,0.0054,0.0219
1,r4_false,shrinking/both/G0,uncertain_v0.17_s0.35_qt0.01_qd0.03_L0.42/both/G0,-0.0360,-0.0612,-0.0128
2,r6_lag,shrinking/both/G2,uncertain_v0.17_s0.35_qt0.01_qd0.03_L0.42/both/G2,-0.7460,-0.7880,-0.7045
2,r3_inside,shrinking/both/G2,uncertain_v0.17_s0.35_qt0.01_qd0.03_L0.42/both/G2,-0.1332,-0.1421,-0.1239
1,r1_rms_200,shrinking/both/G0,uncertain_v0.17_s0.35_qt0.01_qd0.03_L0.3/both/G0,-0.1928,-0.2250,-0.1602
1,r3_inside,shrinking/both/G0,uncertain_v0.17_s0.35_qt0.01_qd0.03_L0.3/both/G0,0.0244,0.0153,0.0333
1,r4_false,shrinking/both/G0,uncertain_v0.17_s0.35_qt0.01_qd0.03_L0.3/both/G0,-0.0518,-0.0749,-0.0269
2,r6_lag,shrinking/both/G2,uncertain_v0.17_s0.35_qt0.01_qd0.03_L0.3/both/G2,-1.0582,-1.0955,-1.0163
2,r3_inside,shrinking/both/G2,uncertain_v0.17_s0.35_qt0.01_qd0.03_L0.3/both/G2,-0.1614,-0.1714,-0.1516
1,r1_rms_200,shrinking/both/G0,uncertain_v0.17_s0.5_qt0_qd0_Lnone/both/G0,0.0332,0.0204,0.0453
1,r3_inside,shrinking/both/G0,uncertain_v0.17_s0.5_qt0_qd0_Lnone/both/G0,-0.0041,-0.0111,0.0025
1,r4_false,shrinking/both/G0,uncertain_v0.17_s0.5_qt0_qd0_Lnone/both/G0,0.0032,-0.0156,0.0230
2,r6_lag,shrinking/both/G2,uncertain_v0.17_s0.5_qt0_qd0_Lnone/both/G2,-0.0277,-0.0456,-0.0101
2,r3_inside,shrinking/both/G2,uncertain_v0.17_s0.5_qt0_qd0_Lnone/both/G2,-0.0041,-0.0090,0.0009
1,r1_rms_200,shrinking/both/G0,uncertain_v0.17_s0.5_qt0_qd0_L0.42/both/G0,0.0332,0.0208,0.0454
1,r3_inside,shrinking/both/G0,uncertain_v0.17_s0.5_qt0_qd0_L0.42/both/G0,-0.0041,-0.0107,0.0025
1,r4_false,shrinking/both/G0,uncertain_v0.17_s0.5_qt0_qd0_L0.42/both/G0,0.0032,-0.0163,0.0233
2,r6_lag,shrinking/both/G2,uncertain_v0.17_s0.5_qt0_qd0_L0.42/both/G2,-0.0277,-0.0448,-0.0109
2,r3_inside,shrinking/both/G2,uncertain_v0.17_s0.5_qt0_qd0_L0.42/both/G2,-0.0041,-0.0091,0.0008
1,r1_rms_200,shrinking/both/G0,uncertain_v0.17_s0.5_qt0_qd0_L0.3/both/G0,0.0332,0.0208,0.0454
1,r3_inside,shrinking/both/G0,uncertain_v0.17_s0.5_qt0_qd0_L0.3/both/G0,-0.0039,-0.0104,0.0021
1,r4_false,shrinking/both/G0,uncertain_v0.17_s0.5_qt0_qd0_L0.3/both/G0,0.0044,-0.0149,0.0248
2,r6_lag,shrinking/both/G2,uncertain_v0.17_s0.5_qt0_qd0_L0.3/both/G2,-0.0312,-0.0489,-0.0142
2,r3_inside,shrinking/both/G2,uncertain_v0.17_s0.5_qt0_qd0_L0.3/both/G2,-0.0040,-0.0090,0.0012
1,r1_rms_200,shrinking/both/G0,uncertain_v0.17_s0.5_qt0_qd0.006_Lnone/both/G0,0.0269,0.0159,0.0382
1,r3_inside,shrinking/both/G0,uncertain_v0.17_s0.5_qt0_qd0.006_Lnone/both/G0,0.0003,-0.0054,0.0065
1,r4_false,shrinking/both/G0,uncertain_v0.17_s0.5_qt0_qd0.006_Lnone/both/G0,0.0040,-0.0154,0.0237
2,r6_lag,shrinking/both/G2,uncertain_v0.17_s0.5_qt0_qd0.006_Lnone/both/G2,-0.0656,-0.0828,-0.0483
2,r3_inside,shrinking/both/G2,uncertain_v0.17_s0.5_qt0_qd0.006_Lnone/both/G2,-0.0128,-0.0179,-0.0076
1,r1_rms_200,shrinking/both/G0,uncertain_v0.17_s0.5_qt0_qd0.006_L0.42/both/G0,0.0269,0.0153,0.0389
1,r3_inside,shrinking/both/G0,uncertain_v0.17_s0.5_qt0_qd0.006_L0.42/both/G0,0.0003,-0.0056,0.0066
1,r4_false,shrinking/both/G0,uncertain_v0.17_s0.5_qt0_qd0.006_L0.42/both/G0,0.0040,-0.0140,0.0221
2,r6_lag,shrinking/both/G2,uncertain_v0.17_s0.5_qt0_qd0.006_L0.42/both/G2,-0.0656,-0.0840,-0.0486
2,r3_inside,shrinking/both/G2,uncertain_v0.17_s0.5_qt0_qd0.006_L0.42/both/G2,-0.0128,-0.0180,-0.0075
1,r1_rms_200,shrinking/both/G0,uncertain_v0.17_s0.5_qt0_qd0.006_L0.3/both/G0,0.0258,0.0141,0.0375
1,r3_inside,shrinking/both/G0,uncertain_v0.17_s0.5_qt0_qd0.006_L0.3/both/G0,0.0010,-0.0054,0.0071
1,r4_false,shrinking/both/G0,uncertain_v0.17_s0.5_qt0_qd0.006_L0.3/both/G0,0.0051,-0.0133,0.0235
2,r6_lag,shrinking/both/G2,uncertain_v0.17_s0.5_qt0_qd0.006_L0.3/both/G2,-0.0652,-0.0827,-0.0476
2,r3_inside,shrinking/both/G2,uncertain_v0.17_s0.5_qt0_qd0.006_L0.3/both/G2,-0.0131,-0.0183,-0.0080
1,r1_rms_200,shrinking/both/G0,uncertain_v0.17_s0.5_qt0_qd0.03_Lnone/both/G0,-0.0214,-0.0356,-0.0071
1,r3_inside,shrinking/both/G0,uncertain_v0.17_s0.5_qt0_qd0.03_Lnone/both/G0,0.0102,0.0038,0.0167
1,r4_false,shrinking/both/G0,uncertain_v0.17_s0.5_qt0_qd0.03_Lnone/both/G0,-0.0062,-0.0244,0.0110
2,r6_lag,shrinking/both/G2,uncertain_v0.17_s0.5_qt0_qd0.03_Lnone/both/G2,-0.1442,-0.1625,-0.1255
2,r3_inside,shrinking/both/G2,uncertain_v0.17_s0.5_qt0_qd0.03_Lnone/both/G2,-0.0272,-0.0326,-0.0218
1,r1_rms_200,shrinking/both/G0,uncertain_v0.17_s0.5_qt0_qd0.03_L0.42/both/G0,-0.0214,-0.0360,-0.0070
1,r3_inside,shrinking/both/G0,uncertain_v0.17_s0.5_qt0_qd0.03_L0.42/both/G0,0.0102,0.0040,0.0168
1,r4_false,shrinking/both/G0,uncertain_v0.17_s0.5_qt0_qd0.03_L0.42/both/G0,-0.0062,-0.0244,0.0126
2,r6_lag,shrinking/both/G2,uncertain_v0.17_s0.5_qt0_qd0.03_L0.42/both/G2,-0.1442,-0.1640,-0.1251
2,r3_inside,shrinking/both/G2,uncertain_v0.17_s0.5_qt0_qd0.03_L0.42/both/G2,-0.0272,-0.0327,-0.0218
1,r1_rms_200,shrinking/both/G0,uncertain_v0.17_s0.5_qt0_qd0.03_L0.3/both/G0,-0.0153,-0.0310,0.0012
1,r3_inside,shrinking/both/G0,uncertain_v0.17_s0.5_qt0_qd0.03_L0.3/both/G0,0.0032,-0.0038,0.0101
1,r4_false,shrinking/both/G0,uncertain_v0.17_s0.5_qt0_qd0.03_L0.3/both/G0,-0.0093,-0.0270,0.0090
2,r6_lag,shrinking/both/G2,uncertain_v0.17_s0.5_qt0_qd0.03_L0.3/both/G2,-0.1866,-0.2066,-0.1682
2,r3_inside,shrinking/both/G2,uncertain_v0.17_s0.5_qt0_qd0.03_L0.3/both/G2,-0.0376,-0.0427,-0.0322
1,r1_rms_200,shrinking/both/G0,uncertain_v0.17_s0.5_qt0.003_qd0_Lnone/both/G0,0.0132,-0.0050,0.0312
1,r3_inside,shrinking/both/G0,uncertain_v0.17_s0.5_qt0.003_qd0_Lnone/both/G0,-0.0064,-0.0143,0.0011
1,r4_false,shrinking/both/G0,uncertain_v0.17_s0.5_qt0.003_qd0_Lnone/both/G0,-0.0249,-0.0459,-0.0037
2,r6_lag,shrinking/both/G2,uncertain_v0.17_s0.5_qt0.003_qd0_Lnone/both/G2,-0.4750,-0.5046,-0.4436
2,r3_inside,shrinking/both/G2,uncertain_v0.17_s0.5_qt0.003_qd0_Lnone/both/G2,-0.0950,-0.1019,-0.0881
1,r1_rms_200,shrinking/both/G0,uncertain_v0.17_s0.5_qt0.003_qd0_L0.42/both/G0,0.0132,-0.0053,0.0323
1,r3_inside,shrinking/both/G0,uncertain_v0.17_s0.5_qt0.003_qd0_L0.42/both/G0,-0.0064,-0.0139,0.0012
1,r4_false,shrinking/both/G0,uncertain_v0.17_s0.5_qt0.003_qd0_L0.42/both/G0,-0.0249,-0.0449,-0.0042
2,r6_lag,shrinking/both/G2,uncertain_v0.17_s0.5_qt0.003_qd0_L0.42/both/G2,-0.4750,-0.5065,-0.4432
2,r3_inside,shrinking/both/G2,uncertain_v0.17_s0.5_qt0.003_qd0_L0.42/both/G2,-0.0950,-0.1018,-0.0880
1,r1_rms_200,shrinking/both/G0,uncertain_v0.17_s0.5_qt0.003_qd0_L0.3/both/G0,0.0098,-0.0084,0.0274
1,r3_inside,shrinking/both/G0,uncertain_v0.17_s0.5_qt0.003_qd0_L0.3/both/G0,-0.0054,-0.0127,0.0022
1,r4_false,shrinking/both/G0,uncertain_v0.17_s0.5_qt0.003_qd0_L0.3/both/G0,-0.0229,-0.0449,-0.0016
2,r6_lag,shrinking/both/G2,uncertain_v0.17_s0.5_qt0.003_qd0_L0.3/both/G2,-0.4796,-0.5093,-0.4486
2,r3_inside,shrinking/both/G2,uncertain_v0.17_s0.5_qt0.003_qd0_L0.3/both/G2,-0.0947,-0.1018,-0.0876
1,r1_rms_200,shrinking/both/G0,uncertain_v0.17_s0.5_qt0.003_qd0.006_Lnone/both/G0,-0.0066,-0.0259,0.0119
1,r3_inside,shrinking/both/G0,uncertain_v0.17_s0.5_qt0.003_qd0.006_Lnone/both/G0,-0.0021,-0.0094,0.0054
1,r4_false,shrinking/both/G0,uncertain_v0.17_s0.5_qt0.003_qd0.006_Lnone/both/G0,-0.0312,-0.0530,-0.0099
2,r6_lag,shrinking/both/G2,uncertain_v0.17_s0.5_qt0.003_qd0.006_Lnone/both/G2,-0.4864,-0.5188,-0.4548
2,r3_inside,shrinking/both/G2,uncertain_v0.17_s0.5_qt0.003_qd0.006_Lnone/both/G2,-0.0942,-0.1011,-0.0869
1,r1_rms_200,shrinking/both/G0,uncertain_v0.17_s0.5_qt0.003_qd0.006_L0.42/both/G0,-0.0066,-0.0263,0.0132
1,r3_inside,shrinking/both/G0,uncertain_v0.17_s0.5_qt0.003_qd0.006_L0.42/both/G0,-0.0021,-0.0091,0.0052
1,r4_false,shrinking/both/G0,uncertain_v0.17_s0.5_qt0.003_qd0.006_L0.42/both/G0,-0.0312,-0.0517,-0.0103
2,r6_lag,shrinking/both/G2,uncertain_v0.17_s0.5_qt0.003_qd0.006_L0.42/both/G2,-0.4864,-0.5170,-0.4551
2,r3_inside,shrinking/both/G2,uncertain_v0.17_s0.5_qt0.003_qd0.006_L0.42/both/G2,-0.0942,-0.1015,-0.0871
1,r1_rms_200,shrinking/both/G0,uncertain_v0.17_s0.5_qt0.003_qd0.006_L0.3/both/G0,-0.0087,-0.0272,0.0117
1,r3_inside,shrinking/both/G0,uncertain_v0.17_s0.5_qt0.003_qd0.006_L0.3/both/G0,0.0004,-0.0071,0.0076
1,r4_false,shrinking/both/G0,uncertain_v0.17_s0.5_qt0.003_qd0.006_L0.3/both/G0,-0.0325,-0.0543,-0.0102
2,r6_lag,shrinking/both/G2,uncertain_v0.17_s0.5_qt0.003_qd0.006_L0.3/both/G2,-0.4874,-0.5194,-0.4551
2,r3_inside,shrinking/both/G2,uncertain_v0.17_s0.5_qt0.003_qd0.006_L0.3/both/G2,-0.0964,-0.1039,-0.0890
1,r1_rms_200,shrinking/both/G0,uncertain_v0.17_s0.5_qt0.003_qd0.03_Lnone/both/G0,-0.0601,-0.0800,-0.0406
1,r3_inside,shrinking/both/G0,uncertain_v0.17_s0.5_qt0.003_qd0.03_Lnone/both/G0,0.0133,0.0058,0.0207
1,r4_false,shrinking/both/G0,uncertain_v0.17_s0.5_qt0.003_qd0.03_Lnone/both/G0,-0.0229,-0.0439,-0.0020
2,r6_lag,shrinking/both/G2,uncertain_v0.17_s0.5_qt0.003_qd0.03_Lnone/both/G2,-0.5086,-0.5412,-0.4769
2,r3_inside,shrinking/both/G2,uncertain_v0.17_s0.5_qt0.003_qd0.03_Lnone/both/G2,-0.0982,-0.1059,-0.0906
1,r1_rms_200,shrinking/both/G0,uncertain_v0.17_s0.5_qt0.003_qd0.03_L0.42/both/G0,-0.0548,-0.0762,-0.0331
1,r3_inside,shrinking/both/G0,uncertain_v0.17_s0.5_qt0.003_qd0.03_L0.42/both/G0,0.0141,0.0064,0.0215
1,r4_false,shrinking/both/G0,uncertain_v0.17_s0.5_qt0.003_qd0.03_L0.42/both/G0,-0.0262,-0.0464,-0.0052
2,r6_lag,shrinking/both/G2,uncertain_v0.17_s0.5_qt0.003_qd0.03_L0.42/both/G2,-0.5095,-0.5434,-0.4753
2,r3_inside,shrinking/both/G2,uncertain_v0.17_s0.5_qt0.003_qd0.03_L0.42/both/G2,-0.0988,-0.1066,-0.0915
1,r1_rms_200,shrinking/both/G0,uncertain_v0.17_s0.5_qt0.003_qd0.03_L0.3/both/G0,-0.0842,-0.1101,-0.0581
1,r3_inside,shrinking/both/G0,uncertain_v0.17_s0.5_qt0.003_qd0.03_L0.3/both/G0,0.0072,-0.0007,0.0153
1,r4_false,shrinking/both/G0,uncertain_v0.17_s0.5_qt0.003_qd0.03_L0.3/both/G0,-0.0605,-0.0844,-0.0376
2,r6_lag,shrinking/both/G2,uncertain_v0.17_s0.5_qt0.003_qd0.03_L0.3/both/G2,-0.7193,-0.7525,-0.6857
2,r3_inside,shrinking/both/G2,uncertain_v0.17_s0.5_qt0.003_qd0.03_L0.3/both/G2,-0.1365,-0.1440,-0.1287
1,r1_rms_200,shrinking/both/G0,uncertain_v0.17_s0.5_qt0.01_qd0_Lnone/both/G0,-0.0505,-0.0747,-0.0274
1,r3_inside,shrinking/both/G0,uncertain_v0.17_s0.5_qt0.01_qd0_Lnone/both/G0,0.0093,0.0008,0.0172
1,r4_false,shrinking/both/G0,uncertain_v0.17_s0.5_qt0.01_qd0_Lnone/both/G0,-0.0331,-0.0553,-0.0075
2,r6_lag,shrinking/both/G2,uncertain_v0.17_s0.5_qt0.01_qd0_Lnone/both/G2,-0.6867,-0.7287,-0.6441
2,r3_inside,shrinking/both/G2,uncertain_v0.17_s0.5_qt0.01_qd0_Lnone/both/G2,-0.1278,-0.1374,-0.1182
1,r1_rms_200,shrinking/both/G0,uncertain_v0.17_s0.5_qt0.01_qd0_L0.42/both/G0,-0.0505,-0.0731,-0.0262
1,r3_inside,shrinking/both/G0,uncertain_v0.17_s0.5_qt0.01_qd0_L0.42/both/G0,0.0093,0.0009,0.0179
1,r4_false,shrinking/both/G0,uncertain_v0.17_s0.5_qt0.01_qd0_L0.42/both/G0,-0.0331,-0.0560,-0.0087
2,r6_lag,shrinking/both/G2,uncertain_v0.17_s0.5_qt0.01_qd0_L0.42/both/G2,-0.6867,-0.7288,-0.6437
2,r3_inside,shrinking/both/G2,uncertain_v0.17_s0.5_qt0.01_qd0_L0.42/both/G2,-0.1278,-0.1374,-0.1181
1,r1_rms_200,shrinking/both/G0,uncertain_v0.17_s0.5_qt0.01_qd0_L0.3/both/G0,-0.0462,-0.0696,-0.0228
1,r3_inside,shrinking/both/G0,uncertain_v0.17_s0.5_qt0.01_qd0_L0.3/both/G0,0.0038,-0.0046,0.0118
1,r4_false,shrinking/both/G0,uncertain_v0.17_s0.5_qt0.01_qd0_L0.3/both/G0,-0.0303,-0.0548,-0.0076
2,r6_lag,shrinking/both/G2,uncertain_v0.17_s0.5_qt0.01_qd0_L0.3/both/G2,-0.7598,-0.8011,-0.7185
2,r3_inside,shrinking/both/G2,uncertain_v0.17_s0.5_qt0.01_qd0_L0.3/both/G2,-0.1427,-0.1521,-0.1336
1,r1_rms_200,shrinking/both/G0,uncertain_v0.17_s0.5_qt0.01_qd0.006_Lnone/both/G0,-0.0648,-0.0882,-0.0414
1,r3_inside,shrinking/both/G0,uncertain_v0.17_s0.5_qt0.01_qd0.006_Lnone/both/G0,0.0113,0.0038,0.0191
1,r4_false,shrinking/both/G0,uncertain_v0.17_s0.5_qt0.01_qd0.006_Lnone/both/G0,-0.0388,-0.0614,-0.0149
2,r6_lag,shrinking/both/G2,uncertain_v0.17_s0.5_qt0.01_qd0.006_Lnone/both/G2,-0.6973,-0.7403,-0.6541
2,r3_inside,shrinking/both/G2,uncertain_v0.17_s0.5_qt0.01_qd0.006_Lnone/both/G2,-0.1299,-0.1396,-0.1200
1,r1_rms_200,shrinking/both/G0,uncertain_v0.17_s0.5_qt0.01_qd0.006_L0.42/both/G0,-0.0648,-0.0886,-0.0418
1,r3_inside,shrinking/both/G0,uncertain_v0.17_s0.5_qt0.01_qd0.006_L0.42/both/G0,0.0113,0.0031,0.0192
1,r4_false,shrinking/both/G0,uncertain_v0.17_s0.5_qt0.01_qd0.006_L0.42/both/G0,-0.0388,-0.0611,-0.0143
2,r6_lag,shrinking/both/G2,uncertain_v0.17_s0.5_qt0.01_qd0.006_L0.42/both/G2,-0.6973,-0.7409,-0.6543
2,r3_inside,shrinking/both/G2,uncertain_v0.17_s0.5_qt0.01_qd0.006_L0.42/both/G2,-0.1299,-0.1395,-0.1194
1,r1_rms_200,shrinking/both/G0,uncertain_v0.17_s0.5_qt0.01_qd0.006_L0.3/both/G0,-0.0535,-0.0797,-0.0280
1,r3_inside,shrinking/both/G0,uncertain_v0.17_s0.5_qt0.01_qd0.006_L0.3/both/G0,0.0068,-0.0014,0.0158
1,r4_false,shrinking/both/G0,uncertain_v0.17_s0.5_qt0.01_qd0.006_L0.3/both/G0,-0.0501,-0.0742,-0.0253
2,r6_lag,shrinking/both/G2,uncertain_v0.17_s0.5_qt0.01_qd0.006_L0.3/both/G2,-0.8623,-0.9032,-0.8200
2,r3_inside,shrinking/both/G2,uncertain_v0.17_s0.5_qt0.01_qd0.006_L0.3/both/G2,-0.1521,-0.1620,-0.1420
1,r1_rms_200,shrinking/both/G0,uncertain_v0.17_s0.5_qt0.01_qd0.03_Lnone/both/G0,-0.1057,-0.1322,-0.0805
1,r3_inside,shrinking/both/G0,uncertain_v0.17_s0.5_qt0.01_qd0.03_Lnone/both/G0,0.0243,0.0163,0.0321
1,r4_false,shrinking/both/G0,uncertain_v0.17_s0.5_qt0.01_qd0.03_Lnone/both/G0,-0.0362,-0.0605,-0.0129
2,r6_lag,shrinking/both/G2,uncertain_v0.17_s0.5_qt0.01_qd0.03_Lnone/both/G2,-0.6898,-0.7327,-0.6472
2,r3_inside,shrinking/both/G2,uncertain_v0.17_s0.5_qt0.01_qd0.03_Lnone/both/G2,-0.1247,-0.1339,-0.1154
1,r1_rms_200,shrinking/both/G0,uncertain_v0.17_s0.5_qt0.01_qd0.03_L0.42/both/G0,-0.1091,-0.1332,-0.0836
1,r3_inside,shrinking/both/G0,uncertain_v0.17_s0.5_qt0.01_qd0.03_L0.42/both/G0,0.0175,0.0092,0.0260
1,r4_false,shrinking/both/G0,uncertain_v0.17_s0.5_qt0.01_qd0.03_L0.42/both/G0,-0.0480,-0.0714,-0.0239
2,r6_lag,shrinking/both/G2,uncertain_v0.17_s0.5_qt0.01_qd0.03_L0.42/both/G2,-0.8085,-0.8500,-0.7667
2,r3_inside,shrinking/both/G2,uncertain_v0.17_s0.5_qt0.01_qd0.03_L0.42/both/G2,-0.1408,-0.1506,-0.1309
1,r1_rms_200,shrinking/both/G0,uncertain_v0.17_s0.5_qt0.01_qd0.03_L0.3/both/G0,-0.2332,-0.2685,-0.1972
1,r3_inside,shrinking/both/G0,uncertain_v0.17_s0.5_qt0.01_qd0.03_L0.3/both/G0,0.0411,0.0307,0.0513
1,r4_false,shrinking/both/G0,uncertain_v0.17_s0.5_qt0.01_qd0.03_L0.3/both/G0,-0.0888,-0.1161,-0.0630
2,r6_lag,shrinking/both/G2,uncertain_v0.17_s0.5_qt0.01_qd0.03_L0.3/both/G2,-1.1651,-1.2034,-1.1266
2,r3_inside,shrinking/both/G2,uncertain_v0.17_s0.5_qt0.01_qd0.03_L0.3/both/G2,-0.1711,-0.1815,-0.1599
1,r1_rms_200,shrinking/both/G0,uncertain_v0.17_s0.7_qt0_qd0_Lnone/both/G0,0.0056,-0.0066,0.0175
1,r3_inside,shrinking/both/G0,uncertain_v0.17_s0.7_qt0_qd0_Lnone/both/G0,0.0024,-0.0033,0.0083
1,r4_false,shrinking/both/G0,uncertain_v0.17_s0.7_qt0_qd0_Lnone/both/G0,-0.0048,-0.0217,0.0127
2,r6_lag,shrinking/both/G2,uncertain_v0.17_s0.7_qt0_qd0_Lnone/both/G2,-0.0893,-0.1061,-0.0719
2,r3_inside,shrinking/both/G2,uncertain_v0.17_s0.7_qt0_qd0_Lnone/both/G2,-0.0184,-0.0235,-0.0134
1,r1_rms_200,shrinking/both/G0,uncertain_v0.17_s0.7_qt0_qd0_L0.42/both/G0,0.0058,-0.0054,0.0170
1,r3_inside,shrinking/both/G0,uncertain_v0.17_s0.7_qt0_qd0_L0.42/both/G0,0.0017,-0.0044,0.0080
1,r4_false,shrinking/both/G0,uncertain_v0.17_s0.7_qt0_qd0_L0.42/both/G0,-0.0036,-0.0203,0.0141
2,r6_lag,shrinking/both/G2,uncertain_v0.17_s0.7_qt0_qd0_L0.42/both/G2,-0.0838,-0.1016,-0.0654
2,r3_inside,shrinking/both/G2,uncertain_v0.17_s0.7_qt0_qd0_L0.42/both/G2,-0.0181,-0.0236,-0.0130
1,r1_rms_200,shrinking/both/G0,uncertain_v0.17_s0.7_qt0_qd0_L0.3/both/G0,0.0101,-0.0044,0.0238
1,r3_inside,shrinking/both/G0,uncertain_v0.17_s0.7_qt0_qd0_L0.3/both/G0,0.0001,-0.0074,0.0077
1,r4_false,shrinking/both/G0,uncertain_v0.17_s0.7_qt0_qd0_L0.3/both/G0,-0.0117,-0.0345,0.0108
2,r6_lag,shrinking/both/G2,uncertain_v0.17_s0.7_qt0_qd0_L0.3/both/G2,-0.1604,-0.1795,-0.1406
2,r3_inside,shrinking/both/G2,uncertain_v0.17_s0.7_qt0_qd0_L0.3/both/G2,-0.0354,-0.0414,-0.0292
1,r1_rms_200,shrinking/both/G0,uncertain_v0.17_s0.7_qt0_qd0.006_Lnone/both/G0,0.0001,-0.0128,0.0124
1,r3_inside,shrinking/both/G0,uncertain_v0.17_s0.7_qt0_qd0.006_Lnone/both/G0,0.0046,-0.0014,0.0104
1,r4_false,shrinking/both/G0,uncertain_v0.17_s0.7_qt0_qd0.006_Lnone/both/G0,-0.0065,-0.0255,0.0120
2,r6_lag,shrinking/both/G2,uncertain_v0.17_s0.7_qt0_qd0.006_Lnone/both/G2,-0.1203,-0.1373,-0.1023
2,r3_inside,shrinking/both/G2,uncertain_v0.17_s0.7_qt0_qd0.006_Lnone/both/G2,-0.0239,-0.0291,-0.0191
1,r1_rms_200,shrinking/both/G0,uncertain_v0.17_s0.7_qt0_qd0.006_L0.42/both/G0,0.0018,-0.0109,0.0151
1,r3_inside,shrinking/both/G0,uncertain_v0.17_s0.7_qt0_qd0.006_L0.42/both/G0,0.0045,-0.0019,0.0107
1,r4_false,shrinking/both/G0,uncertain_v0.17_s0.7_qt0_qd0.006_L0.42/both/G0,-0.0058,-0.0218,0.0108
2,r6_lag,shrinking/both/G2,uncertain_v0.17_s0.7_qt0_qd0.006_L0.42/both/G2,-0.1209,-0.1374,-0.1037
2,r3_inside,shrinking/both/G2,uncertain_v0.17_s0.7_qt0_qd0.006_L0.42/both/G2,-0.0234,-0.0283,-0.0186
1,r1_rms_200,shrinking/both/G0,uncertain_v0.17_s0.7_qt0_qd0.006_L0.3/both/G0,0.0075,-0.0068,0.0223
1,r3_inside,shrinking/both/G0,uncertain_v0.17_s0.7_qt0_qd0.006_L0.3/both/G0,0.0062,-0.0010,0.0134
1,r4_false,shrinking/both/G0,uncertain_v0.17_s0.7_qt0_qd0.006_L0.3/both/G0,-0.0246,-0.0465,-0.0010
2,r6_lag,shrinking/both/G2,uncertain_v0.17_s0.7_qt0_qd0.006_L0.3/both/G2,-0.2017,-0.2203,-0.1831
2,r3_inside,shrinking/both/G2,uncertain_v0.17_s0.7_qt0_qd0.006_L0.3/both/G2,-0.0413,-0.0475,-0.0346
1,r1_rms_200,shrinking/both/G0,uncertain_v0.17_s0.7_qt0_qd0.03_Lnone/both/G0,-0.0551,-0.0722,-0.0385
1,r3_inside,shrinking/both/G0,uncertain_v0.17_s0.7_qt0_qd0.03_Lnone/both/G0,0.0140,0.0075,0.0205
1,r4_false,shrinking/both/G0,uncertain_v0.17_s0.7_qt0_qd0.03_Lnone/both/G0,-0.0129,-0.0314,0.0065
2,r6_lag,shrinking/both/G2,uncertain_v0.17_s0.7_qt0_qd0.03_Lnone/both/G2,-0.1845,-0.2057,-0.1635
2,r3_inside,shrinking/both/G2,uncertain_v0.17_s0.7_qt0_qd0.03_Lnone/both/G2,-0.0348,-0.0407,-0.0290
1,r1_rms_200,shrinking/both/G0,uncertain_v0.17_s0.7_qt0_qd0.03_L0.42/both/G0,-0.0511,-0.0658,-0.0350
1,r3_inside,shrinking/both/G0,uncertain_v0.17_s0.7_qt0_qd0.03_L0.42/both/G0,0.0168,0.0106,0.0233
1,r4_false,shrinking/both/G0,uncertain_v0.17_s0.7_qt0_qd0.03_L0.42/both/G0,-0.0154,-0.0360,0.0061
2,r6_lag,shrinking/both/G2,uncertain_v0.17_s0.7_qt0_qd0.03_L0.42/both/G2,-0.2023,-0.2244,-0.1810
2,r3_inside,shrinking/both/G2,uncertain_v0.17_s0.7_qt0_qd0.03_L0.42/both/G2,-0.0401,-0.0460,-0.0341
1,r1_rms_200,shrinking/both/G0,uncertain_v0.17_s0.7_qt0_qd0.03_L0.3/both/G0,-0.0690,-0.0895,-0.0478
1,r3_inside,shrinking/both/G0,uncertain_v0.17_s0.7_qt0_qd0.03_L0.3/both/G0,0.0139,0.0057,0.0223
1,r4_false,shrinking/both/G0,uncertain_v0.17_s0.7_qt0_qd0.03_L0.3/both/G0,-0.0555,-0.0799,-0.0301
2,r6_lag,shrinking/both/G2,uncertain_v0.17_s0.7_qt0_qd0.03_L0.3/both/G2,-0.4157,-0.4361,-0.3946
2,r3_inside,shrinking/both/G2,uncertain_v0.17_s0.7_qt0_qd0.03_L0.3/both/G2,-0.0871,-0.0944,-0.0795
1,r1_rms_200,shrinking/both/G0,uncertain_v0.17_s0.7_qt0.003_qd0_Lnone/both/G0,-0.0308,-0.0488,-0.0129
1,r3_inside,shrinking/both/G0,uncertain_v0.17_s0.7_qt0.003_qd0_Lnone/both/G0,0.0053,-0.0019,0.0126
1,r4_false,shrinking/both/G0,uncertain_v0.17_s0.7_qt0.003_qd0_Lnone/both/G0,-0.0291,-0.0485,-0.0099
2,r6_lag,shrinking/both/G2,uncertain_v0.17_s0.7_qt0.003_qd0_Lnone/both/G2,-0.4899,-0.5255,-0.4564
2,r3_inside,shrinking/both/G2,uncertain_v0.17_s0.7_qt0.003_qd0_Lnone/both/G2,-0.0974,-0.1057,-0.0889
1,r1_rms_200,shrinking/both/G0,uncertain_v0.17_s0.7_qt0.003_qd0_L0.42/both/G0,-0.0242,-0.0448,-0.0038
1,r3_inside,shrinking/both/G0,uncertain_v0.17_s0.7_qt0.003_qd0_L0.42/both/G0,0.0019,-0.0051,0.0093
1,r4_false,shrinking/both/G0,uncertain_v0.17_s0.7_qt0.003_qd0_L0.42/both/G0,-0.0340,-0.0541,-0.0138
2,r6_lag,shrinking/both/G2,uncertain_v0.17_s0.7_qt0.003_qd0_L0.42/both/G2,-0.4961,-0.5303,-0.4627
2,r3_inside,shrinking/both/G2,uncertain_v0.17_s0.7_qt0.003_qd0_L0.42/both/G2,-0.1015,-0.1095,-0.0936
1,r1_rms_200,shrinking/both/G0,uncertain_v0.17_s0.7_qt0.003_qd0_L0.3/both/G0,-0.0134,-0.0343,0.0076
1,r3_inside,shrinking/both/G0,uncertain_v0.17_s0.7_qt0.003_qd0_L0.3/both/G0,0.0061,-0.0016,0.0140
1,r4_false,shrinking/both/G0,uncertain_v0.17_s0.7_qt0.003_qd0_L0.3/both/G0,-0.0441,-0.0662,-0.0216
2,r6_lag,shrinking/both/G2,uncertain_v0.17_s0.7_qt0.003_qd0_L0.3/both/G2,-0.6035,-0.6372,-0.5674
2,r3_inside,shrinking/both/G2,uncertain_v0.17_s0.7_qt0.003_qd0_L0.3/both/G2,-0.1232,-0.1323,-0.1142
1,r1_rms_200,shrinking/both/G0,uncertain_v0.17_s0.7_qt0.003_qd0.006_Lnone/both/G0,-0.0423,-0.0612,-0.0226
1,r3_inside,shrinking/both/G0,uncertain_v0.17_s0.7_qt0.003_qd0.006_Lnone/both/G0,0.0083,0.0009,0.0156
1,r4_false,shrinking/both/G0,uncertain_v0.17_s0.7_qt0.003_qd0.006_Lnone/both/G0,-0.0362,-0.0571,-0.0155
2,r6_lag,shrinking/both/G2,uncertain_v0.17_s0.7_qt0.003_qd0.006_Lnone/both/G2,-0.5035,-0.5358,-0.4709
2,r3_inside,shrinking/both/G2,uncertain_v0.17_s0.7_qt0.003_qd0.006_Lnone/both/G2,-0.1015,-0.1092,-0.0939
1,r1_rms_200,shrinking/both/G0,uncertain_v0.17_s0.7_qt0.003_qd0.006_L0.42/both/G0,-0.0383,-0.0571,-0.0186
1,r3_inside,shrinking/both/G0,uncertain_v0.17_s0.7_qt0.003_qd0.006_L0.42/both/G0,0.0048,-0.0025,0.0118
1,r4_false,shrinking/both/G0,uncertain_v0.17_s0.7_qt0.003_qd0.006_L0.42/both/G0,-0.0360,-0.0575,-0.0143
2,r6_lag,shrinking/both/G2,uncertain_v0.17_s0.7_qt0.003_qd0.006_L0.42/both/G2,-0.5031,-0.5378,-0.4674
2,r3_inside,shrinking/both/G2,uncertain_v0.17_s0.7_qt0.003_qd0.006_L0.42/both/G2,-0.1000,-0.1081,-0.0924
1,r1_rms_200,shrinking/both/G0,uncertain_v0.17_s0.7_qt0.003_qd0.006_L0.3/both/G0,-0.0330,-0.0527,-0.0125
1,r3_inside,shrinking/both/G0,uncertain_v0.17_s0.7_qt0.003_qd0.006_L0.3/both/G0,0.0097,0.0011,0.0179
1,r4_false,shrinking/both/G0,uncertain_v0.17_s0.7_qt0.003_qd0.006_L0.3/both/G0,-0.0552,-0.0798,-0.0302
2,r6_lag,shrinking/both/G2,uncertain_v0.17_s0.7_qt0.003_qd0.006_L0.3/both/G2,-0.6645,-0.6974,-0.6324
2,r3_inside,shrinking/both/G2,uncertain_v0.17_s0.7_qt0.003_qd0.006_L0.3/both/G2,-0.1318,-0.1409,-0.1223
1,r1_rms_200,shrinking/both/G0,uncertain_v0.17_s0.7_qt0.003_qd0.03_Lnone/both/G0,-0.0932,-0.1158,-0.0714
1,r3_inside,shrinking/both/G0,uncertain_v0.17_s0.7_qt0.003_qd0.03_Lnone/both/G0,0.0203,0.0130,0.0280
1,r4_false,shrinking/both/G0,uncertain_v0.17_s0.7_qt0.003_qd0.03_Lnone/both/G0,-0.0269,-0.0488,-0.0049
2,r6_lag,shrinking/both/G2,uncertain_v0.17_s0.7_qt0.003_qd0.03_Lnone/both/G2,-0.5301,-0.5640,-0.4947
2,r3_inside,shrinking/both/G2,uncertain_v0.17_s0.7_qt0.003_qd0.03_Lnone/both/G2,-0.1010,-0.1089,-0.0928
1,r1_rms_200,shrinking/both/G0,uncertain_v0.17_s0.7_qt0.003_qd0.03_L0.42/both/G0,-0.0820,-0.1037,-0.0604
1,r3_inside,shrinking/both/G0,uncertain_v0.17_s0.7_qt0.003_qd0.03_L0.42/both/G0,0.0146,0.0070,0.0221
1,r4_false,shrinking/both/G0,uncertain_v0.17_s0.7_qt0.003_qd0.03_L0.42/both/G0,-0.0267,-0.0484,-0.0042
2,r6_lag,shrinking/both/G2,uncertain_v0.17_s0.7_qt0.003_qd0.03_L0.42/both/G2,-0.5785,-0.6109,-0.5449
2,r3_inside,shrinking/both/G2,uncertain_v0.17_s0.7_qt0.003_qd0.03_L0.42/both/G2,-0.1136,-0.1218,-0.1060
1,r1_rms_200,shrinking/both/G0,uncertain_v0.17_s0.7_qt0.003_qd0.03_L0.3/both/G0,-0.1803,-0.2090,-0.1514
1,r3_inside,shrinking/both/G0,uncertain_v0.17_s0.7_qt0.003_qd0.03_L0.3/both/G0,0.0310,0.0218,0.0408
1,r4_false,shrinking/both/G0,uncertain_v0.17_s0.7_qt0.003_qd0.03_L0.3/both/G0,-0.0683,-0.0959,-0.0403
2,r6_lag,shrinking/both/G2,uncertain_v0.17_s0.7_qt0.003_qd0.03_L0.3/both/G2,-0.9156,-0.9487,-0.8828
2,r3_inside,shrinking/both/G2,uncertain_v0.17_s0.7_qt0.003_qd0.03_L0.3/both/G2,-0.1599,-0.1708,-0.1497
1,r1_rms_200,shrinking/both/G0,uncertain_v0.17_s0.7_qt0.01_qd0_Lnone/both/G0,-0.0980,-0.1234,-0.0725
1,r3_inside,shrinking/both/G0,uncertain_v0.17_s0.7_qt0.01_qd0_Lnone/both/G0,0.0167,0.0090,0.0249
1,r4_false,shrinking/both/G0,uncertain_v0.17_s0.7_qt0.01_qd0_Lnone/both/G0,-0.0401,-0.0634,-0.0166
2,r6_lag,shrinking/both/G2,uncertain_v0.17_s0.7_qt0.01_qd0_Lnone/both/G2,-0.6803,-0.7196,-0.6382
2,r3_inside,shrinking/both/G2,uncertain_v0.17_s0.7_qt0.01_qd0_Lnone/both/G2,-0.1257,-0.1360,-0.1161
1,r1_rms_200,shrinking/both/G0,uncertain_v0.17_s0.7_qt0.01_qd0_L0.42/both/G0,-0.0810,-0.1067,-0.0570
1,r3_inside,shrinking/both/G0,uncertain_v0.17_s0.7_qt0.01_qd0_L0.42/both/G0,0.0136,0.0056,0.0215
1,r4_false,shrinking/both/G0,uncertain_v0.17_s0.7_qt0.01_qd0_L0.42/both/G0,-0.0561,-0.0787,-0.0342
2,r6_lag,shrinking/both/G2,uncertain_v0.17_s0.7_qt0.01_qd0_L0.42/both/G2,-0.7195,-0.7610,-0.6769
2,r3_inside,shrinking/both/G2,uncertain_v0.17_s0.7_qt0.01_qd0_L0.42/both/G2,-0.1347,-0.1446,-0.1242
1,r1_rms_200,shrinking/both/G0,uncertain_v0.17_s0.7_qt0.01_qd0_L0.3/both/G0,-0.0701,-0.0954,-0.0445
1,r3_inside,shrinking/both/G0,uncertain_v0.17_s0.7_qt0.01_qd0_L0.3/both/G0,0.0272,0.0173,0.0370
1,r4_false,shrinking/both/G0,uncertain_v0.17_s0.7_qt0.01_qd0_L0.3/both/G0,-0.0678,-0.0935,-0.0421
2,r6_lag,shrinking/both/G2,uncertain_v0.17_s0.7_qt0.01_qd0_L0.3/both/G2,-0.9979,-1.0415,-0.9548
2,r3_inside,shrinking/both/G2,uncertain_v0.17_s0.7_qt0.01_qd0_L0.3/both/G2,-0.1636,-0.1766,-0.1510
1,r1_rms_200,shrinking/both/G0,uncertain_v0.17_s0.7_qt0.01_qd0.006_Lnone/both/G0,-0.1106,-0.1372,-0.0837
1,r3_inside,shrinking/both/G0,uncertain_v0.17_s0.7_qt0.01_qd0.006_Lnone/both/G0,0.0204,0.0123,0.0285
1,r4_false,shrinking/both/G0,uncertain_v0.17_s0.7_qt0.01_qd0.006_Lnone/both/G0,-0.0416,-0.0648,-0.0174
2,r6_lag,shrinking/both/G2,uncertain_v0.17_s0.7_qt0.01_qd0.006_Lnone/both/G2,-0.6880,-0.7287,-0.6469
2,r3_inside,shrinking/both/G2,uncertain_v0.17_s0.7_qt0.01_qd0.006_Lnone/both/G2,-0.1239,-0.1330,-0.1144
1,r1_rms_200,shrinking/both/G0,uncertain_v0.17_s0.7_qt0.01_qd0.006_L0.42/both/G0,-0.0889,-0.1126,-0.0665
1,r3_inside,shrinking/both/G0,uncertain_v0.17_s0.7_qt0.01_qd0.006_L0.42/both/G0,0.0159,0.0068,0.0245
1,r4_false,shrinking/both/G0,uncertain_v0.17_s0.7_qt0.01_qd0.006_L0.42/both/G0,-0.0433,-0.0661,-0.0216
2,r6_lag,shrinking/both/G2,uncertain_v0.17_s0.7_qt0.01_qd0.006_L0.42/both/G2,-0.7398,-0.7825,-0.6979
2,r3_inside,shrinking/both/G2,uncertain_v0.17_s0.7_qt0.01_qd0.006_L0.42/both/G2,-0.1347,-0.1447,-0.1243
1,r1_rms_200,shrinking/both/G0,uncertain_v0.17_s0.7_qt0.01_qd0.006_L0.3/both/G0,-0.0862,-0.1131,-0.0586
1,r3_inside,shrinking/both/G0,uncertain_v0.17_s0.7_qt0.01_qd0.006_L0.3/both/G0,0.0343,0.0242,0.0442
1,r4_false,shrinking/both/G0,uncertain_v0.17_s0.7_qt0.01_qd0.006_L0.3/both/G0,-0.0728,-0.0990,-0.0459
2,r6_lag,shrinking/both/G2,uncertain_v0.17_s0.7_qt0.01_qd0.006_L0.3/both/G2,-1.0668,-1.1083,-1.0260
2,r3_inside,shrinking/both/G2,uncertain_v0.17_s0.7_qt0.01_qd0.006_L0.3/both/G2,-0.1671,-0.1796,-0.1540
1,r1_rms_200,shrinking/both/G0,uncertain_v0.17_s0.7_qt0.01_qd0.03_Lnone/both/G0,-0.1547,-0.1822,-0.1280
1,r3_inside,shrinking/both/G0,uncertain_v0.17_s0.7_qt0.01_qd0.03_Lnone/both/G0,0.0297,0.0213,0.0381
1,r4_false,shrinking/both/G0,uncertain_v0.17_s0.7_qt0.01_qd0.03_Lnone/both/G0,-0.0333,-0.0579,-0.0090
2,r6_lag,shrinking/both/G2,uncertain_v0.17_s0.7_qt0.01_qd0.03_Lnone/both/G2,-0.6985,-0.7400,-0.6555
2,r3_inside,shrinking/both/G2,uncertain_v0.17_s0.7_qt0.01_qd0.03_Lnone/both/G2,-0.1200,-0.1301,-0.1103
1,r1_rms_200,shrinking/both/G0,uncertain_v0.17_s0.7_qt0.01_qd0.03_L0.42/both/G0,-0.1553,-0.1842,-0.1257
1,r3_inside,shrinking/both/G0,uncertain_v0.17_s0.7_qt0.01_qd0.03_L0.42/both/G0,0.0243,0.0153,0.0333
1,r4_false,shrinking/both/G0,uncertain_v0.17_s0.7_qt0.01_qd0.03_L0.42/both/G0,-0.0618,-0.0871,-0.0389
2,r6_lag,shrinking/both/G2,uncertain_v0.17_s0.7_qt0.01_qd0.03_L0.42/both/G2,-0.9484,-0.9908,-0.9094
2,r3_inside,shrinking/both/G2,uncertain_v0.17_s0.7_qt0.01_qd0.03_L0.42/both/G2,-0.1558,-0.1663,-0.1446
1,r1_rms_200,shrinking/both/G0,uncertain_v0.17_s0.7_qt0.01_qd0.03_L0.3/both/G0,-0.3317,-0.3692,-0.2928
1,r3_inside,shrinking/both/G0,uncertain_v0.17_s0.7_qt0.01_qd0.03_L0.3/both/G0,0.0762,0.0648,0.0881
1,r4_false,shrinking/both/G0,uncertain_v0.17_s0.7_qt0.01_qd0.03_L0.3/both/G0,-0.0969,-0.1255,-0.0693
2,r6_lag,shrinking/both/G2,uncertain_v0.17_s0.7_qt0.01_qd0.03_L0.3/both/G2,-1.3205,-1.3608,-1.2790
2,r3_inside,shrinking/both/G2,uncertain_v0.17_s0.7_qt0.01_qd0.03_L0.3/both/G2,-0.1629,-0.1757,-0.1498
1,r1_rms_200,shrinking/both/G0,uncertain_v0.4_s0.35_qt0_qd0_Lnone/both/G0,0.0246,0.0104,0.0394
1,r3_inside,shrinking/both/G0,uncertain_v0.4_s0.35_qt0_qd0_Lnone/both/G0,-0.0157,-0.0235,-0.0081
1,r4_false,shrinking/both/G0,uncertain_v0.4_s0.35_qt0_qd0_Lnone/both/G0,0.0185,-0.0120,0.0478
2,r6_lag,shrinking/both/G2,uncertain_v0.4_s0.35_qt0_qd0_Lnone/both/G2,-0.0685,-0.0936,-0.0443
2,r3_inside,shrinking/both/G2,uncertain_v0.4_s0.35_qt0_qd0_Lnone/both/G2,-0.0200,-0.0269,-0.0131
1,r1_rms_200,shrinking/both/G0,uncertain_v0.4_s0.35_qt0_qd0_L0.42/both/G0,0.0246,0.0097,0.0391
1,r3_inside,shrinking/both/G0,uncertain_v0.4_s0.35_qt0_qd0_L0.42/both/G0,-0.0157,-0.0239,-0.0079
1,r4_false,shrinking/both/G0,uncertain_v0.4_s0.35_qt0_qd0_L0.42/both/G0,0.0185,-0.0109,0.0483
2,r6_lag,shrinking/both/G2,uncertain_v0.4_s0.35_qt0_qd0_L0.42/both/G2,-0.0685,-0.0936,-0.0440
2,r3_inside,shrinking/both/G2,uncertain_v0.4_s0.35_qt0_qd0_L0.42/both/G2,-0.0200,-0.0270,-0.0131
1,r1_rms_200,shrinking/both/G0,uncertain_v0.4_s0.35_qt0_qd0_L0.3/both/G0,0.0220,0.0058,0.0380
1,r3_inside,shrinking/both/G0,uncertain_v0.4_s0.35_qt0_qd0_L0.3/both/G0,-0.0169,-0.0246,-0.0092
1,r4_false,shrinking/both/G0,uncertain_v0.4_s0.35_qt0_qd0_L0.3/both/G0,0.0258,-0.0040,0.0584
2,r6_lag,shrinking/both/G2,uncertain_v0.4_s0.35_qt0_qd0_L0.3/both/G2,-0.0794,-0.1043,-0.0536
2,r3_inside,shrinking/both/G2,uncertain_v0.4_s0.35_qt0_qd0_L0.3/both/G2,-0.0259,-0.0328,-0.0191
1,r1_rms_200,shrinking/both/G0,uncertain_v0.4_s0.35_qt0_qd0.006_Lnone/both/G0,0.0314,0.0174,0.0460
1,r3_inside,shrinking/both/G0,uncertain_v0.4_s0.35_qt0_qd0.006_Lnone/both/G0,-0.0134,-0.0206,-0.0058
1,r4_false,shrinking/both/G0,uncertain_v0.4_s0.35_qt0_qd0.006_Lnone/both/G0,0.0151,-0.0121,0.0442
2,r6_lag,shrinking/both/G2,uncertain_v0.4_s0.35_qt0_qd0.006_Lnone/both/G2,-0.1036,-0.1270,-0.0805
2,r3_inside,shrinking/both/G2,uncertain_v0.4_s0.35_qt0_qd0.006_Lnone/both/G2,-0.0288,-0.0355,-0.0222
1,r1_rms_200,shrinking/both/G0,uncertain_v0.4_s0.35_qt0_qd0.006_L0.42/both/G0,0.0314,0.0169,0.0459
1,r3_inside,shrinking/both/G0,uncertain_v0.4_s0.35_qt0_qd0.006_L0.42/both/G0,-0.0134,-0.0210,-0.0061
1,r4_false,shrinking/both/G0,uncertain_v0.4_s0.35_qt0_qd0.006_L0.42/both/G0,0.0151,-0.0142,0.0420
2,r6_lag,shrinking/both/G2,uncertain_v0.4_s0.35_qt0_qd0.006_L0.42/both/G2,-0.1036,-0.1260,-0.0808
2,r3_inside,shrinking/both/G2,uncertain_v0.4_s0.35_qt0_qd0.006_L0.42/both/G2,-0.0288,-0.0355,-0.0224
1,r1_rms_200,shrinking/both/G0,uncertain_v0.4_s0.35_qt0_qd0.006_L0.3/both/G0,0.0290,0.0136,0.0439
1,r3_inside,shrinking/both/G0,uncertain_v0.4_s0.35_qt0_qd0.006_L0.3/both/G0,-0.0153,-0.0229,-0.0082
1,r4_false,shrinking/both/G0,uncertain_v0.4_s0.35_qt0_qd0.006_L0.3/both/G0,0.0230,-0.0040,0.0495
2,r6_lag,shrinking/both/G2,uncertain_v0.4_s0.35_qt0_qd0.006_L0.3/both/G2,-0.1123,-0.1343,-0.0905
2,r3_inside,shrinking/both/G2,uncertain_v0.4_s0.35_qt0_qd0.006_L0.3/both/G2,-0.0340,-0.0403,-0.0275
1,r1_rms_200,shrinking/both/G0,uncertain_v0.4_s0.35_qt0_qd0.03_Lnone/both/G0,-0.0082,-0.0238,0.0074
1,r3_inside,shrinking/both/G0,uncertain_v0.4_s0.35_qt0_qd0.03_Lnone/both/G0,0.0018,-0.0058,0.0095
1,r4_false,shrinking/both/G0,uncertain_v0.4_s0.35_qt0_qd0.03_Lnone/both/G0,-0.0256,-0.0492,-0.0004
2,r6_lag,shrinking/both/G2,uncertain_v0.4_s0.35_qt0_qd0.03_Lnone/both/G2,-0.1868,-0.2146,-0.1603
2,r3_inside,shrinking/both/G2,uncertain_v0.4_s0.35_qt0_qd0.03_Lnone/both/G2,-0.0444,-0.0513,-0.0372
1,r1_rms_200,shrinking/both/G0,uncertain_v0.4_s0.35_qt0_qd0.03_L0.42/both/G0,-0.0082,-0.0241,0.0076
1,r3_inside,shrinking/both/G0,uncertain_v0.4_s0.35_qt0_qd0.03_L0.42/both/G0,0.0018,-0.0058,0.0092
1,r4_false,shrinking/both/G0,uncertain_v0.4_s0.35_qt0_qd0.03_L0.42/both/G0,-0.0256,-0.0502,-0.0018
2,r6_lag,shrinking/both/G2,uncertain_v0.4_s0.35_qt0_qd0.03_L0.42/both/G2,-0.1868,-0.2127,-0.1597
2,r3_inside,shrinking/both/G2,uncertain_v0.4_s0.35_qt0_qd0.03_L0.42/both/G2,-0.0444,-0.0514,-0.0374
1,r1_rms_200,shrinking/both/G0,uncertain_v0.4_s0.35_qt0_qd0.03_L0.3/both/G0,0.0128,-0.0027,0.0283
1,r3_inside,shrinking/both/G0,uncertain_v0.4_s0.35_qt0_qd0.03_L0.3/both/G0,-0.0057,-0.0130,0.0016
1,r4_false,shrinking/both/G0,uncertain_v0.4_s0.35_qt0_qd0.03_L0.3/both/G0,-0.0161,-0.0382,0.0059
2,r6_lag,shrinking/both/G2,uncertain_v0.4_s0.35_qt0_qd0.03_L0.3/both/G2,-0.2258,-0.2505,-0.2013
2,r3_inside,shrinking/both/G2,uncertain_v0.4_s0.35_qt0_qd0.03_L0.3/both/G2,-0.0536,-0.0605,-0.0470
1,r1_rms_200,shrinking/both/G0,uncertain_v0.4_s0.35_qt0.003_qd0_Lnone/both/G0,-0.0159,-0.0364,0.0049
1,r3_inside,shrinking/both/G0,uncertain_v0.4_s0.35_qt0.003_qd0_Lnone/both/G0,-0.0071,-0.0160,0.0018
1,r4_false,shrinking/both/G0,uncertain_v0.4_s0.35_qt0.003_qd0_Lnone/both/G0,-0.0061,-0.0312,0.0203
2,r6_lag,shrinking/both/G2,uncertain_v0.4_s0.35_qt0.003_qd0_Lnone/both/G2,-0.4703,-0.5075,-0.4354
2,r3_inside,shrinking/both/G2,uncertain_v0.4_s0.35_qt0.003_qd0_Lnone/both/G2,-0.0973,-0.1054,-0.0890
1,r1_rms_200,shrinking/both/G0,uncertain_v0.4_s0.35_qt0.003_qd0_L0.42/both/G0,-0.0159,-0.0359,0.0061
1,r3_inside,shrinking/both/G0,uncertain_v0.4_s0.35_qt0.003_qd0_L0.42/both/G0,-0.0071,-0.0157,0.0014
1,r4_false,shrinking/both/G0,uncertain_v0.4_s0.35_qt0.003_qd0_L0.42/both/G0,-0.0061,-0.0313,0.0184
2,r6_lag,shrinking/both/G2,uncertain_v0.4_s0.35_qt0.003_qd0_L0.42/both/G2,-0.4703,-0.5095,-0.4354
2,r3_inside,shrinking/both/G2,uncertain_v0.4_s0.35_qt0.003_qd0_L0.42/both/G2,-0.0973,-0.1059,-0.0891
1,r1_rms_200,shrinking/both/G0,uncertain_v0.4_s0.35_qt0.003_qd0_L0.3/both/G0,-0.0104,-0.0304,0.0098
1,r3_inside,shrinking/both/G0,uncertain_v0.4_s0.35_qt0.003_qd0_L0.3/both/G0,-0.0068,-0.0148,0.0015
1,r4_false,shrinking/both/G0,uncertain_v0.4_s0.35_qt0.003_qd0_L0.3/both/G0,-0.0172,-0.0440,0.0093
2,r6_lag,shrinking/both/G2,uncertain_v0.4_s0.35_qt0.003_qd0_L0.3/both/G2,-0.4759,-0.5093,-0.4394
2,r3_inside,shrinking/both/G2,uncertain_v0.4_s0.35_qt0.003_qd0_L0.3/both/G2,-0.0989,-0.1078,-0.0905
1,r1_rms_200,shrinking/both/G0,uncertain_v0.4_s0.35_qt0.003_qd0.006_Lnone/both/G0,-0.0102,-0.0309,0.0103
1,r3_inside,shrinking/both/G0,uncertain_v0.4_s0.35_qt0.003_qd0.006_Lnone/both/G0,-0.0052,-0.0132,0.0028
1,r4_false,shrinking/both/G0,uncertain_v0.4_s0.35_qt0.003_qd0.006_Lnone/both/G0,-0.0175,-0.0417,0.0066
2,r6_lag,shrinking/both/G2,uncertain_v0.4_s0.35_qt0.003_qd0.006_Lnone/both/G2,-0.4841,-0.5186,-0.4496
2,r3_inside,shrinking/both/G2,uncertain_v0.4_s0.35_qt0.003_qd0.006_Lnone/both/G2,-0.1007,-0.1091,-0.0929
1,r1_rms_200,shrinking/both/G0,uncertain_v0.4_s0.35_qt0.003_qd0.006_L0.42/both/G0,-0.0102,-0.0307,0.0102
1,r3_inside,shrinking/both/G0,uncertain_v0.4_s0.35_qt0.003_qd0.006_L0.42/both/G0,-0.0052,-0.0133,0.0029
1,r4_false,shrinking/both/G0,uncertain_v0.4_s0.35_qt0.003_qd0.006_L0.42/both/G0,-0.0175,-0.0416,0.0070
2,r6_lag,shrinking/both/G2,uncertain_v0.4_s0.35_qt0.003_qd0.006_L0.42/both/G2,-0.4841,-0.5174,-0.4519
2,r3_inside,shrinking/both/G2,uncertain_v0.4_s0.35_qt0.003_qd0.006_L0.42/both/G2,-0.1007,-0.1088,-0.0927
1,r1_rms_200,shrinking/both/G0,uncertain_v0.4_s0.35_qt0.003_qd0.006_L0.3/both/G0,0.0025,-0.0173,0.0215
1,r3_inside,shrinking/both/G0,uncertain_v0.4_s0.35_qt0.003_qd0.006_L0.3/both/G0,-0.0048,-0.0124,0.0026
1,r4_false,shrinking/both/G0,uncertain_v0.4_s0.35_qt0.003_qd0.006_L0.3/both/G0,-0.0179,-0.0431,0.0080
2,r6_lag,shrinking/both/G2,uncertain_v0.4_s0.35_qt0.003_qd0.006_L0.3/both/G2,-0.4913,-0.5253,-0.4568
2,r3_inside,shrinking/both/G2,uncertain_v0.4_s0.35_qt0.003_qd0.006_L0.3/both/G2,-0.1008,-0.1093,-0.0925
1,r1_rms_200,shrinking/both/G0,uncertain_v0.4_s0.35_qt0.003_qd0.03_Lnone/both/G0,-0.0430,-0.0629,-0.0229
1,r3_inside,shrinking/both/G0,uncertain_v0.4_s0.35_qt0.003_qd0.03_Lnone/both/G0,0.0082,-0.0002,0.0165
1,r4_false,shrinking/both/G0,uncertain_v0.4_s0.35_qt0.003_qd0.03_Lnone/both/G0,-0.0378,-0.0601,-0.0149
2,r6_lag,shrinking/both/G2,uncertain_v0.4_s0.35_qt0.003_qd0.03_Lnone/both/G2,-0.5152,-0.5507,-0.4784
2,r3_inside,shrinking/both/G2,uncertain_v0.4_s0.35_qt0.003_qd0.03_Lnone/both/G2,-0.1062,-0.1149,-0.0978
1,r1_rms_200,shrinking/both/G0,uncertain_v0.4_s0.35_qt0.003_qd0.03_L0.42/both/G0,-0.0440,-0.0644,-0.0216
1,r3_inside,shrinking/both/G0,uncertain_v0.4_s0.35_qt0.003_qd0.03_L0.42/both/G0,0.0079,-0.0006,0.0166
1,r4_false,shrinking/both/G0,uncertain_v0.4_s0.35_qt0.003_qd0.03_L0.42/both/G0,-0.0431,-0.0663,-0.0207
2,r6_lag,shrinking/both/G2,uncertain_v0.4_s0.35_qt0.003_qd0.03_L0.42/both/G2,-0.5207,-0.5570,-0.4838
2,r3_inside,shrinking/both/G2,uncertain_v0.4_s0.35_qt0.003_qd0.03_L0.42/both/G2,-0.1069,-0.1153,-0.0982
1,r1_rms_200,shrinking/both/G0,uncertain_v0.4_s0.35_qt0.003_qd0.03_L0.3/both/G0,-0.0520,-0.0765,-0.0276
1,r3_inside,shrinking/both/G0,uncertain_v0.4_s0.35_qt0.003_qd0.03_L0.3/both/G0,-0.0003,-0.0090,0.0079
1,r4_false,shrinking/both/G0,uncertain_v0.4_s0.35_qt0.003_qd0.03_L0.3/both/G0,-0.0444,-0.0681,-0.0188
2,r6_lag,shrinking/both/G2,uncertain_v0.4_s0.35_qt0.003_qd0.03_L0.3/both/G2,-0.6496,-0.6851,-0.6163
2,r3_inside,shrinking/both/G2,uncertain_v0.4_s0.35_qt0.003_qd0.03_L0.3/both/G2,-0.1324,-0.1407,-0.1236
1,r1_rms_200,shrinking/both/G0,uncertain_v0.4_s0.35_qt0.01_qd0_Lnone/both/G0,-0.0692,-0.0931,-0.0457
1,r3_inside,shrinking/both/G0,uncertain_v0.4_s0.35_qt0.01_qd0_Lnone/both/G0,0.0095,0.0005,0.0183
1,r4_false,shrinking/both/G0,uncertain_v0.4_s0.35_qt0.01_qd0_Lnone/both/G0,-0.0194,-0.0460,0.0065
2,r6_lag,shrinking/both/G2,uncertain_v0.4_s0.35_qt0.01_qd0_Lnone/both/G2,-0.6826,-0.7231,-0.6417
2,r3_inside,shrinking/both/G2,uncertain_v0.4_s0.35_qt0.01_qd0_Lnone/both/G2,-0.1317,-0.1413,-0.1217
1,r1_rms_200,shrinking/both/G0,uncertain_v0.4_s0.35_qt0.01_qd0_L0.42/both/G0,-0.0692,-0.0944,-0.0456
1,r3_inside,shrinking/both/G0,uncertain_v0.4_s0.35_qt0.01_qd0_L0.42/both/G0,0.0095,0.0007,0.0179
1,r4_false,shrinking/both/G0,uncertain_v0.4_s0.35_qt0.01_qd0_L0.42/both/G0,-0.0194,-0.0454,0.0072
2,r6_lag,shrinking/both/G2,uncertain_v0.4_s0.35_qt0.01_qd0_L0.42/both/G2,-0.6826,-0.7228,-0.6400
2,r3_inside,shrinking/both/G2,uncertain_v0.4_s0.35_qt0.01_qd0_L0.42/both/G2,-0.1317,-0.1418,-0.1225
1,r1_rms_200,shrinking/both/G0,uncertain_v0.4_s0.35_qt0.01_qd0_L0.3/both/G0,-0.0523,-0.0752,-0.0303
1,r3_inside,shrinking/both/G0,uncertain_v0.4_s0.35_qt0.01_qd0_L0.3/both/G0,0.0069,-0.0023,0.0158
1,r4_false,shrinking/both/G0,uncertain_v0.4_s0.35_qt0.01_qd0_L0.3/both/G0,-0.0182,-0.0444,0.0093
2,r6_lag,shrinking/both/G2,uncertain_v0.4_s0.35_qt0.01_qd0_L0.3/both/G2,-0.6974,-0.7362,-0.6563
2,r3_inside,shrinking/both/G2,uncertain_v0.4_s0.35_qt0.01_qd0_L0.3/both/G2,-0.1313,-0.1413,-0.1216
1,r1_rms_200,shrinking/both/G0,uncertain_v0.4_s0.35_qt0.01_qd0.006_Lnone/both/G0,-0.0500,-0.0742,-0.0266
1,r3_inside,shrinking/both/G0,uncertain_v0.4_s0.35_qt0.01_qd0.006_Lnone/both/G0,0.0063,-0.0025,0.0149
1,r4_false,shrinking/both/G0,uncertain_v0.4_s0.35_qt0.01_qd0.006_Lnone/both/G0,-0.0284,-0.0544,-0.0034
2,r6_lag,shrinking/both/G2,uncertain_v0.4_s0.35_qt0.01_qd0.006_Lnone/both/G2,-0.6850,-0.7259,-0.6438
2,r3_inside,shrinking/both/G2,uncertain_v0.4_s0.35_qt0.01_qd0.006_Lnone/both/G2,-0.1313,-0.1415,-0.1212
1,r1_rms_200,shrinking/both/G0,uncertain_v0.4_s0.35_qt0.01_qd0.006_L0.42/both/G0,-0.0500,-0.0745,-0.0257
1,r3_inside,shrinking/both/G0,uncertain_v0.4_s0.35_qt0.01_qd0.006_L0.42/both/G0,0.0063,-0.0026,0.0145
1,r4_false,shrinking/both/G0,uncertain_v0.4_s0.35_qt0.01_qd0.006_L0.42/both/G0,-0.0284,-0.0545,-0.0038
2,r6_lag,shrinking/both/G2,uncertain_v0.4_s0.35_qt0.01_qd0.006_L0.42/both/G2,-0.6850,-0.7278,-0.6439
2,r3_inside,shrinking/both/G2,uncertain_v0.4_s0.35_qt0.01_qd0.006_L0.42/both/G2,-0.1313,-0.1414,-0.1213
1,r1_rms_200,shrinking/both/G0,uncertain_v0.4_s0.35_qt0.01_qd0.006_L0.3/both/G0,-0.0481,-0.0695,-0.0256
1,r3_inside,shrinking/both/G0,uncertain_v0.4_s0.35_qt0.01_qd0.006_L0.3/both/G0,0.0061,-0.0032,0.0151
1,r4_false,shrinking/both/G0,uncertain_v0.4_s0.35_qt0.01_qd0.006_L0.3/both/G0,-0.0402,-0.0666,-0.0138
2,r6_lag,shrinking/both/G2,uncertain_v0.4_s0.35_qt0.01_qd0.006_L0.3/both/G2,-0.7192,-0.7603,-0.6763
2,r3_inside,shrinking/both/G2,uncertain_v0.4_s0.35_qt0.01_qd0.006_L0.3/both/G2,-0.1376,-0.1486,-0.1279
1,r1_rms_200,shrinking/both/G0,uncertain_v0.4_s0.35_qt0.01_qd0.03_Lnone/both/G0,-0.0966,-0.1215,-0.0724
1,r3_inside,shrinking/both/G0,uncertain_v0.4_s0.35_qt0.01_qd0.03_Lnone/both/G0,0.0190,0.0102,0.0284
1,r4_false,shrinking/both/G0,uncertain_v0.4_s0.35_qt0.01_qd0.03_Lnone/both/G0,-0.0385,-0.0626,-0.0150
2,r6_lag,shrinking/both/G2,uncertain_v0.4_s0.35_qt0.01_qd0.03_Lnone/both/G2,-0.6914,-0.7315,-0.6507
2,r3_inside,shrinking/both/G2,uncertain_v0.4_s0.35_qt0.01_qd0.03_Lnone/both/G2,-0.1294,-0.1391,-0.1197
1,r1_rms_200,shrinking/both/G0,uncertain_v0.4_s0.35_qt0.01_qd0.03_L0.42/both/G0,-0.0882,-0.1134,-0.0639
1,r3_inside,shrinking/both/G0,uncertain_v0.4_s0.35_qt0.01_qd0.03_L0.42/both/G0,0.0157,0.0063,0.0241
1,r4_false,shrinking/both/G0,uncertain_v0.4_s0.35_qt0.01_qd0.03_L0.42/both/G0,-0.0447,-0.0682,-0.0223
2,r6_lag,shrinking/both/G2,uncertain_v0.4_s0.35_qt0.01_qd0.03_L0.42/both/G2,-0.7522,-0.7933,-0.7124
2,r3_inside,shrinking/both/G2,uncertain_v0.4_s0.35_qt0.01_qd0.03_L0.42/both/G2,-0.1398,-0.1496,-0.1302
1,r1_rms_200,shrinking/both/G0,uncertain_v0.4_s0.35_qt0.01_qd0.03_L0.3/both/G0,-0.1935,-0.2264,-0.1593
1,r3_inside,shrinking/both/G0,uncertain_v0.4_s0.35_qt0.01_qd0.03_L0.3/both/G0,0.0244,0.0146,0.0339
1,r4_false,shrinking/both/G0,uncertain_v0.4_s0.35_qt0.01_qd0.03_L0.3/both/G0,-0.0637,-0.0901,-0.0372
2,r6_lag,shrinking/both/G2,uncertain_v0.4_s0.35_qt0.01_qd0.03_L0.3/both/G2,-1.0573,-1.0971,-1.0162
2,r3_inside,shrinking/both/G2,uncertain_v0.4_s0.35_qt0.01_qd0.03_L0.3/both/G2,-0.1660,-0.1767,-0.1554
1,r1_rms_200,shrinking/both/G0,uncertain_v0.4_s0.5_qt0_qd0_Lnone/both/G0,0.0342,0.0198,0.0488
1,r3_inside,shrinking/both/G0,uncertain_v0.4_s0.5_qt0_qd0_Lnone/both/G0,-0.0098,-0.0176,-0.0019
1,r4_false,shrinking/both/G0,uncertain_v0.4_s0.5_qt0_qd0_Lnone/both/G0,-0.0011,-0.0255,0.0233
2,r6_lag,shrinking/both/G2,uncertain_v0.4_s0.5_qt0_qd0_Lnone/both/G2,-0.1166,-0.1434,-0.0894
2,r3_inside,shrinking/both/G2,uncertain_v0.4_s0.5_qt0_qd0_Lnone/both/G2,-0.0290,-0.0362,-0.0225
1,r1_rms_200,shrinking/both/G0,uncertain_v0.4_s0.5_qt0_qd0_L0.42/both/G0,0.0353,0.0217,0.0490
1,r3_inside,shrinking/both/G0,uncertain_v0.4_s0.5_qt0_qd0_L0.42/both/G0,-0.0116,-0.0189,-0.0036
1,r4_false,shrinking/both/G0,uncertain_v0.4_s0.5_qt0_qd0_L0.42/both/G0,-0.0009,-0.0250,0.0245
2,r6_lag,shrinking/both/G2,uncertain_v0.4_s0.5_qt0_qd0_L0.42/both/G2,-0.1197,-0.1439,-0.0939
2,r3_inside,shrinking/both/G2,uncertain_v0.4_s0.5_qt0_qd0_L0.42/both/G2,-0.0303,-0.0367,-0.0236
1,r1_rms_200,shrinking/both/G0,uncertain_v0.4_s0.5_qt0_qd0_L0.3/both/G0,0.0379,0.0240,0.0527
1,r3_inside,shrinking/both/G0,uncertain_v0.4_s0.5_qt0_qd0_L0.3/both/G0,-0.0190,-0.0263,-0.0111
1,r4_false,shrinking/both/G0,uncertain_v0.4_s0.5_qt0_qd0_L0.3/both/G0,0.0002,-0.0224,0.0232
2,r6_lag,shrinking/both/G2,uncertain_v0.4_s0.5_qt0_qd0_L0.3/both/G2,-0.1426,-0.1661,-0.1181
2,r3_inside,shrinking/both/G2,uncertain_v0.4_s0.5_qt0_qd0_L0.3/both/G2,-0.0408,-0.0474,-0.0344
1,r1_rms_200,shrinking/both/G0,uncertain_v0.4_s0.5_qt0_qd0.006_Lnone/both/G0,0.0364,0.0216,0.0519
1,r3_inside,shrinking/both/G0,uncertain_v0.4_s0.5_qt0_qd0.006_Lnone/both/G0,-0.0088,-0.0168,-0.0007
1,r4_false,shrinking/both/G0,uncertain_v0.4_s0.5_qt0_qd0.006_Lnone/both/G0,-0.0114,-0.0334,0.0106
2,r6_lag,shrinking/both/G2,uncertain_v0.4_s0.5_qt0_qd0.006_Lnone/both/G2,-0.1481,-0.1733,-0.1232
2,r3_inside,shrinking/both/G2,uncertain_v0.4_s0.5_qt0_qd0.006_Lnone/both/G2,-0.0354,-0.0423,-0.0292
1,r1_rms_200,shrinking/both/G0,uncertain_v0.4_s0.5_qt0_qd0.006_L0.42/both/G0,0.0397,0.0243,0.0548
1,r3_inside,shrinking/both/G0,uncertain_v0.4_s0.5_qt0_qd0.006_L0.42/both/G0,-0.0091,-0.0168,-0.0015
1,r4_false,shrinking/both/G0,uncertain_v0.4_s0.5_qt0_qd0.006_L0.42/both/G0,-0.0130,-0.0356,0.0091
2,r6_lag,shrinking/both/G2,uncertain_v0.4_s0.5_qt0_qd0.006_L0.42/both/G2,-0.1494,-0.1756,-0.1228
2,r3_inside,shrinking/both/G2,uncertain_v0.4_s0.5_qt0_qd0.006_L0.42/both/G2,-0.0356,-0.0428,-0.0286
1,r1_rms_200,shrinking/both/G0,uncertain_v0.4_s0.5_qt0_qd0.006_L0.3/both/G0,0.0373,0.0232,0.0510
1,r3_inside,shrinking/both/G0,uncertain_v0.4_s0.5_qt0_qd0.006_L0.3/both/G0,-0.0136,-0.0217,-0.0063
1,r4_false,shrinking/both/G0,uncertain_v0.4_s0.5_qt0_qd0.006_L0.3/both/G0,-0.0062,-0.0295,0.0163
2,r6_lag,shrinking/both/G2,uncertain_v0.4_s0.5_qt0_qd0.006_L0.3/both/G2,-0.1776,-0.2010,-0.1534
2,r3_inside,shrinking/both/G2,uncertain_v0.4_s0.5_qt0_qd0.006_L0.3/both/G2,-0.0487,-0.0557,-0.0419
1,r1_rms_200,shrinking/both/G0,uncertain_v0.4_s0.5_qt0_qd0.03_Lnone/both/G0,-0.0114,-0.0268,0.0041
1,r3_inside,shrinking/both/G0,uncertain_v0.4_s0.5_qt0_qd0.03_Lnone/both/G0,0.0018,-0.0055,0.0092
1,r4_false,shrinking/both/G0,uncertain_v0.4_s0.5_qt0_qd0.03_Lnone/both/G0,-0.0197,-0.0418,0.0009
2,r6_lag,shrinking/both/G2,uncertain_v0.4_s0.5_qt0_qd0.03_Lnone/both/G2,-0.2131,-0.2377,-0.1894
2,r3_inside,shrinking/both/G2,uncertain_v0.4_s0.5_qt0_qd0.03_Lnone/both/G2,-0.0517,-0.0588,-0.0444
1,r1_rms_200,shrinking/both/G0,uncertain_v0.4_s0.5_qt0_qd0.03_L0.42/both/G0,-0.0088,-0.0251,0.0078
1,r3_inside,shrinking/both/G0,uncertain_v0.4_s0.5_qt0_qd0.03_L0.42/both/G0,0.0025,-0.0046,0.0097
1,r4_false,shrinking/both/G0,uncertain_v0.4_s0.5_qt0_qd0.03_L0.42/both/G0,-0.0182,-0.0392,0.0026
2,r6_lag,shrinking/both/G2,uncertain_v0.4_s0.5_qt0_qd0.03_L0.42/both/G2,-0.2124,-0.2392,-0.1876
2,r3_inside,shrinking/both/G2,uncertain_v0.4_s0.5_qt0_qd0.03_L0.42/both/G2,-0.0533,-0.0605,-0.0456
1,r1_rms_200,shrinking/both/G0,uncertain_v0.4_s0.5_qt0_qd0.03_L0.3/both/G0,-0.0115,-0.0284,0.0061
1,r3_inside,shrinking/both/G0,uncertain_v0.4_s0.5_qt0_qd0.03_L0.3/both/G0,-0.0068,-0.0145,0.0011
1,r4_false,shrinking/both/G0,uncertain_v0.4_s0.5_qt0_qd0.03_L0.3/both/G0,-0.0266,-0.0498,-0.0035
2,r6_lag,shrinking/both/G2,uncertain_v0.4_s0.5_qt0_qd0.03_L0.3/both/G2,-0.3199,-0.3478,-0.2912
2,r3_inside,shrinking/both/G2,uncertain_v0.4_s0.5_qt0_qd0.03_L0.3/both/G2,-0.0792,-0.0872,-0.0711
1,r1_rms_200,shrinking/both/G0,uncertain_v0.4_s0.5_qt0.003_qd0_Lnone/both/G0,0.0043,-0.0138,0.0231
1,r3_inside,shrinking/both/G0,uncertain_v0.4_s0.5_qt0.003_qd0_Lnone/both/G0,-0.0088,-0.0170,-0.0006
1,r4_false,shrinking/both/G0,uncertain_v0.4_s0.5_qt0.003_qd0_Lnone/both/G0,-0.0303,-0.0532,-0.0073
2,r6_lag,shrinking/both/G2,uncertain_v0.4_s0.5_qt0.003_qd0_Lnone/both/G2,-0.4901,-0.5256,-0.4572
2,r3_inside,shrinking/both/G2,uncertain_v0.4_s0.5_qt0.003_qd0_Lnone/both/G2,-0.1052,-0.1140,-0.0966
1,r1_rms_200,shrinking/both/G0,uncertain_v0.4_s0.5_qt0.003_qd0_L0.42/both/G0,0.0068,-0.0118,0.0266
1,r3_inside,shrinking/both/G0,uncertain_v0.4_s0.5_qt0.003_qd0_L0.42/both/G0,-0.0083,-0.0167,-0.0006
1,r4_false,shrinking/both/G0,uncertain_v0.4_s0.5_qt0.003_qd0_L0.42/both/G0,-0.0248,-0.0473,-0.0014
2,r6_lag,shrinking/both/G2,uncertain_v0.4_s0.5_qt0.003_qd0_L0.42/both/G2,-0.4906,-0.5259,-0.4560
2,r3_inside,shrinking/both/G2,uncertain_v0.4_s0.5_qt0.003_qd0_L0.42/both/G2,-0.1037,-0.1121,-0.0957
1,r1_rms_200,shrinking/both/G0,uncertain_v0.4_s0.5_qt0.003_qd0_L0.3/both/G0,-0.0007,-0.0205,0.0197
1,r3_inside,shrinking/both/G0,uncertain_v0.4_s0.5_qt0.003_qd0_L0.3/both/G0,-0.0117,-0.0197,-0.0038
1,r4_false,shrinking/both/G0,uncertain_v0.4_s0.5_qt0.003_qd0_L0.3/both/G0,-0.0269,-0.0525,-0.0020
2,r6_lag,shrinking/both/G2,uncertain_v0.4_s0.5_qt0.003_qd0_L0.3/both/G2,-0.5005,-0.5370,-0.4651
2,r3_inside,shrinking/both/G2,uncertain_v0.4_s0.5_qt0.003_qd0_L0.3/both/G2,-0.1137,-0.1232,-0.1049
1,r1_rms_200,shrinking/both/G0,uncertain_v0.4_s0.5_qt0.003_qd0.006_Lnone/both/G0,-0.0060,-0.0258,0.0132
1,r3_inside,shrinking/both/G0,uncertain_v0.4_s0.5_qt0.003_qd0.006_Lnone/both/G0,-0.0043,-0.0121,0.0039
1,r4_false,shrinking/both/G0,uncertain_v0.4_s0.5_qt0.003_qd0.006_Lnone/both/G0,-0.0336,-0.0544,-0.0120
2,r6_lag,shrinking/both/G2,uncertain_v0.4_s0.5_qt0.003_qd0.006_Lnone/both/G2,-0.4923,-0.5271,-0.4568
2,r3_inside,shrinking/both/G2,uncertain_v0.4_s0.5_qt0.003_qd0.006_Lnone/both/G2,-0.1038,-0.1124,-0.0948
1,r1_rms_200,shrinking/both/G0,uncertain_v0.4_s0.5_qt0.003_qd0.006_L0.42/both/G0,0.0048,-0.0145,0.0242
1,r3_inside,shrinking/both/G0,uncertain_v0.4_s0.5_qt0.003_qd0.006_L0.42/both/G0,-0.0049,-0.0134,0.0029
1,r4_false,shrinking/both/G0,uncertain_v0.4_s0.5_qt0.003_qd0.006_L0.42/both/G0,-0.0287,-0.0494,-0.0077
2,r6_lag,shrinking/both/G2,uncertain_v0.4_s0.5_qt0.003_qd0.006_L0.42/both/G2,-0.5080,-0.5425,-0.4724
2,r3_inside,shrinking/both/G2,uncertain_v0.4_s0.5_qt0.003_qd0.006_L0.42/both/G2,-0.1080,-0.1163,-0.0996
1,r1_rms_200,shrinking/both/G0,uncertain_v0.4_s0.5_qt0.003_qd0.006_L0.3/both/G0,0.0015,-0.0178,0.0209
1,r3_inside,shrinking/both/G0,uncertain_v0.4_s0.5_qt0.003_qd0.006_L0.3/both/G0,-0.0078,-0.0157,-0.0002
1,r4_false,shrinking/both/G0,uncertain_v0.4_s0.5_qt0.003_qd0.006_L0.3/both/G0,-0.0457,-0.0710,-0.0213
2,r6_lag,shrinking/both/G2,uncertain_v0.4_s0.5_qt0.003_qd0.006_L0.3/both/G2,-0.5221,-0.5558,-0.4860
2,r3_inside,shrinking/both/G2,uncertain_v0.4_s0.5_qt0.003_qd0.006_L0.3/both/G2,-0.1172,-0.1260,-0.1081
1,r1_rms_200,shrinking/both/G0,uncertain_v0.4_s0.5_qt0.003_qd0.03_Lnone/both/G0,-0.0615,-0.0841,-0.0378
1,r3_inside,shrinking/both/G0,uncertain_v0.4_s0.5_qt0.003_qd0.03_Lnone/both/G0,0.0079,0.0002,0.0162
1,r4_false,shrinking/both/G0,uncertain_v0.4_s0.5_qt0.003_qd0.03_Lnone/both/G0,-0.0441,-0.0670,-0.0213
2,r6_lag,shrinking/both/G2,uncertain_v0.4_s0.5_qt0.003_qd0.03_Lnone/both/G2,-0.5248,-0.5602,-0.4874
2,r3_inside,shrinking/both/G2,uncertain_v0.4_s0.5_qt0.003_qd0.03_Lnone/both/G2,-0.1073,-0.1155,-0.0990
1,r1_rms_200,shrinking/both/G0,uncertain_v0.4_s0.5_qt0.003_qd0.03_L0.42/both/G0,-0.0545,-0.0752,-0.0319
1,r3_inside,shrinking/both/G0,uncertain_v0.4_s0.5_qt0.003_qd0.03_L0.42/both/G0,0.0080,-0.0000,0.0161
1,r4_false,shrinking/both/G0,uncertain_v0.4_s0.5_qt0.003_qd0.03_L0.42/both/G0,-0.0412,-0.0648,-0.0193
2,r6_lag,shrinking/both/G2,uncertain_v0.4_s0.5_qt0.003_qd0.03_L0.42/both/G2,-0.5284,-0.5641,-0.4926
2,r3_inside,shrinking/both/G2,uncertain_v0.4_s0.5_qt0.003_qd0.03_L0.42/both/G2,-0.1100,-0.1182,-0.1014
1,r1_rms_200,shrinking/both/G0,uncertain_v0.4_s0.5_qt0.003_qd0.03_L0.3/both/G0,-0.0916,-0.1188,-0.0651
1,r3_inside,shrinking/both/G0,uncertain_v0.4_s0.5_qt0.003_qd0.03_L0.3/both/G0,0.0044,-0.0047,0.0133
1,r4_false,shrinking/both/G0,uncertain_v0.4_s0.5_qt0.003_qd0.03_L0.3/both/G0,-0.0523,-0.0776,-0.0269
2,r6_lag,shrinking/both/G2,uncertain_v0.4_s0.5_qt0.003_qd0.03_L0.3/both/G2,-0.7545,-0.7878,-0.7206
2,r3_inside,shrinking/both/G2,uncertain_v0.4_s0.5_qt0.003_qd0.03_L0.3/both/G2,-0.1558,-0.1655,-0.1459
1,r1_rms_200,shrinking/both/G0,uncertain_v0.4_s0.5_qt0.01_qd0_Lnone/both/G0,-0.0541,-0.0803,-0.0284
1,r3_inside,shrinking/both/G0,uncertain_v0.4_s0.5_qt0.01_qd0_Lnone/both/G0,0.0055,-0.0037,0.0150
1,r4_false,shrinking/both/G0,uncertain_v0.4_s0.5_qt0.01_qd0_Lnone/both/G0,-0.0314,-0.0544,-0.0083
2,r6_lag,shrinking/both/G2,uncertain_v0.4_s0.5_qt0.01_qd0_Lnone/both/G2,-0.6924,-0.7359,-0.6466
2,r3_inside,shrinking/both/G2,uncertain_v0.4_s0.5_qt0.01_qd0_Lnone/both/G2,-0.1301,-0.1399,-0.1203
1,r1_rms_200,shrinking/both/G0,uncertain_v0.4_s0.5_qt0.01_qd0_L0.42/both/G0,-0.0609,-0.0857,-0.0354
1,r3_inside,shrinking/both/G0,uncertain_v0.4_s0.5_qt0.01_qd0_L0.42/both/G0,0.0059,-0.0029,0.0144
1,r4_false,shrinking/both/G0,uncertain_v0.4_s0.5_qt0.01_qd0_L0.42/both/G0,-0.0330,-0.0568,-0.0087
2,r6_lag,shrinking/both/G2,uncertain_v0.4_s0.5_qt0.01_qd0_L0.42/both/G2,-0.7015,-0.7447,-0.6576
2,r3_inside,shrinking/both/G2,uncertain_v0.4_s0.5_qt0.01_qd0_L0.42/both/G2,-0.1320,-0.1420,-0.1220
1,r1_rms_200,shrinking/both/G0,uncertain_v0.4_s0.5_qt0.01_qd0_L0.3/both/G0,-0.0385,-0.0613,-0.0153
1,r3_inside,shrinking/both/G0,uncertain_v0.4_s0.5_qt0.01_qd0_L0.3/both/G0,0.0025,-0.0063,0.0113
1,r4_false,shrinking/both/G0,uncertain_v0.4_s0.5_qt0.01_qd0_L0.3/both/G0,-0.0397,-0.0652,-0.0130
2,r6_lag,shrinking/both/G2,uncertain_v0.4_s0.5_qt0.01_qd0_L0.3/both/G2,-0.7778,-0.8199,-0.7352
2,r3_inside,shrinking/both/G2,uncertain_v0.4_s0.5_qt0.01_qd0_L0.3/both/G2,-0.1529,-0.1640,-0.1420
1,r1_rms_200,shrinking/both/G0,uncertain_v0.4_s0.5_qt0.01_qd0.006_Lnone/both/G0,-0.0608,-0.0872,-0.0351
1,r3_inside,shrinking/both/G0,uncertain_v0.4_s0.5_qt0.01_qd0.006_Lnone/both/G0,0.0051,-0.0031,0.0135
1,r4_false,shrinking/both/G0,uncertain_v0.4_s0.5_qt0.01_qd0.006_Lnone/both/G0,-0.0366,-0.0593,-0.0123
2,r6_lag,shrinking/both/G2,uncertain_v0.4_s0.5_qt0.01_qd0.006_Lnone/both/G2,-0.6909,-0.7309,-0.6503
2,r3_inside,shrinking/both/G2,uncertain_v0.4_s0.5_qt0.01_qd0.006_Lnone/both/G2,-0.1324,-0.1425,-0.1224
1,r1_rms_200,shrinking/both/G0,uncertain_v0.4_s0.5_qt0.01_qd0.006_L0.42/both/G0,-0.0637,-0.0868,-0.0404
1,r3_inside,shrinking/both/G0,uncertain_v0.4_s0.5_qt0.01_qd0.006_L0.42/both/G0,0.0094,0.0011,0.0181
1,r4_false,shrinking/both/G0,uncertain_v0.4_s0.5_qt0.01_qd0.006_L0.42/both/G0,-0.0478,-0.0719,-0.0239
2,r6_lag,shrinking/both/G2,uncertain_v0.4_s0.5_qt0.01_qd0.006_L0.42/both/G2,-0.6909,-0.7337,-0.6509
2,r3_inside,shrinking/both/G2,uncertain_v0.4_s0.5_qt0.01_qd0.006_L0.42/both/G2,-0.1317,-0.1422,-0.1218
1,r1_rms_200,shrinking/both/G0,uncertain_v0.4_s0.5_qt0.01_qd0.006_L0.3/both/G0,-0.0518,-0.0769,-0.0267
1,r3_inside,shrinking/both/G0,uncertain_v0.4_s0.5_qt0.01_qd0.006_L0.3/both/G0,0.0050,-0.0039,0.0147
1,r4_false,shrinking/both/G0,uncertain_v0.4_s0.5_qt0.01_qd0.006_L0.3/both/G0,-0.0652,-0.0906,-0.0404
2,r6_lag,shrinking/both/G2,uncertain_v0.4_s0.5_qt0.01_qd0.006_L0.3/both/G2,-0.8729,-0.9153,-0.8316
2,r3_inside,shrinking/both/G2,uncertain_v0.4_s0.5_qt0.01_qd0.006_L0.3/both/G2,-0.1636,-0.1752,-0.1523
1,r1_rms_200,shrinking/both/G0,uncertain_v0.4_s0.5_qt0.01_qd0.03_Lnone/both/G0,-0.1128,-0.1357,-0.0904
1,r3_inside,shrinking/both/G0,uncertain_v0.4_s0.5_qt0.01_qd0.03_Lnone/both/G0,0.0197,0.0107,0.0285
1,r4_false,shrinking/both/G0,uncertain_v0.4_s0.5_qt0.01_qd0.03_Lnone/both/G0,-0.0464,-0.0683,-0.0226
2,r6_lag,shrinking/both/G2,uncertain_v0.4_s0.5_qt0.01_qd0.03_Lnone/both/G2,-0.6909,-0.7338,-0.6485
2,r3_inside,shrinking/both/G2,uncertain_v0.4_s0.5_qt0.01_qd0.03_Lnone/both/G2,-0.1288,-0.1388,-0.1179
1,r1_rms_200,shrinking/both/G0,uncertain_v0.4_s0.5_qt0.01_qd0.03_L0.42/both/G0,-0.0976,-0.1241,-0.0721
1,r3_inside,shrinking/both/G0,uncertain_v0.4_s0.5_qt0.01_qd0.03_L0.42/both/G0,0.0139,0.0042,0.0231
1,r4_false,shrinking/both/G0,uncertain_v0.4_s0.5_qt0.01_qd0.03_L0.42/both/G0,-0.0510,-0.0733,-0.0279
2,r6_lag,shrinking/both/G2,uncertain_v0.4_s0.5_qt0.01_qd0.03_L0.42/both/G2,-0.8201,-0.8585,-0.7786
2,r3_inside,shrinking/both/G2,uncertain_v0.4_s0.5_qt0.01_qd0.03_L0.42/both/G2,-0.1452,-0.1556,-0.1353
1,r1_rms_200,shrinking/both/G0,uncertain_v0.4_s0.5_qt0.01_qd0.03_L0.3/both/G0,-0.2385,-0.2739,-0.2028
1,r3_inside,shrinking/both/G0,uncertain_v0.4_s0.5_qt0.01_qd0.03_L0.3/both/G0,0.0448,0.0340,0.0558
1,r4_false,shrinking/both/G0,uncertain_v0.4_s0.5_qt0.01_qd0.03_L0.3/both/G0,-0.0924,-0.1189,-0.0681
2,r6_lag,shrinking/both/G2,uncertain_v0.4_s0.5_qt0.01_qd0.03_L0.3/both/G2,-1.1784,-1.2184,-1.1386
2,r3_inside,shrinking/both/G2,uncertain_v0.4_s0.5_qt0.01_qd0.03_L0.3/both/G2,-0.1756,-0.1878,-0.1634
1,r1_rms_200,shrinking/both/G0,uncertain_v0.4_s0.7_qt0_qd0_Lnone/both/G0,0.0150,0.0000,0.0305
1,r3_inside,shrinking/both/G0,uncertain_v0.4_s0.7_qt0_qd0_Lnone/both/G0,-0.0092,-0.0167,-0.0011
1,r4_false,shrinking/both/G0,uncertain_v0.4_s0.7_qt0_qd0_Lnone/both/G0,-0.0130,-0.0337,0.0085
2,r6_lag,shrinking/both/G2,uncertain_v0.4_s0.7_qt0_qd0_Lnone/both/G2,-0.1669,-0.1964,-0.1404
2,r3_inside,shrinking/both/G2,uncertain_v0.4_s0.7_qt0_qd0_Lnone/both/G2,-0.0380,-0.0455,-0.0302
1,r1_rms_200,shrinking/both/G0,uncertain_v0.4_s0.7_qt0_qd0_L0.42/both/G0,0.0174,0.0032,0.0325
1,r3_inside,shrinking/both/G0,uncertain_v0.4_s0.7_qt0_qd0_L0.42/both/G0,-0.0141,-0.0213,-0.0072
1,r4_false,shrinking/both/G0,uncertain_v0.4_s0.7_qt0_qd0_L0.42/both/G0,-0.0106,-0.0333,0.0103
2,r6_lag,shrinking/both/G2,uncertain_v0.4_s0.7_qt0_qd0_L0.42/both/G2,-0.2062,-0.2349,-0.1783
2,r3_inside,shrinking/both/G2,uncertain_v0.4_s0.7_qt0_qd0_L0.42/both/G2,-0.0481,-0.0554,-0.0401
1,r1_rms_200,shrinking/both/G0,uncertain_v0.4_s0.7_qt0_qd0_L0.3/both/G0,0.0262,0.0102,0.0423
1,r3_inside,shrinking/both/G0,uncertain_v0.4_s0.7_qt0_qd0_L0.3/both/G0,-0.0031,-0.0114,0.0046
1,r4_false,shrinking/both/G0,uncertain_v0.4_s0.7_qt0_qd0_L0.3/both/G0,-0.0498,-0.0749,-0.0235
2,r6_lag,shrinking/both/G2,uncertain_v0.4_s0.7_qt0_qd0_L0.3/both/G2,-0.3071,-0.3352,-0.2792
2,r3_inside,shrinking/both/G2,uncertain_v0.4_s0.7_qt0_qd0_L0.3/both/G2,-0.0761,-0.0846,-0.0679
1,r1_rms_200,shrinking/both/G0,uncertain_v0.4_s0.7_qt0_qd0.006_Lnone/both/G0,0.0033,-0.0115,0.0191
1,r3_inside,shrinking/both/G0,uncertain_v0.4_s0.7_qt0_qd0.006_Lnone/both/G0,-0.0070,-0.0148,0.0005
1,r4_false,shrinking/both/G0,uncertain_v0.4_s0.7_qt0_qd0.006_Lnone/both/G0,-0.0165,-0.0393,0.0058
2,r6_lag,shrinking/both/G2,uncertain_v0.4_s0.7_qt0_qd0.006_Lnone/both/G2,-0.1846,-0.2109,-0.1584
2,r3_inside,shrinking/both/G2,uncertain_v0.4_s0.7_qt0_qd0.006_Lnone/both/G2,-0.0431,-0.0506,-0.0356
1,r1_rms_200,shrinking/both/G0,uncertain_v0.4_s0.7_qt0_qd0.006_L0.42/both/G0,0.0066,-0.0093,0.0225
1,r3_inside,shrinking/both/G0,uncertain_v0.4_s0.7_qt0_qd0.006_L0.42/both/G0,-0.0081,-0.0151,-0.0007
1,r4_false,shrinking/both/G0,uncertain_v0.4_s0.7_qt0_qd0.006_L0.42/both/G0,-0.0176,-0.0414,0.0052
2,r6_lag,shrinking/both/G2,uncertain_v0.4_s0.7_qt0_qd0.006_L0.42/both/G2,-0.2216,-0.2500,-0.1957
2,r3_inside,shrinking/both/G2,uncertain_v0.4_s0.7_qt0_qd0.006_L0.42/both/G2,-0.0537,-0.0613,-0.0459
1,r1_rms_200,shrinking/both/G0,uncertain_v0.4_s0.7_qt0_qd0.006_L0.3/both/G0,0.0114,-0.0045,0.0271
1,r3_inside,shrinking/both/G0,uncertain_v0.4_s0.7_qt0_qd0.006_L0.3/both/G0,-0.0009,-0.0096,0.0074
1,r4_false,shrinking/both/G0,uncertain_v0.4_s0.7_qt0_qd0.006_L0.3/both/G0,-0.0463,-0.0709,-0.0188
2,r6_lag,shrinking/both/G2,uncertain_v0.4_s0.7_qt0_qd0.006_L0.3/both/G2,-0.3294,-0.3536,-0.3052
2,r3_inside,shrinking/both/G2,uncertain_v0.4_s0.7_qt0_qd0.006_L0.3/both/G2,-0.0829,-0.0915,-0.0748
1,r1_rms_200,shrinking/both/G0,uncertain_v0.4_s0.7_qt0_qd0.03_Lnone/both/G0,-0.0444,-0.0628,-0.0257
1,r3_inside,shrinking/both/G0,uncertain_v0.4_s0.7_qt0_qd0.03_Lnone/both/G0,0.0088,0.0014,0.0161
1,r4_false,shrinking/both/G0,uncertain_v0.4_s0.7_qt0_qd0.03_Lnone/both/G0,-0.0288,-0.0518,-0.0063
2,r6_lag,shrinking/both/G2,uncertain_v0.4_s0.7_qt0_qd0.03_Lnone/both/G2,-0.2646,-0.2941,-0.2336
2,r3_inside,shrinking/both/G2,uncertain_v0.4_s0.7_qt0_qd0.03_Lnone/both/G2,-0.0590,-0.0674,-0.0508
1,r1_rms_200,shrinking/both/G0,uncertain_v0.4_s0.7_qt0_qd0.03_L0.42/both/G0,-0.0506,-0.0675,-0.0339
1,r3_inside,shrinking/both/G0,uncertain_v0.4_s0.7_qt0_qd0.03_L0.42/both/G0,0.0049,-0.0027,0.0121
1,r4_false,shrinking/both/G0,uncertain_v0.4_s0.7_qt0_qd0.03_L0.42/both/G0,-0.0164,-0.0392,0.0063
2,r6_lag,shrinking/both/G2,uncertain_v0.4_s0.7_qt0_qd0.03_L0.42/both/G2,-0.2962,-0.3233,-0.2701
2,r3_inside,shrinking/both/G2,uncertain_v0.4_s0.7_qt0_qd0.03_L0.42/both/G2,-0.0729,-0.0811,-0.0649
1,r1_rms_200,shrinking/both/G0,uncertain_v0.4_s0.7_qt0_qd0.03_L0.3/both/G0,-0.0812,-0.1044,-0.0590
1,r3_inside,shrinking/both/G0,uncertain_v0.4_s0.7_qt0_qd0.03_L0.3/both/G0,0.0163,0.0057,0.0267
1,r4_false,shrinking/both/G0,uncertain_v0.4_s0.7_qt0_qd0.03_L0.3/both/G0,-0.0600,-0.0875,-0.0308
2,r6_lag,shrinking/both/G2,uncertain_v0.4_s0.7_qt0_qd0.03_L0.3/both/G2,-0.5373,-0.5626,-0.5118
2,r3_inside,shrinking/both/G2,uncertain_v0.4_s0.7_qt0_qd0.03_L0.3/both/G2,-0.1218,-0.1307,-0.1121
1,r1_rms_200,shrinking/both/G0,uncertain_v0.4_s0.7_qt0.003_qd0_Lnone/both/G0,-0.0291,-0.0478,-0.0112
1,r3_inside,shrinking/both/G0,uncertain_v0.4_s0.7_qt0.003_qd0_Lnone/both/G0,0.0001,-0.0085,0.0086
1,r4_false,shrinking/both/G0,uncertain_v0.4_s0.7_qt0.003_qd0_Lnone/both/G0,-0.0337,-0.0573,-0.0104
2,r6_lag,shrinking/both/G2,uncertain_v0.4_s0.7_qt0.003_qd0_Lnone/both/G2,-0.5126,-0.5494,-0.4758
2,r3_inside,shrinking/both/G2,uncertain_v0.4_s0.7_qt0.003_qd0_Lnone/both/G2,-0.1058,-0.1150,-0.0965
1,r1_rms_200,shrinking/both/G0,uncertain_v0.4_s0.7_qt0.003_qd0_L0.42/both/G0,-0.0272,-0.0472,-0.0079
1,r3_inside,shrinking/both/G0,uncertain_v0.4_s0.7_qt0.003_qd0_L0.42/both/G0,-0.0014,-0.0093,0.0065
1,r4_false,shrinking/both/G0,uncertain_v0.4_s0.7_qt0.003_qd0_L0.42/both/G0,-0.0342,-0.0571,-0.0118
2,r6_lag,shrinking/both/G2,uncertain_v0.4_s0.7_qt0.003_qd0_L0.42/both/G2,-0.5130,-0.5498,-0.4775
2,r3_inside,shrinking/both/G2,uncertain_v0.4_s0.7_qt0.003_qd0_L0.42/both/G2,-0.1096,-0.1191,-0.1005
1,r1_rms_200,shrinking/both/G0,uncertain_v0.4_s0.7_qt0.003_qd0_L0.3/both/G0,-0.0133,-0.0331,0.0069
1,r3_inside,shrinking/both/G0,uncertain_v0.4_s0.7_qt0.003_qd0_L0.3/both/G0,0.0065,-0.0028,0.0156
1,r4_false,shrinking/both/G0,uncertain_v0.4_s0.7_qt0.003_qd0_L0.3/both/G0,-0.0651,-0.0911,-0.0398
2,r6_lag,shrinking/both/G2,uncertain_v0.4_s0.7_qt0.003_qd0_L0.3/both/G2,-0.6452,-0.6830,-0.6104
2,r3_inside,shrinking/both/G2,uncertain_v0.4_s0.7_qt0.003_qd0_L0.3/both/G2,-0.1388,-0.1498,-0.1281
1,r1_rms_200,shrinking/both/G0,uncertain_v0.4_s0.7_qt0.003_qd0.006_Lnone/both/G0,-0.0223,-0.0413,-0.0037
1,r3_inside,shrinking/both/G0,uncertain_v0.4_s0.7_qt0.003_qd0.006_Lnone/both/G0,0.0008,-0.0070,0.0084
1,r4_false,shrinking/both/G0,uncertain_v0.4_s0.7_qt0.003_qd0.006_Lnone/both/G0,-0.0327,-0.0554,-0.0087
2,r6_lag,shrinking/both/G2,uncertain_v0.4_s0.7_qt0.003_qd0.006_Lnone/both/G2,-0.5233,-0.5584,-0.4893
2,r3_inside,shrinking/both/G2,uncertain_v0.4_s0.7_qt0.003_qd0.006_Lnone/both/G2,-0.1071,-0.1162,-0.0981
1,r1_rms_200,shrinking/both/G0,uncertain_v0.4_s0.7_qt0.003_qd0.006_L0.42/both/G0,-0.0347,-0.0545,-0.0158
1,r3_inside,shrinking/both/G0,uncertain_v0.4_s0.7_qt0.003_qd0.006_L0.42/both/G0,0.0011,-0.0069,0.0094
1,r4_false,shrinking/both/G0,uncertain_v0.4_s0.7_qt0.003_qd0.006_L0.42/both/G0,-0.0364,-0.0592,-0.0126
2,r6_lag,shrinking/both/G2,uncertain_v0.4_s0.7_qt0.003_qd0.006_L0.42/both/G2,-0.5383,-0.5745,-0.5032
2,r3_inside,shrinking/both/G2,uncertain_v0.4_s0.7_qt0.003_qd0.006_L0.42/both/G2,-0.1135,-0.1227,-0.1041
1,r1_rms_200,shrinking/both/G0,uncertain_v0.4_s0.7_qt0.003_qd0.006_L0.3/both/G0,-0.0181,-0.0400,0.0028
1,r3_inside,shrinking/both/G0,uncertain_v0.4_s0.7_qt0.003_qd0.006_L0.3/both/G0,0.0091,-0.0009,0.0183
1,r4_false,shrinking/both/G0,uncertain_v0.4_s0.7_qt0.003_qd0.006_L0.3/both/G0,-0.0463,-0.0702,-0.0224
2,r6_lag,shrinking/both/G2,uncertain_v0.4_s0.7_qt0.003_qd0.006_L0.3/both/G2,-0.7109,-0.7473,-0.6745
2,r3_inside,shrinking/both/G2,uncertain_v0.4_s0.7_qt0.003_qd0.006_L0.3/both/G2,-0.1474,-0.1579,-0.1367
1,r1_rms_200,shrinking/both/G0,uncertain_v0.4_s0.7_qt0.003_qd0.03_Lnone/both/G0,-0.1018,-0.1242,-0.0784
1,r3_inside,shrinking/both/G0,uncertain_v0.4_s0.7_qt0.003_qd0.03_Lnone/both/G0,0.0138,0.0056,0.0224
1,r4_false,shrinking/both/G0,uncertain_v0.4_s0.7_qt0.003_qd0.03_Lnone/both/G0,-0.0275,-0.0501,-0.0034
2,r6_lag,shrinking/both/G2,uncertain_v0.4_s0.7_qt0.003_qd0.03_Lnone/both/G2,-0.5285,-0.5652,-0.4891
2,r3_inside,shrinking/both/G2,uncertain_v0.4_s0.7_qt0.003_qd0.03_Lnone/both/G2,-0.1039,-0.1133,-0.0949
1,r1_rms_200,shrinking/both/G0,uncertain_v0.4_s0.7_qt0.003_qd0.03_L0.42/both/G0,-0.0898,-0.1108,-0.0684
1,r3_inside,shrinking/both/G0,uncertain_v0.4_s0.7_qt0.003_qd0.03_L0.42/both/G0,0.0150,0.0069,0.0234
1,r4_false,shrinking/both/G0,uncertain_v0.4_s0.7_qt0.003_qd0.03_L0.42/both/G0,-0.0560,-0.0803,-0.0304
2,r6_lag,shrinking/both/G2,uncertain_v0.4_s0.7_qt0.003_qd0.03_L0.42/both/G2,-0.5993,-0.6347,-0.5615
2,r3_inside,shrinking/both/G2,uncertain_v0.4_s0.7_qt0.003_qd0.03_L0.42/both/G2,-0.1264,-0.1361,-0.1171
1,r1_rms_200,shrinking/both/G0,uncertain_v0.4_s0.7_qt0.003_qd0.03_L0.3/both/G0,-0.1760,-0.2068,-0.1446
1,r3_inside,shrinking/both/G0,uncertain_v0.4_s0.7_qt0.003_qd0.03_L0.3/both/G0,0.0350,0.0235,0.0462
1,r4_false,shrinking/both/G0,uncertain_v0.4_s0.7_qt0.003_qd0.03_L0.3/both/G0,-0.0734,-0.1008,-0.0460
2,r6_lag,shrinking/both/G2,uncertain_v0.4_s0.7_qt0.003_qd0.03_L0.3/both/G2,-0.9511,-0.9859,-0.9174
2,r3_inside,shrinking/both/G2,uncertain_v0.4_s0.7_qt0.003_qd0.03_L0.3/both/G2,-0.1730,-0.1851,-0.1618
1,r1_rms_200,shrinking/both/G0,uncertain_v0.4_s0.7_qt0.01_qd0_Lnone/both/G0,-0.0770,-0.1001,-0.0538
1,r3_inside,shrinking/both/G0,uncertain_v0.4_s0.7_qt0.01_qd0_Lnone/both/G0,0.0106,0.0018,0.0186
1,r4_false,shrinking/both/G0,uncertain_v0.4_s0.7_qt0.01_qd0_Lnone/both/G0,-0.0544,-0.0778,-0.0307
2,r6_lag,shrinking/both/G2,uncertain_v0.4_s0.7_qt0.01_qd0_Lnone/both/G2,-0.6961,-0.7406,-0.6533
2,r3_inside,shrinking/both/G2,uncertain_v0.4_s0.7_qt0.01_qd0_Lnone/both/G2,-0.1280,-0.1389,-0.1167
1,r1_rms_200,shrinking/both/G0,uncertain_v0.4_s0.7_qt0.01_qd0_L0.42/both/G0,-0.0713,-0.0961,-0.0472
1,r3_inside,shrinking/both/G0,uncertain_v0.4_s0.7_qt0.01_qd0_L0.42/both/G0,0.0109,0.0021,0.0196
1,r4_false,shrinking/both/G0,uncertain_v0.4_s0.7_qt0.01_qd0_L0.42/both/G0,-0.0557,-0.0791,-0.0336
2,r6_lag,shrinking/both/G2,uncertain_v0.4_s0.7_qt0.01_qd0_L0.42/both/G2,-0.7182,-0.7631,-0.6752
2,r3_inside,shrinking/both/G2,uncertain_v0.4_s0.7_qt0.01_qd0_L0.42/both/G2,-0.1421,-0.1529,-0.1311
1,r1_rms_200,shrinking/both/G0,uncertain_v0.4_s0.7_qt0.01_qd0_L0.3/both/G0,-0.0732,-0.1012,-0.0453
1,r3_inside,shrinking/both/G0,uncertain_v0.4_s0.7_qt0.01_qd0_L0.3/both/G0,0.0268,0.0163,0.0376
1,r4_false,shrinking/both/G0,uncertain_v0.4_s0.7_qt0.01_qd0_L0.3/both/G0,-0.0771,-0.1028,-0.0522
2,r6_lag,shrinking/both/G2,uncertain_v0.4_s0.7_qt0.01_qd0_L0.3/both/G2,-1.0097,-1.0568,-0.9633
2,r3_inside,shrinking/both/G2,uncertain_v0.4_s0.7_qt0.01_qd0_L0.3/both/G2,-0.1662,-0.1781,-0.1533
1,r1_rms_200,shrinking/both/G0,uncertain_v0.4_s0.7_qt0.01_qd0.006_Lnone/both/G0,-0.1009,-0.1262,-0.0755
1,r3_inside,shrinking/both/G0,uncertain_v0.4_s0.7_qt0.01_qd0.006_Lnone/both/G0,0.0152,0.0064,0.0236
1,r4_false,shrinking/both/G0,uncertain_v0.4_s0.7_qt0.01_qd0.006_Lnone/both/G0,-0.0512,-0.0755,-0.0266
2,r6_lag,shrinking/both/G2,uncertain_v0.4_s0.7_qt0.01_qd0.006_Lnone/both/G2,-0.6944,-0.7349,-0.6491
2,r3_inside,shrinking/both/G2,uncertain_v0.4_s0.7_qt0.01_qd0.006_Lnone/both/G2,-0.1258,-0.1363,-0.1157
1,r1_rms_200,shrinking/both/G0,uncertain_v0.4_s0.7_qt0.01_qd0.006_L0.42/both/G0,-0.0760,-0.0999,-0.0510
1,r3_inside,shrinking/both/G0,uncertain_v0.4_s0.7_qt0.01_qd0.006_L0.42/both/G0,0.0140,0.0047,0.0227
1,r4_false,shrinking/both/G0,uncertain_v0.4_s0.7_qt0.01_qd0.006_L0.42/both/G0,-0.0593,-0.0836,-0.0344
2,r6_lag,shrinking/both/G2,uncertain_v0.4_s0.7_qt0.01_qd0.006_L0.42/both/G2,-0.7380,-0.7800,-0.6967
2,r3_inside,shrinking/both/G2,uncertain_v0.4_s0.7_qt0.01_qd0.006_L0.42/both/G2,-0.1412,-0.1519,-0.1296
1,r1_rms_200,shrinking/both/G0,uncertain_v0.4_s0.7_qt0.01_qd0.006_L0.3/both/G0,-0.1094,-0.1386,-0.0799
1,r3_inside,shrinking/both/G0,uncertain_v0.4_s0.7_qt0.01_qd0.006_L0.3/both/G0,0.0384,0.0277,0.0489
1,r4_false,shrinking/both/G0,uncertain_v0.4_s0.7_qt0.01_qd0.006_L0.3/both/G0,-0.0923,-0.1191,-0.0630
2,r6_lag,shrinking/both/G2,uncertain_v0.4_s0.7_qt0.01_qd0.006_L0.3/both/G2,-1.0780,-1.1221,-1.0354
2,r3_inside,shrinking/both/G2,uncertain_v0.4_s0.7_qt0.01_qd0.006_L0.3/both/G2,-0.1679,-0.1815,-0.1544
1,r1_rms_200,shrinking/both/G0,uncertain_v0.4_s0.7_qt0.01_qd0.03_Lnone/both/G0,-0.1533,-0.1810,-0.1264
1,r3_inside,shrinking/both/G0,uncertain_v0.4_s0.7_qt0.01_qd0.03_Lnone/both/G0,0.0270,0.0183,0.0353
1,r4_false,shrinking/both/G0,uncertain_v0.4_s0.7_qt0.01_qd0.03_Lnone/both/G0,-0.0398,-0.0624,-0.0167
2,r6_lag,shrinking/both/G2,uncertain_v0.4_s0.7_qt0.01_qd0.03_Lnone/both/G2,-0.6933,-0.7363,-0.6509
2,r3_inside,shrinking/both/G2,uncertain_v0.4_s0.7_qt0.01_qd0.03_Lnone/both/G2,-0.1241,-0.1349,-0.1138
1,r1_rms_200,shrinking/both/G0,uncertain_v0.4_s0.7_qt0.01_qd0.03_L0.42/both/G0,-0.1391,-0.1662,-0.1107
1,r3_inside,shrinking/both/G0,uncertain_v0.4_s0.7_qt0.01_qd0.03_L0.42/both/G0,0.0214,0.0120,0.0310
1,r4_false,shrinking/both/G0,uncertain_v0.4_s0.7_qt0.01_qd0.03_L0.42/both/G0,-0.0694,-0.0934,-0.0445
2,r6_lag,shrinking/both/G2,uncertain_v0.4_s0.7_qt0.01_qd0.03_L0.42/both/G2,-0.9499,-0.9922,-0.9095
2,r3_inside,shrinking/both/G2,uncertain_v0.4_s0.7_qt0.01_qd0.03_L0.42/both/G2,-0.1616,-0.1726,-0.1507
1,r1_rms_200,shrinking/both/G0,uncertain_v0.4_s0.7_qt0.01_qd0.03_L0.3/both/G0,-0.3294,-0.3686,-0.2891
1,r3_inside,shrinking/both/G0,uncertain_v0.4_s0.7_qt0.01_qd0.03_L0.3/both/G0,0.0847,0.0728,0.0969
1,r4_false,shrinking/both/G0,uncertain_v0.4_s0.7_qt0.01_qd0.03_L0.3/both/G0,-0.1034,-0.1304,-0.0753
2,r6_lag,shrinking/both/G2,uncertain_v0.4_s0.7_qt0.01_qd0.03_L0.3/both/G2,-1.3372,-1.3771,-1.2966
2,r3_inside,shrinking/both/G2,uncertain_v0.4_s0.7_qt0.01_qd0.03_L0.3/both/G2,-0.1578,-0.1718,-0.1436
1,r1_rms_200,shrinking/both/G0,uncertain_v1_s0.35_qt0_qd0_Lnone/both/G0,0.0269,0.0113,0.0420
1,r3_inside,shrinking/both/G0,uncertain_v1_s0.35_qt0_qd0_Lnone/both/G0,-0.0190,-0.0279,-0.0096
1,r4_false,shrinking/both/G0,uncertain_v1_s0.35_qt0_qd0_Lnone/both/G0,-0.0080,-0.0370,0.0216
2,r6_lag,shrinking/both/G2,uncertain_v1_s0.35_qt0_qd0_Lnone/both/G2,-0.1192,-0.1527,-0.0857
2,r3_inside,shrinking/both/G2,uncertain_v1_s0.35_qt0_qd0_Lnone/both/G2,-0.0324,-0.0423,-0.0227
1,r1_rms_200,shrinking/both/G0,uncertain_v1_s0.35_qt0_qd0_L0.42/both/G0,0.0328,0.0184,0.0482
1,r3_inside,shrinking/both/G0,uncertain_v1_s0.35_qt0_qd0_L0.42/both/G0,-0.0192,-0.0287,-0.0098
1,r4_false,shrinking/both/G0,uncertain_v1_s0.35_qt0_qd0_L0.42/both/G0,-0.0084,-0.0417,0.0239
2,r6_lag,shrinking/both/G2,uncertain_v1_s0.35_qt0_qd0_L0.42/both/G2,-0.1382,-0.1692,-0.1056
2,r3_inside,shrinking/both/G2,uncertain_v1_s0.35_qt0_qd0_L0.42/both/G2,-0.0438,-0.0528,-0.0344
1,r1_rms_200,shrinking/both/G0,uncertain_v1_s0.35_qt0_qd0_L0.3/both/G0,0.0368,0.0201,0.0523
1,r3_inside,shrinking/both/G0,uncertain_v1_s0.35_qt0_qd0_L0.3/both/G0,-0.0200,-0.0288,-0.0110
1,r4_false,shrinking/both/G0,uncertain_v1_s0.35_qt0_qd0_L0.3/both/G0,-0.0071,-0.0374,0.0254
2,r6_lag,shrinking/both/G2,uncertain_v1_s0.35_qt0_qd0_L0.3/both/G2,-0.1837,-0.2129,-0.1546
2,r3_inside,shrinking/both/G2,uncertain_v1_s0.35_qt0_qd0_L0.3/both/G2,-0.0545,-0.0638,-0.0457
1,r1_rms_200,shrinking/both/G0,uncertain_v1_s0.35_qt0_qd0.006_Lnone/both/G0,0.0338,0.0179,0.0498
1,r3_inside,shrinking/both/G0,uncertain_v1_s0.35_qt0_qd0.006_Lnone/both/G0,-0.0152,-0.0237,-0.0065
1,r4_false,shrinking/both/G0,uncertain_v1_s0.35_qt0_qd0.006_Lnone/both/G0,-0.0154,-0.0423,0.0133
2,r6_lag,shrinking/both/G2,uncertain_v1_s0.35_qt0_qd0.006_Lnone/both/G2,-0.1464,-0.1795,-0.1127
2,r3_inside,shrinking/both/G2,uncertain_v1_s0.35_qt0_qd0.006_Lnone/both/G2,-0.0382,-0.0479,-0.0285
1,r1_rms_200,shrinking/both/G0,uncertain_v1_s0.35_qt0_qd0.006_L0.42/both/G0,0.0344,0.0197,0.0499
1,r3_inside,shrinking/both/G0,uncertain_v1_s0.35_qt0_qd0.006_L0.42/both/G0,-0.0173,-0.0265,-0.0078
1,r4_false,shrinking/both/G0,uncertain_v1_s0.35_qt0_qd0.006_L0.42/both/G0,-0.0158,-0.0446,0.0145
2,r6_lag,shrinking/both/G2,uncertain_v1_s0.35_qt0_qd0.006_L0.42/both/G2,-0.1715,-0.2040,-0.1368
2,r3_inside,shrinking/both/G2,uncertain_v1_s0.35_qt0_qd0.006_L0.42/both/G2,-0.0515,-0.0609,-0.0417
1,r1_rms_200,shrinking/both/G0,uncertain_v1_s0.35_qt0_qd0.006_L0.3/both/G0,0.0445,0.0297,0.0601
1,r3_inside,shrinking/both/G0,uncertain_v1_s0.35_qt0_qd0.006_L0.3/both/G0,-0.0169,-0.0259,-0.0081
1,r4_false,shrinking/both/G0,uncertain_v1_s0.35_qt0_qd0.006_L0.3/both/G0,-0.0201,-0.0481,0.0106
2,r6_lag,shrinking/both/G2,uncertain_v1_s0.35_qt0_qd0.006_L0.3/both/G2,-0.2133,-0.2418,-0.1837
2,r3_inside,shrinking/both/G2,uncertain_v1_s0.35_qt0_qd0.006_L0.3/both/G2,-0.0611,-0.0707,-0.0519
1,r1_rms_200,shrinking/both/G0,uncertain_v1_s0.35_qt0_qd0.03_Lnone/both/G0,0.0003,-0.0176,0.0191
1,r3_inside,shrinking/both/G0,uncertain_v1_s0.35_qt0_qd0.03_Lnone/both/G0,-0.0036,-0.0123,0.0056
1,r4_false,shrinking/both/G0,uncertain_v1_s0.35_qt0_qd0.03_Lnone/both/G0,-0.0193,-0.0461,0.0074
2,r6_lag,shrinking/both/G2,uncertain_v1_s0.35_qt0_qd0.03_Lnone/both/G2,-0.2186,-0.2506,-0.1866
2,r3_inside,shrinking/both/G2,uncertain_v1_s0.35_qt0_qd0.03_Lnone/both/G2,-0.0534,-0.0632,-0.0437
1,r1_rms_200,shrinking/both/G0,uncertain_v1_s0.35_qt0_qd0.03_L0.42/both/G0,-0.0021,-0.0185,0.0147
1,r3_inside,shrinking/both/G0,uncertain_v1_s0.35_qt0_qd0.03_L0.42/both/G0,-0.0092,-0.0180,-0.0009
1,r4_false,shrinking/both/G0,uncertain_v1_s0.35_qt0_qd0.03_L0.42/both/G0,-0.0321,-0.0603,-0.0067
2,r6_lag,shrinking/both/G2,uncertain_v1_s0.35_qt0_qd0.03_L0.42/both/G2,-0.2638,-0.2951,-0.2324
2,r3_inside,shrinking/both/G2,uncertain_v1_s0.35_qt0_qd0.03_L0.42/both/G2,-0.0685,-0.0780,-0.0593
1,r1_rms_200,shrinking/both/G0,uncertain_v1_s0.35_qt0_qd0.03_L0.3/both/G0,0.0089,-0.0089,0.0270
1,r3_inside,shrinking/both/G0,uncertain_v1_s0.35_qt0_qd0.03_L0.3/both/G0,-0.0098,-0.0183,-0.0014
1,r4_false,shrinking/both/G0,uncertain_v1_s0.35_qt0_qd0.03_L0.3/both/G0,-0.0337,-0.0623,-0.0065
2,r6_lag,shrinking/both/G2,uncertain_v1_s0.35_qt0_qd0.03_L0.3/both/G2,-0.3226,-0.3535,-0.2903
2,r3_inside,shrinking/both/G2,uncertain_v1_s0.35_qt0_qd0.03_L0.3/both/G2,-0.0863,-0.0958,-0.0762
1,r1_rms_200,shrinking/both/G0,uncertain_v1_s0.35_qt0.003_qd0_Lnone/both/G0,-0.0118,-0.0326,0.0092
1,r3_inside,shrinking/both/G0,uncertain_v1_s0.35_qt0.003_qd0_Lnone/both/G0,-0.0068,-0.0164,0.0026
1,r4_false,shrinking/both/G0,uncertain_v1_s0.35_qt0.003_qd0_Lnone/both/G0,-0.0199,-0.0480,0.0084
2,r6_lag,shrinking/both/G2,uncertain_v1_s0.35_qt0.003_qd0_Lnone/both/G2,-0.4921,-0.5266,-0.4544
2,r3_inside,shrinking/both/G2,uncertain_v1_s0.35_qt0.003_qd0_Lnone/both/G2,-0.0982,-0.1085,-0.0887
1,r1_rms_200,shrinking/both/G0,uncertain_v1_s0.35_qt0.003_qd0_L0.42/both/G0,-0.0119,-0.0324,0.0100
1,r3_inside,shrinking/both/G0,uncertain_v1_s0.35_qt0.003_qd0_L0.42/both/G0,-0.0076,-0.0170,0.0017
1,r4_false,shrinking/both/G0,uncertain_v1_s0.35_qt0.003_qd0_L0.42/both/G0,-0.0136,-0.0434,0.0160
2,r6_lag,shrinking/both/G2,uncertain_v1_s0.35_qt0.003_qd0_L0.42/both/G2,-0.4902,-0.5267,-0.4541
2,r3_inside,shrinking/both/G2,uncertain_v1_s0.35_qt0.003_qd0_L0.42/both/G2,-0.1065,-0.1158,-0.0967
1,r1_rms_200,shrinking/both/G0,uncertain_v1_s0.35_qt0.003_qd0_L0.3/both/G0,-0.0056,-0.0243,0.0136
1,r3_inside,shrinking/both/G0,uncertain_v1_s0.35_qt0.003_qd0_L0.3/both/G0,-0.0121,-0.0213,-0.0027
1,r4_false,shrinking/both/G0,uncertain_v1_s0.35_qt0.003_qd0_L0.3/both/G0,-0.0158,-0.0446,0.0142
2,r6_lag,shrinking/both/G2,uncertain_v1_s0.35_qt0.003_qd0_L0.3/both/G2,-0.5103,-0.5443,-0.4749
2,r3_inside,shrinking/both/G2,uncertain_v1_s0.35_qt0.003_qd0_L0.3/both/G2,-0.1158,-0.1257,-0.1057
1,r1_rms_200,shrinking/both/G0,uncertain_v1_s0.35_qt0.003_qd0.006_Lnone/both/G0,0.0019,-0.0174,0.0200
1,r3_inside,shrinking/both/G0,uncertain_v1_s0.35_qt0.003_qd0.006_Lnone/both/G0,-0.0073,-0.0172,0.0026
1,r4_false,shrinking/both/G0,uncertain_v1_s0.35_qt0.003_qd0.006_Lnone/both/G0,-0.0219,-0.0478,0.0048
2,r6_lag,shrinking/both/G2,uncertain_v1_s0.35_qt0.003_qd0.006_Lnone/both/G2,-0.4952,-0.5327,-0.4579
2,r3_inside,shrinking/both/G2,uncertain_v1_s0.35_qt0.003_qd0.006_Lnone/both/G2,-0.1035,-0.1133,-0.0933
1,r1_rms_200,shrinking/both/G0,uncertain_v1_s0.35_qt0.003_qd0.006_L0.42/both/G0,-0.0006,-0.0197,0.0189
1,r3_inside,shrinking/both/G0,uncertain_v1_s0.35_qt0.003_qd0.006_L0.42/both/G0,-0.0105,-0.0197,-0.0009
1,r4_false,shrinking/both/G0,uncertain_v1_s0.35_qt0.003_qd0.006_L0.42/both/G0,-0.0096,-0.0360,0.0159
2,r6_lag,shrinking/both/G2,uncertain_v1_s0.35_qt0.003_qd0.006_L0.42/both/G2,-0.5003,-0.5365,-0.4631
2,r3_inside,shrinking/both/G2,uncertain_v1_s0.35_qt0.003_qd0.006_L0.42/both/G2,-0.1110,-0.1210,-0.1014
1,r1_rms_200,shrinking/both/G0,uncertain_v1_s0.35_qt0.003_qd0.006_L0.3/both/G0,-0.0008,-0.0201,0.0183
1,r3_inside,shrinking/both/G0,uncertain_v1_s0.35_qt0.003_qd0.006_L0.3/both/G0,-0.0069,-0.0160,0.0023
1,r4_false,shrinking/both/G0,uncertain_v1_s0.35_qt0.003_qd0.006_L0.3/both/G0,-0.0280,-0.0548,-0.0015
2,r6_lag,shrinking/both/G2,uncertain_v1_s0.35_qt0.003_qd0.006_L0.3/both/G2,-0.5193,-0.5592,-0.4809
2,r3_inside,shrinking/both/G2,uncertain_v1_s0.35_qt0.003_qd0.006_L0.3/both/G2,-0.1171,-0.1272,-0.1069
1,r1_rms_200,shrinking/both/G0,uncertain_v1_s0.35_qt0.003_qd0.03_Lnone/both/G0,-0.0420,-0.0621,-0.0223
1,r3_inside,shrinking/both/G0,uncertain_v1_s0.35_qt0.003_qd0.03_Lnone/both/G0,0.0050,-0.0038,0.0141
1,r4_false,shrinking/both/G0,uncertain_v1_s0.35_qt0.003_qd0.03_Lnone/both/G0,-0.0388,-0.0638,-0.0128
2,r6_lag,shrinking/both/G2,uncertain_v1_s0.35_qt0.003_qd0.03_Lnone/both/G2,-0.5158,-0.5531,-0.4776
2,r3_inside,shrinking/both/G2,uncertain_v1_s0.35_qt0.003_qd0.03_Lnone/both/G2,-0.1040,-0.1134,-0.0942
1,r1_rms_200,shrinking/both/G0,uncertain_v1_s0.35_qt0.003_qd0.03_L0.42/both/G0,-0.0376,-0.0576,-0.0167
1,r3_inside,shrinking/both/G0,uncertain_v1_s0.35_qt0.003_qd0.03_L0.42/both/G0,0.0020,-0.0067,0.0111
1,r4_false,shrinking/both/G0,uncertain_v1_s0.35_qt0.003_qd0.03_L0.42/both/G0,-0.0394,-0.0641,-0.0147
2,r6_lag,shrinking/both/G2,uncertain_v1_s0.35_qt0.003_qd0.03_L0.42/both/G2,-0.5316,-0.5678,-0.4971
2,r3_inside,shrinking/both/G2,uncertain_v1_s0.35_qt0.003_qd0.03_L0.42/both/G2,-0.1173,-0.1274,-0.1077
1,r1_rms_200,shrinking/both/G0,uncertain_v1_s0.35_qt0.003_qd0.03_L0.3/both/G0,-0.0640,-0.0883,-0.0393
1,r3_inside,shrinking/both/G0,uncertain_v1_s0.35_qt0.003_qd0.03_L0.3/both/G0,-0.0052,-0.0146,0.0042
1,r4_false,shrinking/both/G0,uncertain_v1_s0.35_qt0.003_qd0.03_L0.3/both/G0,-0.0524,-0.0781,-0.0258
2,r6_lag,shrinking/both/G2,uncertain_v1_s0.35_qt0.003_qd0.03_L0.3/both/G2,-0.6832,-0.7190,-0.6469
2,r3_inside,shrinking/both/G2,uncertain_v1_s0.35_qt0.003_qd0.03_L0.3/both/G2,-0.1454,-0.1558,-0.1342
1,r1_rms_200,shrinking/both/G0,uncertain_v1_s0.35_qt0.01_qd0_Lnone/both/G0,-0.0737,-0.0979,-0.0481
1,r3_inside,shrinking/both/G0,uncertain_v1_s0.35_qt0.01_qd0_Lnone/both/G0,0.0039,-0.0056,0.0130
1,r4_false,shrinking/both/G0,uncertain_v1_s0.35_qt0.01_qd0_Lnone/both/G0,-0.0249,-0.0488,0.0013
2,r6_lag,shrinking/both/G2,uncertain_v1_s0.35_qt0.01_qd0_Lnone/both/G2,-0.6977,-0.7370,-0.6568
2,r3_inside,shrinking/both/G2,uncertain_v1_s0.35_qt0.01_qd0_Lnone/both/G2,-0.1289,-0.1395,-0.1178
1,r1_rms_200,shrinking/both/G0,uncertain_v1_s0.35_qt0.01_qd0_L0.42/both/G0,-0.0676,-0.0934,-0.0450
1,r3_inside,shrinking/both/G0,uncertain_v1_s0.35_qt0.01_qd0_L0.42/both/G0,0.0028,-0.0068,0.0124
1,r4_false,shrinking/both/G0,uncertain_v1_s0.35_qt0.01_qd0_L0.42/both/G0,-0.0191,-0.0427,0.0061
2,r6_lag,shrinking/both/G2,uncertain_v1_s0.35_qt0.01_qd0_L0.42/both/G2,-0.6887,-0.7309,-0.6471
2,r3_inside,shrinking/both/G2,uncertain_v1_s0.35_qt0.01_qd0_L0.42/both/G2,-0.1315,-0.1423,-0.1203
1,r1_rms_200,shrinking/both/G0,uncertain_v1_s0.35_qt0.01_qd0_L0.3/both/G0,-0.0671,-0.0917,-0.0422
1,r3_inside,shrinking/both/G0,uncertain_v1_s0.35_qt0.01_qd0_L0.3/both/G0,-0.0008,-0.0099,0.0084
1,r4_false,shrinking/both/G0,uncertain_v1_s0.35_qt0.01_qd0_L0.3/both/G0,-0.0215,-0.0471,0.0060
2,r6_lag,shrinking/both/G2,uncertain_v1_s0.35_qt0.01_qd0_L0.3/both/G2,-0.7088,-0.7505,-0.6695
2,r3_inside,shrinking/both/G2,uncertain_v1_s0.35_qt0.01_qd0_L0.3/both/G2,-0.1420,-0.1536,-0.1303
1,r1_rms_200,shrinking/both/G0,uncertain_v1_s0.35_qt0.01_qd0.006_Lnone/both/G0,-0.0510,-0.0768,-0.0273
1,r3_inside,shrinking/both/G0,uncertain_v1_s0.35_qt0.01_qd0.006_Lnone/both/G0,0.0078,-0.0017,0.0170
1,r4_false,shrinking/both/G0,uncertain_v1_s0.35_qt0.01_qd0.006_Lnone/both/G0,-0.0164,-0.0418,0.0082
2,r6_lag,shrinking/both/G2,uncertain_v1_s0.35_qt0.01_qd0.006_Lnone/both/G2,-0.6930,-0.7337,-0.6522
2,r3_inside,shrinking/both/G2,uncertain_v1_s0.35_qt0.01_qd0.006_Lnone/both/G2,-0.1293,-0.1399,-0.1188
1,r1_rms_200,shrinking/both/G0,uncertain_v1_s0.35_qt0.01_qd0.006_L0.42/both/G0,-0.0572,-0.0815,-0.0334
1,r3_inside,shrinking/both/G0,uncertain_v1_s0.35_qt0.01_qd0.006_L0.42/both/G0,0.0037,-0.0060,0.0125
1,r4_false,shrinking/both/G0,uncertain_v1_s0.35_qt0.01_qd0.006_L0.42/both/G0,-0.0137,-0.0395,0.0120
2,r6_lag,shrinking/both/G2,uncertain_v1_s0.35_qt0.01_qd0.006_L0.42/both/G2,-0.7001,-0.7399,-0.6565
2,r3_inside,shrinking/both/G2,uncertain_v1_s0.35_qt0.01_qd0.006_L0.42/both/G2,-0.1336,-0.1442,-0.1229
1,r1_rms_200,shrinking/both/G0,uncertain_v1_s0.35_qt0.01_qd0.006_L0.3/both/G0,-0.0577,-0.0834,-0.0330
1,r3_inside,shrinking/both/G0,uncertain_v1_s0.35_qt0.01_qd0.006_L0.3/both/G0,0.0031,-0.0061,0.0130
1,r4_false,shrinking/both/G0,uncertain_v1_s0.35_qt0.01_qd0.006_L0.3/both/G0,-0.0381,-0.0629,-0.0131
2,r6_lag,shrinking/both/G2,uncertain_v1_s0.35_qt0.01_qd0.006_L0.3/both/G2,-0.7267,-0.7666,-0.6856
2,r3_inside,shrinking/both/G2,uncertain_v1_s0.35_qt0.01_qd0.006_L0.3/both/G2,-0.1442,-0.1550,-0.1328
1,r1_rms_200,shrinking/both/G0,uncertain_v1_s0.35_qt0.01_qd0.03_Lnone/both/G0,-0.0996,-0.1244,-0.0742
1,r3_inside,shrinking/both/G0,uncertain_v1_s0.35_qt0.01_qd0.03_Lnone/both/G0,0.0172,0.0084,0.0264
1,r4_false,shrinking/both/G0,uncertain_v1_s0.35_qt0.01_qd0.03_Lnone/both/G0,-0.0415,-0.0664,-0.0181
2,r6_lag,shrinking/both/G2,uncertain_v1_s0.35_qt0.01_qd0.03_Lnone/both/G2,-0.6986,-0.7376,-0.6555
2,r3_inside,shrinking/both/G2,uncertain_v1_s0.35_qt0.01_qd0.03_Lnone/both/G2,-0.1263,-0.1367,-0.1157
1,r1_rms_200,shrinking/both/G0,uncertain_v1_s0.35_qt0.01_qd0.03_L0.42/both/G0,-0.0771,-0.1033,-0.0513
1,r3_inside,shrinking/both/G0,uncertain_v1_s0.35_qt0.01_qd0.03_L0.42/both/G0,0.0073,-0.0020,0.0165
1,r4_false,shrinking/both/G0,uncertain_v1_s0.35_qt0.01_qd0.03_L0.42/both/G0,-0.0398,-0.0663,-0.0148
2,r6_lag,shrinking/both/G2,uncertain_v1_s0.35_qt0.01_qd0.03_L0.42/both/G2,-0.7578,-0.8007,-0.7149
2,r3_inside,shrinking/both/G2,uncertain_v1_s0.35_qt0.01_qd0.03_L0.42/both/G2,-0.1395,-0.1507,-0.1279
1,r1_rms_200,shrinking/both/G0,uncertain_v1_s0.35_qt0.01_qd0.03_L0.3/both/G0,-0.1897,-0.2239,-0.1577
1,r3_inside,shrinking/both/G0,uncertain_v1_s0.35_qt0.01_qd0.03_L0.3/both/G0,0.0241,0.0130,0.0347
1,r4_false,shrinking/both/G0,uncertain_v1_s0.35_qt0.01_qd0.03_L0.3/both/G0,-0.0841,-0.1111,-0.0579
2,r6_lag,shrinking/both/G2,uncertain_v1_s0.35_qt0.01_qd0.03_L0.3/both/G2,-1.0655,-1.1061,-1.0230
2,r3_inside,shrinking/both/G2,uncertain_v1_s0.35_qt0.01_qd0.03_L0.3/both/G2,-0.1727,-0.1850,-0.1609
1,r1_rms_200,shrinking/both/G0,uncertain_v1_s0.5_qt0_qd0_Lnone/both/G0,0.0380,0.0232,0.0534
1,r3_inside,shrinking/both/G0,uncertain_v1_s0.5_qt0_qd0_Lnone/both/G0,-0.0205,-0.0299,-0.0116
1,r4_false,shrinking/both/G0,uncertain_v1_s0.5_qt0_qd0_Lnone/both/G0,-0.0050,-0.0311,0.0214
2,r6_lag,shrinking/both/G2,uncertain_v1_s0.5_qt0_qd0_Lnone/both/G2,-0.1646,-0.1994,-0.1299
2,r3_inside,shrinking/both/G2,uncertain_v1_s0.5_qt0_qd0_Lnone/both/G2,-0.0391,-0.0494,-0.0298
1,r1_rms_200,shrinking/both/G0,uncertain_v1_s0.5_qt0_qd0_L0.42/both/G0,0.0452,0.0291,0.0621
1,r3_inside,shrinking/both/G0,uncertain_v1_s0.5_qt0_qd0_L0.42/both/G0,-0.0208,-0.0303,-0.0117
1,r4_false,shrinking/both/G0,uncertain_v1_s0.5_qt0_qd0_L0.42/both/G0,-0.0142,-0.0436,0.0150
2,r6_lag,shrinking/both/G2,uncertain_v1_s0.5_qt0_qd0_L0.42/both/G2,-0.2018,-0.2349,-0.1688
2,r3_inside,shrinking/both/G2,uncertain_v1_s0.5_qt0_qd0_L0.42/both/G2,-0.0563,-0.0659,-0.0471
1,r1_rms_200,shrinking/both/G0,uncertain_v1_s0.5_qt0_qd0_L0.3/both/G0,0.0397,0.0248,0.0550
1,r3_inside,shrinking/both/G0,uncertain_v1_s0.5_qt0_qd0_L0.3/both/G0,-0.0165,-0.0258,-0.0073
1,r4_false,shrinking/both/G0,uncertain_v1_s0.5_qt0_qd0_L0.3/both/G0,-0.0344,-0.0624,-0.0064
2,r6_lag,shrinking/both/G2,uncertain_v1_s0.5_qt0_qd0_L0.3/both/G2,-0.2507,-0.2826,-0.2202
2,r3_inside,shrinking/both/G2,uncertain_v1_s0.5_qt0_qd0_L0.3/both/G2,-0.0686,-0.0784,-0.0593
1,r1_rms_200,shrinking/both/G0,uncertain_v1_s0.5_qt0_qd0.006_Lnone/both/G0,0.0423,0.0265,0.0589
1,r3_inside,shrinking/both/G0,uncertain_v1_s0.5_qt0_qd0.006_Lnone/both/G0,-0.0141,-0.0228,-0.0052
1,r4_false,shrinking/both/G0,uncertain_v1_s0.5_qt0_qd0.006_Lnone/both/G0,-0.0062,-0.0309,0.0189
2,r6_lag,shrinking/both/G2,uncertain_v1_s0.5_qt0_qd0.006_Lnone/both/G2,-0.1923,-0.2257,-0.1588
2,r3_inside,shrinking/both/G2,uncertain_v1_s0.5_qt0_qd0.006_Lnone/both/G2,-0.0424,-0.0520,-0.0328
1,r1_rms_200,shrinking/both/G0,uncertain_v1_s0.5_qt0_qd0.006_L0.42/both/G0,0.0368,0.0211,0.0539
1,r3_inside,shrinking/both/G0,uncertain_v1_s0.5_qt0_qd0.006_L0.42/both/G0,-0.0146,-0.0237,-0.0059
1,r4_false,shrinking/both/G0,uncertain_v1_s0.5_qt0_qd0.006_L0.42/both/G0,-0.0237,-0.0501,0.0036
2,r6_lag,shrinking/both/G2,uncertain_v1_s0.5_qt0_qd0.006_L0.42/both/G2,-0.2261,-0.2574,-0.1943
2,r3_inside,shrinking/both/G2,uncertain_v1_s0.5_qt0_qd0.006_L0.42/both/G2,-0.0635,-0.0726,-0.0544
1,r1_rms_200,shrinking/both/G0,uncertain_v1_s0.5_qt0_qd0.006_L0.3/both/G0,0.0419,0.0271,0.0577
1,r3_inside,shrinking/both/G0,uncertain_v1_s0.5_qt0_qd0.006_L0.3/both/G0,-0.0146,-0.0241,-0.0048
1,r4_false,shrinking/both/G0,uncertain_v1_s0.5_qt0_qd0.006_L0.3/both/G0,-0.0362,-0.0626,-0.0072
2,r6_lag,shrinking/both/G2,uncertain_v1_s0.5_qt0_qd0.006_L0.3/both/G2,-0.2706,-0.3006,-0.2401
2,r3_inside,shrinking/both/G2,uncertain_v1_s0.5_qt0_qd0.006_L0.3/both/G2,-0.0729,-0.0825,-0.0631
1,r1_rms_200,shrinking/both/G0,uncertain_v1_s0.5_qt0_qd0.03_Lnone/both/G0,-0.0101,-0.0273,0.0062
1,r3_inside,shrinking/both/G0,uncertain_v1_s0.5_qt0_qd0.03_Lnone/both/G0,-0.0006,-0.0094,0.0082
1,r4_false,shrinking/both/G0,uncertain_v1_s0.5_qt0_qd0.03_Lnone/both/G0,-0.0112,-0.0354,0.0144
2,r6_lag,shrinking/both/G2,uncertain_v1_s0.5_qt0_qd0.03_Lnone/both/G2,-0.2601,-0.2930,-0.2262
2,r3_inside,shrinking/both/G2,uncertain_v1_s0.5_qt0_qd0.03_Lnone/both/G2,-0.0604,-0.0700,-0.0505
1,r1_rms_200,shrinking/both/G0,uncertain_v1_s0.5_qt0_qd0.03_L0.42/both/G0,-0.0160,-0.0324,0.0011
1,r3_inside,shrinking/both/G0,uncertain_v1_s0.5_qt0_qd0.03_L0.42/both/G0,-0.0040,-0.0122,0.0041
1,r4_false,shrinking/both/G0,uncertain_v1_s0.5_qt0_qd0.03_L0.42/both/G0,-0.0312,-0.0569,-0.0059
2,r6_lag,shrinking/both/G2,uncertain_v1_s0.5_qt0_qd0.03_L0.42/both/G2,-0.3000,-0.3320,-0.2687
2,r3_inside,shrinking/both/G2,uncertain_v1_s0.5_qt0_qd0.03_L0.42/both/G2,-0.0797,-0.0897,-0.0705
1,r1_rms_200,shrinking/both/G0,uncertain_v1_s0.5_qt0_qd0.03_L0.3/both/G0,-0.0168,-0.0354,0.0037
1,r3_inside,shrinking/both/G0,uncertain_v1_s0.5_qt0_qd0.03_L0.3/both/G0,-0.0039,-0.0135,0.0061
1,r4_false,shrinking/both/G0,uncertain_v1_s0.5_qt0_qd0.03_L0.3/both/G0,-0.0514,-0.0791,-0.0233
2,r6_lag,shrinking/both/G2,uncertain_v1_s0.5_qt0_qd0.03_L0.3/both/G2,-0.4034,-0.4353,-0.3728
2,r3_inside,shrinking/both/G2,uncertain_v1_s0.5_qt0_qd0.03_L0.3/both/G2,-0.1017,-0.1113,-0.0916
1,r1_rms_200,shrinking/both/G0,uncertain_v1_s0.5_qt0.003_qd0_Lnone/both/G0,0.0011,-0.0173,0.0202
1,r3_inside,shrinking/both/G0,uncertain_v1_s0.5_qt0.003_qd0_Lnone/both/G0,-0.0077,-0.0169,0.0011
1,r4_false,shrinking/both/G0,uncertain_v1_s0.5_qt0.003_qd0_Lnone/both/G0,-0.0305,-0.0559,-0.0055
2,r6_lag,shrinking/both/G2,uncertain_v1_s0.5_qt0.003_qd0_Lnone/both/G2,-0.4904,-0.5308,-0.4512
2,r3_inside,shrinking/both/G2,uncertain_v1_s0.5_qt0.003_qd0_Lnone/both/G2,-0.1043,-0.1147,-0.0945
1,r1_rms_200,shrinking/both/G0,uncertain_v1_s0.5_qt0.003_qd0_L0.42/both/G0,0.0052,-0.0135,0.0260
1,r3_inside,shrinking/both/G0,uncertain_v1_s0.5_qt0.003_qd0_L0.42/both/G0,-0.0127,-0.0214,-0.0038
1,r4_false,shrinking/both/G0,uncertain_v1_s0.5_qt0.003_qd0_L0.42/both/G0,-0.0288,-0.0557,-0.0023
2,r6_lag,shrinking/both/G2,uncertain_v1_s0.5_qt0.003_qd0_L0.42/both/G2,-0.5108,-0.5462,-0.4756
2,r3_inside,shrinking/both/G2,uncertain_v1_s0.5_qt0.003_qd0_L0.42/both/G2,-0.1163,-0.1265,-0.1060
1,r1_rms_200,shrinking/both/G0,uncertain_v1_s0.5_qt0.003_qd0_L0.3/both/G0,0.0122,-0.0066,0.0322
1,r3_inside,shrinking/both/G0,uncertain_v1_s0.5_qt0.003_qd0_L0.3/both/G0,-0.0061,-0.0154,0.0039
1,r4_false,shrinking/both/G0,uncertain_v1_s0.5_qt0.003_qd0_L0.3/both/G0,-0.0368,-0.0641,-0.0083
2,r6_lag,shrinking/both/G2,uncertain_v1_s0.5_qt0.003_qd0_L0.3/both/G2,-0.5314,-0.5700,-0.4957
2,r3_inside,shrinking/both/G2,uncertain_v1_s0.5_qt0.003_qd0_L0.3/both/G2,-0.1213,-0.1316,-0.1106
1,r1_rms_200,shrinking/both/G0,uncertain_v1_s0.5_qt0.003_qd0.006_Lnone/both/G0,0.0051,-0.0141,0.0244
1,r3_inside,shrinking/both/G0,uncertain_v1_s0.5_qt0.003_qd0.006_Lnone/both/G0,-0.0076,-0.0163,0.0010
1,r4_false,shrinking/both/G0,uncertain_v1_s0.5_qt0.003_qd0.006_Lnone/both/G0,-0.0408,-0.0643,-0.0172
2,r6_lag,shrinking/both/G2,uncertain_v1_s0.5_qt0.003_qd0.006_Lnone/both/G2,-0.5074,-0.5439,-0.4710
2,r3_inside,shrinking/both/G2,uncertain_v1_s0.5_qt0.003_qd0.006_Lnone/both/G2,-0.1058,-0.1158,-0.0951
1,r1_rms_200,shrinking/both/G0,uncertain_v1_s0.5_qt0.003_qd0.006_L0.42/both/G0,0.0023,-0.0177,0.0231
1,r3_inside,shrinking/both/G0,uncertain_v1_s0.5_qt0.003_qd0.006_L0.42/both/G0,-0.0093,-0.0184,-0.0005
1,r4_false,shrinking/both/G0,uncertain_v1_s0.5_qt0.003_qd0.006_L0.42/both/G0,-0.0362,-0.0643,-0.0098
2,r6_lag,shrinking/both/G2,uncertain_v1_s0.5_qt0.003_qd0.006_L0.42/both/G2,-0.5220,-0.5593,-0.4872
2,r3_inside,shrinking/both/G2,uncertain_v1_s0.5_qt0.003_qd0.006_L0.42/both/G2,-0.1164,-0.1268,-0.1057
1,r1_rms_200,shrinking/both/G0,uncertain_v1_s0.5_qt0.003_qd0.006_L0.3/both/G0,-0.0004,-0.0200,0.0186
1,r3_inside,shrinking/both/G0,uncertain_v1_s0.5_qt0.003_qd0.006_L0.3/both/G0,-0.0043,-0.0133,0.0048
1,r4_false,shrinking/both/G0,uncertain_v1_s0.5_qt0.003_qd0.006_L0.3/both/G0,-0.0513,-0.0765,-0.0252
2,r6_lag,shrinking/both/G2,uncertain_v1_s0.5_qt0.003_qd0.006_L0.3/both/G2,-0.5380,-0.5751,-0.5004
2,r3_inside,shrinking/both/G2,uncertain_v1_s0.5_qt0.003_qd0.006_L0.3/both/G2,-0.1245,-0.1350,-0.1141
1,r1_rms_200,shrinking/both/G0,uncertain_v1_s0.5_qt0.003_qd0.03_Lnone/both/G0,-0.0437,-0.0649,-0.0219
1,r3_inside,shrinking/both/G0,uncertain_v1_s0.5_qt0.003_qd0.03_Lnone/both/G0,0.0061,-0.0024,0.0143
1,r4_false,shrinking/both/G0,uncertain_v1_s0.5_qt0.003_qd0.03_Lnone/both/G0,-0.0432,-0.0669,-0.0200
2,r6_lag,shrinking/both/G2,uncertain_v1_s0.5_qt0.003_qd0.03_Lnone/both/G2,-0.5304,-0.5690,-0.4908
2,r3_inside,shrinking/both/G2,uncertain_v1_s0.5_qt0.003_qd0.03_Lnone/both/G2,-0.1105,-0.1205,-0.1005
1,r1_rms_200,shrinking/both/G0,uncertain_v1_s0.5_qt0.003_qd0.03_L0.42/both/G0,-0.0441,-0.0658,-0.0234
1,r3_inside,shrinking/both/G0,uncertain_v1_s0.5_qt0.003_qd0.03_L0.42/both/G0,0.0017,-0.0079,0.0109
1,r4_false,shrinking/both/G0,uncertain_v1_s0.5_qt0.003_qd0.03_L0.42/both/G0,-0.0209,-0.0466,0.0058
2,r6_lag,shrinking/both/G2,uncertain_v1_s0.5_qt0.003_qd0.03_L0.42/both/G2,-0.5624,-0.6029,-0.5236
2,r3_inside,shrinking/both/G2,uncertain_v1_s0.5_qt0.003_qd0.03_L0.42/both/G2,-0.1246,-0.1356,-0.1145
1,r1_rms_200,shrinking/both/G0,uncertain_v1_s0.5_qt0.003_qd0.03_L0.3/both/G0,-0.0948,-0.1204,-0.0685
1,r3_inside,shrinking/both/G0,uncertain_v1_s0.5_qt0.003_qd0.03_L0.3/both/G0,0.0095,-0.0012,0.0201
1,r4_false,shrinking/both/G0,uncertain_v1_s0.5_qt0.003_qd0.03_L0.3/both/G0,-0.0711,-0.0999,-0.0434
2,r6_lag,shrinking/both/G2,uncertain_v1_s0.5_qt0.003_qd0.03_L0.3/both/G2,-0.7988,-0.8352,-0.7631
2,r3_inside,shrinking/both/G2,uncertain_v1_s0.5_qt0.003_qd0.03_L0.3/both/G2,-0.1625,-0.1734,-0.1512
1,r1_rms_200,shrinking/both/G0,uncertain_v1_s0.5_qt0.01_qd0_Lnone/both/G0,-0.0586,-0.0821,-0.0344
1,r3_inside,shrinking/both/G0,uncertain_v1_s0.5_qt0.01_qd0_Lnone/both/G0,0.0042,-0.0055,0.0134
1,r4_false,shrinking/both/G0,uncertain_v1_s0.5_qt0.01_qd0_Lnone/both/G0,-0.0208,-0.0459,0.0045
2,r6_lag,shrinking/both/G2,uncertain_v1_s0.5_qt0.01_qd0_Lnone/both/G2,-0.6900,-0.7321,-0.6489
2,r3_inside,shrinking/both/G2,uncertain_v1_s0.5_qt0.01_qd0_Lnone/both/G2,-0.1302,-0.1410,-0.1189
1,r1_rms_200,shrinking/both/G0,uncertain_v1_s0.5_qt0.01_qd0_L0.42/both/G0,-0.0525,-0.0765,-0.0293
1,r3_inside,shrinking/both/G0,uncertain_v1_s0.5_qt0.01_qd0_L0.42/both/G0,0.0069,-0.0021,0.0159
1,r4_false,shrinking/both/G0,uncertain_v1_s0.5_qt0.01_qd0_L0.42/both/G0,-0.0336,-0.0585,-0.0095
2,r6_lag,shrinking/both/G2,uncertain_v1_s0.5_qt0.01_qd0_L0.42/both/G2,-0.6924,-0.7323,-0.6518
2,r3_inside,shrinking/both/G2,uncertain_v1_s0.5_qt0.01_qd0_L0.42/both/G2,-0.1396,-0.1507,-0.1283
1,r1_rms_200,shrinking/both/G0,uncertain_v1_s0.5_qt0.01_qd0_L0.3/both/G0,-0.0371,-0.0609,-0.0152
1,r3_inside,shrinking/both/G0,uncertain_v1_s0.5_qt0.01_qd0_L0.3/both/G0,0.0074,-0.0026,0.0169
1,r4_false,shrinking/both/G0,uncertain_v1_s0.5_qt0.01_qd0_L0.3/both/G0,-0.0529,-0.0763,-0.0278
2,r6_lag,shrinking/both/G2,uncertain_v1_s0.5_qt0.01_qd0_L0.3/both/G2,-0.7878,-0.8301,-0.7429
2,r3_inside,shrinking/both/G2,uncertain_v1_s0.5_qt0.01_qd0_L0.3/both/G2,-0.1520,-0.1651,-0.1389
1,r1_rms_200,shrinking/both/G0,uncertain_v1_s0.5_qt0.01_qd0.006_Lnone/both/G0,-0.0634,-0.0883,-0.0396
1,r3_inside,shrinking/both/G0,uncertain_v1_s0.5_qt0.01_qd0.006_Lnone/both/G0,0.0091,-0.0001,0.0188
1,r4_false,shrinking/both/G0,uncertain_v1_s0.5_qt0.01_qd0.006_Lnone/both/G0,-0.0409,-0.0647,-0.0161
2,r6_lag,shrinking/both/G2,uncertain_v1_s0.5_qt0.01_qd0.006_Lnone/both/G2,-0.6913,-0.7316,-0.6477
2,r3_inside,shrinking/both/G2,uncertain_v1_s0.5_qt0.01_qd0.006_Lnone/both/G2,-0.1304,-0.1413,-0.1193
1,r1_rms_200,shrinking/both/G0,uncertain_v1_s0.5_qt0.01_qd0.006_L0.42/both/G0,-0.0492,-0.0720,-0.0249
1,r3_inside,shrinking/both/G0,uncertain_v1_s0.5_qt0.01_qd0.006_L0.42/both/G0,0.0059,-0.0034,0.0150
1,r4_false,shrinking/both/G0,uncertain_v1_s0.5_qt0.01_qd0.006_L0.42/both/G0,-0.0394,-0.0639,-0.0137
2,r6_lag,shrinking/both/G2,uncertain_v1_s0.5_qt0.01_qd0.006_L0.42/both/G2,-0.6894,-0.7322,-0.6497
2,r3_inside,shrinking/both/G2,uncertain_v1_s0.5_qt0.01_qd0.006_L0.42/both/G2,-0.1395,-0.1502,-0.1288
1,r1_rms_200,shrinking/both/G0,uncertain_v1_s0.5_qt0.01_qd0.006_L0.3/both/G0,-0.0572,-0.0843,-0.0310
1,r3_inside,shrinking/both/G0,uncertain_v1_s0.5_qt0.01_qd0.006_L0.3/both/G0,0.0135,0.0036,0.0233
1,r4_false,shrinking/both/G0,uncertain_v1_s0.5_qt0.01_qd0.006_L0.3/both/G0,-0.0725,-0.0957,-0.0485
2,r6_lag,shrinking/both/G2,uncertain_v1_s0.5_qt0.01_qd0.006_L0.3/both/G2,-0.8940,-0.9364,-0.8511
2,r3_inside,shrinking/both/G2,uncertain_v1_s0.5_qt0.01_qd0.006_L0.3/both/G2,-0.1633,-0.1761,-0.1514
1,r1_rms_200,shrinking/both/G0,uncertain_v1_s0.5_qt0.01_qd0.03_Lnone/both/G0,-0.1153,-0.1410,-0.0883
1,r3_inside,shrinking/both/G0,uncertain_v1_s0.5_qt0.01_qd0.03_Lnone/both/G0,0.0203,0.0109,0.0292
1,r4_false,shrinking/both/G0,uncertain_v1_s0.5_qt0.01_qd0.03_Lnone/both/G0,-0.0381,-0.0623,-0.0136
2,r6_lag,shrinking/both/G2,uncertain_v1_s0.5_qt0.01_qd0.03_Lnone/both/G2,-0.7054,-0.7480,-0.6636
2,r3_inside,shrinking/both/G2,uncertain_v1_s0.5_qt0.01_qd0.03_Lnone/both/G2,-0.1260,-0.1370,-0.1153
1,r1_rms_200,shrinking/both/G0,uncertain_v1_s0.5_qt0.01_qd0.03_L0.42/both/G0,-0.0914,-0.1160,-0.0674
1,r3_inside,shrinking/both/G0,uncertain_v1_s0.5_qt0.01_qd0.03_L0.42/both/G0,0.0133,0.0037,0.0227
1,r4_false,shrinking/both/G0,uncertain_v1_s0.5_qt0.01_qd0.03_L0.42/both/G0,-0.0537,-0.0771,-0.0293
2,r6_lag,shrinking/both/G2,uncertain_v1_s0.5_qt0.01_qd0.03_L0.42/both/G2,-0.8292,-0.8685,-0.7899
2,r3_inside,shrinking/both/G2,uncertain_v1_s0.5_qt0.01_qd0.03_L0.42/both/G2,-0.1537,-0.1652,-0.1422
1,r1_rms_200,shrinking/both/G0,uncertain_v1_s0.5_qt0.01_qd0.03_L0.3/both/G0,-0.2385,-0.2783,-0.2004
1,r3_inside,shrinking/both/G0,uncertain_v1_s0.5_qt0.01_qd0.03_L0.3/both/G0,0.0480,0.0364,0.0604
1,r4_false,shrinking/both/G0,uncertain_v1_s0.5_qt0.01_qd0.03_L0.3/both/G0,-0.0865,-0.1130,-0.0604
2,r6_lag,shrinking/both/G2,uncertain_v1_s0.5_qt0.01_qd0.03_L0.3/both/G2,-1.1862,-1.2250,-1.1453
2,r3_inside,shrinking/both/G2,uncertain_v1_s0.5_qt0.01_qd0.03_L0.3/both/G2,-0.1715,-0.1848,-0.1585
1,r1_rms_200,shrinking/both/G0,uncertain_v1_s0.7_qt0_qd0_Lnone/both/G0,0.0073,-0.0088,0.0231
1,r3_inside,shrinking/both/G0,uncertain_v1_s0.7_qt0_qd0_Lnone/both/G0,-0.0121,-0.0214,-0.0028
1,r4_false,shrinking/both/G0,uncertain_v1_s0.7_qt0_qd0_Lnone/both/G0,-0.0144,-0.0361,0.0085
2,r6_lag,shrinking/both/G2,uncertain_v1_s0.7_qt0_qd0_Lnone/both/G2,-0.2162,-0.2507,-0.1789
2,r3_inside,shrinking/both/G2,uncertain_v1_s0.7_qt0_qd0_Lnone/both/G2,-0.0504,-0.0602,-0.0402
1,r1_rms_200,shrinking/both/G0,uncertain_v1_s0.7_qt0_qd0_L0.42/both/G0,0.0197,0.0018,0.0375
1,r3_inside,shrinking/both/G0,uncertain_v1_s0.7_qt0_qd0_L0.42/both/G0,-0.0077,-0.0167,0.0007
1,r4_false,shrinking/both/G0,uncertain_v1_s0.7_qt0_qd0_L0.42/both/G0,-0.0237,-0.0499,0.0015
2,r6_lag,shrinking/both/G2,uncertain_v1_s0.7_qt0_qd0_L0.42/both/G2,-0.2907,-0.3241,-0.2589
2,r3_inside,shrinking/both/G2,uncertain_v1_s0.7_qt0_qd0_L0.42/both/G2,-0.0745,-0.0847,-0.0647
1,r1_rms_200,shrinking/both/G0,uncertain_v1_s0.7_qt0_qd0_L0.3/both/G0,0.0079,-0.0104,0.0265
1,r3_inside,shrinking/both/G0,uncertain_v1_s0.7_qt0_qd0_L0.3/both/G0,-0.0024,-0.0132,0.0082
1,r4_false,shrinking/both/G0,uncertain_v1_s0.7_qt0_qd0_L0.3/both/G0,-0.0517,-0.0769,-0.0263
2,r6_lag,shrinking/both/G2,uncertain_v1_s0.7_qt0_qd0_L0.3/both/G2,-0.3993,-0.4307,-0.3683
2,r3_inside,shrinking/both/G2,uncertain_v1_s0.7_qt0_qd0_L0.3/both/G2,-0.0997,-0.1101,-0.0890
1,r1_rms_200,shrinking/both/G0,uncertain_v1_s0.7_qt0_qd0.006_Lnone/both/G0,0.0034,-0.0134,0.0208
1,r3_inside,shrinking/both/G0,uncertain_v1_s0.7_qt0_qd0.006_Lnone/both/G0,-0.0084,-0.0173,0.0008
1,r4_false,shrinking/both/G0,uncertain_v1_s0.7_qt0_qd0.006_Lnone/both/G0,-0.0201,-0.0428,0.0032
2,r6_lag,shrinking/both/G2,uncertain_v1_s0.7_qt0_qd0.006_Lnone/both/G2,-0.2244,-0.2607,-0.1913
2,r3_inside,shrinking/both/G2,uncertain_v1_s0.7_qt0_qd0.006_Lnone/both/G2,-0.0540,-0.0637,-0.0437
1,r1_rms_200,shrinking/both/G0,uncertain_v1_s0.7_qt0_qd0.006_L0.42/both/G0,0.0117,-0.0047,0.0281
1,r3_inside,shrinking/both/G0,uncertain_v1_s0.7_qt0_qd0.006_L0.42/both/G0,-0.0082,-0.0167,0.0006
1,r4_false,shrinking/both/G0,uncertain_v1_s0.7_qt0_qd0.006_L0.42/both/G0,-0.0348,-0.0603,-0.0098
2,r6_lag,shrinking/both/G2,uncertain_v1_s0.7_qt0_qd0.006_L0.42/both/G2,-0.3015,-0.3335,-0.2703
2,r3_inside,shrinking/both/G2,uncertain_v1_s0.7_qt0_qd0.006_L0.42/both/G2,-0.0764,-0.0863,-0.0661
1,r1_rms_200,shrinking/both/G0,uncertain_v1_s0.7_qt0_qd0.006_L0.3/both/G0,-0.0031,-0.0212,0.0146
1,r3_inside,shrinking/both/G0,uncertain_v1_s0.7_qt0_qd0.006_L0.3/both/G0,0.0048,-0.0055,0.0148
1,r4_false,shrinking/both/G0,uncertain_v1_s0.7_qt0_qd0.006_L0.3/both/G0,-0.0460,-0.0714,-0.0213
2,r6_lag,shrinking/both/G2,uncertain_v1_s0.7_qt0_qd0.006_L0.3/both/G2,-0.4303,-0.4599,-0.4007
2,r3_inside,shrinking/both/G2,uncertain_v1_s0.7_qt0_qd0.006_L0.3/both/G2,-0.1041,-0.1148,-0.0936
1,r1_rms_200,shrinking/both/G0,uncertain_v1_s0.7_qt0_qd0.03_Lnone/both/G0,-0.0384,-0.0575,-0.0190
1,r3_inside,shrinking/both/G0,uncertain_v1_s0.7_qt0_qd0.03_Lnone/both/G0,0.0044,-0.0048,0.0136
1,r4_false,shrinking/both/G0,uncertain_v1_s0.7_qt0_qd0.03_Lnone/both/G0,-0.0304,-0.0539,-0.0070
2,r6_lag,shrinking/both/G2,uncertain_v1_s0.7_qt0_qd0.03_Lnone/both/G2,-0.2972,-0.3297,-0.2653
2,r3_inside,shrinking/both/G2,uncertain_v1_s0.7_qt0_qd0.03_Lnone/both/G2,-0.0657,-0.0757,-0.0562
1,r1_rms_200,shrinking/both/G0,uncertain_v1_s0.7_qt0_qd0.03_L0.42/both/G0,-0.0477,-0.0659,-0.0287
1,r3_inside,shrinking/both/G0,uncertain_v1_s0.7_qt0_qd0.03_L0.42/both/G0,0.0061,-0.0030,0.0146
1,r4_false,shrinking/both/G0,uncertain_v1_s0.7_qt0_qd0.03_L0.42/both/G0,-0.0380,-0.0619,-0.0128
2,r6_lag,shrinking/both/G2,uncertain_v1_s0.7_qt0_qd0.03_L0.42/both/G2,-0.3486,-0.3794,-0.3151
2,r3_inside,shrinking/both/G2,uncertain_v1_s0.7_qt0_qd0.03_L0.42/both/G2,-0.0877,-0.0973,-0.0779
1,r1_rms_200,shrinking/both/G0,uncertain_v1_s0.7_qt0_qd0.03_L0.3/both/G0,-0.0968,-0.1203,-0.0712
1,r3_inside,shrinking/both/G0,uncertain_v1_s0.7_qt0_qd0.03_L0.3/both/G0,0.0225,0.0104,0.0336
1,r4_false,shrinking/both/G0,uncertain_v1_s0.7_qt0_qd0.03_L0.3/both/G0,-0.0754,-0.1048,-0.0469
2,r6_lag,shrinking/both/G2,uncertain_v1_s0.7_qt0_qd0.03_L0.3/both/G2,-0.6265,-0.6557,-0.5982
2,r3_inside,shrinking/both/G2,uncertain_v1_s0.7_qt0_qd0.03_L0.3/both/G2,-0.1372,-0.1496,-0.1258
1,r1_rms_200,shrinking/both/G0,uncertain_v1_s0.7_qt0.003_qd0_Lnone/both/G0,-0.0310,-0.0514,-0.0112
1,r3_inside,shrinking/both/G0,uncertain_v1_s0.7_qt0.003_qd0_Lnone/both/G0,-0.0052,-0.0142,0.0039
1,r4_false,shrinking/both/G0,uncertain_v1_s0.7_qt0.003_qd0_Lnone/both/G0,-0.0333,-0.0587,-0.0083
2,r6_lag,shrinking/both/G2,uncertain_v1_s0.7_qt0.003_qd0_Lnone/both/G2,-0.5095,-0.5453,-0.4733
2,r3_inside,shrinking/both/G2,uncertain_v1_s0.7_qt0.003_qd0_Lnone/both/G2,-0.1071,-0.1178,-0.0962
1,r1_rms_200,shrinking/both/G0,uncertain_v1_s0.7_qt0.003_qd0_L0.42/both/G0,-0.0240,-0.0442,-0.0037
1,r3_inside,shrinking/both/G0,uncertain_v1_s0.7_qt0.003_qd0_L0.42/both/G0,-0.0028,-0.0123,0.0064
1,r4_false,shrinking/both/G0,uncertain_v1_s0.7_qt0.003_qd0_L0.42/both/G0,-0.0519,-0.0752,-0.0282
2,r6_lag,shrinking/both/G2,uncertain_v1_s0.7_qt0.003_qd0_L0.42/both/G2,-0.5382,-0.5778,-0.4993
2,r3_inside,shrinking/both/G2,uncertain_v1_s0.7_qt0.003_qd0_L0.42/both/G2,-0.1204,-0.1318,-0.1091
1,r1_rms_200,shrinking/both/G0,uncertain_v1_s0.7_qt0.003_qd0_L0.3/both/G0,-0.0151,-0.0334,0.0056
1,r3_inside,shrinking/both/G0,uncertain_v1_s0.7_qt0.003_qd0_L0.3/both/G0,0.0111,-0.0005,0.0219
1,r4_false,shrinking/both/G0,uncertain_v1_s0.7_qt0.003_qd0_L0.3/both/G0,-0.0495,-0.0771,-0.0227
2,r6_lag,shrinking/both/G2,uncertain_v1_s0.7_qt0.003_qd0_L0.3/both/G2,-0.6817,-0.7201,-0.6449
2,r3_inside,shrinking/both/G2,uncertain_v1_s0.7_qt0.003_qd0_L0.3/both/G2,-0.1479,-0.1607,-0.1350
1,r1_rms_200,shrinking/both/G0,uncertain_v1_s0.7_qt0.003_qd0.006_Lnone/both/G0,-0.0424,-0.0623,-0.0236
1,r3_inside,shrinking/both/G0,uncertain_v1_s0.7_qt0.003_qd0.006_Lnone/both/G0,-0.0025,-0.0118,0.0064
1,r4_false,shrinking/both/G0,uncertain_v1_s0.7_qt0.003_qd0.006_Lnone/both/G0,-0.0306,-0.0545,-0.0068
2,r6_lag,shrinking/both/G2,uncertain_v1_s0.7_qt0.003_qd0.006_Lnone/both/G2,-0.5057,-0.5432,-0.4697
2,r3_inside,shrinking/both/G2,uncertain_v1_s0.7_qt0.003_qd0.006_Lnone/both/G2,-0.1051,-0.1147,-0.0953
1,r1_rms_200,shrinking/both/G0,uncertain_v1_s0.7_qt0.003_qd0.006_L0.42/both/G0,-0.0378,-0.0574,-0.0183
1,r3_inside,shrinking/both/G0,uncertain_v1_s0.7_qt0.003_qd0.006_L0.42/both/G0,0.0016,-0.0084,0.0106
1,r4_false,shrinking/both/G0,uncertain_v1_s0.7_qt0.003_qd0.006_L0.42/both/G0,-0.0456,-0.0698,-0.0221
2,r6_lag,shrinking/both/G2,uncertain_v1_s0.7_qt0.003_qd0.006_L0.42/both/G2,-0.5479,-0.5878,-0.5090
2,r3_inside,shrinking/both/G2,uncertain_v1_s0.7_qt0.003_qd0.006_L0.42/both/G2,-0.1220,-0.1323,-0.1111
1,r1_rms_200,shrinking/both/G0,uncertain_v1_s0.7_qt0.003_qd0.006_L0.3/both/G0,-0.0225,-0.0441,-0.0023
1,r3_inside,shrinking/both/G0,uncertain_v1_s0.7_qt0.003_qd0.006_L0.3/both/G0,0.0174,0.0060,0.0277
1,r4_false,shrinking/both/G0,uncertain_v1_s0.7_qt0.003_qd0.006_L0.3/both/G0,-0.0637,-0.0892,-0.0361
2,r6_lag,shrinking/both/G2,uncertain_v1_s0.7_qt0.003_qd0.006_L0.3/both/G2,-0.7333,-0.7723,-0.6942
2,r3_inside,shrinking/both/G2,uncertain_v1_s0.7_qt0.003_qd0.006_L0.3/both/G2,-0.1515,-0.1643,-0.1384
1,r1_rms_200,shrinking/both/G0,uncertain_v1_s0.7_qt0.003_qd0.03_Lnone/both/G0,-0.1062,-0.1274,-0.0847
1,r3_inside,shrinking/both/G0,uncertain_v1_s0.7_qt0.003_qd0.03_Lnone/both/G0,0.0136,0.0044,0.0225
1,r4_false,shrinking/both/G0,uncertain_v1_s0.7_qt0.003_qd0.03_Lnone/both/G0,-0.0265,-0.0515,-0.0022
2,r6_lag,shrinking/both/G2,uncertain_v1_s0.7_qt0.003_qd0.03_Lnone/both/G2,-0.5283,-0.5635,-0.4916
2,r3_inside,shrinking/both/G2,uncertain_v1_s0.7_qt0.003_qd0.03_Lnone/both/G2,-0.1070,-0.1173,-0.0964
1,r1_rms_200,shrinking/both/G0,uncertain_v1_s0.7_qt0.003_qd0.03_L0.42/both/G0,-0.0806,-0.1023,-0.0605
1,r3_inside,shrinking/both/G0,uncertain_v1_s0.7_qt0.003_qd0.03_L0.42/both/G0,0.0101,0.0004,0.0195
1,r4_false,shrinking/both/G0,uncertain_v1_s0.7_qt0.003_qd0.03_L0.42/both/G0,-0.0576,-0.0832,-0.0324
2,r6_lag,shrinking/both/G2,uncertain_v1_s0.7_qt0.003_qd0.03_L0.42/both/G2,-0.6226,-0.6623,-0.5834
2,r3_inside,shrinking/both/G2,uncertain_v1_s0.7_qt0.003_qd0.03_L0.42/both/G2,-0.1334,-0.1442,-0.1223
1,r1_rms_200,shrinking/both/G0,uncertain_v1_s0.7_qt0.003_qd0.03_L0.3/both/G0,-0.1822,-0.2118,-0.1533
1,r3_inside,shrinking/both/G0,uncertain_v1_s0.7_qt0.003_qd0.03_L0.3/both/G0,0.0491,0.0366,0.0612
1,r4_false,shrinking/both/G0,uncertain_v1_s0.7_qt0.003_qd0.03_L0.3/both/G0,-0.1028,-0.1291,-0.0745
2,r6_lag,shrinking/both/G2,uncertain_v1_s0.7_qt0.003_qd0.03_L0.3/both/G2,-0.9884,-1.0251,-0.9524
2,r3_inside,shrinking/both/G2,uncertain_v1_s0.7_qt0.003_qd0.03_L0.3/both/G2,-0.1699,-0.1832,-0.1563
1,r1_rms_200,shrinking/both/G0,uncertain_v1_s0.7_qt0.01_qd0_Lnone/both/G0,-0.0846,-0.1097,-0.0604
1,r3_inside,shrinking/both/G0,uncertain_v1_s0.7_qt0.01_qd0_Lnone/both/G0,0.0093,0.0000,0.0187
1,r4_false,shrinking/both/G0,uncertain_v1_s0.7_qt0.01_qd0_Lnone/both/G0,-0.0427,-0.0655,-0.0192
2,r6_lag,shrinking/both/G2,uncertain_v1_s0.7_qt0.01_qd0_Lnone/both/G2,-0.6878,-0.7321,-0.6448
2,r3_inside,shrinking/both/G2,uncertain_v1_s0.7_qt0.01_qd0_Lnone/both/G2,-0.1276,-0.1385,-0.1168
1,r1_rms_200,shrinking/both/G0,uncertain_v1_s0.7_qt0.01_qd0_L0.42/both/G0,-0.0784,-0.1026,-0.0544
1,r3_inside,shrinking/both/G0,uncertain_v1_s0.7_qt0.01_qd0_L0.42/both/G0,0.0146,0.0050,0.0238
1,r4_false,shrinking/both/G0,uncertain_v1_s0.7_qt0.01_qd0_L0.42/both/G0,-0.0555,-0.0798,-0.0320
2,r6_lag,shrinking/both/G2,uncertain_v1_s0.7_qt0.01_qd0_L0.42/both/G2,-0.7378,-0.7816,-0.6952
2,r3_inside,shrinking/both/G2,uncertain_v1_s0.7_qt0.01_qd0_L0.42/both/G2,-0.1459,-0.1580,-0.1337
1,r1_rms_200,shrinking/both/G0,uncertain_v1_s0.7_qt0.01_qd0_L0.3/both/G0,-0.0707,-0.0988,-0.0434
1,r3_inside,shrinking/both/G0,uncertain_v1_s0.7_qt0.01_qd0_L0.3/both/G0,0.0416,0.0302,0.0529
1,r4_false,shrinking/both/G0,uncertain_v1_s0.7_qt0.01_qd0_L0.3/both/G0,-0.0948,-0.1205,-0.0689
2,r6_lag,shrinking/both/G2,uncertain_v1_s0.7_qt0.01_qd0_L0.3/both/G2,-1.0221,-1.0662,-0.9774
2,r3_inside,shrinking/both/G2,uncertain_v1_s0.7_qt0.01_qd0_L0.3/both/G2,-0.1612,-0.1748,-0.1473
1,r1_rms_200,shrinking/both/G0,uncertain_v1_s0.7_qt0.01_qd0.006_Lnone/both/G0,-0.0884,-0.1134,-0.0646
1,r3_inside,shrinking/both/G0,uncertain_v1_s0.7_qt0.01_qd0.006_Lnone/both/G0,0.0109,0.0016,0.0202
1,r4_false,shrinking/both/G0,uncertain_v1_s0.7_qt0.01_qd0.006_Lnone/both/G0,-0.0297,-0.0524,-0.0067
2,r6_lag,shrinking/both/G2,uncertain_v1_s0.7_qt0.01_qd0.006_Lnone/both/G2,-0.6964,-0.7361,-0.6549
2,r3_inside,shrinking/both/G2,uncertain_v1_s0.7_qt0.01_qd0.006_Lnone/both/G2,-0.1261,-0.1373,-0.1153
1,r1_rms_200,shrinking/both/G0,uncertain_v1_s0.7_qt0.01_qd0.006_L0.42/both/G0,-0.0745,-0.0982,-0.0519
1,r3_inside,shrinking/both/G0,uncertain_v1_s0.7_qt0.01_qd0.006_L0.42/both/G0,0.0142,0.0043,0.0233
1,r4_false,shrinking/both/G0,uncertain_v1_s0.7_qt0.01_qd0.006_L0.42/both/G0,-0.0673,-0.0924,-0.0428
2,r6_lag,shrinking/both/G2,uncertain_v1_s0.7_qt0.01_qd0.006_L0.42/both/G2,-0.7558,-0.7975,-0.7117
2,r3_inside,shrinking/both/G2,uncertain_v1_s0.7_qt0.01_qd0.006_L0.42/both/G2,-0.1461,-0.1577,-0.1336
1,r1_rms_200,shrinking/both/G0,uncertain_v1_s0.7_qt0.01_qd0.006_L0.3/both/G0,-0.1107,-0.1409,-0.0802
1,r3_inside,shrinking/both/G0,uncertain_v1_s0.7_qt0.01_qd0.006_L0.3/both/G0,0.0519,0.0395,0.0631
1,r4_false,shrinking/both/G0,uncertain_v1_s0.7_qt0.01_qd0.006_L0.3/both/G0,-0.0946,-0.1233,-0.0671
2,r6_lag,shrinking/both/G2,uncertain_v1_s0.7_qt0.01_qd0.006_L0.3/both/G2,-1.1062,-1.1490,-1.0628
2,r3_inside,shrinking/both/G2,uncertain_v1_s0.7_qt0.01_qd0.006_L0.3/both/G2,-0.1630,-0.1769,-0.1487
1,r1_rms_200,shrinking/both/G0,uncertain_v1_s0.7_qt0.01_qd0.03_Lnone/both/G0,-0.1480,-0.1767,-0.1210
1,r3_inside,shrinking/both/G0,uncertain_v1_s0.7_qt0.01_qd0.03_Lnone/both/G0,0.0255,0.0161,0.0352
1,r4_false,shrinking/both/G0,uncertain_v1_s0.7_qt0.01_qd0.03_Lnone/both/G0,-0.0402,-0.0629,-0.0171
2,r6_lag,shrinking/both/G2,uncertain_v1_s0.7_qt0.01_qd0.03_Lnone/both/G2,-0.6922,-0.7326,-0.6500
2,r3_inside,shrinking/both/G2,uncertain_v1_s0.7_qt0.01_qd0.03_Lnone/both/G2,-0.1229,-0.1336,-0.1121
1,r1_rms_200,shrinking/both/G0,uncertain_v1_s0.7_qt0.01_qd0.03_L0.42/both/G0,-0.1429,-0.1721,-0.1135
1,r3_inside,shrinking/both/G0,uncertain_v1_s0.7_qt0.01_qd0.03_L0.42/both/G0,0.0286,0.0184,0.0386
1,r4_false,shrinking/both/G0,uncertain_v1_s0.7_qt0.01_qd0.03_L0.42/both/G0,-0.0833,-0.1094,-0.0576
2,r6_lag,shrinking/both/G2,uncertain_v1_s0.7_qt0.01_qd0.03_L0.42/both/G2,-0.9583,-1.0002,-0.9171
2,r3_inside,shrinking/both/G2,uncertain_v1_s0.7_qt0.01_qd0.03_L0.42/both/G2,-0.1600,-0.1726,-0.1472
1,r1_rms_200,shrinking/both/G0,uncertain_v1_s0.7_qt0.01_qd0.03_L0.3/both/G0,-0.3163,-0.3535,-0.2783
1,r3_inside,shrinking/both/G0,uncertain_v1_s0.7_qt0.01_qd0.03_L0.3/both/G0,0.0938,0.0815,0.1059
1,r4_false,shrinking/both/G0,uncertain_v1_s0.7_qt0.01_qd0.03_L0.3/both/G0,-0.1257,-0.1536,-0.0982
2,r6_lag,shrinking/both/G2,uncertain_v1_s0.7_qt0.01_qd0.03_L0.3/both/G2,-1.3568,-1.3992,-1.3158
2,r3_inside,shrinking/both/G2,uncertain_v1_s0.7_qt0.01_qd0.03_L0.3/both/G2,-0.1514,-0.1663,-0.1373
1,r1_rms_200,shrinking/both/G0,switch_h2/both/G0,-0.0331,-0.0520,-0.0151
1,r3_inside,shrinking/both/G0,switch_h2/both/G0,0.0022,-0.0026,0.0069
1,r4_false,shrinking/both/G0,switch_h2/both/G0,-0.0058,-0.0158,0.0038
2,r6_lag,shrinking/both/G2,switch_h2/both/G2,-0.3367,-0.3681,-0.3040
2,r3_inside,shrinking/both/G2,switch_h2/both/G2,-0.0509,-0.0564,-0.0453
1,r1_rms_200,shrinking/both/G0,switch_h4/both/G0,-0.0007,-0.0109,0.0096
1,r3_inside,shrinking/both/G0,switch_h4/both/G0,-0.0005,-0.0039,0.0028
1,r4_false,shrinking/both/G0,switch_h4/both/G0,0.0018,-0.0024,0.0062
2,r6_lag,shrinking/both/G2,switch_h4/both/G2,-0.2003,-0.2279,-0.1723
2,r3_inside,shrinking/both/G2,switch_h4/both/G2,-0.0286,-0.0329,-0.0243
1,r1_rms_200,shrinking/both/G0,switch_h8/both/G0,0.0009,-0.0028,0.0044
1,r3_inside,shrinking/both/G0,switch_h8/both/G0,-0.0007,-0.0017,0.0001
1,r4_false,shrinking/both/G0,switch_h8/both/G0,0.0018,0.0001,0.0039
2,r6_lag,shrinking/both/G2,switch_h8/both/G2,-0.0622,-0.0800,-0.0461
2,r3_inside,shrinking/both/G2,switch_h8/both/G2,-0.0081,-0.0106,-0.0058
