rule,structure,generator,metric,value,low,high
shrinking,general,G0,r1_rms_5,1.0198,0.9857,1.0569
shrinking,general,G0,r1_mean_5,-0.0343,-0.1035,0.0314
shrinking,general,G0,r1_rms_10,0.9663,0.9345,0.9988
shrinking,general,G0,r1_mean_10,-0.0572,-0.1194,0.0039
shrinking,general,G0,r1_rms_20,0.8754,0.8473,0.9024
shrinking,general,G0,r1_mean_20,-0.0898,-0.1441,-0.0352
shrinking,general,G0,r1_rms_50,0.7352,0.7165,0.7542
shrinking,general,G0,r1_mean_50,-0.1255,-0.1657,-0.0873
shrinking,general,G0,r1_rms_100,0.6491,0.6346,0.6643
shrinking,general,G0,r1_mean_100,-0.1448,-0.1750,-0.1151
shrinking,general,G0,r1_rms_200,0.5896,0.5776,0.6010
shrinking,general,G0,r1_mean_200,-0.1738,-0.1962,-0.1522
shrinking,general,G0,r2_brier,0.1796,0.1769,0.1823
shrinking,general,G0,r2_bias,0.0136,0.0090,0.0180
shrinking,general,G0,r3_inside,0.3908,0.3832,0.3983
shrinking,general,G0,r3_below_0.5,0.0542,0.0491,0.0598
shrinking,general,G0,r3_above_0.95,0.0387,0.0341,0.0435
shrinking,general,G0,r4_false,0.6430,0.6161,0.6701
shrinking,general,G0,r4_false_0.70,0.5447,0.5169,0.5742
shrinking,general,G0,r4_declared,8.9740,8.6560,9.3140
shrinking,general,G0,r5_late_answers,7.8503,7.5858,8.1348
shrinking,general,G0,r5_never,0.3375,0.3087,0.3655
shrinking,general,G0,r6_lag,-0.0554,-0.0824,-0.0278
shrinking,general,G0,r7_error_5,0.8674,0.8273,0.9079
shrinking,general,G0,r7_error_10,0.7844,0.7474,0.8196
shrinking,general,G0,r7_longest_wrong,1.9050,1.8380,1.9770
shrinking,general,G0,r7_hard_first,0.1406,0.1290,0.1529
shrinking,general,G0,r4b_chance_below_0.5,0.1441,0.1306,0.1599
shrinking,general,G0,r4b_chance_0.5_to_0.6,0.1613,0.1539,0.1688
shrinking,general,G0,r4b_chance_0.6_to_0.7,0.2171,0.2095,0.2240
shrinking,general,G0,r4b_chance_0.7_to_0.8,0.2344,0.2257,0.2434
shrinking,general,G0,r4b_chance_0.8_up,0.2431,0.2277,0.2601
shrinking,general,G0,r2_ece,0.0147,0.0105,0.0191
shrinking,general,G0,r4b_3,0.1307,0.1187,0.1429
shrinking,general,G0,r4b_5,0.4425,0.4257,0.4585
shrinking,general,G0,r4b_10,0.7865,0.7710,0.8013
shrinking,general,G0,r4b_20,0.9583,0.9464,0.9682
shrinking,general,G0,r4b_50,0.9966,0.9926,0.9993
shrinking,general,G1,r1_rms_5,1.1039,1.0592,1.1477
shrinking,general,G1,r1_mean_5,-0.0548,-0.1317,0.0187
shrinking,general,G1,r1_rms_10,1.0504,1.0099,1.0921
shrinking,general,G1,r1_mean_10,-0.0841,-0.1564,-0.0131
shrinking,general,G1,r1_rms_20,0.9524,0.9176,0.9881
shrinking,general,G1,r1_mean_20,-0.1193,-0.1799,-0.0571
shrinking,general,G1,r1_rms_50,0.8009,0.7762,0.8265
shrinking,general,G1,r1_mean_50,-0.1522,-0.1974,-0.1076
shrinking,general,G1,r1_rms_100,0.6952,0.6756,0.7155
shrinking,general,G1,r1_mean_100,-0.1708,-0.2071,-0.1358
shrinking,general,G1,r1_rms_200,0.6232,0.6082,0.6386
shrinking,general,G1,r1_mean_200,-0.1926,-0.2193,-0.1654
shrinking,general,G1,r2_brier,0.1849,0.1813,0.1881
shrinking,general,G1,r2_bias,0.0125,0.0073,0.0174
shrinking,general,G1,r3_inside,0.3159,0.3050,0.3266
shrinking,general,G1,r3_below_0.5,0.1341,0.1207,0.1476
shrinking,general,G1,r3_above_0.95,0.0587,0.0520,0.0663
shrinking,general,G1,r4_false,0.6160,0.5832,0.6465
shrinking,general,G1,r4_false_0.70,0.5635,0.5328,0.5920
shrinking,general,G1,r4_declared,9.1040,8.7210,9.4570
shrinking,general,G1,r5_late_answers,7.8203,7.5654,8.1063
shrinking,general,G1,r5_never,0.3388,0.3032,0.3743
shrinking,general,G1,r6_lag,-0.0613,-0.0934,-0.0294
shrinking,general,G1,r7_error_5,0.9437,0.8948,0.9951
shrinking,general,G1,r7_error_10,0.8637,0.8180,0.9126
shrinking,general,G1,r7_longest_wrong,2.1350,2.0520,2.2210
shrinking,general,G1,r7_hard_first,0.2330,0.2150,0.2511
shrinking,general,G1,r4b_chance_below_0.5,0.3619,0.3393,0.3850
shrinking,general,G1,r4b_chance_0.5_to_0.6,0.1940,0.1856,0.2022
shrinking,general,G1,r4b_chance_0.6_to_0.7,0.1536,0.1471,0.1601
shrinking,general,G1,r4b_chance_0.7_to_0.8,0.1290,0.1191,0.1392
shrinking,general,G1,r4b_chance_0.8_up,0.1615,0.1446,0.1801
shrinking,general,G1,r2_ece,0.0150,0.0106,0.0198
shrinking,general,G1,r4b_3,0.1131,0.1005,0.1265
shrinking,general,G1,r4b_5,0.3786,0.3581,0.4002
shrinking,general,G1,r4b_10,0.6718,0.6499,0.6951
shrinking,general,G1,r4b_20,0.8743,0.8603,0.8878
shrinking,general,G1,r4b_50,0.9792,0.9732,0.9844
shrinking,general,G2,r1_rms_5,0.9612,0.9258,0.9974
shrinking,general,G2,r1_mean_5,-0.1063,-0.1674,-0.0419
shrinking,general,G2,r1_rms_10,0.9239,0.8937,0.9560
shrinking,general,G2,r1_mean_10,-0.1826,-0.2406,-0.1269
shrinking,general,G2,r1_rms_20,0.8700,0.8419,0.8986
shrinking,general,G2,r1_mean_20,-0.3026,-0.3514,-0.2536
shrinking,general,G2,r1_rms_50,0.8784,0.8524,0.9042
shrinking,general,G2,r1_mean_50,-0.5757,-0.6160,-0.5339
shrinking,general,G2,r1_rms_100,1.1148,1.0866,1.1436
shrinking,general,G2,r1_mean_100,-0.9739,-1.0056,-0.9429
shrinking,general,G2,r1_rms_200,1.7967,1.7705,1.8230
shrinking,general,G2,r1_mean_200,-1.7230,-1.7515,-1.6954
shrinking,general,G2,r2_brier,0.1236,0.1217,0.1254
shrinking,general,G2,r2_bias,-0.0834,-0.0866,-0.0802
shrinking,general,G2,r3_inside,0.2295,0.2228,0.2365
shrinking,general,G2,r3_below_0.5,0.0170,0.0152,0.0190
shrinking,general,G2,r3_above_0.95,0.2405,0.2286,0.2520
shrinking,general,G2,r4_false,0.3881,0.3650,0.4122
shrinking,general,G2,r4_false_0.70,0.2717,0.2503,0.2942
shrinking,general,G2,r4_declared,11.5060,11.1530,11.8870
shrinking,general,G2,r5_late_answers,6.8658,6.6555,7.0856
shrinking,general,G2,r5_never,0.2417,0.2192,0.2656
shrinking,general,G2,r6_lag,-1.3843,-1.4175,-1.3530
shrinking,general,G2,r7_error_5,0.8038,0.7664,0.8420
shrinking,general,G2,r7_error_10,0.7396,0.7028,0.7763
shrinking,general,G2,r7_longest_wrong,1.8700,1.8110,1.9380
shrinking,general,G2,r7_hard_first,0.1261,0.1155,0.1364
shrinking,general,G2,r4b_chance_below_0.5,0.0733,0.0655,0.0813
shrinking,general,G2,r4b_chance_0.5_to_0.6,0.0891,0.0829,0.0958
shrinking,general,G2,r4b_chance_0.6_to_0.7,0.1471,0.1394,0.1545
shrinking,general,G2,r4b_chance_0.7_to_0.8,0.2358,0.2283,0.2437
shrinking,general,G2,r4b_chance_0.8_up,0.4547,0.4353,0.4742
shrinking,general,G2,r2_ece,0.0834,0.0800,0.0867
shrinking,general,G2,r4b_3,0.1547,0.1401,0.1707
shrinking,general,G2,r4b_5,0.5485,0.5316,0.5670
shrinking,general,G2,r4b_10,0.9040,0.8922,0.9157
shrinking,general,G2,r4b_20,0.9938,0.9900,0.9970
shrinking,general,G2,r4b_50,1.0000,1.0000,1.0000
shrinking,general,G3,r1_rms_5,1.0052,0.9693,1.0408
shrinking,general,G3,r1_mean_5,0.0400,-0.0238,0.1059
shrinking,general,G3,r1_rms_10,0.9499,0.9205,0.9818
shrinking,general,G3,r1_mean_10,0.0036,-0.0567,0.0631
shrinking,general,G3,r1_rms_20,0.8589,0.8320,0.8834
shrinking,general,G3,r1_mean_20,-0.0335,-0.0852,0.0167
shrinking,general,G3,r1_rms_50,0.7245,0.7047,0.7444
shrinking,general,G3,r1_mean_50,-0.1064,-0.1446,-0.0673
shrinking,general,G3,r1_rms_100,0.8880,0.8616,0.9149
shrinking,general,G3,r1_mean_100,-0.5719,-0.6126,-0.5341
shrinking,general,G3,r1_rms_200,1.0201,0.9981,1.0418
shrinking,general,G3,r1_mean_200,-0.8811,-0.9049,-0.8566
shrinking,general,G3,r2_brier,0.1519,0.1496,0.1542
shrinking,general,G3,r2_bias,-0.0350,-0.0389,-0.0310
shrinking,general,G3,r3_inside,0.3127,0.3067,0.3191
shrinking,general,G3,r3_below_0.5,0.0371,0.0334,0.0408
shrinking,general,G3,r3_above_0.95,0.1084,0.1003,0.1159
shrinking,general,G3,r4_false,0.5154,0.4891,0.5435
shrinking,general,G3,r4_false_0.70,0.4018,0.3762,0.4267
shrinking,general,G3,r4_declared,9.8420,9.4810,10.1920
shrinking,general,G3,r5_late_answers,7.1449,6.9345,7.3942
shrinking,general,G3,r5_never,0.2944,0.2685,0.3225
shrinking,general,G3,r6_lag,-0.7830,-0.8107,-0.7551
shrinking,general,G3,r6_jump_answers,84.5140,81.9700,86.8100
shrinking,general,G3,r6_jump_unsettled,0.8250,0.8010,0.8480
shrinking,general,G3,r7_error_5,0.8573,0.8179,0.8974
shrinking,general,G3,r7_error_10,0.7785,0.7420,0.8146
shrinking,general,G3,r7_longest_wrong,1.8980,1.8300,1.9660
shrinking,general,G3,r7_hard_first,0.1519,0.1389,0.1649
shrinking,general,G3,r4b_chance_below_0.5,0.1335,0.1212,0.1466
shrinking,general,G3,r4b_chance_0.5_to_0.6,0.1369,0.1292,0.1445
shrinking,general,G3,r4b_chance_0.6_to_0.7,0.1913,0.1841,0.1986
shrinking,general,G3,r4b_chance_0.7_to_0.8,0.2293,0.2223,0.2365
shrinking,general,G3,r4b_chance_0.8_up,0.3090,0.2908,0.3276
shrinking,general,G3,r2_ece,0.0350,0.0312,0.0388
shrinking,general,G3,r4b_3,0.1305,0.1180,0.1427
shrinking,general,G3,r4b_5,0.4570,0.4389,0.4747
shrinking,general,G3,r4b_10,0.8261,0.8098,0.8417
shrinking,general,G3,r4b_20,0.9729,0.9648,0.9802
shrinking,general,G3,r4b_50,1.0000,1.0000,1.0000
shrinking,general,G4,r1_rms_5,1.0187,0.9822,1.0544
shrinking,general,G4,r1_mean_5,-0.2314,-0.2972,-0.1627
shrinking,general,G4,r1_rms_10,0.9752,0.9402,1.0095
shrinking,general,G4,r1_mean_10,-0.2777,-0.3412,-0.2134
shrinking,general,G4,r1_rms_20,0.9051,0.8781,0.9354
shrinking,general,G4,r1_mean_20,-0.3398,-0.3937,-0.2867
shrinking,general,G4,r1_rms_50,0.7971,0.7742,0.8192
shrinking,general,G4,r1_mean_50,-0.4200,-0.4581,-0.3838
shrinking,general,G4,r1_rms_100,0.7534,0.7351,0.7737
shrinking,general,G4,r1_mean_100,-0.4768,-0.5054,-0.4486
shrinking,general,G4,r1_rms_200,0.7402,0.7245,0.7565
shrinking,general,G4,r1_mean_200,-0.5203,-0.5410,-0.4983
shrinking,general,G4,r2_brier,0.1879,0.1852,0.1906
shrinking,general,G4,r2_bias,0.0268,0.0224,0.0312
shrinking,general,G4,r3_inside,0.3625,0.3573,0.3681
shrinking,general,G4,r3_below_0.5,0.0764,0.0706,0.0825
shrinking,general,G4,r3_above_0.95,0.0412,0.0369,0.0459
shrinking,general,G4,r4_false,0.6159,0.5873,0.6432
shrinking,general,G4,r4_false_0.70,0.5025,0.4736,0.5309
shrinking,general,G4,r4_declared,8.7160,8.3760,9.0580
shrinking,general,G4,r5_late_answers,8.0395,7.7326,8.3286
shrinking,general,G4,r5_never,0.3628,0.3352,0.3905
shrinking,general,G4,r6_lag,-0.4000,-0.4278,-0.3731
shrinking,general,G4,r7_error_5,0.8817,0.8395,0.9231
shrinking,general,G4,r7_error_10,0.8057,0.7660,0.8436
shrinking,general,G4,r7_longest_wrong,2.0360,1.9680,2.1070
shrinking,general,G4,r7_hard_first,0.1926,0.1801,0.2051
shrinking,general,G4,r4b_chance_below_0.5,0.1899,0.1750,0.2060
shrinking,general,G4,r4b_chance_0.5_to_0.6,0.1657,0.1592,0.1722
shrinking,general,G4,r4b_chance_0.6_to_0.7,0.2043,0.1985,0.2108
shrinking,general,G4,r4b_chance_0.7_to_0.8,0.2151,0.2075,0.2226
shrinking,general,G4,r4b_chance_0.8_up,0.2250,0.2102,0.2398
shrinking,general,G4,r2_ece,0.0275,0.0233,0.0319
shrinking,general,G4,r4b_3,0.1141,0.1030,0.1261
shrinking,general,G4,r4b_5,0.4090,0.3920,0.4261
shrinking,general,G4,r4b_10,0.7818,0.7648,0.7971
shrinking,general,G4,r4b_20,0.9516,0.9410,0.9611
shrinking,general,G4,r4b_50,0.9984,0.9953,1.0000
shrinking,general,G5,r1_rms_5,0.9406,0.9017,0.9826
shrinking,general,G5,r1_mean_5,0.0549,-0.0176,0.1264
shrinking,general,G5,r1_rms_10,0.8870,0.8500,0.9258
shrinking,general,G5,r1_mean_10,0.0281,-0.0352,0.0920
shrinking,general,G5,r1_rms_20,0.9261,0.8963,0.9579
shrinking,general,G5,r1_mean_20,-0.0076,-0.0611,0.0483
shrinking,general,G5,r1_rms_50,0.8109,0.7873,0.8339
shrinking,general,G5,r1_mean_50,-0.0529,-0.0935,-0.0130
shrinking,general,G5,r1_rms_100,0.7239,0.7050,0.7437
shrinking,general,G5,r1_mean_100,-0.1060,-0.1373,-0.0732
shrinking,general,G5,r1_rms_200,0.6661,0.6487,0.6846
shrinking,general,G5,r1_mean_200,-0.1455,-0.1696,-0.1217
shrinking,general,G5,r2_brier,0.1856,0.1828,0.1884
shrinking,general,G5,r2_bias,0.0241,0.0197,0.0290
shrinking,general,G5,r3_inside,0.3743,0.3661,0.3828
shrinking,general,G5,r3_below_0.5,0.0779,0.0713,0.0848
shrinking,general,G5,r3_above_0.95,0.0439,0.0387,0.0494
shrinking,general,G5,r4_false,0.6209,0.5935,0.6482
shrinking,general,G5,r4_false_0.70,0.5089,0.4791,0.5395
shrinking,general,G5,r4_declared,8.4600,8.1140,8.7970
shrinking,general,G5,r5_late_answers,7.8270,7.5036,8.1435
shrinking,general,G5,r5_never,0.3592,0.3310,0.3882
shrinking,general,G5,r6_lag,-0.0197,-0.0506,0.0115
shrinking,general,G5,r7_error_5,1.0265,0.9773,1.0740
shrinking,general,G5,r7_error_10,0.9653,0.9223,1.0080
shrinking,general,G5,r7_longest_wrong,2.1080,2.0360,2.1810
shrinking,general,G5,r7_hard_first,0.1517,0.1390,0.1651
shrinking,general,G5,r4b_chance_below_0.5,0.2223,0.2048,0.2406
shrinking,general,G5,r4b_chance_0.5_to_0.6,0.1734,0.1654,0.1813
shrinking,general,G5,r4b_chance_0.6_to_0.7,0.2053,0.1972,0.2130
shrinking,general,G5,r4b_chance_0.7_to_0.8,0.2001,0.1903,0.2093
shrinking,general,G5,r4b_chance_0.8_up,0.1989,0.1838,0.2147
shrinking,general,G5,r2_ece,0.0261,0.0217,0.0309
shrinking,general,G5,r4b_3,0.1160,0.1046,0.1276
shrinking,general,G5,r4b_5,0.3861,0.3681,0.4050
shrinking,general,G5,r4b_10,0.7231,0.7038,0.7410
shrinking,general,G5,r4b_20,0.9330,0.9205,0.9443
shrinking,general,G5,r4b_50,0.9952,0.9906,0.9990
shrinking,general,G6,r1_rms_5,1.0532,1.0133,1.0963
shrinking,general,G6,r1_mean_5,-0.0431,-0.1224,0.0294
shrinking,general,G6,r1_rms_10,1.0111,0.9718,1.0527
shrinking,general,G6,r1_mean_10,-0.0731,-0.1368,-0.0051
shrinking,general,G6,r1_rms_20,0.9391,0.9057,0.9753
shrinking,general,G6,r1_mean_20,-0.1170,-0.1797,-0.0541
shrinking,general,G6,r1_rms_50,0.8364,0.8073,0.8679
shrinking,general,G6,r1_mean_50,-0.1671,-0.2205,-0.1179
shrinking,general,G6,r1_rms_100,0.7814,0.7540,0.8102
shrinking,general,G6,r1_mean_100,-0.2135,-0.2586,-0.1682
shrinking,general,G6,r1_rms_200,0.7547,0.7303,0.7835
shrinking,general,G6,r1_mean_200,-0.2652,-0.3081,-0.2251
shrinking,general,G6,r2_brier,0.1856,0.1829,0.1880
shrinking,general,G6,r2_bias,0.0234,0.0191,0.0275
shrinking,general,G6,r3_inside,0.3877,0.3728,0.4023
shrinking,general,G6,r3_below_0.5,0.0769,0.0704,0.0834
shrinking,general,G6,r3_above_0.95,0.0987,0.0905,0.1072
shrinking,general,G6,r4_false,0.6832,0.6577,0.7097
shrinking,general,G6,r4_false_0.70,0.5839,0.5542,0.6131
shrinking,general,G6,r4_declared,8.4890,8.1600,8.7910
shrinking,general,G6,r5_late_answers,7.6886,7.4111,7.9736
shrinking,general,G6,r5_never,0.3615,0.3298,0.3936
shrinking,general,G6,r6_lag,-0.1195,-0.1667,-0.0744
shrinking,general,G6,r7_error_5,0.9205,0.8745,0.9675
shrinking,general,G6,r7_error_10,0.8529,0.8076,0.8957
shrinking,general,G6,r7_longest_wrong,1.9900,1.9190,2.0690
shrinking,general,G6,r7_hard_first,0.1480,0.1351,0.1613
shrinking,general,G6,r4b_chance_below_0.5,0.1571,0.1406,0.1751
shrinking,general,G6,r4b_chance_0.5_to_0.6,0.1579,0.1457,0.1702
shrinking,general,G6,r4b_chance_0.6_to_0.7,0.2571,0.2428,0.2705
shrinking,general,G6,r4b_chance_0.7_to_0.8,0.2435,0.2287,0.2590
shrinking,general,G6,r4b_chance_0.8_up,0.1845,0.1703,0.2004
shrinking,general,G6,r2_ece,0.0266,0.0227,0.0309
shrinking,general,G6,r4b_3,0.1305,0.1189,0.1419
shrinking,general,G6,r4b_5,0.4262,0.4085,0.4431
shrinking,general,G6,r4b_10,0.7611,0.7450,0.7780
shrinking,general,G6,r4b_20,0.9417,0.9304,0.9522
shrinking,general,G6,r4b_50,0.9950,0.9886,0.9991
shrinking,general,G7,r1_rms_5,1.0109,0.9721,1.0491
shrinking,general,G7,r1_mean_5,-0.0813,-0.1495,-0.0142
shrinking,general,G7,r1_rms_10,0.9726,0.9406,1.0071
shrinking,general,G7,r1_mean_10,-0.1154,-0.1762,-0.0524
shrinking,general,G7,r1_rms_20,0.8943,0.8646,0.9227
shrinking,general,G7,r1_mean_20,-0.1448,-0.2006,-0.0891
shrinking,general,G7,r1_rms_50,0.7822,0.7597,0.8049
shrinking,general,G7,r1_mean_50,-0.1799,-0.2202,-0.1363
shrinking,general,G7,r1_rms_100,0.7132,0.6970,0.7307
shrinking,general,G7,r1_mean_100,-0.1999,-0.2350,-0.1640
shrinking,general,G7,r1_rms_200,0.6668,0.6528,0.6805
shrinking,general,G7,r1_mean_200,-0.2285,-0.2583,-0.2008
shrinking,general,G7,r2_brier,0.1794,0.1770,0.1820
shrinking,general,G7,r2_bias,0.0144,0.0097,0.0188
shrinking,general,G7,r3_inside,0.3929,0.3860,0.4002
shrinking,general,G7,r3_below_0.5,0.0520,0.0469,0.0572
shrinking,general,G7,r3_above_0.95,0.0386,0.0341,0.0434
shrinking,general,G7,r4_false,0.6655,0.6406,0.6928
shrinking,general,G7,r4_false_0.70,0.5730,0.5441,0.6000
shrinking,general,G7,r4_declared,8.5900,8.2440,8.9400
shrinking,general,G7,r5_late_answers,8.0353,7.7379,8.3686
shrinking,general,G7,r5_never,0.3402,0.3114,0.3703
shrinking,general,G7,r6_lag,-0.1108,-0.1427,-0.0771
shrinking,general,G7,r7_error_5,0.8694,0.8255,0.9140
shrinking,general,G7,r7_error_10,0.8053,0.7668,0.8470
shrinking,general,G7,r7_longest_wrong,1.9130,1.8520,1.9750
shrinking,general,G7,r7_hard_first,0.1445,0.1330,0.1563
shrinking,general,G7,r4b_chance_below_0.5,0.1403,0.1257,0.1550
shrinking,general,G7,r4b_chance_0.5_to_0.6,0.1562,0.1485,0.1648
shrinking,general,G7,r4b_chance_0.6_to_0.7,0.2062,0.1987,0.2134
shrinking,general,G7,r4b_chance_0.7_to_0.8,0.2403,0.2314,0.2494
shrinking,general,G7,r4b_chance_0.8_up,0.2570,0.2407,0.2735
shrinking,general,G7,r2_ece,0.0161,0.0122,0.0202
shrinking,general,G7,r4b_3,0.1296,0.1177,0.1423
shrinking,general,G7,r4b_5,0.4515,0.4335,0.4690
shrinking,general,G7,r4b_10,0.8043,0.7880,0.8201
shrinking,general,G7,r4b_20,0.9638,0.9537,0.9726
shrinking,general,G7,r4b_50,0.9966,0.9911,1.0000
shrinking,general,G8,r1_rms_5,1.0037,0.9677,1.0423
shrinking,general,G8,r1_mean_5,-0.0258,-0.0884,0.0393
shrinking,general,G8,r1_rms_10,0.9502,0.9199,0.9813
shrinking,general,G8,r1_mean_10,-0.0512,-0.1114,0.0093
shrinking,general,G8,r1_rms_20,0.8711,0.8449,0.9008
shrinking,general,G8,r1_mean_20,-0.0890,-0.1438,-0.0380
shrinking,general,G8,r1_rms_50,0.7344,0.7134,0.7540
shrinking,general,G8,r1_mean_50,-0.1316,-0.1721,-0.0916
shrinking,general,G8,r1_rms_100,0.6518,0.6358,0.6670
shrinking,general,G8,r1_mean_100,-0.1603,-0.1911,-0.1320
shrinking,general,G8,r1_rms_200,0.5935,0.5808,0.6058
shrinking,general,G8,r1_mean_200,-0.1805,-0.2031,-0.1588
shrinking,general,G8,r2_brier,0.1790,0.1765,0.1816
shrinking,general,G8,r2_bias,0.0140,0.0099,0.0183
shrinking,general,G8,r3_inside,0.3919,0.3849,0.3986
shrinking,general,G8,r3_below_0.5,0.0520,0.0471,0.0574
shrinking,general,G8,r3_above_0.95,0.0409,0.0360,0.0465
shrinking,general,G8,r4_false,0.6368,0.6058,0.6670
shrinking,general,G8,r4_false_0.70,0.5337,0.5029,0.5643
shrinking,general,G8,r4_declared,7.3230,7.0180,7.6250
shrinking,general,G8,r5_late_answers,9.0942,8.7811,9.4238
shrinking,general,G8,r5_never,0.4248,0.3944,0.4573
shrinking,general,G8,r6_lag,-0.0613,-0.0886,-0.0337
shrinking,general,G8,r7_error_5,0.8571,0.8157,0.8972
shrinking,general,G8,r7_error_10,0.7789,0.7404,0.8162
shrinking,general,G8,r7_longest_wrong,1.8890,1.8290,1.9500
shrinking,general,G8,r7_hard_first,0.1442,0.1327,0.1560
shrinking,general,G8,r4b_chance_below_0.5,0.1332,0.1207,0.1465
shrinking,general,G8,r4b_chance_0.5_to_0.6,0.1604,0.1523,0.1680
shrinking,general,G8,r4b_chance_0.6_to_0.7,0.2223,0.2149,0.2295
shrinking,general,G8,r4b_chance_0.7_to_0.8,0.2479,0.2393,0.2566
shrinking,general,G8,r4b_chance_0.8_up,0.2362,0.2210,0.2521
shrinking,general,G8,r2_ece,0.0145,0.0102,0.0190
shrinking,general,G8,r4b_3,0.0671,0.0591,0.0750
shrinking,general,G8,r4b_5,0.3281,0.3130,0.3443
shrinking,general,G8,r4b_10,0.6610,0.6423,0.6795
shrinking,general,G8,r4b_20,0.8997,0.8859,0.9127
shrinking,general,G8,r4b_50,0.9892,0.9818,0.9955
constant,general,G0,r1_rms_5,1.0198,0.9836,1.0553
constant,general,G0,r1_mean_5,-0.0343,-0.1011,0.0342
constant,general,G0,r1_rms_10,0.9466,0.9163,0.9770
constant,general,G0,r1_mean_10,-0.0650,-0.1267,-0.0059
constant,general,G0,r1_rms_20,0.8144,0.7907,0.8382
constant,general,G0,r1_mean_20,-0.1130,-0.1564,-0.0662
constant,general,G0,r1_rms_50,0.6333,0.6201,0.6469
constant,general,G0,r1_mean_50,-0.1457,-0.1748,-0.1192
constant,general,G0,r1_rms_100,0.6047,0.5927,0.6172
constant,general,G0,r1_mean_100,-0.1758,-0.2000,-0.1530
constant,general,G0,r1_rms_200,0.6193,0.6060,0.6333
constant,general,G0,r1_mean_200,-0.2286,-0.2539,-0.2044
constant,general,G0,r2_brier,0.1775,0.1762,0.1788
constant,general,G0,r2_bias,0.0061,0.0044,0.0077
constant,general,G0,r3_inside,0.4176,0.4131,0.4222
constant,general,G0,r3_below_0.5,0.0435,0.0397,0.0476
constant,general,G0,r3_above_0.95,0.0282,0.0259,0.0302
constant,general,G0,r4_false,0.6301,0.6113,0.6493
constant,general,G0,r4_false_0.70,0.5261,0.5060,0.5466
constant,general,G0,r4_declared,10.1630,9.9350,10.3870
constant,general,G0,r5_late_answers,8.8136,8.5750,9.0473
constant,general,G0,r5_never,0.2801,0.2591,0.3027
constant,general,G0,r6_lag,-0.0907,-0.1059,-0.0755
constant,general,G0,r7_error_5,0.8674,0.8258,0.9085
constant,general,G0,r7_error_10,0.7618,0.7255,0.8012
constant,general,G0,r7_longest_wrong,1.8900,1.8220,1.9560
constant,general,G0,r7_hard_first,0.1394,0.1280,0.1520
constant,general,G0,r4b_chance_below_0.5,0.1074,0.0969,0.1191
constant,general,G0,r4b_chance_0.5_to_0.6,0.1416,0.1352,0.1476
constant,general,G0,r4b_chance_0.6_to_0.7,0.2198,0.2142,0.2260
constant,general,G0,r4b_chance_0.7_to_0.8,0.2633,0.2559,0.2703
constant,general,G0,r4b_chance_0.8_up,0.2679,0.2558,0.2802
constant,general,G0,r2_ece,0.0086,0.0068,0.0104
constant,general,G0,r4b_3,0.1522,0.1419,0.1626
constant,general,G0,r4b_5,0.4069,0.3939,0.4206
constant,general,G0,r4b_10,0.7537,0.7391,0.7679
constant,general,G0,r4b_20,0.9512,0.9398,0.9625
constant,general,G0,r4b_50,0.9972,0.9939,0.9994
constant,general,G1,r1_rms_5,1.1039,1.0611,1.1493
constant,general,G1,r1_mean_5,-0.0548,-0.1308,0.0197
constant,general,G1,r1_rms_10,1.0307,0.9912,1.0691
constant,general,G1,r1_mean_10,-0.0946,-0.1645,-0.0253
constant,general,G1,r1_rms_20,0.8878,0.8573,0.9186
constant,general,G1,r1_mean_20,-0.1397,-0.1957,-0.0864
constant,general,G1,r1_rms_50,0.6711,0.6560,0.6885
constant,general,G1,r1_mean_50,-0.1665,-0.1966,-0.1352
constant,general,G1,r1_rms_100,0.5993,0.5885,0.6112
constant,general,G1,r1_mean_100,-0.1684,-0.1911,-0.1446
constant,general,G1,r1_rms_200,0.6442,0.6308,0.6577
constant,general,G1,r1_mean_200,-0.2416,-0.2672,-0.2147
constant,general,G1,r2_brier,0.1849,0.1825,0.1871
constant,general,G1,r2_bias,0.0060,0.0040,0.0081
constant,general,G1,r3_inside,0.3529,0.3436,0.3619
constant,general,G1,r3_below_0.5,0.1250,0.1117,0.1380
constant,general,G1,r3_above_0.95,0.0375,0.0343,0.0405
constant,general,G1,r4_false,0.6611,0.6391,0.6815
constant,general,G1,r4_false_0.70,0.5949,0.5740,0.6142
constant,general,G1,r4_declared,9.8040,9.5700,10.0310
constant,general,G1,r5_late_answers,9.5113,9.2627,9.7806
constant,general,G1,r5_never,0.3199,0.2946,0.3460
constant,general,G1,r6_lag,-0.0650,-0.0803,-0.0481
constant,general,G1,r7_error_5,0.9437,0.8962,0.9937
constant,general,G1,r7_error_10,0.8464,0.8038,0.8922
constant,general,G1,r7_longest_wrong,2.1140,2.0310,2.1920
constant,general,G1,r7_hard_first,0.2320,0.2144,0.2498
constant,general,G1,r4b_chance_below_0.5,0.3172,0.2940,0.3401
constant,general,G1,r4b_chance_0.5_to_0.6,0.1776,0.1691,0.1857
constant,general,G1,r4b_chance_0.6_to_0.7,0.1597,0.1538,0.1657
constant,general,G1,r4b_chance_0.7_to_0.8,0.1614,0.1508,0.1728
constant,general,G1,r4b_chance_0.8_up,0.1841,0.1680,0.2006
constant,general,G1,r2_ece,0.0121,0.0099,0.0144
constant,general,G1,r4b_3,0.1447,0.1327,0.1569
constant,general,G1,r4b_5,0.3647,0.3476,0.3815
constant,general,G1,r4b_10,0.6628,0.6445,0.6820
constant,general,G1,r4b_20,0.8812,0.8681,0.8954
constant,general,G1,r4b_50,0.9808,0.9752,0.9859
constant,general,G2,r1_rms_5,0.9612,0.9275,0.9995
constant,general,G2,r1_mean_5,-0.1063,-0.1678,-0.0423
constant,general,G2,r1_rms_10,0.9081,0.8782,0.9394
constant,general,G2,r1_mean_10,-0.1888,-0.2458,-0.1322
constant,general,G2,r1_rms_20,0.8251,0.8001,0.8509
constant,general,G2,r1_mean_20,-0.3045,-0.3496,-0.2577
constant,general,G2,r1_rms_50,0.7531,0.7349,0.7717
constant,general,G2,r1_mean_50,-0.4721,-0.5006,-0.4439
constant,general,G2,r1_rms_100,0.7754,0.7589,0.7914
constant,general,G2,r1_mean_100,-0.5519,-0.5755,-0.5290
constant,general,G2,r1_rms_200,0.7566,0.7405,0.7720
constant,general,G2,r1_mean_200,-0.5351,-0.5564,-0.5134
constant,general,G2,r2_brier,0.1492,0.1482,0.1502
constant,general,G2,r2_bias,-0.0399,-0.0415,-0.0383
constant,general,G2,r3_inside,0.3703,0.3659,0.3748
constant,general,G2,r3_below_0.5,0.0188,0.0174,0.0202
constant,general,G2,r3_above_0.95,0.0688,0.0655,0.0724
constant,general,G2,r4_false,0.4268,0.4096,0.4447
constant,general,G2,r4_false_0.70,0.3175,0.3018,0.3330
constant,general,G2,r4_declared,11.8930,11.6640,12.1280
constant,general,G2,r5_late_answers,7.2712,7.1299,7.4185
constant,general,G2,r5_never,0.3123,0.2945,0.3301
constant,general,G2,r6_lag,-0.5049,-0.5200,-0.4895
constant,general,G2,r7_error_5,0.8038,0.7654,0.8438
constant,general,G2,r7_error_10,0.7219,0.6864,0.7581
constant,general,G2,r7_longest_wrong,1.8520,1.7900,1.9140
constant,general,G2,r7_hard_first,0.1262,0.1156,0.1369
constant,general,G2,r4b_chance_below_0.5,0.0654,0.0603,0.0706
constant,general,G2,r4b_chance_0.5_to_0.6,0.0968,0.0920,0.1016
constant,general,G2,r4b_chance_0.6_to_0.7,0.1774,0.1715,0.1829
constant,general,G2,r4b_chance_0.7_to_0.8,0.2723,0.2665,0.2778
constant,general,G2,r4b_chance_0.8_up,0.3881,0.3758,0.3996
constant,general,G2,r2_ece,0.0399,0.0383,0.0414
constant,general,G2,r4b_3,0.1573,0.1470,0.1687
constant,general,G2,r4b_5,0.4389,0.4229,0.4558
constant,general,G2,r4b_10,0.8149,0.7984,0.8321
constant,general,G2,r4b_20,0.9888,0.9816,0.9951
constant,general,G2,r4b_50,1.0000,1.0000,1.0000
constant,general,G3,r1_rms_5,1.0052,0.9710,1.0406
constant,general,G3,r1_mean_5,0.0400,-0.0257,0.1035
constant,general,G3,r1_rms_10,0.9309,0.9009,0.9596
constant,general,G3,r1_mean_10,-0.0073,-0.0619,0.0498
constant,general,G3,r1_rms_20,0.7973,0.7753,0.8210
constant,general,G3,r1_mean_20,-0.0618,-0.1064,-0.0153
constant,general,G3,r1_rms_50,0.6363,0.6225,0.6509
constant,general,G3,r1_mean_50,-0.1542,-0.1823,-0.1259
constant,general,G3,r1_rms_100,0.7584,0.7392,0.7793
constant,general,G3,r1_mean_100,-0.4583,-0.4889,-0.4285
constant,general,G3,r1_rms_200,0.6628,0.6484,0.6783
constant,general,G3,r1_mean_200,-0.3260,-0.3499,-0.3005
constant,general,G3,r2_brier,0.1643,0.1631,0.1654
constant,general,G3,r2_bias,-0.0150,-0.0166,-0.0134
constant,general,G3,r3_inside,0.3886,0.3845,0.3927
constant,general,G3,r3_below_0.5,0.0336,0.0309,0.0363
constant,general,G3,r3_above_0.95,0.0519,0.0492,0.0547
constant,general,G3,r4_false,0.5219,0.5036,0.5404
constant,general,G3,r4_false_0.70,0.4115,0.3930,0.4310
constant,general,G3,r4_declared,10.8750,10.6610,11.0900
constant,general,G3,r5_late_answers,7.4783,7.2966,7.6501
constant,general,G3,r5_never,0.3133,0.2936,0.3331
constant,general,G3,r6_lag,-0.3729,-0.3900,-0.3560
constant,general,G3,r6_jump_answers,48.0400,46.2430,49.8820
constant,general,G3,r6_jump_unsettled,0.2170,0.1910,0.2440
constant,general,G3,r7_error_5,0.8573,0.8195,0.8978
constant,general,G3,r7_error_10,0.7574,0.7231,0.7951
constant,general,G3,r7_longest_wrong,1.8790,1.8170,1.9450
constant,general,G3,r7_hard_first,0.1500,0.1379,0.1623
constant,general,G3,r4b_chance_below_0.5,0.1015,0.0928,0.1118
constant,general,G3,r4b_chance_0.5_to_0.6,0.1285,0.1230,0.1339
constant,general,G3,r4b_chance_0.6_to_0.7,0.2009,0.1954,0.2068
constant,general,G3,r4b_chance_0.7_to_0.8,0.2584,0.2520,0.2644
constant,general,G3,r4b_chance_0.8_up,0.3107,0.2989,0.3224
constant,general,G3,r2_ece,0.0150,0.0133,0.0166
constant,general,G3,r4b_3,0.1444,0.1343,0.1551
constant,general,G3,r4b_5,0.4002,0.3852,0.4143
constant,general,G3,r4b_10,0.7657,0.7498,0.7802
constant,general,G3,r4b_20,0.9633,0.9536,0.9726
constant,general,G3,r4b_50,1.0000,1.0000,1.0000
constant,general,G4,r1_rms_5,1.0187,0.9811,1.0548
constant,general,G4,r1_mean_5,-0.2314,-0.2983,-0.1624
constant,general,G4,r1_rms_10,0.9589,0.9277,0.9928
constant,general,G4,r1_mean_10,-0.2930,-0.3509,-0.2345
constant,general,G4,r1_rms_20,0.8692,0.8430,0.8972
constant,general,G4,r1_mean_20,-0.3919,-0.4358,-0.3477
constant,general,G4,r1_rms_50,0.7727,0.7541,0.7919
constant,general,G4,r1_mean_50,-0.5150,-0.5416,-0.4878
constant,general,G4,r1_rms_100,0.7947,0.7780,0.8123
constant,general,G4,r1_mean_100,-0.5895,-0.6121,-0.5669
constant,general,G4,r1_rms_200,0.8540,0.8345,0.8738
constant,general,G4,r1_mean_200,-0.6643,-0.6881,-0.6391
constant,general,G4,r2_brier,0.1821,0.1807,0.1835
constant,general,G4,r2_bias,0.0124,0.0108,0.0140
constant,general,G4,r3_inside,0.3832,0.3790,0.3871
constant,general,G4,r3_below_0.5,0.0614,0.0575,0.0660
constant,general,G4,r3_above_0.95,0.0373,0.0350,0.0396
constant,general,G4,r4_false,0.5788,0.5588,0.5977
constant,general,G4,r4_false_0.70,0.4712,0.4502,0.4933
constant,general,G4,r4_declared,10.0390,9.8140,10.2580
constant,general,G4,r5_late_answers,9.4818,9.2451,9.7331
constant,general,G4,r5_never,0.2929,0.2703,0.3164
constant,general,G4,r6_lag,-0.4902,-0.5039,-0.4754
constant,general,G4,r7_error_5,0.8817,0.8400,0.9235
constant,general,G4,r7_error_10,0.7873,0.7495,0.8248
constant,general,G4,r7_longest_wrong,2.0230,1.9570,2.0920
constant,general,G4,r7_hard_first,0.1908,0.1787,0.2031
constant,general,G4,r4b_chance_below_0.5,0.1464,0.1347,0.1590
constant,general,G4,r4b_chance_0.5_to_0.6,0.1478,0.1422,0.1531
constant,general,G4,r4b_chance_0.6_to_0.7,0.2009,0.1952,0.2062
constant,general,G4,r4b_chance_0.7_to_0.8,0.2342,0.2278,0.2407
constant,general,G4,r4b_chance_0.8_up,0.2708,0.2584,0.2824
constant,general,G4,r2_ece,0.0161,0.0143,0.0179
constant,general,G4,r4b_3,0.1327,0.1229,0.1430
constant,general,G4,r4b_5,0.3927,0.3777,0.4074
constant,general,G4,r4b_10,0.7411,0.7259,0.7566
constant,general,G4,r4b_20,0.9537,0.9425,0.9631
constant,general,G4,r4b_50,0.9981,0.9944,1.0000
constant,general,G5,r1_rms_5,0.9406,0.9002,0.9848
constant,general,G5,r1_mean_5,0.0549,-0.0166,0.1223
constant,general,G5,r1_rms_10,0.8646,0.8285,0.9015
constant,general,G5,r1_mean_10,0.0181,-0.0437,0.0787
constant,general,G5,r1_rms_20,0.8618,0.8354,0.8882
constant,general,G5,r1_mean_20,-0.0557,-0.1053,-0.0081
constant,general,G5,r1_rms_50,0.7253,0.7077,0.7430
constant,general,G5,r1_mean_50,-0.1370,-0.1663,-0.1064
constant,general,G5,r1_rms_100,0.7007,0.6851,0.7161
constant,general,G5,r1_mean_100,-0.2004,-0.2252,-0.1749
constant,general,G5,r1_rms_200,0.7287,0.7104,0.7473
constant,general,G5,r1_mean_200,-0.2450,-0.2706,-0.2187
constant,general,G5,r2_brier,0.1801,0.1788,0.1816
constant,general,G5,r2_bias,0.0101,0.0083,0.0119
constant,general,G5,r3_inside,0.3934,0.3869,0.3999
constant,general,G5,r3_below_0.5,0.0585,0.0539,0.0635
constant,general,G5,r3_above_0.95,0.0373,0.0346,0.0403
constant,general,G5,r4_false,0.5971,0.5774,0.6178
constant,general,G5,r4_false_0.70,0.4883,0.4667,0.5102
constant,general,G5,r4_declared,10.2790,10.0550,10.4860
constant,general,G5,r5_late_answers,8.6281,8.3839,8.8819
constant,general,G5,r5_never,0.2598,0.2400,0.2803
constant,general,G5,r6_lag,-0.1011,-0.1163,-0.0852
constant,general,G5,r7_error_5,1.0265,0.9807,1.0741
constant,general,G5,r7_error_10,0.9493,0.9076,0.9916
constant,general,G5,r7_longest_wrong,2.0810,2.0090,2.1580
constant,general,G5,r7_hard_first,0.1505,0.1373,0.1633
constant,general,G5,r4b_chance_below_0.5,0.1627,0.1498,0.1769
constant,general,G5,r4b_chance_0.5_to_0.6,0.1624,0.1556,0.1696
constant,general,G5,r4b_chance_0.6_to_0.7,0.2145,0.2080,0.2217
constant,general,G5,r4b_chance_0.7_to_0.8,0.2261,0.2179,0.2341
constant,general,G5,r4b_chance_0.8_up,0.2342,0.2219,0.2481
constant,general,G5,r2_ece,0.0129,0.0111,0.0149
constant,general,G5,r4b_3,0.1340,0.1232,0.1453
constant,general,G5,r4b_5,0.3684,0.3532,0.3836
constant,general,G5,r4b_10,0.7145,0.6983,0.7303
constant,general,G5,r4b_20,0.9508,0.9400,0.9612
constant,general,G5,r4b_50,0.9978,0.9951,1.0000
constant,general,G6,r1_rms_5,1.0532,1.0123,1.0969
constant,general,G6,r1_mean_5,-0.0431,-0.1163,0.0308
constant,general,G6,r1_rms_10,0.9950,0.9567,1.0340
constant,general,G6,r1_mean_10,-0.0824,-0.1481,-0.0198
constant,general,G6,r1_rms_20,0.8932,0.8612,0.9268
constant,general,G6,r1_mean_20,-0.1499,-0.2080,-0.0951
constant,general,G6,r1_rms_50,0.7960,0.7691,0.8277
constant,general,G6,r1_mean_50,-0.2261,-0.2737,-0.1782
constant,general,G6,r1_rms_100,0.8032,0.7778,0.8288
constant,general,G6,r1_mean_100,-0.3307,-0.3743,-0.2893
constant,general,G6,r1_rms_200,0.8463,0.8190,0.8746
constant,general,G6,r1_mean_200,-0.4521,-0.4944,-0.4101
constant,general,G6,r2_brier,0.1806,0.1792,0.1821
constant,general,G6,r2_bias,0.0114,0.0097,0.0133
constant,general,G6,r3_inside,0.4266,0.4128,0.4414
constant,general,G6,r3_below_0.5,0.0713,0.0660,0.0770
constant,general,G6,r3_above_0.95,0.0980,0.0911,0.1049
constant,general,G6,r4_false,0.6558,0.6361,0.6748
constant,general,G6,r4_false_0.70,0.5397,0.5176,0.5604
constant,general,G6,r4_declared,9.9470,9.7330,10.1620
constant,general,G6,r5_late_answers,8.9851,8.7476,9.2255
constant,general,G6,r5_never,0.2935,0.2708,0.3166
constant,general,G6,r6_lag,-0.2596,-0.3013,-0.2190
constant,general,G6,r7_error_5,0.9205,0.8766,0.9683
constant,general,G6,r7_error_10,0.8350,0.7930,0.8769
constant,general,G6,r7_longest_wrong,1.9570,1.8860,2.0300
constant,general,G6,r7_hard_first,0.1470,0.1346,0.1592
constant,general,G6,r4b_chance_below_0.5,0.1372,0.1239,0.1529
constant,general,G6,r4b_chance_0.5_to_0.6,0.1130,0.1056,0.1205
constant,general,G6,r4b_chance_0.6_to_0.7,0.2314,0.2209,0.2420
constant,general,G6,r4b_chance_0.7_to_0.8,0.2966,0.2836,0.3099
constant,general,G6,r4b_chance_0.8_up,0.2218,0.2097,0.2343
constant,general,G6,r2_ece,0.0148,0.0129,0.0167
constant,general,G6,r4b_3,0.1491,0.1386,0.1590
constant,general,G6,r4b_5,0.4059,0.3918,0.4197
constant,general,G6,r4b_10,0.7374,0.7235,0.7509
constant,general,G6,r4b_20,0.9493,0.9385,0.9588
constant,general,G6,r4b_50,0.9957,0.9897,0.9992
constant,general,G7,r1_rms_5,1.0109,0.9746,1.0497
constant,general,G7,r1_mean_5,-0.0813,-0.1460,-0.0145
constant,general,G7,r1_rms_10,0.9562,0.9241,0.9892
constant,general,G7,r1_mean_10,-0.1238,-0.1840,-0.0592
constant,general,G7,r1_rms_20,0.8446,0.8198,0.8709
constant,general,G7,r1_mean_20,-0.1680,-0.2162,-0.1186
constant,general,G7,r1_rms_50,0.7060,0.6901,0.7232
constant,general,G7,r1_mean_50,-0.2132,-0.2478,-0.1810
constant,general,G7,r1_rms_100,0.6679,0.6538,0.6819
constant,general,G7,r1_mean_100,-0.2352,-0.2652,-0.2065
constant,general,G7,r1_rms_200,0.6957,0.6793,0.7125
constant,general,G7,r1_mean_200,-0.3185,-0.3478,-0.2903
constant,general,G7,r2_brier,0.1775,0.1764,0.1788
constant,general,G7,r2_bias,0.0072,0.0055,0.0088
constant,general,G7,r3_inside,0.4216,0.4169,0.4261
constant,general,G7,r3_below_0.5,0.0437,0.0403,0.0480
constant,general,G7,r3_above_0.95,0.0281,0.0261,0.0302
constant,general,G7,r4_false,0.6388,0.6206,0.6562
constant,general,G7,r4_false_0.70,0.5418,0.5225,0.5622
constant,general,G7,r4_declared,10.0860,9.8690,10.3010
constant,general,G7,r5_late_answers,9.1141,8.8611,9.3647
constant,general,G7,r5_never,0.2759,0.2535,0.2971
constant,general,G7,r6_lag,-0.1364,-0.1579,-0.1153
constant,general,G7,r7_error_5,0.8694,0.8250,0.9134
constant,general,G7,r7_error_10,0.7892,0.7514,0.8260
constant,general,G7,r7_longest_wrong,1.8980,1.8360,1.9630
constant,general,G7,r7_hard_first,0.1434,0.1329,0.1549
constant,general,G7,r4b_chance_below_0.5,0.1058,0.0947,0.1185
constant,general,G7,r4b_chance_0.5_to_0.6,0.1334,0.1277,0.1390
constant,general,G7,r4b_chance_0.6_to_0.7,0.2120,0.2057,0.2184
constant,general,G7,r4b_chance_0.7_to_0.8,0.2642,0.2576,0.2710
constant,general,G7,r4b_chance_0.8_up,0.2845,0.2725,0.2969
constant,general,G7,r2_ece,0.0105,0.0089,0.0123
constant,general,G7,r4b_3,0.1491,0.1392,0.1586
constant,general,G7,r4b_5,0.4081,0.3946,0.4210
constant,general,G7,r4b_10,0.7523,0.7374,0.7679
constant,general,G7,r4b_20,0.9581,0.9476,0.9680
constant,general,G7,r4b_50,0.9963,0.9903,1.0000
constant,general,G8,r1_rms_5,1.0037,0.9693,1.0405
constant,general,G8,r1_mean_5,-0.0258,-0.0914,0.0370
constant,general,G8,r1_rms_10,0.9308,0.8998,0.9629
constant,general,G8,r1_mean_10,-0.0600,-0.1175,0.0002
constant,general,G8,r1_rms_20,0.8178,0.7938,0.8426
constant,general,G8,r1_mean_20,-0.1109,-0.1579,-0.0626
constant,general,G8,r1_rms_50,0.6475,0.6334,0.6623
constant,general,G8,r1_mean_50,-0.1651,-0.1944,-0.1367
constant,general,G8,r1_rms_100,0.6151,0.6032,0.6273
constant,general,G8,r1_mean_100,-0.2051,-0.2291,-0.1808
constant,general,G8,r1_rms_200,0.6260,0.6124,0.6395
constant,general,G8,r1_mean_200,-0.2313,-0.2548,-0.2068
constant,general,G8,r2_brier,0.1771,0.1758,0.1783
constant,general,G8,r2_bias,0.0063,0.0046,0.0079
constant,general,G8,r3_inside,0.4165,0.4115,0.4210
constant,general,G8,r3_below_0.5,0.0425,0.0390,0.0463
constant,general,G8,r3_above_0.95,0.0307,0.0285,0.0332
constant,general,G8,r4_false,0.6381,0.6179,0.6587
constant,general,G8,r4_false_0.70,0.5350,0.5132,0.5568
constant,general,G8,r4_declared,7.4660,7.2660,7.6630
constant,general,G8,r5_late_answers,9.5949,9.3053,9.9049
constant,general,G8,r5_never,0.4592,0.4384,0.4802
constant,general,G8,r6_lag,-0.0896,-0.1049,-0.0747
constant,general,G8,r7_error_5,0.8571,0.8174,0.8973
constant,general,G8,r7_error_10,0.7562,0.7193,0.7947
constant,general,G8,r7_longest_wrong,1.8690,1.8110,1.9300
constant,general,G8,r7_hard_first,0.1426,0.1312,0.1553
constant,general,G8,r4b_chance_below_0.5,0.0979,0.0886,0.1092
constant,general,G8,r4b_chance_0.5_to_0.6,0.1430,0.1369,0.1490
constant,general,G8,r4b_chance_0.6_to_0.7,0.2169,0.2108,0.2226
constant,general,G8,r4b_chance_0.7_to_0.8,0.2667,0.2600,0.2732
constant,general,G8,r4b_chance_0.8_up,0.2755,0.2631,0.2883
constant,general,G8,r2_ece,0.0086,0.0069,0.0104
constant,general,G8,r4b_3,0.0797,0.0726,0.0867
constant,general,G8,r4b_5,0.2953,0.2829,0.3081
constant,general,G8,r4b_10,0.5992,0.5818,0.6163
constant,general,G8,r4b_20,0.8794,0.8636,0.8952
constant,general,G8,r4b_50,0.9899,0.9825,0.9959
gradient,general,G0,r1_rms_5,1.0198,0.9833,1.0564
gradient,general,G0,r1_mean_5,-0.0343,-0.0982,0.0348
gradient,general,G0,r1_rms_10,0.9718,0.9390,1.0062
gradient,general,G0,r1_mean_10,-0.0561,-0.1151,0.0041
gradient,general,G0,r1_rms_20,0.8856,0.8587,0.9135
gradient,general,G0,r1_mean_20,-0.0877,-0.1404,-0.0327
gradient,general,G0,r1_rms_50,0.7493,0.7282,0.7698
gradient,general,G0,r1_mean_50,-0.1239,-0.1646,-0.0852
gradient,general,G0,r1_rms_100,0.6640,0.6478,0.6794
gradient,general,G0,r1_mean_100,-0.1445,-0.1750,-0.1122
gradient,general,G0,r1_rms_200,0.6022,0.5896,0.6152
gradient,general,G0,r1_mean_200,-0.1740,-0.1991,-0.1493
gradient,general,G0,r2_brier,0.1811,0.1782,0.1838
gradient,general,G0,r2_bias,0.0146,0.0101,0.0195
gradient,general,G0,r3_inside,0.3874,0.3799,0.3947
gradient,general,G0,r3_below_0.5,0.0574,0.0521,0.0636
gradient,general,G0,r3_above_0.95,0.0391,0.0345,0.0438
gradient,general,G0,r4_false,0.6429,0.6156,0.6699
gradient,general,G0,r4_false_0.70,0.5431,0.5158,0.5712
gradient,general,G0,r4_declared,8.9940,8.6690,9.3230
gradient,general,G0,r5_late_answers,7.5752,7.3238,7.8456
gradient,general,G0,r5_never,0.3383,0.3083,0.3681
gradient,general,G0,r6_lag,-0.0512,-0.0810,-0.0236
gradient,general,G0,r7_error_5,0.8674,0.8270,0.9088
gradient,general,G0,r7_error_10,0.7904,0.7530,0.8272
gradient,general,G0,r7_longest_wrong,1.9080,1.8370,1.9780
gradient,general,G0,r7_hard_first,0.1406,0.1285,0.1528
gradient,general,G0,r4b_chance_below_0.5,0.1498,0.1349,0.1645
gradient,general,G0,r4b_chance_0.5_to_0.6,0.1614,0.1536,0.1694
gradient,general,G0,r4b_chance_0.6_to_0.7,0.2147,0.2075,0.2218
gradient,general,G0,r4b_chance_0.7_to_0.8,0.2347,0.2258,0.2439
gradient,general,G0,r4b_chance_0.8_up,0.2394,0.2237,0.2569
gradient,general,G0,r2_ece,0.0167,0.0125,0.0215
gradient,general,G0,r4b_3,0.1229,0.1112,0.1342
gradient,general,G0,r4b_5,0.4370,0.4201,0.4535
gradient,general,G0,r4b_10,0.7869,0.7691,0.8027
gradient,general,G0,r4b_20,0.9472,0.9358,0.9573
gradient,general,G0,r4b_50,0.9970,0.9931,0.9994
gradient,general,G1,r1_rms_5,1.1039,1.0564,1.1493
gradient,general,G1,r1_mean_5,-0.0548,-0.1328,0.0274
gradient,general,G1,r1_rms_10,1.0557,1.0176,1.0980
gradient,general,G1,r1_mean_10,-0.0819,-0.1514,-0.0113
gradient,general,G1,r1_rms_20,0.9638,0.9288,0.9990
gradient,general,G1,r1_mean_20,-0.1173,-0.1820,-0.0546
gradient,general,G1,r1_rms_50,0.8180,0.7915,0.8454
gradient,general,G1,r1_mean_50,-0.1527,-0.2011,-0.1035
gradient,general,G1,r1_rms_100,0.7150,0.6940,0.7357
gradient,general,G1,r1_mean_100,-0.1711,-0.2102,-0.1328
gradient,general,G1,r1_rms_200,0.6394,0.6234,0.6561
gradient,general,G1,r1_mean_200,-0.1894,-0.2174,-0.1600
gradient,general,G1,r2_brier,0.1849,0.1814,0.1884
gradient,general,G1,r2_bias,0.0129,0.0075,0.0182
gradient,general,G1,r3_inside,0.3113,0.3007,0.3223
gradient,general,G1,r3_below_0.5,0.1355,0.1226,0.1497
gradient,general,G1,r3_above_0.95,0.0619,0.0549,0.0698
gradient,general,G1,r4_false,0.6137,0.5824,0.6441
gradient,general,G1,r4_false_0.70,0.5615,0.5325,0.5897
gradient,general,G1,r4_declared,8.9480,8.5690,9.3110
gradient,general,G1,r5_late_answers,7.7668,7.4959,8.0406
gradient,general,G1,r5_never,0.3558,0.3208,0.3928
gradient,general,G1,r6_lag,-0.0690,-0.1042,-0.0346
gradient,general,G1,r7_error_5,0.9437,0.8955,0.9951
gradient,general,G1,r7_error_10,0.8694,0.8233,0.9146
gradient,general,G1,r7_longest_wrong,2.1400,2.0590,2.2350
gradient,general,G1,r7_hard_first,0.2337,0.2167,0.2519
gradient,general,G1,r4b_chance_below_0.5,0.3694,0.3442,0.3928
gradient,general,G1,r4b_chance_0.5_to_0.6,0.1945,0.1857,0.2025
gradient,general,G1,r4b_chance_0.6_to_0.7,0.1545,0.1478,0.1613
gradient,general,G1,r4b_chance_0.7_to_0.8,0.1265,0.1169,0.1374
gradient,general,G1,r4b_chance_0.8_up,0.1552,0.1385,0.1722
gradient,general,G1,r2_ece,0.0165,0.0114,0.0220
gradient,general,G1,r4b_3,0.1086,0.0963,0.1219
gradient,general,G1,r4b_5,0.3660,0.3442,0.3874
gradient,general,G1,r4b_10,0.6682,0.6451,0.6909
gradient,general,G1,r4b_20,0.8739,0.8585,0.8878
gradient,general,G1,r4b_50,0.9786,0.9725,0.9843
gradient,general,G2,r1_rms_5,0.9612,0.9271,0.9986
gradient,general,G2,r1_mean_5,-0.1063,-0.1685,-0.0431
gradient,general,G2,r1_rms_10,0.9280,0.8972,0.9583
gradient,general,G2,r1_mean_10,-0.1818,-0.2376,-0.1240
gradient,general,G2,r1_rms_20,0.8783,0.8486,0.9077
gradient,general,G2,r1_mean_20,-0.3027,-0.3543,-0.2494
gradient,general,G2,r1_rms_50,0.8908,0.8638,0.9189
gradient,general,G2,r1_mean_50,-0.5840,-0.6232,-0.5423
gradient,general,G2,r1_rms_100,1.1319,1.1033,1.1610
gradient,general,G2,r1_mean_100,-0.9907,-1.0238,-0.9577
gradient,general,G2,r1_rms_200,1.8310,1.8027,1.8599
gradient,general,G2,r1_mean_200,-1.7573,-1.7859,-1.7301
gradient,general,G2,r2_brier,0.1233,0.1213,0.1252
gradient,general,G2,r2_bias,-0.0843,-0.0876,-0.0809
gradient,general,G2,r3_inside,0.2271,0.2204,0.2336
gradient,general,G2,r3_below_0.5,0.0174,0.0155,0.0196
gradient,general,G2,r3_above_0.95,0.2492,0.2381,0.2607
gradient,general,G2,r4_false,0.3866,0.3637,0.4115
gradient,general,G2,r4_false_0.70,0.2738,0.2524,0.2959
gradient,general,G2,r4_declared,11.3020,10.9100,11.6620
gradient,general,G2,r5_late_answers,6.8366,6.6218,7.0596
gradient,general,G2,r5_never,0.2453,0.2224,0.2696
gradient,general,G2,r6_lag,-1.4189,-1.4535,-1.3860
gradient,general,G2,r7_error_5,0.8038,0.7625,0.8418
gradient,general,G2,r7_error_10,0.7442,0.7080,0.7795
gradient,general,G2,r7_longest_wrong,1.8710,1.8090,1.9330
gradient,general,G2,r7_hard_first,0.1258,0.1155,0.1365
gradient,general,G2,r4b_chance_below_0.5,0.0756,0.0672,0.0844
gradient,general,G2,r4b_chance_0.5_to_0.6,0.0878,0.0815,0.0939
gradient,general,G2,r4b_chance_0.6_to_0.7,0.1463,0.1387,0.1538
gradient,general,G2,r4b_chance_0.7_to_0.8,0.2327,0.2247,0.2405
gradient,general,G2,r4b_chance_0.8_up,0.4576,0.4390,0.4770
gradient,general,G2,r2_ece,0.0843,0.0810,0.0879
gradient,general,G2,r4b_3,0.1473,0.1329,0.1622
gradient,general,G2,r4b_5,0.5466,0.5287,0.5645
gradient,general,G2,r4b_10,0.8935,0.8807,0.9054
gradient,general,G2,r4b_20,0.9941,0.9906,0.9972
gradient,general,G2,r4b_50,1.0000,1.0000,1.0000
gradient,general,G3,r1_rms_5,1.0052,0.9719,1.0407
gradient,general,G3,r1_mean_5,0.0400,-0.0248,0.1058
gradient,general,G3,r1_rms_10,0.9543,0.9237,0.9850
gradient,general,G3,r1_mean_10,0.0053,-0.0561,0.0660
gradient,general,G3,r1_rms_20,0.8687,0.8413,0.8966
gradient,general,G3,r1_mean_20,-0.0308,-0.0823,0.0212
gradient,general,G3,r1_rms_50,0.7395,0.7207,0.7602
gradient,general,G3,r1_mean_50,-0.1029,-0.1421,-0.0610
gradient,general,G3,r1_rms_100,0.9012,0.8757,0.9303
gradient,general,G3,r1_mean_100,-0.5740,-0.6173,-0.5339
gradient,general,G3,r1_rms_200,1.0360,1.0118,1.0588
gradient,general,G3,r1_mean_200,-0.8964,-0.9227,-0.8691
gradient,general,G3,r2_brier,0.1526,0.1502,0.1550
gradient,general,G3,r2_bias,-0.0345,-0.0386,-0.0303
gradient,general,G3,r3_inside,0.3096,0.3031,0.3158
gradient,general,G3,r3_below_0.5,0.0388,0.0348,0.0427
gradient,general,G3,r3_above_0.95,0.1106,0.1030,0.1194
gradient,general,G3,r4_false,0.5228,0.4964,0.5503
gradient,general,G3,r4_false_0.70,0.4043,0.3773,0.4297
gradient,general,G3,r4_declared,9.7000,9.3280,10.0660
gradient,general,G3,r5_late_answers,7.1553,6.9242,7.4028
gradient,general,G3,r5_never,0.3069,0.2801,0.3351
gradient,general,G3,r6_lag,-0.7890,-0.8186,-0.7591
gradient,general,G3,r6_jump_answers,83.5980,80.9040,86.2810
gradient,general,G3,r6_jump_unsettled,0.8120,0.7880,0.8370
gradient,general,G3,r7_error_5,0.8573,0.8187,0.8979
gradient,general,G3,r7_error_10,0.7830,0.7473,0.8183
gradient,general,G3,r7_longest_wrong,1.9080,1.8430,1.9810
gradient,general,G3,r7_hard_first,0.1518,0.1389,0.1642
gradient,general,G3,r4b_chance_below_0.5,0.1372,0.1240,0.1507
gradient,general,G3,r4b_chance_0.5_to_0.6,0.1384,0.1306,0.1461
gradient,general,G3,r4b_chance_0.6_to_0.7,0.1893,0.1823,0.1966
gradient,general,G3,r4b_chance_0.7_to_0.8,0.2265,0.2191,0.2342
gradient,general,G3,r4b_chance_0.8_up,0.3085,0.2898,0.3261
gradient,general,G3,r2_ece,0.0345,0.0302,0.0387
gradient,general,G3,r4b_3,0.1269,0.1150,0.1395
gradient,general,G3,r4b_5,0.4600,0.4425,0.4773
gradient,general,G3,r4b_10,0.8268,0.8106,0.8424
gradient,general,G3,r4b_20,0.9748,0.9672,0.9819
gradient,general,G3,r4b_50,1.0000,1.0000,1.0000
gradient,general,G4,r1_rms_5,1.0187,0.9839,1.0562
gradient,general,G4,r1_mean_5,-0.2314,-0.2962,-0.1673
gradient,general,G4,r1_rms_10,0.9795,0.9461,1.0146
gradient,general,G4,r1_mean_10,-0.2751,-0.3360,-0.2144
gradient,general,G4,r1_rms_20,0.9131,0.8850,0.9431
gradient,general,G4,r1_mean_20,-0.3342,-0.3817,-0.2816
gradient,general,G4,r1_rms_50,0.8047,0.7814,0.8290
gradient,general,G4,r1_mean_50,-0.4096,-0.4485,-0.3690
gradient,general,G4,r1_rms_100,0.7574,0.7372,0.7780
gradient,general,G4,r1_mean_100,-0.4654,-0.4952,-0.4350
gradient,general,G4,r1_rms_200,0.7426,0.7267,0.7592
gradient,general,G4,r1_mean_200,-0.5138,-0.5354,-0.4916
gradient,general,G4,r2_brier,0.1893,0.1866,0.1921
gradient,general,G4,r2_bias,0.0290,0.0245,0.0334
gradient,general,G4,r3_inside,0.3600,0.3542,0.3657
gradient,general,G4,r3_below_0.5,0.0799,0.0737,0.0863
gradient,general,G4,r3_above_0.95,0.0408,0.0365,0.0455
gradient,general,G4,r4_false,0.6067,0.5765,0.6349
gradient,general,G4,r4_false_0.70,0.4963,0.4680,0.5247
gradient,general,G4,r4_declared,8.7470,8.3890,9.0980
gradient,general,G4,r5_late_answers,7.9658,7.6678,8.2697
gradient,general,G4,r5_never,0.3539,0.3255,0.3832
gradient,general,G4,r6_lag,-0.3823,-0.4103,-0.3557
gradient,general,G4,r7_error_5,0.8817,0.8405,0.9237
gradient,general,G4,r7_error_10,0.8105,0.7729,0.8488
gradient,general,G4,r7_longest_wrong,2.0400,1.9720,2.1170
gradient,general,G4,r7_hard_first,0.1930,0.1806,0.2064
gradient,general,G4,r4b_chance_below_0.5,0.2008,0.1853,0.2165
gradient,general,G4,r4b_chance_0.5_to_0.6,0.1684,0.1620,0.1753
gradient,general,G4,r4b_chance_0.6_to_0.7,0.2038,0.1976,0.2100
gradient,general,G4,r4b_chance_0.7_to_0.8,0.2090,0.2017,0.2167
gradient,general,G4,r4b_chance_0.8_up,0.2179,0.2030,0.2336
gradient,general,G4,r2_ece,0.0300,0.0256,0.0345
gradient,general,G4,r4b_3,0.1117,0.0992,0.1235
gradient,general,G4,r4b_5,0.4059,0.3870,0.4242
gradient,general,G4,r4b_10,0.7725,0.7548,0.7904
gradient,general,G4,r4b_20,0.9514,0.9409,0.9613
gradient,general,G4,r4b_50,0.9975,0.9934,1.0000
gradient,general,G5,r1_rms_5,0.9406,0.8975,0.9837
gradient,general,G5,r1_mean_5,0.0549,-0.0143,0.1247
gradient,general,G5,r1_rms_10,0.8930,0.8561,0.9310
gradient,general,G5,r1_mean_10,0.0297,-0.0326,0.0900
gradient,general,G5,r1_rms_20,0.9367,0.9060,0.9688
gradient,general,G5,r1_mean_20,-0.0010,-0.0587,0.0555
gradient,general,G5,r1_rms_50,0.8271,0.8036,0.8519
gradient,general,G5,r1_mean_50,-0.0460,-0.0886,-0.0006
gradient,general,G5,r1_rms_100,0.7385,0.7184,0.7579
gradient,general,G5,r1_mean_100,-0.0984,-0.1342,-0.0651
gradient,general,G5,r1_rms_200,0.6781,0.6601,0.6969
gradient,general,G5,r1_mean_200,-0.1394,-0.1669,-0.1137
gradient,general,G5,r2_brier,0.1867,0.1839,0.1895
gradient,general,G5,r2_bias,0.0255,0.0206,0.0303
gradient,general,G5,r3_inside,0.3691,0.3605,0.3777
gradient,general,G5,r3_below_0.5,0.0817,0.0742,0.0888
gradient,general,G5,r3_above_0.95,0.0443,0.0392,0.0499
gradient,general,G5,r4_false,0.6313,0.6041,0.6582
gradient,general,G5,r4_false_0.70,0.5137,0.4849,0.5450
gradient,general,G5,r4_declared,8.3340,8.0000,8.6640
gradient,general,G5,r5_late_answers,7.8034,7.4909,8.1217
gradient,general,G5,r5_never,0.3741,0.3455,0.4039
gradient,general,G5,r6_lag,-0.0088,-0.0384,0.0223
gradient,general,G5,r7_error_5,1.0265,0.9795,1.0727
gradient,general,G5,r7_error_10,0.9699,0.9254,1.0143
gradient,general,G5,r7_longest_wrong,2.1120,2.0420,2.1850
gradient,general,G5,r7_hard_first,0.1517,0.1389,0.1663
gradient,general,G5,r4b_chance_below_0.5,0.2327,0.2151,0.2508
gradient,general,G5,r4b_chance_0.5_to_0.6,0.1749,0.1662,0.1823
gradient,general,G5,r4b_chance_0.6_to_0.7,0.2038,0.1956,0.2121
gradient,general,G5,r4b_chance_0.7_to_0.8,0.1960,0.1864,0.2054
gradient,general,G5,r4b_chance_0.8_up,0.1927,0.1775,0.2092
gradient,general,G5,r2_ece,0.0285,0.0237,0.0335
gradient,general,G5,r4b_3,0.1107,0.0997,0.1228
gradient,general,G5,r4b_5,0.3840,0.3653,0.4023
gradient,general,G5,r4b_10,0.7250,0.7064,0.7444
gradient,general,G5,r4b_20,0.9292,0.9164,0.9411
gradient,general,G5,r4b_50,0.9938,0.9888,0.9981
gradient,general,G6,r1_rms_5,1.0532,1.0121,1.0950
gradient,general,G6,r1_mean_5,-0.0431,-0.1128,0.0264
gradient,general,G6,r1_rms_10,1.0159,0.9772,1.0555
gradient,general,G6,r1_mean_10,-0.0724,-0.1342,-0.0083
gradient,general,G6,r1_rms_20,0.9479,0.9120,0.9857
gradient,general,G6,r1_mean_20,-0.1148,-0.1754,-0.0515
gradient,general,G6,r1_rms_50,0.8465,0.8169,0.8791
gradient,general,G6,r1_mean_50,-0.1655,-0.2171,-0.1154
gradient,general,G6,r1_rms_100,0.7902,0.7622,0.8192
gradient,general,G6,r1_mean_100,-0.2098,-0.2572,-0.1616
gradient,general,G6,r1_rms_200,0.7608,0.7354,0.7883
gradient,general,G6,r1_mean_200,-0.2572,-0.3007,-0.2153
gradient,general,G6,r2_brier,0.1862,0.1837,0.1889
gradient,general,G6,r2_bias,0.0235,0.0192,0.0278
gradient,general,G6,r3_inside,0.3835,0.3684,0.3985
gradient,general,G6,r3_below_0.5,0.0784,0.0719,0.0852
gradient,general,G6,r3_above_0.95,0.0989,0.0906,0.1070
gradient,general,G6,r4_false,0.6855,0.6576,0.7119
gradient,general,G6,r4_false_0.70,0.5787,0.5492,0.6070
gradient,general,G6,r4_declared,8.4740,8.1390,8.8030
gradient,general,G6,r5_late_answers,7.7203,7.4164,8.0228
gradient,general,G6,r5_never,0.3642,0.3317,0.3962
gradient,general,G6,r6_lag,-0.1157,-0.1602,-0.0711
gradient,general,G6,r7_error_5,0.9205,0.8749,0.9684
gradient,general,G6,r7_error_10,0.8584,0.8148,0.9046
gradient,general,G6,r7_longest_wrong,1.9980,1.9240,2.0750
gradient,general,G6,r7_hard_first,0.1481,0.1356,0.1605
gradient,general,G6,r4b_chance_below_0.5,0.1611,0.1441,0.1810
gradient,general,G6,r4b_chance_0.5_to_0.6,0.1602,0.1482,0.1721
gradient,general,G6,r4b_chance_0.6_to_0.7,0.2542,0.2408,0.2679
gradient,general,G6,r4b_chance_0.7_to_0.8,0.2406,0.2258,0.2554
gradient,general,G6,r4b_chance_0.8_up,0.1839,0.1699,0.1996
gradient,general,G6,r2_ece,0.0274,0.0234,0.0319
gradient,general,G6,r4b_3,0.1285,0.1169,0.1397
gradient,general,G6,r4b_5,0.4247,0.4077,0.4418
gradient,general,G6,r4b_10,0.7575,0.7409,0.7739
gradient,general,G6,r4b_20,0.9393,0.9291,0.9495
gradient,general,G6,r4b_50,0.9941,0.9868,0.9991
gradient,general,G7,r1_rms_5,1.0109,0.9729,1.0472
gradient,general,G7,r1_mean_5,-0.0813,-0.1483,-0.0117
gradient,general,G7,r1_rms_10,0.9767,0.9434,1.0109
gradient,general,G7,r1_mean_10,-0.1140,-0.1755,-0.0517
gradient,general,G7,r1_rms_20,0.9030,0.8736,0.9324
gradient,general,G7,r1_mean_20,-0.1424,-0.1979,-0.0871
gradient,general,G7,r1_rms_50,0.7936,0.7702,0.8179
gradient,general,G7,r1_mean_50,-0.1790,-0.2218,-0.1320
gradient,general,G7,r1_rms_100,0.7231,0.7054,0.7410
gradient,general,G7,r1_mean_100,-0.1975,-0.2321,-0.1624
gradient,general,G7,r1_rms_200,0.6739,0.6592,0.6886
gradient,general,G7,r1_mean_200,-0.2245,-0.2537,-0.1960
gradient,general,G7,r2_brier,0.1798,0.1771,0.1825
gradient,general,G7,r2_bias,0.0147,0.0102,0.0190
gradient,general,G7,r3_inside,0.3875,0.3799,0.3949
gradient,general,G7,r3_below_0.5,0.0547,0.0492,0.0608
gradient,general,G7,r3_above_0.95,0.0406,0.0356,0.0460
gradient,general,G7,r4_false,0.6727,0.6475,0.6999
gradient,general,G7,r4_false_0.70,0.5787,0.5486,0.6069
gradient,general,G7,r4_declared,8.6110,8.2680,8.9460
gradient,general,G7,r5_late_answers,7.6786,7.3785,7.9993
gradient,general,G7,r5_never,0.3413,0.3123,0.3692
gradient,general,G7,r6_lag,-0.1152,-0.1493,-0.0820
gradient,general,G7,r7_error_5,0.8694,0.8284,0.9116
gradient,general,G7,r7_error_10,0.8092,0.7692,0.8477
gradient,general,G7,r7_longest_wrong,1.9120,1.8490,1.9770
gradient,general,G7,r7_hard_first,0.1445,0.1327,0.1570
gradient,general,G7,r4b_chance_below_0.5,0.1451,0.1308,0.1618
gradient,general,G7,r4b_chance_0.5_to_0.6,0.1609,0.1525,0.1694
gradient,general,G7,r4b_chance_0.6_to_0.7,0.2070,0.2000,0.2144
gradient,general,G7,r4b_chance_0.7_to_0.8,0.2365,0.2277,0.2453
gradient,general,G7,r4b_chance_0.8_up,0.2505,0.2338,0.2675
gradient,general,G7,r2_ece,0.0164,0.0121,0.0211
gradient,general,G7,r4b_3,0.1280,0.1166,0.1404
gradient,general,G7,r4b_5,0.4517,0.4348,0.4698
gradient,general,G7,r4b_10,0.8017,0.7855,0.8177
gradient,general,G7,r4b_20,0.9636,0.9536,0.9723
gradient,general,G7,r4b_50,0.9971,0.9923,1.0000
gradient,general,G8,r1_rms_5,1.0037,0.9658,1.0420
gradient,general,G8,r1_mean_5,-0.0258,-0.0924,0.0406
gradient,general,G8,r1_rms_10,0.9549,0.9228,0.9883
gradient,general,G8,r1_mean_10,-0.0501,-0.1097,0.0104
gradient,general,G8,r1_rms_20,0.8809,0.8521,0.9083
gradient,general,G8,r1_mean_20,-0.0862,-0.1400,-0.0315
gradient,general,G8,r1_rms_50,0.7465,0.7255,0.7673
gradient,general,G8,r1_mean_50,-0.1281,-0.1670,-0.0858
gradient,general,G8,r1_rms_100,0.6631,0.6463,0.6796
gradient,general,G8,r1_mean_100,-0.1558,-0.1887,-0.1254
gradient,general,G8,r1_rms_200,0.6034,0.5904,0.6168
gradient,general,G8,r1_mean_200,-0.1782,-0.2017,-0.1550
gradient,general,G8,r2_brier,0.1797,0.1770,0.1824
gradient,general,G8,r2_bias,0.0150,0.0104,0.0196
gradient,general,G8,r3_inside,0.3872,0.3803,0.3947
gradient,general,G8,r3_below_0.5,0.0543,0.0492,0.0598
gradient,general,G8,r3_above_0.95,0.0420,0.0369,0.0475
gradient,general,G8,r4_false,0.6439,0.6129,0.6722
gradient,general,G8,r4_false_0.70,0.5386,0.5078,0.5695
gradient,general,G8,r4_declared,7.2840,6.9410,7.6190
gradient,general,G8,r5_late_answers,8.6860,8.4106,8.9887
gradient,general,G8,r5_never,0.4332,0.4016,0.4651
gradient,general,G8,r6_lag,-0.0575,-0.0862,-0.0269
gradient,general,G8,r7_error_5,0.8571,0.8176,0.8961
gradient,general,G8,r7_error_10,0.7845,0.7468,0.8221
gradient,general,G8,r7_longest_wrong,1.8890,1.8300,1.9530
gradient,general,G8,r7_hard_first,0.1441,0.1322,0.1566
gradient,general,G8,r4b_chance_below_0.5,0.1377,0.1248,0.1510
gradient,general,G8,r4b_chance_0.5_to_0.6,0.1613,0.1536,0.1691
gradient,general,G8,r4b_chance_0.6_to_0.7,0.2207,0.2135,0.2278
gradient,general,G8,r4b_chance_0.7_to_0.8,0.2437,0.2349,0.2525
gradient,general,G8,r4b_chance_0.8_up,0.2366,0.2203,0.2528
gradient,general,G8,r2_ece,0.0156,0.0116,0.0202
gradient,general,G8,r4b_3,0.0636,0.0560,0.0714
gradient,general,G8,r4b_5,0.3338,0.3180,0.3498
gradient,general,G8,r4b_10,0.6531,0.6332,0.6727
gradient,general,G8,r4b_20,0.8981,0.8832,0.9117
gradient,general,G8,r4b_50,0.9893,0.9827,0.9956
shrinking,topics,G0,r1_rms_5,1.0198,0.9846,1.0557
shrinking,topics,G0,r1_mean_5,-0.0343,-0.0993,0.0359
shrinking,topics,G0,r1_rms_10,1.0155,0.9813,1.0492
shrinking,topics,G0,r1_mean_10,-0.0408,-0.1077,0.0267
shrinking,topics,G0,r1_rms_20,0.9902,0.9589,1.0228
shrinking,topics,G0,r1_mean_20,-0.0412,-0.0999,0.0183
shrinking,topics,G0,r1_rms_50,0.9108,0.8813,0.9410
shrinking,topics,G0,r1_mean_50,-0.0480,-0.1041,0.0088
shrinking,topics,G0,r1_rms_100,0.8119,0.7870,0.8377
shrinking,topics,G0,r1_mean_100,-0.0639,-0.1115,-0.0165
shrinking,topics,G0,r1_rms_200,0.6959,0.6770,0.7176
shrinking,topics,G0,r1_mean_200,-0.0749,-0.1121,-0.0385
shrinking,topics,G0,r2_brier,0.1783,0.1747,0.1817
shrinking,topics,G0,r2_bias,0.0138,0.0076,0.0201
shrinking,topics,G0,r3_inside,0.3604,0.3517,0.3697
shrinking,topics,G0,r3_below_0.5,0.0705,0.0627,0.0787
shrinking,topics,G0,r3_above_0.95,0.0551,0.0486,0.0618
shrinking,topics,G0,r4_false,0.6012,0.5815,0.6193
shrinking,topics,G0,r4_false_0.70,0.4957,0.4759,0.5155
shrinking,topics,G0,r4_declared,8.8240,8.5780,9.0870
shrinking,topics,G0,r5_late_answers,8.9651,8.6957,9.2402
shrinking,topics,G0,r5_never,0.2267,0.2052,0.2477
shrinking,topics,G0,r6_lag,-0.0894,-0.1292,-0.0500
shrinking,topics,G0,r7_longest_wrong,1.8130,1.7530,1.8710
shrinking,topics,G0,r7_hard_first,0.1391,0.1280,0.1509
shrinking,topics,G0,r4b_chance_below_0.5,0.1929,0.1727,0.2116
shrinking,topics,G0,r4b_chance_0.5_to_0.6,0.1574,0.1495,0.1651
shrinking,topics,G0,r4b_chance_0.6_to_0.7,0.2026,0.1948,0.2105
shrinking,topics,G0,r4b_chance_0.7_to_0.8,0.2134,0.2042,0.2229
shrinking,topics,G0,r4b_chance_0.8_up,0.2337,0.2167,0.2526
shrinking,topics,G0,r2_ece,0.0170,0.0113,0.0234
shrinking,topics,G0,r4b_3,0.1120,0.1003,0.1228
shrinking,topics,G0,r4b_5,0.3930,0.3737,0.4136
shrinking,topics,G0,r4b_10,0.7620,0.7411,0.7841
shrinking,topics,G0,r4b_20,0.9625,0.9481,0.9759
shrinking,topics,G0,r4b_50,0.9939,0.9867,0.9986
shrinking,topics,G1,r1_rms_5,1.1039,1.0612,1.1487
shrinking,topics,G1,r1_mean_5,-0.0548,-0.1310,0.0210
shrinking,topics,G1,r1_rms_10,1.0981,1.0567,1.1403
shrinking,topics,G1,r1_mean_10,-0.0643,-0.1372,0.0110
shrinking,topics,G1,r1_rms_20,1.0675,1.0275,1.1075
shrinking,topics,G1,r1_mean_20,-0.0704,-0.1433,-0.0003
shrinking,topics,G1,r1_rms_50,0.9778,0.9416,1.0143
shrinking,topics,G1,r1_mean_50,-0.0887,-0.1508,-0.0245
shrinking,topics,G1,r1_rms_100,0.8651,0.8351,0.8987
shrinking,topics,G1,r1_mean_100,-0.1039,-0.1572,-0.0504
shrinking,topics,G1,r1_rms_200,0.7375,0.7129,0.7631
shrinking,topics,G1,r1_mean_200,-0.0990,-0.1430,-0.0535
shrinking,topics,G1,r2_brier,0.1837,0.1795,0.1876
shrinking,topics,G1,r2_bias,0.0077,0.0011,0.0142
shrinking,topics,G1,r3_inside,0.2891,0.2775,0.3005
shrinking,topics,G1,r3_below_0.5,0.1379,0.1246,0.1516
shrinking,topics,G1,r3_above_0.95,0.0899,0.0793,0.1009
shrinking,topics,G1,r4_false,0.5535,0.5298,0.5770
shrinking,topics,G1,r4_false_0.70,0.5086,0.4850,0.5322
shrinking,topics,G1,r4_declared,9.5430,9.3160,9.7700
shrinking,topics,G1,r5_late_answers,8.4611,8.1736,8.7392
shrinking,topics,G1,r5_never,0.2163,0.1964,0.2371
shrinking,topics,G1,r6_lag,-0.1829,-0.2283,-0.1388
shrinking,topics,G1,r7_longest_wrong,2.0430,1.9620,2.1330
shrinking,topics,G1,r7_hard_first,0.2301,0.2125,0.2489
shrinking,topics,G1,r4b_chance_below_0.5,0.3738,0.3513,0.3956
shrinking,topics,G1,r4b_chance_0.5_to_0.6,0.1972,0.1889,0.2045
shrinking,topics,G1,r4b_chance_0.6_to_0.7,0.1589,0.1520,0.1661
shrinking,topics,G1,r4b_chance_0.7_to_0.8,0.1266,0.1182,0.1358
shrinking,topics,G1,r4b_chance_0.8_up,0.1435,0.1275,0.1612
shrinking,topics,G1,r2_ece,0.0154,0.0091,0.0225
shrinking,topics,G1,r4b_3,0.0705,0.0618,0.0793
shrinking,topics,G1,r4b_5,0.3092,0.2908,0.3283
shrinking,topics,G1,r4b_10,0.6494,0.6285,0.6723
shrinking,topics,G1,r4b_20,0.8696,0.8536,0.8847
shrinking,topics,G1,r4b_50,0.9821,0.9760,0.9879
shrinking,topics,G2,r1_rms_5,0.9612,0.9267,0.9964
shrinking,topics,G2,r1_mean_5,-0.1063,-0.1679,-0.0487
shrinking,topics,G2,r1_rms_10,0.9665,0.9341,1.0024
shrinking,topics,G2,r1_mean_10,-0.1727,-0.2336,-0.1154
shrinking,topics,G2,r1_rms_20,0.9669,0.9355,0.9991
shrinking,topics,G2,r1_mean_20,-0.2775,-0.3367,-0.2173
shrinking,topics,G2,r1_rms_50,1.0108,0.9755,1.0454
shrinking,topics,G2,r1_mean_50,-0.5812,-0.6357,-0.5290
shrinking,topics,G2,r1_rms_100,1.2264,1.1891,1.2640
shrinking,topics,G2,r1_mean_100,-1.0314,-1.0792,-0.9877
shrinking,topics,G2,r1_rms_200,1.8898,1.8525,1.9279
shrinking,topics,G2,r1_mean_200,-1.8228,-1.8611,-1.7785
shrinking,topics,G2,r2_brier,0.1227,0.1203,0.1253
shrinking,topics,G2,r2_bias,-0.0854,-0.0899,-0.0807
shrinking,topics,G2,r3_inside,0.2045,0.1973,0.2123
shrinking,topics,G2,r3_below_0.5,0.0235,0.0203,0.0270
shrinking,topics,G2,r3_above_0.95,0.2785,0.2643,0.2928
shrinking,topics,G2,r4_false,0.3262,0.3093,0.3430
shrinking,topics,G2,r4_false_0.70,0.2161,0.2015,0.2316
shrinking,topics,G2,r4_declared,11.6160,11.3680,11.8560
shrinking,topics,G2,r5_late_answers,7.1680,6.9970,7.3380
shrinking,topics,G2,r5_never,0.1371,0.1239,0.1509
shrinking,topics,G2,r6_lag,-1.4610,-1.5020,-1.4165
shrinking,topics,G2,r7_longest_wrong,1.7700,1.7150,1.8280
shrinking,topics,G2,r7_hard_first,0.1238,0.1134,0.1337
shrinking,topics,G2,r4b_chance_below_0.5,0.1165,0.1015,0.1324
shrinking,topics,G2,r4b_chance_0.5_to_0.6,0.1020,0.0953,0.1091
shrinking,topics,G2,r4b_chance_0.6_to_0.7,0.1524,0.1452,0.1597
shrinking,topics,G2,r4b_chance_0.7_to_0.8,0.2250,0.2164,0.2326
shrinking,topics,G2,r4b_chance_0.8_up,0.4041,0.3838,0.4255
shrinking,topics,G2,r2_ece,0.0854,0.0807,0.0896
shrinking,topics,G2,r4b_3,0.1472,0.1300,0.1653
shrinking,topics,G2,r4b_5,0.5398,0.5177,0.5628
shrinking,topics,G2,r4b_10,0.9304,0.9162,0.9437
shrinking,topics,G2,r4b_20,0.9982,0.9949,1.0000
shrinking,topics,G2,r4b_50,1.0000,0.9972,1.0000
shrinking,topics,G3,r1_rms_5,1.0052,0.9708,1.0414
shrinking,topics,G3,r1_mean_5,0.0400,-0.0248,0.1048
shrinking,topics,G3,r1_rms_10,0.9944,0.9622,1.0288
shrinking,topics,G3,r1_mean_10,0.0210,-0.0430,0.0867
shrinking,topics,G3,r1_rms_20,0.9721,0.9406,1.0037
shrinking,topics,G3,r1_mean_20,0.0197,-0.0419,0.0846
shrinking,topics,G3,r1_rms_50,0.8993,0.8707,0.9278
shrinking,topics,G3,r1_mean_50,-0.0121,-0.0662,0.0455
shrinking,topics,G3,r1_rms_100,0.9843,0.9517,1.0164
shrinking,topics,G3,r1_mean_100,-0.4965,-0.5522,-0.4414
shrinking,topics,G3,r1_rms_200,1.0389,1.0096,1.0687
shrinking,topics,G3,r1_mean_200,-0.8456,-0.8849,-0.8074
shrinking,topics,G3,r2_brier,0.1541,0.1509,0.1574
shrinking,topics,G3,r2_bias,-0.0286,-0.0341,-0.0226
shrinking,topics,G3,r3_inside,0.2903,0.2827,0.2974
shrinking,topics,G3,r3_below_0.5,0.0521,0.0461,0.0581
shrinking,topics,G3,r3_above_0.95,0.1307,0.1205,0.1411
shrinking,topics,G3,r4_false,0.4754,0.4559,0.4956
shrinking,topics,G3,r4_false_0.70,0.3622,0.3432,0.3811
shrinking,topics,G3,r4_declared,10.1180,9.8850,10.3650
shrinking,topics,G3,r5_late_answers,7.8585,7.6390,8.0826
shrinking,topics,G3,r5_never,0.1891,0.1718,0.2069
shrinking,topics,G3,r6_lag,-0.7758,-0.8168,-0.7349
shrinking,topics,G3,r6_jump_answers,74.5750,71.5740,77.6290
shrinking,topics,G3,r6_jump_unsettled,0.7150,0.6870,0.7430
shrinking,topics,G3,r7_longest_wrong,1.8170,1.7570,1.8790
shrinking,topics,G3,r7_hard_first,0.1490,0.1372,0.1611
shrinking,topics,G3,r4b_chance_below_0.5,0.1815,0.1639,0.1995
shrinking,topics,G3,r4b_chance_0.5_to_0.6,0.1398,0.1328,0.1466
shrinking,topics,G3,r4b_chance_0.6_to_0.7,0.1852,0.1783,0.1923
shrinking,topics,G3,r4b_chance_0.7_to_0.8,0.2207,0.2123,0.2289
shrinking,topics,G3,r4b_chance_0.8_up,0.2727,0.2558,0.2906
shrinking,topics,G3,r2_ece,0.0286,0.0230,0.0344
shrinking,topics,G3,r4b_3,0.1102,0.0985,0.1227
shrinking,topics,G3,r4b_5,0.4220,0.4012,0.4424
shrinking,topics,G3,r4b_10,0.8324,0.8128,0.8514
shrinking,topics,G3,r4b_20,0.9771,0.9667,0.9874
shrinking,topics,G3,r4b_50,1.0000,1.0000,1.0000
shrinking,topics,G4,r1_rms_5,1.0187,0.9835,1.0550
shrinking,topics,G4,r1_mean_5,-0.2314,-0.3011,-0.1682
shrinking,topics,G4,r1_rms_10,1.0175,0.9851,1.0536
shrinking,topics,G4,r1_mean_10,-0.2464,-0.3070,-0.1824
shrinking,topics,G4,r1_rms_20,0.9973,0.9641,1.0303
shrinking,topics,G4,r1_mean_20,-0.2573,-0.3205,-0.1948
shrinking,topics,G4,r1_rms_50,0.9264,0.8974,0.9562
shrinking,topics,G4,r1_mean_50,-0.2883,-0.3421,-0.2312
shrinking,topics,G4,r1_rms_100,0.8444,0.8192,0.8720
shrinking,topics,G4,r1_mean_100,-0.3324,-0.3802,-0.2868
shrinking,topics,G4,r1_rms_200,0.7595,0.7374,0.7822
shrinking,topics,G4,r1_mean_200,-0.3685,-0.4061,-0.3295
shrinking,topics,G4,r2_brier,0.1884,0.1848,0.1920
shrinking,topics,G4,r2_bias,0.0324,0.0264,0.0389
shrinking,topics,G4,r3_inside,0.3411,0.3336,0.3488
shrinking,topics,G4,r3_below_0.5,0.0955,0.0873,0.1046
shrinking,topics,G4,r3_above_0.95,0.0543,0.0481,0.0608
shrinking,topics,G4,r4_false,0.5538,0.5320,0.5748
shrinking,topics,G4,r4_false_0.70,0.4427,0.4215,0.4644
shrinking,topics,G4,r4_declared,8.0920,7.8520,8.3280
shrinking,topics,G4,r5_late_answers,9.6749,9.3847,9.9811
shrinking,topics,G4,r5_never,0.2975,0.2759,0.3205
shrinking,topics,G4,r6_lag,-0.3997,-0.4380,-0.3624
shrinking,topics,G4,r7_longest_wrong,1.9310,1.8750,1.9900
shrinking,topics,G4,r7_hard_first,0.1909,0.1785,0.2034
shrinking,topics,G4,r4b_chance_below_0.5,0.2494,0.2300,0.2689
shrinking,topics,G4,r4b_chance_0.5_to_0.6,0.1677,0.1612,0.1741
shrinking,topics,G4,r4b_chance_0.6_to_0.7,0.1890,0.1827,0.1954
shrinking,topics,G4,r4b_chance_0.7_to_0.8,0.1941,0.1857,0.2029
shrinking,topics,G4,r4b_chance_0.8_up,0.1996,0.1852,0.2140
shrinking,topics,G4,r2_ece,0.0349,0.0289,0.0412
shrinking,topics,G4,r4b_3,0.0819,0.0726,0.0917
shrinking,topics,G4,r4b_5,0.3546,0.3359,0.3743
shrinking,topics,G4,r4b_10,0.7342,0.7137,0.7551
shrinking,topics,G4,r4b_20,0.9533,0.9380,0.9676
shrinking,topics,G4,r4b_50,0.9974,0.9922,1.0000
shrinking,topics,G5,r1_rms_5,0.9406,0.8982,0.9823
shrinking,topics,G5,r1_mean_5,0.0549,-0.0185,0.1231
shrinking,topics,G5,r1_rms_10,0.9488,0.9082,0.9890
shrinking,topics,G5,r1_mean_10,0.0483,-0.0230,0.1158
shrinking,topics,G5,r1_rms_20,1.0507,1.0141,1.0862
shrinking,topics,G5,r1_mean_20,0.0841,0.0177,0.1508
shrinking,topics,G5,r1_rms_50,0.9985,0.9622,1.0342
shrinking,topics,G5,r1_mean_50,0.0890,0.0243,0.1454
shrinking,topics,G5,r1_rms_100,0.8841,0.8572,0.9127
shrinking,topics,G5,r1_mean_100,0.0515,-0.0012,0.0991
shrinking,topics,G5,r1_rms_200,0.7470,0.7234,0.7705
shrinking,topics,G5,r1_mean_200,0.0217,-0.0185,0.0635
shrinking,topics,G5,r2_brier,0.1891,0.1853,0.1931
shrinking,topics,G5,r2_bias,0.0303,0.0232,0.0371
shrinking,topics,G5,r3_inside,0.3455,0.3360,0.3546
shrinking,topics,G5,r3_below_0.5,0.1025,0.0921,0.1129
shrinking,topics,G5,r3_above_0.95,0.0542,0.0475,0.0612
shrinking,topics,G5,r4_false,0.6156,0.5953,0.6361
shrinking,topics,G5,r4_false_0.70,0.5002,0.4785,0.5213
shrinking,topics,G5,r4_declared,8.6700,8.4250,8.9110
shrinking,topics,G5,r5_late_answers,9.0445,8.7234,9.3394
shrinking,topics,G5,r5_never,0.2381,0.2171,0.2611
shrinking,topics,G5,r6_lag,-0.0118,-0.0551,0.0285
shrinking,topics,G5,r7_longest_wrong,1.9910,1.9250,2.0530
shrinking,topics,G5,r7_hard_first,0.1506,0.1373,0.1644
shrinking,topics,G5,r4b_chance_below_0.5,0.2671,0.2450,0.2887
shrinking,topics,G5,r4b_chance_0.5_to_0.6,0.1620,0.1551,0.1692
shrinking,topics,G5,r4b_chance_0.6_to_0.7,0.1938,0.1856,0.2021
shrinking,topics,G5,r4b_chance_0.7_to_0.8,0.1919,0.1823,0.2020
shrinking,topics,G5,r4b_chance_0.8_up,0.1852,0.1708,0.2000
shrinking,topics,G5,r2_ece,0.0345,0.0278,0.0414
shrinking,topics,G5,r4b_3,0.0990,0.0880,0.1101
shrinking,topics,G5,r4b_5,0.3504,0.3316,0.3697
shrinking,topics,G5,r4b_10,0.7347,0.7123,0.7569
shrinking,topics,G5,r4b_20,0.9578,0.9446,0.9713
shrinking,topics,G5,r4b_50,0.9977,0.9943,1.0000
shrinking,topics,G6,r1_rms_5,1.0532,1.0122,1.0964
shrinking,topics,G6,r1_mean_5,-0.0431,-0.1176,0.0285
shrinking,topics,G6,r1_rms_10,1.0502,1.0118,1.0923
shrinking,topics,G6,r1_mean_10,-0.0559,-0.1283,0.0107
shrinking,topics,G6,r1_rms_20,1.0314,0.9916,1.0729
shrinking,topics,G6,r1_mean_20,-0.0570,-0.1256,0.0119
shrinking,topics,G6,r1_rms_50,0.9684,0.9328,1.0066
shrinking,topics,G6,r1_mean_50,-0.0687,-0.1301,-0.0072
shrinking,topics,G6,r1_rms_100,0.8938,0.8614,0.9271
shrinking,topics,G6,r1_mean_100,-0.0913,-0.1504,-0.0350
shrinking,topics,G6,r1_rms_200,0.8214,0.7935,0.8514
shrinking,topics,G6,r1_mean_200,-0.1171,-0.1708,-0.0670
shrinking,topics,G6,r2_brier,0.1840,0.1806,0.1874
shrinking,topics,G6,r2_bias,0.0215,0.0155,0.0277
shrinking,topics,G6,r3_inside,0.3690,0.3543,0.3843
shrinking,topics,G6,r3_below_0.5,0.0818,0.0733,0.0899
shrinking,topics,G6,r3_above_0.95,0.1128,0.1025,0.1228
shrinking,topics,G6,r4_false,0.6518,0.6316,0.6714
shrinking,topics,G6,r4_false_0.70,0.5380,0.5161,0.5589
shrinking,topics,G6,r4_declared,8.5230,8.2720,8.7680
shrinking,topics,G6,r5_late_answers,9.0899,8.7980,9.3788
shrinking,topics,G6,r5_never,0.2443,0.2217,0.2673
shrinking,topics,G6,r6_lag,-0.1362,-0.1906,-0.0831
shrinking,topics,G6,r7_longest_wrong,1.8920,1.8290,1.9590
shrinking,topics,G6,r7_hard_first,0.1458,0.1338,0.1577
shrinking,topics,G6,r4b_chance_below_0.5,0.1795,0.1590,0.2001
shrinking,topics,G6,r4b_chance_0.5_to_0.6,0.1658,0.1535,0.1779
shrinking,topics,G6,r4b_chance_0.6_to_0.7,0.2433,0.2303,0.2558
shrinking,topics,G6,r4b_chance_0.7_to_0.8,0.2319,0.2181,0.2468
shrinking,topics,G6,r4b_chance_0.8_up,0.1795,0.1661,0.1948
shrinking,topics,G6,r2_ece,0.0278,0.0221,0.0338
shrinking,topics,G6,r4b_3,0.1009,0.0906,0.1113
shrinking,topics,G6,r4b_5,0.3837,0.3669,0.4021
shrinking,topics,G6,r4b_10,0.7471,0.7279,0.7673
shrinking,topics,G6,r4b_20,0.9529,0.9395,0.9658
shrinking,topics,G6,r4b_50,0.9953,0.9847,1.0000
shrinking,topics,G7,r1_rms_5,1.0109,0.9757,1.0481
shrinking,topics,G7,r1_mean_5,-0.0813,-0.1443,-0.0074
shrinking,topics,G7,r1_rms_10,1.0128,0.9759,1.0498
shrinking,topics,G7,r1_mean_10,-0.0996,-0.1702,-0.0321
shrinking,topics,G7,r1_rms_20,0.9900,0.9576,1.0247
shrinking,topics,G7,r1_mean_20,-0.0984,-0.1580,-0.0344
shrinking,topics,G7,r1_rms_50,0.9212,0.8893,0.9537
shrinking,topics,G7,r1_mean_50,-0.1063,-0.1641,-0.0480
shrinking,topics,G7,r1_rms_100,0.8329,0.8067,0.8607
shrinking,topics,G7,r1_mean_100,-0.1185,-0.1667,-0.0662
shrinking,topics,G7,r1_rms_200,0.7323,0.7090,0.7547
shrinking,topics,G7,r1_mean_200,-0.1285,-0.1694,-0.0867
shrinking,topics,G7,r2_brier,0.1779,0.1743,0.1815
shrinking,topics,G7,r2_bias,0.0139,0.0080,0.0200
shrinking,topics,G7,r3_inside,0.3701,0.3616,0.3791
shrinking,topics,G7,r3_below_0.5,0.0671,0.0592,0.0755
shrinking,topics,G7,r3_above_0.95,0.0536,0.0470,0.0608
shrinking,topics,G7,r4_false,0.6138,0.5960,0.6334
shrinking,topics,G7,r4_false_0.70,0.5082,0.4886,0.5291
shrinking,topics,G7,r4_declared,8.9820,8.7420,9.2300
shrinking,topics,G7,r5_late_answers,9.1324,8.8716,9.4103
shrinking,topics,G7,r5_never,0.1999,0.1809,0.2195
shrinking,topics,G7,r6_lag,-0.1460,-0.1874,-0.1053
shrinking,topics,G7,r7_longest_wrong,1.8480,1.7880,1.9060
shrinking,topics,G7,r7_hard_first,0.1419,0.1304,0.1525
shrinking,topics,G7,r4b_chance_below_0.5,0.1958,0.1757,0.2170
shrinking,topics,G7,r4b_chance_0.5_to_0.6,0.1528,0.1457,0.1602
shrinking,topics,G7,r4b_chance_0.6_to_0.7,0.2015,0.1937,0.2094
shrinking,topics,G7,r4b_chance_0.7_to_0.8,0.2197,0.2101,0.2297
shrinking,topics,G7,r4b_chance_0.8_up,0.2302,0.2145,0.2461
shrinking,topics,G7,r2_ece,0.0166,0.0110,0.0224
shrinking,topics,G7,r4b_3,0.1217,0.1101,0.1347
shrinking,topics,G7,r4b_5,0.4023,0.3830,0.4225
shrinking,topics,G7,r4b_10,0.7920,0.7727,0.8111
shrinking,topics,G7,r4b_20,0.9699,0.9580,0.9824
shrinking,topics,G7,r4b_50,0.9972,0.9882,1.0000
shrinking,topics,G8,r1_rms_5,1.0037,0.9675,1.0401
shrinking,topics,G8,r1_mean_5,-0.0258,-0.0927,0.0450
shrinking,topics,G8,r1_rms_10,0.9957,0.9598,1.0297
shrinking,topics,G8,r1_mean_10,-0.0370,-0.1039,0.0272
shrinking,topics,G8,r1_rms_20,0.9745,0.9428,1.0085
shrinking,topics,G8,r1_mean_20,-0.0410,-0.1055,0.0213
shrinking,topics,G8,r1_rms_50,0.8956,0.8685,0.9242
shrinking,topics,G8,r1_mean_50,-0.0551,-0.1109,-0.0004
shrinking,topics,G8,r1_rms_100,0.7931,0.7680,0.8190
shrinking,topics,G8,r1_mean_100,-0.0743,-0.1229,-0.0255
shrinking,topics,G8,r1_rms_200,0.6787,0.6594,0.6992
shrinking,topics,G8,r1_mean_200,-0.0829,-0.1206,-0.0438
shrinking,topics,G8,r2_brier,0.1779,0.1745,0.1813
shrinking,topics,G8,r2_bias,0.0142,0.0082,0.0203
shrinking,topics,G8,r3_inside,0.3668,0.3586,0.3759
shrinking,topics,G8,r3_below_0.5,0.0660,0.0585,0.0736
shrinking,topics,G8,r3_above_0.95,0.0570,0.0502,0.0643
shrinking,topics,G8,r4_false,0.6006,0.5811,0.6211
shrinking,topics,G8,r4_false_0.70,0.4848,0.4623,0.5071
shrinking,topics,G8,r4_declared,6.8960,6.6590,7.1310
shrinking,topics,G8,r5_late_answers,10.3790,10.0526,10.7124
shrinking,topics,G8,r5_never,0.3688,0.3452,0.3931
shrinking,topics,G8,r6_lag,-0.0992,-0.1365,-0.0622
shrinking,topics,G8,r7_longest_wrong,1.8020,1.7450,1.8570
shrinking,topics,G8,r7_hard_first,0.1414,0.1302,0.1533
shrinking,topics,G8,r4b_chance_below_0.5,0.1732,0.1557,0.1904
shrinking,topics,G8,r4b_chance_0.5_to_0.6,0.1589,0.1515,0.1665
shrinking,topics,G8,r4b_chance_0.6_to_0.7,0.2058,0.1983,0.2135
shrinking,topics,G8,r4b_chance_0.7_to_0.8,0.2316,0.2221,0.2403
shrinking,topics,G8,r4b_chance_0.8_up,0.2306,0.2145,0.2468
shrinking,topics,G8,r2_ece,0.0164,0.0106,0.0224
shrinking,topics,G8,r4b_3,0.0605,0.0533,0.0684
shrinking,topics,G8,r4b_5,0.2677,0.2512,0.2843
shrinking,topics,G8,r4b_10,0.6208,0.5982,0.6440
shrinking,topics,G8,r4b_20,0.9163,0.8970,0.9340
shrinking,topics,G8,r4b_50,0.9882,0.9733,1.0000
constant,topics,G0,r1_rms_5,1.0198,0.9845,1.0563
constant,topics,G0,r1_mean_5,-0.0343,-0.1005,0.0327
constant,topics,G0,r1_rms_10,1.0152,0.9821,1.0509
constant,topics,G0,r1_mean_10,-0.0411,-0.1084,0.0240
constant,topics,G0,r1_rms_20,0.9890,0.9578,1.0215
constant,topics,G0,r1_mean_20,-0.0412,-0.1016,0.0216
constant,topics,G0,r1_rms_50,0.9039,0.8754,0.9314
constant,topics,G0,r1_mean_50,-0.0475,-0.1021,0.0069
constant,topics,G0,r1_rms_100,0.7975,0.7752,0.8191
constant,topics,G0,r1_mean_100,-0.0577,-0.1016,-0.0141
constant,topics,G0,r1_rms_200,0.6699,0.6530,0.6866
constant,topics,G0,r1_mean_200,-0.0559,-0.0871,-0.0237
constant,topics,G0,r2_brier,0.1787,0.1755,0.1819
constant,topics,G0,r2_bias,0.0114,0.0058,0.0172
constant,topics,G0,r3_inside,0.3623,0.3546,0.3701
constant,topics,G0,r3_below_0.5,0.0692,0.0622,0.0770
constant,topics,G0,r3_above_0.95,0.0516,0.0458,0.0576
constant,topics,G0,r4_false,0.6165,0.5982,0.6356
constant,topics,G0,r4_false_0.70,0.5063,0.4858,0.5261
constant,topics,G0,r4_declared,9.1470,8.9000,9.3980
constant,topics,G0,r5_late_answers,9.3216,9.0514,9.5849
constant,topics,G0,r5_never,0.2590,0.2369,0.2810
constant,topics,G0,r6_lag,-0.1078,-0.1406,-0.0742
constant,topics,G0,r7_longest_wrong,1.8080,1.7490,1.8700
constant,topics,G0,r7_hard_first,0.1390,0.1279,0.1508
constant,topics,G0,r4b_chance_below_0.5,0.1827,0.1645,0.2009
constant,topics,G0,r4b_chance_0.5_to_0.6,0.1512,0.1444,0.1586
constant,topics,G0,r4b_chance_0.6_to_0.7,0.2013,0.1940,0.2085
constant,topics,G0,r4b_chance_0.7_to_0.8,0.2190,0.2106,0.2282
constant,topics,G0,r4b_chance_0.8_up,0.2458,0.2295,0.2618
constant,topics,G0,r2_ece,0.0151,0.0094,0.0207
constant,topics,G0,r4b_3,0.1026,0.0912,0.1147
constant,topics,G0,r4b_5,0.3802,0.3592,0.4004
constant,topics,G0,r4b_10,0.7416,0.7214,0.7622
constant,topics,G0,r4b_20,0.9616,0.9478,0.9742
constant,topics,G0,r4b_50,0.9953,0.9897,0.9990
constant,topics,G1,r1_rms_5,1.1039,1.0609,1.1494
constant,topics,G1,r1_mean_5,-0.0548,-0.1338,0.0213
constant,topics,G1,r1_rms_10,1.0977,1.0566,1.1396
constant,topics,G1,r1_mean_10,-0.0647,-0.1417,0.0081
constant,topics,G1,r1_rms_20,1.0656,1.0235,1.1101
constant,topics,G1,r1_mean_20,-0.0712,-0.1421,0.0052
constant,topics,G1,r1_rms_50,0.9676,0.9315,1.0024
constant,topics,G1,r1_mean_50,-0.0918,-0.1556,-0.0310
constant,topics,G1,r1_rms_100,0.8425,0.8138,0.8705
constant,topics,G1,r1_mean_100,-0.1017,-0.1516,-0.0514
constant,topics,G1,r1_rms_200,0.7102,0.6901,0.7300
constant,topics,G1,r1_mean_200,-0.0598,-0.0956,-0.0229
constant,topics,G1,r2_brier,0.1837,0.1798,0.1878
constant,topics,G1,r2_bias,0.0033,-0.0028,0.0096
constant,topics,G1,r3_inside,0.2921,0.2816,0.3028
constant,topics,G1,r3_below_0.5,0.1386,0.1253,0.1523
constant,topics,G1,r3_above_0.95,0.0842,0.0748,0.0943
constant,topics,G1,r4_false,0.5581,0.5347,0.5826
constant,topics,G1,r4_false_0.70,0.5111,0.4874,0.5340
constant,topics,G1,r4_declared,10.0870,9.8550,10.3290
constant,topics,G1,r5_late_answers,8.9100,8.6468,9.1988
constant,topics,G1,r5_never,0.2164,0.1970,0.2362
constant,topics,G1,r6_lag,-0.2156,-0.2513,-0.1782
constant,topics,G1,r7_longest_wrong,2.0360,1.9530,2.1190
constant,topics,G1,r7_hard_first,0.2299,0.2126,0.2480
constant,topics,G1,r4b_chance_below_0.5,0.3659,0.3445,0.3871
constant,topics,G1,r4b_chance_0.5_to_0.6,0.1914,0.1837,0.1985
constant,topics,G1,r4b_chance_0.6_to_0.7,0.1577,0.1513,0.1646
constant,topics,G1,r4b_chance_0.7_to_0.8,0.1321,0.1234,0.1414
constant,topics,G1,r4b_chance_0.8_up,0.1529,0.1368,0.1711
constant,topics,G1,r2_ece,0.0130,0.0096,0.0195
constant,topics,G1,r4b_3,0.0757,0.0659,0.0865
constant,topics,G1,r4b_5,0.3043,0.2862,0.3227
constant,topics,G1,r4b_10,0.6335,0.6120,0.6543
constant,topics,G1,r4b_20,0.8725,0.8578,0.8869
constant,topics,G1,r4b_50,0.9807,0.9745,0.9867
constant,topics,G2,r1_rms_5,0.9612,0.9278,0.9963
constant,topics,G2,r1_mean_5,-0.1063,-0.1747,-0.0433
constant,topics,G2,r1_rms_10,0.9663,0.9337,0.9988
constant,topics,G2,r1_mean_10,-0.1729,-0.2322,-0.1123
constant,topics,G2,r1_rms_20,0.9661,0.9335,1.0014
constant,topics,G2,r1_mean_20,-0.2768,-0.3334,-0.2201
constant,topics,G2,r1_rms_50,1.0039,0.9710,1.0377
constant,topics,G2,r1_mean_50,-0.5722,-0.6254,-0.5181
constant,topics,G2,r1_rms_100,1.1823,1.1475,1.2175
constant,topics,G2,r1_mean_100,-0.9751,-1.0194,-0.9301
constant,topics,G2,r1_rms_200,1.6740,1.6397,1.7102
constant,topics,G2,r1_mean_200,-1.5844,-1.6193,-1.5470
constant,topics,G2,r2_brier,0.1261,0.1237,0.1285
constant,topics,G2,r2_bias,-0.0805,-0.0847,-0.0760
constant,topics,G2,r3_inside,0.2251,0.2176,0.2324
constant,topics,G2,r3_below_0.5,0.0231,0.0200,0.0266
constant,topics,G2,r3_above_0.95,0.2336,0.2209,0.2471
constant,topics,G2,r4_false,0.3483,0.3318,0.3649
constant,topics,G2,r4_false_0.70,0.2395,0.2248,0.2535
constant,topics,G2,r4_declared,12.5420,12.3130,12.7700
constant,topics,G2,r5_late_answers,7.2505,7.1015,7.4057
constant,topics,G2,r5_never,0.1351,0.1223,0.1479
constant,topics,G2,r6_lag,-1.2747,-1.3125,-1.2380
constant,topics,G2,r7_longest_wrong,1.7680,1.7110,1.8250
constant,topics,G2,r7_hard_first,0.1237,0.1138,0.1351
constant,topics,G2,r4b_chance_below_0.5,0.1149,0.1007,0.1296
constant,topics,G2,r4b_chance_0.5_to_0.6,0.1001,0.0934,0.1069
constant,topics,G2,r4b_chance_0.6_to_0.7,0.1537,0.1463,0.1612
constant,topics,G2,r4b_chance_0.7_to_0.8,0.2274,0.2193,0.2355
constant,topics,G2,r4b_chance_0.8_up,0.4038,0.3834,0.4246
constant,topics,G2,r2_ece,0.0805,0.0763,0.0846
constant,topics,G2,r4b_3,0.1213,0.1054,0.1377
constant,topics,G2,r4b_5,0.5120,0.4880,0.5369
constant,topics,G2,r4b_10,0.9166,0.8994,0.9339
constant,topics,G2,r4b_20,0.9950,0.9892,1.0000
constant,topics,G2,r4b_50,1.0000,1.0000,1.0000
constant,topics,G3,r1_rms_5,1.0052,0.9708,1.0404
constant,topics,G3,r1_mean_5,0.0400,-0.0282,0.1037
constant,topics,G3,r1_rms_10,0.9943,0.9626,1.0265
constant,topics,G3,r1_mean_10,0.0209,-0.0434,0.0862
constant,topics,G3,r1_rms_20,0.9711,0.9402,1.0020
constant,topics,G3,r1_mean_20,0.0196,-0.0416,0.0791
constant,topics,G3,r1_rms_50,0.8922,0.8649,0.9216
constant,topics,G3,r1_mean_50,-0.0117,-0.0676,0.0415
constant,topics,G3,r1_rms_100,0.9597,0.9289,0.9890
constant,topics,G3,r1_mean_100,-0.4788,-0.5328,-0.4223
constant,topics,G3,r1_rms_200,0.9444,0.9200,0.9702
constant,topics,G3,r1_mean_200,-0.7180,-0.7530,-0.6864
constant,topics,G3,r2_brier,0.1564,0.1535,0.1593
constant,topics,G3,r2_bias,-0.0273,-0.0327,-0.0219
constant,topics,G3,r3_inside,0.3048,0.2979,0.3119
constant,topics,G3,r3_below_0.5,0.0507,0.0452,0.0564
constant,topics,G3,r3_above_0.95,0.1155,0.1062,0.1249
constant,topics,G3,r4_false,0.4903,0.4719,0.5090
constant,topics,G3,r4_false_0.70,0.3709,0.3542,0.3875
constant,topics,G3,r4_declared,10.8290,10.5800,11.0690
constant,topics,G3,r5_late_answers,7.9380,7.7419,8.1290
constant,topics,G3,r5_never,0.1893,0.1700,0.2096
constant,topics,G3,r6_lag,-0.7208,-0.7553,-0.6856
constant,topics,G3,r6_jump_answers,71.0980,68.3390,74.1200
constant,topics,G3,r6_jump_unsettled,0.6440,0.6120,0.6740
constant,topics,G3,r7_longest_wrong,1.8110,1.7500,1.8740
constant,topics,G3,r7_hard_first,0.1488,0.1375,0.1610
constant,topics,G3,r4b_chance_below_0.5,0.1743,0.1582,0.1904
constant,topics,G3,r4b_chance_0.5_to_0.6,0.1382,0.1311,0.1450
constant,topics,G3,r4b_chance_0.6_to_0.7,0.1821,0.1751,0.1890
constant,topics,G3,r4b_chance_0.7_to_0.8,0.2239,0.2160,0.2320
constant,topics,G3,r4b_chance_0.8_up,0.2815,0.2651,0.2973
constant,topics,G3,r2_ece,0.0273,0.0219,0.0326
constant,topics,G3,r4b_3,0.0929,0.0820,0.1051
constant,topics,G3,r4b_5,0.4044,0.3841,0.4265
constant,topics,G3,r4b_10,0.8195,0.8009,0.8375
constant,topics,G3,r4b_20,0.9800,0.9694,0.9894
constant,topics,G3,r4b_50,1.0000,0.9991,1.0000
constant,topics,G4,r1_rms_5,1.0187,0.9844,1.0563
constant,topics,G4,r1_mean_5,-0.2314,-0.2967,-0.1684
constant,topics,G4,r1_rms_10,1.0174,0.9834,1.0545
constant,topics,G4,r1_mean_10,-0.2468,-0.3088,-0.1823
constant,topics,G4,r1_rms_20,0.9969,0.9636,1.0311
constant,topics,G4,r1_mean_20,-0.2578,-0.3187,-0.1952
constant,topics,G4,r1_rms_50,0.9232,0.8940,0.9530
constant,topics,G4,r1_mean_50,-0.2906,-0.3464,-0.2358
constant,topics,G4,r1_rms_100,0.8388,0.8146,0.8647
constant,topics,G4,r1_mean_100,-0.3378,-0.3803,-0.2950
constant,topics,G4,r1_rms_200,0.7537,0.7357,0.7720
constant,topics,G4,r1_mean_200,-0.3751,-0.4063,-0.3433
constant,topics,G4,r2_brier,0.1887,0.1855,0.1920
constant,topics,G4,r2_bias,0.0291,0.0235,0.0349
constant,topics,G4,r3_inside,0.3422,0.3355,0.3484
constant,topics,G4,r3_below_0.5,0.0939,0.0857,0.1017
constant,topics,G4,r3_above_0.95,0.0531,0.0475,0.0590
constant,topics,G4,r4_false,0.5640,0.5447,0.5841
constant,topics,G4,r4_false_0.70,0.4439,0.4238,0.4654
constant,topics,G4,r4_declared,8.6260,8.3770,8.8770
constant,topics,G4,r5_late_answers,10.0723,9.7957,10.3654
constant,topics,G4,r5_never,0.3008,0.2772,0.3243
constant,topics,G4,r6_lag,-0.4298,-0.4639,-0.3947
constant,topics,G4,r7_longest_wrong,1.9210,1.8610,1.9780
constant,topics,G4,r7_hard_first,0.1907,0.1780,0.2037
constant,topics,G4,r4b_chance_below_0.5,0.2363,0.2182,0.2543
constant,topics,G4,r4b_chance_0.5_to_0.6,0.1599,0.1540,0.1661
constant,topics,G4,r4b_chance_0.6_to_0.7,0.1896,0.1836,0.1961
constant,topics,G4,r4b_chance_0.7_to_0.8,0.1957,0.1885,0.2028
constant,topics,G4,r4b_chance_0.8_up,0.2185,0.2053,0.2321
constant,topics,G4,r2_ece,0.0324,0.0270,0.0379
constant,topics,G4,r4b_3,0.0714,0.0630,0.0805
constant,topics,G4,r4b_5,0.3318,0.3140,0.3498
constant,topics,G4,r4b_10,0.7161,0.6946,0.7375
constant,topics,G4,r4b_20,0.9441,0.9301,0.9584
constant,topics,G4,r4b_50,0.9979,0.9935,1.0000
constant,topics,G5,r1_rms_5,0.9406,0.8985,0.9852
constant,topics,G5,r1_mean_5,0.0549,-0.0142,0.1247
constant,topics,G5,r1_rms_10,0.9487,0.9064,0.9894
constant,topics,G5,r1_mean_10,0.0479,-0.0195,0.1220
constant,topics,G5,r1_rms_20,1.0498,1.0130,1.0849
constant,topics,G5,r1_mean_20,0.0832,0.0152,0.1454
constant,topics,G5,r1_rms_50,0.9923,0.9595,1.0237
constant,topics,G5,r1_mean_50,0.0871,0.0277,0.1490
constant,topics,G5,r1_rms_100,0.8680,0.8430,0.8944
constant,topics,G5,r1_mean_100,0.0486,-0.0024,0.0975
constant,topics,G5,r1_rms_200,0.7272,0.7081,0.7468
constant,topics,G5,r1_mean_200,0.0335,-0.0005,0.0690
constant,topics,G5,r2_brier,0.1882,0.1846,0.1920
constant,topics,G5,r2_bias,0.0264,0.0202,0.0327
constant,topics,G5,r3_inside,0.3477,0.3394,0.3557
constant,topics,G5,r3_below_0.5,0.0980,0.0888,0.1075
constant,topics,G5,r3_above_0.95,0.0523,0.0461,0.0590
constant,topics,G5,r4_false,0.6205,0.6001,0.6399
constant,topics,G5,r4_false_0.70,0.5046,0.4838,0.5258
constant,topics,G5,r4_declared,9.0010,8.7380,9.2570
constant,topics,G5,r5_late_answers,9.7436,9.4322,10.0660
constant,topics,G5,r5_never,0.2608,0.2383,0.2842
constant,topics,G5,r6_lag,-0.0462,-0.0842,-0.0094
constant,topics,G5,r7_longest_wrong,1.9870,1.9220,2.0550
constant,topics,G5,r7_hard_first,0.1505,0.1373,0.1633
constant,topics,G5,r4b_chance_below_0.5,0.2483,0.2269,0.2681
constant,topics,G5,r4b_chance_0.5_to_0.6,0.1584,0.1518,0.1654
constant,topics,G5,r4b_chance_0.6_to_0.7,0.1934,0.1858,0.2007
constant,topics,G5,r4b_chance_0.7_to_0.8,0.1994,0.1903,0.2085
constant,topics,G5,r4b_chance_0.8_up,0.2005,0.1870,0.2158
constant,topics,G5,r2_ece,0.0311,0.0246,0.0374
constant,topics,G5,r4b_3,0.0868,0.0770,0.0976
constant,topics,G5,r4b_5,0.3350,0.3167,0.3530
constant,topics,G5,r4b_10,0.7188,0.6974,0.7390
constant,topics,G5,r4b_20,0.9500,0.9360,0.9629
constant,topics,G5,r4b_50,0.9975,0.9936,1.0000
constant,topics,G6,r1_rms_5,1.0532,1.0113,1.0952
constant,topics,G6,r1_mean_5,-0.0431,-0.1175,0.0330
constant,topics,G6,r1_rms_10,1.0499,1.0102,1.0905
constant,topics,G6,r1_mean_10,-0.0564,-0.1270,0.0180
constant,topics,G6,r1_rms_20,1.0304,0.9909,1.0696
constant,topics,G6,r1_mean_20,-0.0572,-0.1255,0.0128
constant,topics,G6,r1_rms_50,0.9655,0.9278,1.0022
constant,topics,G6,r1_mean_50,-0.0690,-0.1308,-0.0059
constant,topics,G6,r1_rms_100,0.8902,0.8575,0.9241
constant,topics,G6,r1_mean_100,-0.0917,-0.1467,-0.0349
constant,topics,G6,r1_rms_200,0.8357,0.8097,0.8649
constant,topics,G6,r1_mean_200,-0.1163,-0.1658,-0.0672
constant,topics,G6,r2_brier,0.1844,0.1812,0.1876
constant,topics,G6,r2_bias,0.0191,0.0134,0.0247
constant,topics,G6,r3_inside,0.3698,0.3557,0.3843
constant,topics,G6,r3_below_0.5,0.0810,0.0735,0.0890
constant,topics,G6,r3_above_0.95,0.1120,0.1020,0.1219
constant,topics,G6,r4_false,0.6529,0.6326,0.6734
constant,topics,G6,r4_false_0.70,0.5365,0.5149,0.5571
constant,topics,G6,r4_declared,8.9140,8.6620,9.1530
constant,topics,G6,r5_late_answers,9.6909,9.3869,10.0171
constant,topics,G6,r5_never,0.2596,0.2351,0.2846
constant,topics,G6,r6_lag,-0.1654,-0.2154,-0.1169
constant,topics,G6,r7_longest_wrong,1.8850,1.8190,1.9500
constant,topics,G6,r7_hard_first,0.1456,0.1332,0.1575
constant,topics,G6,r4b_chance_below_0.5,0.1697,0.1519,0.1886
constant,topics,G6,r4b_chance_0.5_to_0.6,0.1581,0.1468,0.1694
constant,topics,G6,r4b_chance_0.6_to_0.7,0.2426,0.2305,0.2557
constant,topics,G6,r4b_chance_0.7_to_0.8,0.2377,0.2239,0.2514
constant,topics,G6,r4b_chance_0.8_up,0.1919,0.1771,0.2074
constant,topics,G6,r2_ece,0.0260,0.0207,0.0317
constant,topics,G6,r4b_3,0.0875,0.0789,0.0968
constant,topics,G6,r4b_5,0.3532,0.3364,0.3704
constant,topics,G6,r4b_10,0.7217,0.7022,0.7411
constant,topics,G6,r4b_20,0.9548,0.9412,0.9674
constant,topics,G6,r4b_50,0.9955,0.9846,1.0000
constant,topics,G7,r1_rms_5,1.0109,0.9742,1.0494
constant,topics,G7,r1_mean_5,-0.0813,-0.1485,-0.0153
constant,topics,G7,r1_rms_10,1.0124,0.9760,1.0500
constant,topics,G7,r1_mean_10,-0.0996,-0.1644,-0.0330
constant,topics,G7,r1_rms_20,0.9893,0.9550,1.0263
constant,topics,G7,r1_mean_20,-0.0982,-0.1593,-0.0327
constant,topics,G7,r1_rms_50,0.9171,0.8855,0.9491
constant,topics,G7,r1_mean_50,-0.1053,-0.1597,-0.0505
constant,topics,G7,r1_rms_100,0.8199,0.7941,0.8478
constant,topics,G7,r1_mean_100,-0.1122,-0.1605,-0.0625
constant,topics,G7,r1_rms_200,0.7150,0.6956,0.7343
constant,topics,G7,r1_mean_200,-0.1092,-0.1455,-0.0716
constant,topics,G7,r2_brier,0.1785,0.1753,0.1817
constant,topics,G7,r2_bias,0.0120,0.0064,0.0178
constant,topics,G7,r3_inside,0.3705,0.3631,0.3782
constant,topics,G7,r3_below_0.5,0.0665,0.0596,0.0744
constant,topics,G7,r3_above_0.95,0.0511,0.0449,0.0573
constant,topics,G7,r4_false,0.6242,0.6062,0.6441
constant,topics,G7,r4_false_0.70,0.5159,0.4962,0.5361
constant,topics,G7,r4_declared,9.2410,8.9910,9.4780
constant,topics,G7,r5_late_answers,9.6742,9.4030,9.9585
constant,topics,G7,r5_never,0.2261,0.2042,0.2476
constant,topics,G7,r6_lag,-0.1708,-0.2096,-0.1304
constant,topics,G7,r7_longest_wrong,1.8410,1.7830,1.9010
constant,topics,G7,r7_hard_first,0.1416,0.1307,0.1531
constant,topics,G7,r4b_chance_below_0.5,0.1851,0.1668,0.2056
constant,topics,G7,r4b_chance_0.5_to_0.6,0.1486,0.1412,0.1555
constant,topics,G7,r4b_chance_0.6_to_0.7,0.1952,0.1882,0.2021
constant,topics,G7,r4b_chance_0.7_to_0.8,0.2226,0.2134,0.2318
constant,topics,G7,r4b_chance_0.8_up,0.2485,0.2339,0.2646
constant,topics,G7,r2_ece,0.0154,0.0100,0.0208
constant,topics,G7,r4b_3,0.1031,0.0919,0.1151
constant,topics,G7,r4b_5,0.3814,0.3622,0.4010
constant,topics,G7,r4b_10,0.7563,0.7359,0.7772
constant,topics,G7,r4b_20,0.9597,0.9453,0.9729
constant,topics,G7,r4b_50,0.9976,0.9898,1.0000
constant,topics,G8,r1_rms_5,1.0037,0.9679,1.0402
constant,topics,G8,r1_mean_5,-0.0258,-0.0918,0.0380
constant,topics,G8,r1_rms_10,0.9955,0.9609,1.0303
constant,topics,G8,r1_mean_10,-0.0373,-0.1026,0.0264
constant,topics,G8,r1_rms_20,0.9736,0.9419,1.0082
constant,topics,G8,r1_mean_20,-0.0411,-0.1028,0.0229
constant,topics,G8,r1_rms_50,0.8913,0.8609,0.9207
constant,topics,G8,r1_mean_50,-0.0551,-0.1099,-0.0025
constant,topics,G8,r1_rms_100,0.7795,0.7567,0.8027
constant,topics,G8,r1_mean_100,-0.0724,-0.1171,-0.0300
constant,topics,G8,r1_rms_200,0.6641,0.6472,0.6810
constant,topics,G8,r1_mean_200,-0.0651,-0.0966,-0.0330
constant,topics,G8,r2_brier,0.1779,0.1750,0.1811
constant,topics,G8,r2_bias,0.0117,0.0059,0.0172
constant,topics,G8,r3_inside,0.3699,0.3622,0.3772
constant,topics,G8,r3_below_0.5,0.0643,0.0572,0.0716
constant,topics,G8,r3_above_0.95,0.0538,0.0474,0.0609
constant,topics,G8,r4_false,0.6091,0.5877,0.6317
constant,topics,G8,r4_false_0.70,0.4939,0.4725,0.5150
constant,topics,G8,r4_declared,6.9200,6.6900,7.1460
constant,topics,G8,r5_late_answers,10.8319,10.4789,11.1916
constant,topics,G8,r5_never,0.4015,0.3770,0.4272
constant,topics,G8,r6_lag,-0.1130,-0.1465,-0.0803
constant,topics,G8,r7_longest_wrong,1.8000,1.7480,1.8520
constant,topics,G8,r7_hard_first,0.1413,0.1294,0.1533
constant,topics,G8,r4b_chance_below_0.5,0.1624,0.1470,0.1789
constant,topics,G8,r4b_chance_0.5_to_0.6,0.1530,0.1464,0.1596
constant,topics,G8,r4b_chance_0.6_to_0.7,0.2053,0.1989,0.2124
constant,topics,G8,r4b_chance_0.7_to_0.8,0.2356,0.2272,0.2440
constant,topics,G8,r4b_chance_0.8_up,0.2437,0.2288,0.2585
constant,topics,G8,r2_ece,0.0146,0.0094,0.0204
constant,topics,G8,r4b_3,0.0559,0.0487,0.0635
constant,topics,G8,r4b_5,0.2441,0.2283,0.2605
constant,topics,G8,r4b_10,0.5782,0.5564,0.5995
constant,topics,G8,r4b_20,0.8742,0.8559,0.8926
constant,topics,G8,r4b_50,0.9865,0.9700,1.0000
gradient,topics,G0,r1_rms_5,1.0198,0.9853,1.0566
gradient,topics,G0,r1_mean_5,-0.0343,-0.1025,0.0310
gradient,topics,G0,r1_rms_10,1.0168,0.9842,1.0515
gradient,topics,G0,r1_mean_10,-0.0405,-0.1035,0.0262
gradient,topics,G0,r1_rms_20,0.9932,0.9601,1.0263
gradient,topics,G0,r1_mean_20,-0.0415,-0.1029,0.0202
gradient,topics,G0,r1_rms_50,0.9173,0.8888,0.9474
gradient,topics,G0,r1_mean_50,-0.0486,-0.1045,0.0079
gradient,topics,G0,r1_rms_100,0.8215,0.7973,0.8470
gradient,topics,G0,r1_mean_100,-0.0645,-0.1137,-0.0154
gradient,topics,G0,r1_rms_200,0.7078,0.6876,0.7286
gradient,topics,G0,r1_mean_200,-0.0779,-0.1167,-0.0398
gradient,topics,G0,r2_brier,0.1794,0.1757,0.1831
gradient,topics,G0,r2_bias,0.0151,0.0087,0.0215
gradient,topics,G0,r3_inside,0.3568,0.3477,0.3659
gradient,topics,G0,r3_below_0.5,0.0726,0.0644,0.0810
gradient,topics,G0,r3_above_0.95,0.0562,0.0495,0.0631
gradient,topics,G0,r4_false,0.5946,0.5753,0.6137
gradient,topics,G0,r4_false_0.70,0.4906,0.4697,0.5122
gradient,topics,G0,r4_declared,8.7560,8.5100,9.0080
gradient,topics,G0,r5_late_answers,8.8269,8.5639,9.1180
gradient,topics,G0,r5_never,0.2418,0.2219,0.2625
gradient,topics,G0,r6_lag,-0.0830,-0.1242,-0.0406
gradient,topics,G0,r7_longest_wrong,1.8180,1.7600,1.8830
gradient,topics,G0,r7_hard_first,0.1392,0.1278,0.1513
gradient,topics,G0,r4b_chance_below_0.5,0.1965,0.1769,0.2167
gradient,topics,G0,r4b_chance_0.5_to_0.6,0.1589,0.1511,0.1669
gradient,topics,G0,r4b_chance_0.6_to_0.7,0.2032,0.1954,0.2109
gradient,topics,G0,r4b_chance_0.7_to_0.8,0.2127,0.2031,0.2220
gradient,topics,G0,r4b_chance_0.8_up,0.2287,0.2118,0.2462
gradient,topics,G0,r2_ece,0.0191,0.0127,0.0256
gradient,topics,G0,r4b_3,0.1248,0.1125,0.1374
gradient,topics,G0,r4b_5,0.4053,0.3863,0.4266
gradient,topics,G0,r4b_10,0.7697,0.7468,0.7901
gradient,topics,G0,r4b_20,0.9520,0.9357,0.9660
gradient,topics,G0,r4b_50,0.9936,0.9857,0.9987
gradient,topics,G1,r1_rms_5,1.1039,1.0597,1.1517
gradient,topics,G1,r1_mean_5,-0.0548,-0.1350,0.0194
gradient,topics,G1,r1_rms_10,1.0990,1.0566,1.1439
gradient,topics,G1,r1_mean_10,-0.0636,-0.1350,0.0097
gradient,topics,G1,r1_rms_20,1.0705,1.0290,1.1142
gradient,topics,G1,r1_mean_20,-0.0710,-0.1412,0.0017
gradient,topics,G1,r1_rms_50,0.9855,0.9491,1.0218
gradient,topics,G1,r1_mean_50,-0.0906,-0.1588,-0.0239
gradient,topics,G1,r1_rms_100,0.8766,0.8419,0.9091
gradient,topics,G1,r1_mean_100,-0.1085,-0.1630,-0.0496
gradient,topics,G1,r1_rms_200,0.7517,0.7252,0.7787
gradient,topics,G1,r1_mean_200,-0.1101,-0.1557,-0.0658
gradient,topics,G1,r2_brier,0.1847,0.1805,0.1889
gradient,topics,G1,r2_bias,0.0101,0.0031,0.0173
gradient,topics,G1,r3_inside,0.2858,0.2738,0.2971
gradient,topics,G1,r3_below_0.5,0.1411,0.1269,0.1547
gradient,topics,G1,r3_above_0.95,0.0918,0.0809,0.1039
gradient,topics,G1,r4_false,0.5645,0.5396,0.5915
gradient,topics,G1,r4_false_0.70,0.5196,0.4967,0.5443
gradient,topics,G1,r4_declared,9.3960,9.1720,9.6280
gradient,topics,G1,r5_late_answers,8.2071,7.9370,8.4769
gradient,topics,G1,r5_never,0.2336,0.2121,0.2540
gradient,topics,G1,r6_lag,-0.1727,-0.2206,-0.1253
gradient,topics,G1,r7_longest_wrong,2.0480,1.9680,2.1350
gradient,topics,G1,r7_hard_first,0.2307,0.2128,0.2487
gradient,topics,G1,r4b_chance_below_0.5,0.3788,0.3559,0.3996
gradient,topics,G1,r4b_chance_0.5_to_0.6,0.1969,0.1887,0.2047
gradient,topics,G1,r4b_chance_0.6_to_0.7,0.1566,0.1497,0.1638
gradient,topics,G1,r4b_chance_0.7_to_0.8,0.1239,0.1157,0.1324
gradient,topics,G1,r4b_chance_0.8_up,0.1438,0.1275,0.1621
gradient,topics,G1,r2_ece,0.0175,0.0109,0.0246
gradient,topics,G1,r4b_3,0.0998,0.0875,0.1129
gradient,topics,G1,r4b_5,0.3294,0.3089,0.3528
gradient,topics,G1,r4b_10,0.6607,0.6391,0.6834
gradient,topics,G1,r4b_20,0.8695,0.8542,0.8863
gradient,topics,G1,r4b_50,0.9813,0.9751,0.9876
gradient,topics,G2,r1_rms_5,0.9612,0.9273,0.9942
gradient,topics,G2,r1_mean_5,-0.1063,-0.1698,-0.0423
gradient,topics,G2,r1_rms_10,0.9671,0.9346,1.0009
gradient,topics,G2,r1_mean_10,-0.1726,-0.2325,-0.1141
gradient,topics,G2,r1_rms_20,0.9688,0.9334,1.0023
gradient,topics,G2,r1_mean_20,-0.2780,-0.3368,-0.2169
gradient,topics,G2,r1_rms_50,1.0156,0.9808,1.0499
gradient,topics,G2,r1_mean_50,-0.5846,-0.6367,-0.5283
gradient,topics,G2,r1_rms_100,1.2374,1.1985,1.2788
gradient,topics,G2,r1_mean_100,-1.0414,-1.0899,-0.9925
gradient,topics,G2,r1_rms_200,1.9179,1.8767,1.9589
gradient,topics,G2,r1_mean_200,-1.8527,-1.8968,-1.8097
gradient,topics,G2,r2_brier,0.1233,0.1206,0.1258
gradient,topics,G2,r2_bias,-0.0853,-0.0898,-0.0808
gradient,topics,G2,r3_inside,0.2036,0.1963,0.2109
gradient,topics,G2,r3_below_0.5,0.0236,0.0204,0.0272
gradient,topics,G2,r3_above_0.95,0.2813,0.2675,0.2958
gradient,topics,G2,r4_false,0.3204,0.3045,0.3380
gradient,topics,G2,r4_false_0.70,0.2140,0.1993,0.2291
gradient,topics,G2,r4_declared,11.4690,11.2250,11.7170
gradient,topics,G2,r5_late_answers,7.0995,6.9316,7.2765
gradient,topics,G2,r5_never,0.1450,0.1316,0.1593
gradient,topics,G2,r6_lag,-1.4752,-1.5184,-1.4299
gradient,topics,G2,r7_longest_wrong,1.7790,1.7170,1.8380
gradient,topics,G2,r7_hard_first,0.1242,0.1144,0.1347
gradient,topics,G2,r4b_chance_below_0.5,0.1176,0.1026,0.1334
gradient,topics,G2,r4b_chance_0.5_to_0.6,0.1023,0.0955,0.1093
gradient,topics,G2,r4b_chance_0.6_to_0.7,0.1541,0.1470,0.1617
gradient,topics,G2,r4b_chance_0.7_to_0.8,0.2248,0.2164,0.2327
gradient,topics,G2,r4b_chance_0.8_up,0.4012,0.3801,0.4222
gradient,topics,G2,r2_ece,0.0853,0.0806,0.0898
gradient,topics,G2,r4b_3,0.1674,0.1498,0.1847
gradient,topics,G2,r4b_5,0.5521,0.5272,0.5773
gradient,topics,G2,r4b_10,0.9369,0.9232,0.9501
gradient,topics,G2,r4b_20,0.9981,0.9948,1.0000
gradient,topics,G2,r4b_50,1.0000,0.9974,1.0000
gradient,topics,G3,r1_rms_5,1.0052,0.9709,1.0409
gradient,topics,G3,r1_mean_5,0.0400,-0.0268,0.1051
gradient,topics,G3,r1_rms_10,0.9956,0.9638,1.0299
gradient,topics,G3,r1_mean_10,0.0214,-0.0416,0.0873
gradient,topics,G3,r1_rms_20,0.9750,0.9443,1.0057
gradient,topics,G3,r1_mean_20,0.0199,-0.0397,0.0856
gradient,topics,G3,r1_rms_50,0.9048,0.8756,0.9349
gradient,topics,G3,r1_mean_50,-0.0109,-0.0687,0.0455
gradient,topics,G3,r1_rms_100,0.9905,0.9590,1.0249
gradient,topics,G3,r1_mean_100,-0.4964,-0.5515,-0.4422
gradient,topics,G3,r1_rms_200,1.0461,1.0160,1.0763
gradient,topics,G3,r1_mean_200,-0.8546,-0.8967,-0.8164
gradient,topics,G3,r2_brier,0.1546,0.1515,0.1580
gradient,topics,G3,r2_bias,-0.0289,-0.0344,-0.0231
gradient,topics,G3,r3_inside,0.2886,0.2811,0.2959
gradient,topics,G3,r3_below_0.5,0.0534,0.0472,0.0597
gradient,topics,G3,r3_above_0.95,0.1315,0.1210,0.1429
gradient,topics,G3,r4_false,0.4751,0.4548,0.4944
gradient,topics,G3,r4_false_0.70,0.3634,0.3437,0.3816
gradient,topics,G3,r4_declared,10.0350,9.8000,10.2740
gradient,topics,G3,r5_late_answers,7.8967,7.6750,8.1249
gradient,topics,G3,r5_never,0.1960,0.1775,0.2136
gradient,topics,G3,r6_lag,-0.7832,-0.8250,-0.7396
gradient,topics,G3,r6_jump_answers,74.7630,71.7610,77.5880
gradient,topics,G3,r6_jump_unsettled,0.7130,0.6850,0.7410
gradient,topics,G3,r7_longest_wrong,1.8260,1.7650,1.8910
gradient,topics,G3,r7_hard_first,0.1494,0.1375,0.1616
gradient,topics,G3,r4b_chance_below_0.5,0.1832,0.1661,0.2008
gradient,topics,G3,r4b_chance_0.5_to_0.6,0.1417,0.1345,0.1488
gradient,topics,G3,r4b_chance_0.6_to_0.7,0.1846,0.1776,0.1912
gradient,topics,G3,r4b_chance_0.7_to_0.8,0.2192,0.2109,0.2283
gradient,topics,G3,r4b_chance_0.8_up,0.2714,0.2553,0.2892
gradient,topics,G3,r2_ece,0.0289,0.0235,0.0347
gradient,topics,G3,r4b_3,0.1225,0.1100,0.1363
gradient,topics,G3,r4b_5,0.4340,0.4130,0.4558
gradient,topics,G3,r4b_10,0.8415,0.8232,0.8587
gradient,topics,G3,r4b_20,0.9788,0.9692,0.9878
gradient,topics,G3,r4b_50,1.0000,0.9988,1.0000
gradient,topics,G4,r1_rms_5,1.0187,0.9823,1.0551
gradient,topics,G4,r1_mean_5,-0.2314,-0.2958,-0.1647
gradient,topics,G4,r1_rms_10,1.0187,0.9844,1.0524
gradient,topics,G4,r1_mean_10,-0.2455,-0.3117,-0.1811
gradient,topics,G4,r1_rms_20,0.9995,0.9661,1.0326
gradient,topics,G4,r1_mean_20,-0.2567,-0.3174,-0.1946
gradient,topics,G4,r1_rms_50,0.9324,0.9022,0.9645
gradient,topics,G4,r1_mean_50,-0.2855,-0.3415,-0.2293
gradient,topics,G4,r1_rms_100,0.8508,0.8230,0.8791
gradient,topics,G4,r1_mean_100,-0.3294,-0.3749,-0.2816
gradient,topics,G4,r1_rms_200,0.7657,0.7432,0.7905
gradient,topics,G4,r1_mean_200,-0.3658,-0.4019,-0.3261
gradient,topics,G4,r2_brier,0.1894,0.1858,0.1929
gradient,topics,G4,r2_bias,0.0339,0.0272,0.0400
gradient,topics,G4,r3_inside,0.3388,0.3318,0.3461
gradient,topics,G4,r3_below_0.5,0.0979,0.0893,0.1071
gradient,topics,G4,r3_above_0.95,0.0547,0.0482,0.0613
gradient,topics,G4,r4_false,0.5431,0.5224,0.5649
gradient,topics,G4,r4_false_0.70,0.4387,0.4169,0.4611
gradient,topics,G4,r4_declared,8.1600,7.9290,8.4120
gradient,topics,G4,r5_late_answers,9.5192,9.2453,9.8238
gradient,topics,G4,r5_never,0.2988,0.2767,0.3217
gradient,topics,G4,r6_lag,-0.3889,-0.4270,-0.3495
gradient,topics,G4,r7_longest_wrong,1.9480,1.8860,2.0080
gradient,topics,G4,r7_hard_first,0.1915,0.1786,0.2044
gradient,topics,G4,r4b_chance_below_0.5,0.2551,0.2354,0.2750
gradient,topics,G4,r4b_chance_0.5_to_0.6,0.1680,0.1617,0.1747
gradient,topics,G4,r4b_chance_0.6_to_0.7,0.1920,0.1857,0.1986
gradient,topics,G4,r4b_chance_0.7_to_0.8,0.1895,0.1817,0.1976
gradient,topics,G4,r4b_chance_0.8_up,0.1954,0.1815,0.2095
gradient,topics,G4,r2_ece,0.0369,0.0309,0.0432
gradient,topics,G4,r4b_3,0.0834,0.0740,0.0935
gradient,topics,G4,r4b_5,0.3494,0.3315,0.3683
gradient,topics,G4,r4b_10,0.7450,0.7240,0.7658
gradient,topics,G4,r4b_20,0.9507,0.9371,0.9645
gradient,topics,G4,r4b_50,0.9974,0.9919,1.0000
gradient,topics,G5,r1_rms_5,0.9406,0.8995,0.9825
gradient,topics,G5,r1_mean_5,0.0549,-0.0125,0.1266
gradient,topics,G5,r1_rms_10,0.9496,0.9089,0.9916
gradient,topics,G5,r1_mean_10,0.0487,-0.0206,0.1154
gradient,topics,G5,r1_rms_20,1.0539,1.0167,1.0901
gradient,topics,G5,r1_mean_20,0.0846,0.0199,0.1517
gradient,topics,G5,r1_rms_50,1.0051,0.9709,1.0390
gradient,topics,G5,r1_mean_50,0.0895,0.0255,0.1531
gradient,topics,G5,r1_rms_100,0.8953,0.8665,0.9245
gradient,topics,G5,r1_mean_100,0.0529,-0.0013,0.1061
gradient,topics,G5,r1_rms_200,0.7625,0.7397,0.7890
gradient,topics,G5,r1_mean_200,0.0219,-0.0210,0.0652
gradient,topics,G5,r2_brier,0.1900,0.1859,0.1943
gradient,topics,G5,r2_bias,0.0314,0.0241,0.0387
gradient,topics,G5,r3_inside,0.3425,0.3331,0.3518
gradient,topics,G5,r3_below_0.5,0.1058,0.0955,0.1166
gradient,topics,G5,r3_above_0.95,0.0549,0.0480,0.0623
gradient,topics,G5,r4_false,0.6075,0.5870,0.6281
gradient,topics,G5,r4_false_0.70,0.4956,0.4743,0.5181
gradient,topics,G5,r4_declared,8.5880,8.3420,8.8350
gradient,topics,G5,r5_late_answers,8.9804,8.6827,9.3018
gradient,topics,G5,r5_never,0.2486,0.2259,0.2714
gradient,topics,G5,r6_lag,-0.0068,-0.0511,0.0358
gradient,topics,G5,r7_longest_wrong,2.0010,1.9340,2.0730
gradient,topics,G5,r7_hard_first,0.1508,0.1376,0.1634
gradient,topics,G5,r4b_chance_below_0.5,0.2747,0.2520,0.2980
gradient,topics,G5,r4b_chance_0.5_to_0.6,0.1631,0.1564,0.1700
gradient,topics,G5,r4b_chance_0.6_to_0.7,0.1910,0.1832,0.1989
gradient,topics,G5,r4b_chance_0.7_to_0.8,0.1903,0.1813,0.1999
gradient,topics,G5,r4b_chance_0.8_up,0.1808,0.1666,0.1961
gradient,topics,G5,r2_ece,0.0367,0.0300,0.0438
gradient,topics,G5,r4b_3,0.1087,0.0976,0.1208
gradient,topics,G5,r4b_5,0.3508,0.3324,0.3694
gradient,topics,G5,r4b_10,0.7395,0.7199,0.7604
gradient,topics,G5,r4b_20,0.9614,0.9464,0.9754
gradient,topics,G5,r4b_50,0.9973,0.9933,1.0000
gradient,topics,G6,r1_rms_5,1.0532,1.0127,1.0963
gradient,topics,G6,r1_mean_5,-0.0431,-0.1187,0.0264
gradient,topics,G6,r1_rms_10,1.0513,1.0118,1.0928
gradient,topics,G6,r1_mean_10,-0.0557,-0.1244,0.0128
gradient,topics,G6,r1_rms_20,1.0338,0.9942,1.0734
gradient,topics,G6,r1_mean_20,-0.0579,-0.1279,0.0094
gradient,topics,G6,r1_rms_50,0.9735,0.9359,1.0115
gradient,topics,G6,r1_mean_50,-0.0699,-0.1338,0.0001
gradient,topics,G6,r1_rms_100,0.8982,0.8634,0.9329
gradient,topics,G6,r1_mean_100,-0.0926,-0.1501,-0.0317
gradient,topics,G6,r1_rms_200,0.8216,0.7892,0.8531
gradient,topics,G6,r1_mean_200,-0.1180,-0.1686,-0.0657
gradient,topics,G6,r2_brier,0.1850,0.1814,0.1886
gradient,topics,G6,r2_bias,0.0219,0.0154,0.0286
gradient,topics,G6,r3_inside,0.3666,0.3515,0.3821
gradient,topics,G6,r3_below_0.5,0.0850,0.0767,0.0938
gradient,topics,G6,r3_above_0.95,0.1115,0.1011,0.1219
gradient,topics,G6,r4_false,0.6476,0.6282,0.6692
gradient,topics,G6,r4_false_0.70,0.5353,0.5137,0.5577
gradient,topics,G6,r4_declared,8.6150,8.3630,8.8660
gradient,topics,G6,r5_late_answers,9.1485,8.8460,9.4536
gradient,topics,G6,r5_never,0.2431,0.2206,0.2665
gradient,topics,G6,r6_lag,-0.1293,-0.1814,-0.0740
gradient,topics,G6,r7_longest_wrong,1.9040,1.8350,1.9720
gradient,topics,G6,r7_hard_first,0.1462,0.1338,0.1584
gradient,topics,G6,r4b_chance_below_0.5,0.1870,0.1667,0.2063
gradient,topics,G6,r4b_chance_0.5_to_0.6,0.1691,0.1561,0.1819
gradient,topics,G6,r4b_chance_0.6_to_0.7,0.2424,0.2299,0.2557
gradient,topics,G6,r4b_chance_0.7_to_0.8,0.2247,0.2106,0.2390
gradient,topics,G6,r4b_chance_0.8_up,0.1768,0.1615,0.1928
gradient,topics,G6,r2_ece,0.0297,0.0238,0.0363
gradient,topics,G6,r4b_3,0.1132,0.1021,0.1246
gradient,topics,G6,r4b_5,0.3889,0.3695,0.4084
gradient,topics,G6,r4b_10,0.7626,0.7434,0.7820
gradient,topics,G6,r4b_20,0.9592,0.9455,0.9726
gradient,topics,G6,r4b_50,0.9951,0.9840,1.0000
gradient,topics,G7,r1_rms_5,1.0109,0.9721,1.0497
gradient,topics,G7,r1_mean_5,-0.0813,-0.1454,-0.0127
gradient,topics,G7,r1_rms_10,1.0137,0.9761,1.0495
gradient,topics,G7,r1_mean_10,-0.0991,-0.1610,-0.0294
gradient,topics,G7,r1_rms_20,0.9922,0.9567,1.0266
gradient,topics,G7,r1_mean_20,-0.0984,-0.1652,-0.0359
gradient,topics,G7,r1_rms_50,0.9257,0.8939,0.9588
gradient,topics,G7,r1_mean_50,-0.1067,-0.1624,-0.0464
gradient,topics,G7,r1_rms_100,0.8408,0.8131,0.8700
gradient,topics,G7,r1_mean_100,-0.1176,-0.1695,-0.0673
gradient,topics,G7,r1_rms_200,0.7435,0.7212,0.7675
gradient,topics,G7,r1_mean_200,-0.1288,-0.1715,-0.0865
gradient,topics,G7,r2_brier,0.1788,0.1752,0.1823
gradient,topics,G7,r2_bias,0.0148,0.0091,0.0210
gradient,topics,G7,r3_inside,0.3673,0.3583,0.3761
gradient,topics,G7,r3_below_0.5,0.0691,0.0610,0.0777
gradient,topics,G7,r3_above_0.95,0.0544,0.0475,0.0614
gradient,topics,G7,r4_false,0.6051,0.5862,0.6236
gradient,topics,G7,r4_false_0.70,0.5004,0.4806,0.5203
gradient,topics,G7,r4_declared,8.9320,8.6900,9.1780
gradient,topics,G7,r5_late_answers,9.0141,8.7534,9.2786
gradient,topics,G7,r5_never,0.2064,0.1875,0.2266
gradient,topics,G7,r6_lag,-0.1401,-0.1849,-0.0961
gradient,topics,G7,r7_longest_wrong,1.8580,1.7970,1.9190
gradient,topics,G7,r7_hard_first,0.1422,0.1310,0.1534
gradient,topics,G7,r4b_chance_below_0.5,0.1933,0.1735,0.2136
gradient,topics,G7,r4b_chance_0.5_to_0.6,0.1564,0.1488,0.1638
gradient,topics,G7,r4b_chance_0.6_to_0.7,0.1999,0.1922,0.2077
gradient,topics,G7,r4b_chance_0.7_to_0.8,0.2198,0.2103,0.2296
gradient,topics,G7,r4b_chance_0.8_up,0.2305,0.2147,0.2473
gradient,topics,G7,r2_ece,0.0186,0.0128,0.0245
gradient,topics,G7,r4b_3,0.1225,0.1105,0.1348
gradient,topics,G7,r4b_5,0.4090,0.3896,0.4293
gradient,topics,G7,r4b_10,0.7741,0.7550,0.7941
gradient,topics,G7,r4b_20,0.9632,0.9493,0.9764
gradient,topics,G7,r4b_50,0.9972,0.9880,1.0000
gradient,topics,G8,r1_rms_5,1.0037,0.9694,1.0413
gradient,topics,G8,r1_mean_5,-0.0258,-0.0950,0.0420
gradient,topics,G8,r1_rms_10,0.9967,0.9616,1.0316
gradient,topics,G8,r1_mean_10,-0.0366,-0.1019,0.0252
gradient,topics,G8,r1_rms_20,0.9771,0.9447,1.0093
gradient,topics,G8,r1_mean_20,-0.0407,-0.1008,0.0229
gradient,topics,G8,r1_rms_50,0.9010,0.8719,0.9302
gradient,topics,G8,r1_mean_50,-0.0545,-0.1103,0.0038
gradient,topics,G8,r1_rms_100,0.8012,0.7757,0.8267
gradient,topics,G8,r1_mean_100,-0.0738,-0.1202,-0.0266
gradient,topics,G8,r1_rms_200,0.6890,0.6681,0.7096
gradient,topics,G8,r1_mean_200,-0.0865,-0.1237,-0.0495
gradient,topics,G8,r2_brier,0.1791,0.1756,0.1826
gradient,topics,G8,r2_bias,0.0156,0.0096,0.0223
gradient,topics,G8,r3_inside,0.3649,0.3557,0.3737
gradient,topics,G8,r3_below_0.5,0.0678,0.0607,0.0760
gradient,topics,G8,r3_above_0.95,0.0577,0.0505,0.0657
gradient,topics,G8,r4_false,0.5868,0.5665,0.6080
gradient,topics,G8,r4_false_0.70,0.4763,0.4542,0.4998
gradient,topics,G8,r4_declared,7.0180,6.7880,7.2550
gradient,topics,G8,r5_late_answers,10.3405,10.0122,10.6746
gradient,topics,G8,r5_never,0.3661,0.3421,0.3898
gradient,topics,G8,r6_lag,-0.0979,-0.1367,-0.0568
gradient,topics,G8,r7_longest_wrong,1.8080,1.7520,1.8640
gradient,topics,G8,r7_hard_first,0.1414,0.1296,0.1539
gradient,topics,G8,r4b_chance_below_0.5,0.1745,0.1573,0.1921
gradient,topics,G8,r4b_chance_0.5_to_0.6,0.1595,0.1520,0.1670
gradient,topics,G8,r4b_chance_0.6_to_0.7,0.2063,0.1988,0.2136
gradient,topics,G8,r4b_chance_0.7_to_0.8,0.2307,0.2220,0.2393
gradient,topics,G8,r4b_chance_0.8_up,0.2290,0.2139,0.2451
gradient,topics,G8,r2_ece,0.0185,0.0126,0.0247
gradient,topics,G8,r4b_3,0.0584,0.0513,0.0660
gradient,topics,G8,r4b_5,0.2699,0.2537,0.2872
gradient,topics,G8,r4b_10,0.6190,0.5979,0.6425
gradient,topics,G8,r4b_20,0.9140,0.8968,0.9318
gradient,topics,G8,r4b_50,0.9927,0.9822,1.0000
shrinking,both,G0,r1_rms_5,1.0198,0.9857,1.0556
shrinking,both,G0,r1_mean_5,-0.0343,-0.1021,0.0355
shrinking,both,G0,r1_rms_10,0.9513,0.9206,0.9818
shrinking,both,G0,r1_mean_10,-0.0579,-0.1173,0.0046
shrinking,both,G0,r1_rms_20,0.8459,0.8211,0.8711
shrinking,both,G0,r1_mean_20,-0.0804,-0.1296,-0.0302
shrinking,both,G0,r1_rms_50,0.6815,0.6659,0.6989
shrinking,both,G0,r1_mean_50,-0.0952,-0.1279,-0.0603
shrinking,both,G0,r1_rms_100,0.5761,0.5644,0.5883
shrinking,both,G0,r1_mean_100,-0.0949,-0.1201,-0.0707
shrinking,both,G0,r1_rms_200,0.4949,0.4865,0.5035
shrinking,both,G0,r1_mean_200,-0.0801,-0.0975,-0.0623
shrinking,both,G0,r2_brier,0.1718,0.1698,0.1736
shrinking,both,G0,r2_bias,0.0014,-0.0018,0.0045
shrinking,both,G0,r3_inside,0.4244,0.4190,0.4300
shrinking,both,G0,r3_below_0.5,0.0365,0.0327,0.0407
shrinking,both,G0,r3_above_0.95,0.0311,0.0280,0.0342
shrinking,both,G0,r4_false,0.6317,0.6147,0.6496
shrinking,both,G0,r4_false_0.70,0.5260,0.5072,0.5445
shrinking,both,G0,r4_declared,9.8610,9.6370,10.0780
shrinking,both,G0,r5_late_answers,9.8436,9.6006,10.0869
shrinking,both,G0,r5_never,0.2176,0.1986,0.2377
shrinking,both,G0,r6_lag,-0.1311,-0.1489,-0.1135
shrinking,both,G0,r7_error_5,0.8674,0.8275,0.9082
shrinking,both,G0,r7_error_10,0.7892,0.7531,0.8285
shrinking,both,G0,r7_longest_wrong,1.7620,1.7070,1.8160
shrinking,both,G0,r7_hard_first,0.1330,0.1218,0.1437
shrinking,both,G0,r4b_chance_below_0.5,0.1098,0.0964,0.1242
shrinking,both,G0,r4b_chance_0.5_to_0.6,0.1377,0.1309,0.1450
shrinking,both,G0,r4b_chance_0.6_to_0.7,0.2125,0.2060,0.2190
shrinking,both,G0,r4b_chance_0.7_to_0.8,0.2609,0.2524,0.2691
shrinking,both,G0,r4b_chance_0.8_up,0.2792,0.2636,0.2943
shrinking,both,G0,r2_ece,0.0039,0.0023,0.0070
shrinking,both,G0,r4b_3,0.1458,0.1341,0.1570
shrinking,both,G0,r4b_5,0.4380,0.4227,0.4522
shrinking,both,G0,r4b_10,0.8216,0.8073,0.8364
shrinking,both,G0,r4b_20,0.9788,0.9693,0.9875
shrinking,both,G0,r4b_50,0.9974,0.9934,1.0000
shrinking,both,G1,r1_rms_5,1.1039,1.0597,1.1474
shrinking,both,G1,r1_mean_5,-0.0548,-0.1355,0.0251
shrinking,both,G1,r1_rms_10,1.0359,0.9963,1.0754
shrinking,both,G1,r1_mean_10,-0.0865,-0.1586,-0.0167
shrinking,both,G1,r1_rms_20,0.9217,0.8904,0.9549
shrinking,both,G1,r1_mean_20,-0.1046,-0.1639,-0.0473
shrinking,both,G1,r1_rms_50,0.7367,0.7144,0.7592
shrinking,both,G1,r1_mean_50,-0.1218,-0.1596,-0.0806
shrinking,both,G1,r1_rms_100,0.6088,0.5944,0.6249
shrinking,both,G1,r1_mean_100,-0.1052,-0.1341,-0.0769
shrinking,both,G1,r1_rms_200,0.5195,0.5096,0.5299
shrinking,both,G1,r1_mean_200,-0.0681,-0.0894,-0.0472
shrinking,both,G1,r2_brier,0.1793,0.1764,0.1823
shrinking,both,G1,r2_bias,-0.0031,-0.0068,0.0005
shrinking,both,G1,r3_inside,0.3480,0.3383,0.3578
shrinking,both,G1,r3_below_0.5,0.1194,0.1064,0.1323
shrinking,both,G1,r3_above_0.95,0.0459,0.0410,0.0516
shrinking,both,G1,r4_false,0.6266,0.6055,0.6484
shrinking,both,G1,r4_false_0.70,0.5702,0.5503,0.5914
shrinking,both,G1,r4_declared,10.4240,10.1800,10.6560
shrinking,both,G1,r5_late_answers,9.4419,9.2116,9.6879
shrinking,both,G1,r5_never,0.2073,0.1864,0.2274
shrinking,both,G1,r6_lag,-0.1528,-0.1747,-0.1324
shrinking,both,G1,r7_error_5,0.9437,0.8953,0.9932
shrinking,both,G1,r7_error_10,0.8675,0.8221,0.9160
shrinking,both,G1,r7_longest_wrong,2.0150,1.9380,2.0990
shrinking,both,G1,r7_hard_first,0.2259,0.2093,0.2431
shrinking,both,G1,r4b_chance_below_0.5,0.3345,0.3109,0.3570
shrinking,both,G1,r4b_chance_0.5_to_0.6,0.1830,0.1749,0.1910
shrinking,both,G1,r4b_chance_0.6_to_0.7,0.1583,0.1522,0.1646
shrinking,both,G1,r4b_chance_0.7_to_0.8,0.1484,0.1380,0.1590
shrinking,both,G1,r4b_chance_0.8_up,0.1758,0.1588,0.1944
shrinking,both,G1,r2_ece,0.0098,0.0073,0.0132
shrinking,both,G1,r4b_3,0.1239,0.1123,0.1361
shrinking,both,G1,r4b_5,0.3696,0.3526,0.3877
shrinking,both,G1,r4b_10,0.7055,0.6860,0.7258
shrinking,both,G1,r4b_20,0.8942,0.8806,0.9069
shrinking,both,G1,r4b_50,0.9837,0.9791,0.9885
shrinking,both,G2,r1_rms_5,0.9612,0.9244,0.9984
shrinking,both,G2,r1_mean_5,-0.1063,-0.1663,-0.0433
shrinking,both,G2,r1_rms_10,0.9122,0.8835,0.9416
shrinking,both,G2,r1_mean_10,-0.1813,-0.2360,-0.1234
shrinking,both,G2,r1_rms_20,0.8471,0.8206,0.8741
shrinking,both,G2,r1_mean_20,-0.2831,-0.3275,-0.2364
shrinking,both,G2,r1_rms_50,0.8169,0.7962,0.8399
shrinking,both,G2,r1_mean_50,-0.5122,-0.5486,-0.4781
shrinking,both,G2,r1_rms_100,0.9688,0.9480,0.9914
shrinking,both,G2,r1_mean_100,-0.8214,-0.8483,-0.7961
shrinking,both,G2,r1_rms_200,1.4414,1.4224,1.4586
shrinking,both,G2,r1_mean_200,-1.3712,-1.3899,-1.3524
shrinking,both,G2,r2_brier,0.1277,0.1262,0.1292
shrinking,both,G2,r2_bias,-0.0785,-0.0810,-0.0757
shrinking,both,G2,r3_inside,0.2569,0.2506,0.2635
shrinking,both,G2,r3_below_0.5,0.0147,0.0131,0.0164
shrinking,both,G2,r3_above_0.95,0.1649,0.1570,0.1734
shrinking,both,G2,r4_false,0.4038,0.3874,0.4207
shrinking,both,G2,r4_false_0.70,0.2866,0.2707,0.3016
shrinking,both,G2,r4_declared,14.0740,13.8240,14.3290
shrinking,both,G2,r5_late_answers,7.6603,7.5252,7.7912
shrinking,both,G2,r5_never,0.1114,0.0994,0.1237
shrinking,both,G2,r6_lag,-1.1216,-1.1429,-1.1002
shrinking,both,G2,r7_error_5,0.8038,0.7668,0.8441
shrinking,both,G2,r7_error_10,0.7419,0.7069,0.7795
shrinking,both,G2,r7_longest_wrong,1.7310,1.6790,1.7890
shrinking,both,G2,r7_hard_first,0.1201,0.1103,0.1304
shrinking,both,G2,r4b_chance_below_0.5,0.0690,0.0622,0.0757
shrinking,both,G2,r4b_chance_0.5_to_0.6,0.0799,0.0747,0.0855
shrinking,both,G2,r4b_chance_0.6_to_0.7,0.1391,0.1328,0.1453
shrinking,both,G2,r4b_chance_0.7_to_0.8,0.2379,0.2311,0.2450
shrinking,both,G2,r4b_chance_0.8_up,0.4741,0.4583,0.4899
shrinking,both,G2,r2_ece,0.0785,0.0759,0.0812
shrinking,both,G2,r4b_3,0.1943,0.1796,0.2091
shrinking,both,G2,r4b_5,0.5445,0.5262,0.5624
shrinking,both,G2,r4b_10,0.9279,0.9149,0.9397
shrinking,both,G2,r4b_20,1.0000,0.9977,1.0000
shrinking,both,G2,r4b_50,1.0000,0.9978,1.0000
shrinking,both,G3,r1_rms_5,1.0052,0.9718,1.0403
shrinking,both,G3,r1_mean_5,0.0400,-0.0251,0.1043
shrinking,both,G3,r1_rms_10,0.9347,0.9052,0.9651
shrinking,both,G3,r1_mean_10,-0.0016,-0.0607,0.0606
shrinking,both,G3,r1_rms_20,0.8292,0.8060,0.8551
shrinking,both,G3,r1_mean_20,-0.0252,-0.0721,0.0238
shrinking,both,G3,r1_rms_50,0.6769,0.6586,0.6935
shrinking,both,G3,r1_mean_50,-0.0811,-0.1136,-0.0481
shrinking,both,G3,r1_rms_100,0.8061,0.7843,0.8291
shrinking,both,G3,r1_mean_100,-0.5069,-0.5420,-0.4731
shrinking,both,G3,r1_rms_200,0.8271,0.8114,0.8439
shrinking,both,G3,r1_mean_200,-0.6835,-0.7027,-0.6639
shrinking,both,G3,r2_brier,0.1510,0.1492,0.1527
shrinking,both,G3,r2_bias,-0.0369,-0.0398,-0.0339
shrinking,both,G3,r3_inside,0.3390,0.3336,0.3447
shrinking,both,G3,r3_below_0.5,0.0291,0.0265,0.0322
shrinking,both,G3,r3_above_0.95,0.0827,0.0776,0.0884
shrinking,both,G3,r4_false,0.5253,0.5072,0.5432
shrinking,both,G3,r4_false_0.70,0.4079,0.3895,0.4270
shrinking,both,G3,r4_declared,12.0510,11.7980,12.3020
shrinking,both,G3,r5_late_answers,8.3412,8.1620,8.5216
shrinking,both,G3,r5_never,0.1624,0.1465,0.1785
shrinking,both,G3,r6_lag,-0.7085,-0.7291,-0.6886
shrinking,both,G3,r6_jump_answers,79.7260,77.3270,82.1800
shrinking,both,G3,r6_jump_unsettled,0.7110,0.6830,0.7380
shrinking,both,G3,r7_error_5,0.8573,0.8178,0.8996
shrinking,both,G3,r7_error_10,0.7823,0.7462,0.8210
shrinking,both,G3,r7_longest_wrong,1.7670,1.7120,1.8240
shrinking,both,G3,r7_hard_first,0.1441,0.1326,0.1562
shrinking,both,G3,r4b_chance_below_0.5,0.1066,0.0968,0.1176
shrinking,both,G3,r4b_chance_0.5_to_0.6,0.1179,0.1119,0.1240
shrinking,both,G3,r4b_chance_0.6_to_0.7,0.1850,0.1789,0.1910
shrinking,both,G3,r4b_chance_0.7_to_0.8,0.2456,0.2390,0.2523
shrinking,both,G3,r4b_chance_0.8_up,0.3449,0.3302,0.3607
shrinking,both,G3,r2_ece,0.0369,0.0339,0.0400
shrinking,both,G3,r4b_3,0.1480,0.1359,0.1610
shrinking,both,G3,r4b_5,0.4524,0.4371,0.4688
shrinking,both,G3,r4b_10,0.8780,0.8655,0.8910
shrinking,both,G3,r4b_20,0.9893,0.9836,0.9945
shrinking,both,G3,r4b_50,1.0000,1.0000,1.0000
shrinking,both,G4,r1_rms_5,1.0187,0.9833,1.0557
shrinking,both,G4,r1_mean_5,-0.2314,-0.2997,-0.1651
shrinking,both,G4,r1_rms_10,0.9610,0.9285,0.9934
shrinking,both,G4,r1_mean_10,-0.2847,-0.3427,-0.2244
shrinking,both,G4,r1_rms_20,0.8830,0.8559,0.9096
shrinking,both,G4,r1_mean_20,-0.3397,-0.3916,-0.2928
shrinking,both,G4,r1_rms_50,0.7586,0.7385,0.7789
shrinking,both,G4,r1_mean_50,-0.4171,-0.4507,-0.3836
shrinking,both,G4,r1_rms_100,0.6996,0.6844,0.7156
shrinking,both,G4,r1_mean_100,-0.4606,-0.4825,-0.4371
shrinking,both,G4,r1_rms_200,0.6564,0.6443,0.6695
shrinking,both,G4,r1_mean_200,-0.4662,-0.4837,-0.4500
shrinking,both,G4,r2_brier,0.1780,0.1761,0.1799
shrinking,both,G4,r2_bias,0.0123,0.0093,0.0153
shrinking,both,G4,r3_inside,0.3875,0.3829,0.3920
shrinking,both,G4,r3_below_0.5,0.0543,0.0499,0.0589
shrinking,both,G4,r3_above_0.95,0.0376,0.0343,0.0408
shrinking,both,G4,r4_false,0.5779,0.5598,0.5953
shrinking,both,G4,r4_false_0.70,0.4665,0.4467,0.4853
shrinking,both,G4,r4_declared,9.3290,9.1280,9.5470
shrinking,both,G4,r5_late_answers,10.2464,9.9951,10.5232
shrinking,both,G4,r5_never,0.2464,0.2260,0.2657
shrinking,both,G4,r6_lag,-0.4951,-0.5134,-0.4767
shrinking,both,G4,r7_error_5,0.8817,0.8429,0.9244
shrinking,both,G4,r7_error_10,0.8082,0.7706,0.8472
shrinking,both,G4,r7_longest_wrong,1.8790,1.8270,1.9330
shrinking,both,G4,r7_hard_first,0.1852,0.1720,0.1974
shrinking,both,G4,r4b_chance_below_0.5,0.1573,0.1442,0.1718
shrinking,both,G4,r4b_chance_0.5_to_0.6,0.1483,0.1426,0.1539
shrinking,both,G4,r4b_chance_0.6_to_0.7,0.1976,0.1916,0.2034
shrinking,both,G4,r4b_chance_0.7_to_0.8,0.2294,0.2224,0.2359
shrinking,both,G4,r4b_chance_0.8_up,0.2674,0.2540,0.2816
shrinking,both,G4,r2_ece,0.0140,0.0111,0.0172
shrinking,both,G4,r4b_3,0.1183,0.1088,0.1284
shrinking,both,G4,r4b_5,0.4031,0.3881,0.4187
shrinking,both,G4,r4b_10,0.8127,0.7957,0.8292
shrinking,both,G4,r4b_20,0.9759,0.9662,0.9850
shrinking,both,G4,r4b_50,0.9958,0.9909,0.9993
shrinking,both,G5,r1_rms_5,0.9406,0.9001,0.9848
shrinking,both,G5,r1_mean_5,0.0549,-0.0151,0.1259
shrinking,both,G5,r1_rms_10,0.8776,0.8409,0.9149
shrinking,both,G5,r1_mean_10,0.0268,-0.0353,0.0901
shrinking,both,G5,r1_rms_20,0.8965,0.8669,0.9258
shrinking,both,G5,r1_mean_20,0.0028,-0.0491,0.0562
shrinking,both,G5,r1_rms_50,0.7593,0.7406,0.7794
shrinking,both,G5,r1_mean_50,-0.0378,-0.0764,0.0008
shrinking,both,G5,r1_rms_100,0.6491,0.6346,0.6640
shrinking,both,G5,r1_mean_100,-0.0717,-0.0975,-0.0465
shrinking,both,G5,r1_rms_200,0.5566,0.5449,0.5686
shrinking,both,G5,r1_mean_200,-0.0643,-0.0840,-0.0461
shrinking,both,G5,r2_brier,0.1772,0.1751,0.1793
shrinking,both,G5,r2_bias,0.0090,0.0056,0.0124
shrinking,both,G5,r3_inside,0.4042,0.3979,0.4103
shrinking,both,G5,r3_below_0.5,0.0543,0.0490,0.0597
shrinking,both,G5,r3_above_0.95,0.0359,0.0321,0.0401
shrinking,both,G5,r4_false,0.6250,0.6072,0.6438
shrinking,both,G5,r4_false_0.70,0.5136,0.4947,0.5325
shrinking,both,G5,r4_declared,9.7380,9.5410,9.9600
shrinking,both,G5,r5_late_answers,10.1768,9.9067,10.4443
shrinking,both,G5,r5_never,0.2227,0.2021,0.2443
shrinking,both,G5,r6_lag,-0.1148,-0.1341,-0.0961
shrinking,both,G5,r7_error_5,1.0265,0.9794,1.0749
shrinking,both,G5,r7_error_10,0.9690,0.9257,1.0113
shrinking,both,G5,r7_longest_wrong,1.9320,1.8730,1.9980
shrinking,both,G5,r7_hard_first,0.1471,0.1342,0.1600
shrinking,both,G5,r4b_chance_below_0.5,0.1595,0.1460,0.1747
shrinking,both,G5,r4b_chance_0.5_to_0.6,0.1583,0.1512,0.1654
shrinking,both,G5,r4b_chance_0.6_to_0.7,0.2130,0.2062,0.2199
shrinking,both,G5,r4b_chance_0.7_to_0.8,0.2327,0.2241,0.2409
shrinking,both,G5,r4b_chance_0.8_up,0.2365,0.2225,0.2509
shrinking,both,G5,r2_ece,0.0119,0.0085,0.0152
shrinking,both,G5,r4b_3,0.1260,0.1159,0.1370
shrinking,both,G5,r4b_5,0.3855,0.3701,0.4007
shrinking,both,G5,r4b_10,0.7972,0.7808,0.8128
shrinking,both,G5,r4b_20,0.9680,0.9583,0.9772
shrinking,both,G5,r4b_50,0.9976,0.9949,1.0000
shrinking,both,G6,r1_rms_5,1.0532,1.0123,1.0944
shrinking,both,G6,r1_mean_5,-0.0431,-0.1143,0.0298
shrinking,both,G6,r1_rms_10,0.9979,0.9594,1.0357
shrinking,both,G6,r1_mean_10,-0.0757,-0.1404,-0.0081
shrinking,both,G6,r1_rms_20,0.9198,0.8861,0.9557
shrinking,both,G6,r1_mean_20,-0.1043,-0.1623,-0.0476
shrinking,both,G6,r1_rms_50,0.8128,0.7835,0.8427
shrinking,both,G6,r1_mean_50,-0.1403,-0.1923,-0.0885
shrinking,both,G6,r1_rms_100,0.7615,0.7351,0.7875
shrinking,both,G6,r1_mean_100,-0.1703,-0.2160,-0.1247
shrinking,both,G6,r1_rms_200,0.7400,0.7170,0.7646
shrinking,both,G6,r1_mean_200,-0.1916,-0.2326,-0.1506
shrinking,both,G6,r2_brier,0.1770,0.1751,0.1790
shrinking,both,G6,r2_bias,0.0099,0.0068,0.0131
shrinking,both,G6,r3_inside,0.4234,0.4092,0.4376
shrinking,both,G6,r3_below_0.5,0.0583,0.0535,0.0635
shrinking,both,G6,r3_above_0.95,0.0948,0.0876,0.1018
shrinking,both,G6,r4_false,0.6861,0.6685,0.7039
shrinking,both,G6,r4_false_0.70,0.5660,0.5472,0.5854
shrinking,both,G6,r4_declared,9.5250,9.3180,9.7390
shrinking,both,G6,r5_late_answers,9.8161,9.5447,10.0911
shrinking,both,G6,r5_never,0.2389,0.2165,0.2614
shrinking,both,G6,r6_lag,-0.2250,-0.2680,-0.1786
shrinking,both,G6,r7_error_5,0.9205,0.8733,0.9662
shrinking,both,G6,r7_error_10,0.8556,0.8119,0.8994
shrinking,both,G6,r7_longest_wrong,1.8080,1.7520,1.8690
shrinking,both,G6,r7_hard_first,0.1397,0.1280,0.1521
shrinking,both,G6,r4b_chance_below_0.5,0.1271,0.1129,0.1424
shrinking,both,G6,r4b_chance_0.5_to_0.6,0.1300,0.1207,0.1393
shrinking,both,G6,r4b_chance_0.6_to_0.7,0.2409,0.2295,0.2522
shrinking,both,G6,r4b_chance_0.7_to_0.8,0.2830,0.2708,0.2962
shrinking,both,G6,r4b_chance_0.8_up,0.2190,0.2043,0.2344
shrinking,both,G6,r2_ece,0.0130,0.0099,0.0162
shrinking,both,G6,r4b_3,0.1247,0.1152,0.1346
shrinking,both,G6,r4b_5,0.4042,0.3908,0.4180
shrinking,both,G6,r4b_10,0.8026,0.7891,0.8166
shrinking,both,G6,r4b_20,0.9759,0.9666,0.9845
shrinking,both,G6,r4b_50,0.9979,0.9900,1.0000
shrinking,both,G7,r1_rms_5,1.0109,0.9725,1.0499
shrinking,both,G7,r1_mean_5,-0.0813,-0.1484,-0.0110
shrinking,both,G7,r1_rms_10,0.9580,0.9239,0.9923
shrinking,both,G7,r1_mean_10,-0.1180,-0.1763,-0.0552
shrinking,both,G7,r1_rms_20,0.8699,0.8432,0.8974
shrinking,both,G7,r1_mean_20,-0.1362,-0.1855,-0.0823
shrinking,both,G7,r1_rms_50,0.7354,0.7160,0.7555
shrinking,both,G7,r1_mean_50,-0.1524,-0.1908,-0.1135
shrinking,both,G7,r1_rms_100,0.6441,0.6307,0.6580
shrinking,both,G7,r1_mean_100,-0.1510,-0.1826,-0.1209
shrinking,both,G7,r1_rms_200,0.5694,0.5587,0.5800
shrinking,both,G7,r1_mean_200,-0.1395,-0.1626,-0.1154
shrinking,both,G7,r2_brier,0.1717,0.1699,0.1736
shrinking,both,G7,r2_bias,0.0026,-0.0005,0.0057
shrinking,both,G7,r3_inside,0.4265,0.4204,0.4323
shrinking,both,G7,r3_below_0.5,0.0379,0.0339,0.0422
shrinking,both,G7,r3_above_0.95,0.0323,0.0291,0.0358
shrinking,both,G7,r4_false,0.6497,0.6338,0.6660
shrinking,both,G7,r4_false_0.70,0.5474,0.5296,0.5655
shrinking,both,G7,r4_declared,9.7390,9.5420,9.9430
shrinking,both,G7,r5_late_answers,10.0870,9.8448,10.3340
shrinking,both,G7,r5_never,0.1968,0.1789,0.2148
shrinking,both,G7,r6_lag,-0.1729,-0.1974,-0.1481
shrinking,both,G7,r7_error_5,0.8694,0.8264,0.9137
shrinking,both,G7,r7_error_10,0.8061,0.7679,0.8492
shrinking,both,G7,r7_longest_wrong,1.8030,1.7430,1.8580
shrinking,both,G7,r7_hard_first,0.1375,0.1266,0.1483
shrinking,both,G7,r4b_chance_below_0.5,0.1113,0.0987,0.1257
shrinking,both,G7,r4b_chance_0.5_to_0.6,0.1318,0.1250,0.1385
shrinking,both,G7,r4b_chance_0.6_to_0.7,0.2100,0.2034,0.2167
shrinking,both,G7,r4b_chance_0.7_to_0.8,0.2665,0.2588,0.2742
shrinking,both,G7,r4b_chance_0.8_up,0.2804,0.2662,0.2948
shrinking,both,G7,r2_ece,0.0047,0.0023,0.0077
shrinking,both,G7,r4b_3,0.1455,0.1349,0.1567
shrinking,both,G7,r4b_5,0.4359,0.4213,0.4508
shrinking,both,G7,r4b_10,0.8259,0.8116,0.8396
shrinking,both,G7,r4b_20,0.9808,0.9722,0.9895
shrinking,both,G7,r4b_50,0.9972,0.9923,1.0000
shrinking,both,G8,r1_rms_5,1.0037,0.9693,1.0402
shrinking,both,G8,r1_mean_5,-0.0258,-0.0926,0.0406
shrinking,both,G8,r1_rms_10,0.9367,0.9042,0.9692
shrinking,both,G8,r1_mean_10,-0.0522,-0.1094,0.0083
shrinking,both,G8,r1_rms_20,0.8482,0.8224,0.8752
shrinking,both,G8,r1_mean_20,-0.0785,-0.1304,-0.0309
shrinking,both,G8,r1_rms_50,0.6893,0.6707,0.7083
shrinking,both,G8,r1_mean_50,-0.1076,-0.1413,-0.0691
shrinking,both,G8,r1_rms_100,0.5855,0.5733,0.5984
shrinking,both,G8,r1_mean_100,-0.1168,-0.1417,-0.0919
shrinking,both,G8,r1_rms_200,0.5013,0.4922,0.5103
shrinking,both,G8,r1_mean_200,-0.0925,-0.1103,-0.0756
shrinking,both,G8,r2_brier,0.1716,0.1697,0.1735
shrinking,both,G8,r2_bias,0.0020,-0.0011,0.0049
shrinking,both,G8,r3_inside,0.4240,0.4182,0.4294
shrinking,both,G8,r3_below_0.5,0.0350,0.0318,0.0384
shrinking,both,G8,r3_above_0.95,0.0344,0.0306,0.0381
shrinking,both,G8,r4_false,0.6407,0.6234,0.6589
shrinking,both,G8,r4_false_0.70,0.5327,0.5153,0.5532
shrinking,both,G8,r4_declared,7.4260,7.2210,7.6150
shrinking,both,G8,r5_late_answers,11.0497,10.7428,11.3623
shrinking,both,G8,r5_never,0.3797,0.3572,0.4025
shrinking,both,G8,r6_lag,-0.1335,-0.1529,-0.1155
shrinking,both,G8,r7_error_5,0.8571,0.8157,0.8976
shrinking,both,G8,r7_error_10,0.7828,0.7444,0.8199
shrinking,both,G8,r7_longest_wrong,1.7480,1.6970,1.7990
shrinking,both,G8,r7_hard_first,0.1378,0.1263,0.1494
shrinking,both,G8,r4b_chance_below_0.5,0.0958,0.0868,0.1064
shrinking,both,G8,r4b_chance_0.5_to_0.6,0.1327,0.1262,0.1391
shrinking,both,G8,r4b_chance_0.6_to_0.7,0.2191,0.2133,0.2251
shrinking,both,G8,r4b_chance_0.7_to_0.8,0.2760,0.2688,0.2828
shrinking,both,G8,r4b_chance_0.8_up,0.2763,0.2623,0.2901
shrinking,both,G8,r2_ece,0.0043,0.0019,0.0074
shrinking,both,G8,r4b_3,0.0782,0.0704,0.0861
shrinking,both,G8,r4b_5,0.2912,0.2778,0.3045
shrinking,both,G8,r4b_10,0.6651,0.6469,0.6823
shrinking,both,G8,r4b_20,0.9315,0.9177,0.9449
shrinking,both,G8,r4b_50,0.9977,0.9928,1.0000
constant,both,G0,r1_rms_5,1.0198,0.9837,1.0542
constant,both,G0,r1_mean_5,-0.0343,-0.1006,0.0397
constant,both,G0,r1_rms_10,0.9330,0.9016,0.9635
constant,both,G0,r1_mean_10,-0.0635,-0.1233,-0.0068
constant,both,G0,r1_rms_20,0.7947,0.7726,0.8179
constant,both,G0,r1_mean_20,-0.0925,-0.1399,-0.0478
constant,both,G0,r1_rms_50,0.6155,0.6034,0.6287
constant,both,G0,r1_mean_50,-0.0866,-0.1126,-0.0587
constant,both,G0,r1_rms_100,0.5943,0.5828,0.6065
constant,both,G0,r1_mean_100,-0.0741,-0.0992,-0.0490
constant,both,G0,r1_rms_200,0.5932,0.5814,0.6055
constant,both,G0,r1_mean_200,-0.0300,-0.0535,-0.0058
constant,both,G0,r2_brier,0.1752,0.1742,0.1763
constant,both,G0,r2_bias,0.0011,-0.0004,0.0026
constant,both,G0,r3_inside,0.4143,0.4103,0.4180
constant,both,G0,r3_below_0.5,0.0411,0.0378,0.0449
constant,both,G0,r3_above_0.95,0.0300,0.0282,0.0320
constant,both,G0,r4_false,0.6792,0.6648,0.6930
constant,both,G0,r4_false_0.70,0.5793,0.5630,0.5945
constant,both,G0,r4_declared,10.5080,10.3300,10.6920
constant,both,G0,r5_late_answers,9.4504,9.2376,9.6647
constant,both,G0,r5_never,0.2710,0.2521,0.2893
constant,both,G0,r6_lag,-0.1259,-0.1410,-0.1105
constant,both,G0,r7_error_5,0.8674,0.8252,0.9078
constant,both,G0,r7_error_10,0.7668,0.7313,0.8027
constant,both,G0,r7_longest_wrong,1.7580,1.7030,1.8120
constant,both,G0,r7_hard_first,0.1318,0.1211,0.1430
constant,both,G0,r4b_chance_below_0.5,0.0990,0.0887,0.1110
constant,both,G0,r4b_chance_0.5_to_0.6,0.1278,0.1223,0.1336
constant,both,G0,r4b_chance_0.6_to_0.7,0.2084,0.2023,0.2144
constant,both,G0,r4b_chance_0.7_to_0.8,0.2652,0.2583,0.2723
constant,both,G0,r4b_chance_0.8_up,0.2996,0.2873,0.3125
constant,both,G0,r2_ece,0.0049,0.0036,0.0067
constant,both,G0,r4b_3,0.1462,0.1364,0.1559
constant,both,G0,r4b_5,0.4087,0.3955,0.4220
constant,both,G0,r4b_10,0.7728,0.7575,0.7875
constant,both,G0,r4b_20,0.9701,0.9599,0.9792
constant,both,G0,r4b_50,0.9950,0.9892,0.9991
constant,both,G1,r1_rms_5,1.1039,1.0618,1.1501
constant,both,G1,r1_mean_5,-0.0548,-0.1281,0.0243
constant,both,G1,r1_rms_10,1.0187,0.9831,1.0570
constant,both,G1,r1_mean_10,-0.0927,-0.1592,-0.0253
constant,both,G1,r1_rms_20,0.8656,0.8369,0.8943
constant,both,G1,r1_mean_20,-0.1107,-0.1650,-0.0591
constant,both,G1,r1_rms_50,0.6580,0.6433,0.6726
constant,both,G1,r1_mean_50,-0.1091,-0.1416,-0.0777
constant,both,G1,r1_rms_100,0.5885,0.5784,0.5991
constant,both,G1,r1_mean_100,-0.0381,-0.0618,-0.0150
constant,both,G1,r1_rms_200,0.5813,0.5710,0.5920
constant,both,G1,r1_mean_200,0.0270,0.0032,0.0513
constant,both,G1,r2_brier,0.1840,0.1817,0.1863
constant,both,G1,r2_bias,-0.0006,-0.0022,0.0012
constant,both,G1,r3_inside,0.3519,0.3432,0.3601
constant,both,G1,r3_below_0.5,0.1152,0.1033,0.1272
constant,both,G1,r3_above_0.95,0.0380,0.0350,0.0408
constant,both,G1,r4_false,0.6579,0.6394,0.6770
constant,both,G1,r4_false_0.70,0.5963,0.5772,0.6154
constant,both,G1,r4_declared,10.3960,10.2180,10.5720
constant,both,G1,r5_late_answers,9.5093,9.3016,9.7338
constant,both,G1,r5_never,0.2906,0.2697,0.3105
constant,both,G1,r6_lag,-0.1162,-0.1315,-0.1000
constant,both,G1,r7_error_5,0.9437,0.8959,0.9934
constant,both,G1,r7_error_10,0.8497,0.8037,0.8971
constant,both,G1,r7_longest_wrong,1.9940,1.9150,2.0780
constant,both,G1,r7_hard_first,0.2255,0.2088,0.2432
constant,both,G1,r4b_chance_below_0.5,0.3119,0.2875,0.3344
constant,both,G1,r4b_chance_0.5_to_0.6,0.1707,0.1625,0.1788
constant,both,G1,r4b_chance_0.6_to_0.7,0.1553,0.1497,0.1607
constant,both,G1,r4b_chance_0.7_to_0.8,0.1610,0.1508,0.1721
constant,both,G1,r4b_chance_0.8_up,0.2012,0.1843,0.2199
constant,both,G1,r2_ece,0.0112,0.0086,0.0139
constant,both,G1,r4b_3,0.1218,0.1106,0.1332
constant,both,G1,r4b_5,0.3428,0.3264,0.3590
constant,both,G1,r4b_10,0.6674,0.6492,0.6857
constant,both,G1,r4b_20,0.8910,0.8778,0.9045
constant,both,G1,r4b_50,0.9852,0.9803,0.9898
constant,both,G2,r1_rms_5,0.9612,0.9261,0.9972
constant,both,G2,r1_mean_5,-0.1063,-0.1666,-0.0457
constant,both,G2,r1_rms_10,0.8986,0.8696,0.9300
constant,both,G2,r1_mean_10,-0.1841,-0.2382,-0.1304
constant,both,G2,r1_rms_20,0.8083,0.7854,0.8333
constant,both,G2,r1_mean_20,-0.2750,-0.3168,-0.2328
constant,both,G2,r1_rms_50,0.7178,0.7019,0.7336
constant,both,G2,r1_mean_50,-0.3993,-0.4264,-0.3723
constant,both,G2,r1_rms_100,0.6992,0.6851,0.7134
constant,both,G2,r1_mean_100,-0.4237,-0.4469,-0.4000
constant,both,G2,r1_rms_200,0.6564,0.6426,0.6710
constant,both,G2,r1_mean_200,-0.3535,-0.3774,-0.3295
constant,both,G2,r2_brier,0.1516,0.1508,0.1525
constant,both,G2,r2_bias,-0.0384,-0.0398,-0.0371
constant,both,G2,r3_inside,0.3768,0.3727,0.3809
constant,both,G2,r3_below_0.5,0.0188,0.0175,0.0202
constant,both,G2,r3_above_0.95,0.0657,0.0625,0.0691
constant,both,G2,r4_false,0.5098,0.4934,0.5261
constant,both,G2,r4_false_0.70,0.4058,0.3903,0.4204
constant,both,G2,r4_declared,13.0650,12.8670,13.2750
constant,both,G2,r5_late_answers,7.3686,7.2434,7.4981
constant,both,G2,r5_never,0.2647,0.2496,0.2795
constant,both,G2,r6_lag,-0.4788,-0.4936,-0.4641
constant,both,G2,r7_error_5,0.8038,0.7651,0.8466
constant,both,G2,r7_error_10,0.7247,0.6906,0.7622
constant,both,G2,r7_longest_wrong,1.7220,1.6700,1.7760
constant,both,G2,r7_hard_first,0.1203,0.1107,0.1303
constant,both,G2,r4b_chance_below_0.5,0.0601,0.0555,0.0647
constant,both,G2,r4b_chance_0.5_to_0.6,0.0880,0.0836,0.0922
constant,both,G2,r4b_chance_0.6_to_0.7,0.1664,0.1612,0.1716
constant,both,G2,r4b_chance_0.7_to_0.8,0.2618,0.2560,0.2674
constant,both,G2,r4b_chance_0.8_up,0.4238,0.4121,0.4354
constant,both,G2,r2_ece,0.0384,0.0372,0.0397
constant,both,G2,r4b_3,0.1557,0.1452,0.1661
constant,both,G2,r4b_5,0.4536,0.4386,0.4687
constant,both,G2,r4b_10,0.8470,0.8295,0.8647
constant,both,G2,r4b_20,0.9975,0.9920,1.0000
constant,both,G2,r4b_50,1.0000,1.0000,1.0000
constant,both,G3,r1_rms_5,1.0052,0.9721,1.0421
constant,both,G3,r1_mean_5,0.0400,-0.0276,0.1048
constant,both,G3,r1_rms_10,0.9188,0.8901,0.9486
constant,both,G3,r1_mean_10,-0.0099,-0.0643,0.0461
constant,both,G3,r1_rms_20,0.7804,0.7580,0.8028
constant,both,G3,r1_mean_20,-0.0397,-0.0839,0.0039
constant,both,G3,r1_rms_50,0.6282,0.6146,0.6409
constant,both,G3,r1_mean_50,-0.1136,-0.1425,-0.0854
constant,both,G3,r1_rms_100,0.7116,0.6945,0.7294
constant,both,G3,r1_mean_100,-0.3489,-0.3812,-0.3179
constant,both,G3,r1_rms_200,0.6042,0.5921,0.6165
constant,both,G3,r1_mean_200,-0.1270,-0.1520,-0.1024
constant,both,G3,r2_brier,0.1645,0.1636,0.1655
constant,both,G3,r2_bias,-0.0170,-0.0184,-0.0156
constant,both,G3,r3_inside,0.3902,0.3867,0.3938
constant,both,G3,r3_below_0.5,0.0329,0.0307,0.0356
constant,both,G3,r3_above_0.95,0.0506,0.0482,0.0531
constant,both,G3,r4_false,0.5976,0.5826,0.6139
constant,both,G3,r4_false_0.70,0.4845,0.4685,0.5010
constant,both,G3,r4_declared,11.7010,11.5220,11.8810
constant,both,G3,r5_late_answers,7.8678,7.7035,8.0361
constant,both,G3,r5_never,0.2800,0.2636,0.2961
constant,both,G3,r6_lag,-0.3612,-0.3774,-0.3446
constant,both,G3,r6_jump_answers,36.5090,34.9510,38.1030
constant,both,G3,r6_jump_unsettled,0.0910,0.0740,0.1090
constant,both,G3,r7_error_5,0.8573,0.8181,0.8990
constant,both,G3,r7_error_10,0.7621,0.7257,0.7990
constant,both,G3,r7_longest_wrong,1.7490,1.6940,1.8040
constant,both,G3,r7_hard_first,0.1429,0.1315,0.1550
constant,both,G3,r4b_chance_below_0.5,0.0928,0.0842,0.1031
constant,both,G3,r4b_chance_0.5_to_0.6,0.1146,0.1096,0.1196
constant,both,G3,r4b_chance_0.6_to_0.7,0.1917,0.1864,0.1974
constant,both,G3,r4b_chance_0.7_to_0.8,0.2542,0.2485,0.2601
constant,both,G3,r4b_chance_0.8_up,0.3466,0.3348,0.3576
constant,both,G3,r2_ece,0.0170,0.0155,0.0184
constant,both,G3,r4b_3,0.1326,0.1234,0.1422
constant,both,G3,r4b_5,0.4058,0.3926,0.4203
constant,both,G3,r4b_10,0.7971,0.7817,0.8118
constant,both,G3,r4b_20,0.9833,0.9766,0.9900
constant,both,G3,r4b_50,0.9993,0.9978,1.0000
constant,both,G4,r1_rms_5,1.0187,0.9813,1.0563
constant,both,G4,r1_mean_5,-0.2314,-0.3028,-0.1679
constant,both,G4,r1_rms_10,0.9470,0.9156,0.9795
constant,both,G4,r1_mean_10,-0.2958,-0.3535,-0.2401
constant,both,G4,r1_rms_20,0.8510,0.8270,0.8778
constant,both,G4,r1_mean_20,-0.3790,-0.4230,-0.3333
constant,both,G4,r1_rms_50,0.7601,0.7434,0.7782
constant,both,G4,r1_mean_50,-0.4887,-0.5156,-0.4602
constant,both,G4,r1_rms_100,0.7514,0.7344,0.7676
constant,both,G4,r1_mean_100,-0.5094,-0.5337,-0.4846
constant,both,G4,r1_rms_200,0.7476,0.7319,0.7649
constant,both,G4,r1_mean_200,-0.4922,-0.5178,-0.4664
constant,both,G4,r2_brier,0.1796,0.1784,0.1808
constant,both,G4,r2_bias,0.0071,0.0057,0.0086
constant,both,G4,r3_inside,0.3779,0.3744,0.3811
constant,both,G4,r3_below_0.5,0.0567,0.0530,0.0603
constant,both,G4,r3_above_0.95,0.0418,0.0396,0.0439
constant,both,G4,r4_false,0.6168,0.6014,0.6325
constant,both,G4,r4_false_0.70,0.5023,0.4858,0.5194
constant,both,G4,r4_declared,10.3530,10.1740,10.5320
constant,both,G4,r5_late_answers,9.8196,9.6006,10.0552
constant,both,G4,r5_never,0.2663,0.2470,0.2846
constant,both,G4,r6_lag,-0.5273,-0.5430,-0.5120
constant,both,G4,r7_error_5,0.8817,0.8404,0.9248
constant,both,G4,r7_error_10,0.7894,0.7503,0.8284
constant,both,G4,r7_longest_wrong,1.8680,1.8150,1.9270
constant,both,G4,r7_hard_first,0.1846,0.1727,0.1970
constant,both,G4,r4b_chance_below_0.5,0.1370,0.1260,0.1501
constant,both,G4,r4b_chance_0.5_to_0.6,0.1348,0.1295,0.1397
constant,both,G4,r4b_chance_0.6_to_0.7,0.1900,0.1851,0.1954
constant,both,G4,r4b_chance_0.7_to_0.8,0.2339,0.2277,0.2400
constant,both,G4,r4b_chance_0.8_up,0.3042,0.2921,0.3163
constant,both,G4,r2_ece,0.0125,0.0107,0.0144
constant,both,G4,r4b_3,0.1157,0.1065,0.1249
constant,both,G4,r4b_5,0.3815,0.3669,0.3961
constant,both,G4,r4b_10,0.7416,0.7252,0.7579
constant,both,G4,r4b_20,0.9667,0.9561,0.9763
constant,both,G4,r4b_50,1.0000,0.9955,1.0000
constant,both,G5,r1_rms_5,0.9406,0.8975,0.9856
constant,both,G5,r1_mean_5,0.0549,-0.0184,0.1282
constant,both,G5,r1_rms_10,0.8589,0.8246,0.8944
constant,both,G5,r1_mean_10,0.0200,-0.0414,0.0808
constant,both,G5,r1_rms_20,0.8441,0.8188,0.8692
constant,both,G5,r1_mean_20,-0.0289,-0.0771,0.0146
constant,both,G5,r1_rms_50,0.7211,0.7053,0.7371
constant,both,G5,r1_mean_50,-0.0901,-0.1204,-0.0608
constant,both,G5,r1_rms_100,0.6788,0.6663,0.6911
constant,both,G5,r1_mean_100,-0.0916,-0.1165,-0.0672
constant,both,G5,r1_rms_200,0.6562,0.6442,0.6686
constant,both,G5,r1_mean_200,-0.0513,-0.0777,-0.0262
constant,both,G5,r2_brier,0.1788,0.1775,0.1803
constant,both,G5,r2_bias,0.0049,0.0033,0.0064
constant,both,G5,r3_inside,0.3937,0.3889,0.3984
constant,both,G5,r3_below_0.5,0.0543,0.0503,0.0587
constant,both,G5,r3_above_0.95,0.0361,0.0337,0.0387
constant,both,G5,r4_false,0.6653,0.6498,0.6813
constant,both,G5,r4_false_0.70,0.5580,0.5408,0.5746
constant,both,G5,r4_declared,10.7640,10.5940,10.9320
constant,both,G5,r5_late_answers,9.4686,9.2494,9.6782
constant,both,G5,r5_never,0.2480,0.2291,0.2660
constant,both,G5,r6_lag,-0.1263,-0.1418,-0.1113
constant,both,G5,r7_error_5,1.0265,0.9812,1.0754
constant,both,G5,r7_error_10,0.9538,0.9133,0.9985
constant,both,G5,r7_longest_wrong,1.9180,1.8520,1.9800
constant,both,G5,r7_hard_first,0.1467,0.1342,0.1595
constant,both,G5,r4b_chance_below_0.5,0.1425,0.1296,0.1559
constant,both,G5,r4b_chance_0.5_to_0.6,0.1418,0.1351,0.1485
constant,both,G5,r4b_chance_0.6_to_0.7,0.2012,0.1953,0.2073
constant,both,G5,r4b_chance_0.7_to_0.8,0.2381,0.2300,0.2457
constant,both,G5,r4b_chance_0.8_up,0.2762,0.2626,0.2905
constant,both,G5,r2_ece,0.0108,0.0087,0.0128
constant,both,G5,r4b_3,0.1323,0.1219,0.1433
constant,both,G5,r4b_5,0.3649,0.3512,0.3795
constant,both,G5,r4b_10,0.7567,0.7410,0.7711
constant,both,G5,r4b_20,0.9656,0.9553,0.9749
constant,both,G5,r4b_50,0.9974,0.9945,1.0000
constant,both,G6,r1_rms_5,1.0532,1.0106,1.0947
constant,both,G6,r1_mean_5,-0.0431,-0.1136,0.0287
constant,both,G6,r1_rms_10,0.9845,0.9483,1.0221
constant,both,G6,r1_mean_10,-0.0832,-0.1468,-0.0170
constant,both,G6,r1_rms_20,0.8862,0.8554,0.9189
constant,both,G6,r1_mean_20,-0.1265,-0.1854,-0.0708
constant,both,G6,r1_rms_50,0.7974,0.7711,0.8245
constant,both,G6,r1_mean_50,-0.1887,-0.2374,-0.1429
constant,both,G6,r1_rms_100,0.8250,0.8000,0.8517
constant,both,G6,r1_mean_100,-0.2381,-0.2873,-0.1906
constant,both,G6,r1_rms_200,0.8509,0.8231,0.8773
constant,both,G6,r1_mean_200,-0.2568,-0.3043,-0.2075
constant,both,G6,r2_brier,0.1786,0.1774,0.1799
constant,both,G6,r2_bias,0.0059,0.0044,0.0073
constant,both,G6,r3_inside,0.4210,0.4077,0.4339
constant,both,G6,r3_below_0.5,0.0647,0.0602,0.0693
constant,both,G6,r3_above_0.95,0.0971,0.0907,0.1039
constant,both,G6,r4_false,0.7143,0.6997,0.7295
constant,both,G6,r4_false_0.70,0.5957,0.5783,0.6114
constant,both,G6,r4_declared,10.2280,10.0480,10.4030
constant,both,G6,r5_late_answers,9.5387,9.3175,9.7661
constant,both,G6,r5_never,0.2893,0.2682,0.3091
constant,both,G6,r6_lag,-0.3006,-0.3434,-0.2575
constant,both,G6,r7_error_5,0.9205,0.8767,0.9649
constant,both,G6,r7_error_10,0.8384,0.7968,0.8821
constant,both,G6,r7_longest_wrong,1.7940,1.7410,1.8500
constant,both,G6,r7_hard_first,0.1391,0.1280,0.1513
constant,both,G6,r4b_chance_below_0.5,0.1207,0.1082,0.1347
constant,both,G6,r4b_chance_0.5_to_0.6,0.1083,0.1009,0.1163
constant,both,G6,r4b_chance_0.6_to_0.7,0.2204,0.2100,0.2301
constant,both,G6,r4b_chance_0.7_to_0.8,0.2970,0.2845,0.3089
constant,both,G6,r4b_chance_0.8_up,0.2537,0.2411,0.2668
constant,both,G6,r2_ece,0.0111,0.0092,0.0131
constant,both,G6,r4b_3,0.1307,0.1218,0.1402
constant,both,G6,r4b_5,0.3809,0.3677,0.3931
constant,both,G6,r4b_10,0.7575,0.7430,0.7720
constant,both,G6,r4b_20,0.9659,0.9559,0.9749
constant,both,G6,r4b_50,0.9954,0.9882,1.0000
constant,both,G7,r1_rms_5,1.0109,0.9747,1.0464
constant,both,G7,r1_mean_5,-0.0813,-0.1496,-0.0146
constant,both,G7,r1_rms_10,0.9429,0.9121,0.9739
constant,both,G7,r1_mean_10,-0.1230,-0.1838,-0.0589
constant,both,G7,r1_rms_20,0.8264,0.8020,0.8515
constant,both,G7,r1_mean_20,-0.1449,-0.1937,-0.0985
constant,both,G7,r1_rms_50,0.6862,0.6711,0.7008
constant,both,G7,r1_mean_50,-0.1553,-0.1879,-0.1236
constant,both,G7,r1_rms_100,0.6576,0.6441,0.6711
constant,both,G7,r1_mean_100,-0.1504,-0.1794,-0.1206
constant,both,G7,r1_rms_200,0.6531,0.6397,0.6668
constant,both,G7,r1_mean_200,-0.1147,-0.1447,-0.0841
constant,both,G7,r2_brier,0.1748,0.1738,0.1759
constant,both,G7,r2_bias,0.0021,0.0007,0.0035
constant,both,G7,r3_inside,0.4151,0.4110,0.4188
constant,both,G7,r3_below_0.5,0.0411,0.0378,0.0448
constant,both,G7,r3_above_0.95,0.0312,0.0293,0.0333
constant,both,G7,r4_false,0.6843,0.6708,0.6983
constant,both,G7,r4_false_0.70,0.5844,0.5695,0.6000
constant,both,G7,r4_declared,10.4780,10.3100,10.6520
constant,both,G7,r5_late_answers,9.5734,9.3472,9.7979
constant,both,G7,r5_never,0.2522,0.2335,0.2702
constant,both,G7,r6_lag,-0.1827,-0.2053,-0.1606
constant,both,G7,r7_error_5,0.8694,0.8243,0.9123
constant,both,G7,r7_error_10,0.7897,0.7508,0.8278
constant,both,G7,r7_longest_wrong,1.7860,1.7310,1.8410
constant,both,G7,r7_hard_first,0.1368,0.1265,0.1474
constant,both,G7,r4b_chance_below_0.5,0.1016,0.0910,0.1140
constant,both,G7,r4b_chance_0.5_to_0.6,0.1247,0.1195,0.1297
constant,both,G7,r4b_chance_0.6_to_0.7,0.2023,0.1964,0.2081
constant,both,G7,r4b_chance_0.7_to_0.8,0.2624,0.2557,0.2689
constant,both,G7,r4b_chance_0.8_up,0.3090,0.2984,0.3207
constant,both,G7,r2_ece,0.0047,0.0032,0.0062
constant,both,G7,r4b_3,0.1445,0.1351,0.1543
constant,both,G7,r4b_5,0.4034,0.3895,0.4167
constant,both,G7,r4b_10,0.7729,0.7590,0.7864
constant,both,G7,r4b_20,0.9707,0.9610,0.9794
constant,both,G7,r4b_50,0.9952,0.9891,1.0000
constant,both,G8,r1_rms_5,1.0037,0.9684,1.0407
constant,both,G8,r1_mean_5,-0.0258,-0.0909,0.0406
constant,both,G8,r1_rms_10,0.9203,0.8897,0.9522
constant,both,G8,r1_mean_10,-0.0573,-0.1150,-0.0006
constant,both,G8,r1_rms_20,0.8050,0.7809,0.8296
constant,both,G8,r1_mean_20,-0.0851,-0.1310,-0.0389
constant,both,G8,r1_rms_50,0.6453,0.6323,0.6592
constant,both,G8,r1_mean_50,-0.1370,-0.1655,-0.1080
constant,both,G8,r1_rms_100,0.6032,0.5927,0.6147
constant,both,G8,r1_mean_100,-0.1186,-0.1439,-0.0952
constant,both,G8,r1_rms_200,0.6005,0.5888,0.6125
constant,both,G8,r1_mean_200,-0.0545,-0.0794,-0.0301
constant,both,G8,r2_brier,0.1748,0.1738,0.1758
constant,both,G8,r2_bias,0.0018,0.0003,0.0031
constant,both,G8,r3_inside,0.4138,0.4100,0.4175
constant,both,G8,r3_below_0.5,0.0385,0.0357,0.0415
constant,both,G8,r3_above_0.95,0.0329,0.0309,0.0352
constant,both,G8,r4_false,0.6886,0.6726,0.7043
constant,both,G8,r4_false_0.70,0.5872,0.5695,0.6054
constant,both,G8,r4_declared,7.1520,7.0090,7.2990
constant,both,G8,r5_late_answers,9.8318,9.5608,10.1107
constant,both,G8,r5_never,0.4806,0.4618,0.4993
constant,both,G8,r6_lag,-0.1285,-0.1439,-0.1125
constant,both,G8,r7_error_5,0.8571,0.8186,0.8989
constant,both,G8,r7_error_10,0.7618,0.7243,0.8002
constant,both,G8,r7_longest_wrong,1.7310,1.6820,1.7830
constant,both,G8,r7_hard_first,0.1370,0.1260,0.1485
constant,both,G8,r4b_chance_below_0.5,0.0897,0.0821,0.0985
constant,both,G8,r4b_chance_0.5_to_0.6,0.1270,0.1221,0.1326
constant,both,G8,r4b_chance_0.6_to_0.7,0.2075,0.2022,0.2127
constant,both,G8,r4b_chance_0.7_to_0.8,0.2682,0.2625,0.2739
constant,both,G8,r4b_chance_0.8_up,0.3076,0.2964,0.3192
constant,both,G8,r2_ece,0.0050,0.0034,0.0067
constant,both,G8,r4b_3,0.0715,0.0652,0.0780
constant,both,G8,r4b_5,0.2656,0.2538,0.2781
constant,both,G8,r4b_10,0.5945,0.5794,0.6100
constant,both,G8,r4b_20,0.8716,0.8542,0.8877
constant,both,G8,r4b_50,0.9876,0.9715,1.0000
gradient,both,G0,r1_rms_5,1.0198,0.9869,1.0556
gradient,both,G0,r1_mean_5,-0.0343,-0.1039,0.0320
gradient,both,G0,r1_rms_10,0.9568,0.9248,0.9879
gradient,both,G0,r1_mean_10,-0.0575,-0.1174,0.0015
gradient,both,G0,r1_rms_20,0.8558,0.8299,0.8826
gradient,both,G0,r1_mean_20,-0.0800,-0.1313,-0.0330
gradient,both,G0,r1_rms_50,0.6909,0.6735,0.7086
gradient,both,G0,r1_mean_50,-0.0976,-0.1347,-0.0616
gradient,both,G0,r1_rms_100,0.5793,0.5670,0.5919
gradient,both,G0,r1_mean_100,-0.0982,-0.1233,-0.0738
gradient,both,G0,r1_rms_200,0.4925,0.4831,0.5014
gradient,both,G0,r1_mean_200,-0.0848,-0.1024,-0.0671
gradient,both,G0,r2_brier,0.1723,0.1703,0.1742
gradient,both,G0,r2_bias,0.0017,-0.0016,0.0053
gradient,both,G0,r3_inside,0.4224,0.4163,0.4283
gradient,both,G0,r3_below_0.5,0.0379,0.0340,0.0418
gradient,both,G0,r3_above_0.95,0.0319,0.0286,0.0353
gradient,both,G0,r4_false,0.6387,0.6221,0.6563
gradient,both,G0,r4_false_0.70,0.5330,0.5148,0.5519
gradient,both,G0,r4_declared,10.0020,9.7760,10.2230
gradient,both,G0,r5_late_answers,9.7775,9.5296,10.0137
gradient,both,G0,r5_never,0.2105,0.1918,0.2297
gradient,both,G0,r6_lag,-0.1306,-0.1496,-0.1105
gradient,both,G0,r7_error_5,0.8674,0.8267,0.9114
gradient,both,G0,r7_error_10,0.7949,0.7575,0.8329
gradient,both,G0,r7_longest_wrong,1.7690,1.7110,1.8260
gradient,both,G0,r7_hard_first,0.1335,0.1227,0.1452
gradient,both,G0,r4b_chance_below_0.5,0.1135,0.1012,0.1280
gradient,both,G0,r4b_chance_0.5_to_0.6,0.1374,0.1306,0.1446
gradient,both,G0,r4b_chance_0.6_to_0.7,0.2139,0.2071,0.2206
gradient,both,G0,r4b_chance_0.7_to_0.8,0.2589,0.2504,0.2669
gradient,both,G0,r4b_chance_0.8_up,0.2763,0.2622,0.2920
gradient,both,G0,r2_ece,0.0044,0.0028,0.0077
gradient,both,G0,r4b_3,0.1467,0.1355,0.1582
gradient,both,G0,r4b_5,0.4488,0.4339,0.4643
gradient,both,G0,r4b_10,0.8326,0.8176,0.8469
gradient,both,G0,r4b_20,0.9799,0.9696,0.9892
gradient,both,G0,r4b_50,0.9954,0.9901,0.9991
gradient,both,G1,r1_rms_5,1.1039,1.0578,1.1488
gradient,both,G1,r1_mean_5,-0.0548,-0.1298,0.0231
gradient,both,G1,r1_rms_10,1.0404,1.0007,1.0796
gradient,both,G1,r1_mean_10,-0.0853,-0.1545,-0.0164
gradient,both,G1,r1_rms_20,0.9324,0.8983,0.9658
gradient,both,G1,r1_mean_20,-0.1060,-0.1684,-0.0442
gradient,both,G1,r1_rms_50,0.7502,0.7278,0.7727
gradient,both,G1,r1_mean_50,-0.1273,-0.1731,-0.0849
gradient,both,G1,r1_rms_100,0.6217,0.6059,0.6392
gradient,both,G1,r1_mean_100,-0.1157,-0.1463,-0.0859
gradient,both,G1,r1_rms_200,0.5213,0.5098,0.5319
gradient,both,G1,r1_mean_200,-0.0816,-0.1015,-0.0600
gradient,both,G1,r2_brier,0.1793,0.1765,0.1822
gradient,both,G1,r2_bias,-0.0029,-0.0068,0.0012
gradient,both,G1,r3_inside,0.3431,0.3329,0.3531
gradient,both,G1,r3_below_0.5,0.1210,0.1079,0.1343
gradient,both,G1,r3_above_0.95,0.0482,0.0427,0.0539
gradient,both,G1,r4_false,0.6149,0.5912,0.6367
gradient,both,G1,r4_false_0.70,0.5592,0.5388,0.5798
gradient,both,G1,r4_declared,10.5310,10.3080,10.7780
gradient,both,G1,r5_late_answers,9.4340,9.2036,9.6762
gradient,both,G1,r5_never,0.1923,0.1727,0.2112
gradient,both,G1,r6_lag,-0.1590,-0.1825,-0.1363
gradient,both,G1,r7_error_5,0.9437,0.8944,0.9953
gradient,both,G1,r7_error_10,0.8730,0.8257,0.9217
gradient,both,G1,r7_longest_wrong,2.0190,1.9430,2.1000
gradient,both,G1,r7_hard_first,0.2263,0.2090,0.2441
gradient,both,G1,r4b_chance_below_0.5,0.3353,0.3119,0.3576
gradient,both,G1,r4b_chance_0.5_to_0.6,0.1850,0.1766,0.1927
gradient,both,G1,r4b_chance_0.6_to_0.7,0.1599,0.1535,0.1662
gradient,both,G1,r4b_chance_0.7_to_0.8,0.1483,0.1383,0.1598
gradient,both,G1,r4b_chance_0.8_up,0.1715,0.1555,0.1890
gradient,both,G1,r2_ece,0.0087,0.0067,0.0125
gradient,both,G1,r4b_3,0.1199,0.1075,0.1328
gradient,both,G1,r4b_5,0.3739,0.3555,0.3924
gradient,both,G1,r4b_10,0.7161,0.6969,0.7348
gradient,both,G1,r4b_20,0.8961,0.8839,0.9081
gradient,both,G1,r4b_50,0.9833,0.9787,0.9876
gradient,both,G2,r1_rms_5,0.9612,0.9272,0.9958
gradient,both,G2,r1_mean_5,-0.1063,-0.1717,-0.0432
gradient,both,G2,r1_rms_10,0.9161,0.8856,0.9470
gradient,both,G2,r1_mean_10,-0.1814,-0.2361,-0.1239
gradient,both,G2,r1_rms_20,0.8556,0.8288,0.8843
gradient,both,G2,r1_mean_20,-0.2853,-0.3333,-0.2368
gradient,both,G2,r1_rms_50,0.8286,0.8058,0.8535
gradient,both,G2,r1_mean_50,-0.5233,-0.5593,-0.4862
gradient,both,G2,r1_rms_100,0.9938,0.9718,1.0167
gradient,both,G2,r1_mean_100,-0.8509,-0.8770,-0.8239
gradient,both,G2,r1_rms_200,1.4889,1.4700,1.5097
gradient,both,G2,r1_mean_200,-1.4218,-1.4421,-1.4025
gradient,both,G2,r2_brier,0.1271,0.1255,0.1287
gradient,both,G2,r2_bias,-0.0799,-0.0828,-0.0771
gradient,both,G2,r3_inside,0.2502,0.2439,0.2565
gradient,both,G2,r3_below_0.5,0.0152,0.0136,0.0169
gradient,both,G2,r3_above_0.95,0.1744,0.1654,0.1840
gradient,both,G2,r4_false,0.4006,0.3840,0.4169
gradient,both,G2,r4_false_0.70,0.2837,0.2676,0.2987
gradient,both,G2,r4_declared,14.1000,13.8320,14.3630
gradient,both,G2,r5_late_answers,7.6565,7.5189,7.7903
gradient,both,G2,r5_never,0.1050,0.0936,0.1172
gradient,both,G2,r6_lag,-1.1606,-1.1839,-1.1377
gradient,both,G2,r7_error_5,0.8038,0.7644,0.8418
gradient,both,G2,r7_error_10,0.7463,0.7078,0.7848
gradient,both,G2,r7_longest_wrong,1.7410,1.6870,1.7960
gradient,both,G2,r7_hard_first,0.1200,0.1104,0.1301
gradient,both,G2,r4b_chance_below_0.5,0.0703,0.0631,0.0780
gradient,both,G2,r4b_chance_0.5_to_0.6,0.0802,0.0750,0.0861
gradient,both,G2,r4b_chance_0.6_to_0.7,0.1414,0.1353,0.1480
gradient,both,G2,r4b_chance_0.7_to_0.8,0.2333,0.2263,0.2403
gradient,both,G2,r4b_chance_0.8_up,0.4748,0.4578,0.4904
gradient,both,G2,r2_ece,0.0799,0.0770,0.0827
gradient,both,G2,r4b_3,0.1817,0.1669,0.1963
gradient,both,G2,r4b_5,0.5491,0.5312,0.5668
gradient,both,G2,r4b_10,0.9321,0.9202,0.9440
gradient,both,G2,r4b_20,0.9981,0.9954,1.0000
gradient,both,G2,r4b_50,1.0000,1.0000,1.0000
gradient,both,G3,r1_rms_5,1.0052,0.9694,1.0407
gradient,both,G3,r1_mean_5,0.0400,-0.0265,0.1039
gradient,both,G3,r1_rms_10,0.9384,0.9085,0.9678
gradient,both,G3,r1_mean_10,0.0000,-0.0605,0.0578
gradient,both,G3,r1_rms_20,0.8389,0.8140,0.8647
gradient,both,G3,r1_mean_20,-0.0246,-0.0743,0.0263
gradient,both,G3,r1_rms_50,0.6876,0.6705,0.7058
gradient,both,G3,r1_mean_50,-0.0825,-0.1167,-0.0461
gradient,both,G3,r1_rms_100,0.8150,0.7911,0.8379
gradient,both,G3,r1_mean_100,-0.5109,-0.5480,-0.4752
gradient,both,G3,r1_rms_200,0.8479,0.8317,0.8658
gradient,both,G3,r1_mean_200,-0.7095,-0.7283,-0.6894
gradient,both,G3,r2_brier,0.1510,0.1492,0.1528
gradient,both,G3,r2_bias,-0.0371,-0.0404,-0.0340
gradient,both,G3,r3_inside,0.3340,0.3284,0.3396
gradient,both,G3,r3_below_0.5,0.0302,0.0273,0.0334
gradient,both,G3,r3_above_0.95,0.0859,0.0805,0.0916
gradient,both,G3,r4_false,0.5146,0.4963,0.5330
gradient,both,G3,r4_false_0.70,0.3970,0.3792,0.4152
gradient,both,G3,r4_declared,12.0090,11.7720,12.2630
gradient,both,G3,r5_late_answers,8.3449,8.1655,8.5293
gradient,both,G3,r5_never,0.1576,0.1426,0.1729
gradient,both,G3,r6_lag,-0.7205,-0.7417,-0.6985
gradient,both,G3,r6_jump_answers,80.2260,77.8750,82.7430
gradient,both,G3,r6_jump_unsettled,0.7250,0.6970,0.7540
gradient,both,G3,r7_error_5,0.8573,0.8182,0.8976
gradient,both,G3,r7_error_10,0.7866,0.7513,0.8226
gradient,both,G3,r7_longest_wrong,1.7790,1.7250,1.8370
gradient,both,G3,r7_hard_first,0.1439,0.1331,0.1556
gradient,both,G3,r4b_chance_below_0.5,0.1104,0.1000,0.1218
gradient,both,G3,r4b_chance_0.5_to_0.6,0.1204,0.1139,0.1268
gradient,both,G3,r4b_chance_0.6_to_0.7,0.1844,0.1784,0.1905
gradient,both,G3,r4b_chance_0.7_to_0.8,0.2463,0.2401,0.2530
gradient,both,G3,r4b_chance_0.8_up,0.3385,0.3231,0.3539
gradient,both,G3,r2_ece,0.0371,0.0339,0.0401
gradient,both,G3,r4b_3,0.1410,0.1294,0.1537
gradient,both,G3,r4b_5,0.4530,0.4358,0.4697
gradient,both,G3,r4b_10,0.8706,0.8571,0.8837
gradient,both,G3,r4b_20,0.9887,0.9826,0.9945
gradient,both,G3,r4b_50,1.0000,1.0000,1.0000
gradient,both,G4,r1_rms_5,1.0187,0.9823,1.0553
gradient,both,G4,r1_mean_5,-0.2314,-0.2986,-0.1656
gradient,both,G4,r1_rms_10,0.9651,0.9322,0.9999
gradient,both,G4,r1_mean_10,-0.2830,-0.3422,-0.2239
gradient,both,G4,r1_rms_20,0.8901,0.8623,0.9198
gradient,both,G4,r1_mean_20,-0.3362,-0.3835,-0.2874
gradient,both,G4,r1_rms_50,0.7626,0.7410,0.7844
gradient,both,G4,r1_mean_50,-0.4133,-0.4483,-0.3786
gradient,both,G4,r1_rms_100,0.6988,0.6822,0.7156
gradient,both,G4,r1_mean_100,-0.4568,-0.4802,-0.4317
gradient,both,G4,r1_rms_200,0.6552,0.6424,0.6677
gradient,both,G4,r1_mean_200,-0.4628,-0.4807,-0.4443
gradient,both,G4,r2_brier,0.1789,0.1769,0.1810
gradient,both,G4,r2_bias,0.0129,0.0097,0.0161
gradient,both,G4,r3_inside,0.3859,0.3813,0.3907
gradient,both,G4,r3_below_0.5,0.0564,0.0516,0.0616
gradient,both,G4,r3_above_0.95,0.0375,0.0340,0.0409
gradient,both,G4,r4_false,0.5822,0.5634,0.5998
gradient,both,G4,r4_false_0.70,0.4688,0.4492,0.4894
gradient,both,G4,r4_declared,9.4970,9.2860,9.7240
gradient,both,G4,r5_late_answers,10.0774,9.8306,10.3415
gradient,both,G4,r5_never,0.2424,0.2230,0.2630
gradient,both,G4,r6_lag,-0.4951,-0.5135,-0.4766
gradient,both,G4,r7_error_5,0.8817,0.8405,0.9251
gradient,both,G4,r7_error_10,0.8130,0.7750,0.8530
gradient,both,G4,r7_longest_wrong,1.8850,1.8310,1.9410
gradient,both,G4,r7_hard_first,0.1856,0.1734,0.1976
gradient,both,G4,r4b_chance_below_0.5,0.1595,0.1457,0.1736
gradient,both,G4,r4b_chance_0.5_to_0.6,0.1485,0.1425,0.1543
gradient,both,G4,r4b_chance_0.6_to_0.7,0.2005,0.1949,0.2062
gradient,both,G4,r4b_chance_0.7_to_0.8,0.2308,0.2233,0.2378
gradient,both,G4,r4b_chance_0.8_up,0.2607,0.2476,0.2750
gradient,both,G4,r2_ece,0.0151,0.0119,0.0183
gradient,both,G4,r4b_3,0.1182,0.1076,0.1286
gradient,both,G4,r4b_5,0.4100,0.3933,0.4266
gradient,both,G4,r4b_10,0.8086,0.7929,0.8246
gradient,both,G4,r4b_20,0.9715,0.9608,0.9815
gradient,both,G4,r4b_50,0.9993,0.9976,1.0000
gradient,both,G5,r1_rms_5,0.9406,0.8962,0.9826
gradient,both,G5,r1_mean_5,0.0549,-0.0167,0.1304
gradient,both,G5,r1_rms_10,0.8830,0.8458,0.9189
gradient,both,G5,r1_mean_10,0.0270,-0.0382,0.0900
gradient,both,G5,r1_rms_20,0.9065,0.8781,0.9364
gradient,both,G5,r1_mean_20,0.0080,-0.0422,0.0641
gradient,both,G5,r1_rms_50,0.7715,0.7508,0.7923
gradient,both,G5,r1_mean_50,-0.0338,-0.0754,0.0043
gradient,both,G5,r1_rms_100,0.6530,0.6379,0.6689
gradient,both,G5,r1_mean_100,-0.0710,-0.0984,-0.0420
gradient,both,G5,r1_rms_200,0.5563,0.5442,0.5689
gradient,both,G5,r1_mean_200,-0.0687,-0.0881,-0.0488
gradient,both,G5,r2_brier,0.1780,0.1759,0.1802
gradient,both,G5,r2_bias,0.0100,0.0063,0.0137
gradient,both,G5,r3_inside,0.4039,0.3974,0.4106
gradient,both,G5,r3_below_0.5,0.0563,0.0512,0.0618
gradient,both,G5,r3_above_0.95,0.0355,0.0315,0.0396
gradient,both,G5,r4_false,0.6267,0.6096,0.6453
gradient,both,G5,r4_false_0.70,0.5172,0.4974,0.5372
gradient,both,G5,r4_declared,9.8300,9.6110,10.0470
gradient,both,G5,r5_late_answers,9.6970,9.4514,9.9525
gradient,both,G5,r5_never,0.2175,0.1986,0.2369
gradient,both,G5,r6_lag,-0.1085,-0.1300,-0.0884
gradient,both,G5,r7_error_5,1.0265,0.9793,1.0735
gradient,both,G5,r7_error_10,0.9732,0.9291,1.0172
gradient,both,G5,r7_longest_wrong,1.9460,1.8840,2.0090
gradient,both,G5,r7_hard_first,0.1474,0.1345,0.1606
gradient,both,G5,r4b_chance_below_0.5,0.1650,0.1507,0.1801
gradient,both,G5,r4b_chance_0.5_to_0.6,0.1545,0.1474,0.1611
gradient,both,G5,r4b_chance_0.6_to_0.7,0.2145,0.2081,0.2213
gradient,both,G5,r4b_chance_0.7_to_0.8,0.2286,0.2201,0.2373
gradient,both,G5,r4b_chance_0.8_up,0.2373,0.2234,0.2517
gradient,both,G5,r2_ece,0.0133,0.0099,0.0169
gradient,both,G5,r4b_3,0.1199,0.1096,0.1311
gradient,both,G5,r4b_5,0.3989,0.3833,0.4143
gradient,both,G5,r4b_10,0.7908,0.7759,0.8059
gradient,both,G5,r4b_20,0.9696,0.9598,0.9794
gradient,both,G5,r4b_50,0.9978,0.9952,1.0000
gradient,both,G6,r1_rms_5,1.0532,1.0132,1.0960
gradient,both,G6,r1_mean_5,-0.0431,-0.1150,0.0299
gradient,both,G6,r1_rms_10,1.0025,0.9655,1.0404
gradient,both,G6,r1_mean_10,-0.0755,-0.1421,-0.0100
gradient,both,G6,r1_rms_20,0.9282,0.8925,0.9633
gradient,both,G6,r1_mean_20,-0.1034,-0.1665,-0.0467
gradient,both,G6,r1_rms_50,0.8187,0.7900,0.8477
gradient,both,G6,r1_mean_50,-0.1424,-0.1923,-0.0916
gradient,both,G6,r1_rms_100,0.7597,0.7348,0.7859
gradient,both,G6,r1_mean_100,-0.1680,-0.2144,-0.1207
gradient,both,G6,r1_rms_200,0.7349,0.7105,0.7585
gradient,both,G6,r1_mean_200,-0.1904,-0.2338,-0.1496
gradient,both,G6,r2_brier,0.1777,0.1757,0.1797
gradient,both,G6,r2_bias,0.0100,0.0065,0.0134
gradient,both,G6,r3_inside,0.4202,0.4070,0.4351
gradient,both,G6,r3_below_0.5,0.0590,0.0539,0.0638
gradient,both,G6,r3_above_0.95,0.0944,0.0872,0.1014
gradient,both,G6,r4_false,0.6891,0.6724,0.7069
gradient,both,G6,r4_false_0.70,0.5720,0.5524,0.5912
gradient,both,G6,r4_declared,9.5460,9.3410,9.7510
gradient,both,G6,r5_late_answers,9.9305,9.6608,10.2103
gradient,both,G6,r5_never,0.2316,0.2103,0.2541
gradient,both,G6,r6_lag,-0.2131,-0.2576,-0.1697
gradient,both,G6,r7_error_5,0.9205,0.8732,0.9677
gradient,both,G6,r7_error_10,0.8608,0.8161,0.9063
gradient,both,G6,r7_longest_wrong,1.8140,1.7570,1.8750
gradient,both,G6,r7_hard_first,0.1402,0.1285,0.1521
gradient,both,G6,r4b_chance_below_0.5,0.1293,0.1159,0.1452
gradient,both,G6,r4b_chance_0.5_to_0.6,0.1306,0.1210,0.1402
gradient,both,G6,r4b_chance_0.6_to_0.7,0.2454,0.2337,0.2564
gradient,both,G6,r4b_chance_0.7_to_0.8,0.2803,0.2668,0.2938
gradient,both,G6,r4b_chance_0.8_up,0.2144,0.2004,0.2282
gradient,both,G6,r2_ece,0.0140,0.0109,0.0172
gradient,both,G6,r4b_3,0.1264,0.1166,0.1368
gradient,both,G6,r4b_5,0.4067,0.3932,0.4206
gradient,both,G6,r4b_10,0.7961,0.7829,0.8098
gradient,both,G6,r4b_20,0.9725,0.9630,0.9804
gradient,both,G6,r4b_50,0.9974,0.9912,1.0000
gradient,both,G7,r1_rms_5,1.0109,0.9754,1.0470
gradient,both,G7,r1_mean_5,-0.0813,-0.1505,-0.0137
gradient,both,G7,r1_rms_10,0.9625,0.9292,0.9956
gradient,both,G7,r1_mean_10,-0.1176,-0.1799,-0.0543
gradient,both,G7,r1_rms_20,0.8781,0.8487,0.9066
gradient,both,G7,r1_mean_20,-0.1390,-0.1909,-0.0855
gradient,both,G7,r1_rms_50,0.7440,0.7234,0.7638
gradient,both,G7,r1_mean_50,-0.1540,-0.1943,-0.1127
gradient,both,G7,r1_rms_100,0.6486,0.6346,0.6630
gradient,both,G7,r1_mean_100,-0.1555,-0.1849,-0.1252
gradient,both,G7,r1_rms_200,0.5703,0.5597,0.5809
gradient,both,G7,r1_mean_200,-0.1495,-0.1745,-0.1240
gradient,both,G7,r2_brier,0.1726,0.1707,0.1745
gradient,both,G7,r2_bias,0.0035,0.0002,0.0068
gradient,both,G7,r3_inside,0.4242,0.4187,0.4302
gradient,both,G7,r3_below_0.5,0.0392,0.0352,0.0436
gradient,both,G7,r3_above_0.95,0.0324,0.0288,0.0361
gradient,both,G7,r4_false,0.6460,0.6305,0.6616
gradient,both,G7,r4_false_0.70,0.5491,0.5313,0.5667
gradient,both,G7,r4_declared,9.9470,9.7370,10.1710
gradient,both,G7,r5_late_answers,10.1167,9.8696,10.3584
gradient,both,G7,r5_never,0.1872,0.1691,0.2065
gradient,both,G7,r6_lag,-0.1714,-0.1962,-0.1454
gradient,both,G7,r7_error_5,0.8694,0.8268,0.9138
gradient,both,G7,r7_error_10,0.8103,0.7714,0.8494
gradient,both,G7,r7_longest_wrong,1.8180,1.7610,1.8770
gradient,both,G7,r7_hard_first,0.1380,0.1276,0.1491
gradient,both,G7,r4b_chance_below_0.5,0.1144,0.1019,0.1280
gradient,both,G7,r4b_chance_0.5_to_0.6,0.1341,0.1277,0.1406
gradient,both,G7,r4b_chance_0.6_to_0.7,0.2110,0.2046,0.2178
gradient,both,G7,r4b_chance_0.7_to_0.8,0.2636,0.2559,0.2713
gradient,both,G7,r4b_chance_0.8_up,0.2768,0.2627,0.2913
gradient,both,G7,r2_ece,0.0055,0.0025,0.0086
gradient,both,G7,r4b_3,0.1459,0.1349,0.1570
gradient,both,G7,r4b_5,0.4359,0.4200,0.4507
gradient,both,G7,r4b_10,0.8363,0.8227,0.8500
gradient,both,G7,r4b_20,0.9803,0.9721,0.9885
gradient,both,G7,r4b_50,0.9968,0.9921,1.0000
gradient,both,G8,r1_rms_5,1.0037,0.9693,1.0397
gradient,both,G8,r1_mean_5,-0.0258,-0.0942,0.0406
gradient,both,G8,r1_rms_10,0.9411,0.9098,0.9742
gradient,both,G8,r1_mean_10,-0.0521,-0.1127,0.0042
gradient,both,G8,r1_rms_20,0.8561,0.8282,0.8829
gradient,both,G8,r1_mean_20,-0.0780,-0.1332,-0.0269
gradient,both,G8,r1_rms_50,0.6977,0.6790,0.7163
gradient,both,G8,r1_mean_50,-0.1103,-0.1476,-0.0731
gradient,both,G8,r1_rms_100,0.5905,0.5778,0.6039
gradient,both,G8,r1_mean_100,-0.1192,-0.1461,-0.0935
gradient,both,G8,r1_rms_200,0.4996,0.4896,0.5097
gradient,both,G8,r1_mean_200,-0.1029,-0.1212,-0.0850
gradient,both,G8,r2_brier,0.1721,0.1701,0.1741
gradient,both,G8,r2_bias,0.0030,-0.0002,0.0064
gradient,both,G8,r3_inside,0.4220,0.4160,0.4281
gradient,both,G8,r3_below_0.5,0.0368,0.0332,0.0406
gradient,both,G8,r3_above_0.95,0.0351,0.0310,0.0392
gradient,both,G8,r4_false,0.6354,0.6167,0.6543
gradient,both,G8,r4_false_0.70,0.5273,0.5061,0.5475
gradient,both,G8,r4_declared,7.6140,7.4060,7.8120
gradient,both,G8,r5_late_answers,10.8177,10.5336,11.1465
gradient,both,G8,r5_never,0.3666,0.3434,0.3886
gradient,both,G8,r6_lag,-0.1322,-0.1513,-0.1128
gradient,both,G8,r7_error_5,0.8571,0.8167,0.8977
gradient,both,G8,r7_error_10,0.7878,0.7496,0.8277
gradient,both,G8,r7_longest_wrong,1.7600,1.7090,1.8110
gradient,both,G8,r7_hard_first,0.1379,0.1270,0.1495
gradient,both,G8,r4b_chance_below_0.5,0.1001,0.0899,0.1110
gradient,both,G8,r4b_chance_0.5_to_0.6,0.1331,0.1267,0.1396
gradient,both,G8,r4b_chance_0.6_to_0.7,0.2149,0.2084,0.2214
gradient,both,G8,r4b_chance_0.7_to_0.8,0.2734,0.2656,0.2806
gradient,both,G8,r4b_chance_0.8_up,0.2786,0.2652,0.2930
gradient,both,G8,r2_ece,0.0047,0.0020,0.0080
gradient,both,G8,r4b_3,0.0709,0.0637,0.0781
gradient,both,G8,r4b_5,0.2998,0.2856,0.3133
gradient,both,G8,r4b_10,0.6676,0.6496,0.6853
gradient,both,G8,r4b_20,0.9345,0.9214,0.9477
gradient,both,G8,r4b_50,0.9961,0.9911,1.0000
glicko2,general,G0,r1_rms_5,0.9214,0.8899,0.9539
glicko2,general,G0,r1_mean_5,0.0665,0.0044,0.1263
glicko2,general,G0,r1_rms_10,0.8078,0.7844,0.8320
glicko2,general,G0,r1_mean_10,0.0892,0.0434,0.1366
glicko2,general,G0,r1_rms_20,0.7105,0.6925,0.7288
glicko2,general,G0,r1_mean_20,0.1277,0.0911,0.1654
glicko2,general,G0,r1_rms_50,0.6105,0.5991,0.6225
glicko2,general,G0,r1_mean_50,0.1705,0.1471,0.1948
glicko2,general,G0,r1_rms_100,0.5799,0.5703,0.5898
glicko2,general,G0,r1_mean_100,0.1770,0.1577,0.1971
glicko2,general,G0,r1_rms_200,0.5825,0.5732,0.5921
glicko2,general,G0,r1_mean_200,0.1308,0.1091,0.1529
glicko2,general,G0,r2_brier,0.2005,0.1996,0.2014
glicko2,general,G0,r2_bias,-0.0008,-0.0022,0.0005
glicko2,general,G0,r3_inside,0.4105,0.4055,0.4152
glicko2,general,G0,r3_below_0.5,0.0727,0.0686,0.0772
glicko2,general,G0,r3_above_0.95,0.0114,0.0103,0.0125
glicko2,general,G0,r4_false,0.7109,0.6901,0.7304
glicko2,general,G0,r4_false_0.70,0.6163,0.5930,0.6379
glicko2,general,G0,r4_declared,8.6880,8.4590,8.9170
glicko2,general,G0,r5_late_answers,9.0332,8.7771,9.2983
glicko2,general,G0,r5_never,0.3915,0.3691,0.4139
glicko2,general,G0,r6_lag,0.2797,0.2660,0.2936
glicko2,general,G0,r7_error_5,0.7599,0.7237,0.7967
glicko2,general,G0,r7_error_10,0.6004,0.5712,0.6279
glicko2,general,G0,r7_longest_wrong,1.8560,1.7990,1.9160
glicko2,general,G0,r7_hard_first,0.1269,0.1163,0.1380
glicko2,general,G0,r4b_chance_below_0.5,0.1457,0.1360,0.1568
glicko2,general,G0,r4b_chance_0.5_to_0.6,0.1902,0.1848,0.1958
glicko2,general,G0,r4b_chance_0.6_to_0.7,0.2496,0.2439,0.2550
glicko2,general,G0,r4b_chance_0.7_to_0.8,0.2443,0.2376,0.2507
glicko2,general,G0,r4b_chance_0.8_up,0.1702,0.1616,0.1785
glicko2,general,G0,r2_ece,0.0068,0.0050,0.0087
glicko2,general,G0,r4b_3,0.1219,0.1136,0.1302
glicko2,general,G0,r4b_5,0.3319,0.3201,0.3444
glicko2,general,G0,r4b_10,0.6632,0.6486,0.6778
glicko2,general,G0,r4b_20,0.9163,0.9026,0.9291
glicko2,general,G0,r4b_50,0.9964,0.9923,0.9993
glicko2,general,G1,r1_rms_5,1.1858,1.1461,1.2280
glicko2,general,G1,r1_mean_5,-0.0402,-0.1176,0.0344
glicko2,general,G1,r1_rms_10,0.9549,0.9234,0.9863
glicko2,general,G1,r1_mean_10,-0.0047,-0.0642,0.0573
glicko2,general,G1,r1_rms_20,0.7858,0.7650,0.8065
glicko2,general,G1,r1_mean_20,0.0847,0.0412,0.1290
glicko2,general,G1,r1_rms_50,0.6450,0.6325,0.6575
glicko2,general,G1,r1_mean_50,0.1769,0.1498,0.2052
glicko2,general,G1,r1_rms_100,0.5973,0.5877,0.6065
glicko2,general,G1,r1_mean_100,0.2100,0.1894,0.2301
glicko2,general,G1,r1_rms_200,0.5899,0.5801,0.5999
glicko2,general,G1,r1_mean_200,0.1563,0.1355,0.1783
glicko2,general,G1,r2_brier,0.2038,0.2021,0.2055
glicko2,general,G1,r2_bias,-0.0031,-0.0049,-0.0012
glicko2,general,G1,r3_inside,0.3520,0.3422,0.3608
glicko2,general,G1,r3_below_0.5,0.1491,0.1367,0.1618
glicko2,general,G1,r3_above_0.95,0.0183,0.0168,0.0199
glicko2,general,G1,r4_false,0.6183,0.5907,0.6455
glicko2,general,G1,r4_false_0.70,0.5602,0.5341,0.5854
glicko2,general,G1,r4_declared,8.1270,7.8950,8.3570
glicko2,general,G1,r5_late_answers,9.5349,9.2902,9.7931
glicko2,general,G1,r5_never,0.4020,0.3768,0.4279
glicko2,general,G1,r6_lag,0.3275,0.3110,0.3445
glicko2,general,G1,r7_error_5,1.0654,1.0209,1.1091
glicko2,general,G1,r7_error_10,0.7835,0.7477,0.8229
glicko2,general,G1,r7_longest_wrong,2.0390,1.9550,2.1260
glicko2,general,G1,r7_hard_first,0.2382,0.2201,0.2564
glicko2,general,G1,r4b_chance_below_0.5,0.3442,0.3224,0.3655
glicko2,general,G1,r4b_chance_0.5_to_0.6,0.2063,0.1995,0.2134
glicko2,general,G1,r4b_chance_0.6_to_0.7,0.1759,0.1692,0.1826
glicko2,general,G1,r4b_chance_0.7_to_0.8,0.1483,0.1392,0.1587
glicko2,general,G1,r4b_chance_0.8_up,0.1253,0.1140,0.1375
glicko2,general,G1,r2_ece,0.0098,0.0082,0.0120
glicko2,general,G1,r4b_3,0.0995,0.0900,0.1096
glicko2,general,G1,r4b_5,0.2809,0.2665,0.2957
glicko2,general,G1,r4b_10,0.5741,0.5560,0.5924
glicko2,general,G1,r4b_20,0.8346,0.8189,0.8492
glicko2,general,G1,r4b_50,0.9717,0.9644,0.9789
glicko2,general,G2,r1_rms_5,0.8962,0.8666,0.9280
glicko2,general,G2,r1_mean_5,0.0118,-0.0469,0.0712
glicko2,general,G2,r1_rms_10,0.8094,0.7864,0.8328
glicko2,general,G2,r1_mean_10,0.0034,-0.0429,0.0487
glicko2,general,G2,r1_rms_20,0.7042,0.6872,0.7212
glicko2,general,G2,r1_mean_20,-0.0323,-0.0670,0.0029
glicko2,general,G2,r1_rms_50,0.6040,0.5927,0.6158
glicko2,general,G2,r1_mean_50,-0.1383,-0.1607,-0.1136
glicko2,general,G2,r1_rms_100,0.6065,0.5951,0.6178
glicko2,general,G2,r1_mean_100,-0.2662,-0.2851,-0.2461
glicko2,general,G2,r1_rms_200,0.6109,0.5997,0.6226
glicko2,general,G2,r1_mean_200,-0.3070,-0.3264,-0.2877
glicko2,general,G2,r2_brier,0.1722,0.1714,0.1730
glicko2,general,G2,r2_bias,-0.0600,-0.0614,-0.0586
glicko2,general,G2,r3_inside,0.4257,0.4219,0.4295
glicko2,general,G2,r3_below_0.5,0.0285,0.0268,0.0301
glicko2,general,G2,r3_above_0.95,0.0306,0.0287,0.0327
glicko2,general,G2,r4_false,0.4730,0.4546,0.4914
glicko2,general,G2,r4_false_0.70,0.3629,0.3455,0.3800
glicko2,general,G2,r4_declared,10.6520,10.4150,10.8870
glicko2,general,G2,r5_late_answers,7.0935,6.9390,7.2673
glicko2,general,G2,r5_never,0.3911,0.3726,0.4114
glicko2,general,G2,r6_lag,-0.2359,-0.2503,-0.2213
glicko2,general,G2,r7_error_5,0.7314,0.6972,0.7672
glicko2,general,G2,r7_error_10,0.6186,0.5903,0.6489
glicko2,general,G2,r7_longest_wrong,1.8640,1.8070,1.9210
glicko2,general,G2,r7_hard_first,0.1175,0.1073,0.1283
glicko2,general,G2,r4b_chance_below_0.5,0.0805,0.0756,0.0856
glicko2,general,G2,r4b_chance_0.5_to_0.6,0.1308,0.1254,0.1361
glicko2,general,G2,r4b_chance_0.6_to_0.7,0.2227,0.2172,0.2280
glicko2,general,G2,r4b_chance_0.7_to_0.8,0.2818,0.2764,0.2873
glicko2,general,G2,r4b_chance_0.8_up,0.2841,0.2744,0.2940
glicko2,general,G2,r2_ece,0.0600,0.0586,0.0613
glicko2,general,G2,r4b_3,0.1286,0.1190,0.1382
glicko2,general,G2,r4b_5,0.3665,0.3517,0.3813
glicko2,general,G2,r4b_10,0.7422,0.7245,0.7606
glicko2,general,G2,r4b_20,0.9701,0.9585,0.9809
glicko2,general,G2,r4b_50,1.0000,0.9952,1.0000
glicko2,general,G3,r1_rms_5,0.9365,0.9055,0.9670
glicko2,general,G3,r1_mean_5,0.1378,0.0816,0.1962
glicko2,general,G3,r1_rms_10,0.8287,0.8040,0.8549
glicko2,general,G3,r1_mean_10,0.1374,0.0891,0.1875
glicko2,general,G3,r1_rms_20,0.7175,0.7001,0.7357
glicko2,general,G3,r1_mean_20,0.1566,0.1196,0.1939
glicko2,general,G3,r1_rms_50,0.6113,0.5992,0.6236
glicko2,general,G3,r1_mean_50,0.1494,0.1243,0.1750
glicko2,general,G3,r1_rms_100,0.6479,0.6342,0.6623
glicko2,general,G3,r1_mean_100,-0.1455,-0.1746,-0.1166
glicko2,general,G3,r1_rms_200,0.5692,0.5601,0.5785
glicko2,general,G3,r1_mean_200,-0.0275,-0.0489,-0.0054
glicko2,general,G3,r2_brier,0.1860,0.1852,0.1869
glicko2,general,G3,r2_bias,-0.0313,-0.0327,-0.0300
glicko2,general,G3,r3_inside,0.4136,0.4099,0.4171
glicko2,general,G3,r3_below_0.5,0.0502,0.0472,0.0531
glicko2,general,G3,r3_above_0.95,0.0242,0.0227,0.0257
glicko2,general,G3,r4_false,0.5693,0.5488,0.5890
glicko2,general,G3,r4_false_0.70,0.4643,0.4436,0.4850
glicko2,general,G3,r4_declared,9.6480,9.4280,9.8700
glicko2,general,G3,r5_late_answers,7.5987,7.3758,7.8149
glicko2,general,G3,r5_never,0.3905,0.3701,0.4116
glicko2,general,G3,r6_lag,-0.0767,-0.0926,-0.0614
glicko2,general,G3,r6_jump_answers,25.2770,23.9780,26.6570
glicko2,general,G3,r6_jump_unsettled,0.0520,0.0400,0.0660
glicko2,general,G3,r7_error_5,0.7708,0.7368,0.8060
glicko2,general,G3,r7_error_10,0.6405,0.6118,0.6725
glicko2,general,G3,r7_longest_wrong,1.8690,1.8080,1.9270
glicko2,general,G3,r7_hard_first,0.1354,0.1244,0.1471
glicko2,general,G3,r4b_chance_below_0.5,0.1253,0.1174,0.1342
glicko2,general,G3,r4b_chance_0.5_to_0.6,0.1656,0.1603,0.1710
glicko2,general,G3,r4b_chance_0.6_to_0.7,0.2351,0.2299,0.2402
glicko2,general,G3,r4b_chance_0.7_to_0.8,0.2570,0.2505,0.2630
glicko2,general,G3,r4b_chance_0.8_up,0.2170,0.2079,0.2259
glicko2,general,G3,r2_ece,0.0313,0.0299,0.0327
glicko2,general,G3,r4b_3,0.1141,0.1058,0.1226
glicko2,general,G3,r4b_5,0.3360,0.3226,0.3489
glicko2,general,G3,r4b_10,0.6935,0.6779,0.7090
glicko2,general,G3,r4b_20,0.9460,0.9334,0.9579
glicko2,general,G3,r4b_50,1.0000,1.0000,1.0000
glicko2,general,G4,r1_rms_5,0.9124,0.8811,0.9441
glicko2,general,G4,r1_mean_5,-0.0892,-0.1486,-0.0314
glicko2,general,G4,r1_rms_10,0.8232,0.7985,0.8487
glicko2,general,G4,r1_mean_10,-0.1692,-0.2181,-0.1221
glicko2,general,G4,r1_rms_20,0.7196,0.7028,0.7363
glicko2,general,G4,r1_mean_20,-0.1968,-0.2330,-0.1610
glicko2,general,G4,r1_rms_50,0.6141,0.6019,0.6270
glicko2,general,G4,r1_mean_50,-0.2113,-0.2336,-0.1882
glicko2,general,G4,r1_rms_100,0.5894,0.5785,0.6004
glicko2,general,G4,r1_mean_100,-0.2321,-0.2512,-0.2127
glicko2,general,G4,r1_rms_200,0.6112,0.5999,0.6227
glicko2,general,G4,r1_mean_200,-0.2749,-0.2956,-0.2560
glicko2,general,G4,r2_brier,0.2028,0.2019,0.2037
glicko2,general,G4,r2_bias,0.0039,0.0026,0.0053
glicko2,general,G4,r3_inside,0.3821,0.3782,0.3861
glicko2,general,G4,r3_below_0.5,0.0931,0.0886,0.0975
glicko2,general,G4,r3_above_0.95,0.0148,0.0138,0.0159
glicko2,general,G4,r4_false,0.6444,0.6235,0.6643
glicko2,general,G4,r4_false_0.70,0.5368,0.5131,0.5601
glicko2,general,G4,r4_declared,8.2570,8.0250,8.4870
glicko2,general,G4,r5_late_answers,9.6808,9.4054,9.9679
glicko2,general,G4,r5_never,0.4119,0.3907,0.4340
glicko2,general,G4,r6_lag,-0.1192,-0.1333,-0.1048
glicko2,general,G4,r7_error_5,0.7588,0.7243,0.7968
glicko2,general,G4,r7_error_10,0.6253,0.5947,0.6575
glicko2,general,G4,r7_longest_wrong,1.9800,1.9230,2.0360
glicko2,general,G4,r7_hard_first,0.1841,0.1719,0.1960
glicko2,general,G4,r4b_chance_below_0.5,0.1819,0.1726,0.1928
glicko2,general,G4,r4b_chance_0.5_to_0.6,0.1873,0.1824,0.1923
glicko2,general,G4,r4b_chance_0.6_to_0.7,0.2258,0.2211,0.2307
glicko2,general,G4,r4b_chance_0.7_to_0.8,0.2200,0.2139,0.2261
glicko2,general,G4,r4b_chance_0.8_up,0.1850,0.1764,0.1937
glicko2,general,G4,r2_ece,0.0089,0.0071,0.0109
glicko2,general,G4,r4b_3,0.0948,0.0868,0.1030
glicko2,general,G4,r4b_5,0.3030,0.2884,0.3175
glicko2,general,G4,r4b_10,0.6500,0.6343,0.6653
glicko2,general,G4,r4b_20,0.9112,0.8984,0.9236
glicko2,general,G4,r4b_50,0.9966,0.9918,1.0000
glicko2,general,G5,r1_rms_5,0.8626,0.8279,0.8996
glicko2,general,G5,r1_mean_5,0.1511,0.0905,0.2155
glicko2,general,G5,r1_rms_10,0.7320,0.7057,0.7608
glicko2,general,G5,r1_mean_10,0.1547,0.1088,0.2053
glicko2,general,G5,r1_rms_20,0.7732,0.7542,0.7938
glicko2,general,G5,r1_mean_20,0.1388,0.1011,0.1770
glicko2,general,G5,r1_rms_50,0.7119,0.6965,0.7281
glicko2,general,G5,r1_mean_50,0.1764,0.1509,0.2023
glicko2,general,G5,r1_rms_100,0.6834,0.6691,0.6970
glicko2,general,G5,r1_mean_100,0.1575,0.1372,0.1780
glicko2,general,G5,r1_rms_200,0.6907,0.6765,0.7045
glicko2,general,G5,r1_mean_200,0.1129,0.0902,0.1351
glicko2,general,G5,r2_brier,0.2020,0.2011,0.2029
glicko2,general,G5,r2_bias,0.0022,0.0007,0.0036
glicko2,general,G5,r3_inside,0.3826,0.3762,0.3891
glicko2,general,G5,r3_below_0.5,0.0941,0.0889,0.0991
glicko2,general,G5,r3_above_0.95,0.0157,0.0144,0.0170
glicko2,general,G5,r4_false,0.6790,0.6586,0.7004
glicko2,general,G5,r4_false_0.70,0.5585,0.5356,0.5816
glicko2,general,G5,r4_declared,8.7830,8.5510,9.0140
glicko2,general,G5,r5_late_answers,8.9177,8.6460,9.1943
glicko2,general,G5,r5_never,0.3591,0.3361,0.3818
glicko2,general,G5,r6_lag,0.2779,0.2642,0.2924
glicko2,general,G5,r7_error_5,0.9095,0.8693,0.9511
glicko2,general,G5,r7_error_10,0.8026,0.7677,0.8360
glicko2,general,G5,r7_longest_wrong,2.0360,1.9720,2.1010
glicko2,general,G5,r7_hard_first,0.1372,0.1250,0.1494
glicko2,general,G5,r4b_chance_below_0.5,0.2184,0.2054,0.2320
glicko2,general,G5,r4b_chance_0.5_to_0.6,0.1961,0.1896,0.2023
glicko2,general,G5,r4b_chance_0.6_to_0.7,0.2237,0.2171,0.2303
glicko2,general,G5,r4b_chance_0.7_to_0.8,0.2054,0.1978,0.2132
glicko2,general,G5,r4b_chance_0.8_up,0.1563,0.1472,0.1661
glicko2,general,G5,r2_ece,0.0044,0.0032,0.0060
glicko2,general,G5,r4b_3,0.1094,0.1015,0.1176
glicko2,general,G5,r4b_5,0.2959,0.2829,0.3087
glicko2,general,G5,r4b_10,0.6146,0.5987,0.6310
glicko2,general,G5,r4b_20,0.9047,0.8909,0.9187
glicko2,general,G5,r4b_50,0.9960,0.9915,1.0000
glicko2,general,G6,r1_rms_5,0.9542,0.9207,0.9893
glicko2,general,G6,r1_mean_5,0.0500,-0.0116,0.1122
glicko2,general,G6,r1_rms_10,0.8934,0.8628,0.9230
glicko2,general,G6,r1_mean_10,0.0528,-0.0021,0.1115
glicko2,general,G6,r1_rms_20,0.8052,0.7789,0.8310
glicko2,general,G6,r1_mean_20,0.0534,0.0049,0.1004
glicko2,general,G6,r1_rms_50,0.7330,0.7149,0.7528
glicko2,general,G6,r1_mean_50,0.0627,0.0211,0.1030
glicko2,general,G6,r1_rms_100,0.6938,0.6787,0.7095
glicko2,general,G6,r1_mean_100,0.0402,0.0049,0.0736
glicko2,general,G6,r1_rms_200,0.6604,0.6471,0.6744
glicko2,general,G6,r1_mean_200,-0.0317,-0.0629,0.0003
glicko2,general,G6,r2_brier,0.2015,0.2004,0.2025
glicko2,general,G6,r2_bias,0.0029,0.0014,0.0044
glicko2,general,G6,r3_inside,0.3858,0.3727,0.3989
glicko2,general,G6,r3_below_0.5,0.1014,0.0948,0.1081
glicko2,general,G6,r3_above_0.95,0.0626,0.0582,0.0670
glicko2,general,G6,r4_false,0.7092,0.6883,0.7286
glicko2,general,G6,r4_false_0.70,0.6013,0.5793,0.6228
glicko2,general,G6,r4_declared,8.6240,8.3950,8.8480
glicko2,general,G6,r5_late_answers,8.9985,8.7180,9.2910
glicko2,general,G6,r5_never,0.3747,0.3500,0.3983
glicko2,general,G6,r6_lag,0.1493,0.1161,0.1812
glicko2,general,G6,r7_error_5,0.8121,0.7731,0.8508
glicko2,general,G6,r7_error_10,0.7221,0.6871,0.7577
glicko2,general,G6,r7_longest_wrong,1.9170,1.8550,1.9810
glicko2,general,G6,r7_hard_first,0.1365,0.1253,0.1486
glicko2,general,G6,r4b_chance_below_0.5,0.1649,0.1507,0.1805
glicko2,general,G6,r4b_chance_0.5_to_0.6,0.1468,0.1388,0.1552
glicko2,general,G6,r4b_chance_0.6_to_0.7,0.2804,0.2686,0.2920
glicko2,general,G6,r4b_chance_0.7_to_0.8,0.2652,0.2530,0.2774
glicko2,general,G6,r4b_chance_0.8_up,0.1426,0.1332,0.1521
glicko2,general,G6,r2_ece,0.0060,0.0046,0.0079
glicko2,general,G6,r4b_3,0.1231,0.1151,0.1319
glicko2,general,G6,r4b_5,0.3345,0.3224,0.3463
glicko2,general,G6,r4b_10,0.6607,0.6462,0.6751
glicko2,general,G6,r4b_20,0.9126,0.8996,0.9246
glicko2,general,G6,r4b_50,0.9945,0.9878,1.0000
glicko2,general,G7,r1_rms_5,0.9224,0.8911,0.9549
glicko2,general,G7,r1_mean_5,0.0513,-0.0123,0.1136
glicko2,general,G7,r1_rms_10,0.8274,0.8011,0.8537
glicko2,general,G7,r1_mean_10,0.0338,-0.0153,0.0860
glicko2,general,G7,r1_rms_20,0.7386,0.7190,0.7570
glicko2,general,G7,r1_mean_20,0.0421,0.0020,0.0831
glicko2,general,G7,r1_rms_50,0.6520,0.6382,0.6655
glicko2,general,G7,r1_mean_50,0.0967,0.0665,0.1255
glicko2,general,G7,r1_rms_100,0.6283,0.6169,0.6403
glicko2,general,G7,r1_mean_100,0.1096,0.0821,0.1373
glicko2,general,G7,r1_rms_200,0.6308,0.6183,0.6428
glicko2,general,G7,r1_mean_200,0.0486,0.0192,0.0786
glicko2,general,G7,r2_brier,0.2000,0.1991,0.2008
glicko2,general,G7,r2_bias,0.0002,-0.0011,0.0016
glicko2,general,G7,r3_inside,0.4115,0.4070,0.4161
glicko2,general,G7,r3_below_0.5,0.0712,0.0673,0.0755
glicko2,general,G7,r3_above_0.95,0.0112,0.0102,0.0123
glicko2,general,G7,r4_false,0.7052,0.6873,0.7236
glicko2,general,G7,r4_false_0.70,0.6094,0.5886,0.6307
glicko2,general,G7,r4_declared,8.5460,8.3290,8.7680
glicko2,general,G7,r5_late_answers,9.4716,9.2006,9.7466
glicko2,general,G7,r5_never,0.3684,0.3457,0.3900
glicko2,general,G7,r6_lag,0.2227,0.2003,0.2461
glicko2,general,G7,r7_error_5,0.7781,0.7431,0.8166
glicko2,general,G7,r7_error_10,0.6422,0.6105,0.6740
glicko2,general,G7,r7_longest_wrong,1.9110,1.8580,1.9660
glicko2,general,G7,r7_hard_first,0.1372,0.1264,0.1479
glicko2,general,G7,r4b_chance_below_0.5,0.1449,0.1346,0.1557
glicko2,general,G7,r4b_chance_0.5_to_0.6,0.1879,0.1821,0.1938
glicko2,general,G7,r4b_chance_0.6_to_0.7,0.2494,0.2435,0.2554
glicko2,general,G7,r4b_chance_0.7_to_0.8,0.2409,0.2346,0.2469
glicko2,general,G7,r4b_chance_0.8_up,0.1769,0.1682,0.1857
glicko2,general,G7,r2_ece,0.0064,0.0044,0.0082
glicko2,general,G7,r4b_3,0.1249,0.1166,0.1326
glicko2,general,G7,r4b_5,0.3367,0.3245,0.3496
glicko2,general,G7,r4b_10,0.6577,0.6441,0.6727
glicko2,general,G7,r4b_20,0.9166,0.9032,0.9293
glicko2,general,G7,r4b_50,0.9986,0.9937,1.0000
glicko2,general,G8,r1_rms_5,0.9279,0.8973,0.9595
glicko2,general,G8,r1_mean_5,0.1037,0.0472,0.1637
glicko2,general,G8,r1_rms_10,0.8239,0.7993,0.8510
glicko2,general,G8,r1_mean_10,0.1135,0.0659,0.1625
glicko2,general,G8,r1_rms_20,0.7233,0.7047,0.7416
glicko2,general,G8,r1_mean_20,0.1159,0.0776,0.1524
glicko2,general,G8,r1_rms_50,0.6210,0.6089,0.6323
glicko2,general,G8,r1_mean_50,0.1535,0.1277,0.1790
glicko2,general,G8,r1_rms_100,0.5813,0.5721,0.5908
glicko2,general,G8,r1_mean_100,0.1628,0.1432,0.1833
glicko2,general,G8,r1_rms_200,0.5781,0.5689,0.5872
glicko2,general,G8,r1_mean_200,0.1353,0.1169,0.1560
glicko2,general,G8,r2_brier,0.1998,0.1990,0.2008
glicko2,general,G8,r2_bias,-0.0009,-0.0022,0.0005
glicko2,general,G8,r3_inside,0.4096,0.4050,0.4139
glicko2,general,G8,r3_below_0.5,0.0707,0.0672,0.0748
glicko2,general,G8,r3_above_0.95,0.0116,0.0105,0.0128
glicko2,general,G8,r4_false,0.7101,0.6886,0.7309
glicko2,general,G8,r4_false_0.70,0.6057,0.5798,0.6304
glicko2,general,G8,r4_declared,5.8960,5.6970,6.0920
glicko2,general,G8,r5_late_answers,9.3813,9.0693,9.7188
glicko2,general,G8,r5_never,0.5760,0.5551,0.5955
glicko2,general,G8,r6_lag,0.2771,0.2633,0.2916
glicko2,general,G8,r7_error_5,0.7762,0.7407,0.8158
glicko2,general,G8,r7_error_10,0.6387,0.6102,0.6704
glicko2,general,G8,r7_longest_wrong,1.9090,1.8530,1.9640
glicko2,general,G8,r7_hard_first,0.1355,0.1244,0.1464
glicko2,general,G8,r4b_chance_below_0.5,0.1410,0.1325,0.1506
glicko2,general,G8,r4b_chance_0.5_to_0.6,0.1938,0.1888,0.1993
glicko2,general,G8,r4b_chance_0.6_to_0.7,0.2555,0.2499,0.2608
glicko2,general,G8,r4b_chance_0.7_to_0.8,0.2436,0.2378,0.2495
glicko2,general,G8,r4b_chance_0.8_up,0.1660,0.1581,0.1738
glicko2,general,G8,r2_ece,0.0056,0.0035,0.0076
glicko2,general,G8,r4b_3,0.0637,0.0578,0.0699
glicko2,general,G8,r4b_5,0.2191,0.2082,0.2298
glicko2,general,G8,r4b_10,0.4932,0.4783,0.5089
glicko2,general,G8,r4b_20,0.7928,0.7731,0.8114
glicko2,general,G8,r4b_50,0.9820,0.9711,0.9918
glicko2_floor,general,G0,r1_rms_5,0.9748,0.9429,1.0086
glicko2_floor,general,G0,r1_mean_5,-0.2144,-0.2765,-0.1521
glicko2_floor,general,G0,r1_rms_10,0.8509,0.8240,0.8786
glicko2_floor,general,G0,r1_mean_10,-0.2394,-0.2871,-0.1911
glicko2_floor,general,G0,r1_rms_20,0.7332,0.7135,0.7532
glicko2_floor,general,G0,r1_mean_20,-0.2246,-0.2611,-0.1903
glicko2_floor,general,G0,r1_rms_50,0.6176,0.6051,0.6301
glicko2_floor,general,G0,r1_mean_50,-0.1776,-0.2028,-0.1513
glicko2_floor,general,G0,r1_rms_100,0.5795,0.5689,0.5896
glicko2_floor,general,G0,r1_mean_100,-0.1726,-0.1934,-0.1529
glicko2_floor,general,G0,r1_rms_200,0.5937,0.5820,0.6063
glicko2_floor,general,G0,r1_mean_200,-0.2197,-0.2407,-0.1976
glicko2_floor,general,G0,r2_brier,0.1747,0.1736,0.1759
glicko2_floor,general,G0,r2_bias,0.0007,-0.0006,0.0019
glicko2_floor,general,G0,r3_inside,0.4303,0.4253,0.4350
glicko2_floor,general,G0,r3_below_0.5,0.0365,0.0329,0.0404
glicko2_floor,general,G0,r3_above_0.95,0.0265,0.0246,0.0284
glicko2_floor,general,G0,r4_false,0.6364,0.6159,0.6573
glicko2_floor,general,G0,r4_false_0.70,0.5349,0.5137,0.5561
glicko2_floor,general,G0,r4_declared,10.2790,10.0390,10.5270
glicko2_floor,general,G0,r5_late_answers,9.1447,8.9244,9.3708
glicko2_floor,general,G0,r5_never,0.2611,0.2385,0.2826
glicko2_floor,general,G0,r6_lag,-0.0800,-0.0933,-0.0659
glicko2_floor,general,G0,r7_error_5,0.8193,0.7830,0.8562
glicko2_floor,general,G0,r7_error_10,0.6487,0.6174,0.6808
glicko2_floor,general,G0,r7_longest_wrong,1.6710,1.6190,1.7230
glicko2_floor,general,G0,r7_hard_first,0.0995,0.0901,0.1090
glicko2_floor,general,G0,r4b_chance_below_0.5,0.0899,0.0790,0.1031
glicko2_floor,general,G0,r4b_chance_0.5_to_0.6,0.1342,0.1279,0.1410
glicko2_floor,general,G0,r4b_chance_0.6_to_0.7,0.2151,0.2087,0.2213
glicko2_floor,general,G0,r4b_chance_0.7_to_0.8,0.2704,0.2629,0.2777
glicko2_floor,general,G0,r4b_chance_0.8_up,0.2904,0.2768,0.3033
glicko2_floor,general,G0,r2_ece,0.0030,0.0019,0.0044
glicko2_floor,general,G0,r4b_3,0.1562,0.1458,0.1670
glicko2_floor,general,G0,r4b_5,0.4216,0.4077,0.4358
glicko2_floor,general,G0,r4b_10,0.7680,0.7538,0.7836
glicko2_floor,general,G0,r4b_20,0.9575,0.9466,0.9678
glicko2_floor,general,G0,r4b_50,0.9968,0.9929,0.9993
glicko2_floor,general,G1,r1_rms_5,1.2012,1.1587,1.2410
glicko2_floor,general,G1,r1_mean_5,-0.3353,-0.4133,-0.2632
glicko2_floor,general,G1,r1_rms_10,0.9871,0.9546,1.0206
glicko2_floor,general,G1,r1_mean_10,-0.3444,-0.4037,-0.2844
glicko2_floor,general,G1,r1_rms_20,0.8091,0.7854,0.8334
glicko2_floor,general,G1,r1_mean_20,-0.2807,-0.3255,-0.2377
glicko2_floor,general,G1,r1_rms_50,0.6422,0.6283,0.6563
glicko2_floor,general,G1,r1_mean_50,-0.2061,-0.2334,-0.1768
glicko2_floor,general,G1,r1_rms_100,0.5803,0.5693,0.5907
glicko2_floor,general,G1,r1_mean_100,-0.1855,-0.2048,-0.1664
glicko2_floor,general,G1,r1_rms_200,0.6108,0.5986,0.6243
glicko2_floor,general,G1,r1_mean_200,-0.2401,-0.2622,-0.2160
glicko2_floor,general,G1,r2_brier,0.1823,0.1801,0.1846
glicko2_floor,general,G1,r2_bias,-0.0003,-0.0020,0.0014
glicko2_floor,general,G1,r3_inside,0.3636,0.3536,0.3732
glicko2_floor,general,G1,r3_below_0.5,0.1188,0.1057,0.1321
glicko2_floor,general,G1,r3_above_0.95,0.0350,0.0325,0.0376
glicko2_floor,general,G1,r4_false,0.6814,0.6589,0.7030
glicko2_floor,general,G1,r4_false_0.70,0.6107,0.5890,0.6333
glicko2_floor,general,G1,r4_declared,10.1430,9.9100,10.3770
glicko2_floor,general,G1,r5_late_answers,9.6187,9.3738,9.8631
glicko2_floor,general,G1,r5_never,0.3028,0.2768,0.3280
glicko2_floor,general,G1,r6_lag,-0.0577,-0.0722,-0.0421
glicko2_floor,general,G1,r7_error_5,1.0898,1.0458,1.1340
glicko2_floor,general,G1,r7_error_10,0.8039,0.7652,0.8441
glicko2_floor,general,G1,r7_longest_wrong,1.8820,1.8050,1.9620
glicko2_floor,general,G1,r7_hard_first,0.2093,0.1937,0.2259
glicko2_floor,general,G1,r4b_chance_below_0.5,0.3009,0.2744,0.3255
glicko2_floor,general,G1,r4b_chance_0.5_to_0.6,0.1698,0.1610,0.1780
glicko2_floor,general,G1,r4b_chance_0.6_to_0.7,0.1595,0.1535,0.1657
glicko2_floor,general,G1,r4b_chance_0.7_to_0.8,0.1712,0.1599,0.1833
glicko2_floor,general,G1,r4b_chance_0.8_up,0.1986,0.1812,0.2162
glicko2_floor,general,G1,r2_ece,0.0096,0.0078,0.0115
glicko2_floor,general,G1,r4b_3,0.1609,0.1486,0.1730
glicko2_floor,general,G1,r4b_5,0.3848,0.3681,0.4012
glicko2_floor,general,G1,r4b_10,0.6968,0.6779,0.7148
glicko2_floor,general,G1,r4b_20,0.8897,0.8773,0.9026
glicko2_floor,general,G1,r4b_50,0.9821,0.9770,0.9868
glicko2_floor,general,G2,r1_rms_5,0.9447,0.9132,0.9801
glicko2_floor,general,G2,r1_mean_5,-0.2507,-0.3071,-0.1888
glicko2_floor,general,G2,r1_rms_10,0.8748,0.8475,0.9019
glicko2_floor,general,G2,r1_mean_10,-0.3139,-0.3619,-0.2671
glicko2_floor,general,G2,r1_rms_20,0.7866,0.7646,0.8077
glicko2_floor,general,G2,r1_mean_20,-0.3688,-0.4069,-0.3281
glicko2_floor,general,G2,r1_rms_50,0.7433,0.7262,0.7610
glicko2_floor,general,G2,r1_mean_50,-0.4822,-0.5075,-0.4566
glicko2_floor,general,G2,r1_rms_100,0.8147,0.7990,0.8305
glicko2_floor,general,G2,r1_mean_100,-0.6307,-0.6500,-0.6102
glicko2_floor,general,G2,r1_rms_200,0.8533,0.8380,0.8695
glicko2_floor,general,G2,r1_mean_200,-0.6862,-0.7059,-0.6674
glicko2_floor,general,G2,r2_brier,0.1432,0.1424,0.1440
glicko2_floor,general,G2,r2_bias,-0.0522,-0.0534,-0.0509
glicko2_floor,general,G2,r3_inside,0.3589,0.3542,0.3634
glicko2_floor,general,G2,r3_below_0.5,0.0133,0.0123,0.0143
glicko2_floor,general,G2,r3_above_0.95,0.0759,0.0725,0.0795
glicko2_floor,general,G2,r4_false,0.4304,0.4133,0.4486
glicko2_floor,general,G2,r4_false_0.70,0.3233,0.3066,0.3406
glicko2_floor,general,G2,r4_declared,12.8030,12.5550,13.0400
glicko2_floor,general,G2,r5_late_answers,7.3541,7.2166,7.4953
glicko2_floor,general,G2,r5_never,0.2557,0.2386,0.2729
glicko2_floor,general,G2,r6_lag,-0.6250,-0.6405,-0.6104
glicko2_floor,general,G2,r7_error_5,0.7845,0.7477,0.8236
glicko2_floor,general,G2,r7_error_10,0.6892,0.6570,0.7214
glicko2_floor,general,G2,r7_longest_wrong,1.6420,1.5950,1.6920
glicko2_floor,general,G2,r7_hard_first,0.0943,0.0859,0.1031
glicko2_floor,general,G2,r4b_chance_below_0.5,0.0480,0.0445,0.0516
glicko2_floor,general,G2,r4b_chance_0.5_to_0.6,0.0877,0.0831,0.0923
glicko2_floor,general,G2,r4b_chance_0.6_to_0.7,0.1707,0.1652,0.1766
glicko2_floor,general,G2,r4b_chance_0.7_to_0.8,0.2744,0.2685,0.2802
glicko2_floor,general,G2,r4b_chance_0.8_up,0.4191,0.4077,0.4313
glicko2_floor,general,G2,r2_ece,0.0522,0.0509,0.0534
glicko2_floor,general,G2,r4b_3,0.1586,0.1474,0.1696
glicko2_floor,general,G2,r4b_5,0.4660,0.4507,0.4810
glicko2_floor,general,G2,r4b_10,0.8355,0.8189,0.8521
glicko2_floor,general,G2,r4b_20,0.9907,0.9851,0.9959
glicko2_floor,general,G2,r4b_50,1.0000,1.0000,1.0000
glicko2_floor,general,G3,r1_rms_5,0.9569,0.9246,0.9889
glicko2_floor,general,G3,r1_mean_5,-0.1351,-0.1976,-0.0744
glicko2_floor,general,G3,r1_rms_10,0.8380,0.8106,0.8638
glicko2_floor,general,G3,r1_mean_10,-0.1766,-0.2246,-0.1273
glicko2_floor,general,G3,r1_rms_20,0.7237,0.7055,0.7423
glicko2_floor,general,G3,r1_mean_20,-0.1829,-0.2215,-0.1480
glicko2_floor,general,G3,r1_rms_50,0.6210,0.6078,0.6335
glicko2_floor,general,G3,r1_mean_50,-0.1965,-0.2220,-0.1718
glicko2_floor,general,G3,r1_rms_100,0.7787,0.7593,0.7987
glicko2_floor,general,G3,r1_mean_100,-0.5134,-0.5433,-0.4853
glicko2_floor,general,G3,r1_rms_200,0.6806,0.6662,0.6954
glicko2_floor,general,G3,r1_mean_200,-0.4073,-0.4295,-0.3855
glicko2_floor,general,G3,r2_brier,0.1589,0.1580,0.1600
glicko2_floor,general,G3,r2_bias,-0.0263,-0.0274,-0.0250
glicko2_floor,general,G3,r3_inside,0.3899,0.3859,0.3939
glicko2_floor,general,G3,r3_below_0.5,0.0250,0.0228,0.0276
glicko2_floor,general,G3,r3_above_0.95,0.0559,0.0532,0.0584
glicko2_floor,general,G3,r4_false,0.5409,0.5209,0.5606
glicko2_floor,general,G3,r4_false_0.70,0.4289,0.4094,0.4485
glicko2_floor,general,G3,r4_declared,11.5520,11.3270,11.7830
glicko2_floor,general,G3,r5_late_answers,7.9648,7.7846,8.1514
glicko2_floor,general,G3,r5_never,0.2691,0.2492,0.2896
glicko2_floor,general,G3,r6_lag,-0.4501,-0.4658,-0.4332
glicko2_floor,general,G3,r6_jump_answers,58.7130,56.7380,60.5470
glicko2_floor,general,G3,r6_jump_unsettled,0.3280,0.2980,0.3580
glicko2_floor,general,G3,r7_error_5,0.7979,0.7600,0.8332
glicko2_floor,general,G3,r7_error_10,0.6503,0.6198,0.6829
glicko2_floor,general,G3,r7_longest_wrong,1.6610,1.6090,1.7160
glicko2_floor,general,G3,r7_hard_first,0.1062,0.0969,0.1165
glicko2_floor,general,G3,r4b_chance_below_0.5,0.0773,0.0691,0.0874
glicko2_floor,general,G3,r4b_chance_0.5_to_0.6,0.1192,0.1134,0.1250
glicko2_floor,general,G3,r4b_chance_0.6_to_0.7,0.1947,0.1891,0.2003
glicko2_floor,general,G3,r4b_chance_0.7_to_0.8,0.2696,0.2635,0.2760
glicko2_floor,general,G3,r4b_chance_0.8_up,0.3392,0.3269,0.3520
glicko2_floor,general,G3,r2_ece,0.0263,0.0251,0.0274
glicko2_floor,general,G3,r4b_3,0.1545,0.1443,0.1658
glicko2_floor,general,G3,r4b_5,0.4431,0.4287,0.4571
glicko2_floor,general,G3,r4b_10,0.8034,0.7898,0.8161
glicko2_floor,general,G3,r4b_20,0.9698,0.9614,0.9776
glicko2_floor,general,G3,r4b_50,1.0000,0.9994,1.0000
glicko2_floor,general,G4,r1_rms_5,0.9859,0.9509,1.0193
glicko2_floor,general,G4,r1_mean_5,-0.3814,-0.4402,-0.3203
glicko2_floor,general,G4,r1_rms_10,0.9346,0.9052,0.9663
glicko2_floor,general,G4,r1_mean_10,-0.5013,-0.5515,-0.4506
glicko2_floor,general,G4,r1_rms_20,0.8657,0.8419,0.8915
glicko2_floor,general,G4,r1_mean_20,-0.5628,-0.6014,-0.5248
glicko2_floor,general,G4,r1_rms_50,0.8036,0.7856,0.8227
glicko2_floor,general,G4,r1_mean_50,-0.5890,-0.6131,-0.5646
glicko2_floor,general,G4,r1_rms_100,0.7900,0.7747,0.8061
glicko2_floor,general,G4,r1_mean_100,-0.5987,-0.6190,-0.5777
glicko2_floor,general,G4,r1_rms_200,0.8255,0.8094,0.8427
glicko2_floor,general,G4,r1_mean_200,-0.6480,-0.6682,-0.6276
glicko2_floor,general,G4,r2_brier,0.1786,0.1774,0.1799
glicko2_floor,general,G4,r2_bias,0.0050,0.0038,0.0062
glicko2_floor,general,G4,r3_inside,0.3930,0.3889,0.3969
glicko2_floor,general,G4,r3_below_0.5,0.0514,0.0474,0.0554
glicko2_floor,general,G4,r3_above_0.95,0.0365,0.0344,0.0384
glicko2_floor,general,G4,r4_false,0.5873,0.5662,0.6089
glicko2_floor,general,G4,r4_false_0.70,0.4804,0.4575,0.5043
glicko2_floor,general,G4,r4_declared,10.4250,10.1800,10.6690
glicko2_floor,general,G4,r5_late_answers,9.4061,9.1835,9.6570
glicko2_floor,general,G4,r5_never,0.2614,0.2398,0.2831
glicko2_floor,general,G4,r6_lag,-0.4850,-0.4990,-0.4704
glicko2_floor,general,G4,r7_error_5,0.8423,0.8008,0.8821
glicko2_floor,general,G4,r7_error_10,0.7655,0.7309,0.8026
glicko2_floor,general,G4,r7_longest_wrong,1.7650,1.7140,1.8180
glicko2_floor,general,G4,r7_hard_first,0.1500,0.1396,0.1609
glicko2_floor,general,G4,r4b_chance_below_0.5,0.1190,0.1075,0.1312
glicko2_floor,general,G4,r4b_chance_0.5_to_0.6,0.1404,0.1345,0.1460
glicko2_floor,general,G4,r4b_chance_0.6_to_0.7,0.1998,0.1944,0.2052
glicko2_floor,general,G4,r4b_chance_0.7_to_0.8,0.2470,0.2404,0.2535
glicko2_floor,general,G4,r4b_chance_0.8_up,0.2938,0.2813,0.3059
glicko2_floor,general,G4,r2_ece,0.0071,0.0059,0.0086
glicko2_floor,general,G4,r4b_3,0.1336,0.1226,0.1449
glicko2_floor,general,G4,r4b_5,0.4073,0.3927,0.4219
glicko2_floor,general,G4,r4b_10,0.7702,0.7560,0.7840
glicko2_floor,general,G4,r4b_20,0.9649,0.9560,0.9737
glicko2_floor,general,G4,r4b_50,0.9977,0.9943,1.0000
glicko2_floor,general,G5,r1_rms_5,0.8859,0.8490,0.9250
glicko2_floor,general,G5,r1_mean_5,-0.1451,-0.2110,-0.0806
glicko2_floor,general,G5,r1_rms_10,0.7677,0.7385,0.7982
glicko2_floor,general,G5,r1_mean_10,-0.1867,-0.2370,-0.1357
glicko2_floor,general,G5,r1_rms_20,0.7872,0.7656,0.8092
glicko2_floor,general,G5,r1_mean_20,-0.2216,-0.2587,-0.1828
glicko2_floor,general,G5,r1_rms_50,0.7012,0.6839,0.7183
glicko2_floor,general,G5,r1_mean_50,-0.1897,-0.2170,-0.1625
glicko2_floor,general,G5,r1_rms_100,0.6711,0.6561,0.6867
glicko2_floor,general,G5,r1_mean_100,-0.1984,-0.2203,-0.1780
glicko2_floor,general,G5,r1_rms_200,0.6933,0.6765,0.7101
glicko2_floor,general,G5,r1_mean_200,-0.2468,-0.2703,-0.2230
glicko2_floor,general,G5,r2_brier,0.1769,0.1756,0.1782
glicko2_floor,general,G5,r2_bias,0.0031,0.0018,0.0043
glicko2_floor,general,G5,r3_inside,0.4039,0.3974,0.4104
glicko2_floor,general,G5,r3_below_0.5,0.0482,0.0441,0.0529
glicko2_floor,general,G5,r3_above_0.95,0.0356,0.0332,0.0382
glicko2_floor,general,G5,r4_false,0.6168,0.5952,0.6374
glicko2_floor,general,G5,r4_false_0.70,0.5080,0.4847,0.5306
glicko2_floor,general,G5,r4_declared,10.5170,10.2860,10.7410
glicko2_floor,general,G5,r5_late_answers,8.8245,8.5942,9.0599
glicko2_floor,general,G5,r5_never,0.2285,0.2081,0.2498
glicko2_floor,general,G5,r6_lag,-0.0922,-0.1068,-0.0783
glicko2_floor,general,G5,r7_error_5,0.9320,0.8901,0.9725
glicko2_floor,general,G5,r7_error_10,0.8267,0.7921,0.8628
glicko2_floor,general,G5,r7_longest_wrong,1.8160,1.7600,1.8800
glicko2_floor,general,G5,r7_hard_first,0.1071,0.0964,0.1183
glicko2_floor,general,G5,r4b_chance_below_0.5,0.1368,0.1242,0.1510
glicko2_floor,general,G5,r4b_chance_0.5_to_0.6,0.1559,0.1484,0.1634
glicko2_floor,general,G5,r4b_chance_0.6_to_0.7,0.2194,0.2118,0.2265
glicko2_floor,general,G5,r4b_chance_0.7_to_0.8,0.2391,0.2301,0.2480
glicko2_floor,general,G5,r4b_chance_0.8_up,0.2489,0.2347,0.2632
glicko2_floor,general,G5,r2_ece,0.0057,0.0045,0.0071
glicko2_floor,general,G5,r4b_3,0.1456,0.1347,0.1559
glicko2_floor,general,G5,r4b_5,0.3933,0.3776,0.4087
glicko2_floor,general,G5,r4b_10,0.7381,0.7220,0.7534
glicko2_floor,general,G5,r4b_20,0.9481,0.9375,0.9579
glicko2_floor,general,G5,r4b_50,0.9970,0.9940,0.9994
glicko2_floor,general,G6,r1_rms_5,0.9916,0.9528,1.0304
glicko2_floor,general,G6,r1_mean_5,-0.2457,-0.3120,-0.1790
glicko2_floor,general,G6,r1_rms_10,0.9330,0.8972,0.9685
glicko2_floor,general,G6,r1_mean_10,-0.2727,-0.3330,-0.2147
glicko2_floor,general,G6,r1_rms_20,0.8717,0.8404,0.9064
glicko2_floor,general,G6,r1_mean_20,-0.2997,-0.3518,-0.2482
glicko2_floor,general,G6,r1_rms_50,0.8211,0.7927,0.8489
glicko2_floor,general,G6,r1_mean_50,-0.3144,-0.3595,-0.2686
glicko2_floor,general,G6,r1_rms_100,0.8172,0.7911,0.8438
glicko2_floor,general,G6,r1_mean_100,-0.3600,-0.4028,-0.3161
glicko2_floor,general,G6,r1_rms_200,0.8330,0.8065,0.8584
glicko2_floor,general,G6,r1_mean_200,-0.4415,-0.4830,-0.4009
glicko2_floor,general,G6,r2_brier,0.1781,0.1769,0.1794
glicko2_floor,general,G6,r2_bias,0.0058,0.0045,0.0071
glicko2_floor,general,G6,r3_inside,0.4418,0.4259,0.4571
glicko2_floor,general,G6,r3_below_0.5,0.0664,0.0611,0.0719
glicko2_floor,general,G6,r3_above_0.95,0.0958,0.0892,0.1023
glicko2_floor,general,G6,r4_false,0.6713,0.6512,0.6913
glicko2_floor,general,G6,r4_false_0.70,0.5496,0.5261,0.5724
glicko2_floor,general,G6,r4_declared,10.2310,9.9980,10.4570
glicko2_floor,general,G6,r5_late_answers,9.0991,8.8474,9.3562
glicko2_floor,general,G6,r5_never,0.2624,0.2388,0.2852
glicko2_floor,general,G6,r6_lag,-0.2680,-0.3084,-0.2264
glicko2_floor,general,G6,r7_error_5,0.8517,0.8090,0.8986
glicko2_floor,general,G6,r7_error_10,0.7626,0.7206,0.8048
glicko2_floor,general,G6,r7_longest_wrong,1.7090,1.6590,1.7590
glicko2_floor,general,G6,r7_hard_first,0.1056,0.0962,0.1152
glicko2_floor,general,G6,r4b_chance_below_0.5,0.1276,0.1141,0.1442
glicko2_floor,general,G6,r4b_chance_0.5_to_0.6,0.1027,0.0951,0.1102
glicko2_floor,general,G6,r4b_chance_0.6_to_0.7,0.2237,0.2124,0.2349
glicko2_floor,general,G6,r4b_chance_0.7_to_0.8,0.3094,0.2960,0.3227
glicko2_floor,general,G6,r4b_chance_0.8_up,0.2366,0.2234,0.2503
glicko2_floor,general,G6,r2_ece,0.0085,0.0071,0.0100
glicko2_floor,general,G6,r4b_3,0.1528,0.1432,0.1632
glicko2_floor,general,G6,r4b_5,0.4251,0.4114,0.4392
glicko2_floor,general,G6,r4b_10,0.7671,0.7534,0.7806
glicko2_floor,general,G6,r4b_20,0.9523,0.9429,0.9613
glicko2_floor,general,G6,r4b_50,0.9967,0.9917,0.9995
glicko2_floor,general,G7,r1_rms_5,0.9656,0.9323,0.9986
glicko2_floor,general,G7,r1_mean_5,-0.2479,-0.3111,-0.1890
glicko2_floor,general,G7,r1_rms_10,0.8785,0.8504,0.9064
glicko2_floor,general,G7,r1_mean_10,-0.3004,-0.3517,-0.2509
glicko2_floor,general,G7,r1_rms_20,0.7866,0.7651,0.8075
glicko2_floor,general,G7,r1_mean_20,-0.2953,-0.3335,-0.2522
glicko2_floor,general,G7,r1_rms_50,0.6865,0.6715,0.7021
glicko2_floor,general,G7,r1_mean_50,-0.2584,-0.2889,-0.2284
glicko2_floor,general,G7,r1_rms_100,0.6521,0.6391,0.6648
glicko2_floor,general,G7,r1_mean_100,-0.2521,-0.2782,-0.2265
glicko2_floor,general,G7,r1_rms_200,0.6748,0.6604,0.6897
glicko2_floor,general,G7,r1_mean_200,-0.3016,-0.3286,-0.2741
glicko2_floor,general,G7,r2_brier,0.1748,0.1737,0.1759
glicko2_floor,general,G7,r2_bias,0.0016,0.0004,0.0029
glicko2_floor,general,G7,r3_inside,0.4307,0.4259,0.4351
glicko2_floor,general,G7,r3_below_0.5,0.0359,0.0324,0.0400
glicko2_floor,general,G7,r3_above_0.95,0.0272,0.0254,0.0292
glicko2_floor,general,G7,r4_false,0.6474,0.6288,0.6673
glicko2_floor,general,G7,r4_false_0.70,0.5519,0.5307,0.5733
glicko2_floor,general,G7,r4_declared,10.3640,10.1290,10.6070
glicko2_floor,general,G7,r5_late_answers,9.2483,9.0177,9.4878
glicko2_floor,general,G7,r5_never,0.2469,0.2251,0.2697
glicko2_floor,general,G7,r6_lag,-0.1391,-0.1610,-0.1160
glicko2_floor,general,G7,r7_error_5,0.8271,0.7877,0.8654
glicko2_floor,general,G7,r7_error_10,0.7046,0.6697,0.7378
glicko2_floor,general,G7,r7_longest_wrong,1.7280,1.6770,1.7800
glicko2_floor,general,G7,r7_hard_first,0.1051,0.0962,0.1148
glicko2_floor,general,G7,r4b_chance_below_0.5,0.0852,0.0746,0.0977
glicko2_floor,general,G7,r4b_chance_0.5_to_0.6,0.1254,0.1198,0.1311
glicko2_floor,general,G7,r4b_chance_0.6_to_0.7,0.2143,0.2077,0.2210
glicko2_floor,general,G7,r4b_chance_0.7_to_0.8,0.2707,0.2634,0.2779
glicko2_floor,general,G7,r4b_chance_0.8_up,0.3043,0.2912,0.3166
glicko2_floor,general,G7,r2_ece,0.0039,0.0025,0.0053
glicko2_floor,general,G7,r4b_3,0.1631,0.1532,0.1735
glicko2_floor,general,G7,r4b_5,0.4275,0.4144,0.4403
glicko2_floor,general,G7,r4b_10,0.7713,0.7575,0.7852
glicko2_floor,general,G7,r4b_20,0.9579,0.9479,0.9676
glicko2_floor,general,G7,r4b_50,0.9973,0.9923,1.0000
glicko2_floor,general,G8,r1_rms_5,0.9651,0.9326,0.9970
glicko2_floor,general,G8,r1_mean_5,-0.1780,-0.2399,-0.1155
glicko2_floor,general,G8,r1_rms_10,0.8510,0.8253,0.8766
glicko2_floor,general,G8,r1_mean_10,-0.2048,-0.2510,-0.1569
glicko2_floor,general,G8,r1_rms_20,0.7483,0.7289,0.7693
glicko2_floor,general,G8,r1_mean_20,-0.2154,-0.2577,-0.1768
glicko2_floor,general,G8,r1_rms_50,0.6339,0.6201,0.6474
glicko2_floor,general,G8,r1_mean_50,-0.2049,-0.2306,-0.1792
glicko2_floor,general,G8,r1_rms_100,0.5960,0.5851,0.6068
glicko2_floor,general,G8,r1_mean_100,-0.2118,-0.2329,-0.1900
glicko2_floor,general,G8,r1_rms_200,0.5980,0.5868,0.6101
glicko2_floor,general,G8,r1_mean_200,-0.2304,-0.2515,-0.2090
glicko2_floor,general,G8,r2_brier,0.1746,0.1735,0.1758
glicko2_floor,general,G8,r2_bias,0.0012,-0.0001,0.0025
glicko2_floor,general,G8,r3_inside,0.4238,0.4190,0.4285
glicko2_floor,general,G8,r3_below_0.5,0.0358,0.0325,0.0397
glicko2_floor,general,G8,r3_above_0.95,0.0295,0.0275,0.0315
glicko2_floor,general,G8,r4_false,0.6530,0.6321,0.6746
glicko2_floor,general,G8,r4_false_0.70,0.5453,0.5211,0.5673
glicko2_floor,general,G8,r4_declared,7.6910,7.4670,7.8920
glicko2_floor,general,G8,r5_late_answers,9.7201,9.4474,9.9986
glicko2_floor,general,G8,r5_never,0.4416,0.4187,0.4631
glicko2_floor,general,G8,r6_lag,-0.0941,-0.1089,-0.0787
glicko2_floor,general,G8,r7_error_5,0.8189,0.7816,0.8560
glicko2_floor,general,G8,r7_error_10,0.6769,0.6446,0.7100
glicko2_floor,general,G8,r7_longest_wrong,1.6730,1.6250,1.7220
glicko2_floor,general,G8,r7_hard_first,0.1059,0.0969,0.1154
glicko2_floor,general,G8,r4b_chance_below_0.5,0.0848,0.0753,0.0953
glicko2_floor,general,G8,r4b_chance_0.5_to_0.6,0.1338,0.1278,0.1403
glicko2_floor,general,G8,r4b_chance_0.6_to_0.7,0.2197,0.2138,0.2257
glicko2_floor,general,G8,r4b_chance_0.7_to_0.8,0.2761,0.2689,0.2831
glicko2_floor,general,G8,r4b_chance_0.8_up,0.2856,0.2730,0.2983
glicko2_floor,general,G8,r2_ece,0.0029,0.0020,0.0044
glicko2_floor,general,G8,r4b_3,0.0843,0.0765,0.0917
glicko2_floor,general,G8,r4b_5,0.3039,0.2911,0.3170
glicko2_floor,general,G8,r4b_10,0.6136,0.5978,0.6295
glicko2_floor,general,G8,r4b_20,0.8984,0.8842,0.9123
glicko2_floor,general,G8,r4b_50,0.9902,0.9838,0.9957
urnings,general,G0,r1_rms_5,0.9277,0.8956,0.9605
urnings,general,G0,r1_mean_5,-0.0148,-0.0735,0.0437
urnings,general,G0,r1_rms_10,0.8787,0.8518,0.9053
urnings,general,G0,r1_mean_10,-0.0193,-0.0733,0.0336
urnings,general,G0,r1_rms_20,0.7970,0.7747,0.8202
urnings,general,G0,r1_mean_20,-0.0045,-0.0495,0.0407
urnings,general,G0,r1_rms_50,0.6909,0.6751,0.7077
urnings,general,G0,r1_mean_50,0.0663,0.0303,0.1016
urnings,general,G0,r1_rms_100,0.6872,0.6724,0.7035
urnings,general,G0,r1_mean_100,0.0625,0.0288,0.0985
urnings,general,G0,r1_rms_200,0.6801,0.6641,0.6963
urnings,general,G0,r1_mean_200,0.0522,0.0186,0.0862
urnings,general,G0,r2_brier,0.1932,0.1918,0.1946
urnings,general,G0,r2_bias,-0.0147,-0.0175,-0.0120
urnings,general,G0,r3_inside,0.3850,0.3807,0.3897
urnings,general,G0,r3_below_0.5,0.0756,0.0712,0.0801
urnings,general,G0,r3_above_0.95,0.0252,0.0232,0.0273
urnings,general,G0,r4_false,0.6393,0.6184,0.6612
urnings,general,G0,r4_false_0.70,0.5315,0.5096,0.5535
urnings,general,G0,r4_declared,6.8000,6.5710,7.0200
urnings,general,G0,r5_late_answers,8.6289,8.3698,8.9026
urnings,general,G0,r5_never,0.5151,0.4934,0.5373
urnings,general,G0,r6_lag,0.1594,0.1395,0.1790
urnings,general,G0,r7_error_5,0.7429,0.7095,0.7773
urnings,general,G0,r7_error_10,0.6750,0.6436,0.7075
urnings,general,G0,r7_longest_wrong,1.8450,1.7730,1.9220
urnings,general,G0,r7_hard_first,0.1010,0.0894,0.1131
urnings,general,G0,r4b_chance_below_0.5,0.1635,0.1531,0.1757
urnings,general,G0,r4b_chance_0.5_to_0.6,0.1822,0.1766,0.1878
urnings,general,G0,r4b_chance_0.6_to_0.7,0.2310,0.2257,0.2367
urnings,general,G0,r4b_chance_0.7_to_0.8,0.2329,0.2261,0.2392
urnings,general,G0,r4b_chance_0.8_up,0.1904,0.1808,0.2000
urnings,general,G0,r2_ece,0.0147,0.0122,0.0175
urnings,general,G0,r4b_3,0.1349,0.1262,0.1438
urnings,general,G0,r4b_5,0.3070,0.2942,0.3202
urnings,general,G0,r4b_10,0.6147,0.5958,0.6337
urnings,general,G0,r4b_20,0.8879,0.8682,0.9061
urnings,general,G0,r4b_50,0.9917,0.9829,0.9983
urnings,general,G1,r1_rms_5,2.2785,2.2592,2.2979
urnings,general,G1,r1_mean_5,-0.0659,-0.2054,0.0732
urnings,general,G1,r1_rms_10,2.0250,2.0025,2.0487
urnings,general,G1,r1_mean_10,-0.1239,-0.2523,0.0041
urnings,general,G1,r1_rms_20,1.5763,1.5449,1.6084
urnings,general,G1,r1_mean_20,-0.1780,-0.2767,-0.0802
urnings,general,G1,r1_rms_50,0.9318,0.9079,0.9568
urnings,general,G1,r1_mean_50,-0.0374,-0.0930,0.0178
urnings,general,G1,r1_rms_100,0.8308,0.8123,0.8504
urnings,general,G1,r1_mean_100,0.0031,-0.0425,0.0484
urnings,general,G1,r1_rms_200,0.8295,0.8103,0.8495
urnings,general,G1,r1_mean_200,-0.0283,-0.0739,0.0154
urnings,general,G1,r2_brier,0.1962,0.1931,0.1992
urnings,general,G1,r2_bias,-0.0151,-0.0213,-0.0093
urnings,general,G1,r3_inside,0.2549,0.2481,0.2616
urnings,general,G1,r3_below_0.5,0.1822,0.1695,0.1955
urnings,general,G1,r3_above_0.95,0.0816,0.0767,0.0867
urnings,general,G1,r4_false,0.5935,0.5694,0.6175
urnings,general,G1,r4_false_0.70,0.5294,0.5068,0.5518
urnings,general,G1,r4_declared,8.7700,8.3730,9.1770
urnings,general,G1,r5_late_answers,8.3632,8.1811,8.5482
urnings,general,G1,r5_never,0.3240,0.2962,0.3518
urnings,general,G1,r6_lag,0.1236,0.0919,0.1576
urnings,general,G1,r7_error_5,2.2379,2.2233,2.2530
urnings,general,G1,r7_error_10,1.9676,1.9443,1.9893
urnings,general,G1,r7_longest_wrong,2.3380,2.1970,2.4840
urnings,general,G1,r7_hard_first,0.4174,0.3898,0.4437
urnings,general,G1,r4b_chance_below_0.5,0.4409,0.4231,0.4570
urnings,general,G1,r4b_chance_0.5_to_0.6,0.2173,0.2113,0.2232
urnings,general,G1,r4b_chance_0.6_to_0.7,0.1507,0.1454,0.1564
urnings,general,G1,r4b_chance_0.7_to_0.8,0.0956,0.0896,0.1020
urnings,general,G1,r4b_chance_0.8_up,0.0954,0.0848,0.1065
urnings,general,G1,r2_ece,0.0191,0.0133,0.0249
urnings,general,G1,r4b_3,0.1055,0.0962,0.1147
urnings,general,G1,r4b_5,0.2474,0.2323,0.2632
urnings,general,G1,r4b_10,0.5062,0.4864,0.5266
urnings,general,G1,r4b_20,0.7764,0.7558,0.7957
urnings,general,G1,r4b_50,0.9530,0.9413,0.9633
urnings,general,G2,r1_rms_5,0.9003,0.8696,0.9301
urnings,general,G2,r1_mean_5,-0.0251,-0.0832,0.0322
urnings,general,G2,r1_rms_10,0.8477,0.8229,0.8731
urnings,general,G2,r1_mean_10,-0.0821,-0.1326,-0.0307
urnings,general,G2,r1_rms_20,0.7831,0.7617,0.8068
urnings,general,G2,r1_mean_20,-0.1413,-0.1830,-0.0990
urnings,general,G2,r1_rms_50,0.7113,0.6945,0.7292
urnings,general,G2,r1_mean_50,-0.2251,-0.2590,-0.1909
urnings,general,G2,r1_rms_100,0.7398,0.7210,0.7581
urnings,general,G2,r1_mean_100,-0.3069,-0.3420,-0.2720
urnings,general,G2,r1_rms_200,0.8192,0.7973,0.8424
urnings,general,G2,r1_mean_200,-0.4664,-0.5032,-0.4298
urnings,general,G2,r2_brier,0.1702,0.1690,0.1715
urnings,general,G2,r2_bias,-0.0666,-0.0694,-0.0637
urnings,general,G2,r3_inside,0.3739,0.3698,0.3785
urnings,general,G2,r3_below_0.5,0.0366,0.0345,0.0388
urnings,general,G2,r3_above_0.95,0.0590,0.0551,0.0632
urnings,general,G2,r4_false,0.4061,0.3877,0.4250
urnings,general,G2,r4_false_0.70,0.2945,0.2777,0.3123
urnings,general,G2,r4_declared,9.5490,9.2790,9.8350
urnings,general,G2,r5_late_answers,7.1946,7.0320,7.3551
urnings,general,G2,r5_never,0.4147,0.3942,0.4328
urnings,general,G2,r6_lag,-0.3351,-0.3593,-0.3106
urnings,general,G2,r7_error_5,0.7086,0.6760,0.7397
urnings,general,G2,r7_error_10,0.6379,0.6073,0.6686
urnings,general,G2,r7_longest_wrong,1.7880,1.7230,1.8560
urnings,general,G2,r7_hard_first,0.0990,0.0883,0.1107
urnings,general,G2,r4b_chance_below_0.5,0.1078,0.1015,0.1143
urnings,general,G2,r4b_chance_0.5_to_0.6,0.1409,0.1358,0.1460
urnings,general,G2,r4b_chance_0.6_to_0.7,0.2127,0.2069,0.2181
urnings,general,G2,r4b_chance_0.7_to_0.8,0.2573,0.2516,0.2633
urnings,general,G2,r4b_chance_0.8_up,0.2813,0.2716,0.2906
urnings,general,G2,r2_ece,0.0666,0.0638,0.0694
urnings,general,G2,r4b_3,0.1358,0.1260,0.1460
urnings,general,G2,r4b_5,0.3513,0.3350,0.3676
urnings,general,G2,r4b_10,0.6842,0.6588,0.7079
urnings,general,G2,r4b_20,0.9587,0.9345,0.9793
urnings,general,G2,r4b_50,1.0000,1.0000,1.0000
urnings,general,G3,r1_rms_5,0.9233,0.8932,0.9541
urnings,general,G3,r1_mean_5,0.0123,-0.0457,0.0763
urnings,general,G3,r1_rms_10,0.8735,0.8473,0.9016
urnings,general,G3,r1_mean_10,0.0119,-0.0425,0.0655
urnings,general,G3,r1_rms_20,0.7868,0.7660,0.8080
urnings,general,G3,r1_mean_20,0.0185,-0.0274,0.0651
urnings,general,G3,r1_rms_50,0.6912,0.6750,0.7093
urnings,general,G3,r1_mean_50,0.0466,0.0078,0.0811
urnings,general,G3,r1_rms_100,0.7429,0.7214,0.7627
urnings,general,G3,r1_mean_100,-0.1838,-0.2220,-0.1455
urnings,general,G3,r1_rms_200,0.7289,0.7104,0.7475
urnings,general,G3,r1_mean_200,-0.1499,-0.1872,-0.1111
urnings,general,G3,r2_brier,0.1820,0.1807,0.1833
urnings,general,G3,r2_bias,-0.0399,-0.0426,-0.0371
urnings,general,G3,r3_inside,0.3778,0.3737,0.3819
urnings,general,G3,r3_below_0.5,0.0565,0.0530,0.0599
urnings,general,G3,r3_above_0.95,0.0444,0.0414,0.0476
urnings,general,G3,r4_false,0.5095,0.4872,0.5299
urnings,general,G3,r4_false_0.70,0.3972,0.3771,0.4173
urnings,general,G3,r4_declared,8.1650,7.9240,8.4140
urnings,general,G3,r5_late_answers,7.5843,7.3982,7.7761
urnings,general,G3,r5_never,0.4495,0.4297,0.4712
urnings,general,G3,r6_lag,-0.1453,-0.1690,-0.1214
urnings,general,G3,r6_jump_answers,32.6290,30.8380,34.5370
urnings,general,G3,r6_jump_unsettled,0.1280,0.1070,0.1480
urnings,general,G3,r7_error_5,0.7308,0.6970,0.7646
urnings,general,G3,r7_error_10,0.6721,0.6404,0.7028
urnings,general,G3,r7_longest_wrong,1.8260,1.7490,1.9070
urnings,general,G3,r7_hard_first,0.1067,0.0945,0.1197
urnings,general,G3,r4b_chance_below_0.5,0.1406,0.1318,0.1502
urnings,general,G3,r4b_chance_0.5_to_0.6,0.1595,0.1545,0.1646
urnings,general,G3,r4b_chance_0.6_to_0.7,0.2196,0.2147,0.2248
urnings,general,G3,r4b_chance_0.7_to_0.8,0.2421,0.2361,0.2483
urnings,general,G3,r4b_chance_0.8_up,0.2382,0.2288,0.2479
urnings,general,G3,r2_ece,0.0399,0.0373,0.0426
urnings,general,G3,r4b_3,0.1313,0.1215,0.1407
urnings,general,G3,r4b_5,0.3232,0.3089,0.3379
urnings,general,G3,r4b_10,0.6391,0.6178,0.6602
urnings,general,G3,r4b_20,0.9260,0.9056,0.9443
urnings,general,G3,r4b_50,1.0000,1.0000,1.0000
urnings,general,G4,r1_rms_5,0.9074,0.8784,0.9371
urnings,general,G4,r1_mean_5,-0.0807,-0.1382,-0.0220
urnings,general,G4,r1_rms_10,0.8701,0.8448,0.8962
urnings,general,G4,r1_mean_10,-0.1098,-0.1597,-0.0581
urnings,general,G4,r1_rms_20,0.8026,0.7807,0.8238
urnings,general,G4,r1_mean_20,-0.1787,-0.2274,-0.1318
urnings,general,G4,r1_rms_50,0.7277,0.7091,0.7463
urnings,general,G4,r1_mean_50,-0.2857,-0.3216,-0.2508
urnings,general,G4,r1_rms_100,0.7214,0.7034,0.7402
urnings,general,G4,r1_mean_100,-0.2775,-0.3114,-0.2427
urnings,general,G4,r1_rms_200,0.7399,0.7217,0.7581
urnings,general,G4,r1_mean_200,-0.3265,-0.3617,-0.2930
urnings,general,G4,r2_brier,0.1997,0.1984,0.2012
urnings,general,G4,r2_bias,-0.0011,-0.0037,0.0018
urnings,general,G4,r3_inside,0.3555,0.3514,0.3597
urnings,general,G4,r3_below_0.5,0.1032,0.0984,0.1083
urnings,general,G4,r3_above_0.95,0.0284,0.0266,0.0303
urnings,general,G4,r4_false,0.5922,0.5675,0.6170
urnings,general,G4,r4_false_0.70,0.4810,0.4549,0.5077
urnings,general,G4,r4_declared,6.1430,5.9320,6.3520
urnings,general,G4,r5_late_answers,9.3728,9.0961,9.6674
urnings,general,G4,r5_never,0.5616,0.5406,0.5830
urnings,general,G4,r6_lag,-0.1997,-0.2209,-0.1792
urnings,general,G4,r7_error_5,0.7324,0.6989,0.7660
urnings,general,G4,r7_error_10,0.6774,0.6467,0.7084
urnings,general,G4,r7_longest_wrong,2.0390,1.9630,2.1180
urnings,general,G4,r7_hard_first,0.1713,0.1574,0.1862
urnings,general,G4,r4b_chance_below_0.5,0.2071,0.1962,0.2186
urnings,general,G4,r4b_chance_0.5_to_0.6,0.1825,0.1776,0.1877
urnings,general,G4,r4b_chance_0.6_to_0.7,0.2071,0.2025,0.2118
urnings,general,G4,r4b_chance_0.7_to_0.8,0.2117,0.2056,0.2175
urnings,general,G4,r4b_chance_0.8_up,0.1916,0.1829,0.2004
urnings,general,G4,r2_ece,0.0068,0.0047,0.0091
urnings,general,G4,r4b_3,0.1125,0.1038,0.1215
urnings,general,G4,r4b_5,0.2823,0.2677,0.2965
urnings,general,G4,r4b_10,0.5792,0.5593,0.6004
urnings,general,G4,r4b_20,0.8678,0.8453,0.8887
urnings,general,G4,r4b_50,0.9925,0.9849,0.9986
urnings,general,G5,r1_rms_5,0.9448,0.9046,0.9853
urnings,general,G5,r1_mean_5,0.0091,-0.0603,0.0797
urnings,general,G5,r1_rms_10,0.8804,0.8454,0.9152
urnings,general,G5,r1_mean_10,0.0259,-0.0341,0.0887
urnings,general,G5,r1_rms_20,0.8601,0.8365,0.8835
urnings,general,G5,r1_mean_20,0.0306,-0.0191,0.0770
urnings,general,G5,r1_rms_50,0.7791,0.7603,0.7994
urnings,general,G5,r1_mean_50,0.0726,0.0360,0.1091
urnings,general,G5,r1_rms_100,0.7812,0.7627,0.7990
urnings,general,G5,r1_mean_100,0.0935,0.0620,0.1277
urnings,general,G5,r1_rms_200,0.8024,0.7837,0.8205
urnings,general,G5,r1_mean_200,0.0515,0.0153,0.0869
urnings,general,G5,r2_brier,0.1954,0.1939,0.1969
urnings,general,G5,r2_bias,-0.0099,-0.0128,-0.0070
urnings,general,G5,r3_inside,0.3555,0.3496,0.3614
urnings,general,G5,r3_below_0.5,0.0953,0.0905,0.1004
urnings,general,G5,r3_above_0.95,0.0329,0.0303,0.0356
urnings,general,G5,r4_false,0.6265,0.6033,0.6499
urnings,general,G5,r4_false_0.70,0.5091,0.4856,0.5345
urnings,general,G5,r4_declared,6.7760,6.5440,6.9980
urnings,general,G5,r5_late_answers,8.7203,8.4577,9.0033
urnings,general,G5,r5_never,0.5065,0.4842,0.5290
urnings,general,G5,r6_lag,0.1666,0.1441,0.1883
urnings,general,G5,r7_error_5,0.7108,0.6774,0.7444
urnings,general,G5,r7_error_10,0.6672,0.6358,0.6968
urnings,general,G5,r7_longest_wrong,1.9620,1.8810,2.0420
urnings,general,G5,r7_hard_first,0.1254,0.1110,0.1404
urnings,general,G5,r4b_chance_below_0.5,0.2223,0.2091,0.2365
urnings,general,G5,r4b_chance_0.5_to_0.6,0.1904,0.1839,0.1966
urnings,general,G5,r4b_chance_0.6_to_0.7,0.2220,0.2157,0.2285
urnings,general,G5,r4b_chance_0.7_to_0.8,0.2007,0.1928,0.2085
urnings,general,G5,r4b_chance_0.8_up,0.1646,0.1554,0.1740
urnings,general,G5,r2_ece,0.0103,0.0075,0.0133
urnings,general,G5,r4b_3,0.1231,0.1139,0.1327
urnings,general,G5,r4b_5,0.2796,0.2654,0.2931
urnings,general,G5,r4b_10,0.5777,0.5590,0.5970
urnings,general,G5,r4b_20,0.8714,0.8523,0.8905
urnings,general,G5,r4b_50,0.9960,0.9899,1.0000
urnings,general,G6,r1_rms_5,0.8998,0.8713,0.9314
urnings,general,G6,r1_mean_5,0.0200,-0.0384,0.0795
urnings,general,G6,r1_rms_10,0.8678,0.8410,0.8936
urnings,general,G6,r1_mean_10,0.0125,-0.0422,0.0650
urnings,general,G6,r1_rms_20,0.8084,0.7848,0.8333
urnings,general,G6,r1_mean_20,0.0288,-0.0163,0.0751
urnings,general,G6,r1_rms_50,0.7773,0.7557,0.7991
urnings,general,G6,r1_mean_50,0.0370,-0.0084,0.0803
urnings,general,G6,r1_rms_100,0.7746,0.7536,0.7980
urnings,general,G6,r1_mean_100,0.0032,-0.0401,0.0453
urnings,general,G6,r1_rms_200,0.7710,0.7499,0.7939
urnings,general,G6,r1_mean_200,-0.0796,-0.1243,-0.0362
urnings,general,G6,r2_brier,0.1962,0.1948,0.1977
urnings,general,G6,r2_bias,-0.0068,-0.0096,-0.0041
urnings,general,G6,r3_inside,0.3669,0.3548,0.3795
urnings,general,G6,r3_below_0.5,0.0975,0.0910,0.1042
urnings,general,G6,r3_above_0.95,0.0917,0.0848,0.0990
urnings,general,G6,r4_false,0.6747,0.6533,0.6959
urnings,general,G6,r4_false_0.70,0.5654,0.5426,0.5878
urnings,general,G6,r4_declared,6.6870,6.4690,6.9160
urnings,general,G6,r5_late_answers,8.5884,8.3210,8.8569
urnings,general,G6,r5_never,0.5161,0.4906,0.5398
urnings,general,G6,r6_lag,0.0672,0.0297,0.1039
urnings,general,G6,r7_error_5,0.7265,0.6925,0.7596
urnings,general,G6,r7_error_10,0.6731,0.6430,0.7052
urnings,general,G6,r7_longest_wrong,1.9170,1.8410,1.9960
urnings,general,G6,r7_hard_first,0.1013,0.0894,0.1143
urnings,general,G6,r4b_chance_below_0.5,0.1734,0.1592,0.1883
urnings,general,G6,r4b_chance_0.5_to_0.6,0.1614,0.1533,0.1707
urnings,general,G6,r4b_chance_0.6_to_0.7,0.2684,0.2574,0.2790
urnings,general,G6,r4b_chance_0.7_to_0.8,0.2409,0.2298,0.2521
urnings,general,G6,r4b_chance_0.8_up,0.1559,0.1462,0.1660
urnings,general,G6,r2_ece,0.0068,0.0043,0.0099
urnings,general,G6,r4b_3,0.1349,0.1258,0.1441
urnings,general,G6,r4b_5,0.3067,0.2934,0.3208
urnings,general,G6,r4b_10,0.5933,0.5741,0.6116
urnings,general,G6,r4b_20,0.8781,0.8608,0.8958
urnings,general,G6,r4b_50,0.9923,0.9835,1.0000
urnings,general,G7,r1_rms_5,0.8854,0.8551,0.9160
urnings,general,G7,r1_mean_5,0.0550,-0.0042,0.1104
urnings,general,G7,r1_rms_10,0.8428,0.8170,0.8720
urnings,general,G7,r1_mean_10,0.0341,-0.0161,0.0847
urnings,general,G7,r1_rms_20,0.7874,0.7642,0.8109
urnings,general,G7,r1_mean_20,0.0116,-0.0351,0.0571
urnings,general,G7,r1_rms_50,0.7219,0.7034,0.7403
urnings,general,G7,r1_mean_50,0.0203,-0.0191,0.0592
urnings,general,G7,r1_rms_100,0.6987,0.6811,0.7158
urnings,general,G7,r1_mean_100,0.0283,-0.0066,0.0655
urnings,general,G7,r1_rms_200,0.7272,0.7082,0.7467
urnings,general,G7,r1_mean_200,-0.0363,-0.0759,0.0016
urnings,general,G7,r2_brier,0.1953,0.1940,0.1968
urnings,general,G7,r2_bias,-0.0084,-0.0114,-0.0057
urnings,general,G7,r3_inside,0.3850,0.3805,0.3896
urnings,general,G7,r3_below_0.5,0.0821,0.0770,0.0872
urnings,general,G7,r3_above_0.95,0.0233,0.0212,0.0256
urnings,general,G7,r4_false,0.6611,0.6404,0.6817
urnings,general,G7,r4_false_0.70,0.5517,0.5287,0.5750
urnings,general,G7,r4_declared,6.5250,6.3080,6.7370
urnings,general,G7,r5_late_answers,8.8304,8.5734,9.1093
urnings,general,G7,r5_never,0.5212,0.4983,0.5432
urnings,general,G7,r6_lag,0.1127,0.0855,0.1394
urnings,general,G7,r7_error_5,0.6960,0.6612,0.7286
urnings,general,G7,r7_error_10,0.6454,0.6137,0.6771
urnings,general,G7,r7_longest_wrong,1.9530,1.8750,2.0340
urnings,general,G7,r7_hard_first,0.1245,0.1117,0.1376
urnings,general,G7,r4b_chance_below_0.5,0.1785,0.1665,0.1909
urnings,general,G7,r4b_chance_0.5_to_0.6,0.1828,0.1770,0.1886
urnings,general,G7,r4b_chance_0.6_to_0.7,0.2241,0.2187,0.2294
urnings,general,G7,r4b_chance_0.7_to_0.8,0.2224,0.2162,0.2287
urnings,general,G7,r4b_chance_0.8_up,0.1922,0.1832,0.2011
urnings,general,G7,r2_ece,0.0084,0.0058,0.0113
urnings,general,G7,r4b_3,0.1344,0.1260,0.1434
urnings,general,G7,r4b_5,0.3072,0.2931,0.3205
urnings,general,G7,r4b_10,0.6085,0.5896,0.6276
urnings,general,G7,r4b_20,0.8871,0.8666,0.9052
urnings,general,G7,r4b_50,0.9932,0.9824,1.0000
urnings,general,G8,r1_rms_5,0.9147,0.8828,0.9481
urnings,general,G8,r1_mean_5,0.0174,-0.0413,0.0753
urnings,general,G8,r1_rms_10,0.8712,0.8425,0.8999
urnings,general,G8,r1_mean_10,0.0304,-0.0209,0.0844
urnings,general,G8,r1_rms_20,0.8148,0.7906,0.8400
urnings,general,G8,r1_mean_20,0.0373,-0.0119,0.0829
urnings,general,G8,r1_rms_50,0.7116,0.6947,0.7290
urnings,general,G8,r1_mean_50,0.0731,0.0367,0.1090
urnings,general,G8,r1_rms_100,0.6749,0.6594,0.6904
urnings,general,G8,r1_mean_100,0.0738,0.0403,0.1071
urnings,general,G8,r1_rms_200,0.6833,0.6664,0.7005
urnings,general,G8,r1_mean_200,0.0668,0.0317,0.1029
urnings,general,G8,r2_brier,0.1935,0.1921,0.1950
urnings,general,G8,r2_bias,-0.0130,-0.0159,-0.0100
urnings,general,G8,r3_inside,0.3814,0.3766,0.3859
urnings,general,G8,r3_below_0.5,0.0769,0.0725,0.0815
urnings,general,G8,r3_above_0.95,0.0266,0.0243,0.0289
urnings,general,G8,r4_false,0.6235,0.6000,0.6483
urnings,general,G8,r4_false_0.70,0.5101,0.4834,0.5377
urnings,general,G8,r4_declared,4.5070,4.3220,4.7070
urnings,general,G8,r5_late_answers,8.8356,8.5494,9.1193
urnings,general,G8,r5_never,0.6497,0.6290,0.6694
urnings,general,G8,r6_lag,0.1584,0.1365,0.1797
urnings,general,G8,r7_error_5,0.7370,0.7020,0.7737
urnings,general,G8,r7_error_10,0.6768,0.6463,0.7100
urnings,general,G8,r7_longest_wrong,1.8180,1.7470,1.8840
urnings,general,G8,r7_hard_first,0.1051,0.0936,0.1183
urnings,general,G8,r4b_chance_below_0.5,0.1642,0.1538,0.1753
urnings,general,G8,r4b_chance_0.5_to_0.6,0.1852,0.1796,0.1910
urnings,general,G8,r4b_chance_0.6_to_0.7,0.2301,0.2248,0.2352
urnings,general,G8,r4b_chance_0.7_to_0.8,0.2313,0.2249,0.2378
urnings,general,G8,r4b_chance_0.8_up,0.1892,0.1799,0.1988
urnings,general,G8,r2_ece,0.0130,0.0101,0.0157
urnings,general,G8,r4b_3,0.0656,0.0593,0.0723
urnings,general,G8,r4b_5,0.1958,0.1839,0.2085
urnings,general,G8,r4b_10,0.4354,0.4156,0.4541
urnings,general,G8,r4b_20,0.7495,0.7207,0.7779
urnings,general,G8,r4b_50,0.9736,0.9498,0.9934
glicko2,topics,G0,r1_rms_5,1.1266,1.1007,1.1526
glicko2,topics,G0,r1_mean_5,0.0136,-0.0387,0.0670
glicko2,topics,G0,r1_rms_10,1.1264,1.1043,1.1488
glicko2,topics,G0,r1_mean_10,0.0285,-0.0192,0.0789
glicko2,topics,G0,r1_rms_20,1.1070,1.0879,1.1277
glicko2,topics,G0,r1_mean_20,0.0477,0.0070,0.0905
glicko2,topics,G0,r1_rms_50,0.9967,0.9808,1.0130
glicko2,topics,G0,r1_mean_50,0.0453,0.0145,0.0747
glicko2,topics,G0,r1_rms_100,0.8862,0.8713,0.9016
glicko2,topics,G0,r1_mean_100,0.0369,0.0132,0.0594
glicko2,topics,G0,r1_rms_200,0.7825,0.7676,0.7966
glicko2,topics,G0,r1_mean_200,0.0415,0.0221,0.0608
glicko2,topics,G0,r2_brier,0.1953,0.1938,0.1969
glicko2,topics,G0,r2_bias,-0.0066,-0.0101,-0.0033
glicko2,topics,G0,r3_inside,0.3886,0.3842,0.3931
glicko2,topics,G0,r3_below_0.5,0.0838,0.0790,0.0890
glicko2,topics,G0,r3_above_0.95,0.0275,0.0251,0.0300
glicko2,topics,G0,r4_false,0.5672,0.5496,0.5854
glicko2,topics,G0,r4_false_0.70,0.4719,0.4553,0.4904
glicko2,topics,G0,r4_declared,7.6590,7.4740,7.8430
glicko2,topics,G0,r5_late_answers,11.9829,11.6715,12.2903
glicko2,topics,G0,r5_never,0.3412,0.3188,0.3640
glicko2,topics,G0,r6_lag,0.2173,0.1999,0.2349
glicko2,topics,G0,r7_longest_wrong,1.6650,1.5960,1.7350
glicko2,topics,G0,r7_hard_first,0.1077,0.0959,0.1197
glicko2,topics,G0,r4b_chance_below_0.5,0.2174,0.2064,0.2291
glicko2,topics,G0,r4b_chance_0.5_to_0.6,0.1994,0.1941,0.2047
glicko2,topics,G0,r4b_chance_0.6_to_0.7,0.2340,0.2282,0.2395
glicko2,topics,G0,r4b_chance_0.7_to_0.8,0.2090,0.2023,0.2158
glicko2,topics,G0,r4b_chance_0.8_up,0.1402,0.1336,0.1467
glicko2,topics,G0,r2_ece,0.0084,0.0058,0.0117
glicko2,topics,G0,r4b_3,0.0494,0.0429,0.0561
glicko2,topics,G0,r4b_5,0.1848,0.1728,0.1975
glicko2,topics,G0,r4b_10,0.5756,0.5553,0.5962
glicko2,topics,G0,r4b_20,0.9193,0.9035,0.9338
glicko2,topics,G0,r4b_50,0.9980,0.9930,1.0000
glicko2,topics,G1,r1_rms_5,1.9835,1.9576,2.0081
glicko2,topics,G1,r1_mean_5,-0.1511,-0.2697,-0.0356
glicko2,topics,G1,r1_rms_10,1.9655,1.9441,1.9870
glicko2,topics,G1,r1_mean_10,-0.1774,-0.2917,-0.0614
glicko2,topics,G1,r1_rms_20,1.7577,1.7349,1.7810
glicko2,topics,G1,r1_mean_20,-0.1114,-0.2010,-0.0153
glicko2,topics,G1,r1_rms_50,1.3166,1.2950,1.3376
glicko2,topics,G1,r1_mean_50,-0.0416,-0.1142,0.0282
glicko2,topics,G1,r1_rms_100,1.0187,0.9998,1.0379
glicko2,topics,G1,r1_mean_100,0.0214,-0.0279,0.0693
glicko2,topics,G1,r1_rms_200,0.8156,0.7983,0.8336
glicko2,topics,G1,r1_mean_200,0.1227,0.0887,0.1579
glicko2,topics,G1,r2_brier,0.1953,0.1915,0.1991
glicko2,topics,G1,r2_bias,-0.0196,-0.0270,-0.0121
glicko2,topics,G1,r3_inside,0.2612,0.2541,0.2677
glicko2,topics,G1,r3_below_0.5,0.1715,0.1596,0.1834
glicko2,topics,G1,r3_above_0.95,0.0982,0.0916,0.1050
glicko2,topics,G1,r4_false,0.5250,0.5012,0.5489
glicko2,topics,G1,r4_false_0.70,0.4726,0.4508,0.4940
glicko2,topics,G1,r4_declared,9.2720,9.0450,9.5100
glicko2,topics,G1,r5_late_answers,9.9879,9.8070,10.1627
glicko2,topics,G1,r5_never,0.2059,0.1876,0.2243
glicko2,topics,G1,r6_lag,0.0585,0.0211,0.0950
glicko2,topics,G1,r7_longest_wrong,2.0630,1.9430,2.1980
glicko2,topics,G1,r7_hard_first,0.3971,0.3729,0.4231
glicko2,topics,G1,r4b_chance_below_0.5,0.4243,0.4091,0.4398
glicko2,topics,G1,r4b_chance_0.5_to_0.6,0.2127,0.2074,0.2179
glicko2,topics,G1,r4b_chance_0.6_to_0.7,0.1674,0.1614,0.1735
glicko2,topics,G1,r4b_chance_0.7_to_0.8,0.1109,0.1041,0.1179
glicko2,topics,G1,r4b_chance_0.8_up,0.0848,0.0775,0.0924
glicko2,topics,G1,r2_ece,0.0216,0.0143,0.0290
glicko2,topics,G1,r4b_3,0.0386,0.0325,0.0452
glicko2,topics,G1,r4b_5,0.1295,0.1191,0.1401
glicko2,topics,G1,r4b_10,0.4514,0.4320,0.4714
glicko2,topics,G1,r4b_20,0.8081,0.7864,0.8298
glicko2,topics,G1,r4b_50,0.9603,0.9356,0.9833
glicko2,topics,G2,r1_rms_5,1.1266,1.1022,1.1508
glicko2,topics,G2,r1_mean_5,-0.0075,-0.0565,0.0397
glicko2,topics,G2,r1_rms_10,1.1238,1.1032,1.1459
glicko2,topics,G2,r1_mean_10,-0.0546,-0.0990,-0.0098
glicko2,topics,G2,r1_rms_20,1.1250,1.1072,1.1434
glicko2,topics,G2,r1_mean_20,-0.1207,-0.1615,-0.0781
glicko2,topics,G2,r1_rms_50,1.0795,1.0622,1.0973
glicko2,topics,G2,r1_mean_50,-0.3649,-0.3953,-0.3341
glicko2,topics,G2,r1_rms_100,1.1836,1.1632,1.2029
glicko2,topics,G2,r1_mean_100,-0.7541,-0.7782,-0.7299
glicko2,topics,G2,r1_rms_200,1.6841,1.6605,1.7075
glicko2,topics,G2,r1_mean_200,-1.4298,-1.4511,-1.4078
glicko2,topics,G2,r2_brier,0.1562,0.1548,0.1576
glicko2,topics,G2,r2_bias,-0.0967,-0.0997,-0.0936
glicko2,topics,G2,r3_inside,0.3118,0.3070,0.3166
glicko2,topics,G2,r3_below_0.5,0.0328,0.0303,0.0354
glicko2,topics,G2,r3_above_0.95,0.1158,0.1100,0.1220
glicko2,topics,G2,r4_false,0.3197,0.3049,0.3351
glicko2,topics,G2,r4_false_0.70,0.2322,0.2201,0.2440
glicko2,topics,G2,r4_declared,11.3580,11.1840,11.5390
glicko2,topics,G2,r5_late_answers,9.7464,9.6111,9.8833
glicko2,topics,G2,r5_never,0.1616,0.1493,0.1738
glicko2,topics,G2,r6_lag,-0.8028,-0.8246,-0.7802
glicko2,topics,G2,r7_longest_wrong,1.6140,1.5520,1.6780
glicko2,topics,G2,r7_hard_first,0.0998,0.0889,0.1109
glicko2,topics,G2,r4b_chance_below_0.5,0.1475,0.1393,0.1561
glicko2,topics,G2,r4b_chance_0.5_to_0.6,0.1524,0.1468,0.1586
glicko2,topics,G2,r4b_chance_0.6_to_0.7,0.2175,0.2109,0.2244
glicko2,topics,G2,r4b_chance_0.7_to_0.8,0.2378,0.2308,0.2447
glicko2,topics,G2,r4b_chance_0.8_up,0.2447,0.2353,0.2550
glicko2,topics,G2,r2_ece,0.0967,0.0938,0.0998
glicko2,topics,G2,r4b_3,0.0502,0.0420,0.0589
glicko2,topics,G2,r4b_5,0.2706,0.2485,0.2921
glicko2,topics,G2,r4b_10,0.7543,0.7250,0.7827
glicko2,topics,G2,r4b_20,0.9945,0.9861,1.0000
glicko2,topics,G2,r4b_50,0.9973,0.9907,1.0000
glicko2,topics,G3,r1_rms_5,1.1250,1.0970,1.1524
glicko2,topics,G3,r1_mean_5,0.0617,0.0121,0.1125
glicko2,topics,G3,r1_rms_10,1.1266,1.1043,1.1486
glicko2,topics,G3,r1_mean_10,0.0476,-0.0015,0.0961
glicko2,topics,G3,r1_rms_20,1.1103,1.0905,1.1302
glicko2,topics,G3,r1_mean_20,0.0703,0.0288,0.1120
glicko2,topics,G3,r1_rms_50,1.0037,0.9875,1.0197
glicko2,topics,G3,r1_mean_50,0.0376,0.0070,0.0683
glicko2,topics,G3,r1_rms_100,1.0459,1.0262,1.0661
glicko2,topics,G3,r1_mean_100,-0.4107,-0.4452,-0.3747
glicko2,topics,G3,r1_rms_200,1.0808,1.0610,1.1021
glicko2,topics,G3,r1_mean_200,-0.6753,-0.6961,-0.6549
glicko2,topics,G3,r2_brier,0.1762,0.1746,0.1777
glicko2,topics,G3,r2_bias,-0.0498,-0.0532,-0.0465
glicko2,topics,G3,r3_inside,0.3574,0.3532,0.3617
glicko2,topics,G3,r3_below_0.5,0.0601,0.0562,0.0640
glicko2,topics,G3,r3_above_0.95,0.0613,0.0576,0.0655
glicko2,topics,G3,r4_false,0.4255,0.4088,0.4430
glicko2,topics,G3,r4_false_0.70,0.3237,0.3084,0.3397
glicko2,topics,G3,r4_declared,9.6660,9.4780,9.8500
glicko2,topics,G3,r5_late_answers,10.0982,9.9025,10.2869
glicko2,topics,G3,r5_never,0.2243,0.2071,0.2402
glicko2,topics,G3,r6_lag,-0.3569,-0.3791,-0.3353
glicko2,topics,G3,r6_jump_answers,48.0310,45.5090,50.6470
glicko2,topics,G3,r6_jump_unsettled,0.3630,0.3310,0.3910
glicko2,topics,G3,r7_longest_wrong,1.6290,1.5690,1.7010
glicko2,topics,G3,r7_hard_first,0.1112,0.0992,0.1243
glicko2,topics,G3,r4b_chance_below_0.5,0.1912,0.1817,0.2015
glicko2,topics,G3,r4b_chance_0.5_to_0.6,0.1726,0.1675,0.1779
glicko2,topics,G3,r4b_chance_0.6_to_0.7,0.2140,0.2084,0.2196
glicko2,topics,G3,r4b_chance_0.7_to_0.8,0.2253,0.2190,0.2314
glicko2,topics,G3,r4b_chance_0.8_up,0.1969,0.1895,0.2050
glicko2,topics,G3,r2_ece,0.0498,0.0465,0.0534
glicko2,topics,G3,r4b_3,0.0451,0.0385,0.0519
glicko2,topics,G3,r4b_5,0.2039,0.1894,0.2192
glicko2,topics,G3,r4b_10,0.6419,0.6197,0.6637
glicko2,topics,G3,r4b_20,0.9645,0.9537,0.9747
glicko2,topics,G3,r4b_50,0.9988,0.9958,1.0000
glicko2,topics,G4,r1_rms_5,1.1434,1.1169,1.1695
glicko2,topics,G4,r1_mean_5,-0.0928,-0.1435,-0.0439
glicko2,topics,G4,r1_rms_10,1.1549,1.1349,1.1754
glicko2,topics,G4,r1_mean_10,-0.1169,-0.1597,-0.0707
glicko2,topics,G4,r1_rms_20,1.1344,1.1169,1.1530
glicko2,topics,G4,r1_mean_20,-0.1388,-0.1783,-0.0991
glicko2,topics,G4,r1_rms_50,1.0275,1.0114,1.0438
glicko2,topics,G4,r1_mean_50,-0.2115,-0.2400,-0.1817
glicko2,topics,G4,r1_rms_100,0.8983,0.8817,0.9144
glicko2,topics,G4,r1_mean_100,-0.2756,-0.2982,-0.2538
glicko2,topics,G4,r1_rms_200,0.8004,0.7831,0.8167
glicko2,topics,G4,r1_mean_200,-0.3044,-0.3233,-0.2861
glicko2,topics,G4,r2_brier,0.2044,0.2029,0.2060
glicko2,topics,G4,r2_bias,0.0134,0.0098,0.0168
glicko2,topics,G4,r3_inside,0.3531,0.3491,0.3572
glicko2,topics,G4,r3_below_0.5,0.1198,0.1143,0.1250
glicko2,topics,G4,r3_above_0.95,0.0277,0.0255,0.0300
glicko2,topics,G4,r4_false,0.5053,0.4871,0.5239
glicko2,topics,G4,r4_false_0.70,0.4029,0.3850,0.4211
glicko2,topics,G4,r4_declared,7.0260,6.8490,7.2090
glicko2,topics,G4,r5_late_answers,12.4951,12.1506,12.8356
glicko2,topics,G4,r5_never,0.3858,0.3646,0.4086
glicko2,topics,G4,r6_lag,-0.1150,-0.1332,-0.0966
glicko2,topics,G4,r7_longest_wrong,1.8060,1.7390,1.8760
glicko2,topics,G4,r7_hard_first,0.1715,0.1573,0.1858
glicko2,topics,G4,r4b_chance_below_0.5,0.2792,0.2687,0.2905
glicko2,topics,G4,r4b_chance_0.5_to_0.6,0.1873,0.1819,0.1925
glicko2,topics,G4,r4b_chance_0.6_to_0.7,0.2030,0.1975,0.2082
glicko2,topics,G4,r4b_chance_0.7_to_0.8,0.1839,0.1783,0.1894
glicko2,topics,G4,r4b_chance_0.8_up,0.1466,0.1397,0.1533
glicko2,topics,G4,r2_ece,0.0155,0.0132,0.0180
glicko2,topics,G4,r4b_3,0.0292,0.0240,0.0346
glicko2,topics,G4,r4b_5,0.1506,0.1385,0.1636
glicko2,topics,G4,r4b_10,0.5307,0.5078,0.5539
glicko2,topics,G4,r4b_20,0.9098,0.8925,0.9257
glicko2,topics,G4,r4b_50,1.0000,1.0000,1.0000
glicko2,topics,G5,r1_rms_5,1.1519,1.1192,1.1852
glicko2,topics,G5,r1_mean_5,0.0322,-0.0274,0.0930
glicko2,topics,G5,r1_rms_10,1.1657,1.1391,1.1920
glicko2,topics,G5,r1_mean_10,0.0461,-0.0097,0.1012
glicko2,topics,G5,r1_rms_20,1.1680,1.1473,1.1900
glicko2,topics,G5,r1_mean_20,0.0732,0.0283,0.1181
glicko2,topics,G5,r1_rms_50,1.0307,1.0133,1.0486
glicko2,topics,G5,r1_mean_50,0.0505,0.0177,0.0831
glicko2,topics,G5,r1_rms_100,0.8910,0.8745,0.9074
glicko2,topics,G5,r1_mean_100,0.0230,-0.0019,0.0484
glicko2,topics,G5,r1_rms_200,0.7734,0.7574,0.7902
glicko2,topics,G5,r1_mean_200,0.0325,0.0127,0.0530
glicko2,topics,G5,r2_brier,0.1976,0.1959,0.1994
glicko2,topics,G5,r2_bias,-0.0031,-0.0069,0.0005
glicko2,topics,G5,r3_inside,0.3732,0.3682,0.3784
glicko2,topics,G5,r3_below_0.5,0.0928,0.0876,0.0985
glicko2,topics,G5,r3_above_0.95,0.0319,0.0288,0.0353
glicko2,topics,G5,r4_false,0.5549,0.5369,0.5733
glicko2,topics,G5,r4_false_0.70,0.4458,0.4278,0.4649
glicko2,topics,G5,r4_declared,7.8200,7.6310,8.0080
glicko2,topics,G5,r5_late_answers,11.8814,11.5762,12.1851
glicko2,topics,G5,r5_never,0.3258,0.3048,0.3478
glicko2,topics,G5,r6_lag,0.2132,0.1937,0.2335
glicko2,topics,G5,r7_longest_wrong,1.7820,1.7070,1.8610
glicko2,topics,G5,r7_hard_first,0.1348,0.1207,0.1488
glicko2,topics,G5,r4b_chance_below_0.5,0.2255,0.2130,0.2389
glicko2,topics,G5,r4b_chance_0.5_to_0.6,0.2021,0.1964,0.2080
glicko2,topics,G5,r4b_chance_0.6_to_0.7,0.2339,0.2271,0.2401
glicko2,topics,G5,r4b_chance_0.7_to_0.8,0.2036,0.1963,0.2111
glicko2,topics,G5,r4b_chance_0.8_up,0.1349,0.1276,0.1423
glicko2,topics,G5,r2_ece,0.0070,0.0056,0.0096
glicko2,topics,G5,r4b_3,0.0478,0.0412,0.0545
glicko2,topics,G5,r4b_5,0.1919,0.1785,0.2055
glicko2,topics,G5,r4b_10,0.5706,0.5499,0.5897
glicko2,topics,G5,r4b_20,0.9052,0.8898,0.9211
glicko2,topics,G5,r4b_50,0.9963,0.9887,1.0000
glicko2,topics,G6,r1_rms_5,1.1263,1.0985,1.1543
glicko2,topics,G6,r1_mean_5,0.0276,-0.0233,0.0800
glicko2,topics,G6,r1_rms_10,1.1375,1.1118,1.1634
glicko2,topics,G6,r1_mean_10,0.0353,-0.0133,0.0857
glicko2,topics,G6,r1_rms_20,1.1325,1.1087,1.1560
glicko2,topics,G6,r1_mean_20,0.0583,0.0151,0.1044
glicko2,topics,G6,r1_rms_50,1.0588,1.0362,1.0799
glicko2,topics,G6,r1_mean_50,0.0387,0.0012,0.0767
glicko2,topics,G6,r1_rms_100,0.9769,0.9573,0.9978
glicko2,topics,G6,r1_mean_100,0.0229,-0.0127,0.0567
glicko2,topics,G6,r1_rms_200,0.9041,0.8843,0.9243
glicko2,topics,G6,r1_mean_200,0.0074,-0.0258,0.0424
glicko2,topics,G6,r2_brier,0.1983,0.1965,0.2001
glicko2,topics,G6,r2_bias,0.0011,-0.0027,0.0047
glicko2,topics,G6,r3_inside,0.3462,0.3363,0.3570
glicko2,topics,G6,r3_below_0.5,0.0985,0.0928,0.1042
glicko2,topics,G6,r3_above_0.95,0.0844,0.0777,0.0916
glicko2,topics,G6,r4_false,0.6053,0.5864,0.6241
glicko2,topics,G6,r4_false_0.70,0.4956,0.4778,0.5134
glicko2,topics,G6,r4_declared,7.4860,7.2980,7.6630
glicko2,topics,G6,r5_late_answers,11.9440,11.5958,12.2982
glicko2,topics,G6,r5_never,0.3436,0.3194,0.3678
glicko2,topics,G6,r6_lag,0.1991,0.1690,0.2286
glicko2,topics,G6,r7_longest_wrong,1.6610,1.5920,1.7330
glicko2,topics,G6,r7_hard_first,0.1031,0.0915,0.1153
glicko2,topics,G6,r4b_chance_below_0.5,0.1924,0.1792,0.2060
glicko2,topics,G6,r4b_chance_0.5_to_0.6,0.1949,0.1868,0.2029
glicko2,topics,G6,r4b_chance_0.6_to_0.7,0.2805,0.2692,0.2907
glicko2,topics,G6,r4b_chance_0.7_to_0.8,0.2135,0.2045,0.2227
glicko2,topics,G6,r4b_chance_0.8_up,0.1187,0.1104,0.1271
glicko2,topics,G6,r2_ece,0.0066,0.0040,0.0094
glicko2,topics,G6,r4b_3,0.0620,0.0546,0.0693
glicko2,topics,G6,r4b_5,0.1991,0.1863,0.2113
glicko2,topics,G6,r4b_10,0.5899,0.5702,0.6083
glicko2,topics,G6,r4b_20,0.9087,0.8924,0.9240
glicko2,topics,G6,r4b_50,0.9969,0.9896,1.0000
glicko2,topics,G7,r1_rms_5,1.1230,1.0963,1.1496
glicko2,topics,G7,r1_mean_5,0.0488,-0.0029,0.0978
glicko2,topics,G7,r1_rms_10,1.1206,1.0972,1.1431
glicko2,topics,G7,r1_mean_10,0.0350,-0.0098,0.0820
glicko2,topics,G7,r1_rms_20,1.1180,1.0979,1.1387
glicko2,topics,G7,r1_mean_20,0.0423,0.0014,0.0830
glicko2,topics,G7,r1_rms_50,1.0212,1.0034,1.0392
glicko2,topics,G7,r1_mean_50,0.0114,-0.0228,0.0423
glicko2,topics,G7,r1_rms_100,0.9102,0.8935,0.9269
glicko2,topics,G7,r1_mean_100,-0.0143,-0.0417,0.0141
glicko2,topics,G7,r1_rms_200,0.8159,0.8001,0.8311
glicko2,topics,G7,r1_mean_200,-0.0186,-0.0432,0.0067
glicko2,topics,G7,r2_brier,0.1987,0.1972,0.2002
glicko2,topics,G7,r2_bias,0.0008,-0.0024,0.0040
glicko2,topics,G7,r3_inside,0.3840,0.3793,0.3887
glicko2,topics,G7,r3_below_0.5,0.0930,0.0882,0.0985
glicko2,topics,G7,r3_above_0.95,0.0264,0.0240,0.0292
glicko2,topics,G7,r4_false,0.5660,0.5496,0.5844
glicko2,topics,G7,r4_false_0.70,0.4686,0.4511,0.4865
glicko2,topics,G7,r4_declared,7.7460,7.5620,7.9440
glicko2,topics,G7,r5_late_answers,11.9131,11.6013,12.2241
glicko2,topics,G7,r5_never,0.3110,0.2872,0.3323
glicko2,topics,G7,r6_lag,0.1749,0.1514,0.1996
glicko2,topics,G7,r7_longest_wrong,1.7590,1.6930,1.8310
glicko2,topics,G7,r7_hard_first,0.1270,0.1141,0.1402
glicko2,topics,G7,r4b_chance_below_0.5,0.2283,0.2174,0.2401
glicko2,topics,G7,r4b_chance_0.5_to_0.6,0.1956,0.1901,0.2013
glicko2,topics,G7,r4b_chance_0.6_to_0.7,0.2286,0.2230,0.2345
glicko2,topics,G7,r4b_chance_0.7_to_0.8,0.2052,0.1984,0.2119
glicko2,topics,G7,r4b_chance_0.8_up,0.1424,0.1362,0.1492
glicko2,topics,G7,r2_ece,0.0085,0.0061,0.0108
glicko2,topics,G7,r4b_3,0.0480,0.0417,0.0548
glicko2,topics,G7,r4b_5,0.1906,0.1774,0.2036
glicko2,topics,G7,r4b_10,0.5882,0.5679,0.6090
glicko2,topics,G7,r4b_20,0.9256,0.9112,0.9398
glicko2,topics,G7,r4b_50,1.0000,1.0000,1.0000
glicko2,topics,G8,r1_rms_5,1.1375,1.1093,1.1646
glicko2,topics,G8,r1_mean_5,0.0378,-0.0143,0.0885
glicko2,topics,G8,r1_rms_10,1.1332,1.1107,1.1576
glicko2,topics,G8,r1_mean_10,0.0402,-0.0083,0.0882
glicko2,topics,G8,r1_rms_20,1.1277,1.1087,1.1482
glicko2,topics,G8,r1_mean_20,0.0522,0.0088,0.0940
glicko2,topics,G8,r1_rms_50,1.0221,1.0055,1.0389
glicko2,topics,G8,r1_mean_50,0.0316,-0.0003,0.0639
glicko2,topics,G8,r1_rms_100,0.9005,0.8861,0.9156
glicko2,topics,G8,r1_mean_100,0.0139,-0.0102,0.0377
glicko2,topics,G8,r1_rms_200,0.7927,0.7786,0.8074
glicko2,topics,G8,r1_mean_200,0.0195,-0.0002,0.0413
glicko2,topics,G8,r2_brier,0.1964,0.1948,0.1980
glicko2,topics,G8,r2_bias,-0.0043,-0.0079,-0.0007
glicko2,topics,G8,r3_inside,0.3811,0.3765,0.3856
glicko2,topics,G8,r3_below_0.5,0.0852,0.0806,0.0898
glicko2,topics,G8,r3_above_0.95,0.0298,0.0271,0.0326
glicko2,topics,G8,r4_false,0.5971,0.5788,0.6161
glicko2,topics,G8,r4_false_0.70,0.4925,0.4727,0.5116
glicko2,topics,G8,r4_declared,5.2890,5.1300,5.4540
glicko2,topics,G8,r5_late_answers,12.8297,12.3962,13.2360
glicko2,topics,G8,r5_never,0.5219,0.4990,0.5434
glicko2,topics,G8,r6_lag,0.2095,0.1913,0.2282
glicko2,topics,G8,r7_longest_wrong,1.6420,1.5800,1.7060
glicko2,topics,G8,r7_hard_first,0.1067,0.0953,0.1181
glicko2,topics,G8,r4b_chance_below_0.5,0.2060,0.1965,0.2165
glicko2,topics,G8,r4b_chance_0.5_to_0.6,0.1965,0.1912,0.2013
glicko2,topics,G8,r4b_chance_0.6_to_0.7,0.2388,0.2337,0.2441
glicko2,topics,G8,r4b_chance_0.7_to_0.8,0.2147,0.2084,0.2210
glicko2,topics,G8,r4b_chance_0.8_up,0.1440,0.1372,0.1510
glicko2,topics,G8,r2_ece,0.0065,0.0058,0.0098
glicko2,topics,G8,r4b_3,0.0250,0.0203,0.0298
glicko2,topics,G8,r4b_5,0.1123,0.1028,0.1222
glicko2,topics,G8,r4b_10,0.3861,0.3669,0.4058
glicko2,topics,G8,r4b_20,0.7954,0.7731,0.8164
glicko2,topics,G8,r4b_50,1.0000,1.0000,1.0000
glicko2_floor,topics,G0,r1_rms_5,1.1576,1.1303,1.1837
glicko2_floor,topics,G0,r1_mean_5,-0.1122,-0.1650,-0.0603
glicko2_floor,topics,G0,r1_rms_10,1.1620,1.1395,1.1850
glicko2_floor,topics,G0,r1_mean_10,-0.1090,-0.1559,-0.0605
glicko2_floor,topics,G0,r1_rms_20,1.1476,1.1277,1.1664
glicko2_floor,topics,G0,r1_mean_20,-0.1350,-0.1768,-0.0928
glicko2_floor,topics,G0,r1_rms_50,1.0520,1.0359,1.0687
glicko2_floor,topics,G0,r1_mean_50,-0.2146,-0.2453,-0.1856
glicko2_floor,topics,G0,r1_rms_100,0.9324,0.9159,0.9489
glicko2_floor,topics,G0,r1_mean_100,-0.2694,-0.2932,-0.2464
glicko2_floor,topics,G0,r1_rms_200,0.8341,0.8163,0.8509
glicko2_floor,topics,G0,r1_mean_200,-0.2801,-0.2991,-0.2613
glicko2_floor,topics,G0,r2_brier,0.1759,0.1741,0.1778
glicko2_floor,topics,G0,r2_bias,0.0081,0.0049,0.0112
glicko2_floor,topics,G0,r3_inside,0.3817,0.3768,0.3863
glicko2_floor,topics,G0,r3_below_0.5,0.0577,0.0535,0.0621
glicko2_floor,topics,G0,r3_above_0.95,0.0487,0.0452,0.0520
glicko2_floor,topics,G0,r4_false,0.5386,0.5204,0.5573
glicko2_floor,topics,G0,r4_false_0.70,0.4290,0.4108,0.4478
glicko2_floor,topics,G0,r4_declared,8.8990,8.7000,9.0980
glicko2_floor,topics,G0,r5_late_answers,10.9215,10.7039,11.1452
glicko2_floor,topics,G0,r5_never,0.2323,0.2160,0.2501
glicko2_floor,topics,G0,r6_lag,-0.1239,-0.1417,-0.1070
glicko2_floor,topics,G0,r7_longest_wrong,1.6110,1.5440,1.6810
glicko2_floor,topics,G0,r7_hard_first,0.1060,0.0943,0.1177
glicko2_floor,topics,G0,r4b_chance_below_0.5,0.1776,0.1652,0.1917
glicko2_floor,topics,G0,r4b_chance_0.5_to_0.6,0.1688,0.1624,0.1752
glicko2_floor,topics,G0,r4b_chance_0.6_to_0.7,0.2138,0.2081,0.2197
glicko2_floor,topics,G0,r4b_chance_0.7_to_0.8,0.2248,0.2173,0.2322
glicko2_floor,topics,G0,r4b_chance_0.8_up,0.2150,0.2052,0.2249
glicko2_floor,topics,G0,r2_ece,0.0089,0.0056,0.0121
glicko2_floor,topics,G0,r4b_3,0.0761,0.0668,0.0858
glicko2_floor,topics,G0,r4b_5,0.2918,0.2748,0.3091
glicko2_floor,topics,G0,r4b_10,0.7294,0.7089,0.7491
glicko2_floor,topics,G0,r4b_20,0.9622,0.9477,0.9743
glicko2_floor,topics,G0,r4b_50,0.9954,0.9888,1.0000
glicko2_floor,topics,G1,r1_rms_5,1.9753,1.9475,2.0033
glicko2_floor,topics,G1,r1_mean_5,-0.2864,-0.4000,-0.1757
glicko2_floor,topics,G1,r1_rms_10,1.9569,1.9318,1.9811
glicko2_floor,topics,G1,r1_mean_10,-0.3264,-0.4291,-0.2212
glicko2_floor,topics,G1,r1_rms_20,1.7375,1.7121,1.7639
glicko2_floor,topics,G1,r1_mean_20,-0.3059,-0.4013,-0.2155
glicko2_floor,topics,G1,r1_rms_50,1.2972,1.2729,1.3218
glicko2_floor,topics,G1,r1_mean_50,-0.3211,-0.3864,-0.2566
glicko2_floor,topics,G1,r1_rms_100,1.0107,0.9898,1.0328
glicko2_floor,topics,G1,r1_mean_100,-0.2880,-0.3334,-0.2431
glicko2_floor,topics,G1,r1_rms_200,0.8168,0.7977,0.8354
glicko2_floor,topics,G1,r1_mean_200,-0.2032,-0.2370,-0.1724
glicko2_floor,topics,G1,r2_brier,0.1787,0.1747,0.1831
glicko2_floor,topics,G1,r2_bias,-0.0052,-0.0117,0.0014
glicko2_floor,topics,G1,r3_inside,0.2398,0.2328,0.2468
glicko2_floor,topics,G1,r3_below_0.5,0.1610,0.1484,0.1738
glicko2_floor,topics,G1,r3_above_0.95,0.1298,0.1207,0.1393
glicko2_floor,topics,G1,r4_false,0.4594,0.4362,0.4848
glicko2_floor,topics,G1,r4_false_0.70,0.4190,0.3963,0.4422
glicko2_floor,topics,G1,r4_declared,10.8030,10.5610,11.0390
glicko2_floor,topics,G1,r5_late_answers,8.8822,8.7559,9.0125
glicko2_floor,topics,G1,r5_never,0.0945,0.0845,0.1050
glicko2_floor,topics,G1,r6_lag,-0.2978,-0.3308,-0.2660
glicko2_floor,topics,G1,r7_longest_wrong,2.0150,1.8880,2.1480
glicko2_floor,topics,G1,r7_hard_first,0.3903,0.3652,0.4161
glicko2_floor,topics,G1,r4b_chance_below_0.5,0.4392,0.4189,0.4591
glicko2_floor,topics,G1,r4b_chance_0.5_to_0.6,0.2010,0.1945,0.2076
glicko2_floor,topics,G1,r4b_chance_0.6_to_0.7,0.1639,0.1572,0.1713
glicko2_floor,topics,G1,r4b_chance_0.7_to_0.8,0.1166,0.1078,0.1263
glicko2_floor,topics,G1,r4b_chance_0.8_up,0.0793,0.0706,0.0889
glicko2_floor,topics,G1,r2_ece,0.0104,0.0070,0.0160
glicko2_floor,topics,G1,r4b_3,0.0261,0.0213,0.0312
glicko2_floor,topics,G1,r4b_5,0.1871,0.1735,0.2011
glicko2_floor,topics,G1,r4b_10,0.5607,0.5411,0.5812
glicko2_floor,topics,G1,r4b_20,0.8496,0.8311,0.8687
glicko2_floor,topics,G1,r4b_50,0.9734,0.9648,0.9819
glicko2_floor,topics,G2,r1_rms_5,1.1596,1.1331,1.1849
glicko2_floor,topics,G2,r1_mean_5,-0.1344,-0.1824,-0.0843
glicko2_floor,topics,G2,r1_rms_10,1.1670,1.1456,1.1876
glicko2_floor,topics,G2,r1_mean_10,-0.1927,-0.2369,-0.1461
glicko2_floor,topics,G2,r1_rms_20,1.1862,1.1675,1.2054
glicko2_floor,topics,G2,r1_mean_20,-0.2989,-0.3376,-0.2601
glicko2_floor,topics,G2,r1_rms_50,1.2067,1.1876,1.2259
glicko2_floor,topics,G2,r1_mean_50,-0.6176,-0.6464,-0.5865
glicko2_floor,topics,G2,r1_rms_100,1.3866,1.3667,1.4082
glicko2_floor,topics,G2,r1_mean_100,-1.0317,-1.0562,-1.0073
glicko2_floor,topics,G2,r1_rms_200,1.9510,1.9276,1.9747
glicko2_floor,topics,G2,r1_mean_200,-1.7341,-1.7564,-1.7118
glicko2_floor,topics,G2,r2_brier,0.1328,0.1313,0.1344
glicko2_floor,topics,G2,r2_bias,-0.0692,-0.0718,-0.0665
glicko2_floor,topics,G2,r3_inside,0.2468,0.2420,0.2514
glicko2_floor,topics,G2,r3_below_0.5,0.0260,0.0238,0.0281
glicko2_floor,topics,G2,r3_above_0.95,0.1909,0.1837,0.1983
glicko2_floor,topics,G2,r4_false,0.2779,0.2645,0.2926
glicko2_floor,topics,G2,r4_false_0.70,0.1851,0.1738,0.1958
glicko2_floor,topics,G2,r4_declared,11.8120,11.6070,12.0270
glicko2_floor,topics,G2,r5_late_answers,8.7972,8.6770,8.9177
glicko2_floor,topics,G2,r5_never,0.1226,0.1148,0.1312
glicko2_floor,topics,G2,r6_lag,-1.1286,-1.1492,-1.1073
glicko2_floor,topics,G2,r7_longest_wrong,1.5730,1.5110,1.6390
glicko2_floor,topics,G2,r7_hard_first,0.0989,0.0885,0.1097
glicko2_floor,topics,G2,r4b_chance_below_0.5,0.1332,0.1256,0.1409
glicko2_floor,topics,G2,r4b_chance_0.5_to_0.6,0.1425,0.1368,0.1484
glicko2_floor,topics,G2,r4b_chance_0.6_to_0.7,0.1954,0.1891,0.2025
glicko2_floor,topics,G2,r4b_chance_0.7_to_0.8,0.2382,0.2313,0.2456
glicko2_floor,topics,G2,r4b_chance_0.8_up,0.2906,0.2815,0.2998
glicko2_floor,topics,G2,r2_ece,0.0693,0.0669,0.0720
glicko2_floor,topics,G2,r4b_3,0.0618,0.0515,0.0726
glicko2_floor,topics,G2,r4b_5,0.3112,0.2875,0.3358
glicko2_floor,topics,G2,r4b_10,0.8437,0.8181,0.8688
glicko2_floor,topics,G2,r4b_20,1.0000,1.0000,1.0000
glicko2_floor,topics,G2,r4b_50,1.0000,1.0000,1.0000
glicko2_floor,topics,G3,r1_rms_5,1.1508,1.1252,1.1786
glicko2_floor,topics,G3,r1_mean_5,-0.0633,-0.1164,-0.0131
glicko2_floor,topics,G3,r1_rms_10,1.1587,1.1371,1.1805
glicko2_floor,topics,G3,r1_mean_10,-0.0881,-0.1363,-0.0375
glicko2_floor,topics,G3,r1_rms_20,1.1420,1.1252,1.1603
glicko2_floor,topics,G3,r1_mean_20,-0.1135,-0.1538,-0.0764
glicko2_floor,topics,G3,r1_rms_50,1.0469,1.0308,1.0636
glicko2_floor,topics,G3,r1_mean_50,-0.2262,-0.2567,-0.1975
glicko2_floor,topics,G3,r1_rms_100,1.1822,1.1582,1.2065
glicko2_floor,topics,G3,r1_mean_100,-0.7028,-0.7368,-0.6676
glicko2_floor,topics,G3,r1_rms_200,1.2988,1.2782,1.3209
glicko2_floor,topics,G3,r1_mean_200,-0.9843,-1.0052,-0.9645
glicko2_floor,topics,G3,r2_brier,0.1552,0.1534,0.1570
glicko2_floor,topics,G3,r2_bias,-0.0291,-0.0321,-0.0260
glicko2_floor,topics,G3,r3_inside,0.3187,0.3142,0.3232
glicko2_floor,topics,G3,r3_below_0.5,0.0447,0.0418,0.0481
glicko2_floor,topics,G3,r3_above_0.95,0.1053,0.1004,0.1108
glicko2_floor,topics,G3,r4_false,0.3971,0.3789,0.4152
glicko2_floor,topics,G3,r4_false_0.70,0.2893,0.2734,0.3047
glicko2_floor,topics,G3,r4_declared,10.4840,10.2700,10.6920
glicko2_floor,topics,G3,r5_late_answers,9.3228,9.1709,9.4785
glicko2_floor,topics,G3,r5_never,0.1616,0.1494,0.1741
glicko2_floor,topics,G3,r6_lag,-0.6790,-0.7010,-0.6582
glicko2_floor,topics,G3,r6_jump_answers,79.3780,76.8950,81.8590
glicko2_floor,topics,G3,r6_jump_unsettled,0.7360,0.7080,0.7640
glicko2_floor,topics,G3,r7_longest_wrong,1.5850,1.5160,1.6580
glicko2_floor,topics,G3,r7_hard_first,0.1088,0.0969,0.1200
glicko2_floor,topics,G3,r4b_chance_below_0.5,0.1724,0.1619,0.1837
glicko2_floor,topics,G3,r4b_chance_0.5_to_0.6,0.1564,0.1513,0.1616
glicko2_floor,topics,G3,r4b_chance_0.6_to_0.7,0.1961,0.1906,0.2020
glicko2_floor,topics,G3,r4b_chance_0.7_to_0.8,0.2268,0.2204,0.2331
glicko2_floor,topics,G3,r4b_chance_0.8_up,0.2484,0.2388,0.2580
glicko2_floor,topics,G3,r2_ece,0.0314,0.0286,0.0344
glicko2_floor,topics,G3,r4b_3,0.0593,0.0508,0.0683
glicko2_floor,topics,G3,r4b_5,0.2775,0.2608,0.2962
glicko2_floor,topics,G3,r4b_10,0.7773,0.7572,0.7980
glicko2_floor,topics,G3,r4b_20,0.9855,0.9769,0.9938
glicko2_floor,topics,G3,r4b_50,1.0000,1.0000,1.0000
glicko2_floor,topics,G4,r1_rms_5,1.1856,1.1600,1.2120
glicko2_floor,topics,G4,r1_mean_5,-0.2222,-0.2744,-0.1721
glicko2_floor,topics,G4,r1_rms_10,1.2088,1.1868,1.2309
glicko2_floor,topics,G4,r1_mean_10,-0.2616,-0.3044,-0.2189
glicko2_floor,topics,G4,r1_rms_20,1.2002,1.1818,1.2193
glicko2_floor,topics,G4,r1_mean_20,-0.3312,-0.3717,-0.2926
glicko2_floor,topics,G4,r1_rms_50,1.1253,1.1073,1.1439
glicko2_floor,topics,G4,r1_mean_50,-0.4972,-0.5248,-0.4682
glicko2_floor,topics,G4,r1_rms_100,1.0450,1.0283,1.0640
glicko2_floor,topics,G4,r1_mean_100,-0.5958,-0.6173,-0.5729
glicko2_floor,topics,G4,r1_rms_200,0.9835,0.9661,1.0016
glicko2_floor,topics,G4,r1_mean_200,-0.6428,-0.6608,-0.6237
glicko2_floor,topics,G4,r2_brier,0.1863,0.1846,0.1880
glicko2_floor,topics,G4,r2_bias,0.0266,0.0237,0.0294
glicko2_floor,topics,G4,r3_inside,0.3520,0.3484,0.3556
glicko2_floor,topics,G4,r3_below_0.5,0.0838,0.0793,0.0882
glicko2_floor,topics,G4,r3_above_0.95,0.0515,0.0484,0.0547
glicko2_floor,topics,G4,r4_false,0.4837,0.4664,0.5016
glicko2_floor,topics,G4,r4_false_0.70,0.3699,0.3526,0.3886
glicko2_floor,topics,G4,r4_declared,8.1640,7.9740,8.3520
glicko2_floor,topics,G4,r5_late_answers,11.7031,11.4437,11.9650
glicko2_floor,topics,G4,r5_never,0.2915,0.2731,0.3102
glicko2_floor,topics,G4,r6_lag,-0.4684,-0.4864,-0.4518
glicko2_floor,topics,G4,r7_longest_wrong,1.7490,1.6820,1.8170
glicko2_floor,topics,G4,r7_hard_first,0.1686,0.1545,0.1826
glicko2_floor,topics,G4,r4b_chance_below_0.5,0.2414,0.2287,0.2556
glicko2_floor,topics,G4,r4b_chance_0.5_to_0.6,0.1689,0.1636,0.1745
glicko2_floor,topics,G4,r4b_chance_0.6_to_0.7,0.1948,0.1893,0.2007
glicko2_floor,topics,G4,r4b_chance_0.7_to_0.8,0.1939,0.1873,0.2002
glicko2_floor,topics,G4,r4b_chance_0.8_up,0.2011,0.1917,0.2104
glicko2_floor,topics,G4,r2_ece,0.0275,0.0245,0.0305
glicko2_floor,topics,G4,r4b_3,0.0426,0.0360,0.0493
glicko2_floor,topics,G4,r4b_5,0.2256,0.2095,0.2416
glicko2_floor,topics,G4,r4b_10,0.6654,0.6420,0.6879
glicko2_floor,topics,G4,r4b_20,0.9614,0.9475,0.9743
glicko2_floor,topics,G4,r4b_50,0.9974,0.9928,1.0000
glicko2_floor,topics,G5,r1_rms_5,1.1773,1.1457,1.2101
glicko2_floor,topics,G5,r1_mean_5,-0.0937,-0.1555,-0.0359
glicko2_floor,topics,G5,r1_rms_10,1.1963,1.1706,1.2235
glicko2_floor,topics,G5,r1_mean_10,-0.0906,-0.1427,-0.0357
glicko2_floor,topics,G5,r1_rms_20,1.1975,1.1743,1.2193
glicko2_floor,topics,G5,r1_mean_20,-0.1115,-0.1549,-0.0667
glicko2_floor,topics,G5,r1_rms_50,1.0672,1.0480,1.0862
glicko2_floor,topics,G5,r1_mean_50,-0.2152,-0.2472,-0.1827
glicko2_floor,topics,G5,r1_rms_100,0.9411,0.9226,0.9593
glicko2_floor,topics,G5,r1_mean_100,-0.2768,-0.3006,-0.2515
glicko2_floor,topics,G5,r1_rms_200,0.8247,0.8069,0.8431
glicko2_floor,topics,G5,r1_mean_200,-0.2878,-0.3082,-0.2681
glicko2_floor,topics,G5,r2_brier,0.1788,0.1768,0.1808
glicko2_floor,topics,G5,r2_bias,0.0116,0.0085,0.0148
glicko2_floor,topics,G5,r3_inside,0.3703,0.3648,0.3757
glicko2_floor,topics,G5,r3_below_0.5,0.0663,0.0615,0.0713
glicko2_floor,topics,G5,r3_above_0.95,0.0540,0.0500,0.0584
glicko2_floor,topics,G5,r4_false,0.5364,0.5173,0.5559
glicko2_floor,topics,G5,r4_false_0.70,0.4265,0.4075,0.4451
glicko2_floor,topics,G5,r4_declared,8.9710,8.7800,9.1680
glicko2_floor,topics,G5,r5_late_answers,10.9527,10.7386,11.2038
glicko2_floor,topics,G5,r5_never,0.2280,0.2100,0.2460
glicko2_floor,topics,G5,r6_lag,-0.1177,-0.1366,-0.0990
glicko2_floor,topics,G5,r7_longest_wrong,1.7290,1.6550,1.8110
glicko2_floor,topics,G5,r7_hard_first,0.1308,0.1170,0.1444
glicko2_floor,topics,G5,r4b_chance_below_0.5,0.1901,0.1761,0.2045
glicko2_floor,topics,G5,r4b_chance_0.5_to_0.6,0.1775,0.1703,0.1841
glicko2_floor,topics,G5,r4b_chance_0.6_to_0.7,0.2112,0.2043,0.2178
glicko2_floor,topics,G5,r4b_chance_0.7_to_0.8,0.2229,0.2148,0.2310
glicko2_floor,topics,G5,r4b_chance_0.8_up,0.1983,0.1878,0.2087
glicko2_floor,topics,G5,r2_ece,0.0133,0.0100,0.0167
glicko2_floor,topics,G5,r4b_3,0.0679,0.0601,0.0759
glicko2_floor,topics,G5,r4b_5,0.2703,0.2554,0.2860
glicko2_floor,topics,G5,r4b_10,0.7108,0.6907,0.7306
glicko2_floor,topics,G5,r4b_20,0.9567,0.9437,0.9693
glicko2_floor,topics,G5,r4b_50,1.0000,1.0000,1.0000
glicko2_floor,topics,G6,r1_rms_5,1.1531,1.1239,1.1826
glicko2_floor,topics,G6,r1_mean_5,-0.1001,-0.1521,-0.0496
glicko2_floor,topics,G6,r1_rms_10,1.1696,1.1439,1.1967
glicko2_floor,topics,G6,r1_mean_10,-0.1029,-0.1506,-0.0532
glicko2_floor,topics,G6,r1_rms_20,1.1666,1.1417,1.1902
glicko2_floor,topics,G6,r1_mean_20,-0.1312,-0.1728,-0.0873
glicko2_floor,topics,G6,r1_rms_50,1.0951,1.0702,1.1211
glicko2_floor,topics,G6,r1_mean_50,-0.2325,-0.2735,-0.1932
glicko2_floor,topics,G6,r1_rms_100,1.0212,0.9940,1.0495
glicko2_floor,topics,G6,r1_mean_100,-0.2923,-0.3304,-0.2553
glicko2_floor,topics,G6,r1_rms_200,0.9596,0.9320,0.9877
glicko2_floor,topics,G6,r1_mean_200,-0.3379,-0.3774,-0.2976
glicko2_floor,topics,G6,r2_brier,0.1809,0.1788,0.1830
glicko2_floor,topics,G6,r2_bias,0.0174,0.0137,0.0210
glicko2_floor,topics,G6,r3_inside,0.3682,0.3567,0.3798
glicko2_floor,topics,G6,r3_below_0.5,0.0686,0.0640,0.0734
glicko2_floor,topics,G6,r3_above_0.95,0.1216,0.1129,0.1310
glicko2_floor,topics,G6,r4_false,0.5867,0.5671,0.6058
glicko2_floor,topics,G6,r4_false_0.70,0.4685,0.4499,0.4881
glicko2_floor,topics,G6,r4_declared,8.5530,8.3550,8.7520
glicko2_floor,topics,G6,r5_late_answers,10.9073,10.6578,11.1666
glicko2_floor,topics,G6,r5_never,0.2471,0.2269,0.2676
glicko2_floor,topics,G6,r6_lag,-0.1584,-0.1935,-0.1256
glicko2_floor,topics,G6,r7_longest_wrong,1.6160,1.5470,1.6850
glicko2_floor,topics,G6,r7_hard_first,0.1009,0.0897,0.1118
glicko2_floor,topics,G6,r4b_chance_below_0.5,0.1595,0.1456,0.1749
glicko2_floor,topics,G6,r4b_chance_0.5_to_0.6,0.1620,0.1540,0.1703
glicko2_floor,topics,G6,r4b_chance_0.6_to_0.7,0.2619,0.2509,0.2721
glicko2_floor,topics,G6,r4b_chance_0.7_to_0.8,0.2440,0.2337,0.2548
glicko2_floor,topics,G6,r4b_chance_0.8_up,0.1727,0.1612,0.1836
glicko2_floor,topics,G6,r2_ece,0.0183,0.0146,0.0221
glicko2_floor,topics,G6,r4b_3,0.0772,0.0686,0.0860
glicko2_floor,topics,G6,r4b_5,0.2767,0.2627,0.2905
glicko2_floor,topics,G6,r4b_10,0.6918,0.6731,0.7104
glicko2_floor,topics,G6,r4b_20,0.9628,0.9516,0.9730
glicko2_floor,topics,G6,r4b_50,0.9946,0.9867,1.0000
glicko2_floor,topics,G7,r1_rms_5,1.1513,1.1239,1.1794
glicko2_floor,topics,G7,r1_mean_5,-0.0796,-0.1313,-0.0307
glicko2_floor,topics,G7,r1_rms_10,1.1553,1.1324,1.1787
glicko2_floor,topics,G7,r1_mean_10,-0.1025,-0.1444,-0.0564
glicko2_floor,topics,G7,r1_rms_20,1.1619,1.1424,1.1815
glicko2_floor,topics,G7,r1_mean_20,-0.1436,-0.1837,-0.1009
glicko2_floor,topics,G7,r1_rms_50,1.0840,1.0667,1.1014
glicko2_floor,topics,G7,r1_mean_50,-0.2530,-0.2830,-0.2200
glicko2_floor,topics,G7,r1_rms_100,0.9737,0.9572,0.9906
glicko2_floor,topics,G7,r1_mean_100,-0.3192,-0.3468,-0.2924
glicko2_floor,topics,G7,r1_rms_200,0.8752,0.8578,0.8929
glicko2_floor,topics,G7,r1_mean_200,-0.3473,-0.3711,-0.3226
glicko2_floor,topics,G7,r2_brier,0.1794,0.1777,0.1812
glicko2_floor,topics,G7,r2_bias,0.0158,0.0128,0.0188
glicko2_floor,topics,G7,r3_inside,0.3812,0.3764,0.3857
glicko2_floor,topics,G7,r3_below_0.5,0.0648,0.0607,0.0694
glicko2_floor,topics,G7,r3_above_0.95,0.0467,0.0432,0.0504
glicko2_floor,topics,G7,r4_false,0.5517,0.5341,0.5687
glicko2_floor,topics,G7,r4_false_0.70,0.4421,0.4246,0.4607
glicko2_floor,topics,G7,r4_declared,8.6410,8.4600,8.8200
glicko2_floor,topics,G7,r5_late_answers,11.3225,11.0853,11.5659
glicko2_floor,topics,G7,r5_never,0.2250,0.2077,0.2426
glicko2_floor,topics,G7,r6_lag,-0.1571,-0.1808,-0.1330
glicko2_floor,topics,G7,r7_longest_wrong,1.6980,1.6280,1.7730
glicko2_floor,topics,G7,r7_hard_first,0.1250,0.1128,0.1377
glicko2_floor,topics,G7,r4b_chance_below_0.5,0.1893,0.1765,0.2046
glicko2_floor,topics,G7,r4b_chance_0.5_to_0.6,0.1634,0.1583,0.1685
glicko2_floor,topics,G7,r4b_chance_0.6_to_0.7,0.2123,0.2063,0.2183
glicko2_floor,topics,G7,r4b_chance_0.7_to_0.8,0.2220,0.2148,0.2284
glicko2_floor,topics,G7,r4b_chance_0.8_up,0.2131,0.2041,0.2222
glicko2_floor,topics,G7,r2_ece,0.0162,0.0132,0.0194
glicko2_floor,topics,G7,r4b_3,0.0695,0.0614,0.0785
glicko2_floor,topics,G7,r4b_5,0.2605,0.2453,0.2764
glicko2_floor,topics,G7,r4b_10,0.7236,0.7040,0.7435
glicko2_floor,topics,G7,r4b_20,0.9674,0.9541,0.9799
glicko2_floor,topics,G7,r4b_50,0.9977,0.9904,1.0000
glicko2_floor,topics,G8,r1_rms_5,1.1658,1.1373,1.1925
glicko2_floor,topics,G8,r1_mean_5,-0.0880,-0.1377,-0.0353
glicko2_floor,topics,G8,r1_rms_10,1.1669,1.1441,1.1908
glicko2_floor,topics,G8,r1_mean_10,-0.0973,-0.1456,-0.0490
glicko2_floor,topics,G8,r1_rms_20,1.1669,1.1474,1.1879
glicko2_floor,topics,G8,r1_mean_20,-0.1288,-0.1731,-0.0883
glicko2_floor,topics,G8,r1_rms_50,1.0705,1.0526,1.0872
glicko2_floor,topics,G8,r1_mean_50,-0.2340,-0.2666,-0.2039
glicko2_floor,topics,G8,r1_rms_100,0.9455,0.9283,0.9623
glicko2_floor,topics,G8,r1_mean_100,-0.2906,-0.3132,-0.2679
glicko2_floor,topics,G8,r1_rms_200,0.8442,0.8279,0.8618
glicko2_floor,topics,G8,r1_mean_200,-0.3024,-0.3219,-0.2829
glicko2_floor,topics,G8,r2_brier,0.1768,0.1750,0.1787
glicko2_floor,topics,G8,r2_bias,0.0108,0.0075,0.0140
glicko2_floor,topics,G8,r3_inside,0.3803,0.3756,0.3851
glicko2_floor,topics,G8,r3_below_0.5,0.0590,0.0549,0.0631
glicko2_floor,topics,G8,r3_above_0.95,0.0521,0.0485,0.0558
glicko2_floor,topics,G8,r4_false,0.5620,0.5431,0.5808
glicko2_floor,topics,G8,r4_false_0.70,0.4493,0.4305,0.4678
glicko2_floor,topics,G8,r4_declared,6.2860,6.1240,6.4510
glicko2_floor,topics,G8,r5_late_answers,12.6851,12.3449,13.0055
glicko2_floor,topics,G8,r5_never,0.4231,0.4016,0.4436
glicko2_floor,topics,G8,r6_lag,-0.1172,-0.1356,-0.0980
glicko2_floor,topics,G8,r7_longest_wrong,1.5830,1.5230,1.6440
glicko2_floor,topics,G8,r7_hard_first,0.1051,0.0939,0.1172
glicko2_floor,topics,G8,r4b_chance_below_0.5,0.1662,0.1561,0.1770
glicko2_floor,topics,G8,r4b_chance_0.5_to_0.6,0.1629,0.1576,0.1683
glicko2_floor,topics,G8,r4b_chance_0.6_to_0.7,0.2172,0.2116,0.2227
glicko2_floor,topics,G8,r4b_chance_0.7_to_0.8,0.2353,0.2285,0.2416
glicko2_floor,topics,G8,r4b_chance_0.8_up,0.2186,0.2091,0.2282
glicko2_floor,topics,G8,r2_ece,0.0115,0.0083,0.0146
glicko2_floor,topics,G8,r4b_3,0.0374,0.0319,0.0435
glicko2_floor,topics,G8,r4b_5,0.1568,0.1451,0.1694
glicko2_floor,topics,G8,r4b_10,0.5258,0.5065,0.5456
glicko2_floor,topics,G8,r4b_20,0.8906,0.8729,0.9073
glicko2_floor,topics,G8,r4b_50,0.9952,0.9858,1.0000
urnings,topics,G0,r1_rms_5,0.9744,0.9420,1.0066
urnings,topics,G0,r1_mean_5,-0.0211,-0.0821,0.0415
urnings,topics,G0,r1_rms_10,0.9740,0.9424,1.0082
urnings,topics,G0,r1_mean_10,-0.0213,-0.0844,0.0399
urnings,topics,G0,r1_rms_20,0.9648,0.9352,0.9973
urnings,topics,G0,r1_mean_20,-0.0182,-0.0800,0.0436
urnings,topics,G0,r1_rms_50,0.9145,0.8848,0.9440
urnings,topics,G0,r1_mean_50,-0.0148,-0.0683,0.0410
urnings,topics,G0,r1_rms_100,0.8455,0.8214,0.8694
urnings,topics,G0,r1_mean_100,-0.0069,-0.0555,0.0438
urnings,topics,G0,r1_rms_200,0.7469,0.7274,0.7679
urnings,topics,G0,r1_mean_200,0.0152,-0.0236,0.0549
urnings,topics,G0,r2_brier,0.1836,0.1801,0.1871
urnings,topics,G0,r2_bias,-0.0220,-0.0293,-0.0145
urnings,topics,G0,r3_inside,0.3347,0.3254,0.3439
urnings,topics,G0,r3_below_0.5,0.0820,0.0732,0.0911
urnings,topics,G0,r3_above_0.95,0.0658,0.0575,0.0746
urnings,topics,G0,r4_false,0.6143,0.5914,0.6384
urnings,topics,G0,r4_false_0.70,0.5162,0.4927,0.5399
urnings,topics,G0,r4_declared,5.9860,5.8170,6.1620
urnings,topics,G0,r5_late_answers,10.3977,9.9647,10.8466
urnings,topics,G0,r5_never,0.5223,0.5010,0.5424
urnings,topics,G0,r6_lag,0.0160,-0.0291,0.0627
urnings,topics,G0,r7_longest_wrong,1.8380,1.7560,1.9230
urnings,topics,G0,r7_hard_first,0.1098,0.0963,0.1238
urnings,topics,G0,r4b_chance_below_0.5,0.1925,0.1757,0.2099
urnings,topics,G0,r4b_chance_0.5_to_0.6,0.1766,0.1697,0.1839
urnings,topics,G0,r4b_chance_0.6_to_0.7,0.2198,0.2129,0.2272
urnings,topics,G0,r4b_chance_0.7_to_0.8,0.2194,0.2096,0.2287
urnings,topics,G0,r4b_chance_0.8_up,0.1915,0.1799,0.2044
urnings,topics,G0,r2_ece,0.0249,0.0196,0.0312
urnings,topics,G0,r4b_3,0.1764,0.1642,0.1883
urnings,topics,G0,r4b_5,0.3955,0.3780,0.4124
urnings,topics,G0,r4b_10,0.7048,0.6853,0.7247
urnings,topics,G0,r4b_20,0.9419,0.9245,0.9586
urnings,topics,G0,r4b_50,0.9930,0.9752,1.0000
urnings,topics,G1,r1_rms_5,2.4831,2.4688,2.4975
urnings,topics,G1,r1_mean_5,-0.0134,-0.1564,0.1376
urnings,topics,G1,r1_rms_10,2.4720,2.4604,2.4827
urnings,topics,G1,r1_mean_10,-0.0292,-0.1693,0.1204
urnings,topics,G1,r1_rms_20,2.4366,2.4258,2.4468
urnings,topics,G1,r1_mean_20,-0.0354,-0.1864,0.1118
urnings,topics,G1,r1_rms_50,2.3068,2.2953,2.3177
urnings,topics,G1,r1_mean_50,-0.0592,-0.1928,0.0874
urnings,topics,G1,r1_rms_100,2.0810,2.0662,2.0959
urnings,topics,G1,r1_mean_100,-0.1081,-0.2299,0.0174
urnings,topics,G1,r1_rms_200,1.6639,1.6435,1.6844
urnings,topics,G1,r1_mean_200,-0.1497,-0.2489,-0.0507
urnings,topics,G1,r2_brier,0.2076,0.2005,0.2148
urnings,topics,G1,r2_bias,0.0294,0.0141,0.0447
urnings,topics,G1,r3_inside,0.0330,0.0313,0.0348
urnings,topics,G1,r3_below_0.5,0.3530,0.3307,0.3761
urnings,topics,G1,r3_above_0.95,0.3552,0.3325,0.3801
urnings,topics,G1,r4_false,0.2689,0.2514,0.2882
urnings,topics,G1,r4_false_0.70,0.2494,0.2324,0.2682
urnings,topics,G1,r4_declared,5.7820,5.5110,6.0640
urnings,topics,G1,r5_late_answers,11.4248,11.0528,11.8187
urnings,topics,G1,r5_never,0.3591,0.3368,0.3821
urnings,topics,G1,r6_lag,-0.1270,-0.2388,-0.0150
urnings,topics,G1,r7_longest_wrong,2.4970,2.3370,2.6540
urnings,topics,G1,r7_hard_first,0.4564,0.4269,0.4839
urnings,topics,G1,r4b_chance_below_0.5,0.8040,0.7966,0.8113
urnings,topics,G1,r4b_chance_0.5_to_0.6,0.1278,0.1232,0.1325
urnings,topics,G1,r4b_chance_0.6_to_0.7,0.0516,0.0485,0.0550
urnings,topics,G1,r4b_chance_0.7_to_0.8,0.0146,0.0129,0.0164
urnings,topics,G1,r4b_chance_0.8_up,0.0019,0.0014,0.0025
urnings,topics,G1,r2_ece,0.0473,0.0425,0.0536
urnings,topics,G1,r4b_3,0.0177,0.0143,0.0214
urnings,topics,G1,r4b_5,0.0792,0.0716,0.0872
urnings,topics,G1,r4b_10,0.2592,0.2420,0.2764
urnings,topics,G1,r4b_20,0.5715,0.5107,0.6363
urnings,topics,G1,r4b_50,1.0000,0.6064,1.0000
urnings,topics,G2,r1_rms_5,0.9526,0.9206,0.9848
urnings,topics,G2,r1_mean_5,-0.0224,-0.0874,0.0397
urnings,topics,G2,r1_rms_10,0.9511,0.9219,0.9827
urnings,topics,G2,r1_mean_10,-0.0854,-0.1413,-0.0276
urnings,topics,G2,r1_rms_20,0.9509,0.9203,0.9806
urnings,topics,G2,r1_mean_20,-0.1927,-0.2510,-0.1340
urnings,topics,G2,r1_rms_50,0.9962,0.9626,1.0292
urnings,topics,G2,r1_mean_50,-0.5052,-0.5594,-0.4501
urnings,topics,G2,r1_rms_100,1.2025,1.1642,1.2418
urnings,topics,G2,r1_mean_100,-0.9695,-1.0180,-0.9180
urnings,topics,G2,r1_rms_200,1.8148,1.7722,1.8587
urnings,topics,G2,r1_mean_200,-1.7169,-1.7621,-1.6717
urnings,topics,G2,r2_brier,0.1372,0.1348,0.1397
urnings,topics,G2,r2_bias,-0.1237,-0.1287,-0.1186
urnings,topics,G2,r3_inside,0.2227,0.2143,0.2310
urnings,topics,G2,r3_below_0.5,0.0250,0.0215,0.0287
urnings,topics,G2,r3_above_0.95,0.2685,0.2540,0.2831
urnings,topics,G2,r4_false,0.3266,0.3094,0.3441
urnings,topics,G2,r4_false_0.70,0.2288,0.2145,0.2422
urnings,topics,G2,r4_declared,8.5190,8.3540,8.6840
urnings,topics,G2,r5_late_answers,9.3012,9.0296,9.5596
urnings,topics,G2,r5_never,0.4303,0.4114,0.4491
urnings,topics,G2,r6_lag,-1.3707,-1.4179,-1.3242
urnings,topics,G2,r7_longest_wrong,1.7840,1.7110,1.8620
urnings,topics,G2,r7_hard_first,0.1059,0.0939,0.1181
urnings,topics,G2,r4b_chance_below_0.5,0.0962,0.0847,0.1087
urnings,topics,G2,r4b_chance_0.5_to_0.6,0.1174,0.1102,0.1249
urnings,topics,G2,r4b_chance_0.6_to_0.7,0.1778,0.1712,0.1839
urnings,topics,G2,r4b_chance_0.7_to_0.8,0.2564,0.2481,0.2645
urnings,topics,G2,r4b_chance_0.8_up,0.3522,0.3362,0.3672
urnings,topics,G2,r2_ece,0.1237,0.1187,0.1290
urnings,topics,G2,r4b_3,0.1872,0.1736,0.2013
urnings,topics,G2,r4b_5,0.4822,0.4612,0.5027
urnings,topics,G2,r4b_10,0.8541,0.8359,0.8726
urnings,topics,G2,r4b_20,0.9891,0.9766,1.0000
urnings,topics,G2,r4b_50,1.0000,1.0000,1.0000
urnings,topics,G3,r1_rms_5,0.9760,0.9440,1.0091
urnings,topics,G3,r1_mean_5,0.0103,-0.0596,0.0729
urnings,topics,G3,r1_rms_10,0.9729,0.9428,1.0036
urnings,topics,G3,r1_mean_10,0.0006,-0.0622,0.0609
urnings,topics,G3,r1_rms_20,0.9642,0.9342,0.9943
urnings,topics,G3,r1_mean_20,0.0013,-0.0624,0.0627
urnings,topics,G3,r1_rms_50,0.9223,0.8953,0.9516
urnings,topics,G3,r1_mean_50,-0.0097,-0.0655,0.0470
urnings,topics,G3,r1_rms_100,1.0101,0.9776,1.0460
urnings,topics,G3,r1_mean_100,-0.4710,-0.5276,-0.4104
urnings,topics,G3,r1_rms_200,1.0459,1.0133,1.0795
urnings,topics,G3,r1_mean_200,-0.7763,-0.8227,-0.7304
urnings,topics,G3,r2_brier,0.1606,0.1576,0.1636
urnings,topics,G3,r2_bias,-0.0714,-0.0776,-0.0650
urnings,topics,G3,r3_inside,0.2913,0.2835,0.2993
urnings,topics,G3,r3_below_0.5,0.0521,0.0462,0.0579
urnings,topics,G3,r3_above_0.95,0.1462,0.1339,0.1586
urnings,topics,G3,r4_false,0.4698,0.4489,0.4908
urnings,topics,G3,r4_false_0.70,0.3583,0.3390,0.3775
urnings,topics,G3,r4_declared,7.1440,6.9690,7.3110
urnings,topics,G3,r5_late_answers,9.3877,9.0281,9.7433
urnings,topics,G3,r5_never,0.4832,0.4629,0.5021
urnings,topics,G3,r6_lag,-0.7211,-0.7678,-0.6712
urnings,topics,G3,r6_jump_answers,68.0540,65.0180,71.0230
urnings,topics,G3,r6_jump_unsettled,0.6290,0.5980,0.6580
urnings,topics,G3,r7_longest_wrong,1.7900,1.7090,1.8770
urnings,topics,G3,r7_hard_first,0.1134,0.1000,0.1275
urnings,topics,G3,r4b_chance_below_0.5,0.1553,0.1408,0.1704
urnings,topics,G3,r4b_chance_0.5_to_0.6,0.1486,0.1417,0.1555
urnings,topics,G3,r4b_chance_0.6_to_0.7,0.2001,0.1938,0.2066
urnings,topics,G3,r4b_chance_0.7_to_0.8,0.2332,0.2247,0.2411
urnings,topics,G3,r4b_chance_0.8_up,0.2628,0.2493,0.2764
urnings,topics,G3,r2_ece,0.0714,0.0652,0.0774
urnings,topics,G3,r4b_3,0.1757,0.1635,0.1888
urnings,topics,G3,r4b_5,0.4313,0.4126,0.4490
urnings,topics,G3,r4b_10,0.7930,0.7752,0.8120
urnings,topics,G3,r4b_20,0.9557,0.9403,0.9693
urnings,topics,G3,r4b_50,1.0000,1.0000,1.0000
urnings,topics,G4,r1_rms_5,0.9576,0.9255,0.9890
urnings,topics,G4,r1_mean_5,-0.0596,-0.1185,0.0009
urnings,topics,G4,r1_rms_10,0.9639,0.9326,0.9942
urnings,topics,G4,r1_mean_10,-0.0639,-0.1231,-0.0048
urnings,topics,G4,r1_rms_20,0.9547,0.9253,0.9847
urnings,topics,G4,r1_mean_20,-0.0685,-0.1275,-0.0070
urnings,topics,G4,r1_rms_50,0.9037,0.8744,0.9310
urnings,topics,G4,r1_mean_50,-0.0892,-0.1452,-0.0331
urnings,topics,G4,r1_rms_100,0.8342,0.8100,0.8591
urnings,topics,G4,r1_mean_100,-0.1161,-0.1629,-0.0692
urnings,topics,G4,r1_rms_200,0.7418,0.7224,0.7623
urnings,topics,G4,r1_mean_200,-0.1566,-0.1949,-0.1170
urnings,topics,G4,r2_brier,0.2033,0.2000,0.2066
urnings,topics,G4,r2_bias,0.0193,0.0120,0.0264
urnings,topics,G4,r3_inside,0.3167,0.3092,0.3240
urnings,topics,G4,r3_below_0.5,0.1363,0.1255,0.1473
urnings,topics,G4,r3_above_0.95,0.0449,0.0391,0.0509
urnings,topics,G4,r4_false,0.6085,0.5854,0.6339
urnings,topics,G4,r4_false_0.70,0.4895,0.4656,0.5140
urnings,topics,G4,r4_declared,5.2950,5.1360,5.4530
urnings,topics,G4,r5_late_answers,11.1668,10.6620,11.6764
urnings,topics,G4,r5_never,0.5873,0.5662,0.6088
urnings,topics,G4,r6_lag,-0.1295,-0.1727,-0.0863
urnings,topics,G4,r7_longest_wrong,2.0630,1.9790,2.1500
urnings,topics,G4,r7_hard_first,0.1820,0.1662,0.1974
urnings,topics,G4,r4b_chance_below_0.5,0.2762,0.2583,0.2937
urnings,topics,G4,r4b_chance_0.5_to_0.6,0.1848,0.1793,0.1906
urnings,topics,G4,r4b_chance_0.6_to_0.7,0.1994,0.1930,0.2052
urnings,topics,G4,r4b_chance_0.7_to_0.8,0.1858,0.1783,0.1941
urnings,topics,G4,r4b_chance_0.8_up,0.1539,0.1446,0.1640
urnings,topics,G4,r2_ece,0.0193,0.0121,0.0265
urnings,topics,G4,r4b_3,0.1281,0.1182,0.1377
urnings,topics,G4,r4b_5,0.3260,0.3111,0.3409
urnings,topics,G4,r4b_10,0.6345,0.6133,0.6565
urnings,topics,G4,r4b_20,0.9171,0.8962,0.9388
urnings,topics,G4,r4b_50,1.0000,0.9535,1.0000
urnings,topics,G5,r1_rms_5,1.0198,0.9783,1.0624
urnings,topics,G5,r1_mean_5,0.0018,-0.0709,0.0736
urnings,topics,G5,r1_rms_10,1.0294,0.9889,1.0696
urnings,topics,G5,r1_mean_10,0.0130,-0.0624,0.0856
urnings,topics,G5,r1_rms_20,1.0709,1.0362,1.1069
urnings,topics,G5,r1_mean_20,0.0258,-0.0402,0.0940
urnings,topics,G5,r1_rms_50,1.0218,0.9901,1.0542
urnings,topics,G5,r1_mean_50,0.0249,-0.0359,0.0878
urnings,topics,G5,r1_rms_100,0.9450,0.9164,0.9736
urnings,topics,G5,r1_mean_100,0.0232,-0.0343,0.0787
urnings,topics,G5,r1_rms_200,0.8219,0.7999,0.8438
urnings,topics,G5,r1_mean_200,0.0314,-0.0119,0.0750
urnings,topics,G5,r2_brier,0.1883,0.1848,0.1918
urnings,topics,G5,r2_bias,-0.0115,-0.0191,-0.0037
urnings,topics,G5,r3_inside,0.3110,0.3020,0.3205
urnings,topics,G5,r3_below_0.5,0.1061,0.0957,0.1165
urnings,topics,G5,r3_above_0.95,0.0788,0.0693,0.0890
urnings,topics,G5,r4_false,0.6103,0.5864,0.6344
urnings,topics,G5,r4_false_0.70,0.5074,0.4836,0.5304
urnings,topics,G5,r4_declared,5.8510,5.6710,6.0430
urnings,topics,G5,r5_late_answers,10.4599,9.9939,10.9576
urnings,topics,G5,r5_never,0.5271,0.5053,0.5498
urnings,topics,G5,r6_lag,0.0397,-0.0094,0.0892
urnings,topics,G5,r7_longest_wrong,1.9460,1.8560,2.0340
urnings,topics,G5,r7_hard_first,0.1374,0.1227,0.1539
urnings,topics,G5,r4b_chance_below_0.5,0.2472,0.2268,0.2671
urnings,topics,G5,r4b_chance_0.5_to_0.6,0.1811,0.1734,0.1881
urnings,topics,G5,r4b_chance_0.6_to_0.7,0.2044,0.1973,0.2120
urnings,topics,G5,r4b_chance_0.7_to_0.8,0.1955,0.1858,0.2054
urnings,topics,G5,r4b_chance_0.8_up,0.1717,0.1606,0.1849
urnings,topics,G5,r2_ece,0.0210,0.0170,0.0252
urnings,topics,G5,r4b_3,0.1528,0.1421,0.1635
urnings,topics,G5,r4b_5,0.3549,0.3380,0.3717
urnings,topics,G5,r4b_10,0.6768,0.6552,0.6979
urnings,topics,G5,r4b_20,0.9198,0.8980,0.9390
urnings,topics,G5,r4b_50,0.9820,0.9563,1.0000
urnings,topics,G6,r1_rms_5,0.9582,0.9262,0.9898
urnings,topics,G6,r1_mean_5,0.0251,-0.0362,0.0880
urnings,topics,G6,r1_rms_10,0.9671,0.9340,1.0011
urnings,topics,G6,r1_mean_10,0.0228,-0.0395,0.0851
urnings,topics,G6,r1_rms_20,0.9554,0.9258,0.9866
urnings,topics,G6,r1_mean_20,0.0231,-0.0327,0.0819
urnings,topics,G6,r1_rms_50,0.9170,0.8872,0.9475
urnings,topics,G6,r1_mean_50,0.0260,-0.0273,0.0806
urnings,topics,G6,r1_rms_100,0.8642,0.8375,0.8906
urnings,topics,G6,r1_mean_100,0.0267,-0.0246,0.0781
urnings,topics,G6,r1_rms_200,0.7915,0.7707,0.8141
urnings,topics,G6,r1_mean_200,0.0402,-0.0020,0.0838
urnings,topics,G6,r2_brier,0.1871,0.1835,0.1907
urnings,topics,G6,r2_bias,-0.0139,-0.0209,-0.0063
urnings,topics,G6,r3_inside,0.3232,0.3083,0.3385
urnings,topics,G6,r3_below_0.5,0.0831,0.0746,0.0922
urnings,topics,G6,r3_above_0.95,0.1595,0.1435,0.1760
urnings,topics,G6,r4_false,0.6482,0.6229,0.6734
urnings,topics,G6,r4_false_0.70,0.5474,0.5239,0.5717
urnings,topics,G6,r4_declared,5.8350,5.6650,6.0120
urnings,topics,G6,r5_late_answers,10.0413,9.5742,10.4853
urnings,topics,G6,r5_never,0.5137,0.4907,0.5358
urnings,topics,G6,r6_lag,0.0358,-0.0096,0.0834
urnings,topics,G6,r7_longest_wrong,1.8550,1.7710,1.9400
urnings,topics,G6,r7_hard_first,0.1070,0.0947,0.1202
urnings,topics,G6,r4b_chance_below_0.5,0.1765,0.1587,0.1958
urnings,topics,G6,r4b_chance_0.5_to_0.6,0.1862,0.1736,0.1987
urnings,topics,G6,r4b_chance_0.6_to_0.7,0.2682,0.2556,0.2811
urnings,topics,G6,r4b_chance_0.7_to_0.8,0.2303,0.2174,0.2440
urnings,topics,G6,r4b_chance_0.8_up,0.1388,0.1283,0.1490
urnings,topics,G6,r2_ece,0.0215,0.0171,0.0263
urnings,topics,G6,r4b_3,0.1586,0.1486,0.1694
urnings,topics,G6,r4b_5,0.3687,0.3527,0.3838
urnings,topics,G6,r4b_10,0.6921,0.6743,0.7091
urnings,topics,G6,r4b_20,0.9141,0.8950,0.9340
urnings,topics,G6,r4b_50,0.9897,0.9631,1.0000
urnings,topics,G7,r1_rms_5,0.9363,0.9046,0.9682
urnings,topics,G7,r1_mean_5,0.0621,0.0003,0.1251
urnings,topics,G7,r1_rms_10,0.9373,0.9071,0.9706
urnings,topics,G7,r1_mean_10,0.0527,-0.0095,0.1118
urnings,topics,G7,r1_rms_20,0.9275,0.8980,0.9615
urnings,topics,G7,r1_mean_20,0.0505,-0.0077,0.1102
urnings,topics,G7,r1_rms_50,0.8853,0.8561,0.9142
urnings,topics,G7,r1_mean_50,0.0471,-0.0084,0.1044
urnings,topics,G7,r1_rms_100,0.8197,0.7940,0.8468
urnings,topics,G7,r1_mean_100,0.0406,-0.0071,0.0925
urnings,topics,G7,r1_rms_200,0.7314,0.7118,0.7528
urnings,topics,G7,r1_mean_200,0.0331,-0.0062,0.0747
urnings,topics,G7,r2_brier,0.1929,0.1892,0.1964
urnings,topics,G7,r2_bias,-0.0023,-0.0096,0.0052
urnings,topics,G7,r3_inside,0.3438,0.3345,0.3526
urnings,topics,G7,r3_below_0.5,0.1023,0.0925,0.1128
urnings,topics,G7,r3_above_0.95,0.0536,0.0461,0.0619
urnings,topics,G7,r4_false,0.6429,0.6191,0.6674
urnings,topics,G7,r4_false_0.70,0.5450,0.5200,0.5685
urnings,topics,G7,r4_declared,5.6620,5.4860,5.8410
urnings,topics,G7,r5_late_answers,10.2859,9.8153,10.7551
urnings,topics,G7,r5_never,0.5437,0.5219,0.5657
urnings,topics,G7,r6_lag,0.0511,0.0064,0.0958
urnings,topics,G7,r7_longest_wrong,1.9620,1.8750,2.0530
urnings,topics,G7,r7_hard_first,0.1374,0.1234,0.1519
urnings,topics,G7,r4b_chance_below_0.5,0.2309,0.2114,0.2508
urnings,topics,G7,r4b_chance_0.5_to_0.6,0.1697,0.1625,0.1767
urnings,topics,G7,r4b_chance_0.6_to_0.7,0.2058,0.1985,0.2129
urnings,topics,G7,r4b_chance_0.7_to_0.8,0.2119,0.2029,0.2214
urnings,topics,G7,r4b_chance_0.8_up,0.1817,0.1702,0.1938
urnings,topics,G7,r2_ece,0.0144,0.0107,0.0180
urnings,topics,G7,r4b_3,0.1535,0.1428,0.1646
urnings,topics,G7,r4b_5,0.3732,0.3573,0.3893
urnings,topics,G7,r4b_10,0.6876,0.6674,0.7071
urnings,topics,G7,r4b_20,0.9259,0.9047,0.9452
urnings,topics,G7,r4b_50,0.9839,0.9624,1.0000
urnings,topics,G8,r1_rms_5,0.9550,0.9222,0.9877
urnings,topics,G8,r1_mean_5,0.0012,-0.0580,0.0630
urnings,topics,G8,r1_rms_10,0.9560,0.9226,0.9874
urnings,topics,G8,r1_mean_10,-0.0046,-0.0673,0.0562
urnings,topics,G8,r1_rms_20,0.9469,0.9161,0.9791
urnings,topics,G8,r1_mean_20,-0.0052,-0.0657,0.0525
urnings,topics,G8,r1_rms_50,0.9089,0.8791,0.9395
urnings,topics,G8,r1_mean_50,-0.0016,-0.0583,0.0552
urnings,topics,G8,r1_rms_100,0.8378,0.8130,0.8647
urnings,topics,G8,r1_mean_100,0.0002,-0.0496,0.0521
urnings,topics,G8,r1_rms_200,0.7400,0.7203,0.7613
urnings,topics,G8,r1_mean_200,0.0183,-0.0224,0.0595
urnings,topics,G8,r2_brier,0.1849,0.1814,0.1881
urnings,topics,G8,r2_bias,-0.0195,-0.0267,-0.0123
urnings,topics,G8,r3_inside,0.3457,0.3366,0.3551
urnings,topics,G8,r3_below_0.5,0.0807,0.0720,0.0900
urnings,topics,G8,r3_above_0.95,0.0638,0.0555,0.0729
urnings,topics,G8,r4_false,0.6180,0.5945,0.6416
urnings,topics,G8,r4_false_0.70,0.5112,0.4872,0.5362
urnings,topics,G8,r4_declared,4.3190,4.1630,4.4660
urnings,topics,G8,r5_late_answers,11.0420,10.4721,11.6524
urnings,topics,G8,r5_never,0.6464,0.6232,0.6683
urnings,topics,G8,r6_lag,0.0299,-0.0167,0.0733
urnings,topics,G8,r7_longest_wrong,1.8070,1.7330,1.8820
urnings,topics,G8,r7_hard_first,0.1108,0.0978,0.1242
urnings,topics,G8,r4b_chance_below_0.5,0.1850,0.1680,0.2030
urnings,topics,G8,r4b_chance_0.5_to_0.6,0.1736,0.1666,0.1808
urnings,topics,G8,r4b_chance_0.6_to_0.7,0.2143,0.2073,0.2216
urnings,topics,G8,r4b_chance_0.7_to_0.8,0.2262,0.2170,0.2351
urnings,topics,G8,r4b_chance_0.8_up,0.2009,0.1886,0.2137
urnings,topics,G8,r2_ece,0.0224,0.0179,0.0290
urnings,topics,G8,r4b_3,0.0871,0.0793,0.0954
urnings,topics,G8,r4b_5,0.2741,0.2601,0.2892
urnings,topics,G8,r4b_10,0.5545,0.5328,0.5771
urnings,topics,G8,r4b_20,0.8225,0.7950,0.8497
urnings,topics,G8,r4b_50,1.0000,1.0000,1.0000
floor_0.01,both,G0,r1_rms_5,1.0198,0.9867,1.0562
floor_0.01,both,G0,r1_mean_5,-0.0343,-0.0964,0.0300
floor_0.01,both,G0,r1_rms_10,0.9513,0.9208,0.9817
floor_0.01,both,G0,r1_mean_10,-0.0579,-0.1167,0.0022
floor_0.01,both,G0,r1_rms_20,0.8459,0.8211,0.8717
floor_0.01,both,G0,r1_mean_20,-0.0804,-0.1317,-0.0311
floor_0.01,both,G0,r1_rms_50,0.6815,0.6648,0.6986
floor_0.01,both,G0,r1_mean_50,-0.0952,-0.1275,-0.0612
floor_0.01,both,G0,r1_rms_100,0.5761,0.5639,0.5881
floor_0.01,both,G0,r1_mean_100,-0.0949,-0.1178,-0.0717
floor_0.01,both,G0,r1_rms_200,0.4949,0.4863,0.5033
floor_0.01,both,G0,r1_mean_200,-0.0801,-0.0978,-0.0628
floor_0.01,both,G0,r2_brier,0.1718,0.1699,0.1737
floor_0.01,both,G0,r2_bias,0.0014,-0.0017,0.0045
floor_0.01,both,G0,r3_inside,0.4244,0.4187,0.4301
floor_0.01,both,G0,r3_below_0.5,0.0365,0.0328,0.0404
floor_0.01,both,G0,r3_above_0.95,0.0311,0.0279,0.0345
floor_0.01,both,G0,r4_false,0.6317,0.6141,0.6485
floor_0.01,both,G0,r4_false_0.70,0.5260,0.5071,0.5448
floor_0.01,both,G0,r4_declared,9.8610,9.6400,10.0870
floor_0.01,both,G0,r5_late_answers,9.8436,9.5907,10.1023
floor_0.01,both,G0,r5_never,0.2176,0.1981,0.2366
floor_0.01,both,G0,r6_lag,-0.1311,-0.1483,-0.1132
floor_0.01,both,G0,r7_error_5,0.8674,0.8276,0.9084
floor_0.01,both,G0,r7_error_10,0.7892,0.7512,0.8265
floor_0.01,both,G0,r7_longest_wrong,1.7620,1.7040,1.8210
floor_0.01,both,G0,r7_hard_first,0.1330,0.1216,0.1447
floor_0.01,both,G0,r4b_chance_below_0.5,0.1098,0.0968,0.1250
floor_0.01,both,G0,r4b_chance_0.5_to_0.6,0.1377,0.1305,0.1447
floor_0.01,both,G0,r4b_chance_0.6_to_0.7,0.2125,0.2060,0.2194
floor_0.01,both,G0,r4b_chance_0.7_to_0.8,0.2609,0.2531,0.2692
floor_0.01,both,G0,r4b_chance_0.8_up,0.2792,0.2638,0.2942
floor_0.01,both,G0,r2_ece,0.0039,0.0025,0.0070
floor_0.01,both,G0,r4b_3,0.1458,0.1346,0.1574
floor_0.01,both,G0,r4b_5,0.4380,0.4227,0.4524
floor_0.01,both,G0,r4b_10,0.8216,0.8073,0.8355
floor_0.01,both,G0,r4b_20,0.9788,0.9698,0.9872
floor_0.01,both,G0,r4b_50,0.9974,0.9933,1.0000
floor_0.01,both,G3,r1_rms_5,1.0052,0.9711,1.0393
floor_0.01,both,G3,r1_mean_5,0.0400,-0.0264,0.1047
floor_0.01,both,G3,r1_rms_10,0.9347,0.9038,0.9651
floor_0.01,both,G3,r1_mean_10,-0.0016,-0.0604,0.0612
floor_0.01,both,G3,r1_rms_20,0.8292,0.8039,0.8543
floor_0.01,both,G3,r1_mean_20,-0.0252,-0.0739,0.0243
floor_0.01,both,G3,r1_rms_50,0.6769,0.6599,0.6951
floor_0.01,both,G3,r1_mean_50,-0.0811,-0.1168,-0.0483
floor_0.01,both,G3,r1_rms_100,0.8061,0.7839,0.8293
floor_0.01,both,G3,r1_mean_100,-0.5069,-0.5414,-0.4742
floor_0.01,both,G3,r1_rms_200,0.8271,0.8109,0.8438
floor_0.01,both,G3,r1_mean_200,-0.6835,-0.7039,-0.6632
floor_0.01,both,G3,r2_brier,0.1510,0.1492,0.1528
floor_0.01,both,G3,r2_bias,-0.0369,-0.0400,-0.0338
floor_0.01,both,G3,r3_inside,0.3390,0.3333,0.3444
floor_0.01,both,G3,r3_below_0.5,0.0291,0.0263,0.0322
floor_0.01,both,G3,r3_above_0.95,0.0827,0.0774,0.0884
floor_0.01,both,G3,r4_false,0.5253,0.5080,0.5436
floor_0.01,both,G3,r4_false_0.70,0.4079,0.3899,0.4251
floor_0.01,both,G3,r4_declared,12.0510,11.8140,12.3050
floor_0.01,both,G3,r5_late_answers,8.3412,8.1713,8.5250
floor_0.01,both,G3,r5_never,0.1624,0.1464,0.1793
floor_0.01,both,G3,r6_lag,-0.7085,-0.7281,-0.6871
floor_0.01,both,G3,r6_jump_answers,79.7260,77.2690,82.0720
floor_0.01,both,G3,r6_jump_unsettled,0.7110,0.6820,0.7390
floor_0.01,both,G3,r7_error_5,0.8573,0.8181,0.8995
floor_0.01,both,G3,r7_error_10,0.7823,0.7447,0.8219
floor_0.01,both,G3,r7_longest_wrong,1.7670,1.7120,1.8210
floor_0.01,both,G3,r7_hard_first,0.1441,0.1331,0.1559
floor_0.01,both,G3,r4b_chance_below_0.5,0.1066,0.0966,0.1179
floor_0.01,both,G3,r4b_chance_0.5_to_0.6,0.1179,0.1119,0.1240
floor_0.01,both,G3,r4b_chance_0.6_to_0.7,0.1850,0.1786,0.1912
floor_0.01,both,G3,r4b_chance_0.7_to_0.8,0.2456,0.2388,0.2522
floor_0.01,both,G3,r4b_chance_0.8_up,0.3449,0.3298,0.3592
floor_0.01,both,G3,r2_ece,0.0369,0.0336,0.0400
floor_0.01,both,G3,r4b_3,0.1480,0.1356,0.1607
floor_0.01,both,G3,r4b_5,0.4524,0.4373,0.4688
floor_0.01,both,G3,r4b_10,0.8780,0.8657,0.8909
floor_0.01,both,G3,r4b_20,0.9893,0.9833,0.9947
floor_0.01,both,G3,r4b_50,1.0000,1.0000,1.0000
floor_0.02,both,G0,r1_rms_5,1.0198,0.9854,1.0544
floor_0.02,both,G0,r1_mean_5,-0.0343,-0.1001,0.0360
floor_0.02,both,G0,r1_rms_10,0.9513,0.9194,0.9832
floor_0.02,both,G0,r1_mean_10,-0.0579,-0.1196,0.0011
floor_0.02,both,G0,r1_rms_20,0.8459,0.8219,0.8715
floor_0.02,both,G0,r1_mean_20,-0.0804,-0.1283,-0.0293
floor_0.02,both,G0,r1_rms_50,0.6815,0.6646,0.6980
floor_0.02,both,G0,r1_mean_50,-0.0952,-0.1280,-0.0609
floor_0.02,both,G0,r1_rms_100,0.5761,0.5646,0.5870
floor_0.02,both,G0,r1_mean_100,-0.0949,-0.1184,-0.0707
floor_0.02,both,G0,r1_rms_200,0.4947,0.4860,0.5038
floor_0.02,both,G0,r1_mean_200,-0.0799,-0.0970,-0.0632
floor_0.02,both,G0,r2_brier,0.1717,0.1699,0.1737
floor_0.02,both,G0,r2_bias,0.0013,-0.0019,0.0045
floor_0.02,both,G0,r3_inside,0.4244,0.4189,0.4300
floor_0.02,both,G0,r3_below_0.5,0.0365,0.0328,0.0408
floor_0.02,both,G0,r3_above_0.95,0.0311,0.0281,0.0343
floor_0.02,both,G0,r4_false,0.6316,0.6143,0.6484
floor_0.02,both,G0,r4_false_0.70,0.5260,0.5068,0.5445
floor_0.02,both,G0,r4_declared,9.8640,9.6600,10.0770
floor_0.02,both,G0,r5_late_answers,9.8448,9.6041,10.0925
floor_0.02,both,G0,r5_never,0.2173,0.1966,0.2373
floor_0.02,both,G0,r6_lag,-0.1311,-0.1496,-0.1133
floor_0.02,both,G0,r7_error_5,0.8674,0.8245,0.9095
floor_0.02,both,G0,r7_error_10,0.7892,0.7506,0.8289
floor_0.02,both,G0,r7_longest_wrong,1.7620,1.7070,1.8160
floor_0.02,both,G0,r7_hard_first,0.1330,0.1223,0.1449
floor_0.02,both,G0,r4b_chance_below_0.5,0.1098,0.0971,0.1250
floor_0.02,both,G0,r4b_chance_0.5_to_0.6,0.1377,0.1307,0.1446
floor_0.02,both,G0,r4b_chance_0.6_to_0.7,0.2125,0.2057,0.2192
floor_0.02,both,G0,r4b_chance_0.7_to_0.8,0.2608,0.2528,0.2694
floor_0.02,both,G0,r4b_chance_0.8_up,0.2792,0.2641,0.2947
floor_0.02,both,G0,r2_ece,0.0039,0.0024,0.0070
floor_0.02,both,G0,r4b_3,0.1458,0.1347,0.1571
floor_0.02,both,G0,r4b_5,0.4380,0.4228,0.4520
floor_0.02,both,G0,r4b_10,0.8218,0.8066,0.8368
floor_0.02,both,G0,r4b_20,0.9788,0.9690,0.9873
floor_0.02,both,G0,r4b_50,0.9975,0.9933,1.0000
floor_0.02,both,G3,r1_rms_5,1.0052,0.9713,1.0382
floor_0.02,both,G3,r1_mean_5,0.0400,-0.0264,0.1070
floor_0.02,both,G3,r1_rms_10,0.9347,0.9055,0.9637
floor_0.02,both,G3,r1_mean_10,-0.0016,-0.0586,0.0571
floor_0.02,both,G3,r1_rms_20,0.8292,0.8045,0.8544
floor_0.02,both,G3,r1_mean_20,-0.0252,-0.0752,0.0256
floor_0.02,both,G3,r1_rms_50,0.6769,0.6597,0.6940
floor_0.02,both,G3,r1_mean_50,-0.0811,-0.1139,-0.0479
floor_0.02,both,G3,r1_rms_100,0.8061,0.7842,0.8295
floor_0.02,both,G3,r1_mean_100,-0.5069,-0.5408,-0.4718
floor_0.02,both,G3,r1_rms_200,0.8264,0.8102,0.8430
floor_0.02,both,G3,r1_mean_200,-0.6823,-0.7017,-0.6632
floor_0.02,both,G3,r2_brier,0.1510,0.1492,0.1528
floor_0.02,both,G3,r2_bias,-0.0369,-0.0400,-0.0339
floor_0.02,both,G3,r3_inside,0.3391,0.3337,0.3449
floor_0.02,both,G3,r3_below_0.5,0.0291,0.0262,0.0323
floor_0.02,both,G3,r3_above_0.95,0.0827,0.0776,0.0881
floor_0.02,both,G3,r4_false,0.5253,0.5084,0.5432
floor_0.02,both,G3,r4_false_0.70,0.4081,0.3891,0.4259
floor_0.02,both,G3,r4_declared,12.0600,11.8070,12.2990
floor_0.02,both,G3,r5_late_answers,8.3449,8.1699,8.5275
floor_0.02,both,G3,r5_never,0.1622,0.1463,0.1790
floor_0.02,both,G3,r6_lag,-0.7085,-0.7288,-0.6885
floor_0.02,both,G3,r6_jump_answers,79.7260,77.3310,81.9400
floor_0.02,both,G3,r6_jump_unsettled,0.7110,0.6830,0.7380
floor_0.02,both,G3,r7_error_5,0.8573,0.8182,0.9000
floor_0.02,both,G3,r7_error_10,0.7823,0.7476,0.8213
floor_0.02,both,G3,r7_longest_wrong,1.7670,1.7110,1.8270
floor_0.02,both,G3,r7_hard_first,0.1441,0.1325,0.1561
floor_0.02,both,G3,r4b_chance_below_0.5,0.1065,0.0962,0.1174
floor_0.02,both,G3,r4b_chance_0.5_to_0.6,0.1179,0.1118,0.1240
floor_0.02,both,G3,r4b_chance_0.6_to_0.7,0.1849,0.1783,0.1913
floor_0.02,both,G3,r4b_chance_0.7_to_0.8,0.2457,0.2390,0.2522
floor_0.02,both,G3,r4b_chance_0.8_up,0.3450,0.3294,0.3618
floor_0.02,both,G3,r2_ece,0.0369,0.0339,0.0399
floor_0.02,both,G3,r4b_3,0.1480,0.1360,0.1601
floor_0.02,both,G3,r4b_5,0.4523,0.4375,0.4681
floor_0.02,both,G3,r4b_10,0.8780,0.8653,0.8910
floor_0.02,both,G3,r4b_20,0.9893,0.9836,0.9945
floor_0.02,both,G3,r4b_50,1.0000,1.0000,1.0000
floor_0.05,both,G0,r1_rms_5,1.0198,0.9859,1.0556
floor_0.05,both,G0,r1_mean_5,-0.0343,-0.0979,0.0316
floor_0.05,both,G0,r1_rms_10,0.9513,0.9203,0.9808
floor_0.05,both,G0,r1_mean_10,-0.0579,-0.1169,0.0030
floor_0.05,both,G0,r1_rms_20,0.8459,0.8204,0.8705
floor_0.05,both,G0,r1_mean_20,-0.0804,-0.1300,-0.0270
floor_0.05,both,G0,r1_rms_50,0.6815,0.6653,0.6986
floor_0.05,both,G0,r1_mean_50,-0.0952,-0.1296,-0.0612
floor_0.05,both,G0,r1_rms_100,0.5709,0.5594,0.5818
floor_0.05,both,G0,r1_mean_100,-0.0950,-0.1183,-0.0713
floor_0.05,both,G0,r1_rms_200,0.4909,0.4826,0.4987
floor_0.05,both,G0,r1_mean_200,-0.0694,-0.0861,-0.0533
floor_0.05,both,G0,r2_brier,0.1725,0.1708,0.1744
floor_0.05,both,G0,r2_bias,0.0014,-0.0016,0.0044
floor_0.05,both,G0,r3_inside,0.4241,0.4186,0.4297
floor_0.05,both,G0,r3_below_0.5,0.0372,0.0333,0.0413
floor_0.05,both,G0,r3_above_0.95,0.0307,0.0276,0.0339
floor_0.05,both,G0,r4_false,0.6466,0.6298,0.6626
floor_0.05,both,G0,r4_false_0.70,0.5416,0.5242,0.5594
floor_0.05,both,G0,r4_declared,10.0640,9.8390,10.2800
floor_0.05,both,G0,r5_late_answers,9.6867,9.4523,9.9268
floor_0.05,both,G0,r5_never,0.2354,0.2152,0.2556
floor_0.05,both,G0,r6_lag,-0.1321,-0.1485,-0.1164
floor_0.05,both,G0,r7_error_5,0.8674,0.8272,0.9079
floor_0.05,both,G0,r7_error_10,0.7892,0.7509,0.8258
floor_0.05,both,G0,r7_longest_wrong,1.7620,1.7070,1.8170
floor_0.05,both,G0,r7_hard_first,0.1330,0.1221,0.1448
floor_0.05,both,G0,r4b_chance_below_0.5,0.1073,0.0947,0.1213
floor_0.05,both,G0,r4b_chance_0.5_to_0.6,0.1342,0.1276,0.1411
floor_0.05,both,G0,r4b_chance_0.6_to_0.7,0.2118,0.2047,0.2188
floor_0.05,both,G0,r4b_chance_0.7_to_0.8,0.2614,0.2531,0.2693
floor_0.05,both,G0,r4b_chance_0.8_up,0.2853,0.2705,0.3005
floor_0.05,both,G0,r2_ece,0.0037,0.0029,0.0068
floor_0.05,both,G0,r4b_3,0.1471,0.1364,0.1579
floor_0.05,both,G0,r4b_5,0.4318,0.4172,0.4466
floor_0.05,both,G0,r4b_10,0.8155,0.8014,0.8305
floor_0.05,both,G0,r4b_20,0.9845,0.9757,0.9921
floor_0.05,both,G0,r4b_50,0.9976,0.9938,1.0000
floor_0.05,both,G3,r1_rms_5,1.0052,0.9713,1.0406
floor_0.05,both,G3,r1_mean_5,0.0400,-0.0279,0.1086
floor_0.05,both,G3,r1_rms_10,0.9347,0.9047,0.9649
floor_0.05,both,G3,r1_mean_10,-0.0016,-0.0607,0.0581
floor_0.05,both,G3,r1_rms_20,0.8292,0.8042,0.8559
floor_0.05,both,G3,r1_mean_20,-0.0252,-0.0742,0.0233
floor_0.05,both,G3,r1_rms_50,0.6769,0.6594,0.6951
floor_0.05,both,G3,r1_mean_50,-0.0811,-0.1147,-0.0480
floor_0.05,both,G3,r1_rms_100,0.7939,0.7724,0.8163
floor_0.05,both,G3,r1_mean_100,-0.4967,-0.5292,-0.4624
floor_0.05,both,G3,r1_rms_200,0.7135,0.6991,0.7278
floor_0.05,both,G3,r1_mean_200,-0.5379,-0.5565,-0.5201
floor_0.05,both,G3,r2_brier,0.1540,0.1524,0.1555
floor_0.05,both,G3,r2_bias,-0.0330,-0.0360,-0.0301
floor_0.05,both,G3,r3_inside,0.3512,0.3456,0.3565
floor_0.05,both,G3,r3_below_0.5,0.0297,0.0269,0.0327
floor_0.05,both,G3,r3_above_0.95,0.0730,0.0687,0.0776
floor_0.05,both,G3,r4_false,0.5462,0.5285,0.5647
floor_0.05,both,G3,r4_false_0.70,0.4319,0.4146,0.4503
floor_0.05,both,G3,r4_declared,12.4760,12.2200,12.7390
floor_0.05,both,G3,r5_late_answers,8.2230,8.0441,8.4025
floor_0.05,both,G3,r5_never,0.1844,0.1668,0.2024
floor_0.05,both,G3,r6_lag,-0.6423,-0.6614,-0.6241
floor_0.05,both,G3,r6_jump_answers,72.5850,70.2710,74.9090
floor_0.05,both,G3,r6_jump_unsettled,0.5560,0.5250,0.5860
floor_0.05,both,G3,r7_error_5,0.8573,0.8183,0.8982
floor_0.05,both,G3,r7_error_10,0.7823,0.7468,0.8211
floor_0.05,both,G3,r7_longest_wrong,1.7670,1.7120,1.8240
floor_0.05,both,G3,r7_hard_first,0.1441,0.1327,0.1566
floor_0.05,both,G3,r4b_chance_below_0.5,0.1027,0.0931,0.1131
floor_0.05,both,G3,r4b_chance_0.5_to_0.6,0.1158,0.1098,0.1215
floor_0.05,both,G3,r4b_chance_0.6_to_0.7,0.1853,0.1790,0.1911
floor_0.05,both,G3,r4b_chance_0.7_to_0.8,0.2464,0.2401,0.2526
floor_0.05,both,G3,r4b_chance_0.8_up,0.3498,0.3352,0.3644
floor_0.05,both,G3,r2_ece,0.0330,0.0300,0.0360
floor_0.05,both,G3,r4b_3,0.1469,0.1353,0.1581
floor_0.05,both,G3,r4b_5,0.4444,0.4288,0.4603
floor_0.05,both,G3,r4b_10,0.8589,0.8459,0.8721
floor_0.05,both,G3,r4b_20,0.9884,0.9825,0.9938
floor_0.05,both,G3,r4b_50,1.0000,1.0000,1.0000
k0_half,both,G0,r1_rms_5,1.0198,0.9844,1.0566
k0_half,both,G0,r1_mean_5,-0.0343,-0.1019,0.0330
k0_half,both,G0,r1_rms_10,0.9881,0.9547,1.0219
k0_half,both,G0,r1_mean_10,-0.0470,-0.1093,0.0145
k0_half,both,G0,r1_rms_20,0.9224,0.8930,0.9523
k0_half,both,G0,r1_mean_20,-0.0607,-0.1165,-0.0033
k0_half,both,G0,r1_rms_50,0.7942,0.7721,0.8180
k0_half,both,G0,r1_mean_50,-0.0811,-0.1256,-0.0352
k0_half,both,G0,r1_rms_100,0.6823,0.6630,0.7017
k0_half,both,G0,r1_mean_100,-0.0954,-0.1308,-0.0550
k0_half,both,G0,r1_rms_200,0.5817,0.5672,0.5977
k0_half,both,G0,r1_mean_200,-0.1050,-0.1329,-0.0750
k0_half,both,G0,r2_brier,0.1757,0.1730,0.1787
k0_half,both,G0,r2_bias,0.0100,0.0047,0.0151
k0_half,both,G0,r3_inside,0.3901,0.3824,0.3982
k0_half,both,G0,r3_below_0.5,0.0524,0.0465,0.0587
k0_half,both,G0,r3_above_0.95,0.0426,0.0377,0.0482
k0_half,both,G0,r4_false,0.6248,0.6029,0.6468
k0_half,both,G0,r4_false_0.70,0.5210,0.4997,0.5454
k0_half,both,G0,r4_declared,8.7670,8.5380,9.0110
k0_half,both,G0,r5_late_answers,8.9237,8.6549,9.2184
k0_half,both,G0,r5_never,0.2668,0.2467,0.2876
k0_half,both,G0,r6_lag,-0.0913,-0.1218,-0.0587
k0_half,both,G0,r7_error_5,0.8674,0.8265,0.9078
k0_half,both,G0,r7_error_10,0.8248,0.7871,0.8659
k0_half,both,G0,r7_longest_wrong,1.8370,1.7730,1.9030
k0_half,both,G0,r7_hard_first,0.1384,0.1267,0.1499
k0_half,both,G0,r4b_chance_below_0.5,0.1497,0.1337,0.1662
k0_half,both,G0,r4b_chance_0.5_to_0.6,0.1568,0.1493,0.1643
k0_half,both,G0,r4b_chance_0.6_to_0.7,0.2191,0.2114,0.2268
k0_half,both,G0,r4b_chance_0.7_to_0.8,0.2297,0.2212,0.2384
k0_half,both,G0,r4b_chance_0.8_up,0.2448,0.2271,0.2630
k0_half,both,G0,r2_ece,0.0132,0.0083,0.0180
k0_half,both,G0,r4b_3,0.1129,0.1018,0.1240
k0_half,both,G0,r4b_5,0.4352,0.4174,0.4535
k0_half,both,G0,r4b_10,0.8079,0.7915,0.8244
k0_half,both,G0,r4b_20,0.9659,0.9522,0.9786
k0_half,both,G0,r4b_50,0.9951,0.9884,0.9991
k0_half,both,G2,r1_rms_5,0.9612,0.9268,0.9966
k0_half,both,G2,r1_mean_5,-0.1063,-0.1693,-0.0426
k0_half,both,G2,r1_rms_10,0.9414,0.9084,0.9739
k0_half,both,G2,r1_mean_10,-0.1769,-0.2334,-0.1144
k0_half,both,G2,r1_rms_20,0.9094,0.8797,0.9393
k0_half,both,G2,r1_mean_20,-0.2872,-0.3410,-0.2369
k0_half,both,G2,r1_rms_50,0.9215,0.8912,0.9516
k0_half,both,G2,r1_mean_50,-0.5755,-0.6220,-0.5291
k0_half,both,G2,r1_rms_100,1.1433,1.1099,1.1761
k0_half,both,G2,r1_mean_100,-0.9960,-1.0353,-0.9573
k0_half,both,G2,r1_rms_200,1.8214,1.7893,1.8540
k0_half,both,G2,r1_mean_200,-1.7643,-1.7975,-1.7309
k0_half,both,G2,r2_brier,0.1223,0.1202,0.1244
k0_half,both,G2,r2_bias,-0.0853,-0.0890,-0.0814
k0_half,both,G2,r3_inside,0.2164,0.2093,0.2231
k0_half,both,G2,r3_below_0.5,0.0183,0.0160,0.0207
k0_half,both,G2,r3_above_0.95,0.2514,0.2395,0.2643
k0_half,both,G2,r4_false,0.3612,0.3404,0.3822
k0_half,both,G2,r4_false_0.70,0.2464,0.2291,0.2663
k0_half,both,G2,r4_declared,11.9130,11.6290,12.1790
k0_half,both,G2,r5_late_answers,7.4244,7.2334,7.6128
k0_half,both,G2,r5_never,0.1605,0.1443,0.1777
k0_half,both,G2,r6_lag,-1.3992,-1.4331,-1.3649
k0_half,both,G2,r7_error_5,0.8038,0.7657,0.8419
k0_half,both,G2,r7_error_10,0.7719,0.7329,0.8117
k0_half,both,G2,r7_longest_wrong,1.8080,1.7520,1.8700
k0_half,both,G2,r7_hard_first,0.1244,0.1139,0.1354
k0_half,both,G2,r4b_chance_below_0.5,0.0853,0.0752,0.0961
k0_half,both,G2,r4b_chance_0.5_to_0.6,0.0870,0.0807,0.0934
k0_half,both,G2,r4b_chance_0.6_to_0.7,0.1416,0.1340,0.1490
k0_half,both,G2,r4b_chance_0.7_to_0.8,0.2242,0.2163,0.2323
k0_half,both,G2,r4b_chance_0.8_up,0.4620,0.4422,0.4815
k0_half,both,G2,r2_ece,0.0853,0.0816,0.0891
k0_half,both,G2,r4b_3,0.1624,0.1468,0.1790
k0_half,both,G2,r4b_5,0.5614,0.5407,0.5811
k0_half,both,G2,r4b_10,0.9409,0.9301,0.9512
k0_half,both,G2,r4b_20,0.9991,0.9973,1.0000
k0_half,both,G2,r4b_50,1.0000,1.0000,1.0000
k0_double,both,G0,r1_rms_5,1.0198,0.9850,1.0562
k0_double,both,G0,r1_mean_5,-0.0343,-0.0971,0.0308
k0_double,both,G0,r1_rms_10,0.9190,0.8917,0.9478
k0_double,both,G0,r1_mean_10,-0.0703,-0.1276,-0.0187
k0_double,both,G0,r1_rms_20,0.7991,0.7798,0.8208
k0_double,both,G0,r1_mean_20,-0.0848,-0.1262,-0.0442
k0_double,both,G0,r1_rms_50,0.6933,0.6811,0.7053
k0_double,both,G0,r1_mean_50,-0.0867,-0.1127,-0.0612
k0_double,both,G0,r1_rms_100,0.6578,0.6463,0.6687
k0_double,both,G0,r1_mean_100,-0.0923,-0.1123,-0.0722
k0_double,both,G0,r1_rms_200,0.6117,0.6021,0.6219
k0_double,both,G0,r1_mean_200,-0.0714,-0.0901,-0.0532
k0_double,both,G0,r2_brier,0.1729,0.1717,0.1741
k0_double,both,G0,r2_bias,-0.0001,-0.0020,0.0016
k0_double,both,G0,r3_inside,0.4114,0.4073,0.4155
k0_double,both,G0,r3_below_0.5,0.0395,0.0363,0.0434
k0_double,both,G0,r3_above_0.95,0.0334,0.0314,0.0356
k0_double,both,G0,r4_false,0.6551,0.6410,0.6702
k0_double,both,G0,r4_false_0.70,0.5486,0.5326,0.5642
k0_double,both,G0,r4_declared,9.6200,9.4410,9.8040
k0_double,both,G0,r5_late_answers,10.2420,10.0074,10.4742
k0_double,both,G0,r5_never,0.2568,0.2355,0.2781
k0_double,both,G0,r6_lag,-0.1394,-0.1535,-0.1247
k0_double,both,G0,r7_error_5,0.8674,0.8264,0.9063
k0_double,both,G0,r7_error_10,0.7397,0.7050,0.7740
k0_double,both,G0,r7_longest_wrong,1.6660,1.6190,1.7140
k0_double,both,G0,r7_hard_first,0.1279,0.1179,0.1387
k0_double,both,G0,r4b_chance_below_0.5,0.1067,0.0951,0.1212
k0_double,both,G0,r4b_chance_0.5_to_0.6,0.1312,0.1250,0.1372
k0_double,both,G0,r4b_chance_0.6_to_0.7,0.2049,0.1989,0.2111
k0_double,both,G0,r4b_chance_0.7_to_0.8,0.2532,0.2461,0.2601
k0_double,both,G0,r4b_chance_0.8_up,0.3040,0.2910,0.3175
k0_double,both,G0,r2_ece,0.0045,0.0034,0.0064
k0_double,both,G0,r4b_3,0.1509,0.1408,0.1613
k0_double,both,G0,r4b_5,0.4028,0.3886,0.4168
k0_double,both,G0,r4b_10,0.7787,0.7630,0.7949
k0_double,both,G0,r4b_20,0.9751,0.9649,0.9838
k0_double,both,G0,r4b_50,0.9949,0.9889,1.0000
k0_double,both,G2,r1_rms_5,0.9612,0.9254,0.9968
k0_double,both,G2,r1_mean_5,-0.1063,-0.1685,-0.0419
k0_double,both,G2,r1_rms_10,0.8921,0.8640,0.9205
k0_double,both,G2,r1_mean_10,-0.1834,-0.2337,-0.1318
k0_double,both,G2,r1_rms_20,0.8185,0.7976,0.8393
k0_double,both,G2,r1_mean_20,-0.2493,-0.2895,-0.2081
k0_double,both,G2,r1_rms_50,0.7847,0.7693,0.8015
k0_double,both,G2,r1_mean_50,-0.4090,-0.4374,-0.3825
k0_double,both,G2,r1_rms_100,0.8485,0.8334,0.8643
k0_double,both,G2,r1_mean_100,-0.5820,-0.6024,-0.5614
k0_double,both,G2,r1_rms_200,1.0775,1.0625,1.0921
k0_double,both,G2,r1_mean_200,-0.9231,-0.9397,-0.9077
k0_double,both,G2,r2_brier,0.1393,0.1384,0.1402
k0_double,both,G2,r2_bias,-0.0590,-0.0605,-0.0575
k0_double,both,G2,r3_inside,0.3195,0.3151,0.3239
k0_double,both,G2,r3_below_0.5,0.0156,0.0144,0.0169
k0_double,both,G2,r3_above_0.95,0.1067,0.1026,0.1110
k0_double,both,G2,r4_false,0.4404,0.4254,0.4554
k0_double,both,G2,r4_false_0.70,0.3300,0.3163,0.3443
k0_double,both,G2,r4_declared,13.0620,12.8720,13.2590
k0_double,both,G2,r5_late_answers,7.8686,7.7414,7.9926
k0_double,both,G2,r5_never,0.1790,0.1659,0.1928
k0_double,both,G2,r6_lag,-0.8009,-0.8162,-0.7859
k0_double,both,G2,r7_error_5,0.8038,0.7638,0.8434
k0_double,both,G2,r7_error_10,0.6999,0.6637,0.7384
k0_double,both,G2,r7_longest_wrong,1.6460,1.5970,1.6980
k0_double,both,G2,r7_hard_first,0.1158,0.1062,0.1253
k0_double,both,G2,r4b_chance_below_0.5,0.0651,0.0598,0.0703
k0_double,both,G2,r4b_chance_0.5_to_0.6,0.0855,0.0807,0.0903
k0_double,both,G2,r4b_chance_0.6_to_0.7,0.1518,0.1461,0.1577
k0_double,both,G2,r4b_chance_0.7_to_0.8,0.2392,0.2335,0.2458
k0_double,both,G2,r4b_chance_0.8_up,0.4584,0.4463,0.4712
k0_double,both,G2,r2_ece,0.0590,0.0574,0.0606
k0_double,both,G2,r4b_3,0.1812,0.1676,0.1951
k0_double,both,G2,r4b_5,0.4695,0.4502,0.4880
k0_double,both,G2,r4b_10,0.9002,0.8833,0.9162
k0_double,both,G2,r4b_20,1.0000,1.0000,1.0000
k0_double,both,G2,r4b_50,1.0000,1.0000,1.0000
constant_slow,both,G0,r1_rms_5,1.0198,0.9844,1.0564
constant_slow,both,G0,r1_mean_5,-0.0343,-0.1037,0.0310
constant_slow,both,G0,r1_rms_10,0.9762,0.9432,1.0079
constant_slow,both,G0,r1_mean_10,-0.0502,-0.1132,0.0093
constant_slow,both,G0,r1_rms_20,0.8809,0.8541,0.9087
constant_slow,both,G0,r1_mean_20,-0.0725,-0.1249,-0.0200
constant_slow,both,G0,r1_rms_50,0.6782,0.6609,0.6967
constant_slow,both,G0,r1_mean_50,-0.0995,-0.1359,-0.0638
constant_slow,both,G0,r1_rms_100,0.5414,0.5307,0.5520
constant_slow,both,G0,r1_mean_100,-0.1027,-0.1255,-0.0803
constant_slow,both,G0,r1_rms_200,0.4809,0.4722,0.4893
constant_slow,both,G0,r1_mean_200,-0.0729,-0.0911,-0.0543
constant_slow,both,G0,r2_brier,0.1753,0.1736,0.1770
constant_slow,both,G0,r2_bias,0.0032,0.0004,0.0059
constant_slow,both,G0,r3_inside,0.4273,0.4224,0.4326
constant_slow,both,G0,r3_below_0.5,0.0399,0.0362,0.0442
constant_slow,both,G0,r3_above_0.95,0.0286,0.0258,0.0315
constant_slow,both,G0,r4_false,0.6563,0.6397,0.6734
constant_slow,both,G0,r4_false_0.70,0.5542,0.5360,0.5725
constant_slow,both,G0,r4_declared,10.7100,10.5020,10.9220
constant_slow,both,G0,r5_late_answers,9.4268,9.1946,9.6517
constant_slow,both,G0,r5_never,0.2365,0.2171,0.2571
constant_slow,both,G0,r6_lag,-0.1172,-0.1310,-0.1025
constant_slow,both,G0,r7_error_5,0.8674,0.8262,0.9078
constant_slow,both,G0,r7_error_10,0.8113,0.7742,0.8480
constant_slow,both,G0,r7_longest_wrong,1.8200,1.7580,1.8830
constant_slow,both,G0,r7_hard_first,0.1381,0.1271,0.1495
constant_slow,both,G0,r4b_chance_below_0.5,0.1098,0.0984,0.1223
constant_slow,both,G0,r4b_chance_0.5_to_0.6,0.1376,0.1314,0.1441
constant_slow,both,G0,r4b_chance_0.6_to_0.7,0.2115,0.2054,0.2175
constant_slow,both,G0,r4b_chance_0.7_to_0.8,0.2626,0.2552,0.2700
constant_slow,both,G0,r4b_chance_0.8_up,0.2785,0.2638,0.2924
constant_slow,both,G0,r2_ece,0.0061,0.0038,0.0088
constant_slow,both,G0,r4b_3,0.1491,0.1384,0.1600
constant_slow,both,G0,r4b_5,0.4352,0.4210,0.4492
constant_slow,both,G0,r4b_10,0.8015,0.7878,0.8150
constant_slow,both,G0,r4b_20,0.9722,0.9614,0.9821
constant_slow,both,G0,r4b_50,0.9961,0.9915,0.9993
constant_slow,both,G2,r1_rms_5,0.9612,0.9269,0.9964
constant_slow,both,G2,r1_mean_5,-0.1063,-0.1694,-0.0445
constant_slow,both,G2,r1_rms_10,0.9319,0.9014,0.9630
constant_slow,both,G2,r1_mean_10,-0.1787,-0.2381,-0.1192
constant_slow,both,G2,r1_rms_20,0.8750,0.8468,0.9045
constant_slow,both,G2,r1_mean_20,-0.2883,-0.3379,-0.2388
constant_slow,both,G2,r1_rms_50,0.8154,0.7918,0.8399
constant_slow,both,G2,r1_mean_50,-0.5146,-0.5501,-0.4787
constant_slow,both,G2,r1_rms_100,0.8540,0.8349,0.8739
constant_slow,both,G2,r1_mean_100,-0.6945,-0.7178,-0.6711
constant_slow,both,G2,r1_rms_200,0.8821,0.8666,0.8973
constant_slow,both,G2,r1_mean_200,-0.7610,-0.7778,-0.7428
constant_slow,both,G2,r2_brier,0.1392,0.1379,0.1407
constant_slow,both,G2,r2_bias,-0.0603,-0.0627,-0.0580
constant_slow,both,G2,r3_inside,0.3251,0.3189,0.3310
constant_slow,both,G2,r3_below_0.5,0.0168,0.0151,0.0185
constant_slow,both,G2,r3_above_0.95,0.0990,0.0930,0.1048
constant_slow,both,G2,r4_false,0.4549,0.4382,0.4732
constant_slow,both,G2,r4_false_0.70,0.3497,0.3340,0.3663
constant_slow,both,G2,r4_declared,14.2970,14.0600,14.5410
constant_slow,both,G2,r5_late_answers,7.4090,7.2777,7.5442
constant_slow,both,G2,r5_never,0.1840,0.1686,0.1991
constant_slow,both,G2,r6_lag,-0.7639,-0.7806,-0.7484
constant_slow,both,G2,r7_error_5,0.8038,0.7675,0.8442
constant_slow,both,G2,r7_error_10,0.7608,0.7242,0.7999
constant_slow,both,G2,r7_longest_wrong,1.7940,1.7360,1.8560
constant_slow,both,G2,r7_hard_first,0.1238,0.1130,0.1339
constant_slow,both,G2,r4b_chance_below_0.5,0.0652,0.0589,0.0717
constant_slow,both,G2,r4b_chance_0.5_to_0.6,0.0795,0.0742,0.0846
constant_slow,both,G2,r4b_chance_0.6_to_0.7,0.1480,0.1417,0.1543
constant_slow,both,G2,r4b_chance_0.7_to_0.8,0.2528,0.2461,0.2593
constant_slow,both,G2,r4b_chance_0.8_up,0.4545,0.4397,0.4689
constant_slow,both,G2,r2_ece,0.0603,0.0578,0.0628
constant_slow,both,G2,r4b_3,0.1708,0.1579,0.1841
constant_slow,both,G2,r4b_5,0.4954,0.4787,0.5129
constant_slow,both,G2,r4b_10,0.8886,0.8746,0.9034
constant_slow,both,G2,r4b_20,0.9969,0.9933,1.0000
constant_slow,both,G2,r4b_50,1.0000,0.9980,1.0000
no_trial,both,G0,r1_rms_5,0.8868,0.8580,0.9178
no_trial,both,G0,r1_mean_5,-0.0696,-0.1241,-0.0132
no_trial,both,G0,r1_rms_10,0.8422,0.8168,0.8674
no_trial,both,G0,r1_mean_10,-0.0762,-0.1262,-0.0268
no_trial,both,G0,r1_rms_20,0.7666,0.7457,0.7882
no_trial,both,G0,r1_mean_20,-0.0908,-0.1311,-0.0466
no_trial,both,G0,r1_rms_50,0.6271,0.6136,0.6407
no_trial,both,G0,r1_mean_50,-0.1045,-0.1320,-0.0760
no_trial,both,G0,r1_rms_100,0.5399,0.5306,0.5499
no_trial,both,G0,r1_mean_100,-0.0932,-0.1131,-0.0720
no_trial,both,G0,r1_rms_200,0.4703,0.4623,0.4781
no_trial,both,G0,r1_mean_200,-0.0765,-0.0910,-0.0612
no_trial,both,G0,r2_brier,0.1684,0.1666,0.1702
no_trial,both,G0,r2_bias,-0.0011,-0.0041,0.0017
no_trial,both,G0,r3_inside,0.4347,0.4293,0.4400
no_trial,both,G0,r3_below_0.5,0.0288,0.0255,0.0324
no_trial,both,G0,r3_above_0.95,0.0285,0.0258,0.0314
no_trial,both,G0,r4_false,0.6155,0.5986,0.6320
no_trial,both,G0,r4_false_0.70,0.5095,0.4910,0.5286
no_trial,both,G0,r4_declared,9.7130,9.5110,9.9180
no_trial,both,G0,r5_late_answers,9.6701,9.4156,9.9156
no_trial,both,G0,r5_never,0.2215,0.2025,0.2417
no_trial,both,G0,r6_lag,-0.1339,-0.1499,-0.1183
no_trial,both,G0,r7_error_5,0.7239,0.6893,0.7569
no_trial,both,G0,r7_error_10,0.6628,0.6325,0.6952
no_trial,both,G0,r7_longest_wrong,1.6600,1.5980,1.7260
no_trial,both,G0,r7_hard_first,0.0885,0.0781,0.0996
no_trial,both,G0,r4b_chance_below_0.5,0.0896,0.0786,0.1033
no_trial,both,G0,r4b_chance_0.5_to_0.6,0.1351,0.1288,0.1417
no_trial,both,G0,r4b_chance_0.6_to_0.7,0.2253,0.2187,0.2318
no_trial,both,G0,r4b_chance_0.7_to_0.8,0.2830,0.2748,0.2906
no_trial,both,G0,r4b_chance_0.8_up,0.2671,0.2552,0.2799
no_trial,both,G0,r2_ece,0.0022,0.0009,0.0046
no_trial,both,G0,r4b_3,0.1412,0.1308,0.1517
no_trial,both,G0,r4b_5,0.4284,0.4142,0.4434
no_trial,both,G0,r4b_10,0.8295,0.8156,0.8436
no_trial,both,G0,r4b_20,0.9771,0.9662,0.9872
no_trial,both,G0,r4b_50,0.9977,0.9920,1.0000
no_trial,both,G1,r1_rms_5,2.1667,2.1469,2.1875
no_trial,both,G1,r1_mean_5,-0.1480,-0.2823,-0.0143
no_trial,both,G1,r1_rms_10,1.9718,1.9510,1.9951
no_trial,both,G1,r1_mean_10,-0.2266,-0.3426,-0.1097
no_trial,both,G1,r1_rms_20,1.6899,1.6653,1.7127
no_trial,both,G1,r1_mean_20,-0.2878,-0.3878,-0.1851
no_trial,both,G1,r1_rms_50,1.1791,1.1564,1.2015
no_trial,both,G1,r1_mean_50,-0.3280,-0.3943,-0.2586
no_trial,both,G1,r1_rms_100,0.8849,0.8669,0.9023
no_trial,both,G1,r1_mean_100,-0.2950,-0.3407,-0.2484
no_trial,both,G1,r1_rms_200,0.6726,0.6608,0.6841
no_trial,both,G1,r1_mean_200,-0.1862,-0.2185,-0.1566
no_trial,both,G1,r2_brier,0.1730,0.1688,0.1772
no_trial,both,G1,r2_bias,-0.0094,-0.0160,-0.0026
no_trial,both,G1,r3_inside,0.2348,0.2274,0.2432
no_trial,both,G1,r3_below_0.5,0.1430,0.1306,0.1554
no_trial,both,G1,r3_above_0.95,0.1290,0.1203,0.1374
no_trial,both,G1,r4_false,0.6575,0.6333,0.6805
no_trial,both,G1,r4_false_0.70,0.5926,0.5710,0.6147
no_trial,both,G1,r4_declared,11.7490,11.4660,12.0270
no_trial,both,G1,r5_late_answers,8.2962,8.1487,8.4402
no_trial,both,G1,r5_never,0.0972,0.0833,0.1122
no_trial,both,G1,r6_lag,-0.3231,-0.3561,-0.2911
no_trial,both,G1,r7_error_5,2.2374,2.2267,2.2479
no_trial,both,G1,r7_error_10,2.0496,2.0347,2.0639
no_trial,both,G1,r7_longest_wrong,2.0300,1.9170,2.1550
no_trial,both,G1,r7_hard_first,0.3912,0.3665,0.4158
no_trial,both,G1,r4b_chance_below_0.5,0.3764,0.3567,0.3944
no_trial,both,G1,r4b_chance_0.5_to_0.6,0.1918,0.1851,0.1988
no_trial,both,G1,r4b_chance_0.6_to_0.7,0.1501,0.1442,0.1563
no_trial,both,G1,r4b_chance_0.7_to_0.8,0.1104,0.1035,0.1176
no_trial,both,G1,r4b_chance_0.8_up,0.1713,0.1554,0.1891
no_trial,both,G1,r2_ece,0.0170,0.0105,0.0235
no_trial,both,G1,r4b_3,0.1243,0.1108,0.1387
no_trial,both,G1,r4b_5,0.3811,0.3630,0.3993
no_trial,both,G1,r4b_10,0.7071,0.6883,0.7261
no_trial,both,G1,r4b_20,0.8992,0.8870,0.9111
no_trial,both,G1,r4b_50,0.9847,0.9798,0.9894
target_0.70,both,G0,r1_rms_5,1.0086,0.9740,1.0459
target_0.70,both,G0,r1_mean_5,0.0186,-0.0479,0.0873
target_0.70,both,G0,r1_rms_10,0.9381,0.9083,0.9690
target_0.70,both,G0,r1_mean_10,0.0079,-0.0523,0.0691
target_0.70,both,G0,r1_rms_20,0.8279,0.8037,0.8539
target_0.70,both,G0,r1_mean_20,-0.0066,-0.0544,0.0428
target_0.70,both,G0,r1_rms_50,0.6580,0.6426,0.6736
target_0.70,both,G0,r1_mean_50,-0.0202,-0.0517,0.0135
target_0.70,both,G0,r1_rms_100,0.5496,0.5391,0.5602
target_0.70,both,G0,r1_mean_100,-0.0191,-0.0417,0.0030
target_0.70,both,G0,r1_rms_200,0.4680,0.4605,0.4753
target_0.70,both,G0,r1_mean_200,-0.0174,-0.0319,-0.0026
target_0.70,both,G0,r2_brier,0.2082,0.2068,0.2096
target_0.70,both,G0,r2_bias,0.0019,-0.0015,0.0050
target_0.70,both,G0,r3_inside,0.3952,0.3891,0.4011
target_0.70,both,G0,r3_below_0.5,0.0967,0.0907,0.1031
target_0.70,both,G0,r3_above_0.95,0.0080,0.0069,0.0091
target_0.70,both,G0,r4_false,0.6975,0.6833,0.7111
target_0.70,both,G0,r4_false_0.70,0.5983,0.5824,0.6143
target_0.70,both,G0,r4_declared,16.6230,16.4000,16.8390
target_0.70,both,G0,r5_late_answers,6.1507,6.0269,6.2860
target_0.70,both,G0,r5_never,0.0169,0.0119,0.0229
target_0.70,both,G0,r6_lag,-0.0639,-0.0799,-0.0484
target_0.70,both,G0,r7_error_5,0.8647,0.8222,0.9081
target_0.70,both,G0,r7_error_10,0.7813,0.7451,0.8187
target_0.70,both,G0,r7_longest_wrong,2.0660,2.0020,2.1320
target_0.70,both,G0,r7_hard_first,0.2072,0.1921,0.2226
target_0.70,both,G0,r4b_chance_below_0.5,0.1934,0.1803,0.2068
target_0.70,both,G0,r4b_chance_0.5_to_0.6,0.1817,0.1761,0.1874
target_0.70,both,G0,r4b_chance_0.6_to_0.7,0.2176,0.2123,0.2231
target_0.70,both,G0,r4b_chance_0.7_to_0.8,0.2169,0.2098,0.2243
target_0.70,both,G0,r4b_chance_0.8_up,0.1904,0.1792,0.2027
target_0.70,both,G0,r2_ece,0.0043,0.0028,0.0071
target_0.70,both,G0,r4b_3,0.0186,0.0149,0.0226
target_0.70,both,G0,r4b_5,0.3164,0.3031,0.3302
target_0.70,both,G0,r4b_10,0.7362,0.7233,0.7502
target_0.70,both,G0,r4b_20,0.9647,0.9577,0.9713
target_0.70,both,G0,r4b_50,0.9990,0.9974,1.0000
target_0.70,both,G2,r1_rms_5,0.9725,0.9381,1.0056
target_0.70,both,G2,r1_mean_5,-0.0515,-0.1151,0.0108
target_0.70,both,G2,r1_rms_10,0.9138,0.8833,0.9422
target_0.70,both,G2,r1_mean_10,-0.1269,-0.1847,-0.0697
target_0.70,both,G2,r1_rms_20,0.8323,0.8076,0.8569
target_0.70,both,G2,r1_mean_20,-0.2171,-0.2631,-0.1694
target_0.70,both,G2,r1_rms_50,0.7627,0.7433,0.7809
target_0.70,both,G2,r1_mean_50,-0.4228,-0.4539,-0.3902
target_0.70,both,G2,r1_rms_100,0.8687,0.8498,0.8863
target_0.70,both,G2,r1_mean_100,-0.6992,-0.7228,-0.6766
target_0.70,both,G2,r1_rms_200,1.2545,1.2402,1.2693
target_0.70,both,G2,r1_mean_200,-1.1749,-1.1900,-1.1601
target_0.70,both,G2,r2_brier,0.1707,0.1695,0.1719
target_0.70,both,G2,r2_bias,-0.0904,-0.0934,-0.0874
target_0.70,both,G2,r3_inside,0.3851,0.3802,0.3901
target_0.70,both,G2,r3_below_0.5,0.0367,0.0340,0.0395
target_0.70,both,G2,r3_above_0.95,0.0465,0.0429,0.0502
target_0.70,both,G2,r4_false,0.5320,0.5160,0.5488
target_0.70,both,G2,r4_false_0.70,0.4188,0.4035,0.4337
target_0.70,both,G2,r4_declared,18.5330,18.2840,18.7720
target_0.70,both,G2,r5_late_answers,4.4752,4.3966,4.5536
target_0.70,both,G2,r5_never,0.0239,0.0188,0.0297
target_0.70,both,G2,r6_lag,-0.9597,-0.9784,-0.9417
target_0.70,both,G2,r7_error_5,0.8153,0.7761,0.8577
target_0.70,both,G2,r7_error_10,0.7494,0.7128,0.7853
target_0.70,both,G2,r7_longest_wrong,2.0850,2.0250,2.1500
target_0.70,both,G2,r7_hard_first,0.1971,0.1842,0.2109
target_0.70,both,G2,r4b_chance_below_0.5,0.1325,0.1226,0.1424
target_0.70,both,G2,r4b_chance_0.5_to_0.6,0.1254,0.1198,0.1311
target_0.70,both,G2,r4b_chance_0.6_to_0.7,0.1848,0.1792,0.1909
target_0.70,both,G2,r4b_chance_0.7_to_0.8,0.2307,0.2248,0.2369
target_0.70,both,G2,r4b_chance_0.8_up,0.3266,0.3125,0.3412
target_0.70,both,G2,r2_ece,0.0904,0.0874,0.0935
target_0.70,both,G2,r4b_3,0.0179,0.0142,0.0217
target_0.70,both,G2,r4b_5,0.3927,0.3769,0.4090
target_0.70,both,G2,r4b_10,0.8463,0.8335,0.8584
target_0.70,both,G2,r4b_20,0.9955,0.9925,0.9981
target_0.70,both,G2,r4b_50,1.0000,1.0000,1.0000
target_0.85,both,G0,r1_rms_5,1.0479,1.0112,1.0877
target_0.85,both,G0,r1_mean_5,-0.0504,-0.1247,0.0192
target_0.85,both,G0,r1_rms_10,0.9909,0.9570,1.0219
target_0.85,both,G0,r1_mean_10,-0.0751,-0.1408,-0.0117
target_0.85,both,G0,r1_rms_20,0.8901,0.8630,0.9189
target_0.85,both,G0,r1_mean_20,-0.1065,-0.1587,-0.0548
target_0.85,both,G0,r1_rms_50,0.7347,0.7153,0.7552
target_0.85,both,G0,r1_mean_50,-0.1356,-0.1736,-0.0937
target_0.85,both,G0,r1_rms_100,0.6272,0.6110,0.6432
target_0.85,both,G0,r1_mean_100,-0.1531,-0.1832,-0.1248
target_0.85,both,G0,r1_rms_200,0.5316,0.5199,0.5428
target_0.85,both,G0,r1_mean_200,-0.1581,-0.1797,-0.1375
target_0.85,both,G0,r2_brier,0.1357,0.1332,0.1382
target_0.85,both,G0,r2_bias,0.0063,0.0033,0.0095
target_0.85,both,G0,r3_inside,0.3250,0.3164,0.3341
target_0.85,both,G0,r3_below_0.5,0.0176,0.0144,0.0213
target_0.85,both,G0,r3_above_0.95,0.1118,0.1032,0.1209
target_0.85,both,G0,r4_false,0.9924,0.9813,1.0000
target_0.85,both,G0,r4_false_0.70,0.9772,0.9593,0.9906
target_0.85,both,G0,r4_declared,1.1850,1.0350,1.3460
target_0.85,both,G0,r5_late_answers,4.0000,4.0000,4.0000
target_0.85,both,G0,r5_never,0.9989,0.9973,1.0000
target_0.85,both,G0,r6_lag,-0.1516,-0.1741,-0.1276
target_0.85,both,G0,r7_error_5,0.9107,0.8695,0.9526
target_0.85,both,G0,r7_error_10,0.8414,0.8042,0.8815
target_0.85,both,G0,r7_longest_wrong,1.5170,1.4690,1.5660
target_0.85,both,G0,r7_hard_first,0.0653,0.0575,0.0734
target_0.85,both,G0,r4b_chance_below_0.5,0.1178,0.0787,0.1637
target_0.85,both,G0,r4b_chance_0.5_to_0.6,0.1233,0.1063,0.1404
target_0.85,both,G0,r4b_chance_0.6_to_0.7,0.1768,0.1612,0.1925
target_0.85,both,G0,r4b_chance_0.7_to_0.8,0.2206,0.2035,0.2385
target_0.85,both,G0,r4b_chance_0.8_up,0.3616,0.3249,0.4007
target_0.85,both,G0,r2_ece,0.0093,0.0068,0.0122
target_0.85,both,G0,r4b_3,0.1092,0.0907,0.1288
target_0.85,both,G0,r4b_5,0.5011,0.4686,0.5347
target_0.85,both,G0,r4b_10,0.8596,0.8269,0.8915
target_0.85,both,G0,r4b_20,0.9445,0.9169,0.9712
target_0.85,both,G0,r4b_50,0.9915,0.9768,1.0000
target_0.85,both,G2,r1_rms_5,1.0128,0.9763,1.0486
target_0.85,both,G2,r1_mean_5,-0.1205,-0.1852,-0.0520
target_0.85,both,G2,r1_rms_10,0.9662,0.9330,0.9983
target_0.85,both,G2,r1_mean_10,-0.2115,-0.2724,-0.1517
target_0.85,both,G2,r1_rms_20,0.9122,0.8852,0.9417
target_0.85,both,G2,r1_mean_20,-0.3192,-0.3697,-0.2680
target_0.85,both,G2,r1_rms_50,0.8981,0.8701,0.9267
target_0.85,both,G2,r1_mean_50,-0.5900,-0.6283,-0.5480
target_0.85,both,G2,r1_rms_100,1.0992,1.0716,1.1276
target_0.85,both,G2,r1_mean_100,-0.9600,-0.9927,-0.9286
target_0.85,both,G2,r1_rms_200,1.6984,1.6729,1.7239
target_0.85,both,G2,r1_mean_200,-1.6331,-1.6600,-1.6050
target_0.85,both,G2,r2_brier,0.0874,0.0857,0.0891
target_0.85,both,G2,r2_bias,-0.0570,-0.0594,-0.0545
target_0.85,both,G2,r3_inside,0.1355,0.1301,0.1415
target_0.85,both,G2,r3_below_0.5,0.0067,0.0058,0.0076
target_0.85,both,G2,r3_above_0.95,0.4067,0.3936,0.4198
target_0.85,both,G2,r4_false,0.9328,0.9074,0.9544
target_0.85,both,G2,r4_false_0.70,0.8395,0.8009,0.8729
target_0.85,both,G2,r4_declared,0.7290,0.6250,0.8390
target_0.85,both,G2,r5_late_answers,1.8776,1.3750,2.3137
target_0.85,both,G2,r5_never,0.9969,0.9956,0.9980
target_0.85,both,G2,r6_lag,-1.3140,-1.3439,-1.2863
target_0.85,both,G2,r7_error_5,0.8602,0.8210,0.9028
target_0.85,both,G2,r7_error_10,0.8057,0.7679,0.8464
target_0.85,both,G2,r7_longest_wrong,1.4240,1.3790,1.4720
target_0.85,both,G2,r7_hard_first,0.0593,0.0527,0.0660
target_0.85,both,G2,r4b_chance_below_0.5,0.0450,0.0363,0.0543
target_0.85,both,G2,r4b_chance_0.5_to_0.6,0.0547,0.0456,0.0642
target_0.85,both,G2,r4b_chance_0.6_to_0.7,0.0999,0.0884,0.1117
target_0.85,both,G2,r4b_chance_0.7_to_0.8,0.1946,0.1803,0.2080
target_0.85,both,G2,r4b_chance_0.8_up,0.6058,0.5737,0.6365
target_0.85,both,G2,r2_ece,0.0570,0.0545,0.0594
target_0.85,both,G2,r4b_3,0.1224,0.0976,0.1465
target_0.85,both,G2,r4b_5,0.5770,0.5426,0.6130
target_0.85,both,G2,r4b_10,0.9559,0.9314,0.9793
target_0.85,both,G2,r4b_20,1.0000,1.0000,1.0000
target_0.85,both,G2,r4b_50,1.0000,1.0000,1.0000
model_slope_0.5,both,G0,r1_rms_5,1.0650,1.0295,1.1021
model_slope_0.5,both,G0,r1_mean_5,-0.0882,-0.1623,-0.0205
model_slope_0.5,both,G0,r1_rms_10,1.0153,0.9826,1.0492
model_slope_0.5,both,G0,r1_mean_10,-0.0109,-0.0786,0.0565
model_slope_0.5,both,G0,r1_rms_20,0.9170,0.8886,0.9486
model_slope_0.5,both,G0,r1_mean_20,0.0930,0.0361,0.1458
model_slope_0.5,both,G0,r1_rms_50,0.8042,0.7834,0.8255
model_slope_0.5,both,G0,r1_mean_50,0.2959,0.2554,0.3388
model_slope_0.5,both,G0,r1_rms_100,0.7610,0.7448,0.7781
model_slope_0.5,both,G0,r1_mean_100,0.4567,0.4270,0.4870
model_slope_0.5,both,G0,r1_rms_200,0.7759,0.7609,0.7899
model_slope_0.5,both,G0,r1_mean_200,0.6003,0.5792,0.6204
model_slope_0.5,both,G0,r2_brier,0.1545,0.1526,0.1565
model_slope_0.5,both,G0,r2_bias,-0.0442,-0.0478,-0.0407
model_slope_0.5,both,G0,r3_inside,0.3761,0.3684,0.3833
model_slope_0.5,both,G0,r3_below_0.5,0.0242,0.0209,0.0282
model_slope_0.5,both,G0,r3_above_0.95,0.0833,0.0765,0.0908
model_slope_0.5,both,G0,r4_false,0.9906,0.9731,1.0000
model_slope_0.5,both,G0,r4_false_0.70,0.9798,0.9594,0.9957
model_slope_0.5,both,G0,r4_declared,0.7410,0.6220,0.8670
model_slope_0.5,both,G0,r5_late_answers,3.8571,3.8333,4.0000
model_slope_0.5,both,G0,r5_never,0.9992,0.9977,1.0000
model_slope_0.5,both,G0,r6_lag,0.5610,0.5372,0.5834
model_slope_0.5,both,G0,r7_error_5,0.9176,0.8743,0.9594
model_slope_0.5,both,G0,r7_error_10,0.8582,0.8173,0.9001
model_slope_0.5,both,G0,r7_longest_wrong,1.4060,1.3620,1.4530
model_slope_0.5,both,G0,r7_hard_first,0.0471,0.0409,0.0534
model_slope_0.5,both,G0,r4b_chance_below_0.5,0.1681,0.1305,0.2093
model_slope_0.5,both,G0,r4b_chance_0.5_to_0.6,0.1626,0.1462,0.1787
model_slope_0.5,both,G0,r4b_chance_0.6_to_0.7,0.1904,0.1752,0.2054
model_slope_0.5,both,G0,r4b_chance_0.7_to_0.8,0.2070,0.1883,0.2248
model_slope_0.5,both,G0,r4b_chance_0.8_up,0.2719,0.2383,0.3073
model_slope_0.5,both,G0,r2_ece,0.0442,0.0407,0.0478
model_slope_0.5,both,G0,r4b_3,0.0642,0.0490,0.0804
model_slope_0.5,both,G0,r4b_5,0.3449,0.3127,0.3793
model_slope_0.5,both,G0,r4b_10,0.7615,0.7145,0.8077
model_slope_0.5,both,G0,r4b_20,0.9045,0.8649,0.9482
model_slope_0.5,both,G0,r4b_50,0.9756,0.9441,0.9957
model_slope_0.5,both,G6,r1_rms_5,1.1925,1.1497,1.2400
model_slope_0.5,both,G6,r1_mean_5,-0.2179,-0.2957,-0.1328
model_slope_0.5,both,G6,r1_rms_10,1.1545,1.1145,1.1989
model_slope_0.5,both,G6,r1_mean_10,-0.1490,-0.2306,-0.0762
model_slope_0.5,both,G6,r1_rms_20,1.0888,1.0534,1.1240
model_slope_0.5,both,G6,r1_mean_20,-0.0505,-0.1207,0.0192
model_slope_0.5,both,G6,r1_rms_50,1.0197,0.9912,1.0480
model_slope_0.5,both,G6,r1_mean_50,0.1449,0.0826,0.2075
model_slope_0.5,both,G6,r1_rms_100,1.0039,0.9814,1.0263
model_slope_0.5,both,G6,r1_mean_100,0.2916,0.2328,0.3497
model_slope_0.5,both,G6,r1_rms_200,0.9887,0.9671,1.0103
model_slope_0.5,both,G6,r1_mean_200,0.4050,0.3526,0.4561
model_slope_0.5,both,G6,r2_brier,0.1588,0.1567,0.1608
model_slope_0.5,both,G6,r2_bias,-0.0378,-0.0412,-0.0343
model_slope_0.5,both,G6,r3_inside,0.3996,0.3851,0.4144
model_slope_0.5,both,G6,r3_below_0.5,0.0425,0.0382,0.0468
model_slope_0.5,both,G6,r3_above_0.95,0.1378,0.1276,0.1483
model_slope_0.5,both,G6,r4_false,0.9956,0.9877,1.0000
model_slope_0.5,both,G6,r4_false_0.70,0.9793,0.9641,0.9912
model_slope_0.5,both,G6,r4_declared,0.9180,0.7690,1.0820
model_slope_0.5,both,G6,r5_late_answers,5.0000,5.0000,5.0000
model_slope_0.5,both,G6,r5_never,0.9995,0.9985,1.0000
model_slope_0.5,both,G6,r6_lag,0.3889,0.3374,0.4416
model_slope_0.5,both,G6,r7_error_5,1.0687,1.0205,1.1187
model_slope_0.5,both,G6,r7_error_10,1.0194,0.9725,1.0721
model_slope_0.5,both,G6,r7_longest_wrong,1.4440,1.3910,1.4940
model_slope_0.5,both,G6,r7_hard_first,0.0485,0.0422,0.0549
model_slope_0.5,both,G6,r4b_chance_below_0.5,0.1597,0.1178,0.2124
model_slope_0.5,both,G6,r4b_chance_0.5_to_0.6,0.1252,0.1065,0.1469
model_slope_0.5,both,G6,r4b_chance_0.6_to_0.7,0.2329,0.2067,0.2597
model_slope_0.5,both,G6,r4b_chance_0.7_to_0.8,0.2754,0.2459,0.3059
model_slope_0.5,both,G6,r4b_chance_0.8_up,0.2068,0.1790,0.2369
model_slope_0.5,both,G6,r2_ece,0.0380,0.0349,0.0414
model_slope_0.5,both,G6,r4b_3,0.0480,0.0365,0.0612
model_slope_0.5,both,G6,r4b_5,0.3414,0.3084,0.3719
model_slope_0.5,both,G6,r4b_10,0.7381,0.7024,0.7759
model_slope_0.5,both,G6,r4b_20,0.9226,0.8794,0.9629
model_slope_0.5,both,G6,r4b_50,0.9866,0.9386,1.0000
model_slope_0.5,both,G7,r1_rms_5,1.0992,1.0607,1.1404
model_slope_0.5,both,G7,r1_mean_5,-0.1338,-0.2117,-0.0602
model_slope_0.5,both,G7,r1_rms_10,1.0428,1.0083,1.0791
model_slope_0.5,both,G7,r1_mean_10,-0.0793,-0.1457,-0.0081
model_slope_0.5,both,G7,r1_rms_20,0.9447,0.9134,0.9769
model_slope_0.5,both,G7,r1_mean_20,0.0260,-0.0339,0.0849
model_slope_0.5,both,G7,r1_rms_50,0.8162,0.7933,0.8397
model_slope_0.5,both,G7,r1_mean_50,0.2262,0.1828,0.2743
model_slope_0.5,both,G7,r1_rms_100,0.7666,0.7477,0.7856
model_slope_0.5,both,G7,r1_mean_100,0.3964,0.3617,0.4320
model_slope_0.5,both,G7,r1_rms_200,0.7614,0.7445,0.7800
model_slope_0.5,both,G7,r1_mean_200,0.5370,0.5102,0.5633
model_slope_0.5,both,G7,r2_brier,0.1547,0.1528,0.1567
model_slope_0.5,both,G7,r2_bias,-0.0428,-0.0461,-0.0390
model_slope_0.5,both,G7,r3_inside,0.3722,0.3647,0.3797
model_slope_0.5,both,G7,r3_below_0.5,0.0249,0.0215,0.0286
model_slope_0.5,both,G7,r3_above_0.95,0.0859,0.0785,0.0931
model_slope_0.5,both,G7,r4_false,0.9938,0.9855,1.0000
model_slope_0.5,both,G7,r4_false_0.70,0.9800,0.9617,0.9935
model_slope_0.5,both,G7,r4_declared,0.6490,0.5390,0.7640
model_slope_0.5,both,G7,r5_late_answers,4.0000,4.0000,4.0000
model_slope_0.5,both,G7,r5_never,0.9995,0.9988,1.0000
model_slope_0.5,both,G7,r6_lag,0.5045,0.4754,0.5337
model_slope_0.5,both,G7,r7_error_5,0.9725,0.9293,1.0163
model_slope_0.5,both,G7,r7_error_10,0.9040,0.8606,0.9474
model_slope_0.5,both,G7,r7_longest_wrong,1.4220,1.3780,1.4690
model_slope_0.5,both,G7,r7_hard_first,0.0517,0.0451,0.0583
model_slope_0.5,both,G7,r4b_chance_below_0.5,0.1775,0.1369,0.2230
model_slope_0.5,both,G7,r4b_chance_0.5_to_0.6,0.1424,0.1280,0.1572
model_slope_0.5,both,G7,r4b_chance_0.6_to_0.7,0.1863,0.1721,0.1997
model_slope_0.5,both,G7,r4b_chance_0.7_to_0.8,0.2074,0.1894,0.2256
model_slope_0.5,both,G7,r4b_chance_0.8_up,0.2864,0.2511,0.3242
model_slope_0.5,both,G7,r2_ece,0.0429,0.0391,0.0463
model_slope_0.5,both,G7,r4b_3,0.0606,0.0462,0.0757
model_slope_0.5,both,G7,r4b_5,0.3415,0.3043,0.3777
model_slope_0.5,both,G7,r4b_10,0.7439,0.6893,0.7998
model_slope_0.5,both,G7,r4b_20,0.9132,0.8745,0.9585
model_slope_0.5,both,G7,r4b_50,0.9847,0.9603,1.0000
model_slope_2,both,G0,r1_rms_5,1.0023,0.9668,1.0393
model_slope_2,both,G0,r1_mean_5,0.0117,-0.0564,0.0747
model_slope_2,both,G0,r1_rms_10,0.9345,0.9038,0.9665
model_slope_2,both,G0,r1_mean_10,-0.0754,-0.1331,-0.0194
model_slope_2,both,G0,r1_rms_20,0.8428,0.8190,0.8682
model_slope_2,both,G0,r1_mean_20,-0.1904,-0.2371,-0.1433
model_slope_2,both,G0,r1_rms_50,0.7402,0.7214,0.7606
model_slope_2,both,G0,r1_mean_50,-0.3541,-0.3885,-0.3213
model_slope_2,both,G0,r1_rms_100,0.7079,0.6916,0.7236
model_slope_2,both,G0,r1_mean_100,-0.4528,-0.4760,-0.4293
model_slope_2,both,G0,r1_rms_200,0.7007,0.6876,0.7129
model_slope_2,both,G0,r1_mean_200,-0.5117,-0.5293,-0.4931
model_slope_2,both,G0,r2_brier,0.1828,0.1808,0.1848
model_slope_2,both,G0,r2_bias,0.0307,0.0277,0.0338
model_slope_2,both,G0,r3_inside,0.4266,0.4211,0.4321
model_slope_2,both,G0,r3_below_0.5,0.0519,0.0474,0.0568
model_slope_2,both,G0,r3_above_0.95,0.0220,0.0198,0.0243
model_slope_2,both,G0,r4_false,0.6424,0.6272,0.6575
model_slope_2,both,G0,r4_false_0.70,0.5330,0.5170,0.5491
model_slope_2,both,G0,r4_declared,15.4300,15.1840,15.6820
model_slope_2,both,G0,r5_late_answers,5.4783,5.3706,5.5964
model_slope_2,both,G0,r5_never,0.0136,0.0109,0.0165
model_slope_2,both,G0,r6_lag,-0.5273,-0.5450,-0.5089
model_slope_2,both,G0,r7_error_5,0.8574,0.8171,0.8942
model_slope_2,both,G0,r7_error_10,0.7749,0.7390,0.8124
model_slope_2,both,G0,r7_longest_wrong,2.0260,1.9660,2.0890
model_slope_2,both,G0,r7_hard_first,0.2004,0.1869,0.2151
model_slope_2,both,G0,r4b_chance_below_0.5,0.1520,0.1386,0.1666
model_slope_2,both,G0,r4b_chance_0.5_to_0.6,0.1457,0.1390,0.1523
model_slope_2,both,G0,r4b_chance_0.6_to_0.7,0.1947,0.1886,0.2007
model_slope_2,both,G0,r4b_chance_0.7_to_0.8,0.2327,0.2251,0.2400
model_slope_2,both,G0,r4b_chance_0.8_up,0.2749,0.2596,0.2909
model_slope_2,both,G0,r2_ece,0.0389,0.0361,0.0417
model_slope_2,both,G0,r4b_3,0.0362,0.0300,0.0430
model_slope_2,both,G0,r4b_5,0.4070,0.3913,0.4236
model_slope_2,both,G0,r4b_10,0.8287,0.8158,0.8417
model_slope_2,both,G0,r4b_20,0.9791,0.9726,0.9852
model_slope_2,both,G0,r4b_50,0.9987,0.9967,1.0000
model_slope_2,both,G6,r1_rms_5,1.0235,0.9823,1.0645
model_slope_2,both,G6,r1_mean_5,-0.0328,-0.1042,0.0346
model_slope_2,both,G6,r1_rms_10,0.9646,0.9292,1.0012
model_slope_2,both,G6,r1_mean_10,-0.1277,-0.1905,-0.0667
model_slope_2,both,G6,r1_rms_20,0.8858,0.8521,0.9191
model_slope_2,both,G6,r1_mean_20,-0.2402,-0.2954,-0.1840
model_slope_2,both,G6,r1_rms_50,0.8142,0.7818,0.8470
model_slope_2,both,G6,r1_mean_50,-0.3997,-0.4456,-0.3567
model_slope_2,both,G6,r1_rms_100,0.7938,0.7626,0.8256
model_slope_2,both,G6,r1_mean_100,-0.5072,-0.5468,-0.4661
model_slope_2,both,G6,r1_rms_200,0.8048,0.7701,0.8396
model_slope_2,both,G6,r1_mean_200,-0.5972,-0.6357,-0.5584
model_slope_2,both,G6,r2_brier,0.1858,0.1837,0.1881
model_slope_2,both,G6,r2_bias,0.0349,0.0318,0.0383
model_slope_2,both,G6,r3_inside,0.4043,0.3906,0.4185
model_slope_2,both,G6,r3_below_0.5,0.0678,0.0628,0.0732
model_slope_2,both,G6,r3_above_0.95,0.0907,0.0841,0.0976
model_slope_2,both,G6,r4_false,0.6826,0.6676,0.6974
model_slope_2,both,G6,r4_false_0.70,0.5654,0.5492,0.5822
model_slope_2,both,G6,r4_declared,15.1090,14.8680,15.3390
model_slope_2,both,G6,r5_late_answers,5.4740,5.3563,5.5955
model_slope_2,both,G6,r5_never,0.0176,0.0133,0.0224
model_slope_2,both,G6,r6_lag,-0.5898,-0.6276,-0.5507
model_slope_2,both,G6,r7_error_5,0.8881,0.8443,0.9309
model_slope_2,both,G6,r7_error_10,0.8196,0.7779,0.8629
model_slope_2,both,G6,r7_longest_wrong,2.0690,2.0030,2.1370
model_slope_2,both,G6,r7_hard_first,0.1958,0.1819,0.2098
model_slope_2,both,G6,r4b_chance_below_0.5,0.1339,0.1202,0.1492
model_slope_2,both,G6,r4b_chance_0.5_to_0.6,0.1468,0.1377,0.1570
model_slope_2,both,G6,r4b_chance_0.6_to_0.7,0.2475,0.2353,0.2594
model_slope_2,both,G6,r4b_chance_0.7_to_0.8,0.2500,0.2371,0.2625
model_slope_2,both,G6,r4b_chance_0.8_up,0.2217,0.2070,0.2374
model_slope_2,both,G6,r2_ece,0.0434,0.0404,0.0464
model_slope_2,both,G6,r4b_3,0.0286,0.0226,0.0348
model_slope_2,both,G6,r4b_5,0.3959,0.3795,0.4131
model_slope_2,both,G6,r4b_10,0.8032,0.7892,0.8166
model_slope_2,both,G6,r4b_20,0.9806,0.9743,0.9863
model_slope_2,both,G6,r4b_50,0.9983,0.9947,1.0000
model_slope_2,both,G7,r1_rms_5,0.9923,0.9554,1.0288
model_slope_2,both,G7,r1_mean_5,-0.0187,-0.0864,0.0435
model_slope_2,both,G7,r1_rms_10,0.9487,0.9178,0.9830
model_slope_2,both,G7,r1_mean_10,-0.1286,-0.1866,-0.0643
model_slope_2,both,G7,r1_rms_20,0.8833,0.8567,0.9127
model_slope_2,both,G7,r1_mean_20,-0.2465,-0.2972,-0.1971
model_slope_2,both,G7,r1_rms_50,0.8167,0.7962,0.8393
model_slope_2,both,G7,r1_mean_50,-0.4115,-0.4504,-0.3709
model_slope_2,both,G7,r1_rms_100,0.7898,0.7724,0.8069
model_slope_2,both,G7,r1_mean_100,-0.5070,-0.5365,-0.4755
model_slope_2,both,G7,r1_rms_200,0.7724,0.7558,0.7887
model_slope_2,both,G7,r1_mean_200,-0.5741,-0.5981,-0.5484
model_slope_2,both,G7,r2_brier,0.1833,0.1813,0.1853
model_slope_2,both,G7,r2_bias,0.0324,0.0293,0.0354
model_slope_2,both,G7,r3_inside,0.4295,0.4238,0.4350
model_slope_2,both,G7,r3_below_0.5,0.0514,0.0470,0.0560
model_slope_2,both,G7,r3_above_0.95,0.0214,0.0189,0.0237
model_slope_2,both,G7,r4_false,0.6532,0.6404,0.6668
model_slope_2,both,G7,r4_false_0.70,0.5515,0.5354,0.5680
model_slope_2,both,G7,r4_declared,15.3080,15.0490,15.5380
model_slope_2,both,G7,r5_late_answers,5.5497,5.4543,5.6449
model_slope_2,both,G7,r5_never,0.0166,0.0128,0.0208
model_slope_2,both,G7,r6_lag,-0.5768,-0.6006,-0.5522
model_slope_2,both,G7,r7_error_5,0.8555,0.8151,0.8984
model_slope_2,both,G7,r7_error_10,0.7952,0.7567,0.8346
model_slope_2,both,G7,r7_longest_wrong,2.1120,2.0510,2.1760
model_slope_2,both,G7,r7_hard_first,0.2057,0.1924,0.2190
model_slope_2,both,G7,r4b_chance_below_0.5,0.1482,0.1355,0.1613
model_slope_2,both,G7,r4b_chance_0.5_to_0.6,0.1430,0.1370,0.1493
model_slope_2,both,G7,r4b_chance_0.6_to_0.7,0.1942,0.1881,0.1998
model_slope_2,both,G7,r4b_chance_0.7_to_0.8,0.2333,0.2267,0.2399
model_slope_2,both,G7,r4b_chance_0.8_up,0.2813,0.2669,0.2960
model_slope_2,both,G7,r2_ece,0.0409,0.0384,0.0435
model_slope_2,both,G7,r4b_3,0.0386,0.0317,0.0459
model_slope_2,both,G7,r4b_5,0.4205,0.4043,0.4367
model_slope_2,both,G7,r4b_10,0.8316,0.8191,0.8444
model_slope_2,both,G7,r4b_20,0.9836,0.9778,0.9891
model_slope_2,both,G7,r4b_50,0.9982,0.9959,0.9997
model_floor_0,both,G0,r1_rms_5,1.0332,0.9943,1.0714
model_floor_0,both,G0,r1_mean_5,-0.0295,-0.0992,0.0401
model_floor_0,both,G0,r1_rms_10,0.9698,0.9373,1.0018
model_floor_0,both,G0,r1_mean_10,-0.0155,-0.0764,0.0476
model_floor_0,both,G0,r1_rms_20,0.8613,0.8362,0.8878
model_floor_0,both,G0,r1_mean_20,0.0159,-0.0350,0.0706
model_floor_0,both,G0,r1_rms_50,0.7004,0.6841,0.7186
model_floor_0,both,G0,r1_mean_50,0.0753,0.0411,0.1096
model_floor_0,both,G0,r1_rms_100,0.5890,0.5770,0.6005
model_floor_0,both,G0,r1_mean_100,0.1183,0.0943,0.1424
model_floor_0,both,G0,r1_rms_200,0.5023,0.4939,0.5108
model_floor_0,both,G0,r1_mean_200,0.1517,0.1344,0.1685
model_floor_0,both,G0,r2_brier,0.1670,0.1651,0.1690
model_floor_0,both,G0,r2_bias,-0.0108,-0.0141,-0.0076
model_floor_0,both,G0,r3_inside,0.4143,0.4084,0.4203
model_floor_0,both,G0,r3_below_0.5,0.0308,0.0274,0.0346
model_floor_0,both,G0,r3_above_0.95,0.0430,0.0390,0.0474
model_floor_0,both,G0,r4_false,0.9471,0.9276,0.9652
model_floor_0,both,G0,r4_false_0.70,0.8878,0.8600,0.9101
model_floor_0,both,G0,r4_declared,1.0960,0.9770,1.2220
model_floor_0,both,G0,r5_late_answers,14.1864,11.7719,16.4754
model_floor_0,both,G0,r5_never,0.9927,0.9900,0.9951
model_floor_0,both,G0,r6_lag,0.1393,0.1185,0.1585
model_floor_0,both,G0,r7_error_5,0.8941,0.8543,0.9370
model_floor_0,both,G0,r7_error_10,0.8151,0.7783,0.8543
model_floor_0,both,G0,r7_longest_wrong,1.6100,1.5590,1.6650
model_floor_0,both,G0,r7_hard_first,0.0916,0.0833,0.1006
model_floor_0,both,G0,r4b_chance_below_0.5,0.1090,0.0865,0.1354
model_floor_0,both,G0,r4b_chance_0.5_to_0.6,0.1409,0.1305,0.1506
model_floor_0,both,G0,r4b_chance_0.6_to_0.7,0.2076,0.1969,0.2178
model_floor_0,both,G0,r4b_chance_0.7_to_0.8,0.2566,0.2440,0.2695
model_floor_0,both,G0,r4b_chance_0.8_up,0.2860,0.2647,0.3096
model_floor_0,both,G0,r2_ece,0.0108,0.0078,0.0142
model_floor_0,both,G0,r4b_3,0.0931,0.0803,0.1059
model_floor_0,both,G0,r4b_5,0.3225,0.2978,0.3476
model_floor_0,both,G0,r4b_10,0.7558,0.7158,0.7985
model_floor_0,both,G0,r4b_20,0.8946,0.8467,0.9468
model_floor_0,both,G0,r4b_50,0.9640,0.9275,0.9900
model_floor_0,both,G6,r1_rms_5,1.0968,1.0545,1.1434
model_floor_0,both,G6,r1_mean_5,-0.1308,-0.2088,-0.0547
model_floor_0,both,G6,r1_rms_10,1.0498,1.0109,1.0901
model_floor_0,both,G6,r1_mean_10,-0.1212,-0.1879,-0.0524
model_floor_0,both,G6,r1_rms_20,0.9727,0.9366,1.0088
model_floor_0,both,G6,r1_mean_20,-0.0875,-0.1484,-0.0283
model_floor_0,both,G6,r1_rms_50,0.8692,0.8411,0.8965
model_floor_0,both,G6,r1_mean_50,-0.0423,-0.0947,0.0100
model_floor_0,both,G6,r1_rms_100,0.8252,0.8021,0.8489
model_floor_0,both,G6,r1_mean_100,-0.0170,-0.0682,0.0318
model_floor_0,both,G6,r1_rms_200,0.7924,0.7737,0.8123
model_floor_0,both,G6,r1_mean_200,-0.0063,-0.0515,0.0397
model_floor_0,both,G6,r2_brier,0.1712,0.1692,0.1732
model_floor_0,both,G6,r2_bias,-0.0052,-0.0083,-0.0020
model_floor_0,both,G6,r3_inside,0.4246,0.4104,0.4381
model_floor_0,both,G6,r3_below_0.5,0.0501,0.0460,0.0549
model_floor_0,both,G6,r3_above_0.95,0.1069,0.0986,0.1154
model_floor_0,both,G6,r4_false,0.9481,0.9330,0.9621
model_floor_0,both,G6,r4_false_0.70,0.8924,0.8664,0.9145
model_floor_0,both,G6,r4_declared,1.2920,1.1470,1.4460
model_floor_0,both,G6,r5_late_answers,14.7286,12.4648,17.0328
model_floor_0,both,G6,r5_never,0.9901,0.9874,0.9927
model_floor_0,both,G6,r6_lag,0.0060,-0.0377,0.0525
model_floor_0,both,G6,r7_error_5,0.9718,0.9247,1.0210
model_floor_0,both,G6,r7_error_10,0.9110,0.8635,0.9558
model_floor_0,both,G6,r7_longest_wrong,1.6590,1.6050,1.7170
model_floor_0,both,G6,r7_hard_first,0.0936,0.0849,0.1029
model_floor_0,both,G6,r4b_chance_below_0.5,0.1316,0.1068,0.1627
model_floor_0,both,G6,r4b_chance_0.5_to_0.6,0.1185,0.1062,0.1314
model_floor_0,both,G6,r4b_chance_0.6_to_0.7,0.2267,0.2103,0.2431
model_floor_0,both,G6,r4b_chance_0.7_to_0.8,0.2922,0.2722,0.3105
model_floor_0,both,G6,r4b_chance_0.8_up,0.2310,0.2119,0.2510
model_floor_0,both,G6,r2_ece,0.0052,0.0037,0.0081
model_floor_0,both,G6,r4b_3,0.0729,0.0617,0.0850
model_floor_0,both,G6,r4b_5,0.2944,0.2691,0.3183
model_floor_0,both,G6,r4b_10,0.7061,0.6646,0.7472
model_floor_0,both,G6,r4b_20,0.9189,0.8723,0.9699
model_floor_0,both,G6,r4b_50,0.9608,0.8987,1.0000
model_floor_0,both,G7,r1_rms_5,1.0358,0.9994,1.0737
model_floor_0,both,G7,r1_mean_5,-0.1023,-0.1726,-0.0292
model_floor_0,both,G7,r1_rms_10,0.9784,0.9475,1.0104
model_floor_0,both,G7,r1_mean_10,-0.1025,-0.1632,-0.0431
model_floor_0,both,G7,r1_rms_20,0.8762,0.8500,0.9046
model_floor_0,both,G7,r1_mean_20,-0.0668,-0.1205,-0.0162
model_floor_0,both,G7,r1_rms_50,0.7266,0.7074,0.7463
model_floor_0,both,G7,r1_mean_50,-0.0057,-0.0450,0.0349
model_floor_0,both,G7,r1_rms_100,0.6227,0.6081,0.6385
model_floor_0,both,G7,r1_mean_100,0.0464,0.0163,0.0769
model_floor_0,both,G7,r1_rms_200,0.5358,0.5256,0.5471
model_floor_0,both,G7,r1_mean_200,0.0836,0.0596,0.1055
model_floor_0,both,G7,r2_brier,0.1667,0.1649,0.1687
model_floor_0,both,G7,r2_bias,-0.0110,-0.0142,-0.0079
model_floor_0,both,G7,r3_inside,0.4126,0.4067,0.4187
model_floor_0,both,G7,r3_below_0.5,0.0310,0.0276,0.0349
model_floor_0,both,G7,r3_above_0.95,0.0455,0.0412,0.0502
model_floor_0,both,G7,r4_false,0.9171,0.8877,0.9436
model_floor_0,both,G7,r4_false_0.70,0.8600,0.8246,0.8923
model_floor_0,both,G7,r4_declared,1.0860,0.9630,1.2130
model_floor_0,both,G7,r5_late_answers,16.0217,13.3521,18.4405
model_floor_0,both,G7,r5_never,0.9879,0.9832,0.9918
model_floor_0,both,G7,r6_lag,0.0768,0.0528,0.1011
model_floor_0,both,G7,r7_error_5,0.9117,0.8684,0.9541
model_floor_0,both,G7,r7_error_10,0.8368,0.7981,0.8764
model_floor_0,both,G7,r7_longest_wrong,1.6530,1.6000,1.7060
model_floor_0,both,G7,r7_hard_first,0.0967,0.0878,0.1059
model_floor_0,both,G7,r4b_chance_below_0.5,0.1099,0.0878,0.1362
model_floor_0,both,G7,r4b_chance_0.5_to_0.6,0.1278,0.1194,0.1366
model_floor_0,both,G7,r4b_chance_0.6_to_0.7,0.2076,0.1974,0.2175
model_floor_0,both,G7,r4b_chance_0.7_to_0.8,0.2583,0.2458,0.2693
model_floor_0,both,G7,r4b_chance_0.8_up,0.2964,0.2769,0.3161
model_floor_0,both,G7,r2_ece,0.0110,0.0087,0.0143
model_floor_0,both,G7,r4b_3,0.0854,0.0729,0.0979
model_floor_0,both,G7,r4b_5,0.3137,0.2880,0.3399
model_floor_0,both,G7,r4b_10,0.7459,0.7024,0.7877
model_floor_0,both,G7,r4b_20,0.9310,0.8959,0.9669
model_floor_0,both,G7,r4b_50,0.9724,0.9454,1.0000
model_floor_0.3,both,G0,r1_rms_5,1.0155,0.9785,1.0505
model_floor_0.3,both,G0,r1_mean_5,-0.0222,-0.0916,0.0446
model_floor_0.3,both,G0,r1_rms_10,0.9445,0.9145,0.9751
model_floor_0.3,both,G0,r1_mean_10,-0.0691,-0.1248,-0.0080
model_floor_0.3,both,G0,r1_rms_20,0.8398,0.8147,0.8660
model_floor_0.3,both,G0,r1_mean_20,-0.1218,-0.1714,-0.0711
model_floor_0.3,both,G0,r1_rms_50,0.6901,0.6719,0.7071
model_floor_0.3,both,G0,r1_mean_50,-0.1840,-0.2175,-0.1500
model_floor_0.3,both,G0,r1_rms_100,0.5977,0.5860,0.6118
model_floor_0.3,both,G0,r1_mean_100,-0.2184,-0.2418,-0.1940
model_floor_0.3,both,G0,r1_rms_200,0.5347,0.5255,0.5445
model_floor_0.3,both,G0,r1_mean_200,-0.2389,-0.2547,-0.2218
model_floor_0.3,both,G0,r2_brier,0.1778,0.1759,0.1797
model_floor_0.3,both,G0,r2_bias,0.0125,0.0094,0.0157
model_floor_0.3,both,G0,r3_inside,0.4286,0.4233,0.4337
model_floor_0.3,both,G0,r3_below_0.5,0.0445,0.0404,0.0490
model_floor_0.3,both,G0,r3_above_0.95,0.0247,0.0222,0.0274
model_floor_0.3,both,G0,r4_false,0.6466,0.6319,0.6616
model_floor_0.3,both,G0,r4_false_0.70,0.5410,0.5240,0.5589
model_floor_0.3,both,G0,r4_declared,13.9790,13.7260,14.2390
model_floor_0.3,both,G0,r5_late_answers,6.2556,6.1281,6.3897
model_floor_0.3,both,G0,r5_never,0.0490,0.0400,0.0585
model_floor_0.3,both,G0,r6_lag,-0.2728,-0.2892,-0.2550
model_floor_0.3,both,G0,r7_error_5,0.8625,0.8212,0.9021
model_floor_0.3,both,G0,r7_error_10,0.7813,0.7413,0.8198
model_floor_0.3,both,G0,r7_longest_wrong,1.8670,1.8100,1.9240
model_floor_0.3,both,G0,r7_hard_first,0.1550,0.1425,0.1679
model_floor_0.3,both,G0,r4b_chance_below_0.5,0.1254,0.1132,0.1383
model_floor_0.3,both,G0,r4b_chance_0.5_to_0.6,0.1417,0.1353,0.1480
model_floor_0.3,both,G0,r4b_chance_0.6_to_0.7,0.2081,0.2016,0.2142
model_floor_0.3,both,G0,r4b_chance_0.7_to_0.8,0.2524,0.2446,0.2598
model_floor_0.3,both,G0,r4b_chance_0.8_up,0.2724,0.2586,0.2863
model_floor_0.3,both,G0,r2_ece,0.0136,0.0105,0.0167
model_floor_0.3,both,G0,r4b_3,0.0953,0.0852,0.1055
model_floor_0.3,both,G0,r4b_5,0.4277,0.4130,0.4421
model_floor_0.3,both,G0,r4b_10,0.8228,0.8089,0.8358
model_floor_0.3,both,G0,r4b_20,0.9797,0.9728,0.9866
model_floor_0.3,both,G0,r4b_50,0.9983,0.9962,0.9996
model_floor_0.3,both,G6,r1_rms_5,1.0480,1.0058,1.0897
model_floor_0.3,both,G6,r1_mean_5,-0.0361,-0.1085,0.0344
model_floor_0.3,both,G6,r1_rms_10,0.9905,0.9549,1.0283
model_floor_0.3,both,G6,r1_mean_10,-0.0957,-0.1620,-0.0330
model_floor_0.3,both,G6,r1_rms_20,0.9054,0.8731,0.9405
model_floor_0.3,both,G6,r1_mean_20,-0.1581,-0.2147,-0.1014
model_floor_0.3,both,G6,r1_rms_50,0.8023,0.7724,0.8347
model_floor_0.3,both,G6,r1_mean_50,-0.2427,-0.2906,-0.1937
model_floor_0.3,both,G6,r1_rms_100,0.7527,0.7258,0.7823
model_floor_0.3,both,G6,r1_mean_100,-0.2914,-0.3334,-0.2503
model_floor_0.3,both,G6,r1_rms_200,0.7285,0.7004,0.7557
model_floor_0.3,both,G6,r1_mean_200,-0.3394,-0.3801,-0.2995
model_floor_0.3,both,G6,r2_brier,0.1825,0.1806,0.1845
model_floor_0.3,both,G6,r2_bias,0.0189,0.0156,0.0222
model_floor_0.3,both,G6,r3_inside,0.4141,0.3998,0.4290
model_floor_0.3,both,G6,r3_below_0.5,0.0668,0.0617,0.0722
model_floor_0.3,both,G6,r3_above_0.95,0.0873,0.0807,0.0937
model_floor_0.3,both,G6,r4_false,0.6867,0.6709,0.7019
model_floor_0.3,both,G6,r4_false_0.70,0.5705,0.5538,0.5874
model_floor_0.3,both,G6,r4_declared,13.5450,13.3210,13.7700
model_floor_0.3,both,G6,r5_late_answers,6.2988,6.1678,6.4310
model_floor_0.3,both,G6,r5_never,0.0614,0.0496,0.0737
model_floor_0.3,both,G6,r6_lag,-0.3576,-0.3964,-0.3166
model_floor_0.3,both,G6,r7_error_5,0.9135,0.8701,0.9598
model_floor_0.3,both,G6,r7_error_10,0.8466,0.8057,0.8880
model_floor_0.3,both,G6,r7_longest_wrong,1.9340,1.8700,1.9990
model_floor_0.3,both,G6,r7_hard_first,0.1628,0.1507,0.1757
model_floor_0.3,both,G6,r4b_chance_below_0.5,0.1332,0.1199,0.1484
model_floor_0.3,both,G6,r4b_chance_0.5_to_0.6,0.1376,0.1287,0.1464
model_floor_0.3,both,G6,r4b_chance_0.6_to_0.7,0.2515,0.2398,0.2634
model_floor_0.3,both,G6,r4b_chance_0.7_to_0.8,0.2650,0.2531,0.2775
model_floor_0.3,both,G6,r4b_chance_0.8_up,0.2127,0.1993,0.2277
model_floor_0.3,both,G6,r2_ece,0.0220,0.0189,0.0252
model_floor_0.3,both,G6,r4b_3,0.0783,0.0695,0.0872
model_floor_0.3,both,G6,r4b_5,0.4144,0.4003,0.4292
model_floor_0.3,both,G6,r4b_10,0.7974,0.7845,0.8104
model_floor_0.3,both,G6,r4b_20,0.9727,0.9657,0.9790
model_floor_0.3,both,G6,r4b_50,0.9986,0.9955,1.0000
model_floor_0.3,both,G7,r1_rms_5,1.0138,0.9735,1.0525
model_floor_0.3,both,G7,r1_mean_5,-0.0481,-0.1148,0.0196
model_floor_0.3,both,G7,r1_rms_10,0.9614,0.9285,0.9945
model_floor_0.3,both,G7,r1_mean_10,-0.1173,-0.1783,-0.0570
model_floor_0.3,both,G7,r1_rms_20,0.8780,0.8511,0.9080
model_floor_0.3,both,G7,r1_mean_20,-0.1723,-0.2228,-0.1201
model_floor_0.3,both,G7,r1_rms_50,0.7606,0.7408,0.7820
model_floor_0.3,both,G7,r1_mean_50,-0.2493,-0.2855,-0.2105
model_floor_0.3,both,G7,r1_rms_100,0.6826,0.6680,0.6982
model_floor_0.3,both,G7,r1_mean_100,-0.2823,-0.3112,-0.2524
model_floor_0.3,both,G7,r1_rms_200,0.6189,0.6065,0.6317
model_floor_0.3,both,G7,r1_mean_200,-0.2996,-0.3245,-0.2760
model_floor_0.3,both,G7,r2_brier,0.1784,0.1766,0.1802
model_floor_0.3,both,G7,r2_bias,0.0138,0.0106,0.0169
model_floor_0.3,both,G7,r3_inside,0.4278,0.4226,0.4329
model_floor_0.3,both,G7,r3_below_0.5,0.0465,0.0421,0.0512
model_floor_0.3,both,G7,r3_above_0.95,0.0241,0.0215,0.0267
model_floor_0.3,both,G7,r4_false,0.6569,0.6431,0.6722
model_floor_0.3,both,G7,r4_false_0.70,0.5546,0.5378,0.5704
model_floor_0.3,both,G7,r4_declared,13.8500,13.6070,14.1060
model_floor_0.3,both,G7,r5_late_answers,6.1341,6.0159,6.2652
model_floor_0.3,both,G7,r5_never,0.0380,0.0307,0.0462
model_floor_0.3,both,G7,r6_lag,-0.3240,-0.3481,-0.2985
model_floor_0.3,both,G7,r7_error_5,0.8728,0.8310,0.9169
model_floor_0.3,both,G7,r7_error_10,0.8093,0.7709,0.8490
model_floor_0.3,both,G7,r7_longest_wrong,1.9130,1.8560,1.9700
model_floor_0.3,both,G7,r7_hard_first,0.1590,0.1475,0.1708
model_floor_0.3,both,G7,r4b_chance_below_0.5,0.1283,0.1160,0.1411
model_floor_0.3,both,G7,r4b_chance_0.5_to_0.6,0.1380,0.1319,0.1441
model_floor_0.3,both,G7,r4b_chance_0.6_to_0.7,0.2042,0.1980,0.2101
model_floor_0.3,both,G7,r4b_chance_0.7_to_0.8,0.2530,0.2457,0.2598
model_floor_0.3,both,G7,r4b_chance_0.8_up,0.2765,0.2628,0.2904
model_floor_0.3,both,G7,r2_ece,0.0151,0.0121,0.0182
model_floor_0.3,both,G7,r4b_3,0.0930,0.0834,0.1026
model_floor_0.3,both,G7,r4b_5,0.4250,0.4100,0.4393
model_floor_0.3,both,G7,r4b_10,0.8221,0.8100,0.8349
model_floor_0.3,both,G7,r4b_20,0.9815,0.9756,0.9872
model_floor_0.3,both,G7,r4b_50,0.9980,0.9951,0.9996
bias_shrinking_0.5,both,G0,r1_rms_5,1.0443,1.0015,1.0845
bias_shrinking_0.5,both,G0,r1_mean_5,0.2393,0.1661,0.3145
bias_shrinking_0.5,both,G0,r1_rms_10,0.9657,0.9307,1.0027
bias_shrinking_0.5,both,G0,r1_mean_10,0.2344,0.1710,0.3009
bias_shrinking_0.5,both,G0,r1_rms_20,0.8626,0.8312,0.8941
bias_shrinking_0.5,both,G0,r1_mean_20,0.2452,0.1958,0.2950
bias_shrinking_0.5,both,G0,r1_rms_50,0.7231,0.7014,0.7464
bias_shrinking_0.5,both,G0,r1_mean_50,0.2317,0.1957,0.2688
bias_shrinking_0.5,both,G0,r1_rms_100,0.6228,0.6073,0.6381
bias_shrinking_0.5,both,G0,r1_mean_100,0.1987,0.1727,0.2249
bias_shrinking_0.5,both,G0,r1_rms_200,0.5389,0.5277,0.5495
bias_shrinking_0.5,both,G0,r1_mean_200,0.1643,0.1469,0.1809
bias_shrinking_0.5,both,G0,r2_brier,0.2489,0.2487,0.2492
bias_shrinking_0.5,both,G0,r2_bias,0.0064,0.0030,0.0100
bias_shrinking_0.5,both,G0,r3_inside,0.0800,0.0761,0.0840
bias_shrinking_0.5,both,G0,r3_below_0.5,0.5477,0.5366,0.5589
bias_shrinking_0.5,both,G0,r3_above_0.95,0.0003,0.0002,0.0004
bias_shrinking_0.5,both,G0,r4_false,0.7976,0.7820,0.8135
bias_shrinking_0.5,both,G0,r4_false_0.70,0.7045,0.6861,0.7237
bias_shrinking_0.5,both,G0,r4_declared,10.5940,10.3530,10.8230
bias_shrinking_0.5,both,G0,r5_late_answers,9.0406,8.8100,9.2755
bias_shrinking_0.5,both,G0,r5_never,0.1989,0.1788,0.2190
bias_shrinking_0.5,both,G0,r6_lag,0.0937,0.0731,0.1139
bias_shrinking_0.5,both,G0,r7_error_5,0.8884,0.8411,0.9354
bias_shrinking_0.5,both,G0,r7_error_10,0.8073,0.7659,0.8516
bias_shrinking_0.5,both,G0,r7_longest_wrong,3.3910,3.2960,3.4950
bias_shrinking_0.5,both,G0,r7_hard_first,0.5375,0.5176,0.5565
bias_shrinking_0.5,both,G0,r4b_chance_below_0.5,0.6328,0.6199,0.6454
bias_shrinking_0.5,both,G0,r4b_chance_0.5_to_0.6,0.1920,0.1867,0.1972
bias_shrinking_0.5,both,G0,r4b_chance_0.6_to_0.7,0.1123,0.1076,0.1170
bias_shrinking_0.5,both,G0,r4b_chance_0.7_to_0.8,0.0482,0.0454,0.0511
bias_shrinking_0.5,both,G0,r4b_chance_0.8_up,0.0147,0.0131,0.0164
bias_shrinking_0.5,both,G0,r2_ece,0.0065,0.0047,0.0098
bias_shrinking_0.5,both,G0,r4b_3,0.0000,0.0000,0.0000
bias_shrinking_0.5,both,G0,r4b_5,0.0917,0.0854,0.0981
bias_shrinking_0.5,both,G0,r4b_10,0.3407,0.3283,0.3524
bias_shrinking_0.5,both,G0,r4b_20,0.6683,0.6537,0.6834
bias_shrinking_0.5,both,G0,r4b_50,0.9715,0.9639,0.9792
bias_constant_0.5,both,G0,r1_rms_5,1.0443,1.0029,1.0876
bias_constant_0.5,both,G0,r1_mean_5,0.2393,0.1703,0.3107
bias_constant_0.5,both,G0,r1_rms_10,0.9484,0.9127,0.9846
bias_constant_0.5,both,G0,r1_mean_10,0.2330,0.1718,0.2959
bias_constant_0.5,both,G0,r1_rms_20,0.8202,0.7921,0.8490
bias_constant_0.5,both,G0,r1_mean_20,0.2486,0.1985,0.2950
bias_constant_0.5,both,G0,r1_rms_50,0.6815,0.6666,0.6994
bias_constant_0.5,both,G0,r1_mean_50,0.2052,0.1764,0.2346
bias_constant_0.5,both,G0,r1_rms_100,0.6723,0.6599,0.6855
bias_constant_0.5,both,G0,r1_mean_100,0.1872,0.1598,0.2154
bias_constant_0.5,both,G0,r1_rms_200,0.7038,0.6889,0.7180
bias_constant_0.5,both,G0,r1_mean_200,0.2194,0.1917,0.2477
bias_constant_0.5,both,G0,r2_brier,0.2490,0.2488,0.2493
bias_constant_0.5,both,G0,r2_bias,0.0006,-0.0009,0.0022
bias_constant_0.5,both,G0,r3_inside,0.0971,0.0940,0.1004
bias_constant_0.5,both,G0,r3_below_0.5,0.5333,0.5268,0.5402
bias_constant_0.5,both,G0,r3_above_0.95,0.0003,0.0002,0.0004
bias_constant_0.5,both,G0,r4_false,0.8142,0.7974,0.8295
bias_constant_0.5,both,G0,r4_false_0.70,0.7276,0.7095,0.7450
bias_constant_0.5,both,G0,r4_declared,10.4020,10.2470,10.5520
bias_constant_0.5,both,G0,r5_late_answers,8.8807,8.6449,9.1176
bias_constant_0.5,both,G0,r5_never,0.2412,0.2231,0.2592
bias_constant_0.5,both,G0,r6_lag,0.0543,0.0390,0.0705
bias_constant_0.5,both,G0,r7_error_5,0.8884,0.8426,0.9369
bias_constant_0.5,both,G0,r7_error_10,0.7856,0.7464,0.8270
bias_constant_0.5,both,G0,r7_longest_wrong,3.3530,3.2560,3.4470
bias_constant_0.5,both,G0,r7_hard_first,0.5362,0.5162,0.5552
bias_constant_0.5,both,G0,r4b_chance_below_0.5,0.5991,0.5902,0.6081
bias_constant_0.5,both,G0,r4b_chance_0.5_to_0.6,0.1971,0.1935,0.2008
bias_constant_0.5,both,G0,r4b_chance_0.6_to_0.7,0.1229,0.1194,0.1263
bias_constant_0.5,both,G0,r4b_chance_0.7_to_0.8,0.0608,0.0582,0.0635
bias_constant_0.5,both,G0,r4b_chance_0.8_up,0.0202,0.0188,0.0218
bias_constant_0.5,both,G0,r2_ece,0.0051,0.0030,0.0074
bias_constant_0.5,both,G0,r4b_3,0.0001,0.0000,0.0003
bias_constant_0.5,both,G0,r4b_5,0.0865,0.0807,0.0927
bias_constant_0.5,both,G0,r4b_10,0.3419,0.3323,0.3521
bias_constant_0.5,both,G0,r4b_20,0.6837,0.6717,0.6963
bias_constant_0.5,both,G0,r4b_50,0.9715,0.9629,0.9797
