rule,structure,generator,metric,value,low,high
shrinking,both,G0,r1_rms_5,1.0045,0.9870,1.0241
shrinking,both,G0,r1_mean_5,-0.0146,-0.0474,0.0179
shrinking,both,G0,r1_rms_10,0.9401,0.9250,0.9560
shrinking,both,G0,r1_mean_10,-0.0412,-0.0700,-0.0123
shrinking,both,G0,r1_rms_20,0.8412,0.8287,0.8531
shrinking,both,G0,r1_mean_20,-0.0682,-0.0918,-0.0429
shrinking,both,G0,r1_rms_50,0.6808,0.6724,0.6893
shrinking,both,G0,r1_mean_50,-0.0920,-0.1091,-0.0753
shrinking,both,G0,r1_rms_100,0.5757,0.5701,0.5817
shrinking,both,G0,r1_mean_100,-0.0990,-0.1112,-0.0868
shrinking,both,G0,r1_rms_200,0.4933,0.4890,0.4977
shrinking,both,G0,r1_mean_200,-0.0838,-0.0924,-0.0758
shrinking,both,G0,r2_brier,0.1720,0.1711,0.1729
shrinking,both,G0,r2_bias,0.0027,0.0011,0.0043
shrinking,both,G0,r3_inside,0.4260,0.4232,0.4288
shrinking,both,G0,r3_below_0.5,0.0371,0.0352,0.0392
shrinking,both,G0,r3_above_0.95,0.0309,0.0293,0.0326
shrinking,both,G0,r4_false,0.6349,0.6265,0.6434
shrinking,both,G0,r4_false_0.70,0.5272,0.5177,0.5361
shrinking,both,G0,r4_below,0.0000,0.0000,0.0000
shrinking,both,G0,r4_false_at_task,0.6349,0.6268,0.6432
shrinking,both,G0,r4_declared,9.7595,9.6493,9.8643
shrinking,both,G0,r5_late_answers,9.9224,9.7982,10.0412
shrinking,both,G0,r5_never,0.2159,0.2062,0.2258
shrinking,both,G0,r6_lag,-0.1292,-0.1384,-0.1199
shrinking,both,G0,r7_error_5,0.8588,0.8377,0.8789
shrinking,both,G0,r7_error_10,0.7851,0.7665,0.8029
shrinking,both,G0,r7_longest_wrong,1.7765,1.7488,1.8057
shrinking,both,G0,r7_hard_first,0.1375,0.1317,0.1434
shrinking,both,G0,r4b_chance_below_0.5,0.1117,0.1050,0.1184
shrinking,both,G0,r4b_chance_0.5_to_0.6,0.1347,0.1313,0.1379
shrinking,both,G0,r4b_chance_0.6_to_0.7,0.2132,0.2100,0.2165
shrinking,both,G0,r4b_chance_0.7_to_0.8,0.2636,0.2596,0.2675
shrinking,both,G0,r4b_chance_0.8_up,0.2768,0.2699,0.2844
shrinking,both,G0,r3_reachable,0.9422,0.9380,0.9462
shrinking,both,G0,r8_rank_6_20,3.6667,3.4300,3.8917
shrinking,both,G0,r8_topic_rank_6_20,18.1167,17.6483,18.5983
shrinking,both,G0,r8_rank_150_200,0.6779,0.5946,0.7608
shrinking,both,G0,r8_topic_rank_150_200,7.0799,6.9172,7.2431
shrinking,both,G0,r2_ece,0.0046,0.0031,0.0061
shrinking,both,G0,r4b_3,0.1413,0.1359,0.1467
shrinking,both,G0,r4b_5,0.4260,0.4185,0.4335
shrinking,both,G0,r4b_10,0.8200,0.8129,0.8273
shrinking,both,G0,r4b_20,0.9780,0.9736,0.9825
shrinking,both,G0,r4b_50,0.9981,0.9964,0.9993
shrinking,both,G0,r8_move_p95_6_20,73.0000,73.0000,73.0000
shrinking,both,G0,r8_move_p95_150_200,37.0000,37.0000,37.0000
shrinking,both,G1,r1_rms_5,1.0765,1.0541,1.0978
shrinking,both,G1,r1_mean_5,-0.0322,-0.0686,0.0061
shrinking,both,G1,r1_rms_10,1.0084,0.9888,1.0275
shrinking,both,G1,r1_mean_10,-0.0654,-0.0973,-0.0294
shrinking,both,G1,r1_rms_20,0.9026,0.8870,0.9192
shrinking,both,G1,r1_mean_20,-0.0904,-0.1188,-0.0609
shrinking,both,G1,r1_rms_50,0.7260,0.7159,0.7369
shrinking,both,G1,r1_mean_50,-0.1158,-0.1350,-0.0962
shrinking,both,G1,r1_rms_100,0.6070,0.5999,0.6149
shrinking,both,G1,r1_mean_100,-0.0993,-0.1135,-0.0852
shrinking,both,G1,r1_rms_200,0.5131,0.5081,0.5183
shrinking,both,G1,r1_mean_200,-0.0635,-0.0734,-0.0536
shrinking,both,G1,r2_brier,0.1792,0.1777,0.1806
shrinking,both,G1,r2_bias,-0.0023,-0.0041,-0.0006
shrinking,both,G1,r3_inside,0.3510,0.3460,0.3560
shrinking,both,G1,r3_below_0.5,0.1186,0.1123,0.1251
shrinking,both,G1,r3_above_0.95,0.0450,0.0425,0.0475
shrinking,both,G1,r4_false,0.6075,0.5968,0.6183
shrinking,both,G1,r4_false_0.70,0.5520,0.5410,0.5632
shrinking,both,G1,r4_below,0.0000,0.0000,0.0000
shrinking,both,G1,r4_false_at_task,0.6075,0.5965,0.6182
shrinking,both,G1,r4_declared,10.3852,10.2720,10.4965
shrinking,both,G1,r5_late_answers,9.6018,9.4768,9.7275
shrinking,both,G1,r5_never,0.2051,0.1953,0.2151
shrinking,both,G1,r6_lag,-0.1526,-0.1624,-0.1427
shrinking,both,G1,r7_error_5,0.9118,0.8864,0.9356
shrinking,both,G1,r7_error_10,0.8382,0.8161,0.8632
shrinking,both,G1,r7_longest_wrong,2.0230,1.9840,2.0642
shrinking,both,G1,r7_hard_first,0.2241,0.2153,0.2328
shrinking,both,G1,r4b_chance_below_0.5,0.3390,0.3271,0.3519
shrinking,both,G1,r4b_chance_0.5_to_0.6,0.1801,0.1761,0.1841
shrinking,both,G1,r4b_chance_0.6_to_0.7,0.1595,0.1562,0.1627
shrinking,both,G1,r4b_chance_0.7_to_0.8,0.1499,0.1447,0.1551
shrinking,both,G1,r4b_chance_0.8_up,0.1716,0.1634,0.1811
shrinking,both,G1,r3_reachable,0.8107,0.7997,0.8213
shrinking,both,G1,r8_rank_6_20,3.9400,3.7033,4.1750
shrinking,both,G1,r8_topic_rank_6_20,17.8733,17.3617,18.3867
shrinking,both,G1,r8_rank_150_200,0.5642,0.4912,0.6402
shrinking,both,G1,r8_topic_rank_150_200,5.8789,5.7039,6.0431
shrinking,both,G1,r2_ece,0.0085,0.0069,0.0103
shrinking,both,G1,r4b_3,0.1219,0.1159,0.1281
shrinking,both,G1,r4b_5,0.3662,0.3569,0.3756
shrinking,both,G1,r4b_10,0.7056,0.6958,0.7159
shrinking,both,G1,r4b_20,0.8901,0.8828,0.8969
shrinking,both,G1,r4b_50,0.9808,0.9781,0.9835
shrinking,both,G1,r8_move_p95_6_20,72.0000,72.0000,73.0000
shrinking,both,G1,r8_move_p95_150_200,36.0000,35.0000,36.0000
shrinking,both,G2,r1_rms_5,0.9947,0.9757,1.0122
shrinking,both,G2,r1_mean_5,-0.0657,-0.0985,-0.0336
shrinking,both,G2,r1_rms_10,0.9357,0.9203,0.9518
shrinking,both,G2,r1_mean_10,-0.1370,-0.1666,-0.1083
shrinking,both,G2,r1_rms_20,0.8604,0.8473,0.8736
shrinking,both,G2,r1_mean_20,-0.2456,-0.2692,-0.2230
shrinking,both,G2,r1_rms_50,0.8099,0.7984,0.8220
shrinking,both,G2,r1_mean_50,-0.4885,-0.5062,-0.4708
shrinking,both,G2,r1_rms_100,0.9530,0.9421,0.9643
shrinking,both,G2,r1_mean_100,-0.8020,-0.8151,-0.7895
shrinking,both,G2,r1_rms_200,1.4283,1.4192,1.4377
shrinking,both,G2,r1_mean_200,-1.3587,-1.3684,-1.3490
shrinking,both,G2,r2_brier,0.1290,0.1283,0.1298
shrinking,both,G2,r2_bias,-0.0767,-0.0781,-0.0752
shrinking,both,G2,r3_inside,0.2597,0.2565,0.2629
shrinking,both,G2,r3_below_0.5,0.0170,0.0161,0.0179
shrinking,both,G2,r3_above_0.95,0.1599,0.1555,0.1640
shrinking,both,G2,r4_false,0.4118,0.4031,0.4207
shrinking,both,G2,r4_false_0.70,0.2979,0.2901,0.3057
shrinking,both,G2,r4_below,0.0000,0.0000,0.0000
shrinking,both,G2,r4_false_at_task,0.4118,0.4030,0.4206
shrinking,both,G2,r4_declared,14.0363,13.9057,14.1710
shrinking,both,G2,r5_late_answers,7.6151,7.5474,7.6815
shrinking,both,G2,r5_never,0.1082,0.1023,0.1146
shrinking,both,G2,r6_lag,-1.1049,-1.1157,-1.0938
shrinking,both,G2,r7_error_5,0.8438,0.8231,0.8648
shrinking,both,G2,r7_error_10,0.7739,0.7552,0.7930
shrinking,both,G2,r7_longest_wrong,1.7315,1.7032,1.7603
shrinking,both,G2,r7_hard_first,0.1324,0.1268,0.1381
shrinking,both,G2,r4b_chance_below_0.5,0.0772,0.0733,0.0813
shrinking,both,G2,r4b_chance_0.5_to_0.6,0.0844,0.0816,0.0873
shrinking,both,G2,r4b_chance_0.6_to_0.7,0.1455,0.1423,0.1489
shrinking,both,G2,r4b_chance_0.7_to_0.8,0.2345,0.2312,0.2378
shrinking,both,G2,r4b_chance_0.8_up,0.4584,0.4504,0.4667
shrinking,both,G2,r3_reachable,0.9621,0.9602,0.9639
shrinking,both,G2,r8_rank_6_20,3.5583,3.3250,3.8000
shrinking,both,G2,r8_topic_rank_6_20,17.3750,16.9267,17.8383
shrinking,both,G2,r8_rank_150_200,0.5554,0.5044,0.6118
shrinking,both,G2,r8_topic_rank_150_200,7.6250,7.4637,7.7809
shrinking,both,G2,r2_ece,0.0767,0.0753,0.0781
shrinking,both,G2,r4b_3,0.1776,0.1706,0.1848
shrinking,both,G2,r4b_5,0.5323,0.5230,0.5415
shrinking,both,G2,r4b_10,0.9290,0.9227,0.9353
shrinking,both,G2,r4b_20,0.9983,0.9971,0.9994
shrinking,both,G2,r4b_50,1.0000,1.0000,1.0000
shrinking,both,G2,r8_move_p95_6_20,73.0000,73.0000,73.0000
shrinking,both,G2,r8_move_p95_150_200,33.0000,33.0000,33.0000
shrinking,both,G3,r1_rms_5,1.0008,0.9836,1.0181
shrinking,both,G3,r1_mean_5,-0.0156,-0.0492,0.0170
shrinking,both,G3,r1_rms_10,0.9323,0.9173,0.9470
shrinking,both,G3,r1_mean_10,-0.0441,-0.0743,-0.0128
shrinking,both,G3,r1_rms_20,0.8338,0.8209,0.8470
shrinking,both,G3,r1_mean_20,-0.0620,-0.0869,-0.0370
shrinking,both,G3,r1_rms_50,0.6804,0.6716,0.6896
shrinking,both,G3,r1_mean_50,-0.1006,-0.1168,-0.0823
shrinking,both,G3,r1_rms_100,0.8158,0.8045,0.8274
shrinking,both,G3,r1_mean_100,-0.5148,-0.5323,-0.4963
shrinking,both,G3,r1_rms_200,0.8386,0.8306,0.8467
shrinking,both,G3,r1_mean_200,-0.6968,-0.7065,-0.6868
shrinking,both,G3,r2_brier,0.1499,0.1490,0.1507
shrinking,both,G3,r2_bias,-0.0385,-0.0400,-0.0370
shrinking,both,G3,r3_inside,0.3361,0.3332,0.3389
shrinking,both,G3,r3_below_0.5,0.0285,0.0270,0.0301
shrinking,both,G3,r3_above_0.95,0.0858,0.0831,0.0886
shrinking,both,G3,r4_false,0.5123,0.5035,0.5218
shrinking,both,G3,r4_false_0.70,0.3962,0.3875,0.4059
shrinking,both,G3,r4_below,0.0000,0.0000,0.0000
shrinking,both,G3,r4_false_at_task,0.5123,0.5035,0.5213
shrinking,both,G3,r4_declared,11.9682,11.8500,12.0885
shrinking,both,G3,r5_late_answers,8.5087,8.4192,8.5982
shrinking,both,G3,r5_never,0.1625,0.1551,0.1702
shrinking,both,G3,r6_lag,-0.7138,-0.7240,-0.7034
shrinking,both,G3,r6_jump_answers,80.5293,79.3962,81.6585
shrinking,both,G3,r6_jump_unsettled,0.7242,0.7105,0.7378
shrinking,both,G3,r7_error_5,0.8538,0.8340,0.8755
shrinking,both,G3,r7_error_10,0.7807,0.7612,0.7998
shrinking,both,G3,r7_longest_wrong,1.7730,1.7460,1.8015
shrinking,both,G3,r7_hard_first,0.1377,0.1324,0.1436
shrinking,both,G3,r4b_chance_below_0.5,0.1052,0.0996,0.1111
shrinking,both,G3,r4b_chance_0.5_to_0.6,0.1168,0.1136,0.1198
shrinking,both,G3,r4b_chance_0.6_to_0.7,0.1825,0.1793,0.1857
shrinking,both,G3,r4b_chance_0.7_to_0.8,0.2454,0.2420,0.2488
shrinking,both,G3,r4b_chance_0.8_up,0.3500,0.3422,0.3581
shrinking,both,G3,r3_reachable,0.9548,0.9518,0.9576
shrinking,both,G3,r8_rank_6_20,3.5583,3.3317,3.7950
shrinking,both,G3,r8_topic_rank_6_20,17.3583,16.8817,17.8650
shrinking,both,G3,r8_rank_150_200,0.6554,0.5843,0.7289
shrinking,both,G3,r8_topic_rank_150_200,7.2951,7.1255,7.4534
shrinking,both,G3,r2_ece,0.0385,0.0370,0.0400
shrinking,both,G3,r4b_3,0.1488,0.1428,0.1547
shrinking,both,G3,r4b_5,0.4661,0.4575,0.4740
shrinking,both,G3,r4b_10,0.8762,0.8692,0.8831
shrinking,both,G3,r4b_20,0.9901,0.9868,0.9932
shrinking,both,G3,r4b_50,0.9998,0.9995,1.0000
shrinking,both,G3,r8_move_p95_6_20,73.0000,73.0000,73.0000
shrinking,both,G3,r8_move_p95_150_200,35.0000,35.0000,35.0000
shrinking,both,G4,r1_rms_5,1.0200,1.0023,1.0390
shrinking,both,G4,r1_mean_5,-0.2311,-0.2646,-0.1994
shrinking,both,G4,r1_rms_10,0.9621,0.9469,0.9791
shrinking,both,G4,r1_mean_10,-0.2855,-0.3138,-0.2554
shrinking,both,G4,r1_rms_20,0.8817,0.8687,0.8961
shrinking,both,G4,r1_mean_20,-0.3353,-0.3606,-0.3106
shrinking,both,G4,r1_rms_50,0.7597,0.7492,0.7697
shrinking,both,G4,r1_mean_50,-0.4055,-0.4226,-0.3883
shrinking,both,G4,r1_rms_100,0.6983,0.6906,0.7066
shrinking,both,G4,r1_mean_100,-0.4449,-0.4567,-0.4332
shrinking,both,G4,r1_rms_200,0.6542,0.6484,0.6599
shrinking,both,G4,r1_mean_200,-0.4550,-0.4635,-0.4465
shrinking,both,G4,r2_brier,0.1782,0.1773,0.1793
shrinking,both,G4,r2_bias,0.0121,0.0106,0.0137
shrinking,both,G4,r3_inside,0.3862,0.3839,0.3885
shrinking,both,G4,r3_below_0.5,0.0588,0.0561,0.0614
shrinking,both,G4,r3_above_0.95,0.0374,0.0358,0.0391
shrinking,both,G4,r4_false,0.5876,0.5785,0.5970
shrinking,both,G4,r4_false_0.70,0.4750,0.4651,0.4848
shrinking,both,G4,r4_below,0.0000,0.0000,0.0000
shrinking,both,G4,r4_false_at_task,0.5876,0.5787,0.5964
shrinking,both,G4,r4_declared,9.3405,9.2335,9.4458
shrinking,both,G4,r5_late_answers,10.3513,10.2158,10.4791
shrinking,both,G4,r5_never,0.2419,0.2321,0.2516
shrinking,both,G4,r6_lag,-0.4913,-0.5002,-0.4822
shrinking,both,G4,r7_error_5,0.8787,0.8575,0.9006
shrinking,both,G4,r7_error_10,0.8084,0.7888,0.8285
shrinking,both,G4,r7_longest_wrong,1.8782,1.8495,1.9075
shrinking,both,G4,r7_hard_first,0.1869,0.1807,0.1933
shrinking,both,G4,r4b_chance_below_0.5,0.1705,0.1622,0.1794
shrinking,both,G4,r4b_chance_0.5_to_0.6,0.1479,0.1449,0.1510
shrinking,both,G4,r4b_chance_0.6_to_0.7,0.1940,0.1910,0.1971
shrinking,both,G4,r4b_chance_0.7_to_0.8,0.2262,0.2225,0.2300
shrinking,both,G4,r4b_chance_0.8_up,0.2613,0.2548,0.2679
shrinking,both,G4,r3_reachable,0.9477,0.9433,0.9518
shrinking,both,G4,r8_rank_6_20,3.9500,3.7067,4.1900
shrinking,both,G4,r8_topic_rank_6_20,18.2917,17.8250,18.7400
shrinking,both,G4,r8_rank_150_200,0.7618,0.6745,0.8559
shrinking,both,G4,r8_topic_rank_150_200,7.1711,6.9966,7.3373
shrinking,both,G4,r2_ece,0.0144,0.0128,0.0159
shrinking,both,G4,r4b_3,0.1181,0.1130,0.1231
shrinking,both,G4,r4b_5,0.4018,0.3936,0.4099
shrinking,both,G4,r4b_10,0.8022,0.7942,0.8102
shrinking,both,G4,r4b_20,0.9667,0.9608,0.9726
shrinking,both,G4,r4b_50,0.9951,0.9925,0.9973
shrinking,both,G4,r8_move_p95_6_20,74.0000,74.0000,74.0000
shrinking,both,G4,r8_move_p95_150_200,37.0000,36.0000,37.0000
shrinking,both,G5,r1_rms_5,0.9083,0.8887,0.9283
shrinking,both,G5,r1_mean_5,-0.0110,-0.0440,0.0235
shrinking,both,G5,r1_rms_10,0.8471,0.8292,0.8640
shrinking,both,G5,r1_mean_10,-0.0266,-0.0564,0.0032
shrinking,both,G5,r1_rms_20,0.8745,0.8617,0.8875
shrinking,both,G5,r1_mean_20,-0.0430,-0.0663,-0.0187
shrinking,both,G5,r1_rms_50,0.7430,0.7337,0.7524
shrinking,both,G5,r1_mean_50,-0.0612,-0.0786,-0.0429
shrinking,both,G5,r1_rms_100,0.6360,0.6288,0.6435
shrinking,both,G5,r1_mean_100,-0.0776,-0.0902,-0.0648
shrinking,both,G5,r1_rms_200,0.5496,0.5435,0.5555
shrinking,both,G5,r1_mean_200,-0.0704,-0.0798,-0.0611
shrinking,both,G5,r2_brier,0.1753,0.1744,0.1764
shrinking,both,G5,r2_bias,0.0056,0.0040,0.0073
shrinking,both,G5,r3_inside,0.4078,0.4046,0.4110
shrinking,both,G5,r3_below_0.5,0.0494,0.0470,0.0520
shrinking,both,G5,r3_above_0.95,0.0356,0.0338,0.0373
shrinking,both,G5,r4_false,0.6256,0.6169,0.6340
shrinking,both,G5,r4_false_0.70,0.5215,0.5121,0.5314
shrinking,both,G5,r4_below,0.0000,0.0000,0.0000
shrinking,both,G5,r4_false_at_task,0.6256,0.6168,0.6341
shrinking,both,G5,r4_declared,9.9838,9.8758,10.0950
shrinking,both,G5,r5_late_answers,9.9970,9.8795,10.1196
shrinking,both,G5,r5_never,0.2089,0.1987,0.2187
shrinking,both,G5,r6_lag,-0.1212,-0.1302,-0.1122
shrinking,both,G5,r7_error_5,0.9720,0.9498,0.9958
shrinking,both,G5,r7_error_10,0.9149,0.8940,0.9354
shrinking,both,G5,r7_longest_wrong,1.8297,1.7997,1.8587
shrinking,both,G5,r7_hard_first,0.1316,0.1257,0.1375
shrinking,both,G5,r4b_chance_below_0.5,0.1506,0.1431,0.1584
shrinking,both,G5,r4b_chance_0.5_to_0.6,0.1554,0.1517,0.1591
shrinking,both,G5,r4b_chance_0.6_to_0.7,0.2123,0.2089,0.2157
shrinking,both,G5,r4b_chance_0.7_to_0.8,0.2385,0.2341,0.2427
shrinking,both,G5,r4b_chance_0.8_up,0.2432,0.2360,0.2503
shrinking,both,G5,r3_reachable,0.9139,0.9081,0.9196
shrinking,both,G5,r8_rank_6_20,3.6733,3.4550,3.9083
shrinking,both,G5,r8_topic_rank_6_20,17.8633,17.4067,18.3183
shrinking,both,G5,r8_rank_150_200,0.7020,0.6211,0.7868
shrinking,both,G5,r8_topic_rank_150_200,7.0167,6.8544,7.1868
shrinking,both,G5,r2_ece,0.0084,0.0068,0.0099
shrinking,both,G5,r4b_3,0.1272,0.1219,0.1327
shrinking,both,G5,r4b_5,0.4012,0.3931,0.4089
shrinking,both,G5,r4b_10,0.7992,0.7914,0.8070
shrinking,both,G5,r4b_20,0.9693,0.9644,0.9742
shrinking,both,G5,r4b_50,0.9981,0.9969,0.9992
shrinking,both,G5,r8_move_p95_6_20,73.0000,73.0000,73.0000
shrinking,both,G5,r8_move_p95_150_200,37.0000,37.0000,37.0000
shrinking,both,G6,r1_rms_5,1.0556,1.0342,1.0768
shrinking,both,G6,r1_mean_5,-0.0395,-0.0758,-0.0016
shrinking,both,G6,r1_rms_10,0.9996,0.9809,1.0188
shrinking,both,G6,r1_mean_10,-0.0798,-0.1154,-0.0452
shrinking,both,G6,r1_rms_20,0.9239,0.9072,0.9412
shrinking,both,G6,r1_mean_20,-0.1079,-0.1381,-0.0798
shrinking,both,G6,r1_rms_50,0.8132,0.7988,0.8281
shrinking,both,G6,r1_mean_50,-0.1505,-0.1748,-0.1263
shrinking,both,G6,r1_rms_100,0.7619,0.7487,0.7756
shrinking,both,G6,r1_mean_100,-0.1856,-0.2077,-0.1620
shrinking,both,G6,r1_rms_200,0.7428,0.7313,0.7549
shrinking,both,G6,r1_mean_200,-0.2077,-0.2289,-0.1861
shrinking,both,G6,r2_brier,0.1769,0.1758,0.1779
shrinking,both,G6,r2_bias,0.0104,0.0088,0.0121
shrinking,both,G6,r3_inside,0.4205,0.4135,0.4275
shrinking,both,G6,r3_below_0.5,0.0557,0.0535,0.0580
shrinking,both,G6,r3_above_0.95,0.0972,0.0937,0.1010
shrinking,both,G6,r4_false,0.6691,0.6602,0.6771
shrinking,both,G6,r4_false_0.70,0.5511,0.5416,0.5611
shrinking,both,G6,r4_below,0.0000,0.0000,0.0000
shrinking,both,G6,r4_false_at_task,0.6691,0.6606,0.6774
shrinking,both,G6,r4_declared,9.5538,9.4540,9.6540
shrinking,both,G6,r5_late_answers,9.8727,9.7486,10.0005
shrinking,both,G6,r5_never,0.2282,0.2178,0.2383
shrinking,both,G6,r6_lag,-0.2342,-0.2559,-0.2131
shrinking,both,G6,r7_error_5,0.9105,0.8876,0.9338
shrinking,both,G6,r7_error_10,0.8451,0.8220,0.8655
shrinking,both,G6,r7_longest_wrong,1.8082,1.7790,1.8360
shrinking,both,G6,r7_hard_first,0.1356,0.1299,0.1409
shrinking,both,G6,r4b_chance_below_0.5,0.1239,0.1171,0.1311
shrinking,both,G6,r4b_chance_0.5_to_0.6,0.1308,0.1265,0.1353
shrinking,both,G6,r4b_chance_0.6_to_0.7,0.2428,0.2373,0.2489
shrinking,both,G6,r4b_chance_0.7_to_0.8,0.2813,0.2747,0.2880
shrinking,both,G6,r4b_chance_0.8_up,0.2212,0.2143,0.2284
shrinking,both,G6,r3_reachable,0.7999,0.7923,0.8070
shrinking,both,G6,r8_rank_6_20,3.8117,3.5850,4.0567
shrinking,both,G6,r8_topic_rank_6_20,18.1333,17.6750,18.6350
shrinking,both,G6,r8_rank_150_200,0.6681,0.5863,0.7515
shrinking,both,G6,r8_topic_rank_150_200,7.0191,6.8525,7.1814
shrinking,both,G6,r2_ece,0.0128,0.0112,0.0144
shrinking,both,G6,r4b_3,0.1259,0.1207,0.1310
shrinking,both,G6,r4b_5,0.4064,0.3992,0.4140
shrinking,both,G6,r4b_10,0.8027,0.7956,0.8100
shrinking,both,G6,r4b_20,0.9730,0.9685,0.9777
shrinking,both,G6,r4b_50,0.9966,0.9936,0.9987
shrinking,both,G6,r8_move_p95_6_20,73.0000,73.0000,73.0000
shrinking,both,G6,r8_move_p95_150_200,37.0000,37.0000,37.0000
shrinking,both,G7,r1_rms_5,1.0234,1.0046,1.0422
shrinking,both,G7,r1_mean_5,-0.0986,-0.1322,-0.0648
shrinking,both,G7,r1_rms_10,0.9601,0.9439,0.9764
shrinking,both,G7,r1_mean_10,-0.1270,-0.1569,-0.0971
shrinking,both,G7,r1_rms_20,0.8696,0.8561,0.8828
shrinking,both,G7,r1_mean_20,-0.1450,-0.1709,-0.1173
shrinking,both,G7,r1_rms_50,0.7304,0.7211,0.7405
shrinking,both,G7,r1_mean_50,-0.1595,-0.1789,-0.1403
shrinking,both,G7,r1_rms_100,0.6403,0.6334,0.6475
shrinking,both,G7,r1_mean_100,-0.1592,-0.1743,-0.1450
shrinking,both,G7,r1_rms_200,0.5676,0.5625,0.5729
shrinking,both,G7,r1_mean_200,-0.1425,-0.1538,-0.1298
shrinking,both,G7,r2_brier,0.1713,0.1703,0.1723
shrinking,both,G7,r2_bias,0.0013,-0.0002,0.0029
shrinking,both,G7,r3_inside,0.4237,0.4208,0.4266
shrinking,both,G7,r3_below_0.5,0.0383,0.0363,0.0404
shrinking,both,G7,r3_above_0.95,0.0321,0.0305,0.0339
shrinking,both,G7,r4_false,0.6400,0.6318,0.6487
shrinking,both,G7,r4_false_0.70,0.5335,0.5241,0.5427
shrinking,both,G7,r4_below,0.0000,0.0000,0.0000
shrinking,both,G7,r4_false_at_task,0.6400,0.6318,0.6484
shrinking,both,G7,r4_declared,9.7882,9.6837,9.8963
shrinking,both,G7,r5_late_answers,10.0000,9.8780,10.1217
shrinking,both,G7,r5_never,0.2105,0.2012,0.2205
shrinking,both,G7,r6_lag,-0.1843,-0.1970,-0.1725
shrinking,both,G7,r7_error_5,0.8846,0.8651,0.9057
shrinking,both,G7,r7_error_10,0.8114,0.7913,0.8314
shrinking,both,G7,r7_longest_wrong,1.7857,1.7563,1.8140
shrinking,both,G7,r7_hard_first,0.1360,0.1305,0.1421
shrinking,both,G7,r4b_chance_below_0.5,0.1121,0.1057,0.1189
shrinking,both,G7,r4b_chance_0.5_to_0.6,0.1339,0.1306,0.1372
shrinking,both,G7,r4b_chance_0.6_to_0.7,0.2111,0.2080,0.2144
shrinking,both,G7,r4b_chance_0.7_to_0.8,0.2626,0.2587,0.2663
shrinking,both,G7,r4b_chance_0.8_up,0.2804,0.2732,0.2873
shrinking,both,G7,r3_reachable,0.9387,0.9343,0.9428
shrinking,both,G7,r8_rank_6_20,3.5167,3.2967,3.7467
shrinking,both,G7,r8_topic_rank_6_20,17.1483,16.6917,17.6250
shrinking,both,G7,r8_rank_150_200,0.7534,0.6652,0.8441
shrinking,both,G7,r8_topic_rank_150_200,7.1804,7.0260,7.3382
shrinking,both,G7,r2_ece,0.0034,0.0020,0.0050
shrinking,both,G7,r4b_3,0.1403,0.1349,0.1458
shrinking,both,G7,r4b_5,0.4261,0.4189,0.4341
shrinking,both,G7,r4b_10,0.8214,0.8141,0.8284
shrinking,both,G7,r4b_20,0.9785,0.9740,0.9828
shrinking,both,G7,r4b_50,0.9978,0.9957,0.9992
shrinking,both,G7,r8_move_p95_6_20,73.0000,73.0000,73.0000
shrinking,both,G7,r8_move_p95_150_200,37.0000,37.0000,37.0000
shrinking,both,G8,r1_rms_5,1.0021,0.9836,1.0189
shrinking,both,G8,r1_mean_5,0.0023,-0.0312,0.0347
shrinking,both,G8,r1_rms_10,0.9357,0.9201,0.9522
shrinking,both,G8,r1_mean_10,-0.0281,-0.0556,0.0018
shrinking,both,G8,r1_rms_20,0.8399,0.8279,0.8528
shrinking,both,G8,r1_mean_20,-0.0552,-0.0798,-0.0307
shrinking,both,G8,r1_rms_50,0.6810,0.6722,0.6893
shrinking,both,G8,r1_mean_50,-0.0889,-0.1055,-0.0706
shrinking,both,G8,r1_rms_100,0.5742,0.5683,0.5802
shrinking,both,G8,r1_mean_100,-0.0998,-0.1114,-0.0872
shrinking,both,G8,r1_rms_200,0.4946,0.4904,0.4990
shrinking,both,G8,r1_mean_200,-0.0851,-0.0934,-0.0770
shrinking,both,G8,r2_brier,0.1728,0.1719,0.1738
shrinking,both,G8,r2_bias,0.0036,0.0020,0.0051
shrinking,both,G8,r3_inside,0.4281,0.4252,0.4309
shrinking,both,G8,r3_below_0.5,0.0374,0.0354,0.0393
shrinking,both,G8,r3_above_0.95,0.0306,0.0290,0.0323
shrinking,both,G8,r4_false,0.6451,0.6365,0.6534
shrinking,both,G8,r4_false_0.70,0.5409,0.5315,0.5504
shrinking,both,G8,r4_below,0.0000,0.0000,0.0000
shrinking,both,G8,r4_false_at_task,0.6451,0.6367,0.6537
shrinking,both,G8,r4_declared,7.3673,7.2763,7.4630
shrinking,both,G8,r5_late_answers,11.3325,11.1637,11.4955
shrinking,both,G8,r5_never,0.3806,0.3690,0.3919
shrinking,both,G8,r6_lag,-0.1171,-0.1263,-0.1081
shrinking,both,G8,r7_error_5,0.8521,0.8322,0.8722
shrinking,both,G8,r7_error_10,0.7790,0.7600,0.7977
shrinking,both,G8,r7_longest_wrong,1.7845,1.7560,1.8153
shrinking,both,G8,r7_hard_first,0.1413,0.1354,0.1473
shrinking,both,G8,r4b_chance_below_0.5,0.1041,0.0988,0.1097
shrinking,both,G8,r4b_chance_0.5_to_0.6,0.1350,0.1318,0.1382
shrinking,both,G8,r4b_chance_0.6_to_0.7,0.2157,0.2126,0.2187
shrinking,both,G8,r4b_chance_0.7_to_0.8,0.2699,0.2664,0.2736
shrinking,both,G8,r4b_chance_0.8_up,0.2753,0.2684,0.2824
shrinking,both,G8,r3_reachable,0.9435,0.9395,0.9474
shrinking,both,G8,r8_rank_6_20,3.6550,3.4283,3.8883
shrinking,both,G8,r8_topic_rank_6_20,17.8833,17.4050,18.3650
shrinking,both,G8,r8_rank_150_200,0.6574,0.5804,0.7392
shrinking,both,G8,r8_topic_rank_150_200,7.2191,7.0539,7.3936
shrinking,both,G8,r2_ece,0.0056,0.0040,0.0072
shrinking,both,G8,r4b_3,0.0726,0.0687,0.0764
shrinking,both,G8,r4b_5,0.2926,0.2858,0.2992
shrinking,both,G8,r4b_10,0.6627,0.6537,0.6710
shrinking,both,G8,r4b_20,0.9309,0.9233,0.9383
shrinking,both,G8,r4b_50,0.9942,0.9900,0.9977
shrinking,both,G8,r8_move_p95_6_20,73.0000,73.0000,73.0000
shrinking,both,G8,r8_move_p95_150_200,37.0000,37.0000,37.0000
shrinking,both,G0-exact,r1_rms_5,0.9834,0.9658,1.0005
shrinking,both,G0-exact,r1_mean_5,-0.0207,-0.0521,0.0117
shrinking,both,G0-exact,r1_rms_10,0.9159,0.9010,0.9311
shrinking,both,G0-exact,r1_mean_10,-0.0408,-0.0676,-0.0135
shrinking,both,G0-exact,r1_rms_20,0.8191,0.8072,0.8313
shrinking,both,G0-exact,r1_mean_20,-0.0531,-0.0763,-0.0300
shrinking,both,G0-exact,r1_rms_50,0.6606,0.6527,0.6682
shrinking,both,G0-exact,r1_mean_50,-0.0634,-0.0798,-0.0479
shrinking,both,G0-exact,r1_rms_100,0.5520,0.5466,0.5575
shrinking,both,G0-exact,r1_mean_100,-0.0606,-0.0719,-0.0498
shrinking,both,G0-exact,r1_rms_200,0.4767,0.4727,0.4807
shrinking,both,G0-exact,r1_mean_200,-0.0426,-0.0505,-0.0347
shrinking,both,G0-exact,r2_brier,0.1705,0.1696,0.1714
shrinking,both,G0-exact,r2_bias,0.0005,-0.0010,0.0021
shrinking,both,G0-exact,r3_inside,0.5434,0.5380,0.5488
shrinking,both,G0-exact,r3_below_0.5,0.0219,0.0199,0.0242
shrinking,both,G0-exact,r3_above_0.95,0.0119,0.0108,0.0131
shrinking,both,G0-exact,r4_false,0.6517,0.6434,0.6600
shrinking,both,G0-exact,r4_false_0.70,0.5474,0.5385,0.5560
shrinking,both,G0-exact,r4_below,0.0000,0.0000,0.0000
shrinking,both,G0-exact,r4_false_at_task,0.6517,0.6437,0.6599
shrinking,both,G0-exact,r4_declared,9.7357,9.6288,9.8460
shrinking,both,G0-exact,r5_late_answers,9.8216,9.7064,9.9412
shrinking,both,G0-exact,r5_never,0.2131,0.2035,0.2227
shrinking,both,G0-exact,r6_lag,-0.0823,-0.0906,-0.0734
shrinking,both,G0-exact,r7_error_5,0.8323,0.8121,0.8520
shrinking,both,G0-exact,r7_error_10,0.7580,0.7397,0.7765
shrinking,both,G0-exact,r7_longest_wrong,1.7565,1.7283,1.7855
shrinking,both,G0-exact,r7_hard_first,0.1173,0.1116,0.1231
shrinking,both,G0-exact,r4b_chance_below_0.5,0.0789,0.0712,0.0869
shrinking,both,G0-exact,r4b_chance_0.5_to_0.6,0.1221,0.1171,0.1270
shrinking,both,G0-exact,r4b_chance_0.6_to_0.7,0.2469,0.2406,0.2529
shrinking,both,G0-exact,r4b_chance_0.7_to_0.8,0.3438,0.3361,0.3509
shrinking,both,G0-exact,r4b_chance_0.8_up,0.2083,0.2003,0.2161
shrinking,both,G0-exact,r3_reachable,0.9439,0.9398,0.9480
shrinking,both,G0-exact,r8_rank_6_20,3.5717,3.3467,3.7933
shrinking,both,G0-exact,r8_topic_rank_6_20,17.5517,17.0633,18.0167
shrinking,both,G0-exact,r8_rank_150_200,0.7167,0.6333,0.7956
shrinking,both,G0-exact,r8_topic_rank_150_200,7.1667,7.0039,7.3348
shrinking,both,G0-exact,r2_ece,0.0024,0.0016,0.0040
shrinking,both,G0-exact,r4b_3,0.1414,0.1359,0.1469
shrinking,both,G0-exact,r4b_5,0.4297,0.4225,0.4373
shrinking,both,G0-exact,r4b_10,0.8194,0.8126,0.8271
shrinking,both,G0-exact,r4b_20,0.9749,0.9702,0.9796
shrinking,both,G0-exact,r4b_50,0.9980,0.9964,0.9993
shrinking,both,G0-exact,r8_move_p95_6_20,73.0000,73.0000,73.0000
shrinking,both,G0-exact,r8_move_p95_150_200,37.0000,37.0000,37.0000
shrinking,both,G0-miss0.25,r1_rms_5,1.0060,0.9875,1.0248
shrinking,both,G0-miss0.25,r1_mean_5,0.0252,-0.0071,0.0588
shrinking,both,G0-miss0.25,r1_rms_10,0.9353,0.9191,0.9515
shrinking,both,G0-miss0.25,r1_mean_10,-0.0053,-0.0335,0.0253
shrinking,both,G0-miss0.25,r1_rms_20,0.8352,0.8227,0.8484
shrinking,both,G0-miss0.25,r1_mean_20,-0.0297,-0.0549,-0.0055
shrinking,both,G0-miss0.25,r1_rms_50,0.6692,0.6605,0.6779
shrinking,both,G0-miss0.25,r1_mean_50,-0.0594,-0.0761,-0.0424
shrinking,both,G0-miss0.25,r1_rms_100,0.5596,0.5538,0.5653
shrinking,both,G0-miss0.25,r1_mean_100,-0.0585,-0.0704,-0.0471
shrinking,both,G0-miss0.25,r1_rms_200,0.4801,0.4759,0.4841
shrinking,both,G0-miss0.25,r1_mean_200,-0.0450,-0.0525,-0.0369
shrinking,both,G0-miss0.25,r2_brier,0.1716,0.1706,0.1725
shrinking,both,G0-miss0.25,r2_bias,0.0024,0.0008,0.0040
shrinking,both,G0-miss0.25,r3_inside,0.5003,0.4959,0.5046
shrinking,both,G0-miss0.25,r3_below_0.5,0.0264,0.0244,0.0284
shrinking,both,G0-miss0.25,r3_above_0.95,0.0168,0.0153,0.0182
shrinking,both,G0-miss0.25,r4_false,0.6386,0.6303,0.6467
shrinking,both,G0-miss0.25,r4_false_0.70,0.5291,0.5198,0.5385
shrinking,both,G0-miss0.25,r4_below,0.0000,0.0000,0.0000
shrinking,both,G0-miss0.25,r4_false_at_task,0.6386,0.6305,0.6467
shrinking,both,G0-miss0.25,r4_declared,9.7718,9.6598,9.8805
shrinking,both,G0-miss0.25,r5_late_answers,9.8923,9.7771,10.0071
shrinking,both,G0-miss0.25,r5_never,0.2139,0.2036,0.2238
shrinking,both,G0-miss0.25,r6_lag,-0.0852,-0.0945,-0.0760
shrinking,both,G0-miss0.25,r7_error_5,0.8649,0.8451,0.8859
shrinking,both,G0-miss0.25,r7_error_10,0.7855,0.7671,0.8043
shrinking,both,G0-miss0.25,r7_longest_wrong,1.7882,1.7600,1.8157
shrinking,both,G0-miss0.25,r7_hard_first,0.1304,0.1247,0.1365
shrinking,both,G0-miss0.25,r4b_chance_below_0.5,0.0913,0.0847,0.0988
shrinking,both,G0-miss0.25,r4b_chance_0.5_to_0.6,0.1326,0.1286,0.1367
shrinking,both,G0-miss0.25,r4b_chance_0.6_to_0.7,0.2452,0.2411,0.2497
shrinking,both,G0-miss0.25,r4b_chance_0.7_to_0.8,0.3098,0.3044,0.3152
shrinking,both,G0-miss0.25,r4b_chance_0.8_up,0.2210,0.2136,0.2283
shrinking,both,G0-miss0.25,r3_reachable,0.9428,0.9386,0.9467
shrinking,both,G0-miss0.25,r8_rank_6_20,3.6800,3.4500,3.9150
shrinking,both,G0-miss0.25,r8_topic_rank_6_20,18.0133,17.5667,18.4800
shrinking,both,G0-miss0.25,r8_rank_150_200,0.6848,0.6059,0.7696
shrinking,both,G0-miss0.25,r8_topic_rank_150_200,7.1613,6.9882,7.3363
shrinking,both,G0-miss0.25,r2_ece,0.0042,0.0027,0.0058
shrinking,both,G0-miss0.25,r4b_3,0.1378,0.1325,0.1430
shrinking,both,G0-miss0.25,r4b_5,0.4164,0.4088,0.4239
shrinking,both,G0-miss0.25,r4b_10,0.8262,0.8190,0.8338
shrinking,both,G0-miss0.25,r4b_20,0.9778,0.9734,0.9822
shrinking,both,G0-miss0.25,r4b_50,0.9969,0.9949,0.9985
shrinking,both,G0-miss0.25,r8_move_p95_6_20,73.0000,73.0000,73.0000
shrinking,both,G0-miss0.25,r8_move_p95_150_200,37.0000,37.0000,37.0000
shrinking,both,G0-miss1,r1_rms_5,1.0386,1.0197,1.0585
shrinking,both,G0-miss1,r1_mean_5,-0.0762,-0.1099,-0.0415
shrinking,both,G0-miss1,r1_rms_10,0.9716,0.9551,0.9887
shrinking,both,G0-miss1,r1_mean_10,-0.1096,-0.1404,-0.0774
shrinking,both,G0-miss1,r1_rms_20,0.8755,0.8612,0.8897
shrinking,both,G0-miss1,r1_mean_20,-0.1357,-0.1623,-0.1084
shrinking,both,G0-miss1,r1_rms_50,0.7267,0.7173,0.7363
shrinking,both,G0-miss1,r1_mean_50,-0.1754,-0.1934,-0.1567
shrinking,both,G0-miss1,r1_rms_100,0.6228,0.6161,0.6297
shrinking,both,G0-miss1,r1_mean_100,-0.1917,-0.2050,-0.1785
shrinking,both,G0-miss1,r1_rms_200,0.5443,0.5391,0.5490
shrinking,both,G0-miss1,r1_mean_200,-0.1879,-0.1971,-0.1787
shrinking,both,G0-miss1,r2_brier,0.1741,0.1732,0.1751
shrinking,both,G0-miss1,r2_bias,0.0057,0.0040,0.0075
shrinking,both,G0-miss1,r3_inside,0.2960,0.2945,0.2975
shrinking,both,G0-miss1,r3_below_0.5,0.0872,0.0850,0.0896
shrinking,both,G0-miss1,r3_above_0.95,0.1099,0.1074,0.1123
shrinking,both,G0-miss1,r4_false,0.6225,0.6140,0.6310
shrinking,both,G0-miss1,r4_false_0.70,0.5133,0.5037,0.5226
shrinking,both,G0-miss1,r4_below,0.0000,0.0000,0.0000
shrinking,both,G0-miss1,r4_false_at_task,0.6225,0.6142,0.6309
shrinking,both,G0-miss1,r4_declared,9.7795,9.6725,9.8948
shrinking,both,G0-miss1,r5_late_answers,9.9738,9.8514,10.0991
shrinking,both,G0-miss1,r5_never,0.2218,0.2120,0.2316
shrinking,both,G0-miss1,r6_lag,-0.2339,-0.2439,-0.2241
shrinking,both,G0-miss1,r7_error_5,0.8984,0.8773,0.9205
shrinking,both,G0-miss1,r7_error_10,0.8245,0.8056,0.8441
shrinking,both,G0-miss1,r7_longest_wrong,1.7965,1.7688,1.8248
shrinking,both,G0-miss1,r7_hard_first,0.1768,0.1712,0.1826
shrinking,both,G0-miss1,r4b_chance_below_0.5,0.1790,0.1735,0.1848
shrinking,both,G0-miss1,r4b_chance_0.5_to_0.6,0.1229,0.1208,0.1248
shrinking,both,G0-miss1,r4b_chance_0.6_to_0.7,0.1537,0.1514,0.1559
shrinking,both,G0-miss1,r4b_chance_0.7_to_0.8,0.1836,0.1813,0.1859
shrinking,both,G0-miss1,r4b_chance_0.8_up,0.3608,0.3547,0.3670
shrinking,both,G0-miss1,r3_reachable,0.9474,0.9436,0.9514
shrinking,both,G0-miss1,r8_rank_6_20,3.5350,3.3083,3.7700
shrinking,both,G0-miss1,r8_topic_rank_6_20,17.6633,17.1833,18.1317
shrinking,both,G0-miss1,r8_rank_150_200,0.7441,0.6554,0.8358
shrinking,both,G0-miss1,r8_topic_rank_150_200,7.4069,7.2417,7.5750
shrinking,both,G0-miss1,r2_ece,0.0079,0.0063,0.0094
shrinking,both,G0-miss1,r4b_3,0.1321,0.1267,0.1374
shrinking,both,G0-miss1,r4b_5,0.4259,0.4180,0.4338
shrinking,both,G0-miss1,r4b_10,0.8264,0.8192,0.8337
shrinking,both,G0-miss1,r4b_20,0.9796,0.9754,0.9837
shrinking,both,G0-miss1,r4b_50,0.9982,0.9966,0.9994
shrinking,both,G0-miss1,r8_move_p95_6_20,73.0000,73.0000,74.0000
shrinking,both,G0-miss1,r8_move_p95_150_200,37.0000,37.0000,37.0000
shrinking,both,G2-half,r1_rms_5,1.0053,0.9872,1.0235
shrinking,both,G2-half,r1_mean_5,-0.0555,-0.0886,-0.0211
shrinking,both,G2-half,r1_rms_10,0.9421,0.9264,0.9577
shrinking,both,G2-half,r1_mean_10,-0.1038,-0.1343,-0.0745
shrinking,both,G2-half,r1_rms_20,0.8472,0.8344,0.8597
shrinking,both,G2-half,r1_mean_20,-0.1664,-0.1912,-0.1410
shrinking,both,G2-half,r1_rms_50,0.7257,0.7164,0.7360
shrinking,both,G2-half,r1_mean_50,-0.3013,-0.3192,-0.2847
shrinking,both,G2-half,r1_rms_100,0.7059,0.6975,0.7143
shrinking,both,G2-half,r1_mean_100,-0.4521,-0.4642,-0.4404
shrinking,both,G2-half,r1_rms_200,0.8351,0.8274,0.8425
shrinking,both,G2-half,r1_mean_200,-0.7034,-0.7124,-0.6944
shrinking,both,G2-half,r2_brier,0.1481,0.1472,0.1489
shrinking,both,G2-half,r2_bias,-0.0410,-0.0425,-0.0395
shrinking,both,G2-half,r3_inside,0.3556,0.3524,0.3587
shrinking,both,G2-half,r3_below_0.5,0.0219,0.0208,0.0231
shrinking,both,G2-half,r3_above_0.95,0.0728,0.0700,0.0756
shrinking,both,G2-half,r4_false,0.5236,0.5153,0.5323
shrinking,both,G2-half,r4_false_0.70,0.4031,0.3948,0.4117
shrinking,both,G2-half,r4_below,0.0000,0.0000,0.0000
shrinking,both,G2-half,r4_false_at_task,0.5236,0.5151,0.5322
shrinking,both,G2-half,r4_declared,11.9365,11.8120,12.0660
shrinking,both,G2-half,r5_late_answers,8.7832,8.6904,8.8687
shrinking,both,G2-half,r5_never,0.1630,0.1552,0.1715
shrinking,both,G2-half,r6_lag,-0.6135,-0.6237,-0.6039
shrinking,both,G2-half,r7_error_5,0.8538,0.8343,0.8745
shrinking,both,G2-half,r7_error_10,0.7820,0.7639,0.8007
shrinking,both,G2-half,r7_longest_wrong,1.7232,1.6960,1.7512
shrinking,both,G2-half,r7_hard_first,0.1315,0.1261,0.1369
shrinking,both,G2-half,r4b_chance_below_0.5,0.0820,0.0779,0.0863
shrinking,both,G2-half,r4b_chance_0.5_to_0.6,0.1033,0.1001,0.1066
shrinking,both,G2-half,r4b_chance_0.6_to_0.7,0.1772,0.1739,0.1806
shrinking,both,G2-half,r4b_chance_0.7_to_0.8,0.2597,0.2565,0.2631
shrinking,both,G2-half,r4b_chance_0.8_up,0.3778,0.3697,0.3858
shrinking,both,G2-half,r3_reachable,0.9625,0.9603,0.9645
shrinking,both,G2-half,r8_rank_6_20,3.6333,3.4033,3.8767
shrinking,both,G2-half,r8_topic_rank_6_20,17.4633,16.9833,17.9433
shrinking,both,G2-half,r8_rank_150_200,0.6044,0.5373,0.6804
shrinking,both,G2-half,r8_topic_rank_150_200,7.4049,7.2392,7.5725
shrinking,both,G2-half,r2_ece,0.0410,0.0396,0.0426
shrinking,both,G2-half,r4b_3,0.1566,0.1505,0.1625
shrinking,both,G2-half,r4b_5,0.4748,0.4669,0.4832
shrinking,both,G2-half,r4b_10,0.8885,0.8820,0.8948
shrinking,both,G2-half,r4b_20,0.9937,0.9912,0.9961
shrinking,both,G2-half,r4b_50,1.0000,1.0000,1.0000
shrinking,both,G2-half,r8_move_p95_6_20,73.0000,73.0000,73.0000
shrinking,both,G2-half,r8_move_p95_150_200,36.0000,35.0000,36.0000
shrinking,both,G2-fading,r1_rms_5,1.0156,0.9968,1.0351
shrinking,both,G2-fading,r1_mean_5,-0.0508,-0.0831,-0.0169
shrinking,both,G2-fading,r1_rms_10,0.9503,0.9347,0.9654
shrinking,both,G2-fading,r1_mean_10,-0.1192,-0.1500,-0.0905
shrinking,both,G2-fading,r1_rms_20,0.8648,0.8511,0.8787
shrinking,both,G2-fading,r1_mean_20,-0.2053,-0.2296,-0.1804
shrinking,both,G2-fading,r1_rms_50,0.7494,0.7394,0.7603
shrinking,both,G2-fading,r1_mean_50,-0.3465,-0.3644,-0.3291
shrinking,both,G2-fading,r1_rms_100,0.6951,0.6868,0.7039
shrinking,both,G2-fading,r1_mean_100,-0.4297,-0.4420,-0.4166
shrinking,both,G2-fading,r1_rms_200,0.6581,0.6513,0.6648
shrinking,both,G2-fading,r1_mean_200,-0.4651,-0.4742,-0.4560
shrinking,both,G2-fading,r2_brier,0.1511,0.1502,0.1519
shrinking,both,G2-fading,r2_bias,-0.0355,-0.0370,-0.0339
shrinking,both,G2-fading,r3_inside,0.3738,0.3705,0.3770
shrinking,both,G2-fading,r3_below_0.5,0.0231,0.0218,0.0244
shrinking,both,G2-fading,r3_above_0.95,0.0643,0.0617,0.0670
shrinking,both,G2-fading,r4_false,0.5343,0.5256,0.5429
shrinking,both,G2-fading,r4_false_0.70,0.4132,0.4037,0.4230
shrinking,both,G2-fading,r4_below,0.0000,0.0000,0.0000
shrinking,both,G2-fading,r4_false_at_task,0.5343,0.5253,0.5429
shrinking,both,G2-fading,r4_declared,11.5657,11.4440,11.6903
shrinking,both,G2-fading,r5_late_answers,8.7295,8.6364,8.8228
shrinking,both,G2-fading,r5_never,0.1700,0.1620,0.1781
shrinking,both,G2-fading,r6_lag,-0.4807,-0.4904,-0.4709
shrinking,both,G2-fading,r7_error_5,0.8760,0.8558,0.8966
shrinking,both,G2-fading,r7_error_10,0.8033,0.7853,0.8224
shrinking,both,G2-fading,r7_longest_wrong,1.7683,1.7395,1.7965
shrinking,both,G2-fading,r7_hard_first,0.1358,0.1302,0.1414
shrinking,both,G2-fading,r4b_chance_below_0.5,0.0853,0.0806,0.0903
shrinking,both,G2-fading,r4b_chance_0.5_to_0.6,0.1066,0.1036,0.1100
shrinking,both,G2-fading,r4b_chance_0.6_to_0.7,0.1839,0.1805,0.1871
shrinking,both,G2-fading,r4b_chance_0.7_to_0.8,0.2633,0.2598,0.2668
shrinking,both,G2-fading,r4b_chance_0.8_up,0.3610,0.3533,0.3691
shrinking,both,G2-fading,r3_reachable,0.9606,0.9582,0.9627
shrinking,both,G2-fading,r8_rank_6_20,3.4633,3.2317,3.6900
shrinking,both,G2-fading,r8_topic_rank_6_20,17.1067,16.6350,17.5900
shrinking,both,G2-fading,r8_rank_150_200,0.6853,0.6020,0.7706
shrinking,both,G2-fading,r8_topic_rank_150_200,7.2275,7.0471,7.3975
shrinking,both,G2-fading,r2_ece,0.0355,0.0340,0.0370
shrinking,both,G2-fading,r4b_3,0.1575,0.1512,0.1635
shrinking,both,G2-fading,r4b_5,0.4732,0.4651,0.4816
shrinking,both,G2-fading,r4b_10,0.8810,0.8744,0.8873
shrinking,both,G2-fading,r4b_20,0.9910,0.9882,0.9938
shrinking,both,G2-fading,r4b_50,0.9997,0.9989,1.0000
shrinking,both,G2-fading,r8_move_p95_6_20,73.0000,73.0000,73.0000
shrinking,both,G2-fading,r8_move_p95_150_200,36.0000,36.0000,36.0000
shrinking,both,G3-drop,r1_rms_5,0.9847,0.9677,1.0022
shrinking,both,G3-drop,r1_mean_5,-0.0082,-0.0414,0.0267
shrinking,both,G3-drop,r1_rms_10,0.9228,0.9075,0.9384
shrinking,both,G3-drop,r1_mean_10,-0.0376,-0.0666,-0.0086
shrinking,both,G3-drop,r1_rms_20,0.8265,0.8143,0.8387
shrinking,both,G3-drop,r1_mean_20,-0.0542,-0.0782,-0.0286
shrinking,both,G3-drop,r1_rms_50,0.6754,0.6668,0.6840
shrinking,both,G3-drop,r1_mean_50,-0.0675,-0.0849,-0.0500
shrinking,both,G3-drop,r1_rms_100,0.7197,0.7109,0.7286
shrinking,both,G3-drop,r1_mean_100,0.3119,0.2945,0.3286
shrinking,both,G3-drop,r1_rms_200,0.6923,0.6852,0.6995
shrinking,both,G3-drop,r1_mean_200,0.4820,0.4724,0.4917
shrinking,both,G3-drop,r2_brier,0.2000,0.1990,0.2010
shrinking,both,G3-drop,r2_bias,0.0506,0.0489,0.0522
shrinking,both,G3-drop,r3_inside,0.3880,0.3853,0.3905
shrinking,both,G3-drop,r3_below_0.5,0.0859,0.0827,0.0892
shrinking,both,G3-drop,r3_above_0.95,0.0214,0.0201,0.0227
shrinking,both,G3-drop,r4_false,0.7201,0.7123,0.7278
shrinking,both,G3-drop,r4_false_0.70,0.6306,0.6218,0.6394
shrinking,both,G3-drop,r4_below,0.0000,0.0000,0.0000
shrinking,both,G3-drop,r4_false_at_task,0.7201,0.7119,0.7280
shrinking,both,G3-drop,r4_declared,8.4987,8.4040,8.5945
shrinking,both,G3-drop,r5_late_answers,9.9979,9.8455,10.1382
shrinking,both,G3-drop,r5_never,0.3442,0.3330,0.3552
shrinking,both,G3-drop,r6_lag,0.3851,0.3758,0.3940
shrinking,both,G3-drop,r6_jump_answers,54.7535,53.5048,55.9718
shrinking,both,G3-drop,r6_jump_unsettled,0.3880,0.3738,0.4030
shrinking,both,G3-drop,r7_error_5,0.8476,0.8283,0.8681
shrinking,both,G3-drop,r7_error_10,0.7726,0.7543,0.7911
shrinking,both,G3-drop,r7_longest_wrong,1.7875,1.7580,1.8157
shrinking,both,G3-drop,r7_hard_first,0.1402,0.1342,0.1458
shrinking,both,G3-drop,r4b_chance_below_0.5,0.1857,0.1780,0.1939
shrinking,both,G3-drop,r4b_chance_0.5_to_0.6,0.1736,0.1706,0.1766
shrinking,both,G3-drop,r4b_chance_0.6_to_0.7,0.2168,0.2136,0.2197
shrinking,both,G3-drop,r4b_chance_0.7_to_0.8,0.2212,0.2175,0.2252
shrinking,both,G3-drop,r4b_chance_0.8_up,0.2028,0.1971,0.2089
shrinking,both,G3-drop,r3_reachable,0.8872,0.8814,0.8927
shrinking,both,G3-drop,r8_rank_6_20,3.5233,3.3000,3.7433
shrinking,both,G3-drop,r8_topic_rank_6_20,17.5567,17.1167,18.0367
shrinking,both,G3-drop,r8_rank_150_200,0.8010,0.7201,0.8897
shrinking,both,G3-drop,r8_topic_rank_150_200,8.2574,8.0740,8.4353
shrinking,both,G3-drop,r2_ece,0.0507,0.0491,0.0524
shrinking,both,G3-drop,r4b_3,0.1180,0.1132,0.1230
shrinking,both,G3-drop,r4b_5,0.3731,0.3658,0.3809
shrinking,both,G3-drop,r4b_10,0.7364,0.7282,0.7447
shrinking,both,G3-drop,r4b_20,0.9370,0.9299,0.9443
shrinking,both,G3-drop,r4b_50,0.9848,0.9801,0.9894
shrinking,both,G3-drop,r8_move_p95_6_20,73.0000,73.0000,73.0000
shrinking,both,G3-drop,r8_move_p95_150_200,39.0000,38.0000,39.0000
shrinking,both,G0-start0.5,r1_rms_5,0.9677,0.9506,0.9850
shrinking,both,G0-start0.5,r1_mean_5,-0.0270,-0.0602,0.0050
shrinking,both,G0-start0.5,r1_rms_10,0.9051,0.8897,0.9206
shrinking,both,G0-start0.5,r1_mean_10,-0.0443,-0.0711,-0.0161
shrinking,both,G0-start0.5,r1_rms_20,0.8143,0.8015,0.8264
shrinking,both,G0-start0.5,r1_mean_20,-0.0613,-0.0850,-0.0374
shrinking,both,G0-start0.5,r1_rms_50,0.6644,0.6561,0.6729
shrinking,both,G0-start0.5,r1_mean_50,-0.0835,-0.1001,-0.0668
shrinking,both,G0-start0.5,r1_rms_100,0.5664,0.5608,0.5722
shrinking,both,G0-start0.5,r1_mean_100,-0.0898,-0.1014,-0.0782
shrinking,both,G0-start0.5,r1_rms_200,0.4897,0.4856,0.4940
shrinking,both,G0-start0.5,r1_mean_200,-0.0780,-0.0862,-0.0699
shrinking,both,G0-start0.5,r2_brier,0.1702,0.1694,0.1710
shrinking,both,G0-start0.5,r2_bias,0.0024,0.0008,0.0038
shrinking,both,G0-start0.5,r3_inside,0.4331,0.4306,0.4356
shrinking,both,G0-start0.5,r3_below_0.5,0.0316,0.0301,0.0330
shrinking,both,G0-start0.5,r3_above_0.95,0.0289,0.0274,0.0304
shrinking,both,G0-start0.5,r4_false,0.6772,0.6699,0.6844
shrinking,both,G0-start0.5,r4_false_0.70,0.5707,0.5626,0.5783
shrinking,both,G0-start0.5,r4_below,0.0000,0.0000,0.0000
shrinking,both,G0-start0.5,r4_false_at_task,0.6772,0.6701,0.6839
shrinking,both,G0-start0.5,r4_declared,9.7075,9.5977,9.8138
shrinking,both,G0-start0.5,r5_late_answers,9.9880,9.8644,10.1128
shrinking,both,G0-start0.5,r5_never,0.2045,0.1954,0.2134
shrinking,both,G0-start0.5,r6_lag,-0.1287,-0.1375,-0.1200
shrinking,both,G0-start0.5,r7_error_5,0.8138,0.7939,0.8346
shrinking,both,G0-start0.5,r7_error_10,0.7420,0.7241,0.7603
shrinking,both,G0-start0.5,r7_longest_wrong,1.7232,1.6967,1.7508
shrinking,both,G0-start0.5,r7_hard_first,0.1250,0.1199,0.1304
shrinking,both,G0-start0.5,r4b_chance_below_0.5,0.0909,0.0870,0.0950
shrinking,both,G0-start0.5,r4b_chance_0.5_to_0.6,0.1230,0.1200,0.1259
shrinking,both,G0-start0.5,r4b_chance_0.6_to_0.7,0.2035,0.2005,0.2063
shrinking,both,G0-start0.5,r4b_chance_0.7_to_0.8,0.2687,0.2655,0.2718
shrinking,both,G0-start0.5,r4b_chance_0.8_up,0.3140,0.3076,0.3209
shrinking,both,G0-start0.5,r3_reachable,0.9647,0.9623,0.9669
shrinking,both,G0-start0.5,r8_rank_6_20,3.5433,3.3233,3.7667
shrinking,both,G0-start0.5,r8_topic_rank_6_20,17.2267,16.7500,17.6750
shrinking,both,G0-start0.5,r8_rank_150_200,0.6809,0.6010,0.7632
shrinking,both,G0-start0.5,r8_topic_rank_150_200,7.2936,7.1319,7.4637
shrinking,both,G0-start0.5,r2_ece,0.0034,0.0024,0.0049
shrinking,both,G0-start0.5,r4b_3,0.1497,0.1444,0.1552
shrinking,both,G0-start0.5,r4b_5,0.4433,0.4358,0.4509
shrinking,both,G0-start0.5,r4b_10,0.8461,0.8401,0.8523
shrinking,both,G0-start0.5,r4b_20,0.9897,0.9873,0.9920
shrinking,both,G0-start0.5,r4b_50,1.0000,1.0000,1.0000
shrinking,both,G0-start0.5,r8_move_p95_6_20,73.0000,73.0000,73.0000
shrinking,both,G0-start0.5,r8_move_p95_150_200,37.0000,37.0000,37.0000
shrinking,both,G0-start2,r1_rms_5,1.1021,1.0807,1.1239
shrinking,both,G0-start2,r1_mean_5,-0.0280,-0.0641,0.0106
shrinking,both,G0-start2,r1_rms_10,1.0235,1.0043,1.0422
shrinking,both,G0-start2,r1_mean_10,-0.0537,-0.0873,-0.0200
shrinking,both,G0-start2,r1_rms_20,0.9075,0.8918,0.9227
shrinking,both,G0-start2,r1_mean_20,-0.0771,-0.1053,-0.0496
shrinking,both,G0-start2,r1_rms_50,0.7279,0.7175,0.7387
shrinking,both,G0-start2,r1_mean_50,-0.1058,-0.1259,-0.0846
shrinking,both,G0-start2,r1_rms_100,0.6034,0.5952,0.6109
shrinking,both,G0-start2,r1_mean_100,-0.1105,-0.1249,-0.0959
shrinking,both,G0-start2,r1_rms_200,0.5146,0.5089,0.5204
shrinking,both,G0-start2,r1_mean_200,-0.0856,-0.0962,-0.0751
shrinking,both,G0-start2,r2_brier,0.1741,0.1729,0.1753
shrinking,both,G0-start2,r2_bias,0.0010,-0.0008,0.0028
shrinking,both,G0-start2,r3_inside,0.3950,0.3909,0.3991
shrinking,both,G0-start2,r3_below_0.5,0.0724,0.0673,0.0776
shrinking,both,G0-start2,r3_above_0.95,0.0421,0.0394,0.0450
shrinking,both,G0-start2,r4_false,0.6164,0.6067,0.6265
shrinking,both,G0-start2,r4_false_0.70,0.5212,0.5109,0.5318
shrinking,both,G0-start2,r4_below,0.0000,0.0000,0.0000
shrinking,both,G0-start2,r4_false_at_task,0.6164,0.6062,0.6261
shrinking,both,G0-start2,r4_declared,9.9518,9.8323,10.0720
shrinking,both,G0-start2,r5_late_answers,9.6136,9.4895,9.7449
shrinking,both,G0-start2,r5_never,0.2164,0.2056,0.2278
shrinking,both,G0-start2,r6_lag,-0.1416,-0.1520,-0.1309
shrinking,both,G0-start2,r7_error_5,0.9629,0.9399,0.9868
shrinking,both,G0-start2,r7_error_10,0.8798,0.8575,0.9020
shrinking,both,G0-start2,r7_longest_wrong,1.8787,1.8435,1.9140
shrinking,both,G0-start2,r7_hard_first,0.1829,0.1751,0.1909
shrinking,both,G0-start2,r4b_chance_below_0.5,0.2419,0.2251,0.2603
shrinking,both,G0-start2,r4b_chance_0.5_to_0.6,0.1400,0.1361,0.1438
shrinking,both,G0-start2,r4b_chance_0.6_to_0.7,0.1895,0.1846,0.1946
shrinking,both,G0-start2,r4b_chance_0.7_to_0.8,0.2162,0.2099,0.2226
shrinking,both,G0-start2,r4b_chance_0.8_up,0.2124,0.2041,0.2210
shrinking,both,G0-start2,r3_reachable,0.8768,0.8687,0.8848
shrinking,both,G0-start2,r8_rank_6_20,3.7867,3.5617,4.0233
shrinking,both,G0-start2,r8_topic_rank_6_20,17.6450,17.2033,18.1217
shrinking,both,G0-start2,r8_rank_150_200,0.6426,0.5652,0.7206
shrinking,both,G0-start2,r8_topic_rank_150_200,6.6255,6.4559,6.7951
shrinking,both,G0-start2,r2_ece,0.0024,0.0018,0.0042
shrinking,both,G0-start2,r4b_3,0.1254,0.1198,0.1310
shrinking,both,G0-start2,r4b_5,0.3927,0.3845,0.4012
shrinking,both,G0-start2,r4b_10,0.7602,0.7497,0.7695
shrinking,both,G0-start2,r4b_20,0.9208,0.9117,0.9290
shrinking,both,G0-start2,r4b_50,0.9773,0.9722,0.9822
shrinking,both,G0-start2,r8_move_p95_6_20,73.0000,73.0000,73.0000
shrinking,both,G0-start2,r8_move_p95_150_200,36.0000,36.0000,36.0000
shrinking,both,G0-topics0.3,r1_rms_5,0.9134,0.8943,0.9317
shrinking,both,G0-topics0.3,r1_mean_5,0.0045,-0.0304,0.0370
shrinking,both,G0-topics0.3,r1_rms_10,0.8381,0.8220,0.8555
shrinking,both,G0-topics0.3,r1_mean_10,-0.0161,-0.0454,0.0134
shrinking,both,G0-topics0.3,r1_rms_20,0.7365,0.7235,0.7501
shrinking,both,G0-topics0.3,r1_mean_20,-0.0349,-0.0598,-0.0105
shrinking,both,G0-topics0.3,r1_rms_50,0.5884,0.5797,0.5976
shrinking,both,G0-topics0.3,r1_mean_50,-0.0595,-0.0762,-0.0429
shrinking,both,G0-topics0.3,r1_rms_100,0.5002,0.4945,0.5059
shrinking,both,G0-topics0.3,r1_mean_100,-0.0636,-0.0758,-0.0517
shrinking,both,G0-topics0.3,r1_rms_200,0.4373,0.4332,0.4412
shrinking,both,G0-topics0.3,r1_mean_200,-0.0522,-0.0605,-0.0435
shrinking,both,G0-topics0.3,r2_brier,0.1721,0.1711,0.1731
shrinking,both,G0-topics0.3,r2_bias,0.0023,0.0007,0.0040
shrinking,both,G0-topics0.3,r3_inside,0.4462,0.4431,0.4492
shrinking,both,G0-topics0.3,r3_below_0.5,0.0312,0.0295,0.0331
shrinking,both,G0-topics0.3,r3_above_0.95,0.0238,0.0224,0.0253
shrinking,both,G0-topics0.3,r4_false,0.6556,0.6475,0.6641
shrinking,both,G0-topics0.3,r4_false_0.70,0.5496,0.5395,0.5593
shrinking,both,G0-topics0.3,r4_below,0.0000,0.0000,0.0000
shrinking,both,G0-topics0.3,r4_false_at_task,0.6556,0.6471,0.6642
shrinking,both,G0-topics0.3,r4_declared,9.8090,9.7055,9.9130
shrinking,both,G0-topics0.3,r5_late_answers,10.1347,10.0137,10.2522
shrinking,both,G0-topics0.3,r5_never,0.2167,0.2068,0.2264
shrinking,both,G0-topics0.3,r6_lag,-0.1172,-0.1264,-0.1086
shrinking,both,G0-topics0.3,r7_error_5,0.8451,0.8253,0.8658
shrinking,both,G0-topics0.3,r7_error_10,0.7715,0.7524,0.7907
shrinking,both,G0-topics0.3,r7_longest_wrong,1.7475,1.7208,1.7737
shrinking,both,G0-topics0.3,r7_hard_first,0.1278,0.1220,0.1333
shrinking,both,G0-topics0.3,r4b_chance_below_0.5,0.0931,0.0875,0.0991
shrinking,both,G0-topics0.3,r4b_chance_0.5_to_0.6,0.1313,0.1277,0.1348
shrinking,both,G0-topics0.3,r4b_chance_0.6_to_0.7,0.2182,0.2148,0.2216
shrinking,both,G0-topics0.3,r4b_chance_0.7_to_0.8,0.2786,0.2747,0.2826
shrinking,both,G0-topics0.3,r4b_chance_0.8_up,0.2788,0.2714,0.2859
shrinking,both,G0-topics0.3,r3_reachable,0.9460,0.9417,0.9503
shrinking,both,G0-topics0.3,r8_rank_6_20,3.6583,3.4283,3.8917
shrinking,both,G0-topics0.3,r8_topic_rank_6_20,17.4750,16.9950,17.9883
shrinking,both,G0-topics0.3,r8_rank_150_200,0.6789,0.6010,0.7676
shrinking,both,G0-topics0.3,r8_topic_rank_150_200,7.3132,7.1495,7.4868
shrinking,both,G0-topics0.3,r2_ece,0.0045,0.0032,0.0061
shrinking,both,G0-topics0.3,r4b_3,0.1356,0.1304,0.1409
shrinking,both,G0-topics0.3,r4b_5,0.4265,0.4190,0.4340
shrinking,both,G0-topics0.3,r4b_10,0.8326,0.8253,0.8398
shrinking,both,G0-topics0.3,r4b_20,0.9834,0.9795,0.9869
shrinking,both,G0-topics0.3,r4b_50,0.9984,0.9971,0.9995
shrinking,both,G0-topics0.3,r8_move_p95_6_20,73.0000,73.0000,73.0000
shrinking,both,G0-topics0.3,r8_move_p95_150_200,37.0000,37.0000,37.0000
shrinking,both,G0-topics1,r1_rms_5,1.3130,1.2953,1.3306
shrinking,both,G0-topics1,r1_mean_5,-0.0428,-0.0768,-0.0068
shrinking,both,G0-topics1,r1_rms_10,1.2678,1.2525,1.2819
shrinking,both,G0-topics1,r1_mean_10,-0.0832,-0.1144,-0.0519
shrinking,both,G0-topics1,r1_rms_20,1.1800,1.1680,1.1921
shrinking,both,G0-topics1,r1_mean_20,-0.1369,-0.1643,-0.1101
shrinking,both,G0-topics1,r1_rms_50,1.0004,0.9912,1.0099
shrinking,both,G0-topics1,r1_mean_50,-0.1904,-0.2092,-0.1719
shrinking,both,G0-topics1,r1_rms_100,0.8601,0.8520,0.8684
shrinking,both,G0-topics1,r1_mean_100,-0.2114,-0.2246,-0.1983
shrinking,both,G0-topics1,r1_rms_200,0.7395,0.7328,0.7459
shrinking,both,G0-topics1,r1_mean_200,-0.2033,-0.2129,-0.1934
shrinking,both,G0-topics1,r2_brier,0.1749,0.1740,0.1758
shrinking,both,G0-topics1,r2_bias,0.0083,0.0066,0.0098
shrinking,both,G0-topics1,r3_inside,0.3726,0.3699,0.3749
shrinking,both,G0-topics1,r3_below_0.5,0.0620,0.0596,0.0644
shrinking,both,G0-topics1,r3_above_0.95,0.0637,0.0615,0.0659
shrinking,both,G0-topics1,r4_false,0.5899,0.5822,0.5976
shrinking,both,G0-topics1,r4_false_0.70,0.4885,0.4809,0.4965
shrinking,both,G0-topics1,r4_below,0.0000,0.0000,0.0000
shrinking,both,G0-topics1,r4_false_at_task,0.5899,0.5819,0.5976
shrinking,both,G0-topics1,r4_declared,9.8540,9.7468,9.9597
shrinking,both,G0-topics1,r5_late_answers,9.3292,9.2257,9.4416
shrinking,both,G0-topics1,r5_never,0.1981,0.1892,0.2069
shrinking,both,G0-topics1,r6_lag,-0.1409,-0.1508,-0.1313
shrinking,both,G0-topics1,r7_error_5,0.9043,0.8835,0.9245
shrinking,both,G0-topics1,r7_error_10,0.8325,0.8135,0.8521
shrinking,both,G0-topics1,r7_longest_wrong,1.9347,1.9015,1.9688
shrinking,both,G0-topics1,r7_hard_first,0.1922,0.1862,0.1984
shrinking,both,G0-topics1,r4b_chance_below_0.5,0.1815,0.1748,0.1888
shrinking,both,G0-topics1,r4b_chance_0.5_to_0.6,0.1495,0.1470,0.1519
shrinking,both,G0-topics1,r4b_chance_0.6_to_0.7,0.1974,0.1946,0.2002
shrinking,both,G0-topics1,r4b_chance_0.7_to_0.8,0.2215,0.2182,0.2249
shrinking,both,G0-topics1,r4b_chance_0.8_up,0.2501,0.2442,0.2561
shrinking,both,G0-topics1,r3_reachable,0.9288,0.9250,0.9325
shrinking,both,G0-topics1,r8_rank_6_20,3.9117,3.6867,4.1533
shrinking,both,G0-topics1,r8_topic_rank_6_20,18.6767,18.2183,19.1300
shrinking,both,G0-topics1,r8_rank_150_200,0.8054,0.7181,0.9044
shrinking,both,G0-topics1,r8_topic_rank_150_200,7.1270,6.9652,7.2936
shrinking,both,G0-topics1,r2_ece,0.0097,0.0082,0.0113
shrinking,both,G0-topics1,r4b_3,0.1264,0.1214,0.1313
shrinking,both,G0-topics1,r4b_5,0.3862,0.3788,0.3932
shrinking,both,G0-topics1,r4b_10,0.7786,0.7712,0.7862
shrinking,both,G0-topics1,r4b_20,0.9704,0.9650,0.9751
shrinking,both,G0-topics1,r4b_50,0.9956,0.9933,0.9975
shrinking,both,G0-topics1,r8_move_p95_6_20,73.0000,73.0000,73.0000
shrinking,both,G0-topics1,r8_move_p95_150_200,36.0000,36.0000,36.0000
constant_slow,both,G0,r1_rms_5,1.0045,0.9873,1.0230
constant_slow,both,G0,r1_mean_5,-0.0146,-0.0462,0.0184
constant_slow,both,G0,r1_rms_10,0.9637,0.9477,0.9801
constant_slow,both,G0,r1_mean_10,-0.0334,-0.0640,-0.0029
constant_slow,both,G0,r1_rms_20,0.8744,0.8606,0.8891
constant_slow,both,G0,r1_mean_20,-0.0626,-0.0884,-0.0360
constant_slow,both,G0,r1_rms_50,0.6767,0.6678,0.6856
constant_slow,both,G0,r1_mean_50,-0.1017,-0.1196,-0.0848
constant_slow,both,G0,r1_rms_100,0.5421,0.5369,0.5474
constant_slow,both,G0,r1_mean_100,-0.1105,-0.1217,-0.0991
constant_slow,both,G0,r1_rms_200,0.4805,0.4765,0.4848
constant_slow,both,G0,r1_mean_200,-0.0810,-0.0895,-0.0718
constant_slow,both,G0,r2_brier,0.1751,0.1743,0.1759
constant_slow,both,G0,r2_bias,0.0043,0.0029,0.0056
constant_slow,both,G0,r3_inside,0.4287,0.4262,0.4313
constant_slow,both,G0,r3_below_0.5,0.0394,0.0374,0.0414
constant_slow,both,G0,r3_above_0.95,0.0291,0.0277,0.0306
constant_slow,both,G0,r4_false,0.6556,0.6473,0.6639
constant_slow,both,G0,r4_false_0.70,0.5504,0.5407,0.5598
constant_slow,both,G0,r4_below,0.0000,0.0000,0.0000
constant_slow,both,G0,r4_false_at_task,0.6556,0.6475,0.6640
constant_slow,both,G0,r4_declared,10.4927,10.3827,10.5998
constant_slow,both,G0,r5_late_answers,9.5053,9.3869,9.6246
constant_slow,both,G0,r5_never,0.2337,0.2242,0.2434
constant_slow,both,G0,r6_lag,-0.1177,-0.1246,-0.1104
constant_slow,both,G0,r7_error_5,0.8588,0.8389,0.8790
constant_slow,both,G0,r7_error_10,0.8053,0.7864,0.8249
constant_slow,both,G0,r7_longest_wrong,1.8410,1.8095,1.8720
constant_slow,both,G0,r7_hard_first,0.1421,0.1361,0.1481
constant_slow,both,G0,r4b_chance_below_0.5,0.1083,0.1028,0.1145
constant_slow,both,G0,r4b_chance_0.5_to_0.6,0.1347,0.1315,0.1377
constant_slow,both,G0,r4b_chance_0.6_to_0.7,0.2131,0.2101,0.2161
constant_slow,both,G0,r4b_chance_0.7_to_0.8,0.2658,0.2620,0.2695
constant_slow,both,G0,r4b_chance_0.8_up,0.2781,0.2715,0.2849
constant_slow,both,G0,r3_reachable,0.9377,0.9337,0.9416
constant_slow,both,G0,r8_rank_6_20,2.7367,2.5433,2.9367
constant_slow,both,G0,r8_topic_rank_6_20,10.4033,9.9967,10.8050
constant_slow,both,G0,r8_rank_150_200,3.4422,3.2789,3.6127
constant_slow,both,G0,r8_topic_rank_150_200,10.2451,10.0662,10.4275
constant_slow,both,G0,r2_ece,0.0064,0.0051,0.0078
constant_slow,both,G0,r4b_3,0.1387,0.1332,0.1439
constant_slow,both,G0,r4b_5,0.4134,0.4065,0.4204
constant_slow,both,G0,r4b_10,0.7919,0.7852,0.7988
constant_slow,both,G0,r4b_20,0.9751,0.9704,0.9795
constant_slow,both,G0,r4b_50,0.9978,0.9962,0.9992
constant_slow,both,G0,r8_move_p95_6_20,42.0000,42.0000,42.0000
constant_slow,both,G0,r8_move_p95_150_200,42.0000,42.0000,42.0000
constant_slow,both,G1,r1_rms_5,1.0765,1.0559,1.0983
constant_slow,both,G1,r1_mean_5,-0.0322,-0.0690,0.0048
constant_slow,both,G1,r1_rms_10,1.0313,1.0113,1.0522
constant_slow,both,G1,r1_mean_10,-0.0567,-0.0925,-0.0227
constant_slow,both,G1,r1_rms_20,0.9349,0.9175,0.9531
constant_slow,both,G1,r1_mean_20,-0.0864,-0.1171,-0.0550
constant_slow,both,G1,r1_rms_50,0.7234,0.7122,0.7348
constant_slow,both,G1,r1_mean_50,-0.1283,-0.1496,-0.1079
constant_slow,both,G1,r1_rms_100,0.5686,0.5624,0.5757
constant_slow,both,G1,r1_mean_100,-0.1056,-0.1189,-0.0931
constant_slow,both,G1,r1_rms_200,0.4888,0.4847,0.4928
constant_slow,both,G1,r1_mean_200,-0.0465,-0.0549,-0.0376
constant_slow,both,G1,r2_brier,0.1823,0.1809,0.1836
constant_slow,both,G1,r2_bias,0.0015,-0.0001,0.0031
constant_slow,both,G1,r3_inside,0.3567,0.3520,0.3613
constant_slow,both,G1,r3_below_0.5,0.1215,0.1154,0.1284
constant_slow,both,G1,r3_above_0.95,0.0416,0.0394,0.0439
constant_slow,both,G1,r4_false,0.6288,0.6178,0.6396
constant_slow,both,G1,r4_false_0.70,0.5703,0.5600,0.5804
constant_slow,both,G1,r4_below,0.0000,0.0000,0.0000
constant_slow,both,G1,r4_false_at_task,0.6288,0.6184,0.6395
constant_slow,both,G1,r4_declared,10.4405,10.3265,10.5485
constant_slow,both,G1,r5_late_answers,9.3244,9.2125,9.4391
constant_slow,both,G1,r5_never,0.2512,0.2402,0.2616
constant_slow,both,G1,r6_lag,-0.1182,-0.1262,-0.1098
constant_slow,both,G1,r7_error_5,0.9118,0.8870,0.9373
constant_slow,both,G1,r7_error_10,0.8568,0.8344,0.8823
constant_slow,both,G1,r7_longest_wrong,2.0735,2.0322,2.1170
constant_slow,both,G1,r7_hard_first,0.2277,0.2190,0.2365
constant_slow,both,G1,r4b_chance_below_0.5,0.3333,0.3201,0.3456
constant_slow,both,G1,r4b_chance_0.5_to_0.6,0.1748,0.1706,0.1786
constant_slow,both,G1,r4b_chance_0.6_to_0.7,0.1570,0.1539,0.1604
constant_slow,both,G1,r4b_chance_0.7_to_0.8,0.1561,0.1509,0.1618
constant_slow,both,G1,r4b_chance_0.8_up,0.1788,0.1706,0.1872
constant_slow,both,G1,r3_reachable,0.8101,0.7995,0.8212
constant_slow,both,G1,r8_rank_6_20,2.9350,2.7550,3.1333
constant_slow,both,G1,r8_topic_rank_6_20,10.2733,9.8700,10.6900
constant_slow,both,G1,r8_rank_150_200,3.0123,2.8574,3.1799
constant_slow,both,G1,r8_topic_rank_150_200,8.5672,8.3711,8.7725
constant_slow,both,G1,r2_ece,0.0080,0.0074,0.0096
constant_slow,both,G1,r4b_3,0.1293,0.1229,0.1354
constant_slow,both,G1,r4b_5,0.3528,0.3442,0.3618
constant_slow,both,G1,r4b_10,0.6859,0.6755,0.6956
constant_slow,both,G1,r4b_20,0.8917,0.8851,0.8981
constant_slow,both,G1,r4b_50,0.9807,0.9779,0.9833
constant_slow,both,G1,r8_move_p95_6_20,42.0000,42.0000,42.0000
constant_slow,both,G1,r8_move_p95_150_200,42.0000,42.0000,42.0000
constant_slow,both,G2,r1_rms_5,0.9947,0.9764,1.0122
constant_slow,both,G2,r1_mean_5,-0.0657,-0.1003,-0.0330
constant_slow,both,G2,r1_rms_10,0.9583,0.9422,0.9747
constant_slow,both,G2,r1_mean_10,-0.1341,-0.1655,-0.1021
constant_slow,both,G2,r1_rms_20,0.8907,0.8771,0.9054
constant_slow,both,G2,r1_mean_20,-0.2487,-0.2738,-0.2223
constant_slow,both,G2,r1_rms_50,0.8053,0.7933,0.8173
constant_slow,both,G2,r1_mean_50,-0.4872,-0.5051,-0.4694
constant_slow,both,G2,r1_rms_100,0.8338,0.8242,0.8437
constant_slow,both,G2,r1_mean_100,-0.6695,-0.6816,-0.6574
constant_slow,both,G2,r1_rms_200,0.8797,0.8721,0.8873
constant_slow,both,G2,r1_mean_200,-0.7612,-0.7701,-0.7525
constant_slow,both,G2,r2_brier,0.1405,0.1398,0.1413
constant_slow,both,G2,r2_bias,-0.0586,-0.0598,-0.0574
constant_slow,both,G2,r3_inside,0.3275,0.3244,0.3306
constant_slow,both,G2,r3_below_0.5,0.0188,0.0179,0.0198
constant_slow,both,G2,r3_above_0.95,0.0955,0.0924,0.0986
constant_slow,both,G2,r4_false,0.4583,0.4498,0.4673
constant_slow,both,G2,r4_false_0.70,0.3511,0.3430,0.3589
constant_slow,both,G2,r4_below,0.0000,0.0000,0.0000
constant_slow,both,G2,r4_false_at_task,0.4583,0.4495,0.4672
constant_slow,both,G2,r4_declared,14.1167,13.9985,14.2395
constant_slow,both,G2,r5_late_answers,7.3629,7.3000,7.4305
constant_slow,both,G2,r5_never,0.1910,0.1838,0.1985
constant_slow,both,G2,r6_lag,-0.7535,-0.7617,-0.7456
constant_slow,both,G2,r7_error_5,0.8438,0.8230,0.8643
constant_slow,both,G2,r7_error_10,0.7942,0.7748,0.8136
constant_slow,both,G2,r7_longest_wrong,1.7902,1.7615,1.8190
constant_slow,both,G2,r7_hard_first,0.1358,0.1304,0.1416
constant_slow,both,G2,r4b_chance_below_0.5,0.0715,0.0679,0.0751
constant_slow,both,G2,r4b_chance_0.5_to_0.6,0.0838,0.0813,0.0865
constant_slow,both,G2,r4b_chance_0.6_to_0.7,0.1522,0.1493,0.1553
constant_slow,both,G2,r4b_chance_0.7_to_0.8,0.2499,0.2468,0.2530
constant_slow,both,G2,r4b_chance_0.8_up,0.4426,0.4353,0.4499
constant_slow,both,G2,r3_reachable,0.9586,0.9565,0.9605
constant_slow,both,G2,r8_rank_6_20,2.6767,2.4767,2.8917
constant_slow,both,G2,r8_topic_rank_6_20,9.6767,9.3083,10.0567
constant_slow,both,G2,r8_rank_150_200,3.1480,3.0118,3.2848
constant_slow,both,G2,r8_topic_rank_150_200,10.4328,10.2451,10.6172
constant_slow,both,G2,r2_ece,0.0586,0.0573,0.0599
constant_slow,both,G2,r4b_3,0.1594,0.1535,0.1658
constant_slow,both,G2,r4b_5,0.4866,0.4781,0.4950
constant_slow,both,G2,r4b_10,0.8825,0.8750,0.8898
constant_slow,both,G2,r4b_20,0.9972,0.9955,0.9986
constant_slow,both,G2,r4b_50,1.0000,1.0000,1.0000
constant_slow,both,G2,r8_move_p95_6_20,42.0000,42.0000,42.0000
constant_slow,both,G2,r8_move_p95_150_200,41.0000,41.0000,41.0000
constant_slow,both,G3,r1_rms_5,1.0008,0.9828,1.0193
constant_slow,both,G3,r1_mean_5,-0.0156,-0.0487,0.0157
constant_slow,both,G3,r1_rms_10,0.9558,0.9394,0.9717
constant_slow,both,G3,r1_mean_10,-0.0359,-0.0658,-0.0062
constant_slow,both,G3,r1_rms_20,0.8667,0.8532,0.8799
constant_slow,both,G3,r1_mean_20,-0.0577,-0.0831,-0.0325
constant_slow,both,G3,r1_rms_50,0.6763,0.6674,0.6854
constant_slow,both,G3,r1_mean_50,-0.1105,-0.1275,-0.0935
constant_slow,both,G3,r1_rms_100,0.7506,0.7404,0.7614
constant_slow,both,G3,r1_mean_100,-0.4646,-0.4805,-0.4490
constant_slow,both,G3,r1_rms_200,0.5918,0.5858,0.5981
constant_slow,both,G3,r1_mean_200,-0.3518,-0.3610,-0.3425
constant_slow,both,G3,r2_brier,0.1581,0.1573,0.1589
constant_slow,both,G3,r2_bias,-0.0271,-0.0284,-0.0257
constant_slow,both,G3,r3_inside,0.3737,0.3712,0.3761
constant_slow,both,G3,r3_below_0.5,0.0312,0.0297,0.0327
constant_slow,both,G3,r3_above_0.95,0.0618,0.0598,0.0638
constant_slow,both,G3,r4_false,0.5468,0.5377,0.5562
constant_slow,both,G3,r4_false_0.70,0.4337,0.4244,0.4424
constant_slow,both,G3,r4_below,0.0000,0.0000,0.0000
constant_slow,both,G3,r4_false_at_task,0.5468,0.5374,0.5562
constant_slow,both,G3,r4_declared,12.3125,12.1870,12.4273
constant_slow,both,G3,r5_late_answers,8.0358,7.9497,8.1289
constant_slow,both,G3,r5_never,0.2225,0.2133,0.2318
constant_slow,both,G3,r6_lag,-0.5187,-0.5266,-0.5103
constant_slow,both,G3,r6_jump_answers,58.3113,57.3558,59.3158
constant_slow,both,G3,r6_jump_unsettled,0.3207,0.3063,0.3355
constant_slow,both,G3,r7_error_5,0.8538,0.8343,0.8746
constant_slow,both,G3,r7_error_10,0.8012,0.7817,0.8200
constant_slow,both,G3,r7_longest_wrong,1.8417,1.8110,1.8738
constant_slow,both,G3,r7_hard_first,0.1427,0.1363,0.1485
constant_slow,both,G3,r4b_chance_below_0.5,0.1021,0.0970,0.1074
constant_slow,both,G3,r4b_chance_0.5_to_0.6,0.1174,0.1144,0.1204
constant_slow,both,G3,r4b_chance_0.6_to_0.7,0.1850,0.1819,0.1883
constant_slow,both,G3,r4b_chance_0.7_to_0.8,0.2507,0.2473,0.2541
constant_slow,both,G3,r4b_chance_0.8_up,0.3447,0.3380,0.3517
constant_slow,both,G3,r3_reachable,0.9494,0.9465,0.9523
constant_slow,both,G3,r8_rank_6_20,2.5467,2.3517,2.7500
constant_slow,both,G3,r8_topic_rank_6_20,9.7817,9.3950,10.1900
constant_slow,both,G3,r8_rank_150_200,3.1887,3.0436,3.3353
constant_slow,both,G3,r8_topic_rank_150_200,10.4446,10.2564,10.6324
constant_slow,both,G3,r2_ece,0.0271,0.0258,0.0284
constant_slow,both,G3,r4b_3,0.1369,0.1314,0.1425
constant_slow,both,G3,r4b_5,0.4317,0.4241,0.4387
constant_slow,both,G3,r4b_10,0.8343,0.8272,0.8418
constant_slow,both,G3,r4b_20,0.9868,0.9838,0.9898
constant_slow,both,G3,r4b_50,0.9996,0.9991,1.0000
constant_slow,both,G3,r8_move_p95_6_20,42.0000,42.0000,42.0000
constant_slow,both,G3,r8_move_p95_150_200,41.0000,41.0000,42.0000
constant_slow,both,G4,r1_rms_5,1.0200,1.0024,1.0390
constant_slow,both,G4,r1_mean_5,-0.2311,-0.2641,-0.1984
constant_slow,both,G4,r1_rms_10,0.9816,0.9645,0.9985
constant_slow,both,G4,r1_mean_10,-0.2698,-0.3000,-0.2383
constant_slow,both,G4,r1_rms_20,0.9061,0.8911,0.9217
constant_slow,both,G4,r1_mean_20,-0.3202,-0.3462,-0.2947
constant_slow,both,G4,r1_rms_50,0.7560,0.7452,0.7666
constant_slow,both,G4,r1_mean_50,-0.4110,-0.4274,-0.3941
constant_slow,both,G4,r1_rms_100,0.6862,0.6788,0.6939
constant_slow,both,G4,r1_mean_100,-0.4687,-0.4804,-0.4575
constant_slow,both,G4,r1_rms_200,0.6551,0.6489,0.6618
constant_slow,both,G4,r1_mean_200,-0.4759,-0.4843,-0.4675
constant_slow,both,G4,r2_brier,0.1806,0.1797,0.1814
constant_slow,both,G4,r2_bias,0.0122,0.0109,0.0136
constant_slow,both,G4,r3_inside,0.3877,0.3855,0.3897
constant_slow,both,G4,r3_below_0.5,0.0614,0.0589,0.0641
constant_slow,both,G4,r3_above_0.95,0.0356,0.0341,0.0370
constant_slow,both,G4,r4_false,0.6046,0.5955,0.6136
constant_slow,both,G4,r4_false_0.70,0.4939,0.4844,0.5031
constant_slow,both,G4,r4_below,0.0000,0.0000,0.0000
constant_slow,both,G4,r4_false_at_task,0.6046,0.5959,0.6130
constant_slow,both,G4,r4_declared,10.1020,9.9917,10.2137
constant_slow,both,G4,r5_late_answers,10.0130,9.8943,10.1451
constant_slow,both,G4,r5_never,0.2557,0.2454,0.2663
constant_slow,both,G4,r6_lag,-0.4973,-0.5040,-0.4894
constant_slow,both,G4,r7_error_5,0.8787,0.8584,0.8999
constant_slow,both,G4,r7_error_10,0.8278,0.8075,0.8484
constant_slow,both,G4,r7_longest_wrong,1.9587,1.9272,1.9937
constant_slow,both,G4,r7_hard_first,0.1918,0.1854,0.1981
constant_slow,both,G4,r4b_chance_below_0.5,0.1644,0.1571,0.1720
constant_slow,both,G4,r4b_chance_0.5_to_0.6,0.1472,0.1444,0.1499
constant_slow,both,G4,r4b_chance_0.6_to_0.7,0.1941,0.1913,0.1968
constant_slow,both,G4,r4b_chance_0.7_to_0.8,0.2288,0.2254,0.2325
constant_slow,both,G4,r4b_chance_0.8_up,0.2655,0.2593,0.2719
constant_slow,both,G4,r3_reachable,0.9467,0.9422,0.9507
constant_slow,both,G4,r8_rank_6_20,2.9150,2.7183,3.1217
constant_slow,both,G4,r8_topic_rank_6_20,10.5400,10.1333,10.9667
constant_slow,both,G4,r8_rank_150_200,3.3784,3.2127,3.5583
constant_slow,both,G4,r8_topic_rank_150_200,10.1103,9.9265,10.3034
constant_slow,both,G4,r2_ece,0.0148,0.0135,0.0161
constant_slow,both,G4,r4b_3,0.1161,0.1109,0.1213
constant_slow,both,G4,r4b_5,0.3896,0.3818,0.3975
constant_slow,both,G4,r4b_10,0.7782,0.7703,0.7859
constant_slow,both,G4,r4b_20,0.9639,0.9586,0.9694
constant_slow,both,G4,r4b_50,0.9955,0.9932,0.9975
constant_slow,both,G4,r8_move_p95_6_20,42.0000,42.0000,42.0000
constant_slow,both,G4,r8_move_p95_150_200,42.0000,42.0000,42.0000
constant_slow,both,G5,r1_rms_5,0.9083,0.8886,0.9278
constant_slow,both,G5,r1_mean_5,-0.0110,-0.0463,0.0214
constant_slow,both,G5,r1_rms_10,0.8693,0.8511,0.8875
constant_slow,both,G5,r1_mean_10,-0.0210,-0.0520,0.0092
constant_slow,both,G5,r1_rms_20,0.9068,0.8930,0.9217
constant_slow,both,G5,r1_mean_20,-0.0379,-0.0642,-0.0113
constant_slow,both,G5,r1_rms_50,0.7438,0.7337,0.7544
constant_slow,both,G5,r1_mean_50,-0.0707,-0.0892,-0.0521
constant_slow,both,G5,r1_rms_100,0.6228,0.6154,0.6301
constant_slow,both,G5,r1_mean_100,-0.0963,-0.1077,-0.0849
constant_slow,both,G5,r1_rms_200,0.5689,0.5626,0.5752
constant_slow,both,G5,r1_mean_200,-0.0791,-0.0892,-0.0690
constant_slow,both,G5,r2_brier,0.1779,0.1771,0.1788
constant_slow,both,G5,r2_bias,0.0069,0.0055,0.0083
constant_slow,both,G5,r3_inside,0.4056,0.4026,0.4087
constant_slow,both,G5,r3_below_0.5,0.0532,0.0508,0.0558
constant_slow,both,G5,r3_above_0.95,0.0349,0.0332,0.0366
constant_slow,both,G5,r4_false,0.6452,0.6363,0.6536
constant_slow,both,G5,r4_false_0.70,0.5400,0.5301,0.5497
constant_slow,both,G5,r4_below,0.0000,0.0000,0.0000
constant_slow,both,G5,r4_false_at_task,0.6452,0.6365,0.6539
constant_slow,both,G5,r4_declared,10.7130,10.6058,10.8150
constant_slow,both,G5,r5_late_answers,9.4549,9.3327,9.5736
constant_slow,both,G5,r5_never,0.2219,0.2117,0.2317
constant_slow,both,G5,r6_lag,-0.1192,-0.1265,-0.1115
constant_slow,both,G5,r7_error_5,0.9720,0.9494,0.9949
constant_slow,both,G5,r7_error_10,0.9306,0.9083,0.9521
constant_slow,both,G5,r7_longest_wrong,1.9058,1.8753,1.9383
constant_slow,both,G5,r7_hard_first,0.1350,0.1289,0.1413
constant_slow,both,G5,r4b_chance_below_0.5,0.1534,0.1464,0.1609
constant_slow,both,G5,r4b_chance_0.5_to_0.6,0.1554,0.1518,0.1593
constant_slow,both,G5,r4b_chance_0.6_to_0.7,0.2108,0.2073,0.2143
constant_slow,both,G5,r4b_chance_0.7_to_0.8,0.2337,0.2297,0.2378
constant_slow,both,G5,r4b_chance_0.8_up,0.2466,0.2394,0.2538
constant_slow,both,G5,r3_reachable,0.9086,0.9030,0.9148
constant_slow,both,G5,r8_rank_6_20,2.7333,2.5367,2.9267
constant_slow,both,G5,r8_topic_rank_6_20,9.9967,9.6100,10.3867
constant_slow,both,G5,r8_rank_150_200,3.4495,3.2725,3.6191
constant_slow,both,G5,r8_topic_rank_150_200,10.1735,9.9819,10.3618
constant_slow,both,G5,r2_ece,0.0098,0.0084,0.0113
constant_slow,both,G5,r4b_3,0.1336,0.1283,0.1392
constant_slow,both,G5,r4b_5,0.3913,0.3839,0.3992
constant_slow,both,G5,r4b_10,0.7656,0.7581,0.7735
constant_slow,both,G5,r4b_20,0.9674,0.9629,0.9721
constant_slow,both,G5,r4b_50,0.9983,0.9971,0.9993
constant_slow,both,G5,r8_move_p95_6_20,42.0000,42.0000,42.0000
constant_slow,both,G5,r8_move_p95_150_200,42.0000,42.0000,42.0000
constant_slow,both,G6,r1_rms_5,1.0556,1.0350,1.0770
constant_slow,both,G6,r1_mean_5,-0.0395,-0.0747,-0.0031
constant_slow,both,G6,r1_rms_10,1.0191,0.9994,1.0381
constant_slow,both,G6,r1_mean_10,-0.0703,-0.1031,-0.0364
constant_slow,both,G6,r1_rms_20,0.9458,0.9281,0.9636
constant_slow,both,G6,r1_mean_20,-0.1004,-0.1321,-0.0695
constant_slow,both,G6,r1_rms_50,0.8034,0.7877,0.8179
constant_slow,both,G6,r1_mean_50,-0.1594,-0.1840,-0.1343
constant_slow,both,G6,r1_rms_100,0.7458,0.7330,0.7581
constant_slow,both,G6,r1_mean_100,-0.2185,-0.2403,-0.1963
constant_slow,both,G6,r1_rms_200,0.7528,0.7416,0.7647
constant_slow,both,G6,r1_mean_200,-0.2605,-0.2811,-0.2397
constant_slow,both,G6,r2_brier,0.1792,0.1783,0.1801
constant_slow,both,G6,r2_bias,0.0107,0.0093,0.0122
constant_slow,both,G6,r3_inside,0.4276,0.4206,0.4348
constant_slow,both,G6,r3_below_0.5,0.0616,0.0592,0.0641
constant_slow,both,G6,r3_above_0.95,0.0941,0.0907,0.0976
constant_slow,both,G6,r4_false,0.6774,0.6691,0.6857
constant_slow,both,G6,r4_false_0.70,0.5594,0.5504,0.5693
constant_slow,both,G6,r4_below,0.0000,0.0000,0.0000
constant_slow,both,G6,r4_false_at_task,0.6774,0.6685,0.6857
constant_slow,both,G6,r4_declared,10.2240,10.1203,10.3345
constant_slow,both,G6,r5_late_answers,9.4882,9.3548,9.6174
constant_slow,both,G6,r5_never,0.2473,0.2364,0.2578
constant_slow,both,G6,r6_lag,-0.2597,-0.2811,-0.2385
constant_slow,both,G6,r7_error_5,0.9105,0.8867,0.9341
constant_slow,both,G6,r7_error_10,0.8623,0.8404,0.8840
constant_slow,both,G6,r7_longest_wrong,1.8880,1.8573,1.9215
constant_slow,both,G6,r7_hard_first,0.1411,0.1354,0.1470
constant_slow,both,G6,r4b_chance_below_0.5,0.1269,0.1203,0.1340
constant_slow,both,G6,r4b_chance_0.5_to_0.6,0.1217,0.1178,0.1255
constant_slow,both,G6,r4b_chance_0.6_to_0.7,0.2372,0.2317,0.2427
constant_slow,both,G6,r4b_chance_0.7_to_0.8,0.2893,0.2832,0.2956
constant_slow,both,G6,r4b_chance_0.8_up,0.2249,0.2178,0.2323
constant_slow,both,G6,r3_reachable,0.8024,0.7952,0.8097
constant_slow,both,G6,r8_rank_6_20,2.8433,2.6300,3.0600
constant_slow,both,G6,r8_topic_rank_6_20,10.2167,9.8250,10.6050
constant_slow,both,G6,r8_rank_150_200,3.2436,3.0784,3.4113
constant_slow,both,G6,r8_topic_rank_150_200,9.9922,9.8098,10.1755
constant_slow,both,G6,r2_ece,0.0137,0.0122,0.0151
constant_slow,both,G6,r4b_3,0.1315,0.1265,0.1362
constant_slow,both,G6,r4b_5,0.3976,0.3908,0.4046
constant_slow,both,G6,r4b_10,0.7753,0.7678,0.7824
constant_slow,both,G6,r4b_20,0.9702,0.9658,0.9744
constant_slow,both,G6,r4b_50,0.9966,0.9942,0.9985
constant_slow,both,G6,r8_move_p95_6_20,42.0000,42.0000,42.0000
constant_slow,both,G6,r8_move_p95_150_200,42.0000,42.0000,42.0000
constant_slow,both,G7,r1_rms_5,1.0234,1.0050,1.0414
constant_slow,both,G7,r1_mean_5,-0.0986,-0.1337,-0.0632
constant_slow,both,G7,r1_rms_10,0.9829,0.9665,0.9992
constant_slow,both,G7,r1_mean_10,-0.1212,-0.1536,-0.0898
constant_slow,both,G7,r1_rms_20,0.8987,0.8839,0.9134
constant_slow,both,G7,r1_mean_20,-0.1448,-0.1722,-0.1173
constant_slow,both,G7,r1_rms_50,0.7257,0.7160,0.7358
constant_slow,both,G7,r1_mean_50,-0.1705,-0.1912,-0.1518
constant_slow,both,G7,r1_rms_100,0.6127,0.6058,0.6189
constant_slow,both,G7,r1_mean_100,-0.1681,-0.1820,-0.1539
constant_slow,both,G7,r1_rms_200,0.5529,0.5475,0.5583
constant_slow,both,G7,r1_mean_200,-0.1372,-0.1496,-0.1251
constant_slow,both,G7,r2_brier,0.1744,0.1736,0.1752
constant_slow,both,G7,r2_bias,0.0030,0.0017,0.0044
constant_slow,both,G7,r3_inside,0.4273,0.4247,0.4298
constant_slow,both,G7,r3_below_0.5,0.0407,0.0386,0.0430
constant_slow,both,G7,r3_above_0.95,0.0298,0.0283,0.0312
constant_slow,both,G7,r4_false,0.6530,0.6448,0.6613
constant_slow,both,G7,r4_false_0.70,0.5484,0.5391,0.5573
constant_slow,both,G7,r4_below,0.0000,0.0000,0.0000
constant_slow,both,G7,r4_false_at_task,0.6530,0.6443,0.6612
constant_slow,both,G7,r4_declared,10.4695,10.3573,10.5777
constant_slow,both,G7,r5_late_answers,9.5475,9.4282,9.6672
constant_slow,both,G7,r5_never,0.2344,0.2247,0.2451
constant_slow,both,G7,r6_lag,-0.1708,-0.1810,-0.1591
constant_slow,both,G7,r7_error_5,0.8846,0.8639,0.9051
constant_slow,both,G7,r7_error_10,0.8315,0.8111,0.8506
constant_slow,both,G7,r7_longest_wrong,1.8493,1.8175,1.8822
constant_slow,both,G7,r7_hard_first,0.1407,0.1348,0.1464
constant_slow,both,G7,r4b_chance_below_0.5,0.1093,0.1037,0.1161
constant_slow,both,G7,r4b_chance_0.5_to_0.6,0.1317,0.1287,0.1348
constant_slow,both,G7,r4b_chance_0.6_to_0.7,0.2086,0.2055,0.2117
constant_slow,both,G7,r4b_chance_0.7_to_0.8,0.2656,0.2620,0.2692
constant_slow,both,G7,r4b_chance_0.8_up,0.2847,0.2781,0.2918
constant_slow,both,G7,r3_reachable,0.9335,0.9293,0.9378
constant_slow,both,G7,r8_rank_6_20,2.4850,2.3017,2.6833
constant_slow,both,G7,r8_topic_rank_6_20,9.4550,9.0583,9.8283
constant_slow,both,G7,r8_rank_150_200,3.3574,3.1922,3.5309
constant_slow,both,G7,r8_topic_rank_150_200,10.3020,10.1216,10.4819
constant_slow,both,G7,r2_ece,0.0052,0.0040,0.0065
constant_slow,both,G7,r4b_3,0.1398,0.1348,0.1449
constant_slow,both,G7,r4b_5,0.4156,0.4087,0.4225
constant_slow,both,G7,r4b_10,0.7894,0.7825,0.7960
constant_slow,both,G7,r4b_20,0.9734,0.9691,0.9776
constant_slow,both,G7,r4b_50,0.9966,0.9944,0.9984
constant_slow,both,G7,r8_move_p95_6_20,42.0000,42.0000,42.0000
constant_slow,both,G7,r8_move_p95_150_200,42.0000,42.0000,42.0000
constant_slow,both,G8,r1_rms_5,1.0021,0.9843,1.0202
constant_slow,both,G8,r1_mean_5,0.0023,-0.0286,0.0355
constant_slow,both,G8,r1_rms_10,0.9579,0.9410,0.9747
constant_slow,both,G8,r1_mean_10,-0.0199,-0.0498,0.0110
constant_slow,both,G8,r1_rms_20,0.8698,0.8566,0.8837
constant_slow,both,G8,r1_mean_20,-0.0510,-0.0774,-0.0246
constant_slow,both,G8,r1_rms_50,0.6751,0.6670,0.6840
constant_slow,both,G8,r1_mean_50,-0.1006,-0.1179,-0.0828
constant_slow,both,G8,r1_rms_100,0.5430,0.5377,0.5481
constant_slow,both,G8,r1_mean_100,-0.1085,-0.1193,-0.0974
constant_slow,both,G8,r1_rms_200,0.4801,0.4762,0.4844
constant_slow,both,G8,r1_mean_200,-0.0764,-0.0855,-0.0679
constant_slow,both,G8,r2_brier,0.1756,0.1748,0.1764
constant_slow,both,G8,r2_bias,0.0046,0.0033,0.0059
constant_slow,both,G8,r3_inside,0.4309,0.4284,0.4333
constant_slow,both,G8,r3_below_0.5,0.0399,0.0380,0.0418
constant_slow,both,G8,r3_above_0.95,0.0284,0.0270,0.0298
constant_slow,both,G8,r4_false,0.6665,0.6579,0.6753
constant_slow,both,G8,r4_false_0.70,0.5622,0.5526,0.5725
constant_slow,both,G8,r4_below,0.0000,0.0000,0.0000
constant_slow,both,G8,r4_false_at_task,0.6665,0.6577,0.6751
constant_slow,both,G8,r4_declared,7.7010,7.6093,7.7973
constant_slow,both,G8,r5_late_answers,10.5275,10.3682,10.6737
constant_slow,both,G8,r5_never,0.4145,0.4042,0.4255
constant_slow,both,G8,r6_lag,-0.1054,-0.1129,-0.0979
constant_slow,both,G8,r7_error_5,0.8521,0.8319,0.8727
constant_slow,both,G8,r7_error_10,0.7992,0.7814,0.8185
constant_slow,both,G8,r7_longest_wrong,1.8470,1.8148,1.8790
constant_slow,both,G8,r7_hard_first,0.1456,0.1399,0.1518
constant_slow,both,G8,r4b_chance_below_0.5,0.1010,0.0957,0.1066
constant_slow,both,G8,r4b_chance_0.5_to_0.6,0.1331,0.1302,0.1362
constant_slow,both,G8,r4b_chance_0.6_to_0.7,0.2145,0.2117,0.2174
constant_slow,both,G8,r4b_chance_0.7_to_0.8,0.2737,0.2702,0.2769
constant_slow,both,G8,r4b_chance_0.8_up,0.2777,0.2716,0.2842
constant_slow,both,G8,r3_reachable,0.9395,0.9353,0.9437
constant_slow,both,G8,r8_rank_6_20,2.6600,2.4583,2.8617
constant_slow,both,G8,r8_topic_rank_6_20,9.9250,9.5550,10.3183
constant_slow,both,G8,r8_rank_150_200,3.5123,3.3417,3.6897
constant_slow,both,G8,r8_topic_rank_150_200,10.2936,10.1034,10.4770
constant_slow,both,G8,r2_ece,0.0070,0.0057,0.0083
constant_slow,both,G8,r4b_3,0.0697,0.0661,0.0732
constant_slow,both,G8,r4b_5,0.2908,0.2843,0.2973
constant_slow,both,G8,r4b_10,0.6352,0.6267,0.6437
constant_slow,both,G8,r4b_20,0.9155,0.9085,0.9225
constant_slow,both,G8,r4b_50,0.9941,0.9900,0.9973
constant_slow,both,G8,r8_move_p95_6_20,42.0000,42.0000,42.0000
constant_slow,both,G8,r8_move_p95_150_200,42.0000,42.0000,42.0000
constant_slow,both,G0-exact,r1_rms_5,0.9834,0.9656,1.0003
constant_slow,both,G0-exact,r1_mean_5,-0.0207,-0.0532,0.0122
constant_slow,both,G0-exact,r1_rms_10,0.9381,0.9234,0.9536
constant_slow,both,G0-exact,r1_mean_10,-0.0379,-0.0688,-0.0086
constant_slow,both,G0-exact,r1_rms_20,0.8493,0.8368,0.8629
constant_slow,both,G0-exact,r1_mean_20,-0.0546,-0.0795,-0.0294
constant_slow,both,G0-exact,r1_rms_50,0.6561,0.6479,0.6648
constant_slow,both,G0-exact,r1_mean_50,-0.0772,-0.0939,-0.0597
constant_slow,both,G0-exact,r1_rms_100,0.5254,0.5204,0.5304
constant_slow,both,G0-exact,r1_mean_100,-0.0668,-0.0773,-0.0564
constant_slow,both,G0-exact,r1_rms_200,0.4691,0.4654,0.4729
constant_slow,both,G0-exact,r1_mean_200,-0.0353,-0.0435,-0.0269
constant_slow,both,G0-exact,r2_brier,0.1737,0.1729,0.1745
constant_slow,both,G0-exact,r2_bias,0.0021,0.0008,0.0034
constant_slow,both,G0-exact,r3_inside,0.5434,0.5389,0.5477
constant_slow,both,G0-exact,r3_below_0.5,0.0232,0.0211,0.0253
constant_slow,both,G0-exact,r3_above_0.95,0.0119,0.0108,0.0130
constant_slow,both,G0-exact,r4_false,0.6690,0.6609,0.6770
constant_slow,both,G0-exact,r4_false_0.70,0.5663,0.5571,0.5747
constant_slow,both,G0-exact,r4_below,0.0000,0.0000,0.0000
constant_slow,both,G0-exact,r4_false_at_task,0.6690,0.6608,0.6770
constant_slow,both,G0-exact,r4_declared,10.3710,10.2560,10.4832
constant_slow,both,G0-exact,r5_late_answers,9.4345,9.3066,9.5457
constant_slow,both,G0-exact,r5_never,0.2413,0.2309,0.2518
constant_slow,both,G0-exact,r6_lag,-0.0677,-0.0745,-0.0608
constant_slow,both,G0-exact,r7_error_5,0.8323,0.8123,0.8521
constant_slow,both,G0-exact,r7_error_10,0.7779,0.7585,0.7961
constant_slow,both,G0-exact,r7_longest_wrong,1.8265,1.7962,1.8578
constant_slow,both,G0-exact,r7_hard_first,0.1221,0.1161,0.1281
constant_slow,both,G0-exact,r4b_chance_below_0.5,0.0761,0.0691,0.0832
constant_slow,both,G0-exact,r4b_chance_0.5_to_0.6,0.1218,0.1174,0.1269
constant_slow,both,G0-exact,r4b_chance_0.6_to_0.7,0.2488,0.2430,0.2545
constant_slow,both,G0-exact,r4b_chance_0.7_to_0.8,0.3455,0.3383,0.3526
constant_slow,both,G0-exact,r4b_chance_0.8_up,0.2078,0.2003,0.2153
constant_slow,both,G0-exact,r3_reachable,0.9378,0.9335,0.9420
constant_slow,both,G0-exact,r8_rank_6_20,2.7017,2.5067,2.9100
constant_slow,both,G0-exact,r8_topic_rank_6_20,9.9183,9.5033,10.3533
constant_slow,both,G0-exact,r8_rank_150_200,3.3441,3.1716,3.5196
constant_slow,both,G0-exact,r8_topic_rank_150_200,10.1819,10.0029,10.3574
constant_slow,both,G0-exact,r2_ece,0.0043,0.0030,0.0057
constant_slow,both,G0-exact,r4b_3,0.1439,0.1388,0.1495
constant_slow,both,G0-exact,r4b_5,0.4208,0.4135,0.4275
constant_slow,both,G0-exact,r4b_10,0.7896,0.7830,0.7969
constant_slow,both,G0-exact,r4b_20,0.9716,0.9672,0.9757
constant_slow,both,G0-exact,r4b_50,0.9981,0.9968,0.9992
constant_slow,both,G0-exact,r8_move_p95_6_20,42.0000,42.0000,42.0000
constant_slow,both,G0-exact,r8_move_p95_150_200,42.0000,42.0000,42.0000
constant_slow,both,G0-miss0.25,r1_rms_5,1.0060,0.9882,1.0241
constant_slow,both,G0-miss0.25,r1_mean_5,0.0252,-0.0084,0.0585
constant_slow,both,G0-miss0.25,r1_rms_10,0.9606,0.9450,0.9775
constant_slow,both,G0-miss0.25,r1_mean_10,0.0027,-0.0273,0.0332
constant_slow,both,G0-miss0.25,r1_rms_20,0.8675,0.8532,0.8818
constant_slow,both,G0-miss0.25,r1_mean_20,-0.0264,-0.0527,-0.0008
constant_slow,both,G0-miss0.25,r1_rms_50,0.6642,0.6551,0.6730
constant_slow,both,G0-miss0.25,r1_mean_50,-0.0697,-0.0869,-0.0518
constant_slow,both,G0-miss0.25,r1_rms_100,0.5297,0.5244,0.5353
constant_slow,both,G0-miss0.25,r1_mean_100,-0.0745,-0.0849,-0.0638
constant_slow,both,G0-miss0.25,r1_rms_200,0.4712,0.4673,0.4750
constant_slow,both,G0-miss0.25,r1_mean_200,-0.0420,-0.0504,-0.0341
constant_slow,both,G0-miss0.25,r2_brier,0.1747,0.1739,0.1755
constant_slow,both,G0-miss0.25,r2_bias,0.0042,0.0028,0.0056
constant_slow,both,G0-miss0.25,r3_inside,0.5037,0.5002,0.5073
constant_slow,both,G0-miss0.25,r3_below_0.5,0.0277,0.0258,0.0297
constant_slow,both,G0-miss0.25,r3_above_0.95,0.0160,0.0147,0.0173
constant_slow,both,G0-miss0.25,r4_false,0.6603,0.6522,0.6685
constant_slow,both,G0-miss0.25,r4_false_0.70,0.5539,0.5450,0.5632
constant_slow,both,G0-miss0.25,r4_below,0.0000,0.0000,0.0000
constant_slow,both,G0-miss0.25,r4_false_at_task,0.6603,0.6522,0.6689
constant_slow,both,G0-miss0.25,r4_declared,10.3840,10.2747,10.4935
constant_slow,both,G0-miss0.25,r5_late_answers,9.5053,9.3892,9.6327
constant_slow,both,G0-miss0.25,r5_never,0.2438,0.2337,0.2544
constant_slow,both,G0-miss0.25,r6_lag,-0.0807,-0.0876,-0.0731
constant_slow,both,G0-miss0.25,r7_error_5,0.8649,0.8451,0.8853
constant_slow,both,G0-miss0.25,r7_error_10,0.8076,0.7889,0.8271
constant_slow,both,G0-miss0.25,r7_longest_wrong,1.8725,1.8413,1.9040
constant_slow,both,G0-miss0.25,r7_hard_first,0.1357,0.1296,0.1418
constant_slow,both,G0-miss0.25,r4b_chance_below_0.5,0.0876,0.0813,0.0940
constant_slow,both,G0-miss0.25,r4b_chance_0.5_to_0.6,0.1301,0.1262,0.1341
constant_slow,both,G0-miss0.25,r4b_chance_0.6_to_0.7,0.2460,0.2415,0.2502
constant_slow,both,G0-miss0.25,r4b_chance_0.7_to_0.8,0.3161,0.3109,0.3213
constant_slow,both,G0-miss0.25,r4b_chance_0.8_up,0.2203,0.2136,0.2273
constant_slow,both,G0-miss0.25,r3_reachable,0.9385,0.9345,0.9424
constant_slow,both,G0-miss0.25,r8_rank_6_20,2.5767,2.3850,2.7583
constant_slow,both,G0-miss0.25,r8_topic_rank_6_20,9.9450,9.5483,10.3550
constant_slow,both,G0-miss0.25,r8_rank_150_200,3.6039,3.4309,3.7735
constant_slow,both,G0-miss0.25,r8_topic_rank_150_200,10.1794,9.9975,10.3593
constant_slow,both,G0-miss0.25,r2_ece,0.0063,0.0050,0.0077
constant_slow,both,G0-miss0.25,r4b_3,0.1415,0.1360,0.1470
constant_slow,both,G0-miss0.25,r4b_5,0.4148,0.4073,0.4223
constant_slow,both,G0-miss0.25,r4b_10,0.7919,0.7852,0.7983
constant_slow,both,G0-miss0.25,r4b_20,0.9731,0.9688,0.9773
constant_slow,both,G0-miss0.25,r4b_50,0.9978,0.9962,0.9991
constant_slow,both,G0-miss0.25,r8_move_p95_6_20,42.0000,42.0000,42.0000
constant_slow,both,G0-miss0.25,r8_move_p95_150_200,42.0000,42.0000,42.0000
constant_slow,both,G0-miss1,r1_rms_5,1.0386,1.0188,1.0577
constant_slow,both,G0-miss1,r1_mean_5,-0.0762,-0.1113,-0.0417
constant_slow,both,G0-miss1,r1_rms_10,0.9940,0.9768,1.0116
constant_slow,both,G0-miss1,r1_mean_10,-0.0998,-0.1307,-0.0673
constant_slow,both,G0-miss1,r1_rms_20,0.9064,0.8916,0.9210
constant_slow,both,G0-miss1,r1_mean_20,-0.1287,-0.1588,-0.1019
constant_slow,both,G0-miss1,r1_rms_50,0.7210,0.7110,0.7312
constant_slow,both,G0-miss1,r1_mean_50,-0.1795,-0.1994,-0.1605
constant_slow,both,G0-miss1,r1_rms_100,0.5868,0.5804,0.5929
constant_slow,both,G0-miss1,r1_mean_100,-0.2082,-0.2198,-0.1959
constant_slow,both,G0-miss1,r1_rms_200,0.5256,0.5212,0.5303
constant_slow,both,G0-miss1,r1_mean_200,-0.1885,-0.1979,-0.1790
constant_slow,both,G0-miss1,r2_brier,0.1767,0.1759,0.1775
constant_slow,both,G0-miss1,r2_bias,0.0063,0.0049,0.0077
constant_slow,both,G0-miss1,r3_inside,0.2982,0.2968,0.2995
constant_slow,both,G0-miss1,r3_below_0.5,0.0908,0.0887,0.0931
constant_slow,both,G0-miss1,r3_above_0.95,0.1046,0.1026,0.1067
constant_slow,both,G0-miss1,r4_false,0.6392,0.6305,0.6481
constant_slow,both,G0-miss1,r4_false_0.70,0.5321,0.5234,0.5419
constant_slow,both,G0-miss1,r4_below,0.0000,0.0000,0.0000
constant_slow,both,G0-miss1,r4_false_at_task,0.6392,0.6305,0.6478
constant_slow,both,G0-miss1,r4_declared,10.5430,10.4328,10.6525
constant_slow,both,G0-miss1,r5_late_answers,9.6215,9.5024,9.7400
constant_slow,both,G0-miss1,r5_never,0.2396,0.2292,0.2498
constant_slow,both,G0-miss1,r6_lag,-0.2300,-0.2381,-0.2218
constant_slow,both,G0-miss1,r7_error_5,0.8984,0.8774,0.9197
constant_slow,both,G0-miss1,r7_error_10,0.8452,0.8260,0.8652
constant_slow,both,G0-miss1,r7_longest_wrong,1.8595,1.8290,1.8893
constant_slow,both,G0-miss1,r7_hard_first,0.1812,0.1755,0.1869
constant_slow,both,G0-miss1,r4b_chance_below_0.5,0.1747,0.1696,0.1798
constant_slow,both,G0-miss1,r4b_chance_0.5_to_0.6,0.1202,0.1182,0.1222
constant_slow,both,G0-miss1,r4b_chance_0.6_to_0.7,0.1521,0.1500,0.1542
constant_slow,both,G0-miss1,r4b_chance_0.7_to_0.8,0.1857,0.1834,0.1879
constant_slow,both,G0-miss1,r4b_chance_0.8_up,0.3673,0.3615,0.3730
constant_slow,both,G0-miss1,r3_reachable,0.9434,0.9395,0.9472
constant_slow,both,G0-miss1,r8_rank_6_20,2.7800,2.5800,2.9900
constant_slow,both,G0-miss1,r8_topic_rank_6_20,10.0150,9.6217,10.4217
constant_slow,both,G0-miss1,r8_rank_150_200,3.4667,3.2971,3.6412
constant_slow,both,G0-miss1,r8_topic_rank_150_200,10.2549,10.0642,10.4373
constant_slow,both,G0-miss1,r2_ece,0.0088,0.0075,0.0102
constant_slow,both,G0-miss1,r4b_3,0.1314,0.1266,0.1366
constant_slow,both,G0-miss1,r4b_5,0.4132,0.4062,0.4211
constant_slow,both,G0-miss1,r4b_10,0.7974,0.7905,0.8048
constant_slow,both,G0-miss1,r4b_20,0.9763,0.9726,0.9801
constant_slow,both,G0-miss1,r4b_50,0.9987,0.9976,0.9996
constant_slow,both,G0-miss1,r8_move_p95_6_20,42.0000,42.0000,42.0000
constant_slow,both,G0-miss1,r8_move_p95_150_200,42.0000,42.0000,42.0000
constant_slow,both,G2-half,r1_rms_5,1.0053,0.9877,1.0238
constant_slow,both,G2-half,r1_mean_5,-0.0555,-0.0882,-0.0224
constant_slow,both,G2-half,r1_rms_10,0.9657,0.9497,0.9817
constant_slow,both,G2-half,r1_mean_10,-0.0991,-0.1295,-0.0683
constant_slow,both,G2-half,r1_rms_20,0.8788,0.8643,0.8933
constant_slow,both,G2-half,r1_mean_20,-0.1687,-0.1954,-0.1424
constant_slow,both,G2-half,r1_rms_50,0.7217,0.7117,0.7324
constant_slow,both,G2-half,r1_mean_50,-0.3051,-0.3222,-0.2871
constant_slow,both,G2-half,r1_rms_100,0.6461,0.6384,0.6533
constant_slow,both,G2-half,r1_mean_100,-0.3910,-0.4021,-0.3796
constant_slow,both,G2-half,r1_rms_200,0.6062,0.6005,0.6122
constant_slow,both,G2-half,r1_mean_200,-0.3986,-0.4074,-0.3902
constant_slow,both,G2-half,r2_brier,0.1568,0.1560,0.1575
constant_slow,both,G2-half,r2_bias,-0.0290,-0.0303,-0.0277
constant_slow,both,G2-half,r3_inside,0.3944,0.3919,0.3973
constant_slow,both,G2-half,r3_below_0.5,0.0250,0.0238,0.0263
constant_slow,both,G2-half,r3_above_0.95,0.0522,0.0501,0.0542
constant_slow,both,G2-half,r4_false,0.5563,0.5478,0.5650
constant_slow,both,G2-half,r4_false_0.70,0.4422,0.4334,0.4511
constant_slow,both,G2-half,r4_below,0.0000,0.0000,0.0000
constant_slow,both,G2-half,r4_false_at_task,0.5563,0.5477,0.5644
constant_slow,both,G2-half,r4_declared,12.4130,12.2955,12.5350
constant_slow,both,G2-half,r5_late_answers,8.2862,8.1989,8.3758
constant_slow,both,G2-half,r5_never,0.2123,0.2036,0.2212
constant_slow,both,G2-half,r6_lag,-0.4245,-0.4321,-0.4163
constant_slow,both,G2-half,r7_error_5,0.8538,0.8342,0.8738
constant_slow,both,G2-half,r7_error_10,0.8023,0.7825,0.8219
constant_slow,both,G2-half,r7_longest_wrong,1.7828,1.7537,1.8125
constant_slow,both,G2-half,r7_hard_first,0.1355,0.1294,0.1408
constant_slow,both,G2-half,r4b_chance_below_0.5,0.0811,0.0772,0.0851
constant_slow,both,G2-half,r4b_chance_0.5_to_0.6,0.1048,0.1019,0.1077
constant_slow,both,G2-half,r4b_chance_0.6_to_0.7,0.1849,0.1817,0.1881
constant_slow,both,G2-half,r4b_chance_0.7_to_0.8,0.2688,0.2656,0.2720
constant_slow,both,G2-half,r4b_chance_0.8_up,0.3605,0.3531,0.3677
constant_slow,both,G2-half,r3_reachable,0.9573,0.9552,0.9593
constant_slow,both,G2-half,r8_rank_6_20,2.5983,2.4000,2.7967
constant_slow,both,G2-half,r8_topic_rank_6_20,9.8100,9.4217,10.1933
constant_slow,both,G2-half,r8_rank_150_200,3.2235,3.0667,3.3848
constant_slow,both,G2-half,r8_topic_rank_150_200,10.3917,10.2020,10.5902
constant_slow,both,G2-half,r2_ece,0.0290,0.0277,0.0304
constant_slow,both,G2-half,r4b_3,0.1480,0.1427,0.1536
constant_slow,both,G2-half,r4b_5,0.4453,0.4378,0.4529
constant_slow,both,G2-half,r4b_10,0.8421,0.8355,0.8486
constant_slow,both,G2-half,r4b_20,0.9919,0.9892,0.9943
constant_slow,both,G2-half,r4b_50,1.0000,1.0000,1.0000
constant_slow,both,G2-half,r8_move_p95_6_20,42.0000,42.0000,42.0000
constant_slow,both,G2-half,r8_move_p95_150_200,41.0000,41.0000,42.0000
constant_slow,both,G2-fading,r1_rms_5,1.0156,0.9969,1.0333
constant_slow,both,G2-fading,r1_mean_5,-0.0508,-0.0841,-0.0175
constant_slow,both,G2-fading,r1_rms_10,0.9736,0.9568,0.9903
constant_slow,both,G2-fading,r1_mean_10,-0.1131,-0.1451,-0.0817
constant_slow,both,G2-fading,r1_rms_20,0.8966,0.8824,0.9104
constant_slow,both,G2-fading,r1_mean_20,-0.2071,-0.2341,-0.1787
constant_slow,both,G2-fading,r1_rms_50,0.7440,0.7332,0.7547
constant_slow,both,G2-fading,r1_mean_50,-0.3468,-0.3646,-0.3278
constant_slow,both,G2-fading,r1_rms_100,0.6351,0.6276,0.6425
constant_slow,both,G2-fading,r1_mean_100,-0.3663,-0.3779,-0.3549
constant_slow,both,G2-fading,r1_rms_200,0.5246,0.5196,0.5295
constant_slow,both,G2-fading,r1_mean_200,-0.2459,-0.2546,-0.2375
constant_slow,both,G2-fading,r2_brier,0.1591,0.1583,0.1599
constant_slow,both,G2-fading,r2_bias,-0.0242,-0.0256,-0.0229
constant_slow,both,G2-fading,r3_inside,0.4015,0.3988,0.4044
constant_slow,both,G2-fading,r3_below_0.5,0.0263,0.0250,0.0277
constant_slow,both,G2-fading,r3_above_0.95,0.0501,0.0479,0.0523
constant_slow,both,G2-fading,r4_false,0.5698,0.5611,0.5786
constant_slow,both,G2-fading,r4_false_0.70,0.4518,0.4429,0.4607
constant_slow,both,G2-fading,r4_below,0.0000,0.0000,0.0000
constant_slow,both,G2-fading,r4_false_at_task,0.5698,0.5613,0.5779
constant_slow,both,G2-fading,r4_declared,11.9005,11.7815,12.0177
constant_slow,both,G2-fading,r5_late_answers,8.3735,8.2832,8.4702
constant_slow,both,G2-fading,r5_never,0.2216,0.2123,0.2308
constant_slow,both,G2-fading,r6_lag,-0.3269,-0.3346,-0.3189
constant_slow,both,G2-fading,r7_error_5,0.8760,0.8562,0.8959
constant_slow,both,G2-fading,r7_error_10,0.8249,0.8058,0.8448
constant_slow,both,G2-fading,r7_longest_wrong,1.8357,1.8065,1.8675
constant_slow,both,G2-fading,r7_hard_first,0.1401,0.1344,0.1460
constant_slow,both,G2-fading,r4b_chance_below_0.5,0.0844,0.0800,0.0890
constant_slow,both,G2-fading,r4b_chance_0.5_to_0.6,0.1081,0.1052,0.1111
constant_slow,both,G2-fading,r4b_chance_0.6_to_0.7,0.1901,0.1868,0.1933
constant_slow,both,G2-fading,r4b_chance_0.7_to_0.8,0.2713,0.2678,0.2746
constant_slow,both,G2-fading,r4b_chance_0.8_up,0.3461,0.3388,0.3534
constant_slow,both,G2-fading,r3_reachable,0.9558,0.9533,0.9581
constant_slow,both,G2-fading,r8_rank_6_20,2.5583,2.3700,2.7550
constant_slow,both,G2-fading,r8_topic_rank_6_20,9.6617,9.2917,10.0683
constant_slow,both,G2-fading,r8_rank_150_200,3.4152,3.2402,3.5799
constant_slow,both,G2-fading,r8_topic_rank_150_200,10.3338,10.1480,10.5353
constant_slow,both,G2-fading,r2_ece,0.0242,0.0229,0.0255
constant_slow,both,G2-fading,r4b_3,0.1538,0.1480,0.1594
constant_slow,both,G2-fading,r4b_5,0.4427,0.4351,0.4502
constant_slow,both,G2-fading,r4b_10,0.8374,0.8306,0.8437
constant_slow,both,G2-fading,r4b_20,0.9892,0.9864,0.9918
constant_slow,both,G2-fading,r4b_50,0.9995,0.9987,1.0000
constant_slow,both,G2-fading,r8_move_p95_6_20,42.0000,42.0000,42.0000
constant_slow,both,G2-fading,r8_move_p95_150_200,42.0000,42.0000,42.0000
constant_slow,both,G3-drop,r1_rms_5,0.9847,0.9666,1.0011
constant_slow,both,G3-drop,r1_mean_5,-0.0082,-0.0414,0.0248
constant_slow,both,G3-drop,r1_rms_10,0.9450,0.9300,0.9612
constant_slow,both,G3-drop,r1_mean_10,-0.0290,-0.0597,0.0005
constant_slow,both,G3-drop,r1_rms_20,0.8571,0.8440,0.8703
constant_slow,both,G3-drop,r1_mean_20,-0.0510,-0.0774,-0.0251
constant_slow,both,G3-drop,r1_rms_50,0.6706,0.6620,0.6796
constant_slow,both,G3-drop,r1_mean_50,-0.0763,-0.0935,-0.0589
constant_slow,both,G3-drop,r1_rms_100,0.6446,0.6364,0.6524
constant_slow,both,G3-drop,r1_mean_100,0.2293,0.2150,0.2448
constant_slow,both,G3-drop,r1_rms_200,0.5148,0.5100,0.5194
constant_slow,both,G3-drop,r1_mean_200,0.1493,0.1392,0.1585
constant_slow,both,G3-drop,r2_brier,0.1950,0.1942,0.1959
constant_slow,both,G3-drop,r2_bias,0.0374,0.0361,0.0388
constant_slow,both,G3-drop,r3_inside,0.4003,0.3978,0.4028
constant_slow,both,G3-drop,r3_below_0.5,0.0774,0.0745,0.0807
constant_slow,both,G3-drop,r3_above_0.95,0.0218,0.0206,0.0230
constant_slow,both,G3-drop,r4_false,0.7221,0.7142,0.7304
constant_slow,both,G3-drop,r4_false_0.70,0.6344,0.6263,0.6432
constant_slow,both,G3-drop,r4_below,0.0000,0.0000,0.0000
constant_slow,both,G3-drop,r4_false_at_task,0.7221,0.7148,0.7306
constant_slow,both,G3-drop,r4_declared,9.2233,9.1235,9.3255
constant_slow,both,G3-drop,r5_late_answers,9.7092,9.5648,9.8447
constant_slow,both,G3-drop,r5_never,0.3393,0.3284,0.3512
constant_slow,both,G3-drop,r6_lag,0.2216,0.2140,0.2294
constant_slow,both,G3-drop,r6_jump_answers,32.3233,31.5093,33.1243
constant_slow,both,G3-drop,r6_jump_unsettled,0.0853,0.0765,0.0938
constant_slow,both,G3-drop,r7_error_5,0.8476,0.8271,0.8677
constant_slow,both,G3-drop,r7_error_10,0.7931,0.7737,0.8121
constant_slow,both,G3-drop,r7_longest_wrong,1.8670,1.8345,1.9005
constant_slow,both,G3-drop,r7_hard_first,0.1451,0.1388,0.1510
constant_slow,both,G3-drop,r4b_chance_below_0.5,0.1696,0.1620,0.1780
constant_slow,both,G3-drop,r4b_chance_0.5_to_0.6,0.1645,0.1615,0.1675
constant_slow,both,G3-drop,r4b_chance_0.6_to_0.7,0.2202,0.2169,0.2236
constant_slow,both,G3-drop,r4b_chance_0.7_to_0.8,0.2317,0.2280,0.2355
constant_slow,both,G3-drop,r4b_chance_0.8_up,0.2140,0.2081,0.2201
constant_slow,both,G3-drop,r3_reachable,0.8865,0.8804,0.8924
constant_slow,both,G3-drop,r8_rank_6_20,2.6567,2.4733,2.8467
constant_slow,both,G3-drop,r8_topic_rank_6_20,9.7717,9.3850,10.1767
constant_slow,both,G3-drop,r8_rank_150_200,3.4534,3.2941,3.6201
constant_slow,both,G3-drop,r8_topic_rank_150_200,10.5083,10.3216,10.6990
constant_slow,both,G3-drop,r2_ece,0.0382,0.0370,0.0396
constant_slow,both,G3-drop,r4b_3,0.1218,0.1166,0.1266
constant_slow,both,G3-drop,r4b_5,0.3777,0.3701,0.3851
constant_slow,both,G3-drop,r4b_10,0.7295,0.7215,0.7376
constant_slow,both,G3-drop,r4b_20,0.9362,0.9293,0.9428
constant_slow,both,G3-drop,r4b_50,0.9854,0.9805,0.9899
constant_slow,both,G3-drop,r8_move_p95_6_20,42.0000,42.0000,42.0000
constant_slow,both,G3-drop,r8_move_p95_150_200,42.0000,42.0000,42.0000
constant_slow,both,G0-start0.5,r1_rms_5,0.9677,0.9499,0.9856
constant_slow,both,G0-start0.5,r1_mean_5,-0.0270,-0.0586,0.0060
constant_slow,both,G0-start0.5,r1_rms_10,0.9266,0.9102,0.9423
constant_slow,both,G0-start0.5,r1_mean_10,-0.0413,-0.0708,-0.0111
constant_slow,both,G0-start0.5,r1_rms_20,0.8420,0.8282,0.8555
constant_slow,both,G0-start0.5,r1_mean_20,-0.0624,-0.0876,-0.0368
constant_slow,both,G0-start0.5,r1_rms_50,0.6600,0.6517,0.6685
constant_slow,both,G0-start0.5,r1_mean_50,-0.0974,-0.1140,-0.0810
constant_slow,both,G0-start0.5,r1_rms_100,0.5370,0.5316,0.5422
constant_slow,both,G0-start0.5,r1_mean_100,-0.1075,-0.1181,-0.0969
constant_slow,both,G0-start0.5,r1_rms_200,0.4758,0.4717,0.4797
constant_slow,both,G0-start0.5,r1_mean_200,-0.0783,-0.0867,-0.0700
constant_slow,both,G0-start0.5,r2_brier,0.1726,0.1719,0.1733
constant_slow,both,G0-start0.5,r2_bias,0.0037,0.0024,0.0049
constant_slow,both,G0-start0.5,r3_inside,0.4350,0.4327,0.4372
constant_slow,both,G0-start0.5,r3_below_0.5,0.0335,0.0320,0.0349
constant_slow,both,G0-start0.5,r3_above_0.95,0.0274,0.0261,0.0287
constant_slow,both,G0-start0.5,r4_false,0.6868,0.6792,0.6941
constant_slow,both,G0-start0.5,r4_false_0.70,0.5800,0.5713,0.5883
constant_slow,both,G0-start0.5,r4_below,0.0000,0.0000,0.0000
constant_slow,both,G0-start0.5,r4_false_at_task,0.6868,0.6795,0.6942
constant_slow,both,G0-start0.5,r4_declared,10.1527,10.0518,10.2543
constant_slow,both,G0-start0.5,r5_late_answers,9.6109,9.4790,9.7390
constant_slow,both,G0-start0.5,r5_never,0.2313,0.2223,0.2404
constant_slow,both,G0-start0.5,r6_lag,-0.1223,-0.1297,-0.1150
constant_slow,both,G0-start0.5,r7_error_5,0.8138,0.7945,0.8335
constant_slow,both,G0-start0.5,r7_error_10,0.7617,0.7417,0.7809
constant_slow,both,G0-start0.5,r7_longest_wrong,1.7940,1.7637,1.8237
constant_slow,both,G0-start0.5,r7_hard_first,0.1287,0.1234,0.1342
constant_slow,both,G0-start0.5,r4b_chance_below_0.5,0.0904,0.0867,0.0939
constant_slow,both,G0-start0.5,r4b_chance_0.5_to_0.6,0.1207,0.1180,0.1234
constant_slow,both,G0-start0.5,r4b_chance_0.6_to_0.7,0.2040,0.2011,0.2067
constant_slow,both,G0-start0.5,r4b_chance_0.7_to_0.8,0.2711,0.2682,0.2742
constant_slow,both,G0-start0.5,r4b_chance_0.8_up,0.3137,0.3074,0.3202
constant_slow,both,G0-start0.5,r3_reachable,0.9643,0.9622,0.9664
constant_slow,both,G0-start0.5,r8_rank_6_20,2.6833,2.4900,2.8950
constant_slow,both,G0-start0.5,r8_topic_rank_6_20,9.7550,9.3617,10.1567
constant_slow,both,G0-start0.5,r8_rank_150_200,3.5843,3.4186,3.7608
constant_slow,both,G0-start0.5,r8_topic_rank_150_200,10.4289,10.2520,10.6069
constant_slow,both,G0-start0.5,r2_ece,0.0048,0.0035,0.0061
constant_slow,both,G0-start0.5,r4b_3,0.1546,0.1494,0.1601
constant_slow,both,G0-start0.5,r4b_5,0.4313,0.4240,0.4381
constant_slow,both,G0-start0.5,r4b_10,0.8090,0.8025,0.8153
constant_slow,both,G0-start0.5,r4b_20,0.9839,0.9810,0.9865
constant_slow,both,G0-start0.5,r4b_50,1.0000,0.9987,1.0000
constant_slow,both,G0-start0.5,r8_move_p95_6_20,42.0000,42.0000,42.0000
constant_slow,both,G0-start0.5,r8_move_p95_150_200,42.0000,42.0000,42.0000
constant_slow,both,G0-start2,r1_rms_5,1.1021,1.0808,1.1220
constant_slow,both,G0-start2,r1_mean_5,-0.0280,-0.0655,0.0099
constant_slow,both,G0-start2,r1_rms_10,1.0508,1.0302,1.0705
constant_slow,both,G0-start2,r1_mean_10,-0.0471,-0.0820,-0.0135
constant_slow,both,G0-start2,r1_rms_20,0.9451,0.9277,0.9622
constant_slow,both,G0-start2,r1_mean_20,-0.0735,-0.1037,-0.0432
constant_slow,both,G0-start2,r1_rms_50,0.7273,0.7158,0.7386
constant_slow,both,G0-start2,r1_mean_50,-0.1148,-0.1361,-0.0936
constant_slow,both,G0-start2,r1_rms_100,0.5697,0.5631,0.5767
constant_slow,both,G0-start2,r1_mean_100,-0.1166,-0.1293,-0.1041
constant_slow,both,G0-start2,r1_rms_200,0.4951,0.4905,0.4999
constant_slow,both,G0-start2,r1_mean_200,-0.0698,-0.0789,-0.0605
constant_slow,both,G0-start2,r2_brier,0.1772,0.1762,0.1783
constant_slow,both,G0-start2,r2_bias,0.0030,0.0015,0.0047
constant_slow,both,G0-start2,r3_inside,0.3988,0.3948,0.4027
constant_slow,both,G0-start2,r3_below_0.5,0.0754,0.0703,0.0808
constant_slow,both,G0-start2,r3_above_0.95,0.0388,0.0364,0.0413
constant_slow,both,G0-start2,r4_false,0.6364,0.6273,0.6460
constant_slow,both,G0-start2,r4_false_0.70,0.5406,0.5300,0.5510
constant_slow,both,G0-start2,r4_below,0.0000,0.0000,0.0000
constant_slow,both,G0-start2,r4_false_at_task,0.6364,0.6264,0.6463
constant_slow,both,G0-start2,r4_declared,10.5397,10.4140,10.6640
constant_slow,both,G0-start2,r5_late_answers,9.2982,9.1854,9.4163
constant_slow,both,G0-start2,r5_never,0.2402,0.2294,0.2512
constant_slow,both,G0-start2,r6_lag,-0.1157,-0.1240,-0.1082
constant_slow,both,G0-start2,r7_error_5,0.9629,0.9396,0.9870
constant_slow,both,G0-start2,r7_error_10,0.9035,0.8813,0.9271
constant_slow,both,G0-start2,r7_longest_wrong,1.9503,1.9138,1.9910
constant_slow,both,G0-start2,r7_hard_first,0.1878,0.1802,0.1962
constant_slow,both,G0-start2,r4b_chance_below_0.5,0.2304,0.2144,0.2467
constant_slow,both,G0-start2,r4b_chance_0.5_to_0.6,0.1400,0.1365,0.1437
constant_slow,both,G0-start2,r4b_chance_0.6_to_0.7,0.1900,0.1853,0.1947
constant_slow,both,G0-start2,r4b_chance_0.7_to_0.8,0.2200,0.2137,0.2261
constant_slow,both,G0-start2,r4b_chance_0.8_up,0.2195,0.2120,0.2275
constant_slow,both,G0-start2,r3_reachable,0.8711,0.8630,0.8791
constant_slow,both,G0-start2,r8_rank_6_20,2.9900,2.7933,3.1933
constant_slow,both,G0-start2,r8_topic_rank_6_20,10.2283,9.8367,10.6483
constant_slow,both,G0-start2,r8_rank_150_200,3.0833,2.9235,3.2441
constant_slow,both,G0-start2,r8_topic_rank_150_200,9.3260,9.1456,9.5191
constant_slow,both,G0-start2,r2_ece,0.0042,0.0028,0.0058
constant_slow,both,G0-start2,r4b_3,0.1264,0.1212,0.1315
constant_slow,both,G0-start2,r4b_5,0.3831,0.3755,0.3911
constant_slow,both,G0-start2,r4b_10,0.7418,0.7328,0.7514
constant_slow,both,G0-start2,r4b_20,0.9206,0.9125,0.9285
constant_slow,both,G0-start2,r4b_50,0.9790,0.9743,0.9836
constant_slow,both,G0-start2,r8_move_p95_6_20,42.0000,42.0000,42.0000
constant_slow,both,G0-start2,r8_move_p95_150_200,42.0000,42.0000,42.0000
constant_slow,both,G0-topics0.3,r1_rms_5,0.9134,0.8941,0.9334
constant_slow,both,G0-topics0.3,r1_mean_5,0.0045,-0.0276,0.0405
constant_slow,both,G0-topics0.3,r1_rms_10,0.8584,0.8403,0.8763
constant_slow,both,G0-topics0.3,r1_mean_10,-0.0119,-0.0430,0.0181
constant_slow,both,G0-topics0.3,r1_rms_20,0.7613,0.7469,0.7769
constant_slow,both,G0-topics0.3,r1_mean_20,-0.0339,-0.0609,-0.0081
constant_slow,both,G0-topics0.3,r1_rms_50,0.5615,0.5519,0.5711
constant_slow,both,G0-topics0.3,r1_mean_50,-0.0662,-0.0834,-0.0488
constant_slow,both,G0-topics0.3,r1_rms_100,0.4364,0.4312,0.4414
constant_slow,both,G0-topics0.3,r1_mean_100,-0.0601,-0.0709,-0.0494
constant_slow,both,G0-topics0.3,r1_rms_200,0.3979,0.3942,0.4016
constant_slow,both,G0-topics0.3,r1_mean_200,-0.0347,-0.0427,-0.0265
constant_slow,both,G0-topics0.3,r2_brier,0.1745,0.1736,0.1753
constant_slow,both,G0-topics0.3,r2_bias,0.0030,0.0017,0.0043
constant_slow,both,G0-topics0.3,r3_inside,0.4566,0.4540,0.4594
constant_slow,both,G0-topics0.3,r3_below_0.5,0.0315,0.0298,0.0333
constant_slow,both,G0-topics0.3,r3_above_0.95,0.0210,0.0198,0.0223
constant_slow,both,G0-topics0.3,r4_false,0.6729,0.6642,0.6815
constant_slow,both,G0-topics0.3,r4_false_0.70,0.5671,0.5573,0.5771
constant_slow,both,G0-topics0.3,r4_below,0.0000,0.0000,0.0000
constant_slow,both,G0-topics0.3,r4_false_at_task,0.6729,0.6644,0.6809
constant_slow,both,G0-topics0.3,r4_declared,10.4142,10.3090,10.5188
constant_slow,both,G0-topics0.3,r5_late_answers,9.6947,9.5596,9.8157
constant_slow,both,G0-topics0.3,r5_never,0.2431,0.2322,0.2535
constant_slow,both,G0-topics0.3,r6_lag,-0.1005,-0.1077,-0.0931
constant_slow,both,G0-topics0.3,r7_error_5,0.8451,0.8229,0.8645
constant_slow,both,G0-topics0.3,r7_error_10,0.7917,0.7712,0.8111
constant_slow,both,G0-topics0.3,r7_longest_wrong,1.8108,1.7805,1.8400
constant_slow,both,G0-topics0.3,r7_hard_first,0.1318,0.1257,0.1374
constant_slow,both,G0-topics0.3,r4b_chance_below_0.5,0.0865,0.0817,0.0916
constant_slow,both,G0-topics0.3,r4b_chance_0.5_to_0.6,0.1271,0.1237,0.1303
constant_slow,both,G0-topics0.3,r4b_chance_0.6_to_0.7,0.2215,0.2179,0.2249
constant_slow,both,G0-topics0.3,r4b_chance_0.7_to_0.8,0.2853,0.2815,0.2891
constant_slow,both,G0-topics0.3,r4b_chance_0.8_up,0.2796,0.2730,0.2871
constant_slow,both,G0-topics0.3,r3_reachable,0.9426,0.9384,0.9466
constant_slow,both,G0-topics0.3,r8_rank_6_20,2.7683,2.5683,2.9767
constant_slow,both,G0-topics0.3,r8_topic_rank_6_20,10.0150,9.6167,10.4100
constant_slow,both,G0-topics0.3,r8_rank_150_200,3.3446,3.1779,3.5216
constant_slow,both,G0-topics0.3,r8_topic_rank_150_200,10.2319,10.0505,10.4176
constant_slow,both,G0-topics0.3,r2_ece,0.0054,0.0041,0.0068
constant_slow,both,G0-topics0.3,r4b_3,0.1351,0.1298,0.1400
constant_slow,both,G0-topics0.3,r4b_5,0.4174,0.4100,0.4243
constant_slow,both,G0-topics0.3,r4b_10,0.8044,0.7977,0.8114
constant_slow,both,G0-topics0.3,r4b_20,0.9802,0.9767,0.9837
constant_slow,both,G0-topics0.3,r4b_50,0.9996,0.9989,1.0000
constant_slow,both,G0-topics0.3,r8_move_p95_6_20,42.0000,42.0000,42.0000
constant_slow,both,G0-topics0.3,r8_move_p95_150_200,42.0000,42.0000,42.0000
constant_slow,both,G0-topics1,r1_rms_5,1.3130,1.2949,1.3314
constant_slow,both,G0-topics1,r1_mean_5,-0.0428,-0.0756,-0.0079
constant_slow,both,G0-topics1,r1_rms_10,1.2953,1.2805,1.3109
constant_slow,both,G0-topics1,r1_mean_10,-0.0693,-0.1000,-0.0361
constant_slow,both,G0-topics1,r1_rms_20,1.2250,1.2121,1.2384
constant_slow,both,G0-topics1,r1_mean_20,-0.1234,-0.1528,-0.0953
constant_slow,both,G0-topics1,r1_rms_50,1.0398,1.0302,1.0491
constant_slow,both,G0-topics1,r1_mean_50,-0.2077,-0.2264,-0.1878
constant_slow,both,G0-topics1,r1_rms_100,0.9043,0.8967,0.9122
constant_slow,both,G0-topics1,r1_mean_100,-0.2569,-0.2695,-0.2450
constant_slow,both,G0-topics1,r1_rms_200,0.7945,0.7877,0.8012
constant_slow,both,G0-topics1,r1_mean_200,-0.2427,-0.2533,-0.2317
constant_slow,both,G0-topics1,r2_brier,0.1783,0.1775,0.1791
constant_slow,both,G0-topics1,r2_bias,0.0103,0.0089,0.0117
constant_slow,both,G0-topics1,r3_inside,0.3547,0.3525,0.3569
constant_slow,both,G0-topics1,r3_below_0.5,0.0725,0.0702,0.0750
constant_slow,both,G0-topics1,r3_above_0.95,0.0691,0.0671,0.0712
constant_slow,both,G0-topics1,r4_false,0.6065,0.5986,0.6143
constant_slow,both,G0-topics1,r4_false_0.70,0.5082,0.5000,0.5163
constant_slow,both,G0-topics1,r4_below,0.0000,0.0000,0.0000
constant_slow,both,G0-topics1,r4_false_at_task,0.6065,0.5986,0.6143
constant_slow,both,G0-topics1,r4_declared,10.5765,10.4750,10.6835
constant_slow,both,G0-topics1,r5_late_answers,8.8449,8.7435,8.9529
constant_slow,both,G0-topics1,r5_never,0.2189,0.2098,0.2283
constant_slow,both,G0-topics1,r6_lag,-0.1604,-0.1683,-0.1526
constant_slow,both,G0-topics1,r7_error_5,0.9043,0.8838,0.9259
constant_slow,both,G0-topics1,r7_error_10,0.8516,0.8315,0.8718
constant_slow,both,G0-topics1,r7_longest_wrong,2.0285,1.9935,2.0655
constant_slow,both,G0-topics1,r7_hard_first,0.1984,0.1919,0.2049
constant_slow,both,G0-topics1,r4b_chance_below_0.5,0.1922,0.1858,0.1988
constant_slow,both,G0-topics1,r4b_chance_0.5_to_0.6,0.1495,0.1471,0.1519
constant_slow,both,G0-topics1,r4b_chance_0.6_to_0.7,0.1917,0.1890,0.1942
constant_slow,both,G0-topics1,r4b_chance_0.7_to_0.8,0.2181,0.2151,0.2211
constant_slow,both,G0-topics1,r4b_chance_0.8_up,0.2485,0.2432,0.2536
constant_slow,both,G0-topics1,r3_reachable,0.9150,0.9111,0.9189
constant_slow,both,G0-topics1,r8_rank_6_20,2.8017,2.6100,3.0033
constant_slow,both,G0-topics1,r8_topic_rank_6_20,10.6533,10.2567,11.0333
constant_slow,both,G0-topics1,r8_rank_150_200,3.5490,3.3838,3.7167
constant_slow,both,G0-topics1,r8_topic_rank_150_200,10.2549,10.0833,10.4299
constant_slow,both,G0-topics1,r2_ece,0.0120,0.0107,0.0133
constant_slow,both,G0-topics1,r4b_3,0.1249,0.1201,0.1301
constant_slow,both,G0-topics1,r4b_5,0.3793,0.3722,0.3860
constant_slow,both,G0-topics1,r4b_10,0.7317,0.7248,0.7391
constant_slow,both,G0-topics1,r4b_20,0.9583,0.9537,0.9634
constant_slow,both,G0-topics1,r4b_50,0.9966,0.9949,0.9982
constant_slow,both,G0-topics1,r8_move_p95_6_20,42.0000,42.0000,42.0000
constant_slow,both,G0-topics1,r8_move_p95_150_200,42.0000,42.0000,42.0000
floor_0.05,both,G0,r1_rms_5,1.0045,0.9864,1.0229
floor_0.05,both,G0,r1_mean_5,-0.0146,-0.0485,0.0185
floor_0.05,both,G0,r1_rms_10,0.9401,0.9244,0.9554
floor_0.05,both,G0,r1_mean_10,-0.0412,-0.0702,-0.0119
floor_0.05,both,G0,r1_rms_20,0.8412,0.8290,0.8535
floor_0.05,both,G0,r1_mean_20,-0.0682,-0.0930,-0.0436
floor_0.05,both,G0,r1_rms_50,0.6808,0.6720,0.6887
floor_0.05,both,G0,r1_mean_50,-0.0920,-0.1088,-0.0756
floor_0.05,both,G0,r1_rms_100,0.5710,0.5655,0.5767
floor_0.05,both,G0,r1_mean_100,-0.0986,-0.1107,-0.0871
floor_0.05,both,G0,r1_rms_200,0.4876,0.4837,0.4916
floor_0.05,both,G0,r1_mean_200,-0.0741,-0.0821,-0.0661
floor_0.05,both,G0,r2_brier,0.1726,0.1717,0.1735
floor_0.05,both,G0,r2_bias,0.0026,0.0012,0.0041
floor_0.05,both,G0,r3_inside,0.4266,0.4239,0.4293
floor_0.05,both,G0,r3_below_0.5,0.0374,0.0354,0.0395
floor_0.05,both,G0,r3_above_0.95,0.0304,0.0289,0.0320
floor_0.05,both,G0,r4_false,0.6460,0.6377,0.6542
floor_0.05,both,G0,r4_false_0.70,0.5401,0.5311,0.5489
floor_0.05,both,G0,r4_below,0.0000,0.0000,0.0000
floor_0.05,both,G0,r4_false_at_task,0.6460,0.6377,0.6543
floor_0.05,both,G0,r4_declared,10.0280,9.9140,10.1412
floor_0.05,both,G0,r5_late_answers,9.8183,9.7038,9.9344
floor_0.05,both,G0,r5_never,0.2241,0.2137,0.2344
floor_0.05,both,G0,r6_lag,-0.1273,-0.1355,-0.1188
floor_0.05,both,G0,r7_error_5,0.8588,0.8388,0.8785
floor_0.05,both,G0,r7_error_10,0.7851,0.7671,0.8023
floor_0.05,both,G0,r7_longest_wrong,1.7765,1.7495,1.8045
floor_0.05,both,G0,r7_hard_first,0.1375,0.1317,0.1432
floor_0.05,both,G0,r4b_chance_below_0.5,0.1096,0.1034,0.1164
floor_0.05,both,G0,r4b_chance_0.5_to_0.6,0.1335,0.1304,0.1367
floor_0.05,both,G0,r4b_chance_0.6_to_0.7,0.2119,0.2088,0.2153
floor_0.05,both,G0,r4b_chance_0.7_to_0.8,0.2641,0.2605,0.2678
floor_0.05,both,G0,r4b_chance_0.8_up,0.2808,0.2740,0.2876
floor_0.05,both,G0,r3_reachable,0.9421,0.9378,0.9460
floor_0.05,both,G0,r8_rank_6_20,3.6667,3.4383,3.9167
floor_0.05,both,G0,r8_topic_rank_6_20,18.1167,17.6500,18.5750
floor_0.05,both,G0,r8_rank_150_200,1.6387,1.5152,1.7632
floor_0.05,both,G0,r8_topic_rank_150_200,8.5721,8.4000,8.7525
floor_0.05,both,G0,r2_ece,0.0046,0.0034,0.0061
floor_0.05,both,G0,r4b_3,0.1422,0.1371,0.1476
floor_0.05,both,G0,r4b_5,0.4238,0.4166,0.4314
floor_0.05,both,G0,r4b_10,0.8142,0.8070,0.8212
floor_0.05,both,G0,r4b_20,0.9770,0.9723,0.9813
floor_0.05,both,G0,r4b_50,0.9980,0.9962,0.9992
floor_0.05,both,G0,r8_move_p95_6_20,73.0000,73.0000,73.0000
floor_0.05,both,G0,r8_move_p95_150_200,41.0000,41.0000,41.0000
floor_0.05,both,G1,r1_rms_5,1.0765,1.0547,1.0991
floor_0.05,both,G1,r1_mean_5,-0.0322,-0.0707,0.0057
floor_0.05,both,G1,r1_rms_10,1.0084,0.9893,1.0277
floor_0.05,both,G1,r1_mean_10,-0.0654,-0.0994,-0.0333
floor_0.05,both,G1,r1_rms_20,0.9026,0.8862,0.9192
floor_0.05,both,G1,r1_mean_20,-0.0904,-0.1182,-0.0623
floor_0.05,both,G1,r1_rms_50,0.7260,0.7153,0.7368
floor_0.05,both,G1,r1_mean_50,-0.1158,-0.1355,-0.0953
floor_0.05,both,G1,r1_rms_100,0.6005,0.5934,0.6074
floor_0.05,both,G1,r1_mean_100,-0.0963,-0.1101,-0.0828
floor_0.05,both,G1,r1_rms_200,0.5003,0.4962,0.5047
floor_0.05,both,G1,r1_mean_200,-0.0443,-0.0532,-0.0353
floor_0.05,both,G1,r2_brier,0.1800,0.1786,0.1814
floor_0.05,both,G1,r2_bias,-0.0019,-0.0036,-0.0001
floor_0.05,both,G1,r3_inside,0.3532,0.3483,0.3580
floor_0.05,both,G1,r3_below_0.5,0.1180,0.1120,0.1245
floor_0.05,both,G1,r3_above_0.95,0.0437,0.0413,0.0461
floor_0.05,both,G1,r4_false,0.6153,0.6047,0.6261
floor_0.05,both,G1,r4_false_0.70,0.5587,0.5487,0.5697
floor_0.05,both,G1,r4_below,0.0000,0.0000,0.0000
floor_0.05,both,G1,r4_false_at_task,0.6153,0.6044,0.6264
floor_0.05,both,G1,r4_declared,10.6135,10.4987,10.7353
floor_0.05,both,G1,r5_late_answers,9.6432,9.5280,9.7647
floor_0.05,both,G1,r5_never,0.2079,0.1987,0.2177
floor_0.05,both,G1,r6_lag,-0.1437,-0.1529,-0.1345
floor_0.05,both,G1,r7_error_5,0.9118,0.8866,0.9366
floor_0.05,both,G1,r7_error_10,0.8382,0.8156,0.8605
floor_0.05,both,G1,r7_longest_wrong,2.0230,1.9828,2.0642
floor_0.05,both,G1,r7_hard_first,0.2241,0.2152,0.2331
floor_0.05,both,G1,r4b_chance_below_0.5,0.3351,0.3215,0.3476
floor_0.05,both,G1,r4b_chance_0.5_to_0.6,0.1788,0.1747,0.1829
floor_0.05,both,G1,r4b_chance_0.6_to_0.7,0.1588,0.1557,0.1623
floor_0.05,both,G1,r4b_chance_0.7_to_0.8,0.1514,0.1462,0.1569
floor_0.05,both,G1,r4b_chance_0.8_up,0.1759,0.1678,0.1839
floor_0.05,both,G1,r3_reachable,0.8115,0.8003,0.8226
floor_0.05,both,G1,r8_rank_6_20,3.9400,3.7183,4.1700
floor_0.05,both,G1,r8_topic_rank_6_20,17.8733,17.3617,18.3850
floor_0.05,both,G1,r8_rank_150_200,1.4294,1.3088,1.5471
floor_0.05,both,G1,r8_topic_rank_150_200,7.2510,7.0564,7.4431
floor_0.05,both,G1,r2_ece,0.0084,0.0073,0.0099
floor_0.05,both,G1,r4b_3,0.1270,0.1207,0.1333
floor_0.05,both,G1,r4b_5,0.3698,0.3612,0.3789
floor_0.05,both,G1,r4b_10,0.7063,0.6959,0.7166
floor_0.05,both,G1,r4b_20,0.8930,0.8862,0.9001
floor_0.05,both,G1,r4b_50,0.9818,0.9792,0.9843
floor_0.05,both,G1,r8_move_p95_6_20,72.0000,72.0000,73.0000
floor_0.05,both,G1,r8_move_p95_150_200,40.0000,40.0000,40.0000
floor_0.05,both,G2,r1_rms_5,0.9947,0.9766,1.0123
floor_0.05,both,G2,r1_mean_5,-0.0657,-0.0985,-0.0324
floor_0.05,both,G2,r1_rms_10,0.9357,0.9201,0.9513
floor_0.05,both,G2,r1_mean_10,-0.1370,-0.1680,-0.1073
floor_0.05,both,G2,r1_rms_20,0.8604,0.8473,0.8743
floor_0.05,both,G2,r1_mean_20,-0.2456,-0.2698,-0.2209
floor_0.05,both,G2,r1_rms_50,0.8099,0.7987,0.8209
floor_0.05,both,G2,r1_mean_50,-0.4885,-0.5063,-0.4706
floor_0.05,both,G2,r1_rms_100,0.9305,0.9202,0.9409
floor_0.05,both,G2,r1_mean_100,-0.7759,-0.7885,-0.7630
floor_0.05,both,G2,r1_rms_200,1.1869,1.1785,1.1951
floor_0.05,both,G2,r1_mean_200,-1.1010,-1.1099,-1.0921
floor_0.05,both,G2,r2_brier,0.1326,0.1318,0.1333
floor_0.05,both,G2,r2_bias,-0.0719,-0.0732,-0.0706
floor_0.05,both,G2,r3_inside,0.2812,0.2780,0.2846
floor_0.05,both,G2,r3_below_0.5,0.0172,0.0163,0.0181
floor_0.05,both,G2,r3_above_0.95,0.1337,0.1301,0.1376
floor_0.05,both,G2,r4_false,0.4423,0.4336,0.4503
floor_0.05,both,G2,r4_false_0.70,0.3316,0.3236,0.3392
floor_0.05,both,G2,r4_below,0.0000,0.0000,0.0000
floor_0.05,both,G2,r4_false_at_task,0.4423,0.4339,0.4504
floor_0.05,both,G2,r4_declared,14.6365,14.5035,14.7683
floor_0.05,both,G2,r5_late_answers,7.5545,7.4925,7.6215
floor_0.05,both,G2,r5_never,0.1322,0.1259,0.1387
floor_0.05,both,G2,r6_lag,-0.9828,-0.9927,-0.9733
floor_0.05,both,G2,r7_error_5,0.8438,0.8239,0.8645
floor_0.05,both,G2,r7_error_10,0.7739,0.7544,0.7930
floor_0.05,both,G2,r7_longest_wrong,1.7315,1.7038,1.7605
floor_0.05,both,G2,r7_hard_first,0.1324,0.1269,0.1375
floor_0.05,both,G2,r4b_chance_below_0.5,0.0732,0.0694,0.0767
floor_0.05,both,G2,r4b_chance_0.5_to_0.6,0.0810,0.0785,0.0835
floor_0.05,both,G2,r4b_chance_0.6_to_0.7,0.1429,0.1398,0.1459
floor_0.05,both,G2,r4b_chance_0.7_to_0.8,0.2344,0.2312,0.2378
floor_0.05,both,G2,r4b_chance_0.8_up,0.4685,0.4609,0.4768
floor_0.05,both,G2,r3_reachable,0.9615,0.9596,0.9635
floor_0.05,both,G2,r8_rank_6_20,3.5583,3.3250,3.8067
floor_0.05,both,G2,r8_topic_rank_6_20,17.3750,16.8967,17.8367
floor_0.05,both,G2,r8_rank_150_200,1.5279,1.4353,1.6211
floor_0.05,both,G2,r8_topic_rank_150_200,9.5191,9.3422,9.6971
floor_0.05,both,G2,r2_ece,0.0719,0.0706,0.0734
floor_0.05,both,G2,r4b_3,0.1755,0.1692,0.1818
floor_0.05,both,G2,r4b_5,0.5192,0.5106,0.5279
floor_0.05,both,G2,r4b_10,0.9188,0.9125,0.9253
floor_0.05,both,G2,r4b_20,0.9982,0.9968,0.9994
floor_0.05,both,G2,r4b_50,1.0000,1.0000,1.0000
floor_0.05,both,G2,r8_move_p95_6_20,73.0000,73.0000,73.0000
floor_0.05,both,G2,r8_move_p95_150_200,38.0000,38.0000,39.0000
floor_0.05,both,G3,r1_rms_5,1.0008,0.9834,1.0198
floor_0.05,both,G3,r1_mean_5,-0.0156,-0.0481,0.0182
floor_0.05,both,G3,r1_rms_10,0.9323,0.9175,0.9471
floor_0.05,both,G3,r1_mean_10,-0.0441,-0.0729,-0.0157
floor_0.05,both,G3,r1_rms_20,0.8338,0.8207,0.8469
floor_0.05,both,G3,r1_mean_20,-0.0620,-0.0877,-0.0357
floor_0.05,both,G3,r1_rms_50,0.6804,0.6721,0.6896
floor_0.05,both,G3,r1_mean_50,-0.1006,-0.1179,-0.0838
floor_0.05,both,G3,r1_rms_100,0.8020,0.7906,0.8132
floor_0.05,both,G3,r1_mean_100,-0.5016,-0.5198,-0.4842
floor_0.05,both,G3,r1_rms_200,0.7168,0.7099,0.7240
floor_0.05,both,G3,r1_mean_200,-0.5412,-0.5501,-0.5319
floor_0.05,both,G3,r2_brier,0.1526,0.1518,0.1534
floor_0.05,both,G3,r2_bias,-0.0351,-0.0366,-0.0337
floor_0.05,both,G3,r3_inside,0.3502,0.3477,0.3530
floor_0.05,both,G3,r3_below_0.5,0.0288,0.0274,0.0302
floor_0.05,both,G3,r3_above_0.95,0.0758,0.0735,0.0782
floor_0.05,both,G3,r4_false,0.5345,0.5257,0.5434
floor_0.05,both,G3,r4_false_0.70,0.4212,0.4127,0.4300
floor_0.05,both,G3,r4_below,0.0000,0.0000,0.0000
floor_0.05,both,G3,r4_false_at_task,0.5345,0.5258,0.5432
floor_0.05,both,G3,r4_declared,12.4340,12.3008,12.5602
floor_0.05,both,G3,r5_late_answers,8.3767,8.2875,8.4653
floor_0.05,both,G3,r5_never,0.1839,0.1756,0.1921
floor_0.05,both,G3,r6_lag,-0.6443,-0.6534,-0.6354
floor_0.05,both,G3,r6_jump_answers,73.0632,71.9575,74.1467
floor_0.05,both,G3,r6_jump_unsettled,0.5725,0.5567,0.5873
floor_0.05,both,G3,r7_error_5,0.8538,0.8331,0.8738
floor_0.05,both,G3,r7_error_10,0.7807,0.7618,0.8005
floor_0.05,both,G3,r7_longest_wrong,1.7730,1.7437,1.8008
floor_0.05,both,G3,r7_hard_first,0.1377,0.1319,0.1435
floor_0.05,both,G3,r4b_chance_below_0.5,0.1014,0.0961,0.1067
floor_0.05,both,G3,r4b_chance_0.5_to_0.6,0.1142,0.1114,0.1173
floor_0.05,both,G3,r4b_chance_0.6_to_0.7,0.1814,0.1785,0.1844
floor_0.05,both,G3,r4b_chance_0.7_to_0.8,0.2458,0.2423,0.2492
floor_0.05,both,G3,r4b_chance_0.8_up,0.3572,0.3502,0.3651
floor_0.05,both,G3,r3_reachable,0.9539,0.9509,0.9568
floor_0.05,both,G3,r8_rank_6_20,3.5583,3.3383,3.7917
floor_0.05,both,G3,r8_topic_rank_6_20,17.3583,16.8933,17.8150
floor_0.05,both,G3,r8_rank_150_200,1.5902,1.4804,1.7029
floor_0.05,both,G3,r8_topic_rank_150_200,9.1049,8.9319,9.2882
floor_0.05,both,G3,r2_ece,0.0351,0.0336,0.0365
floor_0.05,both,G3,r4b_3,0.1462,0.1406,0.1525
floor_0.05,both,G3,r4b_5,0.4562,0.4487,0.4644
floor_0.05,both,G3,r4b_10,0.8641,0.8568,0.8709
floor_0.05,both,G3,r4b_20,0.9894,0.9862,0.9924
floor_0.05,both,G3,r4b_50,0.9998,0.9995,1.0000
floor_0.05,both,G3,r8_move_p95_6_20,73.0000,73.0000,73.0000
floor_0.05,both,G3,r8_move_p95_150_200,40.0000,40.0000,40.0000
floor_0.05,both,G4,r1_rms_5,1.0200,1.0020,1.0385
floor_0.05,both,G4,r1_mean_5,-0.2311,-0.2647,-0.1971
floor_0.05,both,G4,r1_rms_10,0.9621,0.9459,0.9780
floor_0.05,both,G4,r1_mean_10,-0.2855,-0.3151,-0.2560
floor_0.05,both,G4,r1_rms_20,0.8817,0.8684,0.8952
floor_0.05,both,G4,r1_mean_20,-0.3353,-0.3592,-0.3098
floor_0.05,both,G4,r1_rms_50,0.7597,0.7497,0.7704
floor_0.05,both,G4,r1_mean_50,-0.4055,-0.4230,-0.3888
floor_0.05,both,G4,r1_rms_100,0.6972,0.6895,0.7049
floor_0.05,both,G4,r1_mean_100,-0.4482,-0.4595,-0.4369
floor_0.05,both,G4,r1_rms_200,0.6551,0.6494,0.6607
floor_0.05,both,G4,r1_mean_200,-0.4616,-0.4698,-0.4537
floor_0.05,both,G4,r2_brier,0.1787,0.1778,0.1796
floor_0.05,both,G4,r2_bias,0.0119,0.0104,0.0133
floor_0.05,both,G4,r3_inside,0.3873,0.3851,0.3896
floor_0.05,both,G4,r3_below_0.5,0.0587,0.0562,0.0614
floor_0.05,both,G4,r3_above_0.95,0.0369,0.0354,0.0386
floor_0.05,both,G4,r4_false,0.5965,0.5880,0.6053
floor_0.05,both,G4,r4_false_0.70,0.4831,0.4738,0.4923
floor_0.05,both,G4,r4_below,0.0000,0.0000,0.0000
floor_0.05,both,G4,r4_false_at_task,0.5965,0.5878,0.6047
floor_0.05,both,G4,r4_declared,9.5853,9.4757,9.6873
floor_0.05,both,G4,r5_late_answers,10.3494,10.2222,10.4770
floor_0.05,both,G4,r5_never,0.2481,0.2384,0.2578
floor_0.05,both,G4,r6_lag,-0.4946,-0.5025,-0.4864
floor_0.05,both,G4,r7_error_5,0.8787,0.8577,0.8996
floor_0.05,both,G4,r7_error_10,0.8084,0.7897,0.8273
floor_0.05,both,G4,r7_longest_wrong,1.8782,1.8473,1.9098
floor_0.05,both,G4,r7_hard_first,0.1869,0.1805,0.1935
floor_0.05,both,G4,r4b_chance_below_0.5,0.1660,0.1578,0.1740
floor_0.05,both,G4,r4b_chance_0.5_to_0.6,0.1458,0.1428,0.1487
floor_0.05,both,G4,r4b_chance_0.6_to_0.7,0.1939,0.1909,0.1969
floor_0.05,both,G4,r4b_chance_0.7_to_0.8,0.2273,0.2234,0.2310
floor_0.05,both,G4,r4b_chance_0.8_up,0.2671,0.2602,0.2739
floor_0.05,both,G4,r3_reachable,0.9484,0.9442,0.9526
floor_0.05,both,G4,r8_rank_6_20,3.9500,3.7083,4.1867
floor_0.05,both,G4,r8_topic_rank_6_20,18.2917,17.8400,18.7650
floor_0.05,both,G4,r8_rank_150_200,1.7338,1.6029,1.8657
floor_0.05,both,G4,r8_topic_rank_150_200,8.4127,8.2304,8.5887
floor_0.05,both,G4,r2_ece,0.0141,0.0127,0.0156
floor_0.05,both,G4,r4b_3,0.1185,0.1133,0.1236
floor_0.05,both,G4,r4b_5,0.3969,0.3890,0.4042
floor_0.05,both,G4,r4b_10,0.7929,0.7845,0.8013
floor_0.05,both,G4,r4b_20,0.9656,0.9596,0.9714
floor_0.05,both,G4,r4b_50,0.9947,0.9920,0.9970
floor_0.05,both,G4,r8_move_p95_6_20,74.0000,74.0000,74.0000
floor_0.05,both,G4,r8_move_p95_150_200,41.0000,41.0000,41.0000
floor_0.05,both,G5,r1_rms_5,0.9083,0.8882,0.9281
floor_0.05,both,G5,r1_mean_5,-0.0110,-0.0449,0.0224
floor_0.05,both,G5,r1_rms_10,0.8471,0.8302,0.8647
floor_0.05,both,G5,r1_mean_10,-0.0266,-0.0539,0.0027
floor_0.05,both,G5,r1_rms_20,0.8745,0.8612,0.8877
floor_0.05,both,G5,r1_mean_20,-0.0430,-0.0667,-0.0184
floor_0.05,both,G5,r1_rms_50,0.7430,0.7331,0.7524
floor_0.05,both,G5,r1_mean_50,-0.0612,-0.0789,-0.0439
floor_0.05,both,G5,r1_rms_100,0.6325,0.6254,0.6396
floor_0.05,both,G5,r1_mean_100,-0.0779,-0.0906,-0.0653
floor_0.05,both,G5,r1_rms_200,0.5449,0.5394,0.5508
floor_0.05,both,G5,r1_mean_200,-0.0695,-0.0786,-0.0606
floor_0.05,both,G5,r2_brier,0.1759,0.1750,0.1769
floor_0.05,both,G5,r2_bias,0.0057,0.0042,0.0073
floor_0.05,both,G5,r3_inside,0.4086,0.4057,0.4116
floor_0.05,both,G5,r3_below_0.5,0.0496,0.0471,0.0522
floor_0.05,both,G5,r3_above_0.95,0.0348,0.0332,0.0365
floor_0.05,both,G5,r4_false,0.6327,0.6243,0.6410
floor_0.05,both,G5,r4_false_0.70,0.5294,0.5201,0.5387
floor_0.05,both,G5,r4_below,0.0000,0.0000,0.0000
floor_0.05,both,G5,r4_false_at_task,0.6327,0.6242,0.6412
floor_0.05,both,G5,r4_declared,10.2027,10.0955,10.3148
floor_0.05,both,G5,r5_late_answers,9.9530,9.8267,10.0755
floor_0.05,both,G5,r5_never,0.2170,0.2078,0.2271
floor_0.05,both,G5,r6_lag,-0.1187,-0.1269,-0.1101
floor_0.05,both,G5,r7_error_5,0.9720,0.9500,0.9940
floor_0.05,both,G5,r7_error_10,0.9149,0.8945,0.9364
floor_0.05,both,G5,r7_longest_wrong,1.8297,1.8017,1.8575
floor_0.05,both,G5,r7_hard_first,0.1316,0.1258,0.1375
floor_0.05,both,G5,r4b_chance_below_0.5,0.1498,0.1425,0.1576
floor_0.05,both,G5,r4b_chance_0.5_to_0.6,0.1545,0.1508,0.1583
floor_0.05,both,G5,r4b_chance_0.6_to_0.7,0.2114,0.2079,0.2148
floor_0.05,both,G5,r4b_chance_0.7_to_0.8,0.2373,0.2333,0.2415
floor_0.05,both,G5,r4b_chance_0.8_up,0.2471,0.2397,0.2547
floor_0.05,both,G5,r3_reachable,0.9138,0.9080,0.9200
floor_0.05,both,G5,r8_rank_6_20,3.6733,3.4383,3.8983
floor_0.05,both,G5,r8_topic_rank_6_20,17.8633,17.3850,18.3317
floor_0.05,both,G5,r8_rank_150_200,1.7034,1.5775,1.8343
floor_0.05,both,G5,r8_topic_rank_150_200,8.3725,8.2039,8.5471
floor_0.05,both,G5,r2_ece,0.0085,0.0069,0.0100
floor_0.05,both,G5,r4b_3,0.1285,0.1233,0.1340
floor_0.05,both,G5,r4b_5,0.3995,0.3918,0.4069
floor_0.05,both,G5,r4b_10,0.7934,0.7854,0.8012
floor_0.05,both,G5,r4b_20,0.9709,0.9660,0.9756
floor_0.05,both,G5,r4b_50,0.9979,0.9966,0.9991
floor_0.05,both,G5,r8_move_p95_6_20,73.0000,73.0000,73.0000
floor_0.05,both,G5,r8_move_p95_150_200,41.0000,41.0000,41.0000
floor_0.05,both,G6,r1_rms_5,1.0556,1.0343,1.0775
floor_0.05,both,G6,r1_mean_5,-0.0395,-0.0772,-0.0029
floor_0.05,both,G6,r1_rms_10,0.9996,0.9806,1.0183
floor_0.05,both,G6,r1_mean_10,-0.0798,-0.1126,-0.0460
floor_0.05,both,G6,r1_rms_20,0.9239,0.9063,0.9409
floor_0.05,both,G6,r1_mean_20,-0.1079,-0.1372,-0.0787
floor_0.05,both,G6,r1_rms_50,0.8132,0.7993,0.8283
floor_0.05,both,G6,r1_mean_50,-0.1505,-0.1756,-0.1255
floor_0.05,both,G6,r1_rms_100,0.7620,0.7488,0.7750
floor_0.05,both,G6,r1_mean_100,-0.1890,-0.2118,-0.1669
floor_0.05,both,G6,r1_rms_200,0.7533,0.7423,0.7647
floor_0.05,both,G6,r1_mean_200,-0.2247,-0.2465,-0.2028
floor_0.05,both,G6,r2_brier,0.1774,0.1765,0.1784
floor_0.05,both,G6,r2_bias,0.0104,0.0088,0.0120
floor_0.05,both,G6,r3_inside,0.4233,0.4163,0.4304
floor_0.05,both,G6,r3_below_0.5,0.0568,0.0547,0.0592
floor_0.05,both,G6,r3_above_0.95,0.0960,0.0923,0.0996
floor_0.05,both,G6,r4_false,0.6709,0.6626,0.6793
floor_0.05,both,G6,r4_false_0.70,0.5532,0.5438,0.5628
floor_0.05,both,G6,r4_below,0.0000,0.0000,0.0000
floor_0.05,both,G6,r4_false_at_task,0.6709,0.6625,0.6791
floor_0.05,both,G6,r4_declared,9.7402,9.6352,9.8453
floor_0.05,both,G6,r5_late_answers,9.8682,9.7398,9.9913
floor_0.05,both,G6,r5_never,0.2367,0.2263,0.2477
floor_0.05,both,G6,r6_lag,-0.2392,-0.2606,-0.2169
floor_0.05,both,G6,r7_error_5,0.9105,0.8888,0.9340
floor_0.05,both,G6,r7_error_10,0.8451,0.8228,0.8669
floor_0.05,both,G6,r7_longest_wrong,1.8082,1.7808,1.8382
floor_0.05,both,G6,r7_hard_first,0.1356,0.1301,0.1410
floor_0.05,both,G6,r4b_chance_below_0.5,0.1235,0.1168,0.1303
floor_0.05,both,G6,r4b_chance_0.5_to_0.6,0.1284,0.1241,0.1327
floor_0.05,both,G6,r4b_chance_0.6_to_0.7,0.2398,0.2342,0.2456
floor_0.05,both,G6,r4b_chance_0.7_to_0.8,0.2839,0.2776,0.2901
floor_0.05,both,G6,r4b_chance_0.8_up,0.2244,0.2177,0.2319
floor_0.05,both,G6,r3_reachable,0.8000,0.7926,0.8074
floor_0.05,both,G6,r8_rank_6_20,3.8117,3.5750,4.0417
floor_0.05,both,G6,r8_topic_rank_6_20,18.1333,17.6683,18.6017
floor_0.05,both,G6,r8_rank_150_200,1.7814,1.6480,1.9167
floor_0.05,both,G6,r8_topic_rank_150_200,8.2917,8.1088,8.4745
floor_0.05,both,G6,r2_ece,0.0129,0.0113,0.0144
floor_0.05,both,G6,r4b_3,0.1272,0.1222,0.1324
floor_0.05,both,G6,r4b_5,0.4029,0.3959,0.4104
floor_0.05,both,G6,r4b_10,0.7953,0.7883,0.8022
floor_0.05,both,G6,r4b_20,0.9700,0.9655,0.9746
floor_0.05,both,G6,r4b_50,0.9966,0.9937,0.9989
floor_0.05,both,G6,r8_move_p95_6_20,73.0000,73.0000,73.0000
floor_0.05,both,G6,r8_move_p95_150_200,41.0000,41.0000,41.0000
floor_0.05,both,G7,r1_rms_5,1.0234,1.0041,1.0422
floor_0.05,both,G7,r1_mean_5,-0.0986,-0.1328,-0.0669
floor_0.05,both,G7,r1_rms_10,0.9601,0.9429,0.9771
floor_0.05,both,G7,r1_mean_10,-0.1270,-0.1576,-0.0967
floor_0.05,both,G7,r1_rms_20,0.8696,0.8563,0.8831
floor_0.05,both,G7,r1_mean_20,-0.1450,-0.1717,-0.1197
floor_0.05,both,G7,r1_rms_50,0.7304,0.7207,0.7399
floor_0.05,both,G7,r1_mean_50,-0.1595,-0.1784,-0.1404
floor_0.05,both,G7,r1_rms_100,0.6368,0.6299,0.6436
floor_0.05,both,G7,r1_mean_100,-0.1575,-0.1725,-0.1434
floor_0.05,both,G7,r1_rms_200,0.5595,0.5546,0.5645
floor_0.05,both,G7,r1_mean_200,-0.1359,-0.1478,-0.1242
floor_0.05,both,G7,r2_brier,0.1721,0.1712,0.1730
floor_0.05,both,G7,r2_bias,0.0017,0.0002,0.0031
floor_0.05,both,G7,r3_inside,0.4258,0.4230,0.4287
floor_0.05,both,G7,r3_below_0.5,0.0386,0.0365,0.0408
floor_0.05,both,G7,r3_above_0.95,0.0314,0.0300,0.0330
floor_0.05,both,G7,r4_false,0.6461,0.6376,0.6545
floor_0.05,both,G7,r4_false_0.70,0.5398,0.5310,0.5487
floor_0.05,both,G7,r4_below,0.0000,0.0000,0.0000
floor_0.05,both,G7,r4_false_at_task,0.6461,0.6382,0.6540
floor_0.05,both,G7,r4_declared,10.0670,9.9618,10.1783
floor_0.05,both,G7,r5_late_answers,9.8837,9.7642,10.0035
floor_0.05,both,G7,r5_never,0.2192,0.2096,0.2288
floor_0.05,both,G7,r6_lag,-0.1783,-0.1909,-0.1665
floor_0.05,both,G7,r7_error_5,0.8846,0.8645,0.9055
floor_0.05,both,G7,r7_error_10,0.8114,0.7929,0.8311
floor_0.05,both,G7,r7_longest_wrong,1.7857,1.7575,1.8145
floor_0.05,both,G7,r7_hard_first,0.1360,0.1304,0.1414
floor_0.05,both,G7,r4b_chance_below_0.5,0.1100,0.1039,0.1166
floor_0.05,both,G7,r4b_chance_0.5_to_0.6,0.1318,0.1287,0.1350
floor_0.05,both,G7,r4b_chance_0.6_to_0.7,0.2106,0.2073,0.2139
floor_0.05,both,G7,r4b_chance_0.7_to_0.8,0.2640,0.2601,0.2677
floor_0.05,both,G7,r4b_chance_0.8_up,0.2836,0.2769,0.2906
floor_0.05,both,G7,r3_reachable,0.9386,0.9343,0.9426
floor_0.05,both,G7,r8_rank_6_20,3.5167,3.2917,3.7567
floor_0.05,both,G7,r8_topic_rank_6_20,17.1483,16.6817,17.6100
floor_0.05,both,G7,r8_rank_150_200,1.6564,1.5343,1.7868
floor_0.05,both,G7,r8_topic_rank_150_200,8.5260,8.3407,8.7034
floor_0.05,both,G7,r2_ece,0.0037,0.0022,0.0052
floor_0.05,both,G7,r4b_3,0.1416,0.1364,0.1471
floor_0.05,both,G7,r4b_5,0.4232,0.4159,0.4304
floor_0.05,both,G7,r4b_10,0.8109,0.8037,0.8177
floor_0.05,both,G7,r4b_20,0.9768,0.9724,0.9812
floor_0.05,both,G7,r4b_50,0.9972,0.9949,0.9989
floor_0.05,both,G7,r8_move_p95_6_20,73.0000,73.0000,73.0000
floor_0.05,both,G7,r8_move_p95_150_200,41.0000,41.0000,41.0000
floor_0.05,both,G8,r1_rms_5,1.0021,0.9850,1.0200
floor_0.05,both,G8,r1_mean_5,0.0023,-0.0302,0.0353
floor_0.05,both,G8,r1_rms_10,0.9357,0.9198,0.9511
floor_0.05,both,G8,r1_mean_10,-0.0281,-0.0584,0.0010
floor_0.05,both,G8,r1_rms_20,0.8399,0.8272,0.8530
floor_0.05,both,G8,r1_mean_20,-0.0552,-0.0799,-0.0281
floor_0.05,both,G8,r1_rms_50,0.6810,0.6728,0.6897
floor_0.05,both,G8,r1_mean_50,-0.0889,-0.1054,-0.0709
floor_0.05,both,G8,r1_rms_100,0.5704,0.5647,0.5763
floor_0.05,both,G8,r1_mean_100,-0.0999,-0.1115,-0.0875
floor_0.05,both,G8,r1_rms_200,0.4880,0.4842,0.4919
floor_0.05,both,G8,r1_mean_200,-0.0768,-0.0847,-0.0688
floor_0.05,both,G8,r2_brier,0.1734,0.1725,0.1741
floor_0.05,both,G8,r2_bias,0.0035,0.0020,0.0050
floor_0.05,both,G8,r3_inside,0.4301,0.4273,0.4327
floor_0.05,both,G8,r3_below_0.5,0.0372,0.0355,0.0391
floor_0.05,both,G8,r3_above_0.95,0.0296,0.0280,0.0312
floor_0.05,both,G8,r4_false,0.6522,0.6432,0.6608
floor_0.05,both,G8,r4_false_0.70,0.5475,0.5378,0.5571
floor_0.05,both,G8,r4_below,0.0000,0.0000,0.0000
floor_0.05,both,G8,r4_false_at_task,0.6522,0.6437,0.6605
floor_0.05,both,G8,r4_declared,7.4283,7.3370,7.5222
floor_0.05,both,G8,r5_late_answers,11.1542,10.9989,11.3125
floor_0.05,both,G8,r5_never,0.3987,0.3874,0.4099
floor_0.05,both,G8,r6_lag,-0.1136,-0.1217,-0.1051
floor_0.05,both,G8,r7_error_5,0.8521,0.8327,0.8728
floor_0.05,both,G8,r7_error_10,0.7790,0.7603,0.7970
floor_0.05,both,G8,r7_longest_wrong,1.7845,1.7563,1.8148
floor_0.05,both,G8,r7_hard_first,0.1413,0.1354,0.1473
floor_0.05,both,G8,r4b_chance_below_0.5,0.1014,0.0959,0.1069
floor_0.05,both,G8,r4b_chance_0.5_to_0.6,0.1329,0.1299,0.1359
floor_0.05,both,G8,r4b_chance_0.6_to_0.7,0.2140,0.2110,0.2171
floor_0.05,both,G8,r4b_chance_0.7_to_0.8,0.2731,0.2695,0.2767
floor_0.05,both,G8,r4b_chance_0.8_up,0.2786,0.2716,0.2856
floor_0.05,both,G8,r3_reachable,0.9434,0.9392,0.9475
floor_0.05,both,G8,r8_rank_6_20,3.6550,3.4283,3.8933
floor_0.05,both,G8,r8_topic_rank_6_20,17.8833,17.4250,18.3533
floor_0.05,both,G8,r8_rank_150_200,1.7480,1.6157,1.8824
floor_0.05,both,G8,r8_topic_rank_150_200,8.5245,8.3353,8.7074
floor_0.05,both,G8,r2_ece,0.0057,0.0043,0.0072
floor_0.05,both,G8,r4b_3,0.0739,0.0701,0.0775
floor_0.05,both,G8,r4b_5,0.2919,0.2852,0.2986
floor_0.05,both,G8,r4b_10,0.6529,0.6438,0.6613
floor_0.05,both,G8,r4b_20,0.9318,0.9245,0.9392
floor_0.05,both,G8,r4b_50,0.9959,0.9917,0.9990
floor_0.05,both,G8,r8_move_p95_6_20,73.0000,73.0000,73.0000
floor_0.05,both,G8,r8_move_p95_150_200,41.0000,41.0000,41.0000
floor_0.05,both,G0-exact,r1_rms_5,0.9834,0.9654,1.0015
floor_0.05,both,G0-exact,r1_mean_5,-0.0207,-0.0538,0.0122
floor_0.05,both,G0-exact,r1_rms_10,0.9159,0.9013,0.9310
floor_0.05,both,G0-exact,r1_mean_10,-0.0408,-0.0704,-0.0126
floor_0.05,both,G0-exact,r1_rms_20,0.8191,0.8067,0.8310
floor_0.05,both,G0-exact,r1_mean_20,-0.0531,-0.0770,-0.0290
floor_0.05,both,G0-exact,r1_rms_50,0.6606,0.6529,0.6686
floor_0.05,both,G0-exact,r1_mean_50,-0.0634,-0.0800,-0.0468
floor_0.05,both,G0-exact,r1_rms_100,0.5491,0.5440,0.5542
floor_0.05,both,G0-exact,r1_mean_100,-0.0582,-0.0686,-0.0474
floor_0.05,both,G0-exact,r1_rms_200,0.4724,0.4686,0.4762
floor_0.05,both,G0-exact,r1_mean_200,-0.0308,-0.0382,-0.0236
floor_0.05,both,G0-exact,r2_brier,0.1712,0.1704,0.1721
floor_0.05,both,G0-exact,r2_bias,0.0005,-0.0010,0.0019
floor_0.05,both,G0-exact,r3_inside,0.5442,0.5390,0.5493
floor_0.05,both,G0-exact,r3_below_0.5,0.0219,0.0200,0.0241
floor_0.05,both,G0-exact,r3_above_0.95,0.0116,0.0105,0.0127
floor_0.05,both,G0-exact,r4_false,0.6620,0.6542,0.6700
floor_0.05,both,G0-exact,r4_false_0.70,0.5570,0.5481,0.5662
floor_0.05,both,G0-exact,r4_below,0.0000,0.0000,0.0000
floor_0.05,both,G0-exact,r4_false_at_task,0.6620,0.6538,0.6701
floor_0.05,both,G0-exact,r4_declared,9.9763,9.8622,10.0880
floor_0.05,both,G0-exact,r5_late_answers,9.7694,9.6479,9.8926
floor_0.05,both,G0-exact,r5_never,0.2284,0.2186,0.2385
floor_0.05,both,G0-exact,r6_lag,-0.0767,-0.0844,-0.0687
floor_0.05,both,G0-exact,r7_error_5,0.8323,0.8123,0.8523
floor_0.05,both,G0-exact,r7_error_10,0.7580,0.7397,0.7758
floor_0.05,both,G0-exact,r7_longest_wrong,1.7565,1.7288,1.7860
floor_0.05,both,G0-exact,r7_hard_first,0.1173,0.1119,0.1231
floor_0.05,both,G0-exact,r4b_chance_below_0.5,0.0771,0.0696,0.0852
floor_0.05,both,G0-exact,r4b_chance_0.5_to_0.6,0.1205,0.1156,0.1256
floor_0.05,both,G0-exact,r4b_chance_0.6_to_0.7,0.2465,0.2404,0.2525
floor_0.05,both,G0-exact,r4b_chance_0.7_to_0.8,0.3457,0.3386,0.3531
floor_0.05,both,G0-exact,r4b_chance_0.8_up,0.2102,0.2023,0.2183
floor_0.05,both,G0-exact,r3_reachable,0.9433,0.9393,0.9474
floor_0.05,both,G0-exact,r8_rank_6_20,3.5717,3.3483,3.7983
floor_0.05,both,G0-exact,r8_topic_rank_6_20,17.5517,17.0700,18.0000
floor_0.05,both,G0-exact,r8_rank_150_200,1.7588,1.6377,1.8858
floor_0.05,both,G0-exact,r8_topic_rank_150_200,8.4069,8.2289,8.5755
floor_0.05,both,G0-exact,r2_ece,0.0025,0.0017,0.0039
floor_0.05,both,G0-exact,r4b_3,0.1414,0.1361,0.1468
floor_0.05,both,G0-exact,r4b_5,0.4237,0.4163,0.4310
floor_0.05,both,G0-exact,r4b_10,0.8135,0.8060,0.8205
floor_0.05,both,G0-exact,r4b_20,0.9763,0.9718,0.9804
floor_0.05,both,G0-exact,r4b_50,0.9981,0.9966,0.9992
floor_0.05,both,G0-exact,r8_move_p95_6_20,73.0000,73.0000,73.0000
floor_0.05,both,G0-exact,r8_move_p95_150_200,41.0000,41.0000,41.0000
floor_0.05,both,G0-miss0.25,r1_rms_5,1.0060,0.9887,1.0251
floor_0.05,both,G0-miss0.25,r1_mean_5,0.0252,-0.0103,0.0597
floor_0.05,both,G0-miss0.25,r1_rms_10,0.9353,0.9190,0.9505
floor_0.05,both,G0-miss0.25,r1_mean_10,-0.0053,-0.0341,0.0265
floor_0.05,both,G0-miss0.25,r1_rms_20,0.8352,0.8221,0.8486
floor_0.05,both,G0-miss0.25,r1_mean_20,-0.0297,-0.0548,-0.0060
floor_0.05,both,G0-miss0.25,r1_rms_50,0.6692,0.6607,0.6777
floor_0.05,both,G0-miss0.25,r1_mean_50,-0.0594,-0.0756,-0.0427
floor_0.05,both,G0-miss0.25,r1_rms_100,0.5552,0.5493,0.5610
floor_0.05,both,G0-miss0.25,r1_mean_100,-0.0586,-0.0699,-0.0465
floor_0.05,both,G0-miss0.25,r1_rms_200,0.4761,0.4726,0.4799
floor_0.05,both,G0-miss0.25,r1_mean_200,-0.0374,-0.0448,-0.0298
floor_0.05,both,G0-miss0.25,r2_brier,0.1722,0.1712,0.1730
floor_0.05,both,G0-miss0.25,r2_bias,0.0026,0.0011,0.0041
floor_0.05,both,G0-miss0.25,r3_inside,0.5005,0.4965,0.5046
floor_0.05,both,G0-miss0.25,r3_below_0.5,0.0266,0.0246,0.0287
floor_0.05,both,G0-miss0.25,r3_above_0.95,0.0164,0.0150,0.0178
floor_0.05,both,G0-miss0.25,r4_false,0.6464,0.6381,0.6548
floor_0.05,both,G0-miss0.25,r4_false_0.70,0.5361,0.5276,0.5453
floor_0.05,both,G0-miss0.25,r4_below,0.0000,0.0000,0.0000
floor_0.05,both,G0-miss0.25,r4_false_at_task,0.6464,0.6381,0.6546
floor_0.05,both,G0-miss0.25,r4_declared,9.9917,9.8785,10.1025
floor_0.05,both,G0-miss0.25,r5_late_answers,9.8290,9.7064,9.9506
floor_0.05,both,G0-miss0.25,r5_never,0.2234,0.2139,0.2341
floor_0.05,both,G0-miss0.25,r6_lag,-0.0838,-0.0921,-0.0757
floor_0.05,both,G0-miss0.25,r7_error_5,0.8649,0.8432,0.8852
floor_0.05,both,G0-miss0.25,r7_error_10,0.7855,0.7671,0.8043
floor_0.05,both,G0-miss0.25,r7_longest_wrong,1.7882,1.7592,1.8170
floor_0.05,both,G0-miss0.25,r7_hard_first,0.1304,0.1247,0.1364
floor_0.05,both,G0-miss0.25,r4b_chance_below_0.5,0.0898,0.0829,0.0965
floor_0.05,both,G0-miss0.25,r4b_chance_0.5_to_0.6,0.1315,0.1277,0.1354
floor_0.05,both,G0-miss0.25,r4b_chance_0.6_to_0.7,0.2436,0.2390,0.2480
floor_0.05,both,G0-miss0.25,r4b_chance_0.7_to_0.8,0.3110,0.3057,0.3164
floor_0.05,both,G0-miss0.25,r4b_chance_0.8_up,0.2241,0.2176,0.2313
floor_0.05,both,G0-miss0.25,r3_reachable,0.9427,0.9385,0.9466
floor_0.05,both,G0-miss0.25,r8_rank_6_20,3.6800,3.4567,3.9117
floor_0.05,both,G0-miss0.25,r8_topic_rank_6_20,18.0133,17.5600,18.4933
floor_0.05,both,G0-miss0.25,r8_rank_150_200,1.7926,1.6652,1.9348
floor_0.05,both,G0-miss0.25,r8_topic_rank_150_200,8.5157,8.3353,8.6995
floor_0.05,both,G0-miss0.25,r2_ece,0.0042,0.0026,0.0057
floor_0.05,both,G0-miss0.25,r4b_3,0.1390,0.1337,0.1447
floor_0.05,both,G0-miss0.25,r4b_5,0.4122,0.4048,0.4195
floor_0.05,both,G0-miss0.25,r4b_10,0.8167,0.8095,0.8237
floor_0.05,both,G0-miss0.25,r4b_20,0.9773,0.9728,0.9817
floor_0.05,both,G0-miss0.25,r4b_50,0.9973,0.9955,0.9988
floor_0.05,both,G0-miss0.25,r8_move_p95_6_20,73.0000,73.0000,73.0000
floor_0.05,both,G0-miss0.25,r8_move_p95_150_200,41.0000,41.0000,41.0000
floor_0.05,both,G0-miss1,r1_rms_5,1.0386,1.0200,1.0579
floor_0.05,both,G0-miss1,r1_mean_5,-0.0762,-0.1118,-0.0422
floor_0.05,both,G0-miss1,r1_rms_10,0.9716,0.9553,0.9882
floor_0.05,both,G0-miss1,r1_mean_10,-0.1096,-0.1401,-0.0778
floor_0.05,both,G0-miss1,r1_rms_20,0.8755,0.8617,0.8897
floor_0.05,both,G0-miss1,r1_mean_20,-0.1357,-0.1608,-0.1101
floor_0.05,both,G0-miss1,r1_rms_50,0.7267,0.7173,0.7362
floor_0.05,both,G0-miss1,r1_mean_50,-0.1754,-0.1943,-0.1568
floor_0.05,both,G0-miss1,r1_rms_100,0.6183,0.6116,0.6252
floor_0.05,both,G0-miss1,r1_mean_100,-0.1927,-0.2061,-0.1804
floor_0.05,both,G0-miss1,r1_rms_200,0.5390,0.5343,0.5438
floor_0.05,both,G0-miss1,r1_mean_200,-0.1892,-0.1981,-0.1807
floor_0.05,both,G0-miss1,r2_brier,0.1747,0.1738,0.1756
floor_0.05,both,G0-miss1,r2_bias,0.0058,0.0042,0.0073
floor_0.05,both,G0-miss1,r3_inside,0.2967,0.2952,0.2982
floor_0.05,both,G0-miss1,r3_below_0.5,0.0877,0.0855,0.0899
floor_0.05,both,G0-miss1,r3_above_0.95,0.1085,0.1063,0.1109
floor_0.05,both,G0-miss1,r4_false,0.6318,0.6235,0.6401
floor_0.05,both,G0-miss1,r4_false_0.70,0.5237,0.5146,0.5330
floor_0.05,both,G0-miss1,r4_below,0.0000,0.0000,0.0000
floor_0.05,both,G0-miss1,r4_false_at_task,0.6318,0.6230,0.6400
floor_0.05,both,G0-miss1,r4_declared,10.0330,9.9253,10.1400
floor_0.05,both,G0-miss1,r5_late_answers,9.9945,9.8674,10.1143
floor_0.05,both,G0-miss1,r5_never,0.2267,0.2166,0.2361
floor_0.05,both,G0-miss1,r6_lag,-0.2321,-0.2421,-0.2232
floor_0.05,both,G0-miss1,r7_error_5,0.8984,0.8770,0.9193
floor_0.05,both,G0-miss1,r7_error_10,0.8245,0.8056,0.8432
floor_0.05,both,G0-miss1,r7_longest_wrong,1.7965,1.7697,1.8242
floor_0.05,both,G0-miss1,r7_hard_first,0.1768,0.1712,0.1827
floor_0.05,both,G0-miss1,r4b_chance_below_0.5,0.1768,0.1713,0.1823
floor_0.05,both,G0-miss1,r4b_chance_0.5_to_0.6,0.1223,0.1202,0.1243
floor_0.05,both,G0-miss1,r4b_chance_0.6_to_0.7,0.1527,0.1506,0.1549
floor_0.05,both,G0-miss1,r4b_chance_0.7_to_0.8,0.1843,0.1820,0.1865
floor_0.05,both,G0-miss1,r4b_chance_0.8_up,0.3638,0.3580,0.3701
floor_0.05,both,G0-miss1,r3_reachable,0.9476,0.9438,0.9512
floor_0.05,both,G0-miss1,r8_rank_6_20,3.5350,3.3133,3.7633
floor_0.05,both,G0-miss1,r8_topic_rank_6_20,17.6633,17.1867,18.1400
floor_0.05,both,G0-miss1,r8_rank_150_200,1.7917,1.6618,1.9230
floor_0.05,both,G0-miss1,r8_topic_rank_150_200,8.5250,8.3544,8.7000
floor_0.05,both,G0-miss1,r2_ece,0.0079,0.0064,0.0094
floor_0.05,both,G0-miss1,r4b_3,0.1303,0.1250,0.1356
floor_0.05,both,G0-miss1,r4b_5,0.4199,0.4123,0.4273
floor_0.05,both,G0-miss1,r4b_10,0.8210,0.8143,0.8284
floor_0.05,both,G0-miss1,r4b_20,0.9807,0.9765,0.9846
floor_0.05,both,G0-miss1,r4b_50,0.9982,0.9967,0.9994
floor_0.05,both,G0-miss1,r8_move_p95_6_20,73.0000,73.0000,74.0000
floor_0.05,both,G0-miss1,r8_move_p95_150_200,41.0000,41.0000,41.0000
floor_0.05,both,G2-half,r1_rms_5,1.0053,0.9875,1.0229
floor_0.05,both,G2-half,r1_mean_5,-0.0555,-0.0887,-0.0237
floor_0.05,both,G2-half,r1_rms_10,0.9421,0.9267,0.9579
floor_0.05,both,G2-half,r1_mean_10,-0.1038,-0.1333,-0.0746
floor_0.05,both,G2-half,r1_rms_20,0.8472,0.8343,0.8599
floor_0.05,both,G2-half,r1_mean_20,-0.1664,-0.1915,-0.1424
floor_0.05,both,G2-half,r1_rms_50,0.7257,0.7163,0.7353
floor_0.05,both,G2-half,r1_mean_50,-0.3013,-0.3188,-0.2837
floor_0.05,both,G2-half,r1_rms_100,0.6952,0.6868,0.7032
floor_0.05,both,G2-half,r1_mean_100,-0.4390,-0.4512,-0.4270
floor_0.05,both,G2-half,r1_rms_200,0.7244,0.7179,0.7308
floor_0.05,both,G2-half,r1_mean_200,-0.5652,-0.5729,-0.5572
floor_0.05,both,G2-half,r2_brier,0.1507,0.1499,0.1515
floor_0.05,both,G2-half,r2_bias,-0.0377,-0.0391,-0.0362
floor_0.05,both,G2-half,r3_inside,0.3695,0.3667,0.3727
floor_0.05,both,G2-half,r3_below_0.5,0.0224,0.0213,0.0237
floor_0.05,both,G2-half,r3_above_0.95,0.0647,0.0622,0.0673
floor_0.05,both,G2-half,r4_false,0.5431,0.5349,0.5510
floor_0.05,both,G2-half,r4_false_0.70,0.4260,0.4170,0.4338
floor_0.05,both,G2-half,r4_below,0.0000,0.0000,0.0000
floor_0.05,both,G2-half,r4_false_at_task,0.5431,0.5348,0.5517
floor_0.05,both,G2-half,r4_declared,12.3718,12.2430,12.4970
floor_0.05,both,G2-half,r5_late_answers,8.6921,8.6088,8.7822
floor_0.05,both,G2-half,r5_never,0.1822,0.1735,0.1905
floor_0.05,both,G2-half,r6_lag,-0.5474,-0.5566,-0.5385
floor_0.05,both,G2-half,r7_error_5,0.8538,0.8346,0.8747
floor_0.05,both,G2-half,r7_error_10,0.7820,0.7631,0.8007
floor_0.05,both,G2-half,r7_longest_wrong,1.7232,1.6967,1.7505
floor_0.05,both,G2-half,r7_hard_first,0.1315,0.1258,0.1372
floor_0.05,both,G2-half,r4b_chance_below_0.5,0.0801,0.0761,0.0841
floor_0.05,both,G2-half,r4b_chance_0.5_to_0.6,0.1020,0.0991,0.1051
floor_0.05,both,G2-half,r4b_chance_0.6_to_0.7,0.1763,0.1731,0.1796
floor_0.05,both,G2-half,r4b_chance_0.7_to_0.8,0.2613,0.2580,0.2647
floor_0.05,both,G2-half,r4b_chance_0.8_up,0.3803,0.3726,0.3884
floor_0.05,both,G2-half,r3_reachable,0.9618,0.9598,0.9638
floor_0.05,both,G2-half,r8_rank_6_20,3.6333,3.3983,3.8700
floor_0.05,both,G2-half,r8_topic_rank_6_20,17.4633,16.9817,17.9617
floor_0.05,both,G2-half,r8_rank_150_200,1.5338,1.4230,1.6446
floor_0.05,both,G2-half,r8_topic_rank_150_200,8.9578,8.7809,9.1284
floor_0.05,both,G2-half,r2_ece,0.0377,0.0362,0.0392
floor_0.05,both,G2-half,r4b_3,0.1567,0.1508,0.1624
floor_0.05,both,G2-half,r4b_5,0.4698,0.4619,0.4777
floor_0.05,both,G2-half,r4b_10,0.8784,0.8720,0.8845
floor_0.05,both,G2-half,r4b_20,0.9954,0.9932,0.9973
floor_0.05,both,G2-half,r4b_50,1.0000,1.0000,1.0000
floor_0.05,both,G2-half,r8_move_p95_6_20,73.0000,73.0000,73.0000
floor_0.05,both,G2-half,r8_move_p95_150_200,40.0000,40.0000,40.0000
floor_0.05,both,G2-fading,r1_rms_5,1.0156,0.9965,1.0337
floor_0.05,both,G2-fading,r1_mean_5,-0.0508,-0.0836,-0.0149
floor_0.05,both,G2-fading,r1_rms_10,0.9503,0.9347,0.9671
floor_0.05,both,G2-fading,r1_mean_10,-0.1192,-0.1475,-0.0895
floor_0.05,both,G2-fading,r1_rms_20,0.8648,0.8520,0.8780
floor_0.05,both,G2-fading,r1_mean_20,-0.2053,-0.2308,-0.1807
floor_0.05,both,G2-fading,r1_rms_50,0.7494,0.7385,0.7601
floor_0.05,both,G2-fading,r1_mean_50,-0.3465,-0.3637,-0.3288
floor_0.05,both,G2-fading,r1_rms_100,0.6845,0.6761,0.6931
floor_0.05,both,G2-fading,r1_mean_100,-0.4163,-0.4288,-0.4035
floor_0.05,both,G2-fading,r1_rms_200,0.5891,0.5833,0.5950
floor_0.05,both,G2-fading,r1_mean_200,-0.3630,-0.3707,-0.3551
floor_0.05,both,G2-fading,r2_brier,0.1534,0.1526,0.1542
floor_0.05,both,G2-fading,r2_bias,-0.0325,-0.0339,-0.0310
floor_0.05,both,G2-fading,r3_inside,0.3832,0.3803,0.3863
floor_0.05,both,G2-fading,r3_below_0.5,0.0234,0.0222,0.0248
floor_0.05,both,G2-fading,r3_above_0.95,0.0589,0.0564,0.0612
floor_0.05,both,G2-fading,r4_false,0.5516,0.5432,0.5602
floor_0.05,both,G2-fading,r4_false_0.70,0.4334,0.4245,0.4421
floor_0.05,both,G2-fading,r4_below,0.0000,0.0000,0.0000
floor_0.05,both,G2-fading,r4_false_at_task,0.5516,0.5429,0.5603
floor_0.05,both,G2-fading,r4_declared,11.9793,11.8540,12.1010
floor_0.05,both,G2-fading,r5_late_answers,8.6294,8.5383,8.7231
floor_0.05,both,G2-fading,r5_never,0.1805,0.1722,0.1892
floor_0.05,both,G2-fading,r6_lag,-0.4278,-0.4372,-0.4187
floor_0.05,both,G2-fading,r7_error_5,0.8760,0.8565,0.8956
floor_0.05,both,G2-fading,r7_error_10,0.8033,0.7847,0.8210
floor_0.05,both,G2-fading,r7_longest_wrong,1.7683,1.7403,1.7960
floor_0.05,both,G2-fading,r7_hard_first,0.1358,0.1302,0.1412
floor_0.05,both,G2-fading,r4b_chance_below_0.5,0.0833,0.0788,0.0883
floor_0.05,both,G2-fading,r4b_chance_0.5_to_0.6,0.1058,0.1026,0.1090
floor_0.05,both,G2-fading,r4b_chance_0.6_to_0.7,0.1845,0.1810,0.1878
floor_0.05,both,G2-fading,r4b_chance_0.7_to_0.8,0.2636,0.2598,0.2671
floor_0.05,both,G2-fading,r4b_chance_0.8_up,0.3629,0.3549,0.3710
floor_0.05,both,G2-fading,r3_reachable,0.9599,0.9576,0.9619
floor_0.05,both,G2-fading,r8_rank_6_20,3.4633,3.2450,3.7050
floor_0.05,both,G2-fading,r8_topic_rank_6_20,17.1067,16.6533,17.5567
floor_0.05,both,G2-fading,r8_rank_150_200,1.5843,1.4662,1.6990
floor_0.05,both,G2-fading,r8_topic_rank_150_200,8.7716,8.6015,8.9451
floor_0.05,both,G2-fading,r2_ece,0.0325,0.0309,0.0340
floor_0.05,both,G2-fading,r4b_3,0.1582,0.1523,0.1643
floor_0.05,both,G2-fading,r4b_5,0.4672,0.4591,0.4750
floor_0.05,both,G2-fading,r4b_10,0.8717,0.8650,0.8780
floor_0.05,both,G2-fading,r4b_20,0.9917,0.9889,0.9942
floor_0.05,both,G2-fading,r4b_50,0.9997,0.9990,1.0000
floor_0.05,both,G2-fading,r8_move_p95_6_20,73.0000,73.0000,73.0000
floor_0.05,both,G2-fading,r8_move_p95_150_200,40.0000,40.0000,41.0000
floor_0.05,both,G3-drop,r1_rms_5,0.9847,0.9674,1.0012
floor_0.05,both,G3-drop,r1_mean_5,-0.0082,-0.0395,0.0246
floor_0.05,both,G3-drop,r1_rms_10,0.9228,0.9076,0.9383
floor_0.05,both,G3-drop,r1_mean_10,-0.0376,-0.0664,-0.0086
floor_0.05,both,G3-drop,r1_rms_20,0.8265,0.8140,0.8389
floor_0.05,both,G3-drop,r1_mean_20,-0.0542,-0.0788,-0.0308
floor_0.05,both,G3-drop,r1_rms_50,0.6754,0.6671,0.6835
floor_0.05,both,G3-drop,r1_mean_50,-0.0675,-0.0843,-0.0500
floor_0.05,both,G3-drop,r1_rms_100,0.7072,0.6985,0.7165
floor_0.05,both,G3-drop,r1_mean_100,0.2976,0.2813,0.3134
floor_0.05,both,G3-drop,r1_rms_200,0.6010,0.5951,0.6071
floor_0.05,both,G3-drop,r1_mean_200,0.3381,0.3297,0.3470
floor_0.05,both,G3-drop,r2_brier,0.1976,0.1967,0.1985
floor_0.05,both,G3-drop,r2_bias,0.0453,0.0438,0.0469
floor_0.05,both,G3-drop,r3_inside,0.3935,0.3910,0.3960
floor_0.05,both,G3-drop,r3_below_0.5,0.0814,0.0786,0.0845
floor_0.05,both,G3-drop,r3_above_0.95,0.0215,0.0203,0.0228
floor_0.05,both,G3-drop,r4_false,0.7230,0.7152,0.7301
floor_0.05,both,G3-drop,r4_false_0.70,0.6332,0.6248,0.6415
floor_0.05,both,G3-drop,r4_below,0.0000,0.0000,0.0000
floor_0.05,both,G3-drop,r4_false_at_task,0.7230,0.7150,0.7308
floor_0.05,both,G3-drop,r4_declared,8.6758,8.5843,8.7703
floor_0.05,both,G3-drop,r5_late_answers,9.9807,9.8435,10.1234
floor_0.05,both,G3-drop,r5_never,0.3519,0.3408,0.3633
floor_0.05,both,G3-drop,r6_lag,0.3256,0.3171,0.3342
floor_0.05,both,G3-drop,r6_jump_answers,45.5078,44.3910,46.5842
floor_0.05,both,G3-drop,r6_jump_unsettled,0.2205,0.2082,0.2335
floor_0.05,both,G3-drop,r7_error_5,0.8476,0.8271,0.8679
floor_0.05,both,G3-drop,r7_error_10,0.7726,0.7541,0.7905
floor_0.05,both,G3-drop,r7_longest_wrong,1.7875,1.7595,1.8173
floor_0.05,both,G3-drop,r7_hard_first,0.1402,0.1346,0.1459
floor_0.05,both,G3-drop,r4b_chance_below_0.5,0.1796,0.1716,0.1876
floor_0.05,both,G3-drop,r4b_chance_0.5_to_0.6,0.1708,0.1679,0.1739
floor_0.05,both,G3-drop,r4b_chance_0.6_to_0.7,0.2170,0.2140,0.2201
floor_0.05,both,G3-drop,r4b_chance_0.7_to_0.8,0.2260,0.2224,0.2296
floor_0.05,both,G3-drop,r4b_chance_0.8_up,0.2065,0.2003,0.2125
floor_0.05,both,G3-drop,r3_reachable,0.8894,0.8839,0.8948
floor_0.05,both,G3-drop,r8_rank_6_20,3.5233,3.3000,3.7583
floor_0.05,both,G3-drop,r8_topic_rank_6_20,17.5567,17.0850,18.0083
floor_0.05,both,G3-drop,r8_rank_150_200,1.7848,1.6740,1.9000
floor_0.05,both,G3-drop,r8_topic_rank_150_200,9.4275,9.2480,9.6176
floor_0.05,both,G3-drop,r2_ece,0.0457,0.0442,0.0472
floor_0.05,both,G3-drop,r4b_3,0.1196,0.1149,0.1245
floor_0.05,both,G3-drop,r4b_5,0.3752,0.3678,0.3824
floor_0.05,both,G3-drop,r4b_10,0.7378,0.7288,0.7467
floor_0.05,both,G3-drop,r4b_20,0.9388,0.9317,0.9456
floor_0.05,both,G3-drop,r4b_50,0.9870,0.9821,0.9911
floor_0.05,both,G3-drop,r8_move_p95_6_20,73.0000,73.0000,73.0000
floor_0.05,both,G3-drop,r8_move_p95_150_200,42.0000,42.0000,43.0000
floor_0.05,both,G0-start0.5,r1_rms_5,0.9677,0.9509,0.9852
floor_0.05,both,G0-start0.5,r1_mean_5,-0.0270,-0.0580,0.0054
floor_0.05,both,G0-start0.5,r1_rms_10,0.9051,0.8891,0.9209
floor_0.05,both,G0-start0.5,r1_mean_10,-0.0443,-0.0723,-0.0166
floor_0.05,both,G0-start0.5,r1_rms_20,0.8143,0.8013,0.8264
floor_0.05,both,G0-start0.5,r1_mean_20,-0.0613,-0.0853,-0.0384
floor_0.05,both,G0-start0.5,r1_rms_50,0.6644,0.6564,0.6726
floor_0.05,both,G0-start0.5,r1_mean_50,-0.0835,-0.1001,-0.0664
floor_0.05,both,G0-start0.5,r1_rms_100,0.5620,0.5564,0.5677
floor_0.05,both,G0-start0.5,r1_mean_100,-0.0900,-0.1016,-0.0787
floor_0.05,both,G0-start0.5,r1_rms_200,0.4832,0.4790,0.4873
floor_0.05,both,G0-start0.5,r1_mean_200,-0.0737,-0.0813,-0.0662
floor_0.05,both,G0-start0.5,r2_brier,0.1709,0.1701,0.1717
floor_0.05,both,G0-start0.5,r2_bias,0.0026,0.0012,0.0041
floor_0.05,both,G0-start0.5,r3_inside,0.4343,0.4318,0.4366
floor_0.05,both,G0-start0.5,r3_below_0.5,0.0317,0.0303,0.0331
floor_0.05,both,G0-start0.5,r3_above_0.95,0.0282,0.0268,0.0297
floor_0.05,both,G0-start0.5,r4_false,0.6828,0.6756,0.6896
floor_0.05,both,G0-start0.5,r4_false_0.70,0.5754,0.5672,0.5836
floor_0.05,both,G0-start0.5,r4_below,0.0000,0.0000,0.0000
floor_0.05,both,G0-start0.5,r4_false_at_task,0.6828,0.6753,0.6898
floor_0.05,both,G0-start0.5,r4_declared,9.8763,9.7725,9.9865
floor_0.05,both,G0-start0.5,r5_late_answers,9.8901,9.7596,10.0163
floor_0.05,both,G0-start0.5,r5_never,0.2177,0.2091,0.2273
floor_0.05,both,G0-start0.5,r6_lag,-0.1264,-0.1346,-0.1183
floor_0.05,both,G0-start0.5,r7_error_5,0.8138,0.7944,0.8340
floor_0.05,both,G0-start0.5,r7_error_10,0.7420,0.7243,0.7602
floor_0.05,both,G0-start0.5,r7_longest_wrong,1.7232,1.6978,1.7490
floor_0.05,both,G0-start0.5,r7_hard_first,0.1250,0.1199,0.1301
floor_0.05,both,G0-start0.5,r4b_chance_below_0.5,0.0896,0.0857,0.0936
floor_0.05,both,G0-start0.5,r4b_chance_0.5_to_0.6,0.1214,0.1187,0.1241
floor_0.05,both,G0-start0.5,r4b_chance_0.6_to_0.7,0.2029,0.1999,0.2057
floor_0.05,both,G0-start0.5,r4b_chance_0.7_to_0.8,0.2696,0.2665,0.2726
floor_0.05,both,G0-start0.5,r4b_chance_0.8_up,0.3165,0.3100,0.3230
floor_0.05,both,G0-start0.5,r3_reachable,0.9643,0.9621,0.9664
floor_0.05,both,G0-start0.5,r8_rank_6_20,3.5433,3.3333,3.7833
floor_0.05,both,G0-start0.5,r8_topic_rank_6_20,17.2267,16.7650,17.6883
floor_0.05,both,G0-start0.5,r8_rank_150_200,1.7069,1.5873,1.8426
floor_0.05,both,G0-start0.5,r8_topic_rank_150_200,8.6132,8.4368,8.7882
floor_0.05,both,G0-start0.5,r2_ece,0.0037,0.0026,0.0050
floor_0.05,both,G0-start0.5,r4b_3,0.1497,0.1446,0.1550
floor_0.05,both,G0-start0.5,r4b_5,0.4363,0.4292,0.4434
floor_0.05,both,G0-start0.5,r4b_10,0.8347,0.8283,0.8410
floor_0.05,both,G0-start0.5,r4b_20,0.9914,0.9891,0.9935
floor_0.05,both,G0-start0.5,r4b_50,1.0000,0.9981,1.0000
floor_0.05,both,G0-start0.5,r8_move_p95_6_20,73.0000,73.0000,73.0000
floor_0.05,both,G0-start0.5,r8_move_p95_150_200,41.0000,41.0000,41.0000
floor_0.05,both,G0-start2,r1_rms_5,1.1021,1.0806,1.1246
floor_0.05,both,G0-start2,r1_mean_5,-0.0280,-0.0665,0.0107
floor_0.05,both,G0-start2,r1_rms_10,1.0235,1.0051,1.0430
floor_0.05,both,G0-start2,r1_mean_10,-0.0537,-0.0874,-0.0208
floor_0.05,both,G0-start2,r1_rms_20,0.9075,0.8914,0.9227
floor_0.05,both,G0-start2,r1_mean_20,-0.0771,-0.1059,-0.0488
floor_0.05,both,G0-start2,r1_rms_50,0.7279,0.7166,0.7392
floor_0.05,both,G0-start2,r1_mean_50,-0.1058,-0.1260,-0.0864
floor_0.05,both,G0-start2,r1_rms_100,0.5981,0.5908,0.6062
floor_0.05,both,G0-start2,r1_mean_100,-0.1099,-0.1236,-0.0958
floor_0.05,both,G0-start2,r1_rms_200,0.5030,0.4981,0.5080
floor_0.05,both,G0-start2,r1_mean_200,-0.0755,-0.0845,-0.0657
floor_0.05,both,G0-start2,r2_brier,0.1749,0.1738,0.1760
floor_0.05,both,G0-start2,r2_bias,0.0014,-0.0003,0.0031
floor_0.05,both,G0-start2,r3_inside,0.3970,0.3933,0.4008
floor_0.05,both,G0-start2,r3_below_0.5,0.0725,0.0676,0.0778
floor_0.05,both,G0-start2,r3_above_0.95,0.0408,0.0383,0.0434
floor_0.05,both,G0-start2,r4_false,0.6242,0.6142,0.6336
floor_0.05,both,G0-start2,r4_false_0.70,0.5283,0.5182,0.5388
floor_0.05,both,G0-start2,r4_below,0.0000,0.0000,0.0000
floor_0.05,both,G0-start2,r4_false_at_task,0.6242,0.6142,0.6338
floor_0.05,both,G0-start2,r4_declared,10.1870,10.0698,10.3067
floor_0.05,both,G0-start2,r5_late_answers,9.6511,9.5246,9.7779
floor_0.05,both,G0-start2,r5_never,0.2233,0.2123,0.2343
floor_0.05,both,G0-start2,r6_lag,-0.1337,-0.1431,-0.1238
floor_0.05,both,G0-start2,r7_error_5,0.9629,0.9401,0.9871
floor_0.05,both,G0-start2,r7_error_10,0.8798,0.8568,0.9019
floor_0.05,both,G0-start2,r7_longest_wrong,1.8787,1.8442,1.9152
floor_0.05,both,G0-start2,r7_hard_first,0.1829,0.1749,0.1906
floor_0.05,both,G0-start2,r4b_chance_below_0.5,0.2373,0.2209,0.2535
floor_0.05,both,G0-start2,r4b_chance_0.5_to_0.6,0.1389,0.1353,0.1429
floor_0.05,both,G0-start2,r4b_chance_0.6_to_0.7,0.1886,0.1835,0.1937
floor_0.05,both,G0-start2,r4b_chance_0.7_to_0.8,0.2180,0.2117,0.2243
floor_0.05,both,G0-start2,r4b_chance_0.8_up,0.2172,0.2094,0.2256
floor_0.05,both,G0-start2,r3_reachable,0.8768,0.8683,0.8849
floor_0.05,both,G0-start2,r8_rank_6_20,3.7867,3.5633,4.0083
floor_0.05,both,G0-start2,r8_topic_rank_6_20,17.6450,17.1517,18.1267
floor_0.05,both,G0-start2,r8_rank_150_200,1.5010,1.3853,1.6225
floor_0.05,both,G0-start2,r8_topic_rank_150_200,8.0039,7.8167,8.1917
floor_0.05,both,G0-start2,r2_ece,0.0030,0.0021,0.0048
floor_0.05,both,G0-start2,r4b_3,0.1253,0.1198,0.1307
floor_0.05,both,G0-start2,r4b_5,0.3903,0.3823,0.3985
floor_0.05,both,G0-start2,r4b_10,0.7544,0.7449,0.7635
floor_0.05,both,G0-start2,r4b_20,0.9205,0.9118,0.9293
floor_0.05,both,G0-start2,r4b_50,0.9772,0.9721,0.9819
floor_0.05,both,G0-start2,r8_move_p95_6_20,73.0000,73.0000,73.0000
floor_0.05,both,G0-start2,r8_move_p95_150_200,41.0000,40.0000,41.0000
floor_0.05,both,G0-topics0.3,r1_rms_5,0.9134,0.8944,0.9336
floor_0.05,both,G0-topics0.3,r1_mean_5,0.0045,-0.0296,0.0384
floor_0.05,both,G0-topics0.3,r1_rms_10,0.8381,0.8214,0.8550
floor_0.05,both,G0-topics0.3,r1_mean_10,-0.0161,-0.0458,0.0144
floor_0.05,both,G0-topics0.3,r1_rms_20,0.7365,0.7224,0.7506
floor_0.05,both,G0-topics0.3,r1_mean_20,-0.0349,-0.0603,-0.0112
floor_0.05,both,G0-topics0.3,r1_rms_50,0.5884,0.5796,0.5975
floor_0.05,both,G0-topics0.3,r1_mean_50,-0.0595,-0.0766,-0.0427
floor_0.05,both,G0-topics0.3,r1_rms_100,0.4947,0.4889,0.5003
floor_0.05,both,G0-topics0.3,r1_mean_100,-0.0625,-0.0739,-0.0509
floor_0.05,both,G0-topics0.3,r1_rms_200,0.4303,0.4264,0.4341
floor_0.05,both,G0-topics0.3,r1_mean_200,-0.0456,-0.0532,-0.0377
floor_0.05,both,G0-topics0.3,r2_brier,0.1727,0.1718,0.1736
floor_0.05,both,G0-topics0.3,r2_bias,0.0024,0.0009,0.0038
floor_0.05,both,G0-topics0.3,r3_inside,0.4480,0.4451,0.4510
floor_0.05,both,G0-topics0.3,r3_below_0.5,0.0314,0.0298,0.0333
floor_0.05,both,G0-topics0.3,r3_above_0.95,0.0230,0.0216,0.0244
floor_0.05,both,G0-topics0.3,r4_false,0.6623,0.6542,0.6707
floor_0.05,both,G0-topics0.3,r4_false_0.70,0.5551,0.5456,0.5649
floor_0.05,both,G0-topics0.3,r4_below,0.0000,0.0000,0.0000
floor_0.05,both,G0-topics0.3,r4_false_at_task,0.6623,0.6540,0.6701
floor_0.05,both,G0-topics0.3,r4_declared,10.0762,9.9675,10.1885
floor_0.05,both,G0-topics0.3,r5_late_answers,10.0969,9.9789,10.2177
floor_0.05,both,G0-topics0.3,r5_never,0.2255,0.2158,0.2357
floor_0.05,both,G0-topics0.3,r6_lag,-0.1121,-0.1201,-0.1042
floor_0.05,both,G0-topics0.3,r7_error_5,0.8451,0.8241,0.8650
floor_0.05,both,G0-topics0.3,r7_error_10,0.7715,0.7530,0.7903
floor_0.05,both,G0-topics0.3,r7_longest_wrong,1.7475,1.7200,1.7763
floor_0.05,both,G0-topics0.3,r7_hard_first,0.1278,0.1217,0.1332
floor_0.05,both,G0-topics0.3,r4b_chance_below_0.5,0.0910,0.0858,0.0966
floor_0.05,both,G0-topics0.3,r4b_chance_0.5_to_0.6,0.1304,0.1271,0.1342
floor_0.05,both,G0-topics0.3,r4b_chance_0.6_to_0.7,0.2177,0.2142,0.2211
floor_0.05,both,G0-topics0.3,r4b_chance_0.7_to_0.8,0.2785,0.2745,0.2823
floor_0.05,both,G0-topics0.3,r4b_chance_0.8_up,0.2824,0.2752,0.2897
floor_0.05,both,G0-topics0.3,r3_reachable,0.9460,0.9416,0.9503
floor_0.05,both,G0-topics0.3,r8_rank_6_20,3.6583,3.4283,3.8967
floor_0.05,both,G0-topics0.3,r8_topic_rank_6_20,17.4750,16.9850,17.9583
floor_0.05,both,G0-topics0.3,r8_rank_150_200,1.7623,1.6260,1.8980
floor_0.05,both,G0-topics0.3,r8_topic_rank_150_200,8.5931,8.4152,8.7750
floor_0.05,both,G0-topics0.3,r2_ece,0.0046,0.0032,0.0061
floor_0.05,both,G0-topics0.3,r4b_3,0.1399,0.1346,0.1451
floor_0.05,both,G0-topics0.3,r4b_5,0.4262,0.4192,0.4338
floor_0.05,both,G0-topics0.3,r4b_10,0.8293,0.8222,0.8362
floor_0.05,both,G0-topics0.3,r4b_20,0.9822,0.9788,0.9856
floor_0.05,both,G0-topics0.3,r4b_50,0.9981,0.9966,0.9993
floor_0.05,both,G0-topics0.3,r8_move_p95_6_20,73.0000,73.0000,73.0000
floor_0.05,both,G0-topics0.3,r8_move_p95_150_200,41.0000,41.0000,41.0000
floor_0.05,both,G0-topics1,r1_rms_5,1.3130,1.2953,1.3301
floor_0.05,both,G0-topics1,r1_mean_5,-0.0428,-0.0782,-0.0087
floor_0.05,both,G0-topics1,r1_rms_10,1.2678,1.2538,1.2826
floor_0.05,both,G0-topics1,r1_mean_10,-0.0832,-0.1143,-0.0532
floor_0.05,both,G0-topics1,r1_rms_20,1.1800,1.1684,1.1925
floor_0.05,both,G0-topics1,r1_mean_20,-0.1369,-0.1627,-0.1116
floor_0.05,both,G0-topics1,r1_rms_50,1.0004,0.9910,1.0099
floor_0.05,both,G0-topics1,r1_mean_50,-0.1904,-0.2078,-0.1715
floor_0.05,both,G0-topics1,r1_rms_100,0.8568,0.8491,0.8647
floor_0.05,both,G0-topics1,r1_mean_100,-0.2130,-0.2262,-0.1998
floor_0.05,both,G0-topics1,r1_rms_200,0.7284,0.7218,0.7347
floor_0.05,both,G0-topics1,r1_mean_200,-0.1967,-0.2059,-0.1871
floor_0.05,both,G0-topics1,r2_brier,0.1753,0.1745,0.1762
floor_0.05,both,G0-topics1,r2_bias,0.0078,0.0064,0.0093
floor_0.05,both,G0-topics1,r3_inside,0.3705,0.3681,0.3729
floor_0.05,both,G0-topics1,r3_below_0.5,0.0623,0.0602,0.0647
floor_0.05,both,G0-topics1,r3_above_0.95,0.0638,0.0618,0.0659
floor_0.05,both,G0-topics1,r4_false,0.5984,0.5910,0.6063
floor_0.05,both,G0-topics1,r4_false_0.70,0.4977,0.4900,0.5047
floor_0.05,both,G0-topics1,r4_below,0.0000,0.0000,0.0000
floor_0.05,both,G0-topics1,r4_false_at_task,0.5984,0.5907,0.6061
floor_0.05,both,G0-topics1,r4_declared,10.0898,9.9823,10.1995
floor_0.05,both,G0-topics1,r5_late_answers,9.3041,9.1920,9.4115
floor_0.05,both,G0-topics1,r5_never,0.2084,0.1999,0.2176
floor_0.05,both,G0-topics1,r6_lag,-0.1485,-0.1572,-0.1393
floor_0.05,both,G0-topics1,r7_error_5,0.9043,0.8816,0.9260
floor_0.05,both,G0-topics1,r7_error_10,0.8325,0.8131,0.8524
floor_0.05,both,G0-topics1,r7_longest_wrong,1.9347,1.9038,1.9678
floor_0.05,both,G0-topics1,r7_hard_first,0.1922,0.1863,0.1983
floor_0.05,both,G0-topics1,r4b_chance_below_0.5,0.1786,0.1724,0.1849
floor_0.05,both,G0-topics1,r4b_chance_0.5_to_0.6,0.1474,0.1449,0.1500
floor_0.05,both,G0-topics1,r4b_chance_0.6_to_0.7,0.1977,0.1949,0.2004
floor_0.05,both,G0-topics1,r4b_chance_0.7_to_0.8,0.2249,0.2217,0.2281
floor_0.05,both,G0-topics1,r4b_chance_0.8_up,0.2514,0.2456,0.2568
floor_0.05,both,G0-topics1,r3_reachable,0.9276,0.9239,0.9312
floor_0.05,both,G0-topics1,r8_rank_6_20,3.9117,3.6800,4.1367
floor_0.05,both,G0-topics1,r8_topic_rank_6_20,18.6767,18.2067,19.1350
floor_0.05,both,G0-topics1,r8_rank_150_200,1.8461,1.7167,1.9882
floor_0.05,both,G0-topics1,r8_topic_rank_150_200,8.5446,8.3657,8.7167
floor_0.05,both,G0-topics1,r2_ece,0.0094,0.0079,0.0108
floor_0.05,both,G0-topics1,r4b_3,0.1262,0.1214,0.1313
floor_0.05,both,G0-topics1,r4b_5,0.3837,0.3762,0.3907
floor_0.05,both,G0-topics1,r4b_10,0.7706,0.7632,0.7785
floor_0.05,both,G0-topics1,r4b_20,0.9681,0.9627,0.9728
floor_0.05,both,G0-topics1,r4b_50,0.9958,0.9934,0.9976
floor_0.05,both,G0-topics1,r8_move_p95_6_20,73.0000,73.0000,73.0000
floor_0.05,both,G0-topics1,r8_move_p95_150_200,40.0000,40.0000,40.0000
floor_0.05+run5,both,G0,r1_rms_5,1.0045,0.9867,1.0231
floor_0.05+run5,both,G0,r1_mean_5,-0.0146,-0.0459,0.0176
floor_0.05+run5,both,G0,r1_rms_10,0.9401,0.9254,0.9560
floor_0.05+run5,both,G0,r1_mean_10,-0.0412,-0.0708,-0.0116
floor_0.05+run5,both,G0,r1_rms_20,0.8413,0.8283,0.8535
floor_0.05+run5,both,G0,r1_mean_20,-0.0683,-0.0927,-0.0448
floor_0.05+run5,both,G0,r1_rms_50,0.6802,0.6719,0.6888
floor_0.05+run5,both,G0,r1_mean_50,-0.0923,-0.1094,-0.0746
floor_0.05+run5,both,G0,r1_rms_100,0.5670,0.5613,0.5725
floor_0.05+run5,both,G0,r1_mean_100,-0.1028,-0.1142,-0.0912
floor_0.05+run5,both,G0,r1_rms_200,0.4816,0.4777,0.4855
floor_0.05+run5,both,G0,r1_mean_200,-0.0859,-0.0935,-0.0785
floor_0.05+run5,both,G0,r2_brier,0.1742,0.1733,0.1751
floor_0.05+run5,both,G0,r2_bias,0.0036,0.0021,0.0051
floor_0.05+run5,both,G0,r3_inside,0.4282,0.4255,0.4308
floor_0.05+run5,both,G0,r3_below_0.5,0.0379,0.0361,0.0398
floor_0.05+run5,both,G0,r3_above_0.95,0.0297,0.0283,0.0313
floor_0.05+run5,both,G0,r4_false,0.6756,0.6639,0.6871
floor_0.05+run5,both,G0,r4_false_0.70,0.5649,0.5528,0.5780
floor_0.05+run5,both,G0,r4_below,0.0000,0.0000,0.0000
floor_0.05+run5,both,G0,r4_false_at_task,0.6756,0.6637,0.6877
floor_0.05+run5,both,G0,r4_declared,2.8967,2.8298,2.9600
floor_0.05+run5,both,G0,r5_late_answers,12.0584,11.8643,12.2490
floor_0.05+run5,both,G0,r5_never,0.7658,0.7572,0.7734
floor_0.05+run5,both,G0,r6_lag,-0.1152,-0.1234,-0.1067
floor_0.05+run5,both,G0,r7_error_5,0.8588,0.8389,0.8792
floor_0.05+run5,both,G0,r7_error_10,0.7851,0.7674,0.8028
floor_0.05+run5,both,G0,r7_longest_wrong,1.7765,1.7477,1.8048
floor_0.05+run5,both,G0,r7_hard_first,0.1375,0.1320,0.1433
floor_0.05+run5,both,G0,r4b_chance_below_0.5,0.0970,0.0912,0.1031
floor_0.05+run5,both,G0,r4b_chance_0.5_to_0.6,0.1305,0.1273,0.1335
floor_0.05+run5,both,G0,r4b_chance_0.6_to_0.7,0.2143,0.2114,0.2174
floor_0.05+run5,both,G0,r4b_chance_0.7_to_0.8,0.2763,0.2724,0.2800
floor_0.05+run5,both,G0,r4b_chance_0.8_up,0.2820,0.2752,0.2890
floor_0.05+run5,both,G0,r3_reachable,0.9429,0.9388,0.9468
floor_0.05+run5,both,G0,r8_rank_6_20,3.6667,3.4400,3.8950
floor_0.05+run5,both,G0,r8_topic_rank_6_20,18.1183,17.6717,18.6000
floor_0.05+run5,both,G0,r8_rank_150_200,1.6333,1.5059,1.7672
floor_0.05+run5,both,G0,r8_topic_rank_150_200,9.0897,8.9039,9.2711
floor_0.05+run5,both,G0,r2_ece,0.0054,0.0040,0.0068
floor_0.05+run5,both,G0,r4b_3,0.0000,0.0000,0.0000
floor_0.05+run5,both,G0,r4b_5,0.0832,0.0786,0.0880
floor_0.05+run5,both,G0,r4b_10,0.2913,0.2822,0.3002
floor_0.05+run5,both,G0,r4b_20,0.6505,0.6337,0.6675
floor_0.05+run5,both,G0,r4b_50,0.9351,0.9031,0.9659
floor_0.05+run5,both,G0,r8_move_p95_6_20,73.0000,73.0000,73.0000
floor_0.05+run5,both,G0,r8_move_p95_150_200,42.0000,41.0000,42.0000
floor_0.05+run5,both,G1,r1_rms_5,1.0765,1.0544,1.0992
floor_0.05+run5,both,G1,r1_mean_5,-0.0322,-0.0694,0.0048
floor_0.05+run5,both,G1,r1_rms_10,1.0084,0.9894,1.0279
floor_0.05+run5,both,G1,r1_mean_10,-0.0654,-0.0996,-0.0332
floor_0.05+run5,both,G1,r1_rms_20,0.9027,0.8868,0.9189
floor_0.05+run5,both,G1,r1_mean_20,-0.0905,-0.1198,-0.0614
floor_0.05+run5,both,G1,r1_rms_50,0.7260,0.7150,0.7369
floor_0.05+run5,both,G1,r1_mean_50,-0.1155,-0.1357,-0.0954
floor_0.05+run5,both,G1,r1_rms_100,0.5983,0.5912,0.6052
floor_0.05+run5,both,G1,r1_mean_100,-0.1065,-0.1202,-0.0927
floor_0.05+run5,both,G1,r1_rms_200,0.4926,0.4883,0.4969
floor_0.05+run5,both,G1,r1_mean_200,-0.0629,-0.0720,-0.0541
floor_0.05+run5,both,G1,r2_brier,0.1816,0.1802,0.1830
floor_0.05+run5,both,G1,r2_bias,-0.0006,-0.0022,0.0012
floor_0.05+run5,both,G1,r3_inside,0.3549,0.3502,0.3598
floor_0.05+run5,both,G1,r3_below_0.5,0.1134,0.1075,0.1193
floor_0.05+run5,both,G1,r3_above_0.95,0.0429,0.0405,0.0454
floor_0.05+run5,both,G1,r4_false,0.6420,0.6285,0.6553
floor_0.05+run5,both,G1,r4_false_0.70,0.5639,0.5508,0.5771
floor_0.05+run5,both,G1,r4_below,0.0000,0.0000,0.0000
floor_0.05+run5,both,G1,r4_false_at_task,0.6420,0.6286,0.6551
floor_0.05+run5,both,G1,r4_declared,2.7788,2.7125,2.8443
floor_0.05+run5,both,G1,r5_late_answers,10.8828,10.7077,11.0703
floor_0.05+run5,both,G1,r5_never,0.7737,0.7653,0.7824
floor_0.05+run5,both,G1,r6_lag,-0.1309,-0.1401,-0.1217
floor_0.05+run5,both,G1,r7_error_5,0.9118,0.8871,0.9377
floor_0.05+run5,both,G1,r7_error_10,0.8382,0.8147,0.8603
floor_0.05+run5,both,G1,r7_longest_wrong,2.0230,1.9820,2.0625
floor_0.05+run5,both,G1,r7_hard_first,0.2241,0.2157,0.2327
floor_0.05+run5,both,G1,r4b_chance_below_0.5,0.3298,0.3184,0.3407
floor_0.05+run5,both,G1,r4b_chance_0.5_to_0.6,0.1887,0.1845,0.1929
floor_0.05+run5,both,G1,r4b_chance_0.6_to_0.7,0.1654,0.1626,0.1684
floor_0.05+run5,both,G1,r4b_chance_0.7_to_0.8,0.1521,0.1468,0.1577
floor_0.05+run5,both,G1,r4b_chance_0.8_up,0.1641,0.1563,0.1722
floor_0.05+run5,both,G1,r3_reachable,0.8120,0.8015,0.8227
floor_0.05+run5,both,G1,r8_rank_6_20,3.9400,3.7133,4.1850
floor_0.05+run5,both,G1,r8_topic_rank_6_20,17.8800,17.3833,18.3950
floor_0.05+run5,both,G1,r8_rank_150_200,1.4397,1.3245,1.5603
floor_0.05+run5,both,G1,r8_topic_rank_150_200,8.1887,7.9936,8.3794
floor_0.05+run5,both,G1,r2_ece,0.0081,0.0070,0.0093
floor_0.05+run5,both,G1,r4b_3,0.0000,0.0000,0.0000
floor_0.05+run5,both,G1,r4b_5,0.0620,0.0578,0.0665
floor_0.05+run5,both,G1,r4b_10,0.2222,0.2143,0.2308
floor_0.05+run5,both,G1,r4b_20,0.4254,0.4129,0.4394
floor_0.05+run5,both,G1,r4b_50,0.6116,0.5820,0.6434
floor_0.05+run5,both,G1,r8_move_p95_6_20,72.0000,72.0000,73.0000
floor_0.05+run5,both,G1,r8_move_p95_150_200,41.0000,41.0000,41.0000
floor_0.05+run5,both,G2,r1_rms_5,0.9947,0.9769,1.0145
floor_0.05+run5,both,G2,r1_mean_5,-0.0657,-0.0994,-0.0345
floor_0.05+run5,both,G2,r1_rms_10,0.9357,0.9194,0.9510
floor_0.05+run5,both,G2,r1_mean_10,-0.1370,-0.1659,-0.1076
floor_0.05+run5,both,G2,r1_rms_20,0.8605,0.8472,0.8744
floor_0.05+run5,both,G2,r1_mean_20,-0.2456,-0.2700,-0.2197
floor_0.05+run5,both,G2,r1_rms_50,0.8096,0.7985,0.8213
floor_0.05+run5,both,G2,r1_mean_50,-0.4885,-0.5062,-0.4701
floor_0.05+run5,both,G2,r1_rms_100,0.9327,0.9230,0.9436
floor_0.05+run5,both,G2,r1_mean_100,-0.7804,-0.7927,-0.7679
floor_0.05+run5,both,G2,r1_rms_200,1.1904,1.1826,1.1990
floor_0.05+run5,both,G2,r1_mean_200,-1.1054,-1.1143,-1.0964
floor_0.05+run5,both,G2,r2_brier,0.1328,0.1320,0.1336
floor_0.05+run5,both,G2,r2_bias,-0.0715,-0.0729,-0.0702
floor_0.05+run5,both,G2,r3_inside,0.2825,0.2794,0.2857
floor_0.05+run5,both,G2,r3_below_0.5,0.0172,0.0163,0.0181
floor_0.05+run5,both,G2,r3_above_0.95,0.1322,0.1285,0.1359
floor_0.05+run5,both,G2,r4_false,0.3667,0.3563,0.3767
floor_0.05+run5,both,G2,r4_false_0.70,0.2710,0.2615,0.2810
floor_0.05+run5,both,G2,r4_below,0.0000,0.0000,0.0000
floor_0.05+run5,both,G2,r4_false_at_task,0.3667,0.3569,0.3764
floor_0.05+run5,both,G2,r4_declared,5.0255,4.9318,5.1217
floor_0.05+run5,both,G2,r5_late_answers,10.4515,10.3380,10.5610
floor_0.05+run5,both,G2,r5_never,0.6419,0.6333,0.6507
floor_0.05+run5,both,G2,r6_lag,-0.9826,-0.9923,-0.9728
floor_0.05+run5,both,G2,r7_error_5,0.8438,0.8243,0.8639
floor_0.05+run5,both,G2,r7_error_10,0.7739,0.7546,0.7924
floor_0.05+run5,both,G2,r7_longest_wrong,1.7315,1.7052,1.7588
floor_0.05+run5,both,G2,r7_hard_first,0.1324,0.1264,0.1379
floor_0.05+run5,both,G2,r4b_chance_below_0.5,0.0660,0.0627,0.0696
floor_0.05+run5,both,G2,r4b_chance_0.5_to_0.6,0.0760,0.0735,0.0785
floor_0.05+run5,both,G2,r4b_chance_0.6_to_0.7,0.1374,0.1343,0.1405
floor_0.05+run5,both,G2,r4b_chance_0.7_to_0.8,0.2350,0.2321,0.2381
floor_0.05+run5,both,G2,r4b_chance_0.8_up,0.4856,0.4779,0.4933
floor_0.05+run5,both,G2,r3_reachable,0.9615,0.9596,0.9634
floor_0.05+run5,both,G2,r8_rank_6_20,3.5583,3.3283,3.7783
floor_0.05+run5,both,G2,r8_topic_rank_6_20,17.3733,16.9350,17.8533
floor_0.05+run5,both,G2,r8_rank_150_200,1.4730,1.3828,1.5667
floor_0.05+run5,both,G2,r8_topic_rank_150_200,8.0740,7.9245,8.2397
floor_0.05+run5,both,G2,r2_ece,0.0715,0.0701,0.0728
floor_0.05+run5,both,G2,r4b_3,0.0000,0.0000,0.0000
floor_0.05+run5,both,G2,r4b_5,0.0959,0.0895,0.1024
floor_0.05+run5,both,G2,r4b_10,0.3865,0.3704,0.4028
floor_0.05+run5,both,G2,r4b_20,0.8454,0.8228,0.8654
floor_0.05+run5,both,G2,r4b_50,1.0000,1.0000,1.0000
floor_0.05+run5,both,G2,r8_move_p95_6_20,73.0000,73.0000,73.0000
floor_0.05+run5,both,G2,r8_move_p95_150_200,39.0000,38.0000,39.0000
floor_0.05+run5,both,G3,r1_rms_5,1.0008,0.9834,1.0193
floor_0.05+run5,both,G3,r1_mean_5,-0.0156,-0.0488,0.0178
floor_0.05+run5,both,G3,r1_rms_10,0.9323,0.9174,0.9479
floor_0.05+run5,both,G3,r1_mean_10,-0.0441,-0.0729,-0.0147
floor_0.05+run5,both,G3,r1_rms_20,0.8338,0.8205,0.8466
floor_0.05+run5,both,G3,r1_mean_20,-0.0620,-0.0865,-0.0376
floor_0.05+run5,both,G3,r1_rms_50,0.6811,0.6720,0.6903
floor_0.05+run5,both,G3,r1_mean_50,-0.1015,-0.1186,-0.0841
floor_0.05+run5,both,G3,r1_rms_100,0.8002,0.7889,0.8114
floor_0.05+run5,both,G3,r1_mean_100,-0.5012,-0.5187,-0.4839
floor_0.05+run5,both,G3,r1_rms_200,0.7119,0.7048,0.7189
floor_0.05+run5,both,G3,r1_mean_200,-0.5374,-0.5468,-0.5283
floor_0.05+run5,both,G3,r2_brier,0.1531,0.1523,0.1539
floor_0.05+run5,both,G3,r2_bias,-0.0352,-0.0366,-0.0338
floor_0.05+run5,both,G3,r3_inside,0.3516,0.3490,0.3543
floor_0.05+run5,both,G3,r3_below_0.5,0.0289,0.0275,0.0305
floor_0.05+run5,both,G3,r3_above_0.95,0.0760,0.0736,0.0785
floor_0.05+run5,both,G3,r4_false,0.5054,0.4932,0.5169
floor_0.05+run5,both,G3,r4_false_0.70,0.3908,0.3793,0.4026
floor_0.05+run5,both,G3,r4_below,0.0000,0.0000,0.0000
floor_0.05+run5,both,G3,r4_false_at_task,0.5054,0.4938,0.5169
floor_0.05+run5,both,G3,r4_declared,3.9550,3.8775,4.0332
floor_0.05+run5,both,G3,r5_late_answers,10.7291,10.5885,10.8758
floor_0.05+run5,both,G3,r5_never,0.7006,0.6914,0.7091
floor_0.05+run5,both,G3,r6_lag,-0.6475,-0.6568,-0.6382
floor_0.05+run5,both,G3,r6_jump_answers,73.6920,72.5620,74.8498
floor_0.05+run5,both,G3,r6_jump_unsettled,0.5727,0.5575,0.5885
floor_0.05+run5,both,G3,r7_error_5,0.8538,0.8329,0.8736
floor_0.05+run5,both,G3,r7_error_10,0.7807,0.7623,0.7985
floor_0.05+run5,both,G3,r7_longest_wrong,1.7730,1.7440,1.8013
floor_0.05+run5,both,G3,r7_hard_first,0.1377,0.1321,0.1436
floor_0.05+run5,both,G3,r4b_chance_below_0.5,0.0885,0.0839,0.0933
floor_0.05+run5,both,G3,r4b_chance_0.5_to_0.6,0.1041,0.1012,0.1068
floor_0.05+run5,both,G3,r4b_chance_0.6_to_0.7,0.1741,0.1710,0.1772
floor_0.05+run5,both,G3,r4b_chance_0.7_to_0.8,0.2505,0.2473,0.2536
floor_0.05+run5,both,G3,r4b_chance_0.8_up,0.3828,0.3750,0.3906
floor_0.05+run5,both,G3,r3_reachable,0.9532,0.9503,0.9560
floor_0.05+run5,both,G3,r8_rank_6_20,3.5583,3.3317,3.7817
floor_0.05+run5,both,G3,r8_topic_rank_6_20,17.3600,16.8867,17.8317
floor_0.05+run5,both,G3,r8_rank_150_200,1.5603,1.4525,1.6711
floor_0.05+run5,both,G3,r8_topic_rank_150_200,8.2279,8.0559,8.3951
floor_0.05+run5,both,G3,r2_ece,0.0352,0.0338,0.0366
floor_0.05+run5,both,G3,r4b_3,0.0000,0.0000,0.0000
floor_0.05+run5,both,G3,r4b_5,0.0837,0.0789,0.0887
floor_0.05+run5,both,G3,r4b_10,0.3348,0.3237,0.3465
floor_0.05+run5,both,G3,r4b_20,0.7418,0.7229,0.7600
floor_0.05+run5,both,G3,r4b_50,0.9778,0.9546,1.0000
floor_0.05+run5,both,G3,r8_move_p95_6_20,73.0000,73.0000,73.0000
floor_0.05+run5,both,G3,r8_move_p95_150_200,40.0000,40.0000,40.0000
floor_0.05+run5,both,G4,r1_rms_5,1.0200,1.0016,1.0382
floor_0.05+run5,both,G4,r1_mean_5,-0.2311,-0.2645,-0.1969
floor_0.05+run5,both,G4,r1_rms_10,0.9621,0.9463,0.9790
floor_0.05+run5,both,G4,r1_mean_10,-0.2855,-0.3140,-0.2560
floor_0.05+run5,both,G4,r1_rms_20,0.8818,0.8685,0.8958
floor_0.05+run5,both,G4,r1_mean_20,-0.3354,-0.3611,-0.3099
floor_0.05+run5,both,G4,r1_rms_50,0.7610,0.7511,0.7708
floor_0.05+run5,both,G4,r1_mean_50,-0.4065,-0.4240,-0.3895
floor_0.05+run5,both,G4,r1_rms_100,0.6974,0.6897,0.7050
floor_0.05+run5,both,G4,r1_mean_100,-0.4537,-0.4650,-0.4419
floor_0.05+run5,both,G4,r1_rms_200,0.6574,0.6516,0.6629
floor_0.05+run5,both,G4,r1_mean_200,-0.4772,-0.4849,-0.4695
floor_0.05+run5,both,G4,r2_brier,0.1803,0.1794,0.1812
floor_0.05+run5,both,G4,r2_bias,0.0130,0.0117,0.0145
floor_0.05+run5,both,G4,r3_inside,0.3893,0.3871,0.3913
floor_0.05+run5,both,G4,r3_below_0.5,0.0597,0.0571,0.0623
floor_0.05+run5,both,G4,r3_above_0.95,0.0357,0.0343,0.0372
floor_0.05+run5,both,G4,r4_false,0.6144,0.6014,0.6270
floor_0.05+run5,both,G4,r4_false_0.70,0.4985,0.4850,0.5125
floor_0.05+run5,both,G4,r4_below,0.0000,0.0000,0.0000
floor_0.05+run5,both,G4,r4_false_at_task,0.6144,0.6022,0.6272
floor_0.05+run5,both,G4,r4_declared,2.7465,2.6808,2.8075
floor_0.05+run5,both,G4,r5_late_answers,12.5531,12.3351,12.7752
floor_0.05+run5,both,G4,r5_never,0.7761,0.7684,0.7839
floor_0.05+run5,both,G4,r6_lag,-0.4812,-0.4894,-0.4730
floor_0.05+run5,both,G4,r7_error_5,0.8787,0.8581,0.9003
floor_0.05+run5,both,G4,r7_error_10,0.8084,0.7891,0.8277
floor_0.05+run5,both,G4,r7_longest_wrong,1.8782,1.8485,1.9067
floor_0.05+run5,both,G4,r7_hard_first,0.1869,0.1807,0.1932
floor_0.05+run5,both,G4,r4b_chance_below_0.5,0.1532,0.1449,0.1609
floor_0.05+run5,both,G4,r4b_chance_0.5_to_0.6,0.1460,0.1431,0.1489
floor_0.05+run5,both,G4,r4b_chance_0.6_to_0.7,0.1968,0.1940,0.1996
floor_0.05+run5,both,G4,r4b_chance_0.7_to_0.8,0.2350,0.2313,0.2387
floor_0.05+run5,both,G4,r4b_chance_0.8_up,0.2691,0.2622,0.2760
floor_0.05+run5,both,G4,r3_reachable,0.9498,0.9458,0.9538
floor_0.05+run5,both,G4,r8_rank_6_20,3.9500,3.7183,4.1850
floor_0.05+run5,both,G4,r8_topic_rank_6_20,18.3033,17.8350,18.7833
floor_0.05+run5,both,G4,r8_rank_150_200,1.7500,1.6172,1.8804
floor_0.05+run5,both,G4,r8_topic_rank_150_200,9.2373,9.0520,9.4230
floor_0.05+run5,both,G4,r2_ece,0.0151,0.0135,0.0166
floor_0.05+run5,both,G4,r4b_3,0.0000,0.0000,0.0000
floor_0.05+run5,both,G4,r4b_5,0.0680,0.0639,0.0724
floor_0.05+run5,both,G4,r4b_10,0.2702,0.2609,0.2795
floor_0.05+run5,both,G4,r4b_20,0.6028,0.5843,0.6218
floor_0.05+run5,both,G4,r4b_50,0.8563,0.8195,0.8964
floor_0.05+run5,both,G4,r8_move_p95_6_20,74.0000,74.0000,74.0000
floor_0.05+run5,both,G4,r8_move_p95_150_200,41.0000,41.0000,41.0000
floor_0.05+run5,both,G5,r1_rms_5,0.9083,0.8882,0.9278
floor_0.05+run5,both,G5,r1_mean_5,-0.0110,-0.0463,0.0221
floor_0.05+run5,both,G5,r1_rms_10,0.8471,0.8311,0.8648
floor_0.05+run5,both,G5,r1_mean_10,-0.0266,-0.0554,0.0045
floor_0.05+run5,both,G5,r1_rms_20,0.8745,0.8615,0.8886
floor_0.05+run5,both,G5,r1_mean_20,-0.0431,-0.0678,-0.0196
floor_0.05+run5,both,G5,r1_rms_50,0.7443,0.7346,0.7545
floor_0.05+run5,both,G5,r1_mean_50,-0.0620,-0.0798,-0.0433
floor_0.05+run5,both,G5,r1_rms_100,0.6376,0.6309,0.6445
floor_0.05+run5,both,G5,r1_mean_100,-0.0850,-0.0968,-0.0721
floor_0.05+run5,both,G5,r1_rms_200,0.5432,0.5380,0.5484
floor_0.05+run5,both,G5,r1_mean_200,-0.0752,-0.0837,-0.0664
floor_0.05+run5,both,G5,r2_brier,0.1772,0.1762,0.1781
floor_0.05+run5,both,G5,r2_bias,0.0063,0.0047,0.0078
floor_0.05+run5,both,G5,r3_inside,0.4094,0.4063,0.4124
floor_0.05+run5,both,G5,r3_below_0.5,0.0507,0.0484,0.0532
floor_0.05+run5,both,G5,r3_above_0.95,0.0343,0.0327,0.0360
floor_0.05+run5,both,G5,r4_false,0.6551,0.6418,0.6678
floor_0.05+run5,both,G5,r4_false_0.70,0.5461,0.5321,0.5595
floor_0.05+run5,both,G5,r4_below,0.0000,0.0000,0.0000
floor_0.05+run5,both,G5,r4_false_at_task,0.6551,0.6424,0.6670
floor_0.05+run5,both,G5,r4_declared,2.9200,2.8552,2.9848
floor_0.05+run5,both,G5,r5_late_answers,11.9981,11.7762,12.1983
floor_0.05+run5,both,G5,r5_never,0.7622,0.7536,0.7703
floor_0.05+run5,both,G5,r6_lag,-0.1208,-0.1291,-0.1127
floor_0.05+run5,both,G5,r7_error_5,0.9720,0.9480,0.9949
floor_0.05+run5,both,G5,r7_error_10,0.9149,0.8935,0.9360
floor_0.05+run5,both,G5,r7_longest_wrong,1.8297,1.8015,1.8593
floor_0.05+run5,both,G5,r7_hard_first,0.1316,0.1255,0.1376
floor_0.05+run5,both,G5,r4b_chance_below_0.5,0.1356,0.1285,0.1434
floor_0.05+run5,both,G5,r4b_chance_0.5_to_0.6,0.1505,0.1463,0.1544
floor_0.05+run5,both,G5,r4b_chance_0.6_to_0.7,0.2156,0.2120,0.2191
floor_0.05+run5,both,G5,r4b_chance_0.7_to_0.8,0.2494,0.2448,0.2540
floor_0.05+run5,both,G5,r4b_chance_0.8_up,0.2490,0.2415,0.2566
floor_0.05+run5,both,G5,r3_reachable,0.9145,0.9084,0.9199
floor_0.05+run5,both,G5,r8_rank_6_20,3.6733,3.4467,3.9083
floor_0.05+run5,both,G5,r8_topic_rank_6_20,17.8683,17.4083,18.3200
floor_0.05+run5,both,G5,r8_rank_150_200,1.6902,1.5627,1.8270
floor_0.05+run5,both,G5,r8_topic_rank_150_200,8.9711,8.7912,9.1549
floor_0.05+run5,both,G5,r2_ece,0.0088,0.0073,0.0104
floor_0.05+run5,both,G5,r4b_3,0.0000,0.0000,0.0000
floor_0.05+run5,both,G5,r4b_5,0.0744,0.0701,0.0789
floor_0.05+run5,both,G5,r4b_10,0.2774,0.2684,0.2865
floor_0.05+run5,both,G5,r4b_20,0.6106,0.5933,0.6279
floor_0.05+run5,both,G5,r4b_50,0.8929,0.8545,0.9319
floor_0.05+run5,both,G5,r8_move_p95_6_20,73.0000,73.0000,73.0000
floor_0.05+run5,both,G5,r8_move_p95_150_200,41.0000,41.0000,42.0000
floor_0.05+run5,both,G6,r1_rms_5,1.0556,1.0348,1.0769
floor_0.05+run5,both,G6,r1_mean_5,-0.0395,-0.0758,-0.0028
floor_0.05+run5,both,G6,r1_rms_10,0.9996,0.9811,1.0193
floor_0.05+run5,both,G6,r1_mean_10,-0.0798,-0.1134,-0.0487
floor_0.05+run5,both,G6,r1_rms_20,0.9239,0.9067,0.9408
floor_0.05+run5,both,G6,r1_mean_20,-0.1080,-0.1386,-0.0764
floor_0.05+run5,both,G6,r1_rms_50,0.8132,0.7990,0.8280
floor_0.05+run5,both,G6,r1_mean_50,-0.1520,-0.1772,-0.1272
floor_0.05+run5,both,G6,r1_rms_100,0.7587,0.7448,0.7716
floor_0.05+run5,both,G6,r1_mean_100,-0.1935,-0.2155,-0.1715
floor_0.05+run5,both,G6,r1_rms_200,0.7462,0.7350,0.7585
floor_0.05+run5,both,G6,r1_mean_200,-0.2323,-0.2538,-0.2104
floor_0.05+run5,both,G6,r2_brier,0.1788,0.1779,0.1798
floor_0.05+run5,both,G6,r2_bias,0.0110,0.0094,0.0125
floor_0.05+run5,both,G6,r3_inside,0.4225,0.4154,0.4293
floor_0.05+run5,both,G6,r3_below_0.5,0.0580,0.0557,0.0604
floor_0.05+run5,both,G6,r3_above_0.95,0.0945,0.0911,0.0980
floor_0.05+run5,both,G6,r4_false,0.7043,0.6925,0.7156
floor_0.05+run5,both,G6,r4_false_0.70,0.5788,0.5660,0.5924
floor_0.05+run5,both,G6,r4_below,0.0000,0.0000,0.0000
floor_0.05+run5,both,G6,r4_false_at_task,0.7043,0.6923,0.7163
floor_0.05+run5,both,G6,r4_declared,2.8327,2.7690,2.8965
floor_0.05+run5,both,G6,r5_late_answers,11.8146,11.6080,12.0291
floor_0.05+run5,both,G6,r5_never,0.7751,0.7666,0.7829
floor_0.05+run5,both,G6,r6_lag,-0.2336,-0.2539,-0.2120
floor_0.05+run5,both,G6,r7_error_5,0.9105,0.8872,0.9350
floor_0.05+run5,both,G6,r7_error_10,0.8451,0.8230,0.8674
floor_0.05+run5,both,G6,r7_longest_wrong,1.8082,1.7795,1.8368
floor_0.05+run5,both,G6,r7_hard_first,0.1356,0.1300,0.1415
floor_0.05+run5,both,G6,r4b_chance_below_0.5,0.1120,0.1058,0.1181
floor_0.05+run5,both,G6,r4b_chance_0.5_to_0.6,0.1223,0.1178,0.1269
floor_0.05+run5,both,G6,r4b_chance_0.6_to_0.7,0.2431,0.2375,0.2492
floor_0.05+run5,both,G6,r4b_chance_0.7_to_0.8,0.2997,0.2932,0.3066
floor_0.05+run5,both,G6,r4b_chance_0.8_up,0.2229,0.2158,0.2298
floor_0.05+run5,both,G6,r3_reachable,0.8114,0.8037,0.8189
floor_0.05+run5,both,G6,r8_rank_6_20,3.8117,3.5767,4.0517
floor_0.05+run5,both,G6,r8_topic_rank_6_20,18.1350,17.6050,18.6183
floor_0.05+run5,both,G6,r8_rank_150_200,1.6750,1.5569,1.8025
floor_0.05+run5,both,G6,r8_topic_rank_150_200,9.0074,8.8196,9.1868
floor_0.05+run5,both,G6,r2_ece,0.0133,0.0118,0.0150
floor_0.05+run5,both,G6,r4b_3,0.0000,0.0000,0.0000
floor_0.05+run5,both,G6,r4b_5,0.0810,0.0769,0.0854
floor_0.05+run5,both,G6,r4b_10,0.2892,0.2804,0.2975
floor_0.05+run5,both,G6,r4b_20,0.6256,0.6098,0.6413
floor_0.05+run5,both,G6,r4b_50,0.9109,0.8694,0.9529
floor_0.05+run5,both,G6,r8_move_p95_6_20,73.0000,73.0000,73.0000
floor_0.05+run5,both,G6,r8_move_p95_150_200,42.0000,41.0000,42.0000
floor_0.05+run5,both,G7,r1_rms_5,1.0234,1.0048,1.0423
floor_0.05+run5,both,G7,r1_mean_5,-0.0986,-0.1308,-0.0653
floor_0.05+run5,both,G7,r1_rms_10,0.9601,0.9439,0.9767
floor_0.05+run5,both,G7,r1_mean_10,-0.1270,-0.1575,-0.0974
floor_0.05+run5,both,G7,r1_rms_20,0.8696,0.8565,0.8827
floor_0.05+run5,both,G7,r1_mean_20,-0.1449,-0.1701,-0.1188
floor_0.05+run5,both,G7,r1_rms_50,0.7297,0.7200,0.7395
floor_0.05+run5,both,G7,r1_mean_50,-0.1592,-0.1789,-0.1396
floor_0.05+run5,both,G7,r1_rms_100,0.6335,0.6267,0.6407
floor_0.05+run5,both,G7,r1_mean_100,-0.1619,-0.1765,-0.1475
floor_0.05+run5,both,G7,r1_rms_200,0.5547,0.5498,0.5598
floor_0.05+run5,both,G7,r1_mean_200,-0.1487,-0.1610,-0.1366
floor_0.05+run5,both,G7,r2_brier,0.1737,0.1728,0.1746
floor_0.05+run5,both,G7,r2_bias,0.0027,0.0011,0.0042
floor_0.05+run5,both,G7,r3_inside,0.4261,0.4234,0.4288
floor_0.05+run5,both,G7,r3_below_0.5,0.0388,0.0369,0.0408
floor_0.05+run5,both,G7,r3_above_0.95,0.0307,0.0292,0.0324
floor_0.05+run5,both,G7,r4_false,0.6609,0.6491,0.6733
floor_0.05+run5,both,G7,r4_false_0.70,0.5511,0.5378,0.5645
floor_0.05+run5,both,G7,r4_below,0.0000,0.0000,0.0000
floor_0.05+run5,both,G7,r4_false_at_task,0.6609,0.6491,0.6733
floor_0.05+run5,both,G7,r4_declared,2.9047,2.8415,2.9675
floor_0.05+run5,both,G7,r5_late_answers,12.0820,11.8764,12.2947
floor_0.05+run5,both,G7,r5_never,0.7597,0.7513,0.7680
floor_0.05+run5,both,G7,r6_lag,-0.1723,-0.1839,-0.1608
floor_0.05+run5,both,G7,r7_error_5,0.8846,0.8638,0.9048
floor_0.05+run5,both,G7,r7_error_10,0.8114,0.7928,0.8315
floor_0.05+run5,both,G7,r7_longest_wrong,1.7857,1.7575,1.8162
floor_0.05+run5,both,G7,r7_hard_first,0.1360,0.1305,0.1416
floor_0.05+run5,both,G7,r4b_chance_below_0.5,0.1000,0.0944,0.1059
floor_0.05+run5,both,G7,r4b_chance_0.5_to_0.6,0.1282,0.1251,0.1313
floor_0.05+run5,both,G7,r4b_chance_0.6_to_0.7,0.2139,0.2108,0.2171
floor_0.05+run5,both,G7,r4b_chance_0.7_to_0.8,0.2736,0.2700,0.2772
floor_0.05+run5,both,G7,r4b_chance_0.8_up,0.2843,0.2777,0.2911
floor_0.05+run5,both,G7,r3_reachable,0.9385,0.9344,0.9424
floor_0.05+run5,both,G7,r8_rank_6_20,3.5167,3.2867,3.7417
floor_0.05+run5,both,G7,r8_topic_rank_6_20,17.1517,16.6467,17.6200
floor_0.05+run5,both,G7,r8_rank_150_200,1.7230,1.5922,1.8613
floor_0.05+run5,both,G7,r8_topic_rank_150_200,9.0696,8.8877,9.2451
floor_0.05+run5,both,G7,r2_ece,0.0045,0.0031,0.0060
floor_0.05+run5,both,G7,r4b_3,0.0000,0.0000,0.0000
floor_0.05+run5,both,G7,r4b_5,0.0782,0.0738,0.0827
floor_0.05+run5,both,G7,r4b_10,0.2913,0.2820,0.3009
floor_0.05+run5,both,G7,r4b_20,0.6395,0.6225,0.6584
floor_0.05+run5,both,G7,r4b_50,0.9439,0.9103,0.9761
floor_0.05+run5,both,G7,r8_move_p95_6_20,73.0000,73.0000,73.0000
floor_0.05+run5,both,G7,r8_move_p95_150_200,42.0000,41.0000,42.0000
floor_0.05+run5,both,G8,r1_rms_5,1.0021,0.9844,1.0209
floor_0.05+run5,both,G8,r1_mean_5,0.0023,-0.0302,0.0370
floor_0.05+run5,both,G8,r1_rms_10,0.9357,0.9200,0.9509
floor_0.05+run5,both,G8,r1_mean_10,-0.0281,-0.0575,0.0009
floor_0.05+run5,both,G8,r1_rms_20,0.8400,0.8271,0.8525
floor_0.05+run5,both,G8,r1_mean_20,-0.0552,-0.0805,-0.0310
floor_0.05+run5,both,G8,r1_rms_50,0.6810,0.6728,0.6897
floor_0.05+run5,both,G8,r1_mean_50,-0.0896,-0.1066,-0.0727
floor_0.05+run5,both,G8,r1_rms_100,0.5678,0.5621,0.5737
floor_0.05+run5,both,G8,r1_mean_100,-0.1044,-0.1157,-0.0930
floor_0.05+run5,both,G8,r1_rms_200,0.4790,0.4752,0.4828
floor_0.05+run5,both,G8,r1_mean_200,-0.0902,-0.0979,-0.0825
floor_0.05+run5,both,G8,r2_brier,0.1749,0.1740,0.1757
floor_0.05+run5,both,G8,r2_bias,0.0046,0.0030,0.0061
floor_0.05+run5,both,G8,r3_inside,0.4291,0.4265,0.4316
floor_0.05+run5,both,G8,r3_below_0.5,0.0384,0.0365,0.0402
floor_0.05+run5,both,G8,r3_above_0.95,0.0293,0.0278,0.0308
floor_0.05+run5,both,G8,r4_false,0.6901,0.6759,0.7054
floor_0.05+run5,both,G8,r4_false_0.70,0.5819,0.5658,0.5978
floor_0.05+run5,both,G8,r4_below,0.0000,0.0000,0.0000
floor_0.05+run5,both,G8,r4_false_at_task,0.6901,0.6755,0.7039
floor_0.05+run5,both,G8,r4_declared,1.5482,1.5017,1.5945
floor_0.05+run5,both,G8,r5_late_answers,12.1841,11.9481,12.4150
floor_0.05+run5,both,G8,r5_never,0.8735,0.8679,0.8794
floor_0.05+run5,both,G8,r6_lag,-0.1041,-0.1122,-0.0959
floor_0.05+run5,both,G8,r7_error_5,0.8521,0.8321,0.8718
floor_0.05+run5,both,G8,r7_error_10,0.7790,0.7607,0.7972
floor_0.05+run5,both,G8,r7_longest_wrong,1.7845,1.7565,1.8115
floor_0.05+run5,both,G8,r7_hard_first,0.1413,0.1356,0.1473
floor_0.05+run5,both,G8,r4b_chance_below_0.5,0.0938,0.0892,0.0987
floor_0.05+run5,both,G8,r4b_chance_0.5_to_0.6,0.1309,0.1276,0.1344
floor_0.05+run5,both,G8,r4b_chance_0.6_to_0.7,0.2171,0.2144,0.2199
floor_0.05+run5,both,G8,r4b_chance_0.7_to_0.8,0.2791,0.2755,0.2825
floor_0.05+run5,both,G8,r4b_chance_0.8_up,0.2791,0.2726,0.2862
floor_0.05+run5,both,G8,r3_reachable,0.9439,0.9400,0.9478
floor_0.05+run5,both,G8,r8_rank_6_20,3.6550,3.4333,3.8933
floor_0.05+run5,both,G8,r8_topic_rank_6_20,17.8917,17.4300,18.3467
floor_0.05+run5,both,G8,r8_rank_150_200,1.6348,1.5103,1.7608
floor_0.05+run5,both,G8,r8_topic_rank_150_200,9.4525,9.2721,9.6309
floor_0.05+run5,both,G8,r2_ece,0.0066,0.0052,0.0082
floor_0.05+run5,both,G8,r4b_3,0.0000,0.0000,0.0000
floor_0.05+run5,both,G8,r4b_5,0.0271,0.0247,0.0296
floor_0.05+run5,both,G8,r4b_10,0.1581,0.1504,0.1657
floor_0.05+run5,both,G8,r4b_20,0.4163,0.3981,0.4348
floor_0.05+run5,both,G8,r4b_50,0.8387,0.7841,0.8917
floor_0.05+run5,both,G8,r8_move_p95_6_20,73.0000,73.0000,73.0000
floor_0.05+run5,both,G8,r8_move_p95_150_200,42.0000,42.0000,42.0000
floor_0.05+run5,both,G0-exact,r1_rms_5,0.9834,0.9666,1.0006
floor_0.05+run5,both,G0-exact,r1_mean_5,-0.0207,-0.0534,0.0116
floor_0.05+run5,both,G0-exact,r1_rms_10,0.9159,0.9017,0.9312
floor_0.05+run5,both,G0-exact,r1_mean_10,-0.0408,-0.0685,-0.0122
floor_0.05+run5,both,G0-exact,r1_rms_20,0.8191,0.8067,0.8314
floor_0.05+run5,both,G0-exact,r1_mean_20,-0.0532,-0.0769,-0.0292
floor_0.05+run5,both,G0-exact,r1_rms_50,0.6604,0.6530,0.6681
floor_0.05+run5,both,G0-exact,r1_mean_50,-0.0630,-0.0798,-0.0468
floor_0.05+run5,both,G0-exact,r1_rms_100,0.5466,0.5418,0.5522
floor_0.05+run5,both,G0-exact,r1_mean_100,-0.0640,-0.0744,-0.0531
floor_0.05+run5,both,G0-exact,r1_rms_200,0.4661,0.4625,0.4698
floor_0.05+run5,both,G0-exact,r1_mean_200,-0.0417,-0.0491,-0.0348
floor_0.05+run5,both,G0-exact,r2_brier,0.1728,0.1719,0.1736
floor_0.05+run5,both,G0-exact,r2_bias,0.0014,-0.0001,0.0028
floor_0.05+run5,both,G0-exact,r3_inside,0.5432,0.5382,0.5478
floor_0.05+run5,both,G0-exact,r3_below_0.5,0.0218,0.0198,0.0239
floor_0.05+run5,both,G0-exact,r3_above_0.95,0.0116,0.0105,0.0128
floor_0.05+run5,both,G0-exact,r4_false,0.6799,0.6686,0.6916
floor_0.05+run5,both,G0-exact,r4_false_0.70,0.5684,0.5550,0.5820
floor_0.05+run5,both,G0-exact,r4_below,0.0000,0.0000,0.0000
floor_0.05+run5,both,G0-exact,r4_false_at_task,0.6799,0.6678,0.6921
floor_0.05+run5,both,G0-exact,r4_declared,2.8878,2.8207,2.9482
floor_0.05+run5,both,G0-exact,r5_late_answers,11.8239,11.6254,12.0307
floor_0.05+run5,both,G0-exact,r5_never,0.7674,0.7588,0.7757
floor_0.05+run5,both,G0-exact,r6_lag,-0.0714,-0.0788,-0.0638
floor_0.05+run5,both,G0-exact,r7_error_5,0.8323,0.8123,0.8522
floor_0.05+run5,both,G0-exact,r7_error_10,0.7580,0.7403,0.7766
floor_0.05+run5,both,G0-exact,r7_longest_wrong,1.7565,1.7275,1.7848
floor_0.05+run5,both,G0-exact,r7_hard_first,0.1173,0.1118,0.1228
floor_0.05+run5,both,G0-exact,r4b_chance_below_0.5,0.0671,0.0601,0.0743
floor_0.05+run5,both,G0-exact,r4b_chance_0.5_to_0.6,0.1129,0.1073,0.1183
floor_0.05+run5,both,G0-exact,r4b_chance_0.6_to_0.7,0.2509,0.2447,0.2573
floor_0.05+run5,both,G0-exact,r4b_chance_0.7_to_0.8,0.3652,0.3574,0.3732
floor_0.05+run5,both,G0-exact,r4b_chance_0.8_up,0.2038,0.1958,0.2119
floor_0.05+run5,both,G0-exact,r3_reachable,0.9440,0.9398,0.9479
floor_0.05+run5,both,G0-exact,r8_rank_6_20,3.5717,3.3500,3.7933
floor_0.05+run5,both,G0-exact,r8_topic_rank_6_20,17.5550,17.0917,18.0633
floor_0.05+run5,both,G0-exact,r8_rank_150_200,1.7730,1.6397,1.9064
floor_0.05+run5,both,G0-exact,r8_topic_rank_150_200,9.2025,9.0201,9.3922
floor_0.05+run5,both,G0-exact,r2_ece,0.0033,0.0019,0.0047
floor_0.05+run5,both,G0-exact,r4b_3,0.0000,0.0000,0.0000
floor_0.05+run5,both,G0-exact,r4b_5,0.0818,0.0773,0.0862
floor_0.05+run5,both,G0-exact,r4b_10,0.2984,0.2896,0.3075
floor_0.05+run5,both,G0-exact,r4b_20,0.6395,0.6224,0.6560
floor_0.05+run5,both,G0-exact,r4b_50,0.9014,0.8670,0.9343
floor_0.05+run5,both,G0-exact,r8_move_p95_6_20,73.0000,73.0000,73.0000
floor_0.05+run5,both,G0-exact,r8_move_p95_150_200,42.0000,41.0000,42.0000
floor_0.05+run5,both,G0-miss0.25,r1_rms_5,1.0060,0.9876,1.0244
floor_0.05+run5,both,G0-miss0.25,r1_mean_5,0.0252,-0.0082,0.0570
floor_0.05+run5,both,G0-miss0.25,r1_rms_10,0.9353,0.9200,0.9514
floor_0.05+run5,both,G0-miss0.25,r1_mean_10,-0.0053,-0.0344,0.0231
floor_0.05+run5,both,G0-miss0.25,r1_rms_20,0.8353,0.8227,0.8481
floor_0.05+run5,both,G0-miss0.25,r1_mean_20,-0.0297,-0.0543,-0.0050
floor_0.05+run5,both,G0-miss0.25,r1_rms_50,0.6692,0.6603,0.6778
floor_0.05+run5,both,G0-miss0.25,r1_mean_50,-0.0605,-0.0772,-0.0429
floor_0.05+run5,both,G0-miss0.25,r1_rms_100,0.5548,0.5492,0.5606
floor_0.05+run5,both,G0-miss0.25,r1_mean_100,-0.0635,-0.0756,-0.0518
floor_0.05+run5,both,G0-miss0.25,r1_rms_200,0.4684,0.4645,0.4722
floor_0.05+run5,both,G0-miss0.25,r1_mean_200,-0.0451,-0.0527,-0.0376
floor_0.05+run5,both,G0-miss0.25,r2_brier,0.1738,0.1729,0.1746
floor_0.05+run5,both,G0-miss0.25,r2_bias,0.0033,0.0017,0.0047
floor_0.05+run5,both,G0-miss0.25,r3_inside,0.5017,0.4979,0.5055
floor_0.05+run5,both,G0-miss0.25,r3_below_0.5,0.0265,0.0246,0.0284
floor_0.05+run5,both,G0-miss0.25,r3_above_0.95,0.0164,0.0151,0.0178
floor_0.05+run5,both,G0-miss0.25,r4_false,0.6777,0.6661,0.6895
floor_0.05+run5,both,G0-miss0.25,r4_false_0.70,0.5657,0.5522,0.5781
floor_0.05+run5,both,G0-miss0.25,r4_below,0.0000,0.0000,0.0000
floor_0.05+run5,both,G0-miss0.25,r4_false_at_task,0.6777,0.6661,0.6887
floor_0.05+run5,both,G0-miss0.25,r4_declared,2.8537,2.7895,2.9177
floor_0.05+run5,both,G0-miss0.25,r5_late_answers,11.9457,11.7403,12.1552
floor_0.05+run5,both,G0-miss0.25,r5_never,0.7668,0.7584,0.7747
floor_0.05+run5,both,G0-miss0.25,r6_lag,-0.0771,-0.0851,-0.0692
floor_0.05+run5,both,G0-miss0.25,r7_error_5,0.8649,0.8444,0.8862
floor_0.05+run5,both,G0-miss0.25,r7_error_10,0.7855,0.7667,0.8059
floor_0.05+run5,both,G0-miss0.25,r7_longest_wrong,1.7882,1.7588,1.8168
floor_0.05+run5,both,G0-miss0.25,r7_hard_first,0.1304,0.1247,0.1363
floor_0.05+run5,both,G0-miss0.25,r4b_chance_below_0.5,0.0769,0.0711,0.0833
floor_0.05+run5,both,G0-miss0.25,r4b_chance_0.5_to_0.6,0.1236,0.1196,0.1277
floor_0.05+run5,both,G0-miss0.25,r4b_chance_0.6_to_0.7,0.2496,0.2453,0.2537
floor_0.05+run5,both,G0-miss0.25,r4b_chance_0.7_to_0.8,0.3307,0.3248,0.3363
floor_0.05+run5,both,G0-miss0.25,r4b_chance_0.8_up,0.2193,0.2123,0.2264
floor_0.05+run5,both,G0-miss0.25,r3_reachable,0.9428,0.9387,0.9468
floor_0.05+run5,both,G0-miss0.25,r8_rank_6_20,3.6800,3.4517,3.9167
floor_0.05+run5,both,G0-miss0.25,r8_topic_rank_6_20,18.0267,17.5583,18.4833
floor_0.05+run5,both,G0-miss0.25,r8_rank_150_200,1.8054,1.6770,1.9397
floor_0.05+run5,both,G0-miss0.25,r8_topic_rank_150_200,9.2113,9.0407,9.3897
floor_0.05+run5,both,G0-miss0.25,r2_ece,0.0050,0.0035,0.0065
floor_0.05+run5,both,G0-miss0.25,r4b_3,0.0000,0.0000,0.0000
floor_0.05+run5,both,G0-miss0.25,r4b_5,0.0817,0.0770,0.0862
floor_0.05+run5,both,G0-miss0.25,r4b_10,0.2903,0.2814,0.2993
floor_0.05+run5,both,G0-miss0.25,r4b_20,0.6345,0.6165,0.6525
floor_0.05+run5,both,G0-miss0.25,r4b_50,0.9250,0.8882,0.9653
floor_0.05+run5,both,G0-miss0.25,r8_move_p95_6_20,73.0000,73.0000,73.0000
floor_0.05+run5,both,G0-miss0.25,r8_move_p95_150_200,42.0000,41.0000,42.0000
floor_0.05+run5,both,G0-miss1,r1_rms_5,1.0386,1.0193,1.0585
floor_0.05+run5,both,G0-miss1,r1_mean_5,-0.0762,-0.1101,-0.0418
floor_0.05+run5,both,G0-miss1,r1_rms_10,0.9716,0.9545,0.9890
floor_0.05+run5,both,G0-miss1,r1_mean_10,-0.1096,-0.1408,-0.0777
floor_0.05+run5,both,G0-miss1,r1_rms_20,0.8755,0.8621,0.8892
floor_0.05+run5,both,G0-miss1,r1_mean_20,-0.1357,-0.1613,-0.1098
floor_0.05+run5,both,G0-miss1,r1_rms_50,0.7270,0.7174,0.7364
floor_0.05+run5,both,G0-miss1,r1_mean_50,-0.1755,-0.1942,-0.1567
floor_0.05+run5,both,G0-miss1,r1_rms_100,0.6165,0.6097,0.6233
floor_0.05+run5,both,G0-miss1,r1_mean_100,-0.1967,-0.2098,-0.1835
floor_0.05+run5,both,G0-miss1,r1_rms_200,0.5348,0.5302,0.5391
floor_0.05+run5,both,G0-miss1,r1_mean_200,-0.2003,-0.2086,-0.1918
floor_0.05+run5,both,G0-miss1,r2_brier,0.1763,0.1754,0.1772
floor_0.05+run5,both,G0-miss1,r2_bias,0.0067,0.0051,0.0082
floor_0.05+run5,both,G0-miss1,r3_inside,0.2977,0.2962,0.2991
floor_0.05+run5,both,G0-miss1,r3_below_0.5,0.0900,0.0879,0.0923
floor_0.05+run5,both,G0-miss1,r3_above_0.95,0.1059,0.1036,0.1082
floor_0.05+run5,both,G0-miss1,r4_false,0.6548,0.6432,0.6667
floor_0.05+run5,both,G0-miss1,r4_false_0.70,0.5532,0.5410,0.5658
floor_0.05+run5,both,G0-miss1,r4_below,0.0000,0.0000,0.0000
floor_0.05+run5,both,G0-miss1,r4_false_at_task,0.6548,0.6421,0.6674
floor_0.05+run5,both,G0-miss1,r4_declared,2.9230,2.8603,2.9875
floor_0.05+run5,both,G0-miss1,r5_late_answers,12.1411,11.9411,12.3435
floor_0.05+run5,both,G0-miss1,r5_never,0.7652,0.7569,0.7730
floor_0.05+run5,both,G0-miss1,r6_lag,-0.2198,-0.2292,-0.2108
floor_0.05+run5,both,G0-miss1,r7_error_5,0.8984,0.8773,0.9200
floor_0.05+run5,both,G0-miss1,r7_error_10,0.8245,0.8053,0.8440
floor_0.05+run5,both,G0-miss1,r7_longest_wrong,1.7965,1.7685,1.8248
floor_0.05+run5,both,G0-miss1,r7_hard_first,0.1768,0.1715,0.1825
floor_0.05+run5,both,G0-miss1,r4b_chance_below_0.5,0.1673,0.1622,0.1726
floor_0.05+run5,both,G0-miss1,r4b_chance_0.5_to_0.6,0.1196,0.1176,0.1215
floor_0.05+run5,both,G0-miss1,r4b_chance_0.6_to_0.7,0.1539,0.1520,0.1558
floor_0.05+run5,both,G0-miss1,r4b_chance_0.7_to_0.8,0.1885,0.1865,0.1907
floor_0.05+run5,both,G0-miss1,r4b_chance_0.8_up,0.3707,0.3646,0.3766
floor_0.05+run5,both,G0-miss1,r3_reachable,0.9476,0.9439,0.9512
floor_0.05+run5,both,G0-miss1,r8_rank_6_20,3.5350,3.2933,3.7650
floor_0.05+run5,both,G0-miss1,r8_topic_rank_6_20,17.6683,17.2133,18.1483
floor_0.05+run5,both,G0-miss1,r8_rank_150_200,1.8279,1.6966,1.9725
floor_0.05+run5,both,G0-miss1,r8_topic_rank_150_200,9.2196,9.0426,9.4049
floor_0.05+run5,both,G0-miss1,r2_ece,0.0086,0.0071,0.0101
floor_0.05+run5,both,G0-miss1,r4b_3,0.0000,0.0000,0.0000
floor_0.05+run5,both,G0-miss1,r4b_5,0.0825,0.0777,0.0873
floor_0.05+run5,both,G0-miss1,r4b_10,0.2965,0.2875,0.3060
floor_0.05+run5,both,G0-miss1,r4b_20,0.6562,0.6401,0.6735
floor_0.05+run5,both,G0-miss1,r4b_50,0.9415,0.9087,0.9723
floor_0.05+run5,both,G0-miss1,r8_move_p95_6_20,73.0000,73.0000,74.0000
floor_0.05+run5,both,G0-miss1,r8_move_p95_150_200,42.0000,41.0000,42.0000
floor_0.05+run5,both,G2-half,r1_rms_5,1.0053,0.9886,1.0238
floor_0.05+run5,both,G2-half,r1_mean_5,-0.0555,-0.0879,-0.0221
floor_0.05+run5,both,G2-half,r1_rms_10,0.9421,0.9259,0.9578
floor_0.05+run5,both,G2-half,r1_mean_10,-0.1038,-0.1336,-0.0731
floor_0.05+run5,both,G2-half,r1_rms_20,0.8472,0.8347,0.8600
floor_0.05+run5,both,G2-half,r1_mean_20,-0.1665,-0.1900,-0.1419
floor_0.05+run5,both,G2-half,r1_rms_50,0.7269,0.7168,0.7372
floor_0.05+run5,both,G2-half,r1_mean_50,-0.3015,-0.3185,-0.2842
floor_0.05+run5,both,G2-half,r1_rms_100,0.6961,0.6882,0.7041
floor_0.05+run5,both,G2-half,r1_mean_100,-0.4424,-0.4541,-0.4309
floor_0.05+run5,both,G2-half,r1_rms_200,0.7270,0.7203,0.7334
floor_0.05+run5,both,G2-half,r1_mean_200,-0.5707,-0.5790,-0.5623
floor_0.05+run5,both,G2-half,r2_brier,0.1517,0.1510,0.1526
floor_0.05+run5,both,G2-half,r2_bias,-0.0370,-0.0384,-0.0355
floor_0.05+run5,both,G2-half,r3_inside,0.3744,0.3713,0.3773
floor_0.05+run5,both,G2-half,r3_below_0.5,0.0226,0.0213,0.0237
floor_0.05+run5,both,G2-half,r3_above_0.95,0.0624,0.0600,0.0647
floor_0.05+run5,both,G2-half,r4_false,0.5106,0.4986,0.5226
floor_0.05+run5,both,G2-half,r4_false_0.70,0.3958,0.3839,0.4078
floor_0.05+run5,both,G2-half,r4_below,0.0000,0.0000,0.0000
floor_0.05+run5,both,G2-half,r4_false_at_task,0.5106,0.4987,0.5218
floor_0.05+run5,both,G2-half,r4_declared,3.8232,3.7487,3.8980
floor_0.05+run5,both,G2-half,r5_late_answers,11.1893,11.0376,11.3397
floor_0.05+run5,both,G2-half,r5_never,0.7062,0.6974,0.7154
floor_0.05+run5,both,G2-half,r6_lag,-0.5370,-0.5457,-0.5284
floor_0.05+run5,both,G2-half,r7_error_5,0.8538,0.8339,0.8744
floor_0.05+run5,both,G2-half,r7_error_10,0.7820,0.7640,0.8004
floor_0.05+run5,both,G2-half,r7_longest_wrong,1.7232,1.6972,1.7503
floor_0.05+run5,both,G2-half,r7_hard_first,0.1315,0.1257,0.1372
floor_0.05+run5,both,G2-half,r4b_chance_below_0.5,0.0691,0.0653,0.0731
floor_0.05+run5,both,G2-half,r4b_chance_0.5_to_0.6,0.0939,0.0912,0.0968
floor_0.05+run5,both,G2-half,r4b_chance_0.6_to_0.7,0.1711,0.1677,0.1744
floor_0.05+run5,both,G2-half,r4b_chance_0.7_to_0.8,0.2690,0.2657,0.2723
floor_0.05+run5,both,G2-half,r4b_chance_0.8_up,0.3969,0.3886,0.4048
floor_0.05+run5,both,G2-half,r3_reachable,0.9620,0.9600,0.9638
floor_0.05+run5,both,G2-half,r8_rank_6_20,3.6333,3.3950,3.8767
floor_0.05+run5,both,G2-half,r8_topic_rank_6_20,17.4600,16.9817,17.9500
floor_0.05+run5,both,G2-half,r8_rank_150_200,1.5922,1.4814,1.7132
floor_0.05+run5,both,G2-half,r8_topic_rank_150_200,8.3985,8.2377,8.5627
floor_0.05+run5,both,G2-half,r2_ece,0.0370,0.0356,0.0384
floor_0.05+run5,both,G2-half,r4b_3,0.0000,0.0000,0.0000
floor_0.05+run5,both,G2-half,r4b_5,0.0887,0.0838,0.0938
floor_0.05+run5,both,G2-half,r4b_10,0.3221,0.3101,0.3334
floor_0.05+run5,both,G2-half,r4b_20,0.7354,0.7148,0.7548
floor_0.05+run5,both,G2-half,r4b_50,0.9936,0.9800,1.0000
floor_0.05+run5,both,G2-half,r8_move_p95_6_20,73.0000,73.0000,73.0000
floor_0.05+run5,both,G2-half,r8_move_p95_150_200,41.0000,40.0000,41.0000
floor_0.05+run5,both,G2-fading,r1_rms_5,1.0156,0.9991,1.0339
floor_0.05+run5,both,G2-fading,r1_mean_5,-0.0508,-0.0847,-0.0189
floor_0.05+run5,both,G2-fading,r1_rms_10,0.9503,0.9345,0.9663
floor_0.05+run5,both,G2-fading,r1_mean_10,-0.1192,-0.1486,-0.0893
floor_0.05+run5,both,G2-fading,r1_rms_20,0.8648,0.8516,0.8781
floor_0.05+run5,both,G2-fading,r1_mean_20,-0.2053,-0.2312,-0.1806
floor_0.05+run5,both,G2-fading,r1_rms_50,0.7495,0.7389,0.7597
floor_0.05+run5,both,G2-fading,r1_mean_50,-0.3463,-0.3638,-0.3280
floor_0.05+run5,both,G2-fading,r1_rms_100,0.6855,0.6775,0.6935
floor_0.05+run5,both,G2-fading,r1_mean_100,-0.4178,-0.4307,-0.4052
floor_0.05+run5,both,G2-fading,r1_rms_200,0.5915,0.5858,0.5971
floor_0.05+run5,both,G2-fading,r1_mean_200,-0.3715,-0.3794,-0.3632
floor_0.05+run5,both,G2-fading,r2_brier,0.1546,0.1538,0.1554
floor_0.05+run5,both,G2-fading,r2_bias,-0.0315,-0.0331,-0.0301
floor_0.05+run5,both,G2-fading,r3_inside,0.3874,0.3845,0.3904
floor_0.05+run5,both,G2-fading,r3_below_0.5,0.0238,0.0224,0.0251
floor_0.05+run5,both,G2-fading,r3_above_0.95,0.0575,0.0551,0.0599
floor_0.05+run5,both,G2-fading,r4_false,0.5448,0.5325,0.5567
floor_0.05+run5,both,G2-fading,r4_false_0.70,0.4257,0.4134,0.4384
floor_0.05+run5,both,G2-fading,r4_below,0.0000,0.0000,0.0000
floor_0.05+run5,both,G2-fading,r4_false_at_task,0.5448,0.5330,0.5569
floor_0.05+run5,both,G2-fading,r4_declared,3.6437,3.5665,3.7203
floor_0.05+run5,both,G2-fading,r5_late_answers,11.3192,11.1628,11.4816
floor_0.05+run5,both,G2-fading,r5_never,0.7121,0.7028,0.7212
floor_0.05+run5,both,G2-fading,r6_lag,-0.4215,-0.4310,-0.4122
floor_0.05+run5,both,G2-fading,r7_error_5,0.8760,0.8555,0.8974
floor_0.05+run5,both,G2-fading,r7_error_10,0.8033,0.7853,0.8222
floor_0.05+run5,both,G2-fading,r7_longest_wrong,1.7683,1.7417,1.7973
floor_0.05+run5,both,G2-fading,r7_hard_first,0.1358,0.1302,0.1415
floor_0.05+run5,both,G2-fading,r4b_chance_below_0.5,0.0721,0.0679,0.0765
floor_0.05+run5,both,G2-fading,r4b_chance_0.5_to_0.6,0.0984,0.0954,0.1013
floor_0.05+run5,both,G2-fading,r4b_chance_0.6_to_0.7,0.1802,0.1771,0.1833
floor_0.05+run5,both,G2-fading,r4b_chance_0.7_to_0.8,0.2743,0.2710,0.2777
floor_0.05+run5,both,G2-fading,r4b_chance_0.8_up,0.3750,0.3671,0.3831
floor_0.05+run5,both,G2-fading,r3_reachable,0.9603,0.9581,0.9624
floor_0.05+run5,both,G2-fading,r8_rank_6_20,3.4633,3.2417,3.6833
floor_0.05+run5,both,G2-fading,r8_topic_rank_6_20,17.1033,16.6350,17.5667
floor_0.05+run5,both,G2-fading,r8_rank_150_200,1.6431,1.5191,1.7652
floor_0.05+run5,both,G2-fading,r8_topic_rank_150_200,8.7025,8.5221,8.8735
floor_0.05+run5,both,G2-fading,r2_ece,0.0315,0.0301,0.0330
floor_0.05+run5,both,G2-fading,r4b_3,0.0000,0.0000,0.0000
floor_0.05+run5,both,G2-fading,r4b_5,0.0912,0.0862,0.0965
floor_0.05+run5,both,G2-fading,r4b_10,0.3297,0.3192,0.3409
floor_0.05+run5,both,G2-fading,r4b_20,0.7216,0.7024,0.7397
floor_0.05+run5,both,G2-fading,r4b_50,0.9857,0.9632,1.0000
floor_0.05+run5,both,G2-fading,r8_move_p95_6_20,73.0000,73.0000,73.0000
floor_0.05+run5,both,G2-fading,r8_move_p95_150_200,41.0000,41.0000,41.0000
floor_0.05+run5,both,G3-drop,r1_rms_5,0.9847,0.9673,1.0028
floor_0.05+run5,both,G3-drop,r1_mean_5,-0.0082,-0.0395,0.0243
floor_0.05+run5,both,G3-drop,r1_rms_10,0.9228,0.9074,0.9377
floor_0.05+run5,both,G3-drop,r1_mean_10,-0.0376,-0.0661,-0.0081
floor_0.05+run5,both,G3-drop,r1_rms_20,0.8265,0.8142,0.8390
floor_0.05+run5,both,G3-drop,r1_mean_20,-0.0542,-0.0778,-0.0290
floor_0.05+run5,both,G3-drop,r1_rms_50,0.6759,0.6678,0.6841
floor_0.05+run5,both,G3-drop,r1_mean_50,-0.0674,-0.0838,-0.0510
floor_0.05+run5,both,G3-drop,r1_rms_100,0.6986,0.6902,0.7077
floor_0.05+run5,both,G3-drop,r1_mean_100,0.2857,0.2691,0.3014
floor_0.05+run5,both,G3-drop,r1_rms_200,0.5605,0.5551,0.5659
floor_0.05+run5,both,G3-drop,r1_mean_200,0.2826,0.2740,0.2905
floor_0.05+run5,both,G3-drop,r2_brier,0.2004,0.1996,0.2013
floor_0.05+run5,both,G3-drop,r2_bias,0.0488,0.0473,0.0503
floor_0.05+run5,both,G3-drop,r3_inside,0.3865,0.3840,0.3890
floor_0.05+run5,both,G3-drop,r3_below_0.5,0.0860,0.0830,0.0888
floor_0.05+run5,both,G3-drop,r3_above_0.95,0.0211,0.0198,0.0223
floor_0.05+run5,both,G3-drop,r4_false,0.7910,0.7793,0.8019
floor_0.05+run5,both,G3-drop,r4_false_0.70,0.7061,0.6929,0.7179
floor_0.05+run5,both,G3-drop,r4_below,0.0000,0.0000,0.0000
floor_0.05+run5,both,G3-drop,r4_false_at_task,0.7910,0.7800,0.8018
floor_0.05+run5,both,G3-drop,r4_declared,2.2313,2.1760,2.2880
floor_0.05+run5,both,G3-drop,r5_late_answers,11.2844,11.0659,11.5156
floor_0.05+run5,both,G3-drop,r5_never,0.8347,0.8280,0.8412
floor_0.05+run5,both,G3-drop,r6_lag,0.3538,0.3459,0.3616
floor_0.05+run5,both,G3-drop,r6_jump_answers,45.7355,44.7077,46.8005
floor_0.05+run5,both,G3-drop,r6_jump_unsettled,0.2077,0.1955,0.2203
floor_0.05+run5,both,G3-drop,r7_error_5,0.8476,0.8269,0.8669
floor_0.05+run5,both,G3-drop,r7_error_10,0.7726,0.7529,0.7911
floor_0.05+run5,both,G3-drop,r7_longest_wrong,1.7875,1.7600,1.8160
floor_0.05+run5,both,G3-drop,r7_hard_first,0.1402,0.1343,0.1461
floor_0.05+run5,both,G3-drop,r4b_chance_below_0.5,0.1849,0.1771,0.1929
floor_0.05+run5,both,G3-drop,r4b_chance_0.5_to_0.6,0.1785,0.1757,0.1812
floor_0.05+run5,both,G3-drop,r4b_chance_0.6_to_0.7,0.2237,0.2207,0.2266
floor_0.05+run5,both,G3-drop,r4b_chance_0.7_to_0.8,0.2230,0.2193,0.2267
floor_0.05+run5,both,G3-drop,r4b_chance_0.8_up,0.1899,0.1842,0.1954
floor_0.05+run5,both,G3-drop,r3_reachable,0.8874,0.8817,0.8929
floor_0.05+run5,both,G3-drop,r8_rank_6_20,3.5233,3.3000,3.7583
floor_0.05+run5,both,G3-drop,r8_topic_rank_6_20,17.5633,17.0900,18.0233
floor_0.05+run5,both,G3-drop,r8_rank_150_200,1.8706,1.7529,1.9892
floor_0.05+run5,both,G3-drop,r8_topic_rank_150_200,10.3289,10.1471,10.5088
floor_0.05+run5,both,G3-drop,r2_ece,0.0491,0.0476,0.0507
floor_0.05+run5,both,G3-drop,r4b_3,0.0000,0.0000,0.0000
floor_0.05+run5,both,G3-drop,r4b_5,0.0737,0.0696,0.0780
floor_0.05+run5,both,G3-drop,r4b_10,0.2359,0.2278,0.2447
floor_0.05+run5,both,G3-drop,r4b_20,0.5101,0.4918,0.5284
floor_0.05+run5,both,G3-drop,r4b_50,0.8176,0.7360,0.9081
floor_0.05+run5,both,G3-drop,r8_move_p95_6_20,73.0000,73.0000,73.0000
floor_0.05+run5,both,G3-drop,r8_move_p95_150_200,43.0000,42.0000,43.0000
floor_0.05+run5,both,G0-start0.5,r1_rms_5,0.9677,0.9502,0.9853
floor_0.05+run5,both,G0-start0.5,r1_mean_5,-0.0270,-0.0592,0.0046
floor_0.05+run5,both,G0-start0.5,r1_rms_10,0.9051,0.8903,0.9206
floor_0.05+run5,both,G0-start0.5,r1_mean_10,-0.0443,-0.0722,-0.0171
floor_0.05+run5,both,G0-start0.5,r1_rms_20,0.8143,0.8019,0.8270
floor_0.05+run5,both,G0-start0.5,r1_mean_20,-0.0614,-0.0856,-0.0368
floor_0.05+run5,both,G0-start0.5,r1_rms_50,0.6651,0.6572,0.6733
floor_0.05+run5,both,G0-start0.5,r1_mean_50,-0.0850,-0.1020,-0.0683
floor_0.05+run5,both,G0-start0.5,r1_rms_100,0.5615,0.5561,0.5671
floor_0.05+run5,both,G0-start0.5,r1_mean_100,-0.0954,-0.1067,-0.0842
floor_0.05+run5,both,G0-start0.5,r1_rms_200,0.4776,0.4737,0.4814
floor_0.05+run5,both,G0-start0.5,r1_mean_200,-0.0878,-0.0952,-0.0802
floor_0.05+run5,both,G0-start0.5,r2_brier,0.1727,0.1719,0.1735
floor_0.05+run5,both,G0-start0.5,r2_bias,0.0037,0.0022,0.0052
floor_0.05+run5,both,G0-start0.5,r3_inside,0.4333,0.4308,0.4357
floor_0.05+run5,both,G0-start0.5,r3_below_0.5,0.0331,0.0316,0.0346
floor_0.05+run5,both,G0-start0.5,r3_above_0.95,0.0279,0.0265,0.0293
floor_0.05+run5,both,G0-start0.5,r4_false,0.7032,0.6916,0.7152
floor_0.05+run5,both,G0-start0.5,r4_false_0.70,0.5772,0.5649,0.5894
floor_0.05+run5,both,G0-start0.5,r4_below,0.0000,0.0000,0.0000
floor_0.05+run5,both,G0-start0.5,r4_false_at_task,0.7032,0.6924,0.7144
floor_0.05+run5,both,G0-start0.5,r4_declared,2.7228,2.6618,2.7862
floor_0.05+run5,both,G0-start0.5,r5_late_answers,11.4774,11.2719,11.6899
floor_0.05+run5,both,G0-start0.5,r5_never,0.7792,0.7714,0.7869
floor_0.05+run5,both,G0-start0.5,r6_lag,-0.1176,-0.1255,-0.1097
floor_0.05+run5,both,G0-start0.5,r7_error_5,0.8138,0.7942,0.8347
floor_0.05+run5,both,G0-start0.5,r7_error_10,0.7420,0.7246,0.7597
floor_0.05+run5,both,G0-start0.5,r7_longest_wrong,1.7232,1.6965,1.7510
floor_0.05+run5,both,G0-start0.5,r7_hard_first,0.1250,0.1198,0.1307
floor_0.05+run5,both,G0-start0.5,r4b_chance_below_0.5,0.0786,0.0753,0.0821
floor_0.05+run5,both,G0-start0.5,r4b_chance_0.5_to_0.6,0.1159,0.1132,0.1186
floor_0.05+run5,both,G0-start0.5,r4b_chance_0.6_to_0.7,0.2056,0.2028,0.2084
floor_0.05+run5,both,G0-start0.5,r4b_chance_0.7_to_0.8,0.2795,0.2768,0.2824
floor_0.05+run5,both,G0-start0.5,r4b_chance_0.8_up,0.3204,0.3139,0.3268
floor_0.05+run5,both,G0-start0.5,r3_reachable,0.9658,0.9638,0.9676
floor_0.05+run5,both,G0-start0.5,r8_rank_6_20,3.5433,3.3183,3.7600
floor_0.05+run5,both,G0-start0.5,r8_topic_rank_6_20,17.2350,16.7917,17.7083
floor_0.05+run5,both,G0-start0.5,r8_rank_150_200,1.7304,1.6025,1.8627
floor_0.05+run5,both,G0-start0.5,r8_topic_rank_150_200,9.3461,9.1735,9.5284
floor_0.05+run5,both,G0-start0.5,r2_ece,0.0045,0.0031,0.0059
floor_0.05+run5,both,G0-start0.5,r4b_3,0.0000,0.0000,0.0000
floor_0.05+run5,both,G0-start0.5,r4b_5,0.0819,0.0776,0.0865
floor_0.05+run5,both,G0-start0.5,r4b_10,0.3002,0.2908,0.3098
floor_0.05+run5,both,G0-start0.5,r4b_20,0.6790,0.6631,0.6945
floor_0.05+run5,both,G0-start0.5,r4b_50,1.0000,0.9748,1.0000
floor_0.05+run5,both,G0-start0.5,r8_move_p95_6_20,73.0000,73.0000,73.0000
floor_0.05+run5,both,G0-start0.5,r8_move_p95_150_200,42.0000,41.0000,42.0000
floor_0.05+run5,both,G0-start2,r1_rms_5,1.1021,1.0817,1.1242
floor_0.05+run5,both,G0-start2,r1_mean_5,-0.0280,-0.0650,0.0101
floor_0.05+run5,both,G0-start2,r1_rms_10,1.0235,1.0044,1.0433
floor_0.05+run5,both,G0-start2,r1_mean_10,-0.0537,-0.0882,-0.0190
floor_0.05+run5,both,G0-start2,r1_rms_20,0.9076,0.8920,0.9228
floor_0.05+run5,both,G0-start2,r1_mean_20,-0.0772,-0.1056,-0.0478
floor_0.05+run5,both,G0-start2,r1_rms_50,0.7281,0.7170,0.7394
floor_0.05+run5,both,G0-start2,r1_mean_50,-0.1062,-0.1264,-0.0856
floor_0.05+run5,both,G0-start2,r1_rms_100,0.5984,0.5906,0.6062
floor_0.05+run5,both,G0-start2,r1_mean_100,-0.1142,-0.1288,-0.1012
floor_0.05+run5,both,G0-start2,r1_rms_200,0.4961,0.4913,0.5009
floor_0.05+run5,both,G0-start2,r1_mean_200,-0.0898,-0.0981,-0.0809
floor_0.05+run5,both,G0-start2,r2_brier,0.1764,0.1752,0.1776
floor_0.05+run5,both,G0-start2,r2_bias,0.0025,0.0008,0.0042
floor_0.05+run5,both,G0-start2,r3_inside,0.3974,0.3935,0.4013
floor_0.05+run5,both,G0-start2,r3_below_0.5,0.0718,0.0667,0.0769
floor_0.05+run5,both,G0-start2,r3_above_0.95,0.0406,0.0380,0.0431
floor_0.05+run5,both,G0-start2,r4_false,0.6531,0.6399,0.6655
floor_0.05+run5,both,G0-start2,r4_false_0.70,0.5547,0.5413,0.5682
floor_0.05+run5,both,G0-start2,r4_below,0.0000,0.0000,0.0000
floor_0.05+run5,both,G0-start2,r4_false_at_task,0.6531,0.6406,0.6656
floor_0.05+run5,both,G0-start2,r4_declared,2.9223,2.8585,2.9885
floor_0.05+run5,both,G0-start2,r5_late_answers,11.7207,11.5276,11.9209
floor_0.05+run5,both,G0-start2,r5_never,0.7592,0.7502,0.7680
floor_0.05+run5,both,G0-start2,r6_lag,-0.1235,-0.1335,-0.1137
floor_0.05+run5,both,G0-start2,r7_error_5,0.9629,0.9401,0.9871
floor_0.05+run5,both,G0-start2,r7_error_10,0.8798,0.8574,0.9023
floor_0.05+run5,both,G0-start2,r7_longest_wrong,1.8787,1.8440,1.9132
floor_0.05+run5,both,G0-start2,r7_hard_first,0.1829,0.1748,0.1911
floor_0.05+run5,both,G0-start2,r4b_chance_below_0.5,0.2141,0.1998,0.2288
floor_0.05+run5,both,G0-start2,r4b_chance_0.5_to_0.6,0.1426,0.1387,0.1464
floor_0.05+run5,both,G0-start2,r4b_chance_0.6_to_0.7,0.1972,0.1929,0.2017
floor_0.05+run5,both,G0-start2,r4b_chance_0.7_to_0.8,0.2271,0.2208,0.2332
floor_0.05+run5,both,G0-start2,r4b_chance_0.8_up,0.2190,0.2112,0.2271
floor_0.05+run5,both,G0-start2,r3_reachable,0.8780,0.8696,0.8856
floor_0.05+run5,both,G0-start2,r8_rank_6_20,3.7867,3.5700,4.0183
floor_0.05+run5,both,G0-start2,r8_topic_rank_6_20,17.6467,17.1950,18.1367
floor_0.05+run5,both,G0-start2,r8_rank_150_200,1.6309,1.5123,1.7608
floor_0.05+run5,both,G0-start2,r8_topic_rank_150_200,8.7088,8.5294,8.8936
floor_0.05+run5,both,G0-start2,r2_ece,0.0036,0.0022,0.0054
floor_0.05+run5,both,G0-start2,r4b_3,0.0000,0.0000,0.0000
floor_0.05+run5,both,G0-start2,r4b_5,0.0670,0.0628,0.0712
floor_0.05+run5,both,G0-start2,r4b_10,0.2585,0.2498,0.2675
floor_0.05+run5,both,G0-start2,r4b_20,0.5197,0.5027,0.5375
floor_0.05+run5,both,G0-start2,r4b_50,0.7739,0.7299,0.8164
floor_0.05+run5,both,G0-start2,r8_move_p95_6_20,73.0000,73.0000,73.0000
floor_0.05+run5,both,G0-start2,r8_move_p95_150_200,41.0000,41.0000,41.0000
floor_0.05+run5,both,G0-topics0.3,r1_rms_5,0.9134,0.8940,0.9314
floor_0.05+run5,both,G0-topics0.3,r1_mean_5,0.0045,-0.0305,0.0373
floor_0.05+run5,both,G0-topics0.3,r1_rms_10,0.8381,0.8204,0.8548
floor_0.05+run5,both,G0-topics0.3,r1_mean_10,-0.0161,-0.0456,0.0129
floor_0.05+run5,both,G0-topics0.3,r1_rms_20,0.7365,0.7232,0.7503
floor_0.05+run5,both,G0-topics0.3,r1_mean_20,-0.0349,-0.0584,-0.0108
floor_0.05+run5,both,G0-topics0.3,r1_rms_50,0.5884,0.5798,0.5973
floor_0.05+run5,both,G0-topics0.3,r1_mean_50,-0.0604,-0.0784,-0.0445
floor_0.05+run5,both,G0-topics0.3,r1_rms_100,0.4976,0.4922,0.5031
floor_0.05+run5,both,G0-topics0.3,r1_mean_100,-0.0689,-0.0806,-0.0574
floor_0.05+run5,both,G0-topics0.3,r1_rms_200,0.4308,0.4272,0.4346
floor_0.05+run5,both,G0-topics0.3,r1_mean_200,-0.0640,-0.0711,-0.0562
floor_0.05+run5,both,G0-topics0.3,r2_brier,0.1745,0.1736,0.1754
floor_0.05+run5,both,G0-topics0.3,r2_bias,0.0038,0.0023,0.0053
floor_0.05+run5,both,G0-topics0.3,r3_inside,0.4506,0.4477,0.4536
floor_0.05+run5,both,G0-topics0.3,r3_below_0.5,0.0320,0.0302,0.0338
floor_0.05+run5,both,G0-topics0.3,r3_above_0.95,0.0221,0.0208,0.0235
floor_0.05+run5,both,G0-topics0.3,r4_false,0.6869,0.6749,0.6990
floor_0.05+run5,both,G0-topics0.3,r4_false_0.70,0.5794,0.5655,0.5928
floor_0.05+run5,both,G0-topics0.3,r4_below,0.0000,0.0000,0.0000
floor_0.05+run5,both,G0-topics0.3,r4_false_at_task,0.6869,0.6743,0.6985
floor_0.05+run5,both,G0-topics0.3,r4_declared,2.8015,2.7363,2.8672
floor_0.05+run5,both,G0-topics0.3,r5_late_answers,12.1145,11.9018,12.3342
floor_0.05+run5,both,G0-topics0.3,r5_never,0.7791,0.7713,0.7877
floor_0.05+run5,both,G0-topics0.3,r6_lag,-0.0989,-0.1076,-0.0908
floor_0.05+run5,both,G0-topics0.3,r7_error_5,0.8451,0.8238,0.8656
floor_0.05+run5,both,G0-topics0.3,r7_error_10,0.7715,0.7528,0.7910
floor_0.05+run5,both,G0-topics0.3,r7_longest_wrong,1.7475,1.7200,1.7745
floor_0.05+run5,both,G0-topics0.3,r7_hard_first,0.1278,0.1221,0.1337
floor_0.05+run5,both,G0-topics0.3,r4b_chance_below_0.5,0.0815,0.0767,0.0866
floor_0.05+run5,both,G0-topics0.3,r4b_chance_0.5_to_0.6,0.1264,0.1229,0.1300
floor_0.05+run5,both,G0-topics0.3,r4b_chance_0.6_to_0.7,0.2201,0.2167,0.2234
floor_0.05+run5,both,G0-topics0.3,r4b_chance_0.7_to_0.8,0.2884,0.2844,0.2922
floor_0.05+run5,both,G0-topics0.3,r4b_chance_0.8_up,0.2835,0.2765,0.2910
floor_0.05+run5,both,G0-topics0.3,r3_reachable,0.9471,0.9427,0.9510
floor_0.05+run5,both,G0-topics0.3,r8_rank_6_20,3.6583,3.4417,3.8817
floor_0.05+run5,both,G0-topics0.3,r8_topic_rank_6_20,17.4817,17.0150,17.9867
floor_0.05+run5,both,G0-topics0.3,r8_rank_150_200,1.7211,1.5912,1.8539
floor_0.05+run5,both,G0-topics0.3,r8_topic_rank_150_200,9.2613,9.0789,9.4299
floor_0.05+run5,both,G0-topics0.3,r2_ece,0.0058,0.0043,0.0073
floor_0.05+run5,both,G0-topics0.3,r4b_3,0.0000,0.0000,0.0000
floor_0.05+run5,both,G0-topics0.3,r4b_5,0.0792,0.0745,0.0838
floor_0.05+run5,both,G0-topics0.3,r4b_10,0.3008,0.2916,0.3102
floor_0.05+run5,both,G0-topics0.3,r4b_20,0.6499,0.6319,0.6674
floor_0.05+run5,both,G0-topics0.3,r4b_50,0.9603,0.9320,0.9847
floor_0.05+run5,both,G0-topics0.3,r8_move_p95_6_20,73.0000,73.0000,73.0000
floor_0.05+run5,both,G0-topics0.3,r8_move_p95_150_200,42.0000,42.0000,42.0000
floor_0.05+run5,both,G0-topics1,r1_rms_5,1.3130,1.2949,1.3304
floor_0.05+run5,both,G0-topics1,r1_mean_5,-0.0428,-0.0789,-0.0081
floor_0.05+run5,both,G0-topics1,r1_rms_10,1.2678,1.2533,1.2820
floor_0.05+run5,both,G0-topics1,r1_mean_10,-0.0832,-0.1135,-0.0523
floor_0.05+run5,both,G0-topics1,r1_rms_20,1.1800,1.1679,1.1919
floor_0.05+run5,both,G0-topics1,r1_mean_20,-0.1370,-0.1624,-0.1099
floor_0.05+run5,both,G0-topics1,r1_rms_50,1.0009,0.9915,1.0100
floor_0.05+run5,both,G0-topics1,r1_mean_50,-0.1905,-0.2094,-0.1720
floor_0.05+run5,both,G0-topics1,r1_rms_100,0.8433,0.8357,0.8506
floor_0.05+run5,both,G0-topics1,r1_mean_100,-0.2027,-0.2155,-0.1911
floor_0.05+run5,both,G0-topics1,r1_rms_200,0.7135,0.7073,0.7196
floor_0.05+run5,both,G0-topics1,r1_mean_200,-0.1909,-0.2004,-0.1813
floor_0.05+run5,both,G0-topics1,r2_brier,0.1759,0.1751,0.1767
floor_0.05+run5,both,G0-topics1,r2_bias,0.0074,0.0059,0.0089
floor_0.05+run5,both,G0-topics1,r3_inside,0.3656,0.3634,0.3678
floor_0.05+run5,both,G0-topics1,r3_below_0.5,0.0631,0.0609,0.0655
floor_0.05+run5,both,G0-topics1,r3_above_0.95,0.0659,0.0637,0.0680
floor_0.05+run5,both,G0-topics1,r4_false,0.5760,0.5652,0.5876
floor_0.05+run5,both,G0-topics1,r4_false_0.70,0.4716,0.4602,0.4823
floor_0.05+run5,both,G0-topics1,r4_below,0.0000,0.0000,0.0000
floor_0.05+run5,both,G0-topics1,r4_false_at_task,0.5760,0.5649,0.5873
floor_0.05+run5,both,G0-topics1,r4_declared,3.2710,3.2070,3.3345
floor_0.05+run5,both,G0-topics1,r5_late_answers,11.1468,10.9790,11.3165
floor_0.05+run5,both,G0-topics1,r5_never,0.7069,0.6980,0.7154
floor_0.05+run5,both,G0-topics1,r6_lag,-0.1543,-0.1629,-0.1455
floor_0.05+run5,both,G0-topics1,r7_error_5,0.9043,0.8824,0.9243
floor_0.05+run5,both,G0-topics1,r7_error_10,0.8325,0.8135,0.8518
floor_0.05+run5,both,G0-topics1,r7_longest_wrong,1.9347,1.9025,1.9690
floor_0.05+run5,both,G0-topics1,r7_hard_first,0.1922,0.1863,0.1982
floor_0.05+run5,both,G0-topics1,r4b_chance_below_0.5,0.1567,0.1508,0.1627
floor_0.05+run5,both,G0-topics1,r4b_chance_0.5_to_0.6,0.1459,0.1435,0.1485
floor_0.05+run5,both,G0-topics1,r4b_chance_0.6_to_0.7,0.2028,0.2002,0.2053
floor_0.05+run5,both,G0-topics1,r4b_chance_0.7_to_0.8,0.2379,0.2346,0.2413
floor_0.05+run5,both,G0-topics1,r4b_chance_0.8_up,0.2567,0.2510,0.2619
floor_0.05+run5,both,G0-topics1,r3_reachable,0.9270,0.9234,0.9306
floor_0.05+run5,both,G0-topics1,r8_rank_6_20,3.9117,3.6883,4.1583
floor_0.05+run5,both,G0-topics1,r8_topic_rank_6_20,18.6817,18.2050,19.1800
floor_0.05+run5,both,G0-topics1,r8_rank_150_200,1.7299,1.6015,1.8593
floor_0.05+run5,both,G0-topics1,r8_topic_rank_150_200,8.8402,8.6642,9.0191
floor_0.05+run5,both,G0-topics1,r2_ece,0.0089,0.0075,0.0104
floor_0.05+run5,both,G0-topics1,r4b_3,0.0000,0.0000,0.0000
floor_0.05+run5,both,G0-topics1,r4b_5,0.0826,0.0778,0.0872
floor_0.05+run5,both,G0-topics1,r4b_10,0.2684,0.2600,0.2772
floor_0.05+run5,both,G0-topics1,r4b_20,0.6137,0.5972,0.6310
floor_0.05+run5,both,G0-topics1,r4b_50,0.9417,0.9101,0.9720
floor_0.05+run5,both,G0-topics1,r8_move_p95_6_20,73.0000,73.0000,73.0000
floor_0.05+run5,both,G0-topics1,r8_move_p95_150_200,41.0000,41.0000,41.0000
floor_0.05+cautious_z1,both,G0,r1_rms_5,1.0045,0.9860,1.0225
floor_0.05+cautious_z1,both,G0,r1_mean_5,-0.0146,-0.0466,0.0184
floor_0.05+cautious_z1,both,G0,r1_rms_10,0.9401,0.9241,0.9552
floor_0.05+cautious_z1,both,G0,r1_mean_10,-0.0412,-0.0700,-0.0124
floor_0.05+cautious_z1,both,G0,r1_rms_20,0.8413,0.8292,0.8542
floor_0.05+cautious_z1,both,G0,r1_mean_20,-0.0683,-0.0921,-0.0427
floor_0.05+cautious_z1,both,G0,r1_rms_50,0.6803,0.6718,0.6890
floor_0.05+cautious_z1,both,G0,r1_mean_50,-0.0928,-0.1099,-0.0754
floor_0.05+cautious_z1,both,G0,r1_rms_100,0.5691,0.5635,0.5749
floor_0.05+cautious_z1,both,G0,r1_mean_100,-0.1095,-0.1212,-0.0974
floor_0.05+cautious_z1,both,G0,r1_rms_200,0.4880,0.4836,0.4921
floor_0.05+cautious_z1,both,G0,r1_mean_200,-0.1001,-0.1087,-0.0921
floor_0.05+cautious_z1,both,G0,r2_brier,0.1743,0.1734,0.1752
floor_0.05+cautious_z1,both,G0,r2_bias,0.0046,0.0030,0.0061
floor_0.05+cautious_z1,both,G0,r3_inside,0.4301,0.4275,0.4331
floor_0.05+cautious_z1,both,G0,r3_below_0.5,0.0375,0.0356,0.0396
floor_0.05+cautious_z1,both,G0,r3_above_0.95,0.0299,0.0284,0.0313
floor_0.05+cautious_z1,both,G0,r4_false,0.0370,0.0342,0.0400
floor_0.05+cautious_z1,both,G0,r4_false_0.70,0.0082,0.0071,0.0095
floor_0.05+cautious_z1,both,G0,r4_below,0.5504,0.5411,0.5596
floor_0.05+cautious_z1,both,G0,r4_false_at_task,0.0326,0.0283,0.0371
floor_0.05+cautious_z1,both,G0,r4_declared,8.2528,8.0612,8.4450
floor_0.05+cautious_z1,both,G0,r5_late_answers,4.6367,4.5502,4.7276
floor_0.05+cautious_z1,both,G0,r5_never,0.1937,0.1864,0.2015
floor_0.05+cautious_z1,both,G0,r6_lag,-0.1077,-0.1155,-0.0996
floor_0.05+cautious_z1,both,G0,r7_error_5,0.8588,0.8389,0.8796
floor_0.05+cautious_z1,both,G0,r7_error_10,0.7851,0.7661,0.8038
floor_0.05+cautious_z1,both,G0,r7_longest_wrong,1.7765,1.7490,1.8055
floor_0.05+cautious_z1,both,G0,r7_hard_first,0.1375,0.1315,0.1435
floor_0.05+cautious_z1,both,G0,r4b_chance_below_0.5,0.0857,0.0806,0.0911
floor_0.05+cautious_z1,both,G0,r4b_chance_0.5_to_0.6,0.1224,0.1193,0.1256
floor_0.05+cautious_z1,both,G0,r4b_chance_0.6_to_0.7,0.2145,0.2116,0.2174
floor_0.05+cautious_z1,both,G0,r4b_chance_0.7_to_0.8,0.2877,0.2841,0.2912
floor_0.05+cautious_z1,both,G0,r4b_chance_0.8_up,0.2897,0.2832,0.2963
floor_0.05+cautious_z1,both,G0,r3_reachable,0.9374,0.9331,0.9415
floor_0.05+cautious_z1,both,G0,r8_rank_6_20,3.6667,3.4417,3.8883
floor_0.05+cautious_z1,both,G0,r8_topic_rank_6_20,18.1283,17.6767,18.6283
floor_0.05+cautious_z1,both,G0,r8_rank_150_200,1.6809,1.5529,1.8088
floor_0.05+cautious_z1,both,G0,r8_topic_rank_150_200,9.0088,8.8123,9.2167
floor_0.05+cautious_z1,both,G0,r2_ece,0.0063,0.0048,0.0078
floor_0.05+cautious_z1,both,G0,r4b_3,0.1594,0.1528,0.1661
floor_0.05+cautious_z1,both,G0,r4b_5,0.1897,0.1823,0.1975
floor_0.05+cautious_z1,both,G0,r4b_10,0.2037,0.1961,0.2120
floor_0.05+cautious_z1,both,G0,r4b_20,0.2130,0.2045,0.2217
floor_0.05+cautious_z1,both,G0,r4b_50,0.2225,0.2116,0.2338
floor_0.05+cautious_z1,both,G0,r8_move_p95_6_20,73.0000,73.0000,73.0000
floor_0.05+cautious_z1,both,G0,r8_move_p95_150_200,41.0000,40.0000,41.0000
floor_0.05+cautious_z1,both,G1,r1_rms_5,1.0765,1.0550,1.0987
floor_0.05+cautious_z1,both,G1,r1_mean_5,-0.0322,-0.0716,0.0070
floor_0.05+cautious_z1,both,G1,r1_rms_10,1.0084,0.9883,1.0283
floor_0.05+cautious_z1,both,G1,r1_mean_10,-0.0654,-0.1007,-0.0318
floor_0.05+cautious_z1,both,G1,r1_rms_20,0.9027,0.8862,0.9191
floor_0.05+cautious_z1,both,G1,r1_mean_20,-0.0905,-0.1187,-0.0622
floor_0.05+cautious_z1,both,G1,r1_rms_50,0.7264,0.7157,0.7375
floor_0.05+cautious_z1,both,G1,r1_mean_50,-0.1167,-0.1369,-0.0977
floor_0.05+cautious_z1,both,G1,r1_rms_100,0.6010,0.5935,0.6084
floor_0.05+cautious_z1,both,G1,r1_mean_100,-0.1115,-0.1248,-0.0980
floor_0.05+cautious_z1,both,G1,r1_rms_200,0.5023,0.4976,0.5067
floor_0.05+cautious_z1,both,G1,r1_mean_200,-0.0884,-0.0971,-0.0795
floor_0.05+cautious_z1,both,G1,r2_brier,0.1813,0.1799,0.1827
floor_0.05+cautious_z1,both,G1,r2_bias,0.0012,-0.0005,0.0030
floor_0.05+cautious_z1,both,G1,r3_inside,0.3551,0.3501,0.3599
floor_0.05+cautious_z1,both,G1,r3_below_0.5,0.1112,0.1055,0.1173
floor_0.05+cautious_z1,both,G1,r3_above_0.95,0.0437,0.0413,0.0463
floor_0.05+cautious_z1,both,G1,r4_false,0.0057,0.0045,0.0070
floor_0.05+cautious_z1,both,G1,r4_false_0.70,0.0029,0.0020,0.0038
floor_0.05+cautious_z1,both,G1,r4_below,0.3631,0.3509,0.3744
floor_0.05+cautious_z1,both,G1,r4_false_at_task,0.0017,0.0010,0.0025
floor_0.05+cautious_z1,both,G1,r4_declared,9.1405,8.8985,9.3857
floor_0.05+cautious_z1,both,G1,r5_late_answers,4.4598,4.3952,4.5257
floor_0.05+cautious_z1,both,G1,r5_never,0.0340,0.0314,0.0367
floor_0.05+cautious_z1,both,G1,r6_lag,-0.1183,-0.1278,-0.1093
floor_0.05+cautious_z1,both,G1,r7_error_5,0.9118,0.8867,0.9379
floor_0.05+cautious_z1,both,G1,r7_error_10,0.8382,0.8162,0.8615
floor_0.05+cautious_z1,both,G1,r7_longest_wrong,2.0230,1.9825,2.0640
floor_0.05+cautious_z1,both,G1,r7_hard_first,0.2241,0.2158,0.2329
floor_0.05+cautious_z1,both,G1,r4b_chance_below_0.5,0.2842,0.2736,0.2946
floor_0.05+cautious_z1,both,G1,r4b_chance_0.5_to_0.6,0.1796,0.1755,0.1837
floor_0.05+cautious_z1,both,G1,r4b_chance_0.6_to_0.7,0.1760,0.1733,0.1787
floor_0.05+cautious_z1,both,G1,r4b_chance_0.7_to_0.8,0.1774,0.1722,0.1827
floor_0.05+cautious_z1,both,G1,r4b_chance_0.8_up,0.1828,0.1749,0.1908
floor_0.05+cautious_z1,both,G1,r3_reachable,0.8070,0.7963,0.8181
floor_0.05+cautious_z1,both,G1,r8_rank_6_20,3.9400,3.7100,4.1767
floor_0.05+cautious_z1,both,G1,r8_topic_rank_6_20,17.8850,17.3667,18.3933
floor_0.05+cautious_z1,both,G1,r8_rank_150_200,1.4794,1.3559,1.6059
floor_0.05+cautious_z1,both,G1,r8_topic_rank_150_200,7.2294,7.0098,7.4431
floor_0.05+cautious_z1,both,G1,r2_ece,0.0075,0.0066,0.0094
floor_0.05+cautious_z1,both,G1,r4b_3,0.0929,0.0870,0.0988
floor_0.05+cautious_z1,both,G1,r4b_5,0.1065,0.0998,0.1137
floor_0.05+cautious_z1,both,G1,r4b_10,0.1083,0.1018,0.1148
floor_0.05+cautious_z1,both,G1,r4b_20,0.1094,0.1024,0.1160
floor_0.05+cautious_z1,both,G1,r4b_50,0.1118,0.1044,0.1192
floor_0.05+cautious_z1,both,G1,r8_move_p95_6_20,72.0000,72.0000,73.0000
floor_0.05+cautious_z1,both,G1,r8_move_p95_150_200,41.0000,41.0000,41.0000
floor_0.05+cautious_z1,both,G2,r1_rms_5,0.9947,0.9766,1.0134
floor_0.05+cautious_z1,both,G2,r1_mean_5,-0.0657,-0.0984,-0.0334
floor_0.05+cautious_z1,both,G2,r1_rms_10,0.9357,0.9193,0.9521
floor_0.05+cautious_z1,both,G2,r1_mean_10,-0.1370,-0.1650,-0.1087
floor_0.05+cautious_z1,both,G2,r1_rms_20,0.8604,0.8474,0.8739
floor_0.05+cautious_z1,both,G2,r1_mean_20,-0.2455,-0.2702,-0.2211
floor_0.05+cautious_z1,both,G2,r1_rms_50,0.8096,0.7982,0.8206
floor_0.05+cautious_z1,both,G2,r1_mean_50,-0.4894,-0.5072,-0.4724
floor_0.05+cautious_z1,both,G2,r1_rms_100,0.9363,0.9258,0.9474
floor_0.05+cautious_z1,both,G2,r1_mean_100,-0.7834,-0.7958,-0.7706
floor_0.05+cautious_z1,both,G2,r1_rms_200,1.1971,1.1881,1.2054
floor_0.05+cautious_z1,both,G2,r1_mean_200,-1.1107,-1.1196,-1.1018
floor_0.05+cautious_z1,both,G2,r2_brier,0.1319,0.1312,0.1326
floor_0.05+cautious_z1,both,G2,r2_bias,-0.0717,-0.0730,-0.0704
floor_0.05+cautious_z1,both,G2,r3_inside,0.2784,0.2755,0.2816
floor_0.05+cautious_z1,both,G2,r3_below_0.5,0.0171,0.0162,0.0180
floor_0.05+cautious_z1,both,G2,r3_above_0.95,0.1353,0.1317,0.1390
floor_0.05+cautious_z1,both,G2,r4_false,0.0065,0.0056,0.0075
floor_0.05+cautious_z1,both,G2,r4_false_0.70,0.0009,0.0006,0.0013
floor_0.05+cautious_z1,both,G2,r4_below,0.5686,0.5578,0.5788
floor_0.05+cautious_z1,both,G2,r4_false_at_task,0.0067,0.0053,0.0082
floor_0.05+cautious_z1,both,G2,r4_declared,10.8498,10.6222,11.0735
floor_0.05+cautious_z1,both,G2,r5_late_answers,6.5196,6.4312,6.6071
floor_0.05+cautious_z1,both,G2,r5_never,0.3897,0.3823,0.3972
floor_0.05+cautious_z1,both,G2,r6_lag,-0.9923,-1.0024,-0.9820
floor_0.05+cautious_z1,both,G2,r7_error_5,0.8438,0.8224,0.8644
floor_0.05+cautious_z1,both,G2,r7_error_10,0.7739,0.7541,0.7928
floor_0.05+cautious_z1,both,G2,r7_longest_wrong,1.7315,1.7038,1.7585
floor_0.05+cautious_z1,both,G2,r7_hard_first,0.1324,0.1269,0.1378
floor_0.05+cautious_z1,both,G2,r4b_chance_below_0.5,0.0613,0.0581,0.0645
floor_0.05+cautious_z1,both,G2,r4b_chance_0.5_to_0.6,0.0714,0.0692,0.0737
floor_0.05+cautious_z1,both,G2,r4b_chance_0.6_to_0.7,0.1334,0.1305,0.1364
floor_0.05+cautious_z1,both,G2,r4b_chance_0.7_to_0.8,0.2332,0.2302,0.2364
floor_0.05+cautious_z1,both,G2,r4b_chance_0.8_up,0.5007,0.4933,0.5083
floor_0.05+cautious_z1,both,G2,r3_reachable,0.9603,0.9583,0.9622
floor_0.05+cautious_z1,both,G2,r8_rank_6_20,3.5583,3.3350,3.7850
floor_0.05+cautious_z1,both,G2,r8_topic_rank_6_20,17.3767,16.9083,17.8467
floor_0.05+cautious_z1,both,G2,r8_rank_150_200,1.4819,1.3926,1.5745
floor_0.05+cautious_z1,both,G2,r8_topic_rank_150_200,8.9941,8.7765,9.2054
floor_0.05+cautious_z1,both,G2,r2_ece,0.0717,0.0704,0.0731
floor_0.05+cautious_z1,both,G2,r4b_3,0.1336,0.1276,0.1398
floor_0.05+cautious_z1,both,G2,r4b_5,0.1682,0.1610,0.1753
floor_0.05+cautious_z1,both,G2,r4b_10,0.2202,0.2104,0.2310
floor_0.05+cautious_z1,both,G2,r4b_20,0.2513,0.2369,0.2665
floor_0.05+cautious_z1,both,G2,r4b_50,0.2722,0.2446,0.3130
floor_0.05+cautious_z1,both,G2,r8_move_p95_6_20,73.0000,73.0000,73.0000
floor_0.05+cautious_z1,both,G2,r8_move_p95_150_200,39.0000,39.0000,39.0000
floor_0.05+cautious_z1,both,G3,r1_rms_5,1.0008,0.9825,1.0192
floor_0.05+cautious_z1,both,G3,r1_mean_5,-0.0156,-0.0479,0.0184
floor_0.05+cautious_z1,both,G3,r1_rms_10,0.9323,0.9171,0.9486
floor_0.05+cautious_z1,both,G3,r1_mean_10,-0.0441,-0.0746,-0.0145
floor_0.05+cautious_z1,both,G3,r1_rms_20,0.8337,0.8217,0.8462
floor_0.05+cautious_z1,both,G3,r1_mean_20,-0.0620,-0.0861,-0.0376
floor_0.05+cautious_z1,both,G3,r1_rms_50,0.6805,0.6716,0.6890
floor_0.05+cautious_z1,both,G3,r1_mean_50,-0.1021,-0.1193,-0.0841
floor_0.05+cautious_z1,both,G3,r1_rms_100,0.8046,0.7925,0.8158
floor_0.05+cautious_z1,both,G3,r1_mean_100,-0.5068,-0.5250,-0.4888
floor_0.05+cautious_z1,both,G3,r1_rms_200,0.7266,0.7195,0.7337
floor_0.05+cautious_z1,both,G3,r1_mean_200,-0.5537,-0.5625,-0.5444
floor_0.05+cautious_z1,both,G3,r2_brier,0.1530,0.1522,0.1539
floor_0.05+cautious_z1,both,G3,r2_bias,-0.0343,-0.0358,-0.0329
floor_0.05+cautious_z1,both,G3,r3_inside,0.3529,0.3501,0.3557
floor_0.05+cautious_z1,both,G3,r3_below_0.5,0.0288,0.0274,0.0303
floor_0.05+cautious_z1,both,G3,r3_above_0.95,0.0756,0.0732,0.0781
floor_0.05+cautious_z1,both,G3,r4_false,0.0209,0.0191,0.0230
floor_0.05+cautious_z1,both,G3,r4_false_0.70,0.0045,0.0037,0.0054
floor_0.05+cautious_z1,both,G3,r4_below,0.5684,0.5575,0.5793
floor_0.05+cautious_z1,both,G3,r4_false_at_task,0.0183,0.0157,0.0211
floor_0.05+cautious_z1,both,G3,r4_declared,9.3695,9.1610,9.5825
floor_0.05+cautious_z1,both,G3,r5_late_answers,5.7400,5.6440,5.8347
floor_0.05+cautious_z1,both,G3,r5_never,0.3350,0.3272,0.3428
floor_0.05+cautious_z1,both,G3,r6_lag,-0.6348,-0.6438,-0.6260
floor_0.05+cautious_z1,both,G3,r6_jump_answers,73.6372,72.4608,74.7892
floor_0.05+cautious_z1,both,G3,r6_jump_unsettled,0.5860,0.5700,0.6020
floor_0.05+cautious_z1,both,G3,r7_error_5,0.8538,0.8346,0.8738
floor_0.05+cautious_z1,both,G3,r7_error_10,0.7807,0.7623,0.7993
floor_0.05+cautious_z1,both,G3,r7_longest_wrong,1.7730,1.7460,1.8022
floor_0.05+cautious_z1,both,G3,r7_hard_first,0.1377,0.1321,0.1438
floor_0.05+cautious_z1,both,G3,r4b_chance_below_0.5,0.0789,0.0747,0.0835
floor_0.05+cautious_z1,both,G3,r4b_chance_0.5_to_0.6,0.0982,0.0954,0.1009
floor_0.05+cautious_z1,both,G3,r4b_chance_0.6_to_0.7,0.1711,0.1682,0.1739
floor_0.05+cautious_z1,both,G3,r4b_chance_0.7_to_0.8,0.2552,0.2521,0.2583
floor_0.05+cautious_z1,both,G3,r4b_chance_0.8_up,0.3966,0.3894,0.4038
floor_0.05+cautious_z1,both,G3,r3_reachable,0.9506,0.9475,0.9535
floor_0.05+cautious_z1,both,G3,r8_rank_6_20,3.5583,3.3333,3.7833
floor_0.05+cautious_z1,both,G3,r8_topic_rank_6_20,17.3650,16.8933,17.8167
floor_0.05+cautious_z1,both,G3,r8_rank_150_200,1.5936,1.4814,1.7098
floor_0.05+cautious_z1,both,G3,r8_topic_rank_150_200,8.7647,8.5588,8.9745
floor_0.05+cautious_z1,both,G3,r2_ece,0.0343,0.0329,0.0358
floor_0.05+cautious_z1,both,G3,r4b_3,0.1485,0.1425,0.1545
floor_0.05+cautious_z1,both,G3,r4b_5,0.1877,0.1805,0.1951
floor_0.05+cautious_z1,both,G3,r4b_10,0.2213,0.2127,0.2305
floor_0.05+cautious_z1,both,G3,r4b_20,0.2478,0.2373,0.2585
floor_0.05+cautious_z1,both,G3,r4b_50,0.2648,0.2499,0.2829
floor_0.05+cautious_z1,both,G3,r8_move_p95_6_20,73.0000,73.0000,73.0000
floor_0.05+cautious_z1,both,G3,r8_move_p95_150_200,40.0000,40.0000,40.0000
floor_0.05+cautious_z1,both,G4,r1_rms_5,1.0200,1.0021,1.0391
floor_0.05+cautious_z1,both,G4,r1_mean_5,-0.2311,-0.2634,-0.1981
floor_0.05+cautious_z1,both,G4,r1_rms_10,0.9621,0.9459,0.9788
floor_0.05+cautious_z1,both,G4,r1_mean_10,-0.2855,-0.3155,-0.2557
floor_0.05+cautious_z1,both,G4,r1_rms_20,0.8818,0.8677,0.8958
floor_0.05+cautious_z1,both,G4,r1_mean_20,-0.3354,-0.3588,-0.3109
floor_0.05+cautious_z1,both,G4,r1_rms_50,0.7608,0.7507,0.7708
floor_0.05+cautious_z1,both,G4,r1_mean_50,-0.4072,-0.4250,-0.3905
floor_0.05+cautious_z1,both,G4,r1_rms_100,0.7008,0.6930,0.7083
floor_0.05+cautious_z1,both,G4,r1_mean_100,-0.4577,-0.4689,-0.4463
floor_0.05+cautious_z1,both,G4,r1_rms_200,0.6679,0.6620,0.6737
floor_0.05+cautious_z1,both,G4,r1_mean_200,-0.4856,-0.4933,-0.4779
floor_0.05+cautious_z1,both,G4,r2_brier,0.1803,0.1793,0.1812
floor_0.05+cautious_z1,both,G4,r2_bias,0.0137,0.0122,0.0152
floor_0.05+cautious_z1,both,G4,r3_inside,0.3903,0.3881,0.3925
floor_0.05+cautious_z1,both,G4,r3_below_0.5,0.0590,0.0564,0.0616
floor_0.05+cautious_z1,both,G4,r3_above_0.95,0.0355,0.0341,0.0370
floor_0.05+cautious_z1,both,G4,r4_false,0.0118,0.0104,0.0134
floor_0.05+cautious_z1,both,G4,r4_false_0.70,0.0023,0.0017,0.0029
floor_0.05+cautious_z1,both,G4,r4_below,0.5733,0.5638,0.5826
floor_0.05+cautious_z1,both,G4,r4_false_at_task,0.0097,0.0078,0.0118
floor_0.05+cautious_z1,both,G4,r4_declared,7.4700,7.2760,7.6575
floor_0.05+cautious_z1,both,G4,r5_late_answers,4.5876,4.4970,4.6847
floor_0.05+cautious_z1,both,G4,r5_never,0.3024,0.2939,0.3107
floor_0.05+cautious_z1,both,G4,r6_lag,-0.4764,-0.4844,-0.4681
floor_0.05+cautious_z1,both,G4,r7_error_5,0.8787,0.8578,0.8999
floor_0.05+cautious_z1,both,G4,r7_error_10,0.8084,0.7895,0.8277
floor_0.05+cautious_z1,both,G4,r7_longest_wrong,1.8782,1.8493,1.9075
floor_0.05+cautious_z1,both,G4,r7_hard_first,0.1869,0.1806,0.1933
floor_0.05+cautious_z1,both,G4,r4b_chance_below_0.5,0.1361,0.1294,0.1430
floor_0.05+cautious_z1,both,G4,r4b_chance_0.5_to_0.6,0.1382,0.1355,0.1408
floor_0.05+cautious_z1,both,G4,r4b_chance_0.6_to_0.7,0.1981,0.1955,0.2006
floor_0.05+cautious_z1,both,G4,r4b_chance_0.7_to_0.8,0.2445,0.2410,0.2479
floor_0.05+cautious_z1,both,G4,r4b_chance_0.8_up,0.2831,0.2765,0.2894
floor_0.05+cautious_z1,both,G4,r3_reachable,0.9466,0.9423,0.9506
floor_0.05+cautious_z1,both,G4,r8_rank_6_20,3.9500,3.7250,4.2117
floor_0.05+cautious_z1,both,G4,r8_topic_rank_6_20,18.3150,17.8633,18.7817
floor_0.05+cautious_z1,both,G4,r8_rank_150_200,1.6603,1.5328,1.7931
floor_0.05+cautious_z1,both,G4,r8_topic_rank_150_200,8.7775,8.5848,8.9755
floor_0.05+cautious_z1,both,G4,r2_ece,0.0156,0.0141,0.0170
floor_0.05+cautious_z1,both,G4,r4b_3,0.1215,0.1161,0.1273
floor_0.05+cautious_z1,both,G4,r4b_5,0.1442,0.1378,0.1505
floor_0.05+cautious_z1,both,G4,r4b_10,0.1527,0.1457,0.1597
floor_0.05+cautious_z1,both,G4,r4b_20,0.1552,0.1482,0.1627
floor_0.05+cautious_z1,both,G4,r4b_50,0.1563,0.1490,0.1640
floor_0.05+cautious_z1,both,G4,r8_move_p95_6_20,74.0000,74.0000,74.0000
floor_0.05+cautious_z1,both,G4,r8_move_p95_150_200,40.0000,40.0000,40.0000
floor_0.05+cautious_z1,both,G5,r1_rms_5,0.9083,0.8887,0.9277
floor_0.05+cautious_z1,both,G5,r1_mean_5,-0.0110,-0.0429,0.0221
floor_0.05+cautious_z1,both,G5,r1_rms_10,0.8471,0.8299,0.8643
floor_0.05+cautious_z1,both,G5,r1_mean_10,-0.0266,-0.0556,0.0035
floor_0.05+cautious_z1,both,G5,r1_rms_20,0.8745,0.8615,0.8875
floor_0.05+cautious_z1,both,G5,r1_mean_20,-0.0431,-0.0681,-0.0172
floor_0.05+cautious_z1,both,G5,r1_rms_50,0.7434,0.7336,0.7532
floor_0.05+cautious_z1,both,G5,r1_mean_50,-0.0633,-0.0804,-0.0464
floor_0.05+cautious_z1,both,G5,r1_rms_100,0.6342,0.6273,0.6416
floor_0.05+cautious_z1,both,G5,r1_mean_100,-0.0930,-0.1058,-0.0807
floor_0.05+cautious_z1,both,G5,r1_rms_200,0.5436,0.5381,0.5491
floor_0.05+cautious_z1,both,G5,r1_mean_200,-0.0958,-0.1043,-0.0873
floor_0.05+cautious_z1,both,G5,r2_brier,0.1774,0.1763,0.1783
floor_0.05+cautious_z1,both,G5,r2_bias,0.0078,0.0061,0.0093
floor_0.05+cautious_z1,both,G5,r3_inside,0.4085,0.4055,0.4116
floor_0.05+cautious_z1,both,G5,r3_below_0.5,0.0508,0.0484,0.0534
floor_0.05+cautious_z1,both,G5,r3_above_0.95,0.0350,0.0332,0.0367
floor_0.05+cautious_z1,both,G5,r4_false,0.0380,0.0348,0.0412
floor_0.05+cautious_z1,both,G5,r4_false_0.70,0.0088,0.0075,0.0102
floor_0.05+cautious_z1,both,G5,r4_below,0.5604,0.5505,0.5703
floor_0.05+cautious_z1,both,G5,r4_false_at_task,0.0362,0.0317,0.0408
floor_0.05+cautious_z1,both,G5,r4_declared,8.4633,8.2815,8.6598
floor_0.05+cautious_z1,both,G5,r5_late_answers,4.6867,4.5967,4.7760
floor_0.05+cautious_z1,both,G5,r5_never,0.2169,0.2092,0.2245
floor_0.05+cautious_z1,both,G5,r6_lag,-0.1052,-0.1141,-0.0960
floor_0.05+cautious_z1,both,G5,r7_error_5,0.9720,0.9497,0.9940
floor_0.05+cautious_z1,both,G5,r7_error_10,0.9149,0.8953,0.9356
floor_0.05+cautious_z1,both,G5,r7_longest_wrong,1.8297,1.8020,1.8582
floor_0.05+cautious_z1,both,G5,r7_hard_first,0.1316,0.1262,0.1374
floor_0.05+cautious_z1,both,G5,r4b_chance_below_0.5,0.1210,0.1145,0.1285
floor_0.05+cautious_z1,both,G5,r4b_chance_0.5_to_0.6,0.1443,0.1402,0.1484
floor_0.05+cautious_z1,both,G5,r4b_chance_0.6_to_0.7,0.2198,0.2161,0.2233
floor_0.05+cautious_z1,both,G5,r4b_chance_0.7_to_0.8,0.2627,0.2582,0.2672
floor_0.05+cautious_z1,both,G5,r4b_chance_0.8_up,0.2521,0.2446,0.2598
floor_0.05+cautious_z1,both,G5,r3_reachable,0.9088,0.9030,0.9147
floor_0.05+cautious_z1,both,G5,r8_rank_6_20,3.6733,3.4433,3.8983
floor_0.05+cautious_z1,both,G5,r8_topic_rank_6_20,17.8700,17.4150,18.3367
floor_0.05+cautious_z1,both,G5,r8_rank_150_200,1.6873,1.5613,1.8157
floor_0.05+cautious_z1,both,G5,r8_topic_rank_150_200,8.5505,8.3564,8.7529
floor_0.05+cautious_z1,both,G5,r2_ece,0.0102,0.0086,0.0117
floor_0.05+cautious_z1,both,G5,r4b_3,0.1596,0.1527,0.1666
floor_0.05+cautious_z1,both,G5,r4b_5,0.1928,0.1847,0.2007
floor_0.05+cautious_z1,both,G5,r4b_10,0.2067,0.1985,0.2149
floor_0.05+cautious_z1,both,G5,r4b_20,0.2145,0.2058,0.2236
floor_0.05+cautious_z1,both,G5,r4b_50,0.2311,0.2184,0.2435
floor_0.05+cautious_z1,both,G5,r8_move_p95_6_20,73.0000,73.0000,73.0000
floor_0.05+cautious_z1,both,G5,r8_move_p95_150_200,40.0000,40.0000,40.0000
floor_0.05+cautious_z1,both,G6,r1_rms_5,1.0556,1.0344,1.0760
floor_0.05+cautious_z1,both,G6,r1_mean_5,-0.0395,-0.0753,-0.0033
floor_0.05+cautious_z1,both,G6,r1_rms_10,0.9996,0.9804,1.0197
floor_0.05+cautious_z1,both,G6,r1_mean_10,-0.0798,-0.1123,-0.0468
floor_0.05+cautious_z1,both,G6,r1_rms_20,0.9240,0.9073,0.9415
floor_0.05+cautious_z1,both,G6,r1_mean_20,-0.1081,-0.1374,-0.0786
floor_0.05+cautious_z1,both,G6,r1_rms_50,0.8133,0.7986,0.8282
floor_0.05+cautious_z1,both,G6,r1_mean_50,-0.1522,-0.1764,-0.1274
floor_0.05+cautious_z1,both,G6,r1_rms_100,0.7605,0.7479,0.7736
floor_0.05+cautious_z1,both,G6,r1_mean_100,-0.1967,-0.2198,-0.1753
floor_0.05+cautious_z1,both,G6,r1_rms_200,0.7578,0.7454,0.7694
floor_0.05+cautious_z1,both,G6,r1_mean_200,-0.2443,-0.2649,-0.2237
floor_0.05+cautious_z1,both,G6,r2_brier,0.1787,0.1778,0.1796
floor_0.05+cautious_z1,both,G6,r2_bias,0.0118,0.0104,0.0133
floor_0.05+cautious_z1,both,G6,r3_inside,0.4229,0.4159,0.4306
floor_0.05+cautious_z1,both,G6,r3_below_0.5,0.0575,0.0553,0.0598
floor_0.05+cautious_z1,both,G6,r3_above_0.95,0.0949,0.0914,0.0984
floor_0.05+cautious_z1,both,G6,r4_false,0.0722,0.0663,0.0781
floor_0.05+cautious_z1,both,G6,r4_false_0.70,0.0163,0.0139,0.0187
floor_0.05+cautious_z1,both,G6,r4_below,0.5544,0.5452,0.5642
floor_0.05+cautious_z1,both,G6,r4_false_at_task,0.0735,0.0646,0.0822
floor_0.05+cautious_z1,both,G6,r4_declared,8.1685,7.9720,8.3658
floor_0.05+cautious_z1,both,G6,r5_late_answers,4.6597,4.5645,4.7496
floor_0.05+cautious_z1,both,G6,r5_never,0.1811,0.1735,0.1888
floor_0.05+cautious_z1,both,G6,r6_lag,-0.2170,-0.2384,-0.1956
floor_0.05+cautious_z1,both,G6,r7_error_5,0.9105,0.8870,0.9339
floor_0.05+cautious_z1,both,G6,r7_error_10,0.8451,0.8236,0.8680
floor_0.05+cautious_z1,both,G6,r7_longest_wrong,1.8082,1.7785,1.8382
floor_0.05+cautious_z1,both,G6,r7_hard_first,0.1356,0.1302,0.1413
floor_0.05+cautious_z1,both,G6,r4b_chance_below_0.5,0.1064,0.1009,0.1121
floor_0.05+cautious_z1,both,G6,r4b_chance_0.5_to_0.6,0.1151,0.1105,0.1194
floor_0.05+cautious_z1,both,G6,r4b_chance_0.6_to_0.7,0.2362,0.2302,0.2423
floor_0.05+cautious_z1,both,G6,r4b_chance_0.7_to_0.8,0.3111,0.3039,0.3178
floor_0.05+cautious_z1,both,G6,r4b_chance_0.8_up,0.2312,0.2240,0.2381
floor_0.05+cautious_z1,both,G6,r3_reachable,0.7848,0.7774,0.7921
floor_0.05+cautious_z1,both,G6,r8_rank_6_20,3.8117,3.5683,4.0567
floor_0.05+cautious_z1,both,G6,r8_topic_rank_6_20,18.1450,17.6617,18.6283
floor_0.05+cautious_z1,both,G6,r8_rank_150_200,1.7436,1.6225,1.8750
floor_0.05+cautious_z1,both,G6,r8_topic_rank_150_200,8.9103,8.7245,9.1127
floor_0.05+cautious_z1,both,G6,r2_ece,0.0141,0.0125,0.0157
floor_0.05+cautious_z1,both,G6,r4b_3,0.1750,0.1676,0.1817
floor_0.05+cautious_z1,both,G6,r4b_5,0.2135,0.2046,0.2221
floor_0.05+cautious_z1,both,G6,r4b_10,0.2257,0.2168,0.2347
floor_0.05+cautious_z1,both,G6,r4b_20,0.2315,0.2223,0.2406
floor_0.05+cautious_z1,both,G6,r4b_50,0.2382,0.2272,0.2496
floor_0.05+cautious_z1,both,G6,r8_move_p95_6_20,73.0000,73.0000,73.0000
floor_0.05+cautious_z1,both,G6,r8_move_p95_150_200,41.0000,40.0000,41.0000
floor_0.05+cautious_z1,both,G7,r1_rms_5,1.0234,1.0057,1.0421
floor_0.05+cautious_z1,both,G7,r1_mean_5,-0.0986,-0.1305,-0.0638
floor_0.05+cautious_z1,both,G7,r1_rms_10,0.9601,0.9443,0.9755
floor_0.05+cautious_z1,both,G7,r1_mean_10,-0.1270,-0.1588,-0.0963
floor_0.05+cautious_z1,both,G7,r1_rms_20,0.8696,0.8568,0.8829
floor_0.05+cautious_z1,both,G7,r1_mean_20,-0.1449,-0.1714,-0.1196
floor_0.05+cautious_z1,both,G7,r1_rms_50,0.7294,0.7196,0.7388
floor_0.05+cautious_z1,both,G7,r1_mean_50,-0.1598,-0.1788,-0.1403
floor_0.05+cautious_z1,both,G7,r1_rms_100,0.6349,0.6279,0.6416
floor_0.05+cautious_z1,both,G7,r1_mean_100,-0.1649,-0.1794,-0.1504
floor_0.05+cautious_z1,both,G7,r1_rms_200,0.5630,0.5580,0.5682
floor_0.05+cautious_z1,both,G7,r1_mean_200,-0.1578,-0.1692,-0.1466
floor_0.05+cautious_z1,both,G7,r2_brier,0.1736,0.1728,0.1744
floor_0.05+cautious_z1,both,G7,r2_bias,0.0034,0.0019,0.0048
floor_0.05+cautious_z1,both,G7,r3_inside,0.4276,0.4248,0.4303
floor_0.05+cautious_z1,both,G7,r3_below_0.5,0.0384,0.0365,0.0404
floor_0.05+cautious_z1,both,G7,r3_above_0.95,0.0303,0.0288,0.0319
floor_0.05+cautious_z1,both,G7,r4_false,0.0407,0.0375,0.0438
floor_0.05+cautious_z1,both,G7,r4_false_0.70,0.0089,0.0077,0.0101
floor_0.05+cautious_z1,both,G7,r4_below,0.5563,0.5461,0.5654
floor_0.05+cautious_z1,both,G7,r4_false_at_task,0.0373,0.0326,0.0419
floor_0.05+cautious_z1,both,G7,r4_declared,8.3023,8.1113,8.5045
floor_0.05+cautious_z1,both,G7,r5_late_answers,4.6845,4.5961,4.7748
floor_0.05+cautious_z1,both,G7,r5_never,0.1901,0.1823,0.1973
floor_0.05+cautious_z1,both,G7,r6_lag,-0.1613,-0.1736,-0.1492
floor_0.05+cautious_z1,both,G7,r7_error_5,0.8846,0.8635,0.9059
floor_0.05+cautious_z1,both,G7,r7_error_10,0.8114,0.7930,0.8307
floor_0.05+cautious_z1,both,G7,r7_longest_wrong,1.7857,1.7570,1.8145
floor_0.05+cautious_z1,both,G7,r7_hard_first,0.1360,0.1303,0.1418
floor_0.05+cautious_z1,both,G7,r4b_chance_below_0.5,0.0877,0.0828,0.0929
floor_0.05+cautious_z1,both,G7,r4b_chance_0.5_to_0.6,0.1211,0.1182,0.1240
floor_0.05+cautious_z1,both,G7,r4b_chance_0.6_to_0.7,0.2133,0.2104,0.2163
floor_0.05+cautious_z1,both,G7,r4b_chance_0.7_to_0.8,0.2865,0.2831,0.2898
floor_0.05+cautious_z1,both,G7,r4b_chance_0.8_up,0.2914,0.2852,0.2980
floor_0.05+cautious_z1,both,G7,r3_reachable,0.9326,0.9283,0.9368
floor_0.05+cautious_z1,both,G7,r8_rank_6_20,3.5167,3.2883,3.7533
floor_0.05+cautious_z1,both,G7,r8_topic_rank_6_20,17.1717,16.7017,17.6433
floor_0.05+cautious_z1,both,G7,r8_rank_150_200,1.6926,1.5637,1.8279
floor_0.05+cautious_z1,both,G7,r8_topic_rank_150_200,8.7495,8.5500,8.9539
floor_0.05+cautious_z1,both,G7,r2_ece,0.0053,0.0039,0.0068
floor_0.05+cautious_z1,both,G7,r4b_3,0.1628,0.1560,0.1696
floor_0.05+cautious_z1,both,G7,r4b_5,0.1912,0.1836,0.1985
floor_0.05+cautious_z1,both,G7,r4b_10,0.2046,0.1967,0.2121
floor_0.05+cautious_z1,both,G7,r4b_20,0.2151,0.2071,0.2235
floor_0.05+cautious_z1,both,G7,r4b_50,0.2277,0.2165,0.2410
floor_0.05+cautious_z1,both,G7,r8_move_p95_6_20,73.0000,73.0000,73.0000
floor_0.05+cautious_z1,both,G7,r8_move_p95_150_200,41.0000,40.0000,41.0000
floor_0.05+cautious_z1,both,G8,r1_rms_5,1.0021,0.9842,1.0201
floor_0.05+cautious_z1,both,G8,r1_mean_5,0.0023,-0.0316,0.0339
floor_0.05+cautious_z1,both,G8,r1_rms_10,0.9357,0.9203,0.9525
floor_0.05+cautious_z1,both,G8,r1_mean_10,-0.0281,-0.0579,0.0019
floor_0.05+cautious_z1,both,G8,r1_rms_20,0.8400,0.8277,0.8528
floor_0.05+cautious_z1,both,G8,r1_mean_20,-0.0552,-0.0795,-0.0312
floor_0.05+cautious_z1,both,G8,r1_rms_50,0.6813,0.6726,0.6902
floor_0.05+cautious_z1,both,G8,r1_mean_50,-0.0903,-0.1079,-0.0722
floor_0.05+cautious_z1,both,G8,r1_rms_100,0.5709,0.5651,0.5768
floor_0.05+cautious_z1,both,G8,r1_mean_100,-0.1083,-0.1200,-0.0968
floor_0.05+cautious_z1,both,G8,r1_rms_200,0.4881,0.4841,0.4923
floor_0.05+cautious_z1,both,G8,r1_mean_200,-0.0949,-0.1029,-0.0873
floor_0.05+cautious_z1,both,G8,r2_brier,0.1744,0.1735,0.1753
floor_0.05+cautious_z1,both,G8,r2_bias,0.0049,0.0034,0.0063
floor_0.05+cautious_z1,both,G8,r3_inside,0.4305,0.4280,0.4330
floor_0.05+cautious_z1,both,G8,r3_below_0.5,0.0379,0.0361,0.0396
floor_0.05+cautious_z1,both,G8,r3_above_0.95,0.0293,0.0279,0.0309
floor_0.05+cautious_z1,both,G8,r4_false,0.0362,0.0334,0.0391
floor_0.05+cautious_z1,both,G8,r4_false_0.70,0.0079,0.0068,0.0092
floor_0.05+cautious_z1,both,G8,r4_below,0.5585,0.5495,0.5681
floor_0.05+cautious_z1,both,G8,r4_false_at_task,0.0341,0.0295,0.0385
floor_0.05+cautious_z1,both,G8,r4_declared,8.1657,7.9660,8.3577
floor_0.05+cautious_z1,both,G8,r5_late_answers,4.9709,4.8882,5.0584
floor_0.05+cautious_z1,both,G8,r5_never,0.1927,0.1853,0.2002
floor_0.05+cautious_z1,both,G8,r6_lag,-0.0987,-0.1069,-0.0906
floor_0.05+cautious_z1,both,G8,r7_error_5,0.8521,0.8323,0.8716
floor_0.05+cautious_z1,both,G8,r7_error_10,0.7790,0.7600,0.7972
floor_0.05+cautious_z1,both,G8,r7_longest_wrong,1.7845,1.7580,1.8135
floor_0.05+cautious_z1,both,G8,r7_hard_first,0.1413,0.1355,0.1475
floor_0.05+cautious_z1,both,G8,r4b_chance_below_0.5,0.0853,0.0810,0.0898
floor_0.05+cautious_z1,both,G8,r4b_chance_0.5_to_0.6,0.1242,0.1209,0.1273
floor_0.05+cautious_z1,both,G8,r4b_chance_0.6_to_0.7,0.2161,0.2131,0.2192
floor_0.05+cautious_z1,both,G8,r4b_chance_0.7_to_0.8,0.2877,0.2843,0.2912
floor_0.05+cautious_z1,both,G8,r4b_chance_0.8_up,0.2867,0.2805,0.2933
floor_0.05+cautious_z1,both,G8,r3_reachable,0.9383,0.9340,0.9423
floor_0.05+cautious_z1,both,G8,r8_rank_6_20,3.6550,3.4317,3.8983
floor_0.05+cautious_z1,both,G8,r8_topic_rank_6_20,17.8933,17.4233,18.3850
floor_0.05+cautious_z1,both,G8,r8_rank_150_200,1.7221,1.5922,1.8574
floor_0.05+cautious_z1,both,G8,r8_topic_rank_150_200,8.7451,8.5485,8.9412
floor_0.05+cautious_z1,both,G8,r2_ece,0.0069,0.0054,0.0084
floor_0.05+cautious_z1,both,G8,r4b_3,0.1478,0.1417,0.1539
floor_0.05+cautious_z1,both,G8,r4b_5,0.1832,0.1760,0.1903
floor_0.05+cautious_z1,both,G8,r4b_10,0.1968,0.1893,0.2047
floor_0.05+cautious_z1,both,G8,r4b_20,0.2069,0.1991,0.2156
floor_0.05+cautious_z1,both,G8,r4b_50,0.2164,0.2060,0.2276
floor_0.05+cautious_z1,both,G8,r8_move_p95_6_20,73.0000,73.0000,73.0000
floor_0.05+cautious_z1,both,G8,r8_move_p95_150_200,41.0000,40.0000,41.0000
floor_0.05+cautious_z1,both,G0-exact,r1_rms_5,0.9834,0.9663,1.0016
floor_0.05+cautious_z1,both,G0-exact,r1_mean_5,-0.0207,-0.0541,0.0132
floor_0.05+cautious_z1,both,G0-exact,r1_rms_10,0.9159,0.9011,0.9303
floor_0.05+cautious_z1,both,G0-exact,r1_mean_10,-0.0408,-0.0687,-0.0123
floor_0.05+cautious_z1,both,G0-exact,r1_rms_20,0.8191,0.8066,0.8310
floor_0.05+cautious_z1,both,G0-exact,r1_mean_20,-0.0532,-0.0764,-0.0284
floor_0.05+cautious_z1,both,G0-exact,r1_rms_50,0.6600,0.6522,0.6682
floor_0.05+cautious_z1,both,G0-exact,r1_mean_50,-0.0640,-0.0810,-0.0484
floor_0.05+cautious_z1,both,G0-exact,r1_rms_100,0.5496,0.5447,0.5549
floor_0.05+cautious_z1,both,G0-exact,r1_mean_100,-0.0691,-0.0798,-0.0585
floor_0.05+cautious_z1,both,G0-exact,r1_rms_200,0.4775,0.4739,0.4814
floor_0.05+cautious_z1,both,G0-exact,r1_mean_200,-0.0553,-0.0630,-0.0475
floor_0.05+cautious_z1,both,G0-exact,r2_brier,0.1727,0.1719,0.1736
floor_0.05+cautious_z1,both,G0-exact,r2_bias,0.0023,0.0009,0.0038
floor_0.05+cautious_z1,both,G0-exact,r3_inside,0.5449,0.5398,0.5501
floor_0.05+cautious_z1,both,G0-exact,r3_below_0.5,0.0214,0.0195,0.0234
floor_0.05+cautious_z1,both,G0-exact,r3_above_0.95,0.0115,0.0104,0.0127
floor_0.05+cautious_z1,both,G0-exact,r4_false,0.0389,0.0359,0.0420
floor_0.05+cautious_z1,both,G0-exact,r4_false_0.70,0.0084,0.0072,0.0097
floor_0.05+cautious_z1,both,G0-exact,r4_below,0.5532,0.5434,0.5632
floor_0.05+cautious_z1,both,G0-exact,r4_false_at_task,0.0346,0.0303,0.0392
floor_0.05+cautious_z1,both,G0-exact,r4_declared,8.2640,8.0638,8.4642
floor_0.05+cautious_z1,both,G0-exact,r5_late_answers,4.6247,4.5407,4.7121
floor_0.05+cautious_z1,both,G0-exact,r5_never,0.1757,0.1679,0.1829
floor_0.05+cautious_z1,both,G0-exact,r6_lag,-0.0612,-0.0688,-0.0537
floor_0.05+cautious_z1,both,G0-exact,r7_error_5,0.8323,0.8121,0.8522
floor_0.05+cautious_z1,both,G0-exact,r7_error_10,0.7580,0.7407,0.7762
floor_0.05+cautious_z1,both,G0-exact,r7_longest_wrong,1.7565,1.7292,1.7840
floor_0.05+cautious_z1,both,G0-exact,r7_hard_first,0.1173,0.1118,0.1231
floor_0.05+cautious_z1,both,G0-exact,r4b_chance_below_0.5,0.0576,0.0516,0.0644
floor_0.05+cautious_z1,both,G0-exact,r4b_chance_0.5_to_0.6,0.0995,0.0944,0.1051
floor_0.05+cautious_z1,both,G0-exact,r4b_chance_0.6_to_0.7,0.2457,0.2386,0.2525
floor_0.05+cautious_z1,both,G0-exact,r4b_chance_0.7_to_0.8,0.3885,0.3801,0.3977
floor_0.05+cautious_z1,both,G0-exact,r4b_chance_0.8_up,0.2087,0.2006,0.2170
floor_0.05+cautious_z1,both,G0-exact,r3_reachable,0.9376,0.9332,0.9419
floor_0.05+cautious_z1,both,G0-exact,r8_rank_6_20,3.5717,3.3583,3.7967
floor_0.05+cautious_z1,both,G0-exact,r8_topic_rank_6_20,17.5683,17.0617,18.0283
floor_0.05+cautious_z1,both,G0-exact,r8_rank_150_200,1.7559,1.6240,1.8902
floor_0.05+cautious_z1,both,G0-exact,r8_topic_rank_150_200,8.8211,8.6265,9.0176
floor_0.05+cautious_z1,both,G0-exact,r2_ece,0.0040,0.0026,0.0055
floor_0.05+cautious_z1,both,G0-exact,r4b_3,0.1626,0.1564,0.1688
floor_0.05+cautious_z1,both,G0-exact,r4b_5,0.1889,0.1815,0.1959
floor_0.05+cautious_z1,both,G0-exact,r4b_10,0.2024,0.1946,0.2098
floor_0.05+cautious_z1,both,G0-exact,r4b_20,0.2126,0.2044,0.2208
floor_0.05+cautious_z1,both,G0-exact,r4b_50,0.2286,0.2162,0.2421
floor_0.05+cautious_z1,both,G0-exact,r8_move_p95_6_20,73.0000,73.0000,73.0000
floor_0.05+cautious_z1,both,G0-exact,r8_move_p95_150_200,41.0000,40.0000,41.0000
floor_0.05+cautious_z1,both,G0-miss0.25,r1_rms_5,1.0060,0.9881,1.0253
floor_0.05+cautious_z1,both,G0-miss0.25,r1_mean_5,0.0252,-0.0075,0.0598
floor_0.05+cautious_z1,both,G0-miss0.25,r1_rms_10,0.9353,0.9198,0.9509
floor_0.05+cautious_z1,both,G0-miss0.25,r1_mean_10,-0.0053,-0.0344,0.0236
floor_0.05+cautious_z1,both,G0-miss0.25,r1_rms_20,0.8353,0.8227,0.8486
floor_0.05+cautious_z1,both,G0-miss0.25,r1_mean_20,-0.0297,-0.0547,-0.0054
floor_0.05+cautious_z1,both,G0-miss0.25,r1_rms_50,0.6696,0.6614,0.6783
floor_0.05+cautious_z1,both,G0-miss0.25,r1_mean_50,-0.0614,-0.0794,-0.0442
floor_0.05+cautious_z1,both,G0-miss0.25,r1_rms_100,0.5572,0.5515,0.5631
floor_0.05+cautious_z1,both,G0-miss0.25,r1_mean_100,-0.0716,-0.0827,-0.0609
floor_0.05+cautious_z1,both,G0-miss0.25,r1_rms_200,0.4768,0.4731,0.4809
floor_0.05+cautious_z1,both,G0-miss0.25,r1_mean_200,-0.0612,-0.0691,-0.0539
floor_0.05+cautious_z1,both,G0-miss0.25,r2_brier,0.1737,0.1729,0.1746
floor_0.05+cautious_z1,both,G0-miss0.25,r2_bias,0.0043,0.0028,0.0058
floor_0.05+cautious_z1,both,G0-miss0.25,r3_inside,0.5047,0.5005,0.5088
floor_0.05+cautious_z1,both,G0-miss0.25,r3_below_0.5,0.0260,0.0241,0.0279
floor_0.05+cautious_z1,both,G0-miss0.25,r3_above_0.95,0.0166,0.0153,0.0181
floor_0.05+cautious_z1,both,G0-miss0.25,r4_false,0.0447,0.0415,0.0478
floor_0.05+cautious_z1,both,G0-miss0.25,r4_false_0.70,0.0091,0.0079,0.0105
floor_0.05+cautious_z1,both,G0-miss0.25,r4_below,0.5526,0.5435,0.5618
floor_0.05+cautious_z1,both,G0-miss0.25,r4_false_at_task,0.0415,0.0364,0.0464
floor_0.05+cautious_z1,both,G0-miss0.25,r4_declared,8.3562,8.1583,8.5525
floor_0.05+cautious_z1,both,G0-miss0.25,r5_late_answers,4.6478,4.5612,4.7371
floor_0.05+cautious_z1,both,G0-miss0.25,r5_never,0.1837,0.1763,0.1916
floor_0.05+cautious_z1,both,G0-miss0.25,r6_lag,-0.0721,-0.0809,-0.0636
floor_0.05+cautious_z1,both,G0-miss0.25,r7_error_5,0.8649,0.8430,0.8860
floor_0.05+cautious_z1,both,G0-miss0.25,r7_error_10,0.7855,0.7668,0.8048
floor_0.05+cautious_z1,both,G0-miss0.25,r7_longest_wrong,1.7882,1.7608,1.8165
floor_0.05+cautious_z1,both,G0-miss0.25,r7_hard_first,0.1304,0.1248,0.1362
floor_0.05+cautious_z1,both,G0-miss0.25,r4b_chance_below_0.5,0.0668,0.0616,0.0721
floor_0.05+cautious_z1,both,G0-miss0.25,r4b_chance_0.5_to_0.6,0.1097,0.1059,0.1135
floor_0.05+cautious_z1,both,G0-miss0.25,r4b_chance_0.6_to_0.7,0.2459,0.2415,0.2504
floor_0.05+cautious_z1,both,G0-miss0.25,r4b_chance_0.7_to_0.8,0.3499,0.3441,0.3556
floor_0.05+cautious_z1,both,G0-miss0.25,r4b_chance_0.8_up,0.2277,0.2212,0.2345
floor_0.05+cautious_z1,both,G0-miss0.25,r3_reachable,0.9384,0.9339,0.9422
floor_0.05+cautious_z1,both,G0-miss0.25,r8_rank_6_20,3.6800,3.4517,3.9083
floor_0.05+cautious_z1,both,G0-miss0.25,r8_topic_rank_6_20,18.0300,17.5850,18.4933
floor_0.05+cautious_z1,both,G0-miss0.25,r8_rank_150_200,1.7588,1.6206,1.8926
floor_0.05+cautious_z1,both,G0-miss0.25,r8_topic_rank_150_200,8.9216,8.7279,9.1225
floor_0.05+cautious_z1,both,G0-miss0.25,r2_ece,0.0061,0.0047,0.0076
floor_0.05+cautious_z1,both,G0-miss0.25,r4b_3,0.1656,0.1591,0.1720
floor_0.05+cautious_z1,both,G0-miss0.25,r4b_5,0.1993,0.1920,0.2067
floor_0.05+cautious_z1,both,G0-miss0.25,r4b_10,0.2125,0.2048,0.2207
floor_0.05+cautious_z1,both,G0-miss0.25,r4b_20,0.2246,0.2157,0.2329
floor_0.05+cautious_z1,both,G0-miss0.25,r4b_50,0.2308,0.2209,0.2406
floor_0.05+cautious_z1,both,G0-miss0.25,r8_move_p95_6_20,73.0000,73.0000,73.0000
floor_0.05+cautious_z1,both,G0-miss0.25,r8_move_p95_150_200,40.0000,40.0000,41.0000
floor_0.05+cautious_z1,both,G0-miss1,r1_rms_5,1.0386,1.0186,1.0573
floor_0.05+cautious_z1,both,G0-miss1,r1_mean_5,-0.0762,-0.1104,-0.0394
floor_0.05+cautious_z1,both,G0-miss1,r1_rms_10,0.9716,0.9547,0.9883
floor_0.05+cautious_z1,both,G0-miss1,r1_mean_10,-0.1096,-0.1405,-0.0776
floor_0.05+cautious_z1,both,G0-miss1,r1_rms_20,0.8756,0.8613,0.8894
floor_0.05+cautious_z1,both,G0-miss1,r1_mean_20,-0.1357,-0.1617,-0.1103
floor_0.05+cautious_z1,both,G0-miss1,r1_rms_50,0.7267,0.7175,0.7360
floor_0.05+cautious_z1,both,G0-miss1,r1_mean_50,-0.1753,-0.1938,-0.1560
floor_0.05+cautious_z1,both,G0-miss1,r1_rms_100,0.6206,0.6140,0.6275
floor_0.05+cautious_z1,both,G0-miss1,r1_mean_100,-0.2021,-0.2149,-0.1896
floor_0.05+cautious_z1,both,G0-miss1,r1_rms_200,0.5431,0.5384,0.5479
floor_0.05+cautious_z1,both,G0-miss1,r1_mean_200,-0.2122,-0.2212,-0.2034
floor_0.05+cautious_z1,both,G0-miss1,r2_brier,0.1763,0.1754,0.1772
floor_0.05+cautious_z1,both,G0-miss1,r2_bias,0.0075,0.0060,0.0091
floor_0.05+cautious_z1,both,G0-miss1,r3_inside,0.2984,0.2970,0.2999
floor_0.05+cautious_z1,both,G0-miss1,r3_below_0.5,0.0900,0.0878,0.0922
floor_0.05+cautious_z1,both,G0-miss1,r3_above_0.95,0.1056,0.1033,0.1078
floor_0.05+cautious_z1,both,G0-miss1,r4_false,0.0344,0.0312,0.0373
floor_0.05+cautious_z1,both,G0-miss1,r4_false_0.70,0.0076,0.0065,0.0088
floor_0.05+cautious_z1,both,G0-miss1,r4_below,0.5634,0.5543,0.5731
floor_0.05+cautious_z1,both,G0-miss1,r4_false_at_task,0.0327,0.0285,0.0372
floor_0.05+cautious_z1,both,G0-miss1,r4_declared,8.2375,8.0567,8.4370
floor_0.05+cautious_z1,both,G0-miss1,r5_late_answers,4.7107,4.6166,4.8058
floor_0.05+cautious_z1,both,G0-miss1,r5_never,0.2241,0.2158,0.2324
floor_0.05+cautious_z1,both,G0-miss1,r6_lag,-0.2116,-0.2209,-0.2026
floor_0.05+cautious_z1,both,G0-miss1,r7_error_5,0.8984,0.8763,0.9191
floor_0.05+cautious_z1,both,G0-miss1,r7_error_10,0.8245,0.8050,0.8443
floor_0.05+cautious_z1,both,G0-miss1,r7_longest_wrong,1.7965,1.7688,1.8240
floor_0.05+cautious_z1,both,G0-miss1,r7_hard_first,0.1768,0.1713,0.1826
floor_0.05+cautious_z1,both,G0-miss1,r4b_chance_below_0.5,0.1553,0.1505,0.1601
floor_0.05+cautious_z1,both,G0-miss1,r4b_chance_0.5_to_0.6,0.1171,0.1153,0.1189
floor_0.05+cautious_z1,both,G0-miss1,r4b_chance_0.6_to_0.7,0.1531,0.1514,0.1549
floor_0.05+cautious_z1,both,G0-miss1,r4b_chance_0.7_to_0.8,0.1925,0.1904,0.1945
floor_0.05+cautious_z1,both,G0-miss1,r4b_chance_0.8_up,0.3820,0.3766,0.3878
floor_0.05+cautious_z1,both,G0-miss1,r3_reachable,0.9423,0.9382,0.9459
floor_0.05+cautious_z1,both,G0-miss1,r8_rank_6_20,3.5350,3.3200,3.7583
floor_0.05+cautious_z1,both,G0-miss1,r8_topic_rank_6_20,17.6767,17.2000,18.1617
floor_0.05+cautious_z1,both,G0-miss1,r8_rank_150_200,1.7373,1.6005,1.8750
floor_0.05+cautious_z1,both,G0-miss1,r8_topic_rank_150_200,8.8549,8.6642,9.0412
floor_0.05+cautious_z1,both,G0-miss1,r2_ece,0.0094,0.0079,0.0109
floor_0.05+cautious_z1,both,G0-miss1,r4b_3,0.1587,0.1522,0.1651
floor_0.05+cautious_z1,both,G0-miss1,r4b_5,0.1878,0.1799,0.1950
floor_0.05+cautious_z1,both,G0-miss1,r4b_10,0.1975,0.1895,0.2053
floor_0.05+cautious_z1,both,G0-miss1,r4b_20,0.2051,0.1966,0.2131
floor_0.05+cautious_z1,both,G0-miss1,r4b_50,0.2105,0.2011,0.2205
floor_0.05+cautious_z1,both,G0-miss1,r8_move_p95_6_20,73.0000,73.0000,74.0000
floor_0.05+cautious_z1,both,G0-miss1,r8_move_p95_150_200,41.0000,40.0000,41.0000
floor_0.05+cautious_z1,both,G2-half,r1_rms_5,1.0053,0.9873,1.0226
floor_0.05+cautious_z1,both,G2-half,r1_mean_5,-0.0555,-0.0884,-0.0224
floor_0.05+cautious_z1,both,G2-half,r1_rms_10,0.9421,0.9269,0.9573
floor_0.05+cautious_z1,both,G2-half,r1_mean_10,-0.1038,-0.1334,-0.0754
floor_0.05+cautious_z1,both,G2-half,r1_rms_20,0.8472,0.8341,0.8598
floor_0.05+cautious_z1,both,G2-half,r1_mean_20,-0.1665,-0.1906,-0.1406
floor_0.05+cautious_z1,both,G2-half,r1_rms_50,0.7267,0.7172,0.7367
floor_0.05+cautious_z1,both,G2-half,r1_mean_50,-0.3034,-0.3218,-0.2866
floor_0.05+cautious_z1,both,G2-half,r1_rms_100,0.7024,0.6941,0.7106
floor_0.05+cautious_z1,both,G2-half,r1_mean_100,-0.4491,-0.4617,-0.4369
floor_0.05+cautious_z1,both,G2-half,r1_rms_200,0.7384,0.7319,0.7454
floor_0.05+cautious_z1,both,G2-half,r1_mean_200,-0.5797,-0.5879,-0.5711
floor_0.05+cautious_z1,both,G2-half,r2_brier,0.1512,0.1504,0.1521
floor_0.05+cautious_z1,both,G2-half,r2_bias,-0.0369,-0.0383,-0.0354
floor_0.05+cautious_z1,both,G2-half,r3_inside,0.3732,0.3701,0.3762
floor_0.05+cautious_z1,both,G2-half,r3_below_0.5,0.0224,0.0213,0.0235
floor_0.05+cautious_z1,both,G2-half,r3_above_0.95,0.0632,0.0607,0.0657
floor_0.05+cautious_z1,both,G2-half,r4_false,0.0171,0.0155,0.0188
floor_0.05+cautious_z1,both,G2-half,r4_false_0.70,0.0026,0.0020,0.0031
floor_0.05+cautious_z1,both,G2-half,r4_below,0.5768,0.5661,0.5864
floor_0.05+cautious_z1,both,G2-half,r4_false_at_task,0.0152,0.0130,0.0176
floor_0.05+cautious_z1,both,G2-half,r4_declared,9.5062,9.2927,9.7135
floor_0.05+cautious_z1,both,G2-half,r5_late_answers,5.9068,5.8089,6.0037
floor_0.05+cautious_z1,both,G2-half,r5_never,0.3258,0.3185,0.3334
floor_0.05+cautious_z1,both,G2-half,r6_lag,-0.5425,-0.5514,-0.5335
floor_0.05+cautious_z1,both,G2-half,r7_error_5,0.8538,0.8331,0.8737
floor_0.05+cautious_z1,both,G2-half,r7_error_10,0.7820,0.7643,0.8010
floor_0.05+cautious_z1,both,G2-half,r7_longest_wrong,1.7232,1.6970,1.7492
floor_0.05+cautious_z1,both,G2-half,r7_hard_first,0.1315,0.1261,0.1370
floor_0.05+cautious_z1,both,G2-half,r4b_chance_below_0.5,0.0623,0.0590,0.0659
floor_0.05+cautious_z1,both,G2-half,r4b_chance_0.5_to_0.6,0.0864,0.0837,0.0892
floor_0.05+cautious_z1,both,G2-half,r4b_chance_0.6_to_0.7,0.1651,0.1619,0.1682
floor_0.05+cautious_z1,both,G2-half,r4b_chance_0.7_to_0.8,0.2674,0.2643,0.2703
floor_0.05+cautious_z1,both,G2-half,r4b_chance_0.8_up,0.4188,0.4115,0.4262
floor_0.05+cautious_z1,both,G2-half,r3_reachable,0.9590,0.9571,0.9609
floor_0.05+cautious_z1,both,G2-half,r8_rank_6_20,3.6333,3.4017,3.8633
floor_0.05+cautious_z1,both,G2-half,r8_topic_rank_6_20,17.4667,16.9750,17.9583
floor_0.05+cautious_z1,both,G2-half,r8_rank_150_200,1.6412,1.5221,1.7583
floor_0.05+cautious_z1,both,G2-half,r8_topic_rank_150_200,8.7103,8.5157,8.9093
floor_0.05+cautious_z1,both,G2-half,r2_ece,0.0369,0.0355,0.0383
floor_0.05+cautious_z1,both,G2-half,r4b_3,0.1438,0.1378,0.1497
floor_0.05+cautious_z1,both,G2-half,r4b_5,0.1771,0.1701,0.1841
floor_0.05+cautious_z1,both,G2-half,r4b_10,0.2094,0.2013,0.2176
floor_0.05+cautious_z1,both,G2-half,r4b_20,0.2358,0.2253,0.2463
floor_0.05+cautious_z1,both,G2-half,r4b_50,0.2412,0.2301,0.2534
floor_0.05+cautious_z1,both,G2-half,r8_move_p95_6_20,73.0000,73.0000,73.0000
floor_0.05+cautious_z1,both,G2-half,r8_move_p95_150_200,40.0000,40.0000,40.0000
floor_0.05+cautious_z1,both,G2-fading,r1_rms_5,1.0156,0.9973,1.0353
floor_0.05+cautious_z1,both,G2-fading,r1_mean_5,-0.0508,-0.0819,-0.0173
floor_0.05+cautious_z1,both,G2-fading,r1_rms_10,0.9503,0.9344,0.9655
floor_0.05+cautious_z1,both,G2-fading,r1_mean_10,-0.1192,-0.1493,-0.0911
floor_0.05+cautious_z1,both,G2-fading,r1_rms_20,0.8648,0.8514,0.8784
floor_0.05+cautious_z1,both,G2-fading,r1_mean_20,-0.2053,-0.2306,-0.1812
floor_0.05+cautious_z1,both,G2-fading,r1_rms_50,0.7480,0.7376,0.7585
floor_0.05+cautious_z1,both,G2-fading,r1_mean_50,-0.3461,-0.3645,-0.3287
floor_0.05+cautious_z1,both,G2-fading,r1_rms_100,0.6900,0.6818,0.6983
floor_0.05+cautious_z1,both,G2-fading,r1_mean_100,-0.4242,-0.4365,-0.4120
floor_0.05+cautious_z1,both,G2-fading,r1_rms_200,0.6073,0.6012,0.6130
floor_0.05+cautious_z1,both,G2-fading,r1_mean_200,-0.3853,-0.3938,-0.3770
floor_0.05+cautious_z1,both,G2-fading,r2_brier,0.1543,0.1535,0.1551
floor_0.05+cautious_z1,both,G2-fading,r2_bias,-0.0310,-0.0325,-0.0296
floor_0.05+cautious_z1,both,G2-fading,r3_inside,0.3880,0.3849,0.3912
floor_0.05+cautious_z1,both,G2-fading,r3_below_0.5,0.0234,0.0222,0.0247
floor_0.05+cautious_z1,both,G2-fading,r3_above_0.95,0.0576,0.0551,0.0601
floor_0.05+cautious_z1,both,G2-fading,r4_false,0.0185,0.0166,0.0204
floor_0.05+cautious_z1,both,G2-fading,r4_false_0.70,0.0033,0.0027,0.0040
floor_0.05+cautious_z1,both,G2-fading,r4_below,0.5650,0.5548,0.5755
floor_0.05+cautious_z1,both,G2-fading,r4_false_at_task,0.0156,0.0132,0.0185
floor_0.05+cautious_z1,both,G2-fading,r4_declared,9.2197,9.0137,9.4247
floor_0.05+cautious_z1,both,G2-fading,r5_late_answers,5.5776,5.4832,5.6799
floor_0.05+cautious_z1,both,G2-fading,r5_never,0.2897,0.2825,0.2977
floor_0.05+cautious_z1,both,G2-fading,r6_lag,-0.4158,-0.4251,-0.4066
floor_0.05+cautious_z1,both,G2-fading,r7_error_5,0.8760,0.8563,0.8960
floor_0.05+cautious_z1,both,G2-fading,r7_error_10,0.8033,0.7847,0.8224
floor_0.05+cautious_z1,both,G2-fading,r7_longest_wrong,1.7683,1.7420,1.7965
floor_0.05+cautious_z1,both,G2-fading,r7_hard_first,0.1358,0.1304,0.1415
floor_0.05+cautious_z1,both,G2-fading,r4b_chance_below_0.5,0.0634,0.0596,0.0674
floor_0.05+cautious_z1,both,G2-fading,r4b_chance_0.5_to_0.6,0.0905,0.0878,0.0932
floor_0.05+cautious_z1,both,G2-fading,r4b_chance_0.6_to_0.7,0.1778,0.1748,0.1809
floor_0.05+cautious_z1,both,G2-fading,r4b_chance_0.7_to_0.8,0.2792,0.2760,0.2824
floor_0.05+cautious_z1,both,G2-fading,r4b_chance_0.8_up,0.3890,0.3813,0.3965
floor_0.05+cautious_z1,both,G2-fading,r3_reachable,0.9571,0.9549,0.9591
floor_0.05+cautious_z1,both,G2-fading,r8_rank_6_20,3.4633,3.2450,3.7000
floor_0.05+cautious_z1,both,G2-fading,r8_topic_rank_6_20,17.1067,16.6583,17.5700
floor_0.05+cautious_z1,both,G2-fading,r8_rank_150_200,1.6029,1.4887,1.7260
floor_0.05+cautious_z1,both,G2-fading,r8_topic_rank_150_200,8.8309,8.6363,9.0343
floor_0.05+cautious_z1,both,G2-fading,r2_ece,0.0310,0.0294,0.0324
floor_0.05+cautious_z1,both,G2-fading,r4b_3,0.1454,0.1395,0.1516
floor_0.05+cautious_z1,both,G2-fading,r4b_5,0.1769,0.1696,0.1844
floor_0.05+cautious_z1,both,G2-fading,r4b_10,0.1987,0.1909,0.2071
floor_0.05+cautious_z1,both,G2-fading,r4b_20,0.2183,0.2086,0.2277
floor_0.05+cautious_z1,both,G2-fading,r4b_50,0.2314,0.2177,0.2449
floor_0.05+cautious_z1,both,G2-fading,r8_move_p95_6_20,73.0000,73.0000,73.0000
floor_0.05+cautious_z1,both,G2-fading,r8_move_p95_150_200,41.0000,40.0000,41.0000
floor_0.05+cautious_z1,both,G3-drop,r1_rms_5,0.9847,0.9667,1.0026
floor_0.05+cautious_z1,both,G3-drop,r1_mean_5,-0.0082,-0.0409,0.0243
floor_0.05+cautious_z1,both,G3-drop,r1_rms_10,0.9228,0.9073,0.9380
floor_0.05+cautious_z1,both,G3-drop,r1_mean_10,-0.0376,-0.0678,-0.0077
floor_0.05+cautious_z1,both,G3-drop,r1_rms_20,0.8265,0.8135,0.8389
floor_0.05+cautious_z1,both,G3-drop,r1_mean_20,-0.0542,-0.0795,-0.0294
floor_0.05+cautious_z1,both,G3-drop,r1_rms_50,0.6754,0.6675,0.6839
floor_0.05+cautious_z1,both,G3-drop,r1_mean_50,-0.0691,-0.0858,-0.0518
floor_0.05+cautious_z1,both,G3-drop,r1_rms_100,0.7007,0.6923,0.7096
floor_0.05+cautious_z1,both,G3-drop,r1_mean_100,0.2839,0.2674,0.3007
floor_0.05+cautious_z1,both,G3-drop,r1_rms_200,0.5563,0.5509,0.5616
floor_0.05+cautious_z1,both,G3-drop,r1_mean_200,0.2755,0.2670,0.2834
floor_0.05+cautious_z1,both,G3-drop,r2_brier,0.2003,0.1994,0.2012
floor_0.05+cautious_z1,both,G3-drop,r2_bias,0.0494,0.0479,0.0509
floor_0.05+cautious_z1,both,G3-drop,r3_inside,0.3866,0.3842,0.3890
floor_0.05+cautious_z1,both,G3-drop,r3_below_0.5,0.0855,0.0825,0.0885
floor_0.05+cautious_z1,both,G3-drop,r3_above_0.95,0.0210,0.0198,0.0223
floor_0.05+cautious_z1,both,G3-drop,r4_false,0.0642,0.0605,0.0681
floor_0.05+cautious_z1,both,G3-drop,r4_false_0.70,0.0206,0.0186,0.0227
floor_0.05+cautious_z1,both,G3-drop,r4_below,0.5173,0.5085,0.5255
floor_0.05+cautious_z1,both,G3-drop,r4_false_at_task,0.0589,0.0530,0.0646
floor_0.05+cautious_z1,both,G3-drop,r4_declared,8.2420,8.0407,8.4437
floor_0.05+cautious_z1,both,G3-drop,r5_late_answers,3.7052,3.6456,3.7676
floor_0.05+cautious_z1,both,G3-drop,r5_never,0.2648,0.2561,0.2735
floor_0.05+cautious_z1,both,G3-drop,r6_lag,0.3612,0.3531,0.3695
floor_0.05+cautious_z1,both,G3-drop,r6_jump_answers,46.0965,45.1245,47.2142
floor_0.05+cautious_z1,both,G3-drop,r6_jump_unsettled,0.2125,0.1995,0.2258
floor_0.05+cautious_z1,both,G3-drop,r7_error_5,0.8476,0.8280,0.8683
floor_0.05+cautious_z1,both,G3-drop,r7_error_10,0.7726,0.7536,0.7913
floor_0.05+cautious_z1,both,G3-drop,r7_longest_wrong,1.7875,1.7592,1.8150
floor_0.05+cautious_z1,both,G3-drop,r7_hard_first,0.1402,0.1349,0.1460
floor_0.05+cautious_z1,both,G3-drop,r4b_chance_below_0.5,0.1737,0.1666,0.1813
floor_0.05+cautious_z1,both,G3-drop,r4b_chance_0.5_to_0.6,0.1762,0.1736,0.1789
floor_0.05+cautious_z1,both,G3-drop,r4b_chance_0.6_to_0.7,0.2279,0.2251,0.2307
floor_0.05+cautious_z1,both,G3-drop,r4b_chance_0.7_to_0.8,0.2308,0.2273,0.2343
floor_0.05+cautious_z1,both,G3-drop,r4b_chance_0.8_up,0.1913,0.1858,0.1966
floor_0.05+cautious_z1,both,G3-drop,r3_reachable,0.8778,0.8720,0.8835
floor_0.05+cautious_z1,both,G3-drop,r8_rank_6_20,3.5233,3.2967,3.7483
floor_0.05+cautious_z1,both,G3-drop,r8_topic_rank_6_20,17.5700,17.1267,18.0267
floor_0.05+cautious_z1,both,G3-drop,r8_rank_150_200,1.8475,1.7270,1.9681
floor_0.05+cautious_z1,both,G3-drop,r8_topic_rank_150_200,9.6010,9.3980,9.8005
floor_0.05+cautious_z1,both,G3-drop,r2_ece,0.0498,0.0483,0.0513
floor_0.05+cautious_z1,both,G3-drop,r4b_3,0.1568,0.1504,0.1628
floor_0.05+cautious_z1,both,G3-drop,r4b_5,0.1824,0.1749,0.1897
floor_0.05+cautious_z1,both,G3-drop,r4b_10,0.1872,0.1799,0.1950
floor_0.05+cautious_z1,both,G3-drop,r4b_20,0.1887,0.1813,0.1964
floor_0.05+cautious_z1,both,G3-drop,r4b_50,0.1903,0.1827,0.1980
floor_0.05+cautious_z1,both,G3-drop,r8_move_p95_6_20,73.0000,73.0000,73.0000
floor_0.05+cautious_z1,both,G3-drop,r8_move_p95_150_200,43.0000,43.0000,43.0000
floor_0.05+cautious_z1,both,G0-start0.5,r1_rms_5,0.9677,0.9504,0.9863
floor_0.05+cautious_z1,both,G0-start0.5,r1_mean_5,-0.0270,-0.0592,0.0047
floor_0.05+cautious_z1,both,G0-start0.5,r1_rms_10,0.9051,0.8897,0.9214
floor_0.05+cautious_z1,both,G0-start0.5,r1_mean_10,-0.0443,-0.0722,-0.0160
floor_0.05+cautious_z1,both,G0-start0.5,r1_rms_20,0.8143,0.8024,0.8273
floor_0.05+cautious_z1,both,G0-start0.5,r1_mean_20,-0.0613,-0.0853,-0.0381
floor_0.05+cautious_z1,both,G0-start0.5,r1_rms_50,0.6652,0.6571,0.6737
floor_0.05+cautious_z1,both,G0-start0.5,r1_mean_50,-0.0853,-0.1019,-0.0693
floor_0.05+cautious_z1,both,G0-start0.5,r1_rms_100,0.5635,0.5579,0.5692
floor_0.05+cautious_z1,both,G0-start0.5,r1_mean_100,-0.1029,-0.1139,-0.0915
floor_0.05+cautious_z1,both,G0-start0.5,r1_rms_200,0.4855,0.4815,0.4896
floor_0.05+cautious_z1,both,G0-start0.5,r1_mean_200,-0.0990,-0.1071,-0.0913
floor_0.05+cautious_z1,both,G0-start0.5,r2_brier,0.1725,0.1717,0.1733
floor_0.05+cautious_z1,both,G0-start0.5,r2_bias,0.0045,0.0030,0.0059
floor_0.05+cautious_z1,both,G0-start0.5,r3_inside,0.4341,0.4316,0.4366
floor_0.05+cautious_z1,both,G0-start0.5,r3_below_0.5,0.0328,0.0313,0.0342
floor_0.05+cautious_z1,both,G0-start0.5,r3_above_0.95,0.0282,0.0267,0.0296
floor_0.05+cautious_z1,both,G0-start0.5,r4_false,0.0232,0.0206,0.0258
floor_0.05+cautious_z1,both,G0-start0.5,r4_false_0.70,0.0063,0.0052,0.0076
floor_0.05+cautious_z1,both,G0-start0.5,r4_below,0.5405,0.5324,0.5489
floor_0.05+cautious_z1,both,G0-start0.5,r4_false_at_task,0.0201,0.0163,0.0242
floor_0.05+cautious_z1,both,G0-start0.5,r4_declared,7.7865,7.6160,7.9677
floor_0.05+cautious_z1,both,G0-start0.5,r5_late_answers,4.0531,3.9798,4.1255
floor_0.05+cautious_z1,both,G0-start0.5,r5_never,0.1410,0.1345,0.1478
floor_0.05+cautious_z1,both,G0-start0.5,r6_lag,-0.1092,-0.1170,-0.1012
floor_0.05+cautious_z1,both,G0-start0.5,r7_error_5,0.8138,0.7934,0.8345
floor_0.05+cautious_z1,both,G0-start0.5,r7_error_10,0.7420,0.7233,0.7605
floor_0.05+cautious_z1,both,G0-start0.5,r7_longest_wrong,1.7232,1.6960,1.7508
floor_0.05+cautious_z1,both,G0-start0.5,r7_hard_first,0.1250,0.1197,0.1304
floor_0.05+cautious_z1,both,G0-start0.5,r4b_chance_below_0.5,0.0696,0.0666,0.0726
floor_0.05+cautious_z1,both,G0-start0.5,r4b_chance_0.5_to_0.6,0.1110,0.1086,0.1134
floor_0.05+cautious_z1,both,G0-start0.5,r4b_chance_0.6_to_0.7,0.2057,0.2031,0.2085
floor_0.05+cautious_z1,both,G0-start0.5,r4b_chance_0.7_to_0.8,0.2898,0.2872,0.2926
floor_0.05+cautious_z1,both,G0-start0.5,r4b_chance_0.8_up,0.3238,0.3179,0.3299
floor_0.05+cautious_z1,both,G0-start0.5,r3_reachable,0.9594,0.9571,0.9617
floor_0.05+cautious_z1,both,G0-start0.5,r8_rank_6_20,3.5433,3.3317,3.7750
floor_0.05+cautious_z1,both,G0-start0.5,r8_topic_rank_6_20,17.2467,16.7767,17.7150
floor_0.05+cautious_z1,both,G0-start0.5,r8_rank_150_200,1.5740,1.4525,1.6956
floor_0.05+cautious_z1,both,G0-start0.5,r8_topic_rank_150_200,9.1529,8.9593,9.3578
floor_0.05+cautious_z1,both,G0-start0.5,r2_ece,0.0056,0.0042,0.0071
floor_0.05+cautious_z1,both,G0-start0.5,r4b_3,0.1479,0.1419,0.1539
floor_0.05+cautious_z1,both,G0-start0.5,r4b_5,0.1724,0.1655,0.1796
floor_0.05+cautious_z1,both,G0-start0.5,r4b_10,0.1810,0.1741,0.1883
floor_0.05+cautious_z1,both,G0-start0.5,r4b_20,0.1876,0.1803,0.1955
floor_0.05+cautious_z1,both,G0-start0.5,r4b_50,0.2000,0.1879,0.2132
floor_0.05+cautious_z1,both,G0-start0.5,r8_move_p95_6_20,73.0000,73.0000,73.0000
floor_0.05+cautious_z1,both,G0-start0.5,r8_move_p95_150_200,41.0000,40.0000,41.0000
floor_0.05+cautious_z1,both,G0-start2,r1_rms_5,1.1021,1.0806,1.1244
floor_0.05+cautious_z1,both,G0-start2,r1_mean_5,-0.0280,-0.0662,0.0109
floor_0.05+cautious_z1,both,G0-start2,r1_rms_10,1.0235,1.0043,1.0422
floor_0.05+cautious_z1,both,G0-start2,r1_mean_10,-0.0537,-0.0876,-0.0208
floor_0.05+cautious_z1,both,G0-start2,r1_rms_20,0.9076,0.8922,0.9241
floor_0.05+cautious_z1,both,G0-start2,r1_mean_20,-0.0773,-0.1060,-0.0493
floor_0.05+cautious_z1,both,G0-start2,r1_rms_50,0.7279,0.7166,0.7392
floor_0.05+cautious_z1,both,G0-start2,r1_mean_50,-0.1068,-0.1272,-0.0872
floor_0.05+cautious_z1,both,G0-start2,r1_rms_100,0.6004,0.5925,0.6083
floor_0.05+cautious_z1,both,G0-start2,r1_mean_100,-0.1203,-0.1333,-0.1063
floor_0.05+cautious_z1,both,G0-start2,r1_rms_200,0.5038,0.4986,0.5090
floor_0.05+cautious_z1,both,G0-start2,r1_mean_200,-0.1004,-0.1096,-0.0909
floor_0.05+cautious_z1,both,G0-start2,r2_brier,0.1761,0.1749,0.1773
floor_0.05+cautious_z1,both,G0-start2,r2_bias,0.0032,0.0016,0.0049
floor_0.05+cautious_z1,both,G0-start2,r3_inside,0.3998,0.3958,0.4039
floor_0.05+cautious_z1,both,G0-start2,r3_below_0.5,0.0706,0.0657,0.0756
floor_0.05+cautious_z1,both,G0-start2,r3_above_0.95,0.0407,0.0381,0.0435
floor_0.05+cautious_z1,both,G0-start2,r4_false,0.0344,0.0319,0.0372
floor_0.05+cautious_z1,both,G0-start2,r4_false_0.70,0.0074,0.0063,0.0086
floor_0.05+cautious_z1,both,G0-start2,r4_below,0.5071,0.4959,0.5185
floor_0.05+cautious_z1,both,G0-start2,r4_false_at_task,0.0256,0.0222,0.0290
floor_0.05+cautious_z1,both,G0-start2,r4_declared,8.7130,8.4970,8.9350
floor_0.05+cautious_z1,both,G0-start2,r5_late_answers,4.9507,4.8678,5.0396
floor_0.05+cautious_z1,both,G0-start2,r5_never,0.1733,0.1653,0.1813
floor_0.05+cautious_z1,both,G0-start2,r6_lag,-0.1151,-0.1252,-0.1057
floor_0.05+cautious_z1,both,G0-start2,r7_error_5,0.9629,0.9398,0.9865
floor_0.05+cautious_z1,both,G0-start2,r7_error_10,0.8798,0.8587,0.9017
floor_0.05+cautious_z1,both,G0-start2,r7_longest_wrong,1.8787,1.8430,1.9140
floor_0.05+cautious_z1,both,G0-start2,r7_hard_first,0.1829,0.1751,0.1909
floor_0.05+cautious_z1,both,G0-start2,r4b_chance_below_0.5,0.1905,0.1768,0.2045
floor_0.05+cautious_z1,both,G0-start2,r4b_chance_0.5_to_0.6,0.1358,0.1321,0.1396
floor_0.05+cautious_z1,both,G0-start2,r4b_chance_0.6_to_0.7,0.2008,0.1968,0.2051
floor_0.05+cautious_z1,both,G0-start2,r4b_chance_0.7_to_0.8,0.2432,0.2375,0.2491
floor_0.05+cautious_z1,both,G0-start2,r4b_chance_0.8_up,0.2296,0.2215,0.2376
floor_0.05+cautious_z1,both,G0-start2,r3_reachable,0.8744,0.8664,0.8824
floor_0.05+cautious_z1,both,G0-start2,r8_rank_6_20,3.7867,3.5600,4.0167
floor_0.05+cautious_z1,both,G0-start2,r8_topic_rank_6_20,17.6500,17.1650,18.1183
floor_0.05+cautious_z1,both,G0-start2,r8_rank_150_200,1.5431,1.4206,1.6667
floor_0.05+cautious_z1,both,G0-start2,r8_topic_rank_150_200,8.2539,8.0539,8.4608
floor_0.05+cautious_z1,both,G0-start2,r2_ece,0.0042,0.0025,0.0060
floor_0.05+cautious_z1,both,G0-start2,r4b_3,0.1352,0.1288,0.1416
floor_0.05+cautious_z1,both,G0-start2,r4b_5,0.1650,0.1575,0.1721
floor_0.05+cautious_z1,both,G0-start2,r4b_10,0.1783,0.1702,0.1862
floor_0.05+cautious_z1,both,G0-start2,r4b_20,0.1863,0.1785,0.1944
floor_0.05+cautious_z1,both,G0-start2,r4b_50,0.1954,0.1851,0.2056
floor_0.05+cautious_z1,both,G0-start2,r8_move_p95_6_20,73.0000,73.0000,73.0000
floor_0.05+cautious_z1,both,G0-start2,r8_move_p95_150_200,40.0000,40.0000,40.0000
floor_0.05+cautious_z1,both,G0-topics0.3,r1_rms_5,0.9134,0.8950,0.9324
floor_0.05+cautious_z1,both,G0-topics0.3,r1_mean_5,0.0045,-0.0288,0.0370
floor_0.05+cautious_z1,both,G0-topics0.3,r1_rms_10,0.8381,0.8214,0.8539
floor_0.05+cautious_z1,both,G0-topics0.3,r1_mean_10,-0.0161,-0.0445,0.0142
floor_0.05+cautious_z1,both,G0-topics0.3,r1_rms_20,0.7365,0.7233,0.7501
floor_0.05+cautious_z1,both,G0-topics0.3,r1_mean_20,-0.0349,-0.0591,-0.0095
floor_0.05+cautious_z1,both,G0-topics0.3,r1_rms_50,0.5892,0.5804,0.5981
floor_0.05+cautious_z1,both,G0-topics0.3,r1_mean_50,-0.0615,-0.0789,-0.0436
floor_0.05+cautious_z1,both,G0-topics0.3,r1_rms_100,0.4989,0.4935,0.5048
floor_0.05+cautious_z1,both,G0-topics0.3,r1_mean_100,-0.0771,-0.0883,-0.0655
floor_0.05+cautious_z1,both,G0-topics0.3,r1_rms_200,0.4373,0.4334,0.4413
floor_0.05+cautious_z1,both,G0-topics0.3,r1_mean_200,-0.0841,-0.0919,-0.0760
floor_0.05+cautious_z1,both,G0-topics0.3,r2_brier,0.1746,0.1737,0.1755
floor_0.05+cautious_z1,both,G0-topics0.3,r2_bias,0.0053,0.0037,0.0068
floor_0.05+cautious_z1,both,G0-topics0.3,r3_inside,0.4503,0.4474,0.4532
floor_0.05+cautious_z1,both,G0-topics0.3,r3_below_0.5,0.0320,0.0303,0.0337
floor_0.05+cautious_z1,both,G0-topics0.3,r3_above_0.95,0.0222,0.0209,0.0236
floor_0.05+cautious_z1,both,G0-topics0.3,r4_false,0.0330,0.0300,0.0363
floor_0.05+cautious_z1,both,G0-topics0.3,r4_false_0.70,0.0049,0.0040,0.0060
floor_0.05+cautious_z1,both,G0-topics0.3,r4_below,0.5500,0.5396,0.5598
floor_0.05+cautious_z1,both,G0-topics0.3,r4_false_at_task,0.0314,0.0266,0.0366
floor_0.05+cautious_z1,both,G0-topics0.3,r4_declared,8.3350,8.1450,8.5225
floor_0.05+cautious_z1,both,G0-topics0.3,r5_late_answers,4.5203,4.4303,4.6098
floor_0.05+cautious_z1,both,G0-topics0.3,r5_never,0.1690,0.1607,0.1769
floor_0.05+cautious_z1,both,G0-topics0.3,r6_lag,-0.0876,-0.0956,-0.0799
floor_0.05+cautious_z1,both,G0-topics0.3,r7_error_5,0.8451,0.8243,0.8657
floor_0.05+cautious_z1,both,G0-topics0.3,r7_error_10,0.7715,0.7525,0.7906
floor_0.05+cautious_z1,both,G0-topics0.3,r7_longest_wrong,1.7475,1.7197,1.7743
floor_0.05+cautious_z1,both,G0-topics0.3,r7_hard_first,0.1278,0.1220,0.1336
floor_0.05+cautious_z1,both,G0-topics0.3,r4b_chance_below_0.5,0.0733,0.0687,0.0779
floor_0.05+cautious_z1,both,G0-topics0.3,r4b_chance_0.5_to_0.6,0.1224,0.1188,0.1259
floor_0.05+cautious_z1,both,G0-topics0.3,r4b_chance_0.6_to_0.7,0.2220,0.2185,0.2253
floor_0.05+cautious_z1,both,G0-topics0.3,r4b_chance_0.7_to_0.8,0.2956,0.2918,0.2992
floor_0.05+cautious_z1,both,G0-topics0.3,r4b_chance_0.8_up,0.2868,0.2802,0.2937
floor_0.05+cautious_z1,both,G0-topics0.3,r3_reachable,0.9402,0.9356,0.9444
floor_0.05+cautious_z1,both,G0-topics0.3,r8_rank_6_20,3.6583,3.4400,3.8817
floor_0.05+cautious_z1,both,G0-topics0.3,r8_topic_rank_6_20,17.4883,17.0233,17.9517
floor_0.05+cautious_z1,both,G0-topics0.3,r8_rank_150_200,1.6961,1.5647,1.8275
floor_0.05+cautious_z1,both,G0-topics0.3,r8_topic_rank_150_200,8.8387,8.6289,9.0412
floor_0.05+cautious_z1,both,G0-topics0.3,r2_ece,0.0070,0.0055,0.0084
floor_0.05+cautious_z1,both,G0-topics0.3,r4b_3,0.1588,0.1526,0.1654
floor_0.05+cautious_z1,both,G0-topics0.3,r4b_5,0.1903,0.1822,0.1978
floor_0.05+cautious_z1,both,G0-topics0.3,r4b_10,0.2012,0.1930,0.2093
floor_0.05+cautious_z1,both,G0-topics0.3,r4b_20,0.2089,0.2006,0.2176
floor_0.05+cautious_z1,both,G0-topics0.3,r4b_50,0.2213,0.2104,0.2335
floor_0.05+cautious_z1,both,G0-topics0.3,r8_move_p95_6_20,73.0000,73.0000,73.0000
floor_0.05+cautious_z1,both,G0-topics0.3,r8_move_p95_150_200,41.0000,40.0000,41.0000
floor_0.05+cautious_z1,both,G0-topics1,r1_rms_5,1.3130,1.2955,1.3300
floor_0.05+cautious_z1,both,G0-topics1,r1_mean_5,-0.0428,-0.0755,-0.0077
floor_0.05+cautious_z1,both,G0-topics1,r1_rms_10,1.2678,1.2532,1.2829
floor_0.05+cautious_z1,both,G0-topics1,r1_mean_10,-0.0832,-0.1138,-0.0510
floor_0.05+cautious_z1,both,G0-topics1,r1_rms_20,1.1799,1.1673,1.1923
floor_0.05+cautious_z1,both,G0-topics1,r1_mean_20,-0.1370,-0.1625,-0.1114
floor_0.05+cautious_z1,both,G0-topics1,r1_rms_50,1.0003,0.9910,1.0100
floor_0.05+cautious_z1,both,G0-topics1,r1_mean_50,-0.1886,-0.2073,-0.1703
floor_0.05+cautious_z1,both,G0-topics1,r1_rms_100,0.8477,0.8403,0.8551
floor_0.05+cautious_z1,both,G0-topics1,r1_mean_100,-0.1957,-0.2089,-0.1825
floor_0.05+cautious_z1,both,G0-topics1,r1_rms_200,0.7150,0.7088,0.7213
floor_0.05+cautious_z1,both,G0-topics1,r1_mean_200,-0.1702,-0.1792,-0.1609
floor_0.05+cautious_z1,both,G0-topics1,r2_brier,0.1748,0.1740,0.1757
floor_0.05+cautious_z1,both,G0-topics1,r2_bias,0.0060,0.0044,0.0075
floor_0.05+cautious_z1,both,G0-topics1,r3_inside,0.3668,0.3644,0.3691
floor_0.05+cautious_z1,both,G0-topics1,r3_below_0.5,0.0617,0.0595,0.0638
floor_0.05+cautious_z1,both,G0-topics1,r3_above_0.95,0.0675,0.0653,0.0698
floor_0.05+cautious_z1,both,G0-topics1,r4_false,0.0595,0.0561,0.0628
floor_0.05+cautious_z1,both,G0-topics1,r4_false_0.70,0.0232,0.0212,0.0253
floor_0.05+cautious_z1,both,G0-topics1,r4_below,0.5815,0.5727,0.5904
floor_0.05+cautious_z1,both,G0-topics1,r4_false_at_task,0.0546,0.0500,0.0593
floor_0.05+cautious_z1,both,G0-topics1,r4_declared,8.3640,8.1640,8.5538
floor_0.05+cautious_z1,both,G0-topics1,r5_late_answers,4.9072,4.8184,4.9994
floor_0.05+cautious_z1,both,G0-topics1,r5_never,0.2613,0.2553,0.2675
floor_0.05+cautious_z1,both,G0-topics1,r6_lag,-0.1701,-0.1789,-0.1612
floor_0.05+cautious_z1,both,G0-topics1,r7_error_5,0.9043,0.8816,0.9257
floor_0.05+cautious_z1,both,G0-topics1,r7_error_10,0.8325,0.8127,0.8523
floor_0.05+cautious_z1,both,G0-topics1,r7_longest_wrong,1.9347,1.9013,1.9685
floor_0.05+cautious_z1,both,G0-topics1,r7_hard_first,0.1922,0.1862,0.1982
floor_0.05+cautious_z1,both,G0-topics1,r4b_chance_below_0.5,0.1361,0.1307,0.1420
floor_0.05+cautious_z1,both,G0-topics1,r4b_chance_0.5_to_0.6,0.1327,0.1302,0.1353
floor_0.05+cautious_z1,both,G0-topics1,r4b_chance_0.6_to_0.7,0.2023,0.1996,0.2051
floor_0.05+cautious_z1,both,G0-topics1,r4b_chance_0.7_to_0.8,0.2515,0.2485,0.2545
floor_0.05+cautious_z1,both,G0-topics1,r4b_chance_0.8_up,0.2774,0.2717,0.2830
floor_0.05+cautious_z1,both,G0-topics1,r3_reachable,0.9212,0.9173,0.9249
floor_0.05+cautious_z1,both,G0-topics1,r8_rank_6_20,3.9117,3.6817,4.1450
floor_0.05+cautious_z1,both,G0-topics1,r8_topic_rank_6_20,18.6983,18.2400,19.1833
floor_0.05+cautious_z1,both,G0-topics1,r8_rank_150_200,1.6784,1.5505,1.8069
floor_0.05+cautious_z1,both,G0-topics1,r8_topic_rank_150_200,8.7044,8.5201,8.8980
floor_0.05+cautious_z1,both,G0-topics1,r2_ece,0.0075,0.0060,0.0089
floor_0.05+cautious_z1,both,G0-topics1,r4b_3,0.1709,0.1646,0.1770
floor_0.05+cautious_z1,both,G0-topics1,r4b_5,0.2100,0.2027,0.2174
floor_0.05+cautious_z1,both,G0-topics1,r4b_10,0.2252,0.2177,0.2330
floor_0.05+cautious_z1,both,G0-topics1,r4b_20,0.2345,0.2259,0.2431
floor_0.05+cautious_z1,both,G0-topics1,r4b_50,0.2407,0.2308,0.2511
floor_0.05+cautious_z1,both,G0-topics1,r8_move_p95_6_20,73.0000,73.0000,73.0000
floor_0.05+cautious_z1,both,G0-topics1,r8_move_p95_150_200,40.0000,40.0000,40.0000
floor_0.05+cautious_z1.28,both,G0,r1_rms_5,1.0045,0.9867,1.0218
floor_0.05+cautious_z1.28,both,G0,r1_mean_5,-0.0146,-0.0468,0.0191
floor_0.05+cautious_z1.28,both,G0,r1_rms_10,0.9401,0.9246,0.9558
floor_0.05+cautious_z1.28,both,G0,r1_mean_10,-0.0412,-0.0692,-0.0111
floor_0.05+cautious_z1.28,both,G0,r1_rms_20,0.8413,0.8291,0.8541
floor_0.05+cautious_z1.28,both,G0,r1_mean_20,-0.0683,-0.0919,-0.0426
floor_0.05+cautious_z1.28,both,G0,r1_rms_50,0.6801,0.6717,0.6890
floor_0.05+cautious_z1.28,both,G0,r1_mean_50,-0.0926,-0.1098,-0.0751
floor_0.05+cautious_z1.28,both,G0,r1_rms_100,0.5690,0.5634,0.5746
floor_0.05+cautious_z1.28,both,G0,r1_mean_100,-0.1092,-0.1203,-0.0977
floor_0.05+cautious_z1.28,both,G0,r1_rms_200,0.4879,0.4839,0.4921
floor_0.05+cautious_z1.28,both,G0,r1_mean_200,-0.1003,-0.1080,-0.0924
floor_0.05+cautious_z1.28,both,G0,r2_brier,0.1743,0.1735,0.1752
floor_0.05+cautious_z1.28,both,G0,r2_bias,0.0046,0.0030,0.0061
floor_0.05+cautious_z1.28,both,G0,r3_inside,0.4299,0.4273,0.4327
floor_0.05+cautious_z1.28,both,G0,r3_below_0.5,0.0376,0.0357,0.0395
floor_0.05+cautious_z1.28,both,G0,r3_above_0.95,0.0299,0.0285,0.0315
floor_0.05+cautious_z1.28,both,G0,r4_false,0.0229,0.0207,0.0251
floor_0.05+cautious_z1.28,both,G0,r4_false_0.70,0.0041,0.0033,0.0049
floor_0.05+cautious_z1.28,both,G0,r4_below,0.5303,0.5217,0.5389
floor_0.05+cautious_z1.28,both,G0,r4_false_at_task,0.0247,0.0212,0.0284
floor_0.05+cautious_z1.28,both,G0,r4_declared,7.9830,7.7862,8.1835
floor_0.05+cautious_z1.28,both,G0,r5_late_answers,4.7662,4.6736,4.8603
floor_0.05+cautious_z1.28,both,G0,r5_never,0.2374,0.2293,0.2457
floor_0.05+cautious_z1.28,both,G0,r6_lag,-0.1072,-0.1154,-0.0992
floor_0.05+cautious_z1.28,both,G0,r7_error_5,0.8588,0.8391,0.8798
floor_0.05+cautious_z1.28,both,G0,r7_error_10,0.7851,0.7660,0.8034
floor_0.05+cautious_z1.28,both,G0,r7_longest_wrong,1.7765,1.7490,1.8045
floor_0.05+cautious_z1.28,both,G0,r7_hard_first,0.1375,0.1320,0.1433
floor_0.05+cautious_z1.28,both,G0,r4b_chance_below_0.5,0.0860,0.0810,0.0915
floor_0.05+cautious_z1.28,both,G0,r4b_chance_0.5_to_0.6,0.1233,0.1203,0.1263
floor_0.05+cautious_z1.28,both,G0,r4b_chance_0.6_to_0.7,0.2146,0.2116,0.2175
floor_0.05+cautious_z1.28,both,G0,r4b_chance_0.7_to_0.8,0.2875,0.2838,0.2911
floor_0.05+cautious_z1.28,both,G0,r4b_chance_0.8_up,0.2886,0.2821,0.2947
floor_0.05+cautious_z1.28,both,G0,r3_reachable,0.9374,0.9332,0.9412
floor_0.05+cautious_z1.28,both,G0,r8_rank_6_20,3.6667,3.4400,3.9000
floor_0.05+cautious_z1.28,both,G0,r8_topic_rank_6_20,18.1283,17.6383,18.6117
floor_0.05+cautious_z1.28,both,G0,r8_rank_150_200,1.7549,1.6240,1.8941
floor_0.05+cautious_z1.28,both,G0,r8_topic_rank_150_200,8.9623,8.7721,9.1520
floor_0.05+cautious_z1.28,both,G0,r2_ece,0.0063,0.0049,0.0078
floor_0.05+cautious_z1.28,both,G0,r4b_3,0.1470,0.1409,0.1534
floor_0.05+cautious_z1.28,both,G0,r4b_5,0.1747,0.1677,0.1820
floor_0.05+cautious_z1.28,both,G0,r4b_10,0.1846,0.1770,0.1924
floor_0.05+cautious_z1.28,both,G0,r4b_20,0.1921,0.1839,0.2002
floor_0.05+cautious_z1.28,both,G0,r4b_50,0.2006,0.1912,0.2104
floor_0.05+cautious_z1.28,both,G0,r8_move_p95_6_20,73.0000,73.0000,73.0000
floor_0.05+cautious_z1.28,both,G0,r8_move_p95_150_200,41.0000,40.0000,41.0000
floor_0.05+cautious_z1.28,both,G1,r1_rms_5,1.0765,1.0544,1.1009
floor_0.05+cautious_z1.28,both,G1,r1_mean_5,-0.0322,-0.0710,0.0043
floor_0.05+cautious_z1.28,both,G1,r1_rms_10,1.0084,0.9904,1.0279
floor_0.05+cautious_z1.28,both,G1,r1_mean_10,-0.0654,-0.0989,-0.0333
floor_0.05+cautious_z1.28,both,G1,r1_rms_20,0.9027,0.8852,0.9188
floor_0.05+cautious_z1.28,both,G1,r1_mean_20,-0.0905,-0.1184,-0.0608
floor_0.05+cautious_z1.28,both,G1,r1_rms_50,0.7263,0.7156,0.7372
floor_0.05+cautious_z1.28,both,G1,r1_mean_50,-0.1166,-0.1371,-0.0970
floor_0.05+cautious_z1.28,both,G1,r1_rms_100,0.6004,0.5934,0.6076
floor_0.05+cautious_z1.28,both,G1,r1_mean_100,-0.1114,-0.1248,-0.0984
floor_0.05+cautious_z1.28,both,G1,r1_rms_200,0.4993,0.4949,0.5039
floor_0.05+cautious_z1.28,both,G1,r1_mean_200,-0.0849,-0.0941,-0.0760
floor_0.05+cautious_z1.28,both,G1,r2_brier,0.1812,0.1798,0.1826
floor_0.05+cautious_z1.28,both,G1,r2_bias,0.0010,-0.0008,0.0027
floor_0.05+cautious_z1.28,both,G1,r3_inside,0.3550,0.3499,0.3598
floor_0.05+cautious_z1.28,both,G1,r3_below_0.5,0.1111,0.1052,0.1169
floor_0.05+cautious_z1.28,both,G1,r3_above_0.95,0.0437,0.0415,0.0462
floor_0.05+cautious_z1.28,both,G1,r4_false,0.0028,0.0020,0.0037
floor_0.05+cautious_z1.28,both,G1,r4_false_0.70,0.0012,0.0006,0.0019
floor_0.05+cautious_z1.28,both,G1,r4_below,0.3499,0.3395,0.3605
floor_0.05+cautious_z1.28,both,G1,r4_false_at_task,0.0015,0.0008,0.0023
floor_0.05+cautious_z1.28,both,G1,r4_declared,9.2405,9.0043,9.4927
floor_0.05+cautious_z1.28,both,G1,r5_late_answers,4.8162,4.7373,4.9012
floor_0.05+cautious_z1.28,both,G1,r5_never,0.0391,0.0363,0.0422
floor_0.05+cautious_z1.28,both,G1,r6_lag,-0.1195,-0.1285,-0.1102
floor_0.05+cautious_z1.28,both,G1,r7_error_5,0.9118,0.8861,0.9373
floor_0.05+cautious_z1.28,both,G1,r7_error_10,0.8382,0.8164,0.8601
floor_0.05+cautious_z1.28,both,G1,r7_longest_wrong,2.0230,1.9835,2.0627
floor_0.05+cautious_z1.28,both,G1,r7_hard_first,0.2241,0.2159,0.2327
floor_0.05+cautious_z1.28,both,G1,r4b_chance_below_0.5,0.2845,0.2733,0.2946
floor_0.05+cautious_z1.28,both,G1,r4b_chance_0.5_to_0.6,0.1799,0.1756,0.1841
floor_0.05+cautious_z1.28,both,G1,r4b_chance_0.6_to_0.7,0.1762,0.1735,0.1791
floor_0.05+cautious_z1.28,both,G1,r4b_chance_0.7_to_0.8,0.1768,0.1715,0.1825
floor_0.05+cautious_z1.28,both,G1,r4b_chance_0.8_up,0.1825,0.1752,0.1905
floor_0.05+cautious_z1.28,both,G1,r3_reachable,0.8072,0.7963,0.8178
floor_0.05+cautious_z1.28,both,G1,r8_rank_6_20,3.9400,3.7217,4.1717
floor_0.05+cautious_z1.28,both,G1,r8_topic_rank_6_20,17.8850,17.3567,18.4183
floor_0.05+cautious_z1.28,both,G1,r8_rank_150_200,1.4613,1.3279,1.5877
floor_0.05+cautious_z1.28,both,G1,r8_topic_rank_150_200,7.1574,6.9446,7.3750
floor_0.05+cautious_z1.28,both,G1,r2_ece,0.0072,0.0065,0.0091
floor_0.05+cautious_z1.28,both,G1,r4b_3,0.0866,0.0811,0.0925
floor_0.05+cautious_z1.28,both,G1,r4b_5,0.0989,0.0923,0.1058
floor_0.05+cautious_z1.28,both,G1,r4b_10,0.1002,0.0940,0.1070
floor_0.05+cautious_z1.28,both,G1,r4b_20,0.1005,0.0941,0.1069
floor_0.05+cautious_z1.28,both,G1,r4b_50,0.1034,0.0958,0.1107
floor_0.05+cautious_z1.28,both,G1,r8_move_p95_6_20,72.0000,72.0000,73.0000
floor_0.05+cautious_z1.28,both,G1,r8_move_p95_150_200,41.0000,40.0000,41.0000
floor_0.05+cautious_z1.28,both,G2,r1_rms_5,0.9947,0.9771,1.0123
floor_0.05+cautious_z1.28,both,G2,r1_mean_5,-0.0657,-0.0992,-0.0319
floor_0.05+cautious_z1.28,both,G2,r1_rms_10,0.9357,0.9205,0.9511
floor_0.05+cautious_z1.28,both,G2,r1_mean_10,-0.1370,-0.1658,-0.1074
floor_0.05+cautious_z1.28,both,G2,r1_rms_20,0.8604,0.8473,0.8742
floor_0.05+cautious_z1.28,both,G2,r1_mean_20,-0.2455,-0.2697,-0.2216
floor_0.05+cautious_z1.28,both,G2,r1_rms_50,0.8097,0.7986,0.8210
floor_0.05+cautious_z1.28,both,G2,r1_mean_50,-0.4893,-0.5072,-0.4711
floor_0.05+cautious_z1.28,both,G2,r1_rms_100,0.9357,0.9255,0.9463
floor_0.05+cautious_z1.28,both,G2,r1_mean_100,-0.7826,-0.7950,-0.7701
floor_0.05+cautious_z1.28,both,G2,r1_rms_200,1.1968,1.1885,1.2054
floor_0.05+cautious_z1.28,both,G2,r1_mean_200,-1.1105,-1.1196,-1.1016
floor_0.05+cautious_z1.28,both,G2,r2_brier,0.1320,0.1313,0.1328
floor_0.05+cautious_z1.28,both,G2,r2_bias,-0.0717,-0.0731,-0.0703
floor_0.05+cautious_z1.28,both,G2,r3_inside,0.2788,0.2757,0.2820
floor_0.05+cautious_z1.28,both,G2,r3_below_0.5,0.0171,0.0162,0.0181
floor_0.05+cautious_z1.28,both,G2,r3_above_0.95,0.1349,0.1310,0.1388
floor_0.05+cautious_z1.28,both,G2,r4_false,0.0034,0.0027,0.0040
floor_0.05+cautious_z1.28,both,G2,r4_false_0.70,0.0003,0.0002,0.0005
floor_0.05+cautious_z1.28,both,G2,r4_below,0.5470,0.5376,0.5570
floor_0.05+cautious_z1.28,both,G2,r4_false_at_task,0.0048,0.0037,0.0060
floor_0.05+cautious_z1.28,both,G2,r4_declared,10.4578,10.2447,10.6780
floor_0.05+cautious_z1.28,both,G2,r5_late_answers,6.8814,6.7802,6.9802
floor_0.05+cautious_z1.28,both,G2,r5_never,0.4248,0.4176,0.4319
floor_0.05+cautious_z1.28,both,G2,r6_lag,-0.9910,-1.0012,-0.9814
floor_0.05+cautious_z1.28,both,G2,r7_error_5,0.8438,0.8250,0.8653
floor_0.05+cautious_z1.28,both,G2,r7_error_10,0.7739,0.7557,0.7925
floor_0.05+cautious_z1.28,both,G2,r7_longest_wrong,1.7315,1.7045,1.7577
floor_0.05+cautious_z1.28,both,G2,r7_hard_first,0.1324,0.1267,0.1377
floor_0.05+cautious_z1.28,both,G2,r4b_chance_below_0.5,0.0611,0.0579,0.0646
floor_0.05+cautious_z1.28,both,G2,r4b_chance_0.5_to_0.6,0.0716,0.0693,0.0740
floor_0.05+cautious_z1.28,both,G2,r4b_chance_0.6_to_0.7,0.1334,0.1306,0.1362
floor_0.05+cautious_z1.28,both,G2,r4b_chance_0.7_to_0.8,0.2335,0.2305,0.2364
floor_0.05+cautious_z1.28,both,G2,r4b_chance_0.8_up,0.5003,0.4935,0.5078
floor_0.05+cautious_z1.28,both,G2,r3_reachable,0.9605,0.9586,0.9624
floor_0.05+cautious_z1.28,both,G2,r8_rank_6_20,3.5583,3.3367,3.7867
floor_0.05+cautious_z1.28,both,G2,r8_topic_rank_6_20,17.3767,16.9083,17.8483
floor_0.05+cautious_z1.28,both,G2,r8_rank_150_200,1.4721,1.3809,1.5672
floor_0.05+cautious_z1.28,both,G2,r8_topic_rank_150_200,9.0034,8.7902,9.2083
floor_0.05+cautious_z1.28,both,G2,r2_ece,0.0717,0.0704,0.0730
floor_0.05+cautious_z1.28,both,G2,r4b_3,0.1214,0.1158,0.1272
floor_0.05+cautious_z1.28,both,G2,r4b_5,0.1528,0.1458,0.1597
floor_0.05+cautious_z1.28,both,G2,r4b_10,0.2083,0.1985,0.2189
floor_0.05+cautious_z1.28,both,G2,r4b_20,0.2465,0.2319,0.2625
floor_0.05+cautious_z1.28,both,G2,r4b_50,0.2725,0.2429,0.3162
floor_0.05+cautious_z1.28,both,G2,r8_move_p95_6_20,73.0000,73.0000,73.0000
floor_0.05+cautious_z1.28,both,G2,r8_move_p95_150_200,39.0000,39.0000,39.0000
floor_0.05+cautious_z1.28,both,G3,r1_rms_5,1.0008,0.9837,1.0183
floor_0.05+cautious_z1.28,both,G3,r1_mean_5,-0.0156,-0.0491,0.0197
floor_0.05+cautious_z1.28,both,G3,r1_rms_10,0.9323,0.9166,0.9474
floor_0.05+cautious_z1.28,both,G3,r1_mean_10,-0.0441,-0.0726,-0.0145
floor_0.05+cautious_z1.28,both,G3,r1_rms_20,0.8337,0.8213,0.8462
floor_0.05+cautious_z1.28,both,G3,r1_mean_20,-0.0620,-0.0871,-0.0364
floor_0.05+cautious_z1.28,both,G3,r1_rms_50,0.6806,0.6717,0.6898
floor_0.05+cautious_z1.28,both,G3,r1_mean_50,-0.1022,-0.1192,-0.0849
floor_0.05+cautious_z1.28,both,G3,r1_rms_100,0.8043,0.7929,0.8158
floor_0.05+cautious_z1.28,both,G3,r1_mean_100,-0.5063,-0.5236,-0.4890
floor_0.05+cautious_z1.28,both,G3,r1_rms_200,0.7252,0.7180,0.7326
floor_0.05+cautious_z1.28,both,G3,r1_mean_200,-0.5525,-0.5620,-0.5434
floor_0.05+cautious_z1.28,both,G3,r2_brier,0.1531,0.1522,0.1539
floor_0.05+cautious_z1.28,both,G3,r2_bias,-0.0344,-0.0357,-0.0329
floor_0.05+cautious_z1.28,both,G3,r3_inside,0.3534,0.3508,0.3560
floor_0.05+cautious_z1.28,both,G3,r3_below_0.5,0.0289,0.0274,0.0303
floor_0.05+cautious_z1.28,both,G3,r3_above_0.95,0.0757,0.0734,0.0782
floor_0.05+cautious_z1.28,both,G3,r4_false,0.0124,0.0108,0.0138
floor_0.05+cautious_z1.28,both,G3,r4_false_0.70,0.0024,0.0019,0.0030
floor_0.05+cautious_z1.28,both,G3,r4_below,0.5495,0.5395,0.5596
floor_0.05+cautious_z1.28,both,G3,r4_false_at_task,0.0157,0.0134,0.0180
floor_0.05+cautious_z1.28,both,G3,r4_declared,9.0220,8.8185,9.2300
floor_0.05+cautious_z1.28,both,G3,r5_late_answers,6.0585,5.9519,6.1632
floor_0.05+cautious_z1.28,both,G3,r5_never,0.3749,0.3671,0.3826
floor_0.05+cautious_z1.28,both,G3,r6_lag,-0.6342,-0.6437,-0.6245
floor_0.05+cautious_z1.28,both,G3,r6_jump_answers,73.7215,72.5615,74.8765
floor_0.05+cautious_z1.28,both,G3,r6_jump_unsettled,0.5847,0.5690,0.6000
floor_0.05+cautious_z1.28,both,G3,r7_error_5,0.8538,0.8333,0.8747
floor_0.05+cautious_z1.28,both,G3,r7_error_10,0.7807,0.7631,0.7997
floor_0.05+cautious_z1.28,both,G3,r7_longest_wrong,1.7730,1.7460,1.8010
floor_0.05+cautious_z1.28,both,G3,r7_hard_first,0.1377,0.1319,0.1434
floor_0.05+cautious_z1.28,both,G3,r4b_chance_below_0.5,0.0788,0.0744,0.0831
floor_0.05+cautious_z1.28,both,G3,r4b_chance_0.5_to_0.6,0.0980,0.0952,0.1008
floor_0.05+cautious_z1.28,both,G3,r4b_chance_0.6_to_0.7,0.1710,0.1680,0.1740
floor_0.05+cautious_z1.28,both,G3,r4b_chance_0.7_to_0.8,0.2557,0.2528,0.2588
floor_0.05+cautious_z1.28,both,G3,r4b_chance_0.8_up,0.3966,0.3888,0.4038
floor_0.05+cautious_z1.28,both,G3,r3_reachable,0.9508,0.9477,0.9536
floor_0.05+cautious_z1.28,both,G3,r8_rank_6_20,3.5583,3.3400,3.7850
floor_0.05+cautious_z1.28,both,G3,r8_topic_rank_6_20,17.3650,16.9033,17.8367
floor_0.05+cautious_z1.28,both,G3,r8_rank_150_200,1.5632,1.4578,1.6760
floor_0.05+cautious_z1.28,both,G3,r8_topic_rank_150_200,8.6485,8.4466,8.8593
floor_0.05+cautious_z1.28,both,G3,r2_ece,0.0344,0.0329,0.0359
floor_0.05+cautious_z1.28,both,G3,r4b_3,0.1377,0.1316,0.1435
floor_0.05+cautious_z1.28,both,G3,r4b_5,0.1722,0.1654,0.1793
floor_0.05+cautious_z1.28,both,G3,r4b_10,0.2060,0.1977,0.2144
floor_0.05+cautious_z1.28,both,G3,r4b_20,0.2372,0.2261,0.2488
floor_0.05+cautious_z1.28,both,G3,r4b_50,0.2537,0.2394,0.2689
floor_0.05+cautious_z1.28,both,G3,r8_move_p95_6_20,73.0000,73.0000,73.0000
floor_0.05+cautious_z1.28,both,G3,r8_move_p95_150_200,40.0000,40.0000,40.0000
floor_0.05+cautious_z1.28,both,G4,r1_rms_5,1.0200,1.0020,1.0378
floor_0.05+cautious_z1.28,both,G4,r1_mean_5,-0.2311,-0.2643,-0.1975
floor_0.05+cautious_z1.28,both,G4,r1_rms_10,0.9621,0.9465,0.9774
floor_0.05+cautious_z1.28,both,G4,r1_mean_10,-0.2855,-0.3134,-0.2559
floor_0.05+cautious_z1.28,both,G4,r1_rms_20,0.8818,0.8684,0.8957
floor_0.05+cautious_z1.28,both,G4,r1_mean_20,-0.3354,-0.3594,-0.3103
floor_0.05+cautious_z1.28,both,G4,r1_rms_50,0.7608,0.7512,0.7709
floor_0.05+cautious_z1.28,both,G4,r1_mean_50,-0.4071,-0.4242,-0.3907
floor_0.05+cautious_z1.28,both,G4,r1_rms_100,0.7003,0.6929,0.7077
floor_0.05+cautious_z1.28,both,G4,r1_mean_100,-0.4561,-0.4673,-0.4445
floor_0.05+cautious_z1.28,both,G4,r1_rms_200,0.6683,0.6624,0.6739
floor_0.05+cautious_z1.28,both,G4,r1_mean_200,-0.4862,-0.4941,-0.4785
floor_0.05+cautious_z1.28,both,G4,r2_brier,0.1803,0.1794,0.1812
floor_0.05+cautious_z1.28,both,G4,r2_bias,0.0137,0.0122,0.0152
floor_0.05+cautious_z1.28,both,G4,r3_inside,0.3900,0.3877,0.3922
floor_0.05+cautious_z1.28,both,G4,r3_below_0.5,0.0591,0.0566,0.0617
floor_0.05+cautious_z1.28,both,G4,r3_above_0.95,0.0354,0.0339,0.0369
floor_0.05+cautious_z1.28,both,G4,r4_false,0.0061,0.0052,0.0073
floor_0.05+cautious_z1.28,both,G4,r4_false_0.70,0.0012,0.0008,0.0017
floor_0.05+cautious_z1.28,both,G4,r4_below,0.5475,0.5390,0.5563
floor_0.05+cautious_z1.28,both,G4,r4_false_at_task,0.0071,0.0056,0.0088
floor_0.05+cautious_z1.28,both,G4,r4_declared,7.1985,7.0152,7.3842
floor_0.05+cautious_z1.28,both,G4,r5_late_answers,4.6729,4.5722,4.7738
floor_0.05+cautious_z1.28,both,G4,r5_never,0.3475,0.3384,0.3563
floor_0.05+cautious_z1.28,both,G4,r6_lag,-0.4751,-0.4832,-0.4671
floor_0.05+cautious_z1.28,both,G4,r7_error_5,0.8787,0.8569,0.8993
floor_0.05+cautious_z1.28,both,G4,r7_error_10,0.8084,0.7895,0.8279
floor_0.05+cautious_z1.28,both,G4,r7_longest_wrong,1.8782,1.8493,1.9078
floor_0.05+cautious_z1.28,both,G4,r7_hard_first,0.1869,0.1805,0.1933
floor_0.05+cautious_z1.28,both,G4,r4b_chance_below_0.5,0.1365,0.1296,0.1432
floor_0.05+cautious_z1.28,both,G4,r4b_chance_0.5_to_0.6,0.1387,0.1360,0.1413
floor_0.05+cautious_z1.28,both,G4,r4b_chance_0.6_to_0.7,0.1988,0.1962,0.2014
floor_0.05+cautious_z1.28,both,G4,r4b_chance_0.7_to_0.8,0.2440,0.2405,0.2474
floor_0.05+cautious_z1.28,both,G4,r4b_chance_0.8_up,0.2819,0.2753,0.2885
floor_0.05+cautious_z1.28,both,G4,r3_reachable,0.9465,0.9421,0.9505
floor_0.05+cautious_z1.28,both,G4,r8_rank_6_20,3.9500,3.6950,4.2083
floor_0.05+cautious_z1.28,both,G4,r8_topic_rank_6_20,18.3150,17.8317,18.7717
floor_0.05+cautious_z1.28,both,G4,r8_rank_150_200,1.6451,1.5172,1.7730
floor_0.05+cautious_z1.28,both,G4,r8_topic_rank_150_200,8.7750,8.5775,8.9750
floor_0.05+cautious_z1.28,both,G4,r2_ece,0.0157,0.0143,0.0172
floor_0.05+cautious_z1.28,both,G4,r4b_3,0.1123,0.1068,0.1178
floor_0.05+cautious_z1.28,both,G4,r4b_5,0.1315,0.1256,0.1377
floor_0.05+cautious_z1.28,both,G4,r4b_10,0.1398,0.1333,0.1462
floor_0.05+cautious_z1.28,both,G4,r4b_20,0.1422,0.1349,0.1489
floor_0.05+cautious_z1.28,both,G4,r4b_50,0.1422,0.1354,0.1486
floor_0.05+cautious_z1.28,both,G4,r8_move_p95_6_20,74.0000,74.0000,74.0000
floor_0.05+cautious_z1.28,both,G4,r8_move_p95_150_200,40.0000,40.0000,41.0000
floor_0.05+cautious_z1.28,both,G5,r1_rms_5,0.9083,0.8883,0.9293
floor_0.05+cautious_z1.28,both,G5,r1_mean_5,-0.0110,-0.0449,0.0221
floor_0.05+cautious_z1.28,both,G5,r1_rms_10,0.8471,0.8305,0.8636
floor_0.05+cautious_z1.28,both,G5,r1_mean_10,-0.0266,-0.0546,0.0042
floor_0.05+cautious_z1.28,both,G5,r1_rms_20,0.8745,0.8611,0.8879
floor_0.05+cautious_z1.28,both,G5,r1_mean_20,-0.0431,-0.0684,-0.0190
floor_0.05+cautious_z1.28,both,G5,r1_rms_50,0.7434,0.7340,0.7532
floor_0.05+cautious_z1.28,both,G5,r1_mean_50,-0.0632,-0.0801,-0.0464
floor_0.05+cautious_z1.28,both,G5,r1_rms_100,0.6341,0.6270,0.6409
floor_0.05+cautious_z1.28,both,G5,r1_mean_100,-0.0931,-0.1059,-0.0807
floor_0.05+cautious_z1.28,both,G5,r1_rms_200,0.5436,0.5382,0.5489
floor_0.05+cautious_z1.28,both,G5,r1_mean_200,-0.0947,-0.1036,-0.0858
floor_0.05+cautious_z1.28,both,G5,r2_brier,0.1773,0.1764,0.1783
floor_0.05+cautious_z1.28,both,G5,r2_bias,0.0077,0.0061,0.0092
floor_0.05+cautious_z1.28,both,G5,r3_inside,0.4082,0.4050,0.4111
floor_0.05+cautious_z1.28,both,G5,r3_below_0.5,0.0509,0.0485,0.0533
floor_0.05+cautious_z1.28,both,G5,r3_above_0.95,0.0350,0.0333,0.0368
floor_0.05+cautious_z1.28,both,G5,r4_false,0.0236,0.0212,0.0260
floor_0.05+cautious_z1.28,both,G5,r4_false_0.70,0.0041,0.0033,0.0050
floor_0.05+cautious_z1.28,both,G5,r4_below,0.5409,0.5310,0.5504
floor_0.05+cautious_z1.28,both,G5,r4_false_at_task,0.0277,0.0239,0.0315
floor_0.05+cautious_z1.28,both,G5,r4_declared,8.1433,7.9475,8.3287
floor_0.05+cautious_z1.28,both,G5,r5_late_answers,4.8993,4.8001,4.9989
floor_0.05+cautious_z1.28,both,G5,r5_never,0.2609,0.2525,0.2687
floor_0.05+cautious_z1.28,both,G5,r6_lag,-0.1063,-0.1148,-0.0974
floor_0.05+cautious_z1.28,both,G5,r7_error_5,0.9720,0.9500,0.9951
floor_0.05+cautious_z1.28,both,G5,r7_error_10,0.9149,0.8944,0.9365
floor_0.05+cautious_z1.28,both,G5,r7_longest_wrong,1.8297,1.8005,1.8595
floor_0.05+cautious_z1.28,both,G5,r7_hard_first,0.1316,0.1255,0.1375
floor_0.05+cautious_z1.28,both,G5,r4b_chance_below_0.5,0.1210,0.1140,0.1281
floor_0.05+cautious_z1.28,both,G5,r4b_chance_0.5_to_0.6,0.1442,0.1403,0.1484
floor_0.05+cautious_z1.28,both,G5,r4b_chance_0.6_to_0.7,0.2205,0.2168,0.2239
floor_0.05+cautious_z1.28,both,G5,r4b_chance_0.7_to_0.8,0.2632,0.2588,0.2680
floor_0.05+cautious_z1.28,both,G5,r4b_chance_0.8_up,0.2511,0.2434,0.2584
floor_0.05+cautious_z1.28,both,G5,r3_reachable,0.9087,0.9025,0.9143
floor_0.05+cautious_z1.28,both,G5,r8_rank_6_20,3.6733,3.4567,3.8950
floor_0.05+cautious_z1.28,both,G5,r8_topic_rank_6_20,17.8700,17.3917,18.3617
floor_0.05+cautious_z1.28,both,G5,r8_rank_150_200,1.6990,1.5760,1.8309
floor_0.05+cautious_z1.28,both,G5,r8_topic_rank_150_200,8.5549,8.3569,8.7387
floor_0.05+cautious_z1.28,both,G5,r2_ece,0.0101,0.0086,0.0116
floor_0.05+cautious_z1.28,both,G5,r4b_3,0.1460,0.1392,0.1529
floor_0.05+cautious_z1.28,both,G5,r4b_5,0.1755,0.1678,0.1833
floor_0.05+cautious_z1.28,both,G5,r4b_10,0.1867,0.1785,0.1946
floor_0.05+cautious_z1.28,both,G5,r4b_20,0.1943,0.1864,0.2028
floor_0.05+cautious_z1.28,both,G5,r4b_50,0.2016,0.1917,0.2120
floor_0.05+cautious_z1.28,both,G5,r8_move_p95_6_20,73.0000,73.0000,73.0000
floor_0.05+cautious_z1.28,both,G5,r8_move_p95_150_200,40.0000,40.0000,41.0000
floor_0.05+cautious_z1.28,both,G6,r1_rms_5,1.0556,1.0349,1.0778
floor_0.05+cautious_z1.28,both,G6,r1_mean_5,-0.0395,-0.0758,-0.0044
floor_0.05+cautious_z1.28,both,G6,r1_rms_10,0.9996,0.9812,1.0179
floor_0.05+cautious_z1.28,both,G6,r1_mean_10,-0.0798,-0.1129,-0.0452
floor_0.05+cautious_z1.28,both,G6,r1_rms_20,0.9240,0.9077,0.9411
floor_0.05+cautious_z1.28,both,G6,r1_mean_20,-0.1081,-0.1379,-0.0789
floor_0.05+cautious_z1.28,both,G6,r1_rms_50,0.8132,0.7984,0.8276
floor_0.05+cautious_z1.28,both,G6,r1_mean_50,-0.1519,-0.1771,-0.1277
floor_0.05+cautious_z1.28,both,G6,r1_rms_100,0.7607,0.7479,0.7744
floor_0.05+cautious_z1.28,both,G6,r1_mean_100,-0.1956,-0.2175,-0.1736
floor_0.05+cautious_z1.28,both,G6,r1_rms_200,0.7566,0.7449,0.7687
floor_0.05+cautious_z1.28,both,G6,r1_mean_200,-0.2450,-0.2670,-0.2235
floor_0.05+cautious_z1.28,both,G6,r2_brier,0.1787,0.1778,0.1797
floor_0.05+cautious_z1.28,both,G6,r2_bias,0.0119,0.0104,0.0135
floor_0.05+cautious_z1.28,both,G6,r3_inside,0.4227,0.4158,0.4298
floor_0.05+cautious_z1.28,both,G6,r3_below_0.5,0.0576,0.0554,0.0599
floor_0.05+cautious_z1.28,both,G6,r3_above_0.95,0.0949,0.0912,0.0984
floor_0.05+cautious_z1.28,both,G6,r4_false,0.0558,0.0507,0.0613
floor_0.05+cautious_z1.28,both,G6,r4_false_0.70,0.0103,0.0084,0.0125
floor_0.05+cautious_z1.28,both,G6,r4_below,0.5340,0.5250,0.5433
floor_0.05+cautious_z1.28,both,G6,r4_false_at_task,0.0662,0.0588,0.0738
floor_0.05+cautious_z1.28,both,G6,r4_declared,7.8245,7.6340,8.0265
floor_0.05+cautious_z1.28,both,G6,r5_late_answers,4.7099,4.6207,4.8111
floor_0.05+cautious_z1.28,both,G6,r5_never,0.2316,0.2232,0.2402
floor_0.05+cautious_z1.28,both,G6,r6_lag,-0.2164,-0.2372,-0.1959
floor_0.05+cautious_z1.28,both,G6,r7_error_5,0.9105,0.8871,0.9343
floor_0.05+cautious_z1.28,both,G6,r7_error_10,0.8451,0.8232,0.8671
floor_0.05+cautious_z1.28,both,G6,r7_longest_wrong,1.8082,1.7792,1.8368
floor_0.05+cautious_z1.28,both,G6,r7_hard_first,0.1356,0.1299,0.1411
floor_0.05+cautious_z1.28,both,G6,r4b_chance_below_0.5,0.1056,0.1004,0.1111
floor_0.05+cautious_z1.28,both,G6,r4b_chance_0.5_to_0.6,0.1147,0.1107,0.1190
floor_0.05+cautious_z1.28,both,G6,r4b_chance_0.6_to_0.7,0.2377,0.2318,0.2436
floor_0.05+cautious_z1.28,both,G6,r4b_chance_0.7_to_0.8,0.3120,0.3048,0.3190
floor_0.05+cautious_z1.28,both,G6,r4b_chance_0.8_up,0.2300,0.2224,0.2372
floor_0.05+cautious_z1.28,both,G6,r3_reachable,0.7850,0.7769,0.7922
floor_0.05+cautious_z1.28,both,G6,r8_rank_6_20,3.8117,3.5800,4.0400
floor_0.05+cautious_z1.28,both,G6,r8_topic_rank_6_20,18.1450,17.6600,18.6300
floor_0.05+cautious_z1.28,both,G6,r8_rank_150_200,1.7216,1.5907,1.8539
floor_0.05+cautious_z1.28,both,G6,r8_topic_rank_150_200,8.8103,8.6113,9.0093
floor_0.05+cautious_z1.28,both,G6,r2_ece,0.0142,0.0127,0.0157
floor_0.05+cautious_z1.28,both,G6,r4b_3,0.1618,0.1549,0.1684
floor_0.05+cautious_z1.28,both,G6,r4b_5,0.1978,0.1895,0.2060
floor_0.05+cautious_z1.28,both,G6,r4b_10,0.2075,0.1993,0.2160
floor_0.05+cautious_z1.28,both,G6,r4b_20,0.2127,0.2036,0.2211
floor_0.05+cautious_z1.28,both,G6,r4b_50,0.2150,0.2061,0.2242
floor_0.05+cautious_z1.28,both,G6,r8_move_p95_6_20,73.0000,73.0000,73.0000
floor_0.05+cautious_z1.28,both,G6,r8_move_p95_150_200,41.0000,40.0000,41.0000
floor_0.05+cautious_z1.28,both,G7,r1_rms_5,1.0234,1.0050,1.0413
floor_0.05+cautious_z1.28,both,G7,r1_mean_5,-0.0986,-0.1336,-0.0649
floor_0.05+cautious_z1.28,both,G7,r1_rms_10,0.9601,0.9443,0.9766
floor_0.05+cautious_z1.28,both,G7,r1_mean_10,-0.1270,-0.1575,-0.0964
floor_0.05+cautious_z1.28,both,G7,r1_rms_20,0.8696,0.8560,0.8833
floor_0.05+cautious_z1.28,both,G7,r1_mean_20,-0.1449,-0.1712,-0.1195
floor_0.05+cautious_z1.28,both,G7,r1_rms_50,0.7292,0.7190,0.7392
floor_0.05+cautious_z1.28,both,G7,r1_mean_50,-0.1596,-0.1785,-0.1405
floor_0.05+cautious_z1.28,both,G7,r1_rms_100,0.6347,0.6278,0.6416
floor_0.05+cautious_z1.28,both,G7,r1_mean_100,-0.1653,-0.1797,-0.1508
floor_0.05+cautious_z1.28,both,G7,r1_rms_200,0.5635,0.5585,0.5685
floor_0.05+cautious_z1.28,both,G7,r1_mean_200,-0.1576,-0.1694,-0.1463
floor_0.05+cautious_z1.28,both,G7,r2_brier,0.1736,0.1727,0.1744
floor_0.05+cautious_z1.28,both,G7,r2_bias,0.0033,0.0019,0.0048
floor_0.05+cautious_z1.28,both,G7,r3_inside,0.4275,0.4248,0.4302
floor_0.05+cautious_z1.28,both,G7,r3_below_0.5,0.0384,0.0365,0.0404
floor_0.05+cautious_z1.28,both,G7,r3_above_0.95,0.0303,0.0288,0.0319
floor_0.05+cautious_z1.28,both,G7,r4_false,0.0243,0.0219,0.0268
floor_0.05+cautious_z1.28,both,G7,r4_false_0.70,0.0044,0.0036,0.0053
floor_0.05+cautious_z1.28,both,G7,r4_below,0.5390,0.5299,0.5479
floor_0.05+cautious_z1.28,both,G7,r4_false_at_task,0.0266,0.0231,0.0304
floor_0.05+cautious_z1.28,both,G7,r4_declared,7.9850,7.7823,8.1862
floor_0.05+cautious_z1.28,both,G7,r5_late_answers,4.8338,4.7395,4.9332
floor_0.05+cautious_z1.28,both,G7,r5_never,0.2358,0.2274,0.2442
floor_0.05+cautious_z1.28,both,G7,r6_lag,-0.1625,-0.1739,-0.1509
floor_0.05+cautious_z1.28,both,G7,r7_error_5,0.8846,0.8641,0.9053
floor_0.05+cautious_z1.28,both,G7,r7_error_10,0.8114,0.7930,0.8308
floor_0.05+cautious_z1.28,both,G7,r7_longest_wrong,1.7857,1.7552,1.8145
floor_0.05+cautious_z1.28,both,G7,r7_hard_first,0.1360,0.1308,0.1418
floor_0.05+cautious_z1.28,both,G7,r4b_chance_below_0.5,0.0874,0.0825,0.0926
floor_0.05+cautious_z1.28,both,G7,r4b_chance_0.5_to_0.6,0.1211,0.1181,0.1240
floor_0.05+cautious_z1.28,both,G7,r4b_chance_0.6_to_0.7,0.2138,0.2107,0.2167
floor_0.05+cautious_z1.28,both,G7,r4b_chance_0.7_to_0.8,0.2865,0.2832,0.2899
floor_0.05+cautious_z1.28,both,G7,r4b_chance_0.8_up,0.2912,0.2847,0.2979
floor_0.05+cautious_z1.28,both,G7,r3_reachable,0.9331,0.9288,0.9372
floor_0.05+cautious_z1.28,both,G7,r8_rank_6_20,3.5167,3.2917,3.7517
floor_0.05+cautious_z1.28,both,G7,r8_topic_rank_6_20,17.1717,16.6817,17.6400
floor_0.05+cautious_z1.28,both,G7,r8_rank_150_200,1.6966,1.5721,1.8255
floor_0.05+cautious_z1.28,both,G7,r8_topic_rank_150_200,8.7716,8.5711,8.9730
floor_0.05+cautious_z1.28,both,G7,r2_ece,0.0053,0.0038,0.0068
floor_0.05+cautious_z1.28,both,G7,r4b_3,0.1518,0.1457,0.1585
floor_0.05+cautious_z1.28,both,G7,r4b_5,0.1779,0.1702,0.1852
floor_0.05+cautious_z1.28,both,G7,r4b_10,0.1878,0.1805,0.1954
floor_0.05+cautious_z1.28,both,G7,r4b_20,0.1945,0.1862,0.2024
floor_0.05+cautious_z1.28,both,G7,r4b_50,0.2067,0.1955,0.2185
floor_0.05+cautious_z1.28,both,G7,r8_move_p95_6_20,73.0000,73.0000,73.0000
floor_0.05+cautious_z1.28,both,G7,r8_move_p95_150_200,41.0000,40.0000,41.0000
floor_0.05+cautious_z1.28,both,G8,r1_rms_5,1.0021,0.9833,1.0195
floor_0.05+cautious_z1.28,both,G8,r1_mean_5,0.0023,-0.0291,0.0354
floor_0.05+cautious_z1.28,both,G8,r1_rms_10,0.9357,0.9198,0.9519
floor_0.05+cautious_z1.28,both,G8,r1_mean_10,-0.0281,-0.0569,0.0008
floor_0.05+cautious_z1.28,both,G8,r1_rms_20,0.8400,0.8269,0.8530
floor_0.05+cautious_z1.28,both,G8,r1_mean_20,-0.0552,-0.0802,-0.0315
floor_0.05+cautious_z1.28,both,G8,r1_rms_50,0.6811,0.6725,0.6903
floor_0.05+cautious_z1.28,both,G8,r1_mean_50,-0.0902,-0.1071,-0.0726
floor_0.05+cautious_z1.28,both,G8,r1_rms_100,0.5707,0.5651,0.5767
floor_0.05+cautious_z1.28,both,G8,r1_mean_100,-0.1078,-0.1195,-0.0963
floor_0.05+cautious_z1.28,both,G8,r1_rms_200,0.4875,0.4835,0.4914
floor_0.05+cautious_z1.28,both,G8,r1_mean_200,-0.0934,-0.1013,-0.0852
floor_0.05+cautious_z1.28,both,G8,r2_brier,0.1744,0.1736,0.1753
floor_0.05+cautious_z1.28,both,G8,r2_bias,0.0048,0.0032,0.0063
floor_0.05+cautious_z1.28,both,G8,r3_inside,0.4302,0.4276,0.4327
floor_0.05+cautious_z1.28,both,G8,r3_below_0.5,0.0379,0.0361,0.0397
floor_0.05+cautious_z1.28,both,G8,r3_above_0.95,0.0293,0.0278,0.0309
floor_0.05+cautious_z1.28,both,G8,r4_false,0.0234,0.0211,0.0257
floor_0.05+cautious_z1.28,both,G8,r4_false_0.70,0.0044,0.0036,0.0054
floor_0.05+cautious_z1.28,both,G8,r4_below,0.5375,0.5290,0.5462
floor_0.05+cautious_z1.28,both,G8,r4_false_at_task,0.0264,0.0226,0.0303
floor_0.05+cautious_z1.28,both,G8,r4_declared,7.8472,7.6608,8.0420
floor_0.05+cautious_z1.28,both,G8,r5_late_answers,5.0749,4.9791,5.1655
floor_0.05+cautious_z1.28,both,G8,r5_never,0.2408,0.2323,0.2493
floor_0.05+cautious_z1.28,both,G8,r6_lag,-0.0982,-0.1066,-0.0903
floor_0.05+cautious_z1.28,both,G8,r7_error_5,0.8521,0.8323,0.8714
floor_0.05+cautious_z1.28,both,G8,r7_error_10,0.7790,0.7604,0.7977
floor_0.05+cautious_z1.28,both,G8,r7_longest_wrong,1.7845,1.7555,1.8125
floor_0.05+cautious_z1.28,both,G8,r7_hard_first,0.1413,0.1355,0.1474
floor_0.05+cautious_z1.28,both,G8,r4b_chance_below_0.5,0.0853,0.0811,0.0898
floor_0.05+cautious_z1.28,both,G8,r4b_chance_0.5_to_0.6,0.1247,0.1217,0.1277
floor_0.05+cautious_z1.28,both,G8,r4b_chance_0.6_to_0.7,0.2169,0.2140,0.2199
floor_0.05+cautious_z1.28,both,G8,r4b_chance_0.7_to_0.8,0.2883,0.2850,0.2919
floor_0.05+cautious_z1.28,both,G8,r4b_chance_0.8_up,0.2847,0.2784,0.2914
floor_0.05+cautious_z1.28,both,G8,r3_reachable,0.9384,0.9343,0.9423
floor_0.05+cautious_z1.28,both,G8,r8_rank_6_20,3.6550,3.4250,3.8883
floor_0.05+cautious_z1.28,both,G8,r8_topic_rank_6_20,17.8933,17.4083,18.3650
floor_0.05+cautious_z1.28,both,G8,r8_rank_150_200,1.7083,1.5838,1.8431
floor_0.05+cautious_z1.28,both,G8,r8_topic_rank_150_200,8.8142,8.6167,9.0132
floor_0.05+cautious_z1.28,both,G8,r2_ece,0.0067,0.0053,0.0083
floor_0.05+cautious_z1.28,both,G8,r4b_3,0.1371,0.1314,0.1431
floor_0.05+cautious_z1.28,both,G8,r4b_5,0.1699,0.1629,0.1771
floor_0.05+cautious_z1.28,both,G8,r4b_10,0.1809,0.1737,0.1889
floor_0.05+cautious_z1.28,both,G8,r4b_20,0.1884,0.1802,0.1962
floor_0.05+cautious_z1.28,both,G8,r4b_50,0.2006,0.1899,0.2128
floor_0.05+cautious_z1.28,both,G8,r8_move_p95_6_20,73.0000,73.0000,73.0000
floor_0.05+cautious_z1.28,both,G8,r8_move_p95_150_200,41.0000,40.0000,41.0000
floor_0.05+cautious_z1.28,both,G0-exact,r1_rms_5,0.9834,0.9658,1.0015
floor_0.05+cautious_z1.28,both,G0-exact,r1_mean_5,-0.0207,-0.0516,0.0126
floor_0.05+cautious_z1.28,both,G0-exact,r1_rms_10,0.9159,0.9012,0.9308
floor_0.05+cautious_z1.28,both,G0-exact,r1_mean_10,-0.0408,-0.0697,-0.0126
floor_0.05+cautious_z1.28,both,G0-exact,r1_rms_20,0.8191,0.8078,0.8316
floor_0.05+cautious_z1.28,both,G0-exact,r1_mean_20,-0.0532,-0.0760,-0.0287
floor_0.05+cautious_z1.28,both,G0-exact,r1_rms_50,0.6599,0.6520,0.6679
floor_0.05+cautious_z1.28,both,G0-exact,r1_mean_50,-0.0642,-0.0805,-0.0481
floor_0.05+cautious_z1.28,both,G0-exact,r1_rms_100,0.5492,0.5441,0.5543
floor_0.05+cautious_z1.28,both,G0-exact,r1_mean_100,-0.0681,-0.0792,-0.0577
floor_0.05+cautious_z1.28,both,G0-exact,r1_rms_200,0.4768,0.4731,0.4806
floor_0.05+cautious_z1.28,both,G0-exact,r1_mean_200,-0.0550,-0.0631,-0.0470
floor_0.05+cautious_z1.28,both,G0-exact,r2_brier,0.1727,0.1719,0.1736
floor_0.05+cautious_z1.28,both,G0-exact,r2_bias,0.0023,0.0009,0.0036
floor_0.05+cautious_z1.28,both,G0-exact,r3_inside,0.5448,0.5399,0.5499
floor_0.05+cautious_z1.28,both,G0-exact,r3_below_0.5,0.0214,0.0195,0.0235
floor_0.05+cautious_z1.28,both,G0-exact,r3_above_0.95,0.0115,0.0105,0.0127
floor_0.05+cautious_z1.28,both,G0-exact,r4_false,0.0234,0.0212,0.0256
floor_0.05+cautious_z1.28,both,G0-exact,r4_false_0.70,0.0045,0.0036,0.0054
floor_0.05+cautious_z1.28,both,G0-exact,r4_below,0.5362,0.5268,0.5457
floor_0.05+cautious_z1.28,both,G0-exact,r4_false_at_task,0.0254,0.0219,0.0292
floor_0.05+cautious_z1.28,both,G0-exact,r4_declared,7.9463,7.7480,8.1397
floor_0.05+cautious_z1.28,both,G0-exact,r5_late_answers,4.7945,4.7042,4.8946
floor_0.05+cautious_z1.28,both,G0-exact,r5_never,0.2216,0.2135,0.2302
floor_0.05+cautious_z1.28,both,G0-exact,r6_lag,-0.0611,-0.0689,-0.0536
floor_0.05+cautious_z1.28,both,G0-exact,r7_error_5,0.8323,0.8124,0.8527
floor_0.05+cautious_z1.28,both,G0-exact,r7_error_10,0.7580,0.7390,0.7760
floor_0.05+cautious_z1.28,both,G0-exact,r7_longest_wrong,1.7565,1.7295,1.7875
floor_0.05+cautious_z1.28,both,G0-exact,r7_hard_first,0.1173,0.1114,0.1232
floor_0.05+cautious_z1.28,both,G0-exact,r4b_chance_below_0.5,0.0576,0.0516,0.0641
floor_0.05+cautious_z1.28,both,G0-exact,r4b_chance_0.5_to_0.6,0.0993,0.0943,0.1044
floor_0.05+cautious_z1.28,both,G0-exact,r4b_chance_0.6_to_0.7,0.2479,0.2409,0.2546
floor_0.05+cautious_z1.28,both,G0-exact,r4b_chance_0.7_to_0.8,0.3874,0.3789,0.3956
floor_0.05+cautious_z1.28,both,G0-exact,r4b_chance_0.8_up,0.2078,0.1998,0.2161
floor_0.05+cautious_z1.28,both,G0-exact,r3_reachable,0.9378,0.9338,0.9419
floor_0.05+cautious_z1.28,both,G0-exact,r8_rank_6_20,3.5717,3.3483,3.8050
floor_0.05+cautious_z1.28,both,G0-exact,r8_topic_rank_6_20,17.5683,17.1217,18.0233
floor_0.05+cautious_z1.28,both,G0-exact,r8_rank_150_200,1.7819,1.6471,1.9206
floor_0.05+cautious_z1.28,both,G0-exact,r8_topic_rank_150_200,8.7730,8.5828,8.9775
floor_0.05+cautious_z1.28,both,G0-exact,r2_ece,0.0040,0.0027,0.0055
floor_0.05+cautious_z1.28,both,G0-exact,r4b_3,0.1493,0.1429,0.1554
floor_0.05+cautious_z1.28,both,G0-exact,r4b_5,0.1743,0.1672,0.1817
floor_0.05+cautious_z1.28,both,G0-exact,r4b_10,0.1836,0.1764,0.1907
floor_0.05+cautious_z1.28,both,G0-exact,r4b_20,0.1911,0.1829,0.1987
floor_0.05+cautious_z1.28,both,G0-exact,r4b_50,0.2028,0.1908,0.2176
floor_0.05+cautious_z1.28,both,G0-exact,r8_move_p95_6_20,73.0000,73.0000,73.0000
floor_0.05+cautious_z1.28,both,G0-exact,r8_move_p95_150_200,41.0000,40.0000,41.0000
floor_0.05+cautious_z1.28,both,G0-miss0.25,r1_rms_5,1.0060,0.9874,1.0237
floor_0.05+cautious_z1.28,both,G0-miss0.25,r1_mean_5,0.0252,-0.0086,0.0592
floor_0.05+cautious_z1.28,both,G0-miss0.25,r1_rms_10,0.9353,0.9199,0.9505
floor_0.05+cautious_z1.28,both,G0-miss0.25,r1_mean_10,-0.0053,-0.0354,0.0232
floor_0.05+cautious_z1.28,both,G0-miss0.25,r1_rms_20,0.8353,0.8222,0.8486
floor_0.05+cautious_z1.28,both,G0-miss0.25,r1_mean_20,-0.0297,-0.0533,-0.0035
floor_0.05+cautious_z1.28,both,G0-miss0.25,r1_rms_50,0.6696,0.6608,0.6786
floor_0.05+cautious_z1.28,both,G0-miss0.25,r1_mean_50,-0.0616,-0.0780,-0.0443
floor_0.05+cautious_z1.28,both,G0-miss0.25,r1_rms_100,0.5568,0.5512,0.5627
floor_0.05+cautious_z1.28,both,G0-miss0.25,r1_mean_100,-0.0708,-0.0826,-0.0600
floor_0.05+cautious_z1.28,both,G0-miss0.25,r1_rms_200,0.4751,0.4713,0.4788
floor_0.05+cautious_z1.28,both,G0-miss0.25,r1_mean_200,-0.0602,-0.0683,-0.0523
floor_0.05+cautious_z1.28,both,G0-miss0.25,r2_brier,0.1738,0.1729,0.1747
floor_0.05+cautious_z1.28,both,G0-miss0.25,r2_bias,0.0043,0.0028,0.0057
floor_0.05+cautious_z1.28,both,G0-miss0.25,r3_inside,0.5048,0.5008,0.5087
floor_0.05+cautious_z1.28,both,G0-miss0.25,r3_below_0.5,0.0260,0.0241,0.0278
floor_0.05+cautious_z1.28,both,G0-miss0.25,r3_above_0.95,0.0167,0.0153,0.0181
floor_0.05+cautious_z1.28,both,G0-miss0.25,r4_false,0.0280,0.0255,0.0306
floor_0.05+cautious_z1.28,both,G0-miss0.25,r4_false_0.70,0.0048,0.0040,0.0057
floor_0.05+cautious_z1.28,both,G0-miss0.25,r4_below,0.5309,0.5221,0.5396
floor_0.05+cautious_z1.28,both,G0-miss0.25,r4_false_at_task,0.0316,0.0276,0.0357
floor_0.05+cautious_z1.28,both,G0-miss0.25,r4_declared,8.0168,7.8288,8.2193
floor_0.05+cautious_z1.28,both,G0-miss0.25,r5_late_answers,4.7655,4.6709,4.8594
floor_0.05+cautious_z1.28,both,G0-miss0.25,r5_never,0.2294,0.2213,0.2373
floor_0.05+cautious_z1.28,both,G0-miss0.25,r6_lag,-0.0711,-0.0793,-0.0631
floor_0.05+cautious_z1.28,both,G0-miss0.25,r7_error_5,0.8649,0.8449,0.8850
floor_0.05+cautious_z1.28,both,G0-miss0.25,r7_error_10,0.7855,0.7670,0.8048
floor_0.05+cautious_z1.28,both,G0-miss0.25,r7_longest_wrong,1.7882,1.7600,1.8162
floor_0.05+cautious_z1.28,both,G0-miss0.25,r7_hard_first,0.1304,0.1243,0.1360
floor_0.05+cautious_z1.28,both,G0-miss0.25,r4b_chance_below_0.5,0.0663,0.0612,0.0716
floor_0.05+cautious_z1.28,both,G0-miss0.25,r4b_chance_0.5_to_0.6,0.1104,0.1066,0.1144
floor_0.05+cautious_z1.28,both,G0-miss0.25,r4b_chance_0.6_to_0.7,0.2462,0.2418,0.2509
floor_0.05+cautious_z1.28,both,G0-miss0.25,r4b_chance_0.7_to_0.8,0.3502,0.3446,0.3559
floor_0.05+cautious_z1.28,both,G0-miss0.25,r4b_chance_0.8_up,0.2268,0.2203,0.2336
floor_0.05+cautious_z1.28,both,G0-miss0.25,r3_reachable,0.9386,0.9347,0.9424
floor_0.05+cautious_z1.28,both,G0-miss0.25,r8_rank_6_20,3.6800,3.4417,3.9117
floor_0.05+cautious_z1.28,both,G0-miss0.25,r8_topic_rank_6_20,18.0300,17.5450,18.5567
floor_0.05+cautious_z1.28,both,G0-miss0.25,r8_rank_150_200,1.7534,1.6265,1.8877
floor_0.05+cautious_z1.28,both,G0-miss0.25,r8_topic_rank_150_200,8.8873,8.6936,9.0799
floor_0.05+cautious_z1.28,both,G0-miss0.25,r2_ece,0.0060,0.0047,0.0075
floor_0.05+cautious_z1.28,both,G0-miss0.25,r4b_3,0.1517,0.1452,0.1578
floor_0.05+cautious_z1.28,both,G0-miss0.25,r4b_5,0.1817,0.1748,0.1888
floor_0.05+cautious_z1.28,both,G0-miss0.25,r4b_10,0.1932,0.1859,0.2007
floor_0.05+cautious_z1.28,both,G0-miss0.25,r4b_20,0.2013,0.1934,0.2094
floor_0.05+cautious_z1.28,both,G0-miss0.25,r4b_50,0.2081,0.1988,0.2183
floor_0.05+cautious_z1.28,both,G0-miss0.25,r8_move_p95_6_20,73.0000,73.0000,73.0000
floor_0.05+cautious_z1.28,both,G0-miss0.25,r8_move_p95_150_200,41.0000,40.0000,41.0000
floor_0.05+cautious_z1.28,both,G0-miss1,r1_rms_5,1.0386,1.0203,1.0583
floor_0.05+cautious_z1.28,both,G0-miss1,r1_mean_5,-0.0762,-0.1098,-0.0404
floor_0.05+cautious_z1.28,both,G0-miss1,r1_rms_10,0.9716,0.9560,0.9880
floor_0.05+cautious_z1.28,both,G0-miss1,r1_mean_10,-0.1096,-0.1403,-0.0791
floor_0.05+cautious_z1.28,both,G0-miss1,r1_rms_20,0.8756,0.8617,0.8896
floor_0.05+cautious_z1.28,both,G0-miss1,r1_mean_20,-0.1357,-0.1614,-0.1103
floor_0.05+cautious_z1.28,both,G0-miss1,r1_rms_50,0.7265,0.7170,0.7360
floor_0.05+cautious_z1.28,both,G0-miss1,r1_mean_50,-0.1754,-0.1933,-0.1573
floor_0.05+cautious_z1.28,both,G0-miss1,r1_rms_100,0.6203,0.6139,0.6271
floor_0.05+cautious_z1.28,both,G0-miss1,r1_mean_100,-0.2018,-0.2151,-0.1898
floor_0.05+cautious_z1.28,both,G0-miss1,r1_rms_200,0.5434,0.5387,0.5483
floor_0.05+cautious_z1.28,both,G0-miss1,r1_mean_200,-0.2134,-0.2223,-0.2046
floor_0.05+cautious_z1.28,both,G0-miss1,r2_brier,0.1764,0.1755,0.1773
floor_0.05+cautious_z1.28,both,G0-miss1,r2_bias,0.0076,0.0060,0.0092
floor_0.05+cautious_z1.28,both,G0-miss1,r3_inside,0.2983,0.2968,0.2997
floor_0.05+cautious_z1.28,both,G0-miss1,r3_below_0.5,0.0900,0.0878,0.0922
floor_0.05+cautious_z1.28,both,G0-miss1,r3_above_0.95,0.1057,0.1034,0.1082
floor_0.05+cautious_z1.28,both,G0-miss1,r4_false,0.0228,0.0204,0.0254
floor_0.05+cautious_z1.28,both,G0-miss1,r4_false_0.70,0.0043,0.0035,0.0053
floor_0.05+cautious_z1.28,both,G0-miss1,r4_below,0.5411,0.5323,0.5499
floor_0.05+cautious_z1.28,both,G0-miss1,r4_false_at_task,0.0268,0.0232,0.0308
floor_0.05+cautious_z1.28,both,G0-miss1,r4_declared,7.9155,7.7278,8.1100
floor_0.05+cautious_z1.28,both,G0-miss1,r5_late_answers,4.8152,4.7190,4.9156
floor_0.05+cautious_z1.28,both,G0-miss1,r5_never,0.2713,0.2626,0.2796
floor_0.05+cautious_z1.28,both,G0-miss1,r6_lag,-0.2129,-0.2218,-0.2043
floor_0.05+cautious_z1.28,both,G0-miss1,r7_error_5,0.8984,0.8768,0.9198
floor_0.05+cautious_z1.28,both,G0-miss1,r7_error_10,0.8245,0.8057,0.8448
floor_0.05+cautious_z1.28,both,G0-miss1,r7_longest_wrong,1.7965,1.7688,1.8250
floor_0.05+cautious_z1.28,both,G0-miss1,r7_hard_first,0.1768,0.1712,0.1824
floor_0.05+cautious_z1.28,both,G0-miss1,r4b_chance_below_0.5,0.1554,0.1509,0.1604
floor_0.05+cautious_z1.28,both,G0-miss1,r4b_chance_0.5_to_0.6,0.1175,0.1157,0.1193
floor_0.05+cautious_z1.28,both,G0-miss1,r4b_chance_0.6_to_0.7,0.1532,0.1515,0.1550
floor_0.05+cautious_z1.28,both,G0-miss1,r4b_chance_0.7_to_0.8,0.1923,0.1904,0.1942
floor_0.05+cautious_z1.28,both,G0-miss1,r4b_chance_0.8_up,0.3816,0.3762,0.3871
floor_0.05+cautious_z1.28,both,G0-miss1,r3_reachable,0.9426,0.9387,0.9465
floor_0.05+cautious_z1.28,both,G0-miss1,r8_rank_6_20,3.5350,3.3183,3.7717
floor_0.05+cautious_z1.28,both,G0-miss1,r8_topic_rank_6_20,17.6767,17.2467,18.1467
floor_0.05+cautious_z1.28,both,G0-miss1,r8_rank_150_200,1.7343,1.6074,1.8672
floor_0.05+cautious_z1.28,both,G0-miss1,r8_topic_rank_150_200,8.8279,8.6402,9.0299
floor_0.05+cautious_z1.28,both,G0-miss1,r2_ece,0.0096,0.0080,0.0112
floor_0.05+cautious_z1.28,both,G0-miss1,r4b_3,0.1462,0.1398,0.1525
floor_0.05+cautious_z1.28,both,G0-miss1,r4b_5,0.1728,0.1656,0.1800
floor_0.05+cautious_z1.28,both,G0-miss1,r4b_10,0.1807,0.1733,0.1878
floor_0.05+cautious_z1.28,both,G0-miss1,r4b_20,0.1868,0.1792,0.1946
floor_0.05+cautious_z1.28,both,G0-miss1,r4b_50,0.1927,0.1835,0.2024
floor_0.05+cautious_z1.28,both,G0-miss1,r8_move_p95_6_20,73.0000,73.0000,74.0000
floor_0.05+cautious_z1.28,both,G0-miss1,r8_move_p95_150_200,41.0000,41.0000,41.0000
floor_0.05+cautious_z1.28,both,G2-half,r1_rms_5,1.0053,0.9869,1.0224
floor_0.05+cautious_z1.28,both,G2-half,r1_mean_5,-0.0555,-0.0867,-0.0222
floor_0.05+cautious_z1.28,both,G2-half,r1_rms_10,0.9421,0.9269,0.9574
floor_0.05+cautious_z1.28,both,G2-half,r1_mean_10,-0.1038,-0.1346,-0.0767
floor_0.05+cautious_z1.28,both,G2-half,r1_rms_20,0.8472,0.8343,0.8605
floor_0.05+cautious_z1.28,both,G2-half,r1_mean_20,-0.1665,-0.1914,-0.1415
floor_0.05+cautious_z1.28,both,G2-half,r1_rms_50,0.7268,0.7171,0.7370
floor_0.05+cautious_z1.28,both,G2-half,r1_mean_50,-0.3032,-0.3204,-0.2865
floor_0.05+cautious_z1.28,both,G2-half,r1_rms_100,0.7014,0.6929,0.7097
floor_0.05+cautious_z1.28,both,G2-half,r1_mean_100,-0.4476,-0.4601,-0.4359
floor_0.05+cautious_z1.28,both,G2-half,r1_rms_200,0.7380,0.7317,0.7446
floor_0.05+cautious_z1.28,both,G2-half,r1_mean_200,-0.5798,-0.5881,-0.5712
floor_0.05+cautious_z1.28,both,G2-half,r2_brier,0.1513,0.1505,0.1521
floor_0.05+cautious_z1.28,both,G2-half,r2_bias,-0.0368,-0.0382,-0.0353
floor_0.05+cautious_z1.28,both,G2-half,r3_inside,0.3736,0.3706,0.3768
floor_0.05+cautious_z1.28,both,G2-half,r3_below_0.5,0.0225,0.0213,0.0237
floor_0.05+cautious_z1.28,both,G2-half,r3_above_0.95,0.0631,0.0607,0.0655
floor_0.05+cautious_z1.28,both,G2-half,r4_false,0.0094,0.0082,0.0107
floor_0.05+cautious_z1.28,both,G2-half,r4_false_0.70,0.0014,0.0010,0.0018
floor_0.05+cautious_z1.28,both,G2-half,r4_below,0.5554,0.5461,0.5646
floor_0.05+cautious_z1.28,both,G2-half,r4_false_at_task,0.0117,0.0097,0.0137
floor_0.05+cautious_z1.28,both,G2-half,r4_declared,9.1175,8.9170,9.3250
floor_0.05+cautious_z1.28,both,G2-half,r5_late_answers,6.1399,6.0248,6.2490
floor_0.05+cautious_z1.28,both,G2-half,r5_never,0.3678,0.3604,0.3754
floor_0.05+cautious_z1.28,both,G2-half,r6_lag,-0.5410,-0.5497,-0.5317
floor_0.05+cautious_z1.28,both,G2-half,r7_error_5,0.8538,0.8335,0.8733
floor_0.05+cautious_z1.28,both,G2-half,r7_error_10,0.7820,0.7633,0.8016
floor_0.05+cautious_z1.28,both,G2-half,r7_longest_wrong,1.7232,1.6970,1.7505
floor_0.05+cautious_z1.28,both,G2-half,r7_hard_first,0.1315,0.1261,0.1373
floor_0.05+cautious_z1.28,both,G2-half,r4b_chance_below_0.5,0.0623,0.0589,0.0657
floor_0.05+cautious_z1.28,both,G2-half,r4b_chance_0.5_to_0.6,0.0870,0.0845,0.0896
floor_0.05+cautious_z1.28,both,G2-half,r4b_chance_0.6_to_0.7,0.1661,0.1631,0.1693
floor_0.05+cautious_z1.28,both,G2-half,r4b_chance_0.7_to_0.8,0.2692,0.2662,0.2721
floor_0.05+cautious_z1.28,both,G2-half,r4b_chance_0.8_up,0.4154,0.4078,0.4228
floor_0.05+cautious_z1.28,both,G2-half,r3_reachable,0.9592,0.9572,0.9610
floor_0.05+cautious_z1.28,both,G2-half,r8_rank_6_20,3.6333,3.3950,3.8933
floor_0.05+cautious_z1.28,both,G2-half,r8_topic_rank_6_20,17.4667,16.9967,17.9433
floor_0.05+cautious_z1.28,both,G2-half,r8_rank_150_200,1.6162,1.5083,1.7402
floor_0.05+cautious_z1.28,both,G2-half,r8_topic_rank_150_200,8.6971,8.5020,8.8897
floor_0.05+cautious_z1.28,both,G2-half,r2_ece,0.0368,0.0354,0.0383
floor_0.05+cautious_z1.28,both,G2-half,r4b_3,0.1318,0.1259,0.1379
floor_0.05+cautious_z1.28,both,G2-half,r4b_5,0.1622,0.1554,0.1690
floor_0.05+cautious_z1.28,both,G2-half,r4b_10,0.1940,0.1860,0.2020
floor_0.05+cautious_z1.28,both,G2-half,r4b_20,0.2169,0.2066,0.2275
floor_0.05+cautious_z1.28,both,G2-half,r4b_50,0.2353,0.2160,0.2627
floor_0.05+cautious_z1.28,both,G2-half,r8_move_p95_6_20,73.0000,73.0000,73.0000
floor_0.05+cautious_z1.28,both,G2-half,r8_move_p95_150_200,40.0000,40.0000,40.0000
floor_0.05+cautious_z1.28,both,G2-fading,r1_rms_5,1.0156,0.9984,1.0337
floor_0.05+cautious_z1.28,both,G2-fading,r1_mean_5,-0.0508,-0.0841,-0.0183
floor_0.05+cautious_z1.28,both,G2-fading,r1_rms_10,0.9503,0.9348,0.9663
floor_0.05+cautious_z1.28,both,G2-fading,r1_mean_10,-0.1192,-0.1483,-0.0884
floor_0.05+cautious_z1.28,both,G2-fading,r1_rms_20,0.8648,0.8510,0.8789
floor_0.05+cautious_z1.28,both,G2-fading,r1_mean_20,-0.2053,-0.2313,-0.1805
floor_0.05+cautious_z1.28,both,G2-fading,r1_rms_50,0.7482,0.7381,0.7585
floor_0.05+cautious_z1.28,both,G2-fading,r1_mean_50,-0.3461,-0.3639,-0.3276
floor_0.05+cautious_z1.28,both,G2-fading,r1_rms_100,0.6897,0.6814,0.6985
floor_0.05+cautious_z1.28,both,G2-fading,r1_mean_100,-0.4225,-0.4342,-0.4104
floor_0.05+cautious_z1.28,both,G2-fading,r1_rms_200,0.6059,0.6002,0.6116
floor_0.05+cautious_z1.28,both,G2-fading,r1_mean_200,-0.3833,-0.3915,-0.3753
floor_0.05+cautious_z1.28,both,G2-fading,r2_brier,0.1542,0.1534,0.1551
floor_0.05+cautious_z1.28,both,G2-fading,r2_bias,-0.0311,-0.0326,-0.0296
floor_0.05+cautious_z1.28,both,G2-fading,r3_inside,0.3878,0.3848,0.3909
floor_0.05+cautious_z1.28,both,G2-fading,r3_below_0.5,0.0235,0.0223,0.0247
floor_0.05+cautious_z1.28,both,G2-fading,r3_above_0.95,0.0575,0.0552,0.0600
floor_0.05+cautious_z1.28,both,G2-fading,r4_false,0.0106,0.0093,0.0120
floor_0.05+cautious_z1.28,both,G2-fading,r4_false_0.70,0.0017,0.0012,0.0021
floor_0.05+cautious_z1.28,both,G2-fading,r4_below,0.5455,0.5361,0.5552
floor_0.05+cautious_z1.28,both,G2-fading,r4_false_at_task,0.0112,0.0093,0.0132
floor_0.05+cautious_z1.28,both,G2-fading,r4_declared,8.8780,8.6698,9.0770
floor_0.05+cautious_z1.28,both,G2-fading,r5_late_answers,5.7789,5.6767,5.8794
floor_0.05+cautious_z1.28,both,G2-fading,r5_never,0.3304,0.3221,0.3386
floor_0.05+cautious_z1.28,both,G2-fading,r6_lag,-0.4159,-0.4250,-0.4069
floor_0.05+cautious_z1.28,both,G2-fading,r7_error_5,0.8760,0.8555,0.8962
floor_0.05+cautious_z1.28,both,G2-fading,r7_error_10,0.8033,0.7844,0.8224
floor_0.05+cautious_z1.28,both,G2-fading,r7_longest_wrong,1.7683,1.7415,1.7948
floor_0.05+cautious_z1.28,both,G2-fading,r7_hard_first,0.1358,0.1304,0.1416
floor_0.05+cautious_z1.28,both,G2-fading,r4b_chance_below_0.5,0.0634,0.0599,0.0673
floor_0.05+cautious_z1.28,both,G2-fading,r4b_chance_0.5_to_0.6,0.0910,0.0884,0.0937
floor_0.05+cautious_z1.28,both,G2-fading,r4b_chance_0.6_to_0.7,0.1779,0.1748,0.1811
floor_0.05+cautious_z1.28,both,G2-fading,r4b_chance_0.7_to_0.8,0.2795,0.2763,0.2827
floor_0.05+cautious_z1.28,both,G2-fading,r4b_chance_0.8_up,0.3882,0.3802,0.3956
floor_0.05+cautious_z1.28,both,G2-fading,r3_reachable,0.9572,0.9552,0.9593
floor_0.05+cautious_z1.28,both,G2-fading,r8_rank_6_20,3.4633,3.2367,3.6967
floor_0.05+cautious_z1.28,both,G2-fading,r8_topic_rank_6_20,17.1067,16.6400,17.5817
floor_0.05+cautious_z1.28,both,G2-fading,r8_rank_150_200,1.6181,1.4946,1.7461
floor_0.05+cautious_z1.28,both,G2-fading,r8_topic_rank_150_200,8.7711,8.5730,8.9735
floor_0.05+cautious_z1.28,both,G2-fading,r2_ece,0.0311,0.0297,0.0326
floor_0.05+cautious_z1.28,both,G2-fading,r4b_3,0.1349,0.1294,0.1407
floor_0.05+cautious_z1.28,both,G2-fading,r4b_5,0.1633,0.1563,0.1702
floor_0.05+cautious_z1.28,both,G2-fading,r4b_10,0.1830,0.1755,0.1908
floor_0.05+cautious_z1.28,both,G2-fading,r4b_20,0.2000,0.1907,0.2091
floor_0.05+cautious_z1.28,both,G2-fading,r4b_50,0.2207,0.2037,0.2398
floor_0.05+cautious_z1.28,both,G2-fading,r8_move_p95_6_20,73.0000,73.0000,73.0000
floor_0.05+cautious_z1.28,both,G2-fading,r8_move_p95_150_200,41.0000,40.0000,41.0000
floor_0.05+cautious_z1.28,both,G3-drop,r1_rms_5,0.9847,0.9673,1.0017
floor_0.05+cautious_z1.28,both,G3-drop,r1_mean_5,-0.0082,-0.0405,0.0233
floor_0.05+cautious_z1.28,both,G3-drop,r1_rms_10,0.9228,0.9080,0.9379
floor_0.05+cautious_z1.28,both,G3-drop,r1_mean_10,-0.0376,-0.0666,-0.0080
floor_0.05+cautious_z1.28,both,G3-drop,r1_rms_20,0.8265,0.8140,0.8390
floor_0.05+cautious_z1.28,both,G3-drop,r1_mean_20,-0.0542,-0.0781,-0.0302
floor_0.05+cautious_z1.28,both,G3-drop,r1_rms_50,0.6757,0.6671,0.6840
floor_0.05+cautious_z1.28,both,G3-drop,r1_mean_50,-0.0686,-0.0855,-0.0517
floor_0.05+cautious_z1.28,both,G3-drop,r1_rms_100,0.7003,0.6915,0.7091
floor_0.05+cautious_z1.28,both,G3-drop,r1_mean_100,0.2838,0.2681,0.3001
floor_0.05+cautious_z1.28,both,G3-drop,r1_rms_200,0.5534,0.5482,0.5587
floor_0.05+cautious_z1.28,both,G3-drop,r1_mean_200,0.2709,0.2622,0.2797
floor_0.05+cautious_z1.28,both,G3-drop,r2_brier,0.2005,0.1996,0.2014
floor_0.05+cautious_z1.28,both,G3-drop,r2_bias,0.0497,0.0482,0.0511
floor_0.05+cautious_z1.28,both,G3-drop,r3_inside,0.3862,0.3837,0.3887
floor_0.05+cautious_z1.28,both,G3-drop,r3_below_0.5,0.0854,0.0826,0.0884
floor_0.05+cautious_z1.28,both,G3-drop,r3_above_0.95,0.0210,0.0199,0.0223
floor_0.05+cautious_z1.28,both,G3-drop,r4_false,0.0465,0.0434,0.0497
floor_0.05+cautious_z1.28,both,G3-drop,r4_false_0.70,0.0139,0.0123,0.0156
floor_0.05+cautious_z1.28,both,G3-drop,r4_below,0.4903,0.4822,0.4985
floor_0.05+cautious_z1.28,both,G3-drop,r4_false_at_task,0.0518,0.0471,0.0569
floor_0.05+cautious_z1.28,both,G3-drop,r4_declared,7.9538,7.7542,8.1455
floor_0.05+cautious_z1.28,both,G3-drop,r5_late_answers,3.6978,3.6303,3.7671
floor_0.05+cautious_z1.28,both,G3-drop,r5_never,0.3128,0.3035,0.3224
floor_0.05+cautious_z1.28,both,G3-drop,r6_lag,0.3626,0.3548,0.3706
floor_0.05+cautious_z1.28,both,G3-drop,r6_jump_answers,46.1298,45.1422,47.1583
floor_0.05+cautious_z1.28,both,G3-drop,r6_jump_unsettled,0.2132,0.2008,0.2260
floor_0.05+cautious_z1.28,both,G3-drop,r7_error_5,0.8476,0.8273,0.8678
floor_0.05+cautious_z1.28,both,G3-drop,r7_error_10,0.7726,0.7547,0.7911
floor_0.05+cautious_z1.28,both,G3-drop,r7_longest_wrong,1.7875,1.7580,1.8168
floor_0.05+cautious_z1.28,both,G3-drop,r7_hard_first,0.1402,0.1346,0.1461
floor_0.05+cautious_z1.28,both,G3-drop,r4b_chance_below_0.5,0.1744,0.1670,0.1813
floor_0.05+cautious_z1.28,both,G3-drop,r4b_chance_0.5_to_0.6,0.1769,0.1742,0.1796
floor_0.05+cautious_z1.28,both,G3-drop,r4b_chance_0.6_to_0.7,0.2282,0.2255,0.2309
floor_0.05+cautious_z1.28,both,G3-drop,r4b_chance_0.7_to_0.8,0.2303,0.2267,0.2338
floor_0.05+cautious_z1.28,both,G3-drop,r4b_chance_0.8_up,0.1902,0.1846,0.1954
floor_0.05+cautious_z1.28,both,G3-drop,r3_reachable,0.8783,0.8727,0.8840
floor_0.05+cautious_z1.28,both,G3-drop,r8_rank_6_20,3.5233,3.3100,3.7617
floor_0.05+cautious_z1.28,both,G3-drop,r8_topic_rank_6_20,17.5700,17.1083,18.0533
floor_0.05+cautious_z1.28,both,G3-drop,r8_rank_150_200,1.9078,1.7882,2.0368
floor_0.05+cautious_z1.28,both,G3-drop,r8_topic_rank_150_200,9.5956,9.3848,9.8074
floor_0.05+cautious_z1.28,both,G3-drop,r2_ece,0.0501,0.0486,0.0517
floor_0.05+cautious_z1.28,both,G3-drop,r4b_3,0.1449,0.1387,0.1508
floor_0.05+cautious_z1.28,both,G3-drop,r4b_5,0.1672,0.1606,0.1739
floor_0.05+cautious_z1.28,both,G3-drop,r4b_10,0.1698,0.1630,0.1767
floor_0.05+cautious_z1.28,both,G3-drop,r4b_20,0.1708,0.1637,0.1780
floor_0.05+cautious_z1.28,both,G3-drop,r4b_50,0.1708,0.1644,0.1779
floor_0.05+cautious_z1.28,both,G3-drop,r8_move_p95_6_20,73.0000,73.0000,73.0000
floor_0.05+cautious_z1.28,both,G3-drop,r8_move_p95_150_200,43.0000,43.0000,43.0000
floor_0.05+cautious_z1.28,both,G0-start0.5,r1_rms_5,0.9677,0.9496,0.9872
floor_0.05+cautious_z1.28,both,G0-start0.5,r1_mean_5,-0.0270,-0.0581,0.0043
floor_0.05+cautious_z1.28,both,G0-start0.5,r1_rms_10,0.9051,0.8895,0.9204
floor_0.05+cautious_z1.28,both,G0-start0.5,r1_mean_10,-0.0443,-0.0754,-0.0155
floor_0.05+cautious_z1.28,both,G0-start0.5,r1_rms_20,0.8143,0.8022,0.8271
floor_0.05+cautious_z1.28,both,G0-start0.5,r1_mean_20,-0.0613,-0.0848,-0.0372
floor_0.05+cautious_z1.28,both,G0-start0.5,r1_rms_50,0.6653,0.6573,0.6735
floor_0.05+cautious_z1.28,both,G0-start0.5,r1_mean_50,-0.0854,-0.1018,-0.0687
floor_0.05+cautious_z1.28,both,G0-start0.5,r1_rms_100,0.5627,0.5570,0.5683
floor_0.05+cautious_z1.28,both,G0-start0.5,r1_mean_100,-0.1010,-0.1126,-0.0903
floor_0.05+cautious_z1.28,both,G0-start0.5,r1_rms_200,0.4839,0.4798,0.4879
floor_0.05+cautious_z1.28,both,G0-start0.5,r1_mean_200,-0.0986,-0.1060,-0.0911
floor_0.05+cautious_z1.28,both,G0-start0.5,r2_brier,0.1726,0.1718,0.1733
floor_0.05+cautious_z1.28,both,G0-start0.5,r2_bias,0.0045,0.0031,0.0059
floor_0.05+cautious_z1.28,both,G0-start0.5,r3_inside,0.4341,0.4318,0.4365
floor_0.05+cautious_z1.28,both,G0-start0.5,r3_below_0.5,0.0328,0.0313,0.0343
floor_0.05+cautious_z1.28,both,G0-start0.5,r3_above_0.95,0.0280,0.0267,0.0295
floor_0.05+cautious_z1.28,both,G0-start0.5,r4_false,0.0133,0.0115,0.0152
floor_0.05+cautious_z1.28,both,G0-start0.5,r4_false_0.70,0.0032,0.0024,0.0041
floor_0.05+cautious_z1.28,both,G0-start0.5,r4_below,0.5125,0.5049,0.5205
floor_0.05+cautious_z1.28,both,G0-start0.5,r4_false_at_task,0.0143,0.0113,0.0173
floor_0.05+cautious_z1.28,both,G0-start0.5,r4_declared,7.6795,7.4967,7.8522
floor_0.05+cautious_z1.28,both,G0-start0.5,r5_late_answers,4.2346,4.1510,4.3186
floor_0.05+cautious_z1.28,both,G0-start0.5,r5_never,0.1656,0.1583,0.1723
floor_0.05+cautious_z1.28,both,G0-start0.5,r6_lag,-0.1087,-0.1169,-0.1007
floor_0.05+cautious_z1.28,both,G0-start0.5,r7_error_5,0.8138,0.7944,0.8336
floor_0.05+cautious_z1.28,both,G0-start0.5,r7_error_10,0.7420,0.7236,0.7607
floor_0.05+cautious_z1.28,both,G0-start0.5,r7_longest_wrong,1.7232,1.6967,1.7490
floor_0.05+cautious_z1.28,both,G0-start0.5,r7_hard_first,0.1250,0.1198,0.1305
floor_0.05+cautious_z1.28,both,G0-start0.5,r4b_chance_below_0.5,0.0698,0.0667,0.0730
floor_0.05+cautious_z1.28,both,G0-start0.5,r4b_chance_0.5_to_0.6,0.1114,0.1087,0.1139
floor_0.05+cautious_z1.28,both,G0-start0.5,r4b_chance_0.6_to_0.7,0.2062,0.2033,0.2090
floor_0.05+cautious_z1.28,both,G0-start0.5,r4b_chance_0.7_to_0.8,0.2892,0.2864,0.2919
floor_0.05+cautious_z1.28,both,G0-start0.5,r4b_chance_0.8_up,0.3235,0.3177,0.3299
floor_0.05+cautious_z1.28,both,G0-start0.5,r3_reachable,0.9593,0.9569,0.9617
floor_0.05+cautious_z1.28,both,G0-start0.5,r8_rank_6_20,3.5433,3.3167,3.7750
floor_0.05+cautious_z1.28,both,G0-start0.5,r8_topic_rank_6_20,17.2467,16.7850,17.7117
floor_0.05+cautious_z1.28,both,G0-start0.5,r8_rank_150_200,1.6196,1.4985,1.7510
floor_0.05+cautious_z1.28,both,G0-start0.5,r8_topic_rank_150_200,9.1123,8.9157,9.3059
floor_0.05+cautious_z1.28,both,G0-start0.5,r2_ece,0.0057,0.0043,0.0070
floor_0.05+cautious_z1.28,both,G0-start0.5,r4b_3,0.1403,0.1344,0.1463
floor_0.05+cautious_z1.28,both,G0-start0.5,r4b_5,0.1630,0.1562,0.1699
floor_0.05+cautious_z1.28,both,G0-start0.5,r4b_10,0.1688,0.1621,0.1757
floor_0.05+cautious_z1.28,both,G0-start0.5,r4b_20,0.1730,0.1658,0.1805
floor_0.05+cautious_z1.28,both,G0-start0.5,r4b_50,0.1781,0.1690,0.1880
floor_0.05+cautious_z1.28,both,G0-start0.5,r8_move_p95_6_20,73.0000,73.0000,73.0000
floor_0.05+cautious_z1.28,both,G0-start0.5,r8_move_p95_150_200,41.0000,40.0000,41.0000
floor_0.05+cautious_z1.28,both,G0-start2,r1_rms_5,1.1021,1.0812,1.1231
floor_0.05+cautious_z1.28,both,G0-start2,r1_mean_5,-0.0280,-0.0661,0.0088
floor_0.05+cautious_z1.28,both,G0-start2,r1_rms_10,1.0235,1.0039,1.0425
floor_0.05+cautious_z1.28,both,G0-start2,r1_mean_10,-0.0537,-0.0867,-0.0193
floor_0.05+cautious_z1.28,both,G0-start2,r1_rms_20,0.9076,0.8919,0.9232
floor_0.05+cautious_z1.28,both,G0-start2,r1_mean_20,-0.0773,-0.1041,-0.0468
floor_0.05+cautious_z1.28,both,G0-start2,r1_rms_50,0.7279,0.7165,0.7392
floor_0.05+cautious_z1.28,both,G0-start2,r1_mean_50,-0.1067,-0.1273,-0.0874
floor_0.05+cautious_z1.28,both,G0-start2,r1_rms_100,0.6011,0.5936,0.6088
floor_0.05+cautious_z1.28,both,G0-start2,r1_mean_100,-0.1192,-0.1331,-0.1045
floor_0.05+cautious_z1.28,both,G0-start2,r1_rms_200,0.5042,0.4991,0.5095
floor_0.05+cautious_z1.28,both,G0-start2,r1_mean_200,-0.1003,-0.1095,-0.0913
floor_0.05+cautious_z1.28,both,G0-start2,r2_brier,0.1761,0.1750,0.1773
floor_0.05+cautious_z1.28,both,G0-start2,r2_bias,0.0032,0.0016,0.0049
floor_0.05+cautious_z1.28,both,G0-start2,r3_inside,0.3994,0.3956,0.4034
floor_0.05+cautious_z1.28,both,G0-start2,r3_below_0.5,0.0706,0.0656,0.0758
floor_0.05+cautious_z1.28,both,G0-start2,r3_above_0.95,0.0406,0.0380,0.0433
floor_0.05+cautious_z1.28,both,G0-start2,r4_false,0.0208,0.0188,0.0229
floor_0.05+cautious_z1.28,both,G0-start2,r4_false_0.70,0.0042,0.0033,0.0050
floor_0.05+cautious_z1.28,both,G0-start2,r4_below,0.4883,0.4773,0.4988
floor_0.05+cautious_z1.28,both,G0-start2,r4_false_at_task,0.0193,0.0167,0.0220
floor_0.05+cautious_z1.28,both,G0-start2,r4_declared,8.3872,8.1700,8.6088
floor_0.05+cautious_z1.28,both,G0-start2,r5_late_answers,5.1433,5.0513,5.2382
floor_0.05+cautious_z1.28,both,G0-start2,r5_never,0.2164,0.2080,0.2249
floor_0.05+cautious_z1.28,both,G0-start2,r6_lag,-0.1158,-0.1252,-0.1058
floor_0.05+cautious_z1.28,both,G0-start2,r7_error_5,0.9629,0.9402,0.9878
floor_0.05+cautious_z1.28,both,G0-start2,r7_error_10,0.8798,0.8583,0.9026
floor_0.05+cautious_z1.28,both,G0-start2,r7_longest_wrong,1.8787,1.8428,1.9150
floor_0.05+cautious_z1.28,both,G0-start2,r7_hard_first,0.1829,0.1752,0.1907
floor_0.05+cautious_z1.28,both,G0-start2,r4b_chance_below_0.5,0.1899,0.1762,0.2035
floor_0.05+cautious_z1.28,both,G0-start2,r4b_chance_0.5_to_0.6,0.1357,0.1319,0.1394
floor_0.05+cautious_z1.28,both,G0-start2,r4b_chance_0.6_to_0.7,0.2017,0.1973,0.2057
floor_0.05+cautious_z1.28,both,G0-start2,r4b_chance_0.7_to_0.8,0.2435,0.2379,0.2493
floor_0.05+cautious_z1.28,both,G0-start2,r4b_chance_0.8_up,0.2292,0.2218,0.2372
floor_0.05+cautious_z1.28,both,G0-start2,r3_reachable,0.8746,0.8664,0.8825
floor_0.05+cautious_z1.28,both,G0-start2,r8_rank_6_20,3.7867,3.5583,4.0133
floor_0.05+cautious_z1.28,both,G0-start2,r8_topic_rank_6_20,17.6500,17.1233,18.1317
floor_0.05+cautious_z1.28,both,G0-start2,r8_rank_150_200,1.5760,1.4598,1.6971
floor_0.05+cautious_z1.28,both,G0-start2,r8_topic_rank_150_200,8.1961,8.0054,8.4044
floor_0.05+cautious_z1.28,both,G0-start2,r2_ece,0.0042,0.0024,0.0059
floor_0.05+cautious_z1.28,both,G0-start2,r4b_3,0.1247,0.1185,0.1311
floor_0.05+cautious_z1.28,both,G0-start2,r4b_5,0.1505,0.1433,0.1574
floor_0.05+cautious_z1.28,both,G0-start2,r4b_10,0.1611,0.1537,0.1682
floor_0.05+cautious_z1.28,both,G0-start2,r4b_20,0.1684,0.1607,0.1764
floor_0.05+cautious_z1.28,both,G0-start2,r4b_50,0.1758,0.1662,0.1857
floor_0.05+cautious_z1.28,both,G0-start2,r8_move_p95_6_20,73.0000,73.0000,73.0000
floor_0.05+cautious_z1.28,both,G0-start2,r8_move_p95_150_200,40.0000,40.0000,40.0000
floor_0.05+cautious_z1.28,both,G0-topics0.3,r1_rms_5,0.9134,0.8944,0.9322
floor_0.05+cautious_z1.28,both,G0-topics0.3,r1_mean_5,0.0045,-0.0271,0.0373
floor_0.05+cautious_z1.28,both,G0-topics0.3,r1_rms_10,0.8381,0.8210,0.8555
floor_0.05+cautious_z1.28,both,G0-topics0.3,r1_mean_10,-0.0161,-0.0446,0.0142
floor_0.05+cautious_z1.28,both,G0-topics0.3,r1_rms_20,0.7365,0.7235,0.7503
floor_0.05+cautious_z1.28,both,G0-topics0.3,r1_mean_20,-0.0349,-0.0597,-0.0103
floor_0.05+cautious_z1.28,both,G0-topics0.3,r1_rms_50,0.5892,0.5806,0.5979
floor_0.05+cautious_z1.28,both,G0-topics0.3,r1_mean_50,-0.0613,-0.0786,-0.0444
floor_0.05+cautious_z1.28,both,G0-topics0.3,r1_rms_100,0.4990,0.4936,0.5049
floor_0.05+cautious_z1.28,both,G0-topics0.3,r1_mean_100,-0.0762,-0.0876,-0.0647
floor_0.05+cautious_z1.28,both,G0-topics0.3,r1_rms_200,0.4381,0.4342,0.4421
floor_0.05+cautious_z1.28,both,G0-topics0.3,r1_mean_200,-0.0839,-0.0925,-0.0762
floor_0.05+cautious_z1.28,both,G0-topics0.3,r2_brier,0.1746,0.1738,0.1755
floor_0.05+cautious_z1.28,both,G0-topics0.3,r2_bias,0.0053,0.0037,0.0068
floor_0.05+cautious_z1.28,both,G0-topics0.3,r3_inside,0.4504,0.4476,0.4535
floor_0.05+cautious_z1.28,both,G0-topics0.3,r3_below_0.5,0.0321,0.0304,0.0338
floor_0.05+cautious_z1.28,both,G0-topics0.3,r3_above_0.95,0.0222,0.0209,0.0235
floor_0.05+cautious_z1.28,both,G0-topics0.3,r4_false,0.0188,0.0167,0.0210
floor_0.05+cautious_z1.28,both,G0-topics0.3,r4_false_0.70,0.0024,0.0017,0.0031
floor_0.05+cautious_z1.28,both,G0-topics0.3,r4_below,0.5296,0.5197,0.5388
floor_0.05+cautious_z1.28,both,G0-topics0.3,r4_false_at_task,0.0220,0.0182,0.0258
floor_0.05+cautious_z1.28,both,G0-topics0.3,r4_declared,8.0535,7.8628,8.2400
floor_0.05+cautious_z1.28,both,G0-topics0.3,r5_late_answers,4.6514,4.5549,4.7523
floor_0.05+cautious_z1.28,both,G0-topics0.3,r5_never,0.2126,0.2038,0.2221
floor_0.05+cautious_z1.28,both,G0-topics0.3,r6_lag,-0.0873,-0.0950,-0.0792
floor_0.05+cautious_z1.28,both,G0-topics0.3,r7_error_5,0.8451,0.8237,0.8658
floor_0.05+cautious_z1.28,both,G0-topics0.3,r7_error_10,0.7715,0.7536,0.7911
floor_0.05+cautious_z1.28,both,G0-topics0.3,r7_longest_wrong,1.7475,1.7217,1.7765
floor_0.05+cautious_z1.28,both,G0-topics0.3,r7_hard_first,0.1278,0.1219,0.1336
floor_0.05+cautious_z1.28,both,G0-topics0.3,r4b_chance_below_0.5,0.0733,0.0689,0.0779
floor_0.05+cautious_z1.28,both,G0-topics0.3,r4b_chance_0.5_to_0.6,0.1229,0.1194,0.1265
floor_0.05+cautious_z1.28,both,G0-topics0.3,r4b_chance_0.6_to_0.7,0.2215,0.2183,0.2248
floor_0.05+cautious_z1.28,both,G0-topics0.3,r4b_chance_0.7_to_0.8,0.2967,0.2928,0.3002
floor_0.05+cautious_z1.28,both,G0-topics0.3,r4b_chance_0.8_up,0.2856,0.2785,0.2925
floor_0.05+cautious_z1.28,both,G0-topics0.3,r3_reachable,0.9400,0.9355,0.9444
floor_0.05+cautious_z1.28,both,G0-topics0.3,r8_rank_6_20,3.6583,3.4250,3.9033
floor_0.05+cautious_z1.28,both,G0-topics0.3,r8_topic_rank_6_20,17.4883,17.0233,17.9950
floor_0.05+cautious_z1.28,both,G0-topics0.3,r8_rank_150_200,1.6794,1.5554,1.8098
floor_0.05+cautious_z1.28,both,G0-topics0.3,r8_topic_rank_150_200,8.8225,8.6240,9.0225
floor_0.05+cautious_z1.28,both,G0-topics0.3,r2_ece,0.0069,0.0055,0.0084
floor_0.05+cautious_z1.28,both,G0-topics0.3,r4b_3,0.1490,0.1428,0.1555
floor_0.05+cautious_z1.28,both,G0-topics0.3,r4b_5,0.1767,0.1693,0.1843
floor_0.05+cautious_z1.28,both,G0-topics0.3,r4b_10,0.1850,0.1772,0.1926
floor_0.05+cautious_z1.28,both,G0-topics0.3,r4b_20,0.1900,0.1816,0.1980
floor_0.05+cautious_z1.28,both,G0-topics0.3,r4b_50,0.1961,0.1869,0.2059
floor_0.05+cautious_z1.28,both,G0-topics0.3,r8_move_p95_6_20,73.0000,73.0000,73.0000
floor_0.05+cautious_z1.28,both,G0-topics0.3,r8_move_p95_150_200,41.0000,41.0000,41.0000
floor_0.05+cautious_z1.28,both,G0-topics1,r1_rms_5,1.3130,1.2944,1.3301
floor_0.05+cautious_z1.28,both,G0-topics1,r1_mean_5,-0.0428,-0.0792,-0.0086
floor_0.05+cautious_z1.28,both,G0-topics1,r1_rms_10,1.2678,1.2532,1.2831
floor_0.05+cautious_z1.28,both,G0-topics1,r1_mean_10,-0.0832,-0.1155,-0.0533
floor_0.05+cautious_z1.28,both,G0-topics1,r1_rms_20,1.1799,1.1678,1.1925
floor_0.05+cautious_z1.28,both,G0-topics1,r1_mean_20,-0.1370,-0.1649,-0.1109
floor_0.05+cautious_z1.28,both,G0-topics1,r1_rms_50,1.0001,0.9910,1.0101
floor_0.05+cautious_z1.28,both,G0-topics1,r1_mean_50,-0.1894,-0.2083,-0.1715
floor_0.05+cautious_z1.28,both,G0-topics1,r1_rms_100,0.8467,0.8394,0.8545
floor_0.05+cautious_z1.28,both,G0-topics1,r1_mean_100,-0.1967,-0.2094,-0.1829
floor_0.05+cautious_z1.28,both,G0-topics1,r1_rms_200,0.7130,0.7067,0.7194
floor_0.05+cautious_z1.28,both,G0-topics1,r1_mean_200,-0.1684,-0.1773,-0.1593
floor_0.05+cautious_z1.28,both,G0-topics1,r2_brier,0.1748,0.1739,0.1756
floor_0.05+cautious_z1.28,both,G0-topics1,r2_bias,0.0058,0.0043,0.0074
floor_0.05+cautious_z1.28,both,G0-topics1,r3_inside,0.3663,0.3639,0.3685
floor_0.05+cautious_z1.28,both,G0-topics1,r3_below_0.5,0.0617,0.0597,0.0639
floor_0.05+cautious_z1.28,both,G0-topics1,r3_above_0.95,0.0678,0.0656,0.0700
floor_0.05+cautious_z1.28,both,G0-topics1,r4_false,0.0425,0.0395,0.0453
floor_0.05+cautious_z1.28,both,G0-topics1,r4_false_0.70,0.0152,0.0137,0.0168
floor_0.05+cautious_z1.28,both,G0-topics1,r4_below,0.5570,0.5489,0.5656
floor_0.05+cautious_z1.28,both,G0-topics1,r4_false_at_task,0.0495,0.0453,0.0539
floor_0.05+cautious_z1.28,both,G0-topics1,r4_declared,8.0747,7.8822,8.2750
floor_0.05+cautious_z1.28,both,G0-topics1,r5_late_answers,5.0649,4.9664,5.1595
floor_0.05+cautious_z1.28,both,G0-topics1,r5_never,0.2999,0.2935,0.3063
floor_0.05+cautious_z1.28,both,G0-topics1,r6_lag,-0.1716,-0.1804,-0.1626
floor_0.05+cautious_z1.28,both,G0-topics1,r7_error_5,0.9043,0.8842,0.9256
floor_0.05+cautious_z1.28,both,G0-topics1,r7_error_10,0.8325,0.8124,0.8524
floor_0.05+cautious_z1.28,both,G0-topics1,r7_longest_wrong,1.9347,1.9030,1.9688
floor_0.05+cautious_z1.28,both,G0-topics1,r7_hard_first,0.1922,0.1863,0.1986
floor_0.05+cautious_z1.28,both,G0-topics1,r4b_chance_below_0.5,0.1360,0.1311,0.1413
floor_0.05+cautious_z1.28,both,G0-topics1,r4b_chance_0.5_to_0.6,0.1339,0.1316,0.1363
floor_0.05+cautious_z1.28,both,G0-topics1,r4b_chance_0.6_to_0.7,0.2031,0.2004,0.2058
floor_0.05+cautious_z1.28,both,G0-topics1,r4b_chance_0.7_to_0.8,0.2512,0.2479,0.2544
floor_0.05+cautious_z1.28,both,G0-topics1,r4b_chance_0.8_up,0.2758,0.2698,0.2816
floor_0.05+cautious_z1.28,both,G0-topics1,r3_reachable,0.9217,0.9181,0.9252
floor_0.05+cautious_z1.28,both,G0-topics1,r8_rank_6_20,3.9117,3.6867,4.1450
floor_0.05+cautious_z1.28,both,G0-topics1,r8_topic_rank_6_20,18.6983,18.2183,19.1583
floor_0.05+cautious_z1.28,both,G0-topics1,r8_rank_150_200,1.7132,1.5868,1.8426
floor_0.05+cautious_z1.28,both,G0-topics1,r8_topic_rank_150_200,8.6176,8.4275,8.8098
floor_0.05+cautious_z1.28,both,G0-topics1,r2_ece,0.0075,0.0061,0.0090
floor_0.05+cautious_z1.28,both,G0-topics1,r4b_3,0.1571,0.1511,0.1632
floor_0.05+cautious_z1.28,both,G0-topics1,r4b_5,0.1923,0.1853,0.1995
floor_0.05+cautious_z1.28,both,G0-topics1,r4b_10,0.2053,0.1978,0.2129
floor_0.05+cautious_z1.28,both,G0-topics1,r4b_20,0.2129,0.2052,0.2208
floor_0.05+cautious_z1.28,both,G0-topics1,r4b_50,0.2152,0.2068,0.2240
floor_0.05+cautious_z1.28,both,G0-topics1,r8_move_p95_6_20,73.0000,73.0000,73.0000
floor_0.05+cautious_z1.28,both,G0-topics1,r8_move_p95_150_200,40.0000,40.0000,40.0000
floor_0.05+cautious_z1.64,both,G0,r1_rms_5,1.0045,0.9870,1.0220
floor_0.05+cautious_z1.64,both,G0,r1_mean_5,-0.0146,-0.0482,0.0185
floor_0.05+cautious_z1.64,both,G0,r1_rms_10,0.9401,0.9253,0.9560
floor_0.05+cautious_z1.64,both,G0,r1_mean_10,-0.0412,-0.0703,-0.0104
floor_0.05+cautious_z1.64,both,G0,r1_rms_20,0.8413,0.8292,0.8546
floor_0.05+cautious_z1.64,both,G0,r1_mean_20,-0.0683,-0.0939,-0.0434
floor_0.05+cautious_z1.64,both,G0,r1_rms_50,0.6801,0.6712,0.6889
floor_0.05+cautious_z1.64,both,G0,r1_mean_50,-0.0928,-0.1098,-0.0748
floor_0.05+cautious_z1.64,both,G0,r1_rms_100,0.5677,0.5618,0.5735
floor_0.05+cautious_z1.64,both,G0,r1_mean_100,-0.1083,-0.1198,-0.0967
floor_0.05+cautious_z1.64,both,G0,r1_rms_200,0.4861,0.4821,0.4903
floor_0.05+cautious_z1.64,both,G0,r1_mean_200,-0.0992,-0.1073,-0.0911
floor_0.05+cautious_z1.64,both,G0,r2_brier,0.1745,0.1735,0.1754
floor_0.05+cautious_z1.64,both,G0,r2_bias,0.0045,0.0030,0.0060
floor_0.05+cautious_z1.64,both,G0,r3_inside,0.4291,0.4263,0.4317
floor_0.05+cautious_z1.64,both,G0,r3_below_0.5,0.0378,0.0359,0.0397
floor_0.05+cautious_z1.64,both,G0,r3_above_0.95,0.0298,0.0283,0.0313
floor_0.05+cautious_z1.64,both,G0,r4_false,0.0106,0.0092,0.0120
floor_0.05+cautious_z1.64,both,G0,r4_false_0.70,0.0016,0.0011,0.0021
floor_0.05+cautious_z1.64,both,G0,r4_below,0.4636,0.4561,0.4708
floor_0.05+cautious_z1.64,both,G0,r4_false_at_task,0.0159,0.0137,0.0184
floor_0.05+cautious_z1.64,both,G0,r4_declared,7.6658,7.4718,7.8548
floor_0.05+cautious_z1.64,both,G0,r5_late_answers,4.8559,4.7556,4.9612
floor_0.05+cautious_z1.64,both,G0,r5_never,0.3012,0.2922,0.3100
floor_0.05+cautious_z1.64,both,G0,r6_lag,-0.1074,-0.1150,-0.0997
floor_0.05+cautious_z1.64,both,G0,r7_error_5,0.8588,0.8385,0.8782
floor_0.05+cautious_z1.64,both,G0,r7_error_10,0.7851,0.7654,0.8038
floor_0.05+cautious_z1.64,both,G0,r7_longest_wrong,1.7765,1.7495,1.8050
floor_0.05+cautious_z1.64,both,G0,r7_hard_first,0.1375,0.1319,0.1433
floor_0.05+cautious_z1.64,both,G0,r4b_chance_below_0.5,0.0874,0.0824,0.0931
floor_0.05+cautious_z1.64,both,G0,r4b_chance_0.5_to_0.6,0.1249,0.1219,0.1280
floor_0.05+cautious_z1.64,both,G0,r4b_chance_0.6_to_0.7,0.2156,0.2127,0.2185
floor_0.05+cautious_z1.64,both,G0,r4b_chance_0.7_to_0.8,0.2862,0.2826,0.2897
floor_0.05+cautious_z1.64,both,G0,r4b_chance_0.8_up,0.2860,0.2793,0.2924
floor_0.05+cautious_z1.64,both,G0,r3_reachable,0.9379,0.9336,0.9419
floor_0.05+cautious_z1.64,both,G0,r8_rank_6_20,3.6667,3.4417,3.8867
floor_0.05+cautious_z1.64,both,G0,r8_topic_rank_6_20,18.1283,17.6850,18.5967
floor_0.05+cautious_z1.64,both,G0,r8_rank_150_200,1.6397,1.5142,1.7637
floor_0.05+cautious_z1.64,both,G0,r8_topic_rank_150_200,9.0618,8.8598,9.2598
floor_0.05+cautious_z1.64,both,G0,r2_ece,0.0062,0.0048,0.0077
floor_0.05+cautious_z1.64,both,G0,r4b_3,0.1359,0.1298,0.1424
floor_0.05+cautious_z1.64,both,G0,r4b_5,0.1574,0.1503,0.1648
floor_0.05+cautious_z1.64,both,G0,r4b_10,0.1617,0.1549,0.1689
floor_0.05+cautious_z1.64,both,G0,r4b_20,0.1647,0.1574,0.1724
floor_0.05+cautious_z1.64,both,G0,r4b_50,0.1678,0.1593,0.1768
floor_0.05+cautious_z1.64,both,G0,r8_move_p95_6_20,73.0000,73.0000,73.0000
floor_0.05+cautious_z1.64,both,G0,r8_move_p95_150_200,41.0000,41.0000,41.0000
floor_0.05+cautious_z1.64,both,G1,r1_rms_5,1.0765,1.0540,1.0990
floor_0.05+cautious_z1.64,both,G1,r1_mean_5,-0.0322,-0.0706,0.0050
floor_0.05+cautious_z1.64,both,G1,r1_rms_10,1.0084,0.9885,1.0281
floor_0.05+cautious_z1.64,both,G1,r1_mean_10,-0.0654,-0.1003,-0.0316
floor_0.05+cautious_z1.64,both,G1,r1_rms_20,0.9027,0.8871,0.9193
floor_0.05+cautious_z1.64,both,G1,r1_mean_20,-0.0905,-0.1193,-0.0617
floor_0.05+cautious_z1.64,both,G1,r1_rms_50,0.7261,0.7154,0.7372
floor_0.05+cautious_z1.64,both,G1,r1_mean_50,-0.1160,-0.1364,-0.0956
floor_0.05+cautious_z1.64,both,G1,r1_rms_100,0.5987,0.5920,0.6058
floor_0.05+cautious_z1.64,both,G1,r1_mean_100,-0.1075,-0.1214,-0.0932
floor_0.05+cautious_z1.64,both,G1,r1_rms_200,0.4950,0.4907,0.4996
floor_0.05+cautious_z1.64,both,G1,r1_mean_200,-0.0800,-0.0885,-0.0711
floor_0.05+cautious_z1.64,both,G1,r2_brier,0.1815,0.1802,0.1828
floor_0.05+cautious_z1.64,both,G1,r2_bias,0.0007,-0.0010,0.0025
floor_0.05+cautious_z1.64,both,G1,r3_inside,0.3549,0.3502,0.3597
floor_0.05+cautious_z1.64,both,G1,r3_below_0.5,0.1111,0.1050,0.1170
floor_0.05+cautious_z1.64,both,G1,r3_above_0.95,0.0433,0.0409,0.0457
floor_0.05+cautious_z1.64,both,G1,r4_false,0.0014,0.0008,0.0020
floor_0.05+cautious_z1.64,both,G1,r4_false_0.70,0.0005,0.0001,0.0010
floor_0.05+cautious_z1.64,both,G1,r4_below,0.3025,0.2948,0.3104
floor_0.05+cautious_z1.64,both,G1,r4_false_at_task,0.0013,0.0007,0.0020
floor_0.05+cautious_z1.64,both,G1,r4_declared,9.4358,9.1850,9.6918
floor_0.05+cautious_z1.64,both,G1,r5_late_answers,5.2863,5.1970,5.3768
floor_0.05+cautious_z1.64,both,G1,r5_never,0.0533,0.0495,0.0575
floor_0.05+cautious_z1.64,both,G1,r6_lag,-0.1231,-0.1327,-0.1130
floor_0.05+cautious_z1.64,both,G1,r7_error_5,0.9118,0.8863,0.9362
floor_0.05+cautious_z1.64,both,G1,r7_error_10,0.8382,0.8148,0.8624
floor_0.05+cautious_z1.64,both,G1,r7_longest_wrong,2.0230,1.9848,2.0600
floor_0.05+cautious_z1.64,both,G1,r7_hard_first,0.2241,0.2157,0.2329
floor_0.05+cautious_z1.64,both,G1,r4b_chance_below_0.5,0.2884,0.2780,0.2987
floor_0.05+cautious_z1.64,both,G1,r4b_chance_0.5_to_0.6,0.1817,0.1775,0.1858
floor_0.05+cautious_z1.64,both,G1,r4b_chance_0.6_to_0.7,0.1761,0.1733,0.1790
floor_0.05+cautious_z1.64,both,G1,r4b_chance_0.7_to_0.8,0.1750,0.1695,0.1806
floor_0.05+cautious_z1.64,both,G1,r4b_chance_0.8_up,0.1789,0.1713,0.1865
floor_0.05+cautious_z1.64,both,G1,r3_reachable,0.8082,0.7971,0.8188
floor_0.05+cautious_z1.64,both,G1,r8_rank_6_20,3.9400,3.7083,4.1567
floor_0.05+cautious_z1.64,both,G1,r8_topic_rank_6_20,17.8850,17.3817,18.4117
floor_0.05+cautious_z1.64,both,G1,r8_rank_150_200,1.5172,1.3922,1.6485
floor_0.05+cautious_z1.64,both,G1,r8_topic_rank_150_200,7.0696,6.8485,7.2691
floor_0.05+cautious_z1.64,both,G1,r2_ece,0.0079,0.0070,0.0092
floor_0.05+cautious_z1.64,both,G1,r4b_3,0.0829,0.0772,0.0885
floor_0.05+cautious_z1.64,both,G1,r4b_5,0.0930,0.0869,0.0992
floor_0.05+cautious_z1.64,both,G1,r4b_10,0.0937,0.0875,0.1002
floor_0.05+cautious_z1.64,both,G1,r4b_20,0.0937,0.0875,0.0999
floor_0.05+cautious_z1.64,both,G1,r4b_50,0.0965,0.0894,0.1046
floor_0.05+cautious_z1.64,both,G1,r8_move_p95_6_20,72.0000,72.0000,73.0000
floor_0.05+cautious_z1.64,both,G1,r8_move_p95_150_200,40.0000,40.0000,41.0000
floor_0.05+cautious_z1.64,both,G2,r1_rms_5,0.9947,0.9771,1.0128
floor_0.05+cautious_z1.64,both,G2,r1_mean_5,-0.0657,-0.0982,-0.0330
floor_0.05+cautious_z1.64,both,G2,r1_rms_10,0.9357,0.9200,0.9508
floor_0.05+cautious_z1.64,both,G2,r1_mean_10,-0.1370,-0.1655,-0.1087
floor_0.05+cautious_z1.64,both,G2,r1_rms_20,0.8604,0.8473,0.8741
floor_0.05+cautious_z1.64,both,G2,r1_mean_20,-0.2455,-0.2709,-0.2183
floor_0.05+cautious_z1.64,both,G2,r1_rms_50,0.8096,0.7985,0.8212
floor_0.05+cautious_z1.64,both,G2,r1_mean_50,-0.4891,-0.5072,-0.4717
floor_0.05+cautious_z1.64,both,G2,r1_rms_100,0.9333,0.9228,0.9445
floor_0.05+cautious_z1.64,both,G2,r1_mean_100,-0.7811,-0.7938,-0.7683
floor_0.05+cautious_z1.64,both,G2,r1_rms_200,1.1936,1.1857,1.2017
floor_0.05+cautious_z1.64,both,G2,r1_mean_200,-1.1078,-1.1165,-1.0994
floor_0.05+cautious_z1.64,both,G2,r2_brier,0.1327,0.1320,0.1334
floor_0.05+cautious_z1.64,both,G2,r2_bias,-0.0717,-0.0730,-0.0703
floor_0.05+cautious_z1.64,both,G2,r3_inside,0.2822,0.2791,0.2852
floor_0.05+cautious_z1.64,both,G2,r3_below_0.5,0.0171,0.0162,0.0181
floor_0.05+cautious_z1.64,both,G2,r3_above_0.95,0.1323,0.1288,0.1361
floor_0.05+cautious_z1.64,both,G2,r4_false,0.0012,0.0009,0.0016
floor_0.05+cautious_z1.64,both,G2,r4_false_0.70,0.0001,0.0000,0.0003
floor_0.05+cautious_z1.64,both,G2,r4_below,0.3991,0.3929,0.4051
floor_0.05+cautious_z1.64,both,G2,r4_false_at_task,0.0019,0.0013,0.0025
floor_0.05+cautious_z1.64,both,G2,r4_declared,10.0580,9.8413,10.2703
floor_0.05+cautious_z1.64,both,G2,r5_late_answers,7.1491,7.0390,7.2566
floor_0.05+cautious_z1.64,both,G2,r5_never,0.4661,0.4593,0.4731
floor_0.05+cautious_z1.64,both,G2,r6_lag,-0.9842,-0.9939,-0.9744
floor_0.05+cautious_z1.64,both,G2,r7_error_5,0.8438,0.8233,0.8651
floor_0.05+cautious_z1.64,both,G2,r7_error_10,0.7739,0.7556,0.7933
floor_0.05+cautious_z1.64,both,G2,r7_longest_wrong,1.7315,1.7035,1.7600
floor_0.05+cautious_z1.64,both,G2,r7_hard_first,0.1324,0.1267,0.1379
floor_0.05+cautious_z1.64,both,G2,r4b_chance_below_0.5,0.0624,0.0591,0.0658
floor_0.05+cautious_z1.64,both,G2,r4b_chance_0.5_to_0.6,0.0729,0.0705,0.0754
floor_0.05+cautious_z1.64,both,G2,r4b_chance_0.6_to_0.7,0.1349,0.1318,0.1378
floor_0.05+cautious_z1.64,both,G2,r4b_chance_0.7_to_0.8,0.2338,0.2309,0.2368
floor_0.05+cautious_z1.64,both,G2,r4b_chance_0.8_up,0.4960,0.4890,0.5032
floor_0.05+cautious_z1.64,both,G2,r3_reachable,0.9612,0.9592,0.9630
floor_0.05+cautious_z1.64,both,G2,r8_rank_6_20,3.5583,3.3317,3.7800
floor_0.05+cautious_z1.64,both,G2,r8_topic_rank_6_20,17.3767,16.9200,17.8483
floor_0.05+cautious_z1.64,both,G2,r8_rank_150_200,1.4995,1.4098,1.5966
floor_0.05+cautious_z1.64,both,G2,r8_topic_rank_150_200,9.3554,9.1471,9.5569
floor_0.05+cautious_z1.64,both,G2,r2_ece,0.0717,0.0704,0.0730
floor_0.05+cautious_z1.64,both,G2,r4b_3,0.1047,0.0994,0.1105
floor_0.05+cautious_z1.64,both,G2,r4b_5,0.1208,0.1148,0.1270
floor_0.05+cautious_z1.64,both,G2,r4b_10,0.1451,0.1376,0.1535
floor_0.05+cautious_z1.64,both,G2,r4b_20,0.1784,0.1649,0.1925
floor_0.05+cautious_z1.64,both,G2,r4b_50,0.2213,0.1900,0.2611
floor_0.05+cautious_z1.64,both,G2,r8_move_p95_6_20,73.0000,73.0000,73.0000
floor_0.05+cautious_z1.64,both,G2,r8_move_p95_150_200,39.0000,39.0000,39.0000
floor_0.05+cautious_z1.64,both,G3,r1_rms_5,1.0008,0.9828,1.0182
floor_0.05+cautious_z1.64,both,G3,r1_mean_5,-0.0156,-0.0492,0.0180
floor_0.05+cautious_z1.64,both,G3,r1_rms_10,0.9323,0.9168,0.9480
floor_0.05+cautious_z1.64,both,G3,r1_mean_10,-0.0441,-0.0736,-0.0165
floor_0.05+cautious_z1.64,both,G3,r1_rms_20,0.8337,0.8208,0.8463
floor_0.05+cautious_z1.64,both,G3,r1_mean_20,-0.0620,-0.0870,-0.0367
floor_0.05+cautious_z1.64,both,G3,r1_rms_50,0.6805,0.6718,0.6898
floor_0.05+cautious_z1.64,both,G3,r1_mean_50,-0.1020,-0.1190,-0.0849
floor_0.05+cautious_z1.64,both,G3,r1_rms_100,0.8024,0.7908,0.8139
floor_0.05+cautious_z1.64,both,G3,r1_mean_100,-0.5049,-0.5229,-0.4877
floor_0.05+cautious_z1.64,both,G3,r1_rms_200,0.7219,0.7147,0.7291
floor_0.05+cautious_z1.64,both,G3,r1_mean_200,-0.5485,-0.5576,-0.5395
floor_0.05+cautious_z1.64,both,G3,r2_brier,0.1535,0.1526,0.1543
floor_0.05+cautious_z1.64,both,G3,r2_bias,-0.0345,-0.0359,-0.0331
floor_0.05+cautious_z1.64,both,G3,r3_inside,0.3536,0.3510,0.3561
floor_0.05+cautious_z1.64,both,G3,r3_below_0.5,0.0290,0.0276,0.0305
floor_0.05+cautious_z1.64,both,G3,r3_above_0.95,0.0752,0.0729,0.0777
floor_0.05+cautious_z1.64,both,G3,r4_false,0.0053,0.0044,0.0062
floor_0.05+cautious_z1.64,both,G3,r4_false_0.70,0.0011,0.0007,0.0015
floor_0.05+cautious_z1.64,both,G3,r4_below,0.4271,0.4205,0.4338
floor_0.05+cautious_z1.64,both,G3,r4_false_at_task,0.0079,0.0066,0.0093
floor_0.05+cautious_z1.64,both,G3,r4_declared,8.6312,8.4258,8.8405
floor_0.05+cautious_z1.64,both,G3,r5_late_answers,6.2419,6.1262,6.3576
floor_0.05+cautious_z1.64,both,G3,r5_never,0.4256,0.4180,0.4335
floor_0.05+cautious_z1.64,both,G3,r6_lag,-0.6368,-0.6459,-0.6276
floor_0.05+cautious_z1.64,both,G3,r6_jump_answers,73.7982,72.6745,74.9460
floor_0.05+cautious_z1.64,both,G3,r6_jump_unsettled,0.5835,0.5687,0.5985
floor_0.05+cautious_z1.64,both,G3,r7_error_5,0.8538,0.8336,0.8752
floor_0.05+cautious_z1.64,both,G3,r7_error_10,0.7807,0.7613,0.7993
floor_0.05+cautious_z1.64,both,G3,r7_longest_wrong,1.7730,1.7435,1.8022
floor_0.05+cautious_z1.64,both,G3,r7_hard_first,0.1377,0.1320,0.1431
floor_0.05+cautious_z1.64,both,G3,r4b_chance_below_0.5,0.0804,0.0763,0.0847
floor_0.05+cautious_z1.64,both,G3,r4b_chance_0.5_to_0.6,0.0994,0.0967,0.1021
floor_0.05+cautious_z1.64,both,G3,r4b_chance_0.6_to_0.7,0.1726,0.1696,0.1754
floor_0.05+cautious_z1.64,both,G3,r4b_chance_0.7_to_0.8,0.2549,0.2519,0.2577
floor_0.05+cautious_z1.64,both,G3,r4b_chance_0.8_up,0.3927,0.3853,0.4001
floor_0.05+cautious_z1.64,both,G3,r3_reachable,0.9515,0.9486,0.9544
floor_0.05+cautious_z1.64,both,G3,r8_rank_6_20,3.5583,3.3300,3.7867
floor_0.05+cautious_z1.64,both,G3,r8_topic_rank_6_20,17.3650,16.8883,17.8317
floor_0.05+cautious_z1.64,both,G3,r8_rank_150_200,1.5696,1.4554,1.6848
floor_0.05+cautious_z1.64,both,G3,r8_topic_rank_150_200,8.9426,8.7407,9.1544
floor_0.05+cautious_z1.64,both,G3,r2_ece,0.0345,0.0331,0.0360
floor_0.05+cautious_z1.64,both,G3,r4b_3,0.1226,0.1168,0.1286
floor_0.05+cautious_z1.64,both,G3,r4b_5,0.1452,0.1389,0.1522
floor_0.05+cautious_z1.64,both,G3,r4b_10,0.1600,0.1532,0.1677
floor_0.05+cautious_z1.64,both,G3,r4b_20,0.1768,0.1683,0.1858
floor_0.05+cautious_z1.64,both,G3,r4b_50,0.1978,0.1800,0.2189
floor_0.05+cautious_z1.64,both,G3,r8_move_p95_6_20,73.0000,73.0000,73.0000
floor_0.05+cautious_z1.64,both,G3,r8_move_p95_150_200,40.0000,40.0000,40.0000
floor_0.05+cautious_z1.64,both,G4,r1_rms_5,1.0200,1.0026,1.0388
floor_0.05+cautious_z1.64,both,G4,r1_mean_5,-0.2311,-0.2652,-0.1984
floor_0.05+cautious_z1.64,both,G4,r1_rms_10,0.9621,0.9453,0.9782
floor_0.05+cautious_z1.64,both,G4,r1_mean_10,-0.2855,-0.3137,-0.2565
floor_0.05+cautious_z1.64,both,G4,r1_rms_20,0.8818,0.8675,0.8952
floor_0.05+cautious_z1.64,both,G4,r1_mean_20,-0.3354,-0.3600,-0.3113
floor_0.05+cautious_z1.64,both,G4,r1_rms_50,0.7609,0.7509,0.7713
floor_0.05+cautious_z1.64,both,G4,r1_mean_50,-0.4066,-0.4231,-0.3897
floor_0.05+cautious_z1.64,both,G4,r1_rms_100,0.6997,0.6920,0.7077
floor_0.05+cautious_z1.64,both,G4,r1_mean_100,-0.4549,-0.4662,-0.4437
floor_0.05+cautious_z1.64,both,G4,r1_rms_200,0.6683,0.6622,0.6739
floor_0.05+cautious_z1.64,both,G4,r1_mean_200,-0.4863,-0.4941,-0.4784
floor_0.05+cautious_z1.64,both,G4,r2_brier,0.1806,0.1797,0.1815
floor_0.05+cautious_z1.64,both,G4,r2_bias,0.0137,0.0122,0.0152
floor_0.05+cautious_z1.64,both,G4,r3_inside,0.3899,0.3877,0.3920
floor_0.05+cautious_z1.64,both,G4,r3_below_0.5,0.0593,0.0567,0.0618
floor_0.05+cautious_z1.64,both,G4,r3_above_0.95,0.0353,0.0339,0.0368
floor_0.05+cautious_z1.64,both,G4,r4_false,0.0028,0.0022,0.0036
floor_0.05+cautious_z1.64,both,G4,r4_false_0.70,0.0006,0.0003,0.0009
floor_0.05+cautious_z1.64,both,G4,r4_below,0.4720,0.4649,0.4800
floor_0.05+cautious_z1.64,both,G4,r4_false_at_task,0.0045,0.0034,0.0058
floor_0.05+cautious_z1.64,both,G4,r4_declared,6.8775,6.6870,7.0587
floor_0.05+cautious_z1.64,both,G4,r5_late_answers,4.7512,4.6423,4.8652
floor_0.05+cautious_z1.64,both,G4,r5_never,0.4073,0.3982,0.4163
floor_0.05+cautious_z1.64,both,G4,r6_lag,-0.4769,-0.4852,-0.4686
floor_0.05+cautious_z1.64,both,G4,r7_error_5,0.8787,0.8574,0.8993
floor_0.05+cautious_z1.64,both,G4,r7_error_10,0.8084,0.7901,0.8277
floor_0.05+cautious_z1.64,both,G4,r7_longest_wrong,1.8782,1.8478,1.9078
floor_0.05+cautious_z1.64,both,G4,r7_hard_first,0.1869,0.1806,0.1934
floor_0.05+cautious_z1.64,both,G4,r4b_chance_below_0.5,0.1374,0.1306,0.1446
floor_0.05+cautious_z1.64,both,G4,r4b_chance_0.5_to_0.6,0.1398,0.1370,0.1424
floor_0.05+cautious_z1.64,both,G4,r4b_chance_0.6_to_0.7,0.1985,0.1960,0.2013
floor_0.05+cautious_z1.64,both,G4,r4b_chance_0.7_to_0.8,0.2436,0.2401,0.2469
floor_0.05+cautious_z1.64,both,G4,r4b_chance_0.8_up,0.2807,0.2743,0.2872
floor_0.05+cautious_z1.64,both,G4,r3_reachable,0.9473,0.9434,0.9514
floor_0.05+cautious_z1.64,both,G4,r8_rank_6_20,3.9500,3.7067,4.1967
floor_0.05+cautious_z1.64,both,G4,r8_topic_rank_6_20,18.3150,17.8517,18.7700
floor_0.05+cautious_z1.64,both,G4,r8_rank_150_200,1.7167,1.5961,1.8500
floor_0.05+cautious_z1.64,both,G4,r8_topic_rank_150_200,8.9275,8.7333,9.1142
floor_0.05+cautious_z1.64,both,G4,r2_ece,0.0158,0.0144,0.0172
floor_0.05+cautious_z1.64,both,G4,r4b_3,0.1011,0.0962,0.1070
floor_0.05+cautious_z1.64,both,G4,r4b_5,0.1162,0.1102,0.1224
floor_0.05+cautious_z1.64,both,G4,r4b_10,0.1186,0.1125,0.1245
floor_0.05+cautious_z1.64,both,G4,r4b_20,0.1194,0.1132,0.1256
floor_0.05+cautious_z1.64,both,G4,r4b_50,0.1194,0.1132,0.1258
floor_0.05+cautious_z1.64,both,G4,r8_move_p95_6_20,74.0000,74.0000,74.0000
floor_0.05+cautious_z1.64,both,G4,r8_move_p95_150_200,40.0000,40.0000,41.0000
floor_0.05+cautious_z1.64,both,G5,r1_rms_5,0.9083,0.8889,0.9274
floor_0.05+cautious_z1.64,both,G5,r1_mean_5,-0.0110,-0.0459,0.0231
floor_0.05+cautious_z1.64,both,G5,r1_rms_10,0.8471,0.8309,0.8641
floor_0.05+cautious_z1.64,both,G5,r1_mean_10,-0.0266,-0.0557,0.0034
floor_0.05+cautious_z1.64,both,G5,r1_rms_20,0.8745,0.8617,0.8881
floor_0.05+cautious_z1.64,both,G5,r1_mean_20,-0.0431,-0.0687,-0.0179
floor_0.05+cautious_z1.64,both,G5,r1_rms_50,0.7438,0.7342,0.7539
floor_0.05+cautious_z1.64,both,G5,r1_mean_50,-0.0626,-0.0793,-0.0446
floor_0.05+cautious_z1.64,both,G5,r1_rms_100,0.6346,0.6276,0.6417
floor_0.05+cautious_z1.64,both,G5,r1_mean_100,-0.0931,-0.1060,-0.0810
floor_0.05+cautious_z1.64,both,G5,r1_rms_200,0.5426,0.5371,0.5481
floor_0.05+cautious_z1.64,both,G5,r1_mean_200,-0.0939,-0.1024,-0.0854
floor_0.05+cautious_z1.64,both,G5,r2_brier,0.1777,0.1767,0.1786
floor_0.05+cautious_z1.64,both,G5,r2_bias,0.0076,0.0061,0.0091
floor_0.05+cautious_z1.64,both,G5,r3_inside,0.4086,0.4056,0.4118
floor_0.05+cautious_z1.64,both,G5,r3_below_0.5,0.0512,0.0489,0.0539
floor_0.05+cautious_z1.64,both,G5,r3_above_0.95,0.0346,0.0329,0.0364
floor_0.05+cautious_z1.64,both,G5,r4_false,0.0116,0.0100,0.0135
floor_0.05+cautious_z1.64,both,G5,r4_false_0.70,0.0019,0.0013,0.0025
floor_0.05+cautious_z1.64,both,G5,r4_below,0.4632,0.4550,0.4709
floor_0.05+cautious_z1.64,both,G5,r4_false_at_task,0.0187,0.0160,0.0215
floor_0.05+cautious_z1.64,both,G5,r4_declared,7.8215,7.6338,8.0155
floor_0.05+cautious_z1.64,both,G5,r5_late_answers,5.0461,4.9273,5.1589
floor_0.05+cautious_z1.64,both,G5,r5_never,0.3210,0.3127,0.3294
floor_0.05+cautious_z1.64,both,G5,r6_lag,-0.1068,-0.1153,-0.0977
floor_0.05+cautious_z1.64,both,G5,r7_error_5,0.9720,0.9500,0.9950
floor_0.05+cautious_z1.64,both,G5,r7_error_10,0.9149,0.8937,0.9364
floor_0.05+cautious_z1.64,both,G5,r7_longest_wrong,1.8297,1.8025,1.8578
floor_0.05+cautious_z1.64,both,G5,r7_hard_first,0.1316,0.1261,0.1374
floor_0.05+cautious_z1.64,both,G5,r4b_chance_below_0.5,0.1222,0.1158,0.1293
floor_0.05+cautious_z1.64,both,G5,r4b_chance_0.5_to_0.6,0.1450,0.1409,0.1491
floor_0.05+cautious_z1.64,both,G5,r4b_chance_0.6_to_0.7,0.2210,0.2174,0.2248
floor_0.05+cautious_z1.64,both,G5,r4b_chance_0.7_to_0.8,0.2620,0.2577,0.2664
floor_0.05+cautious_z1.64,both,G5,r4b_chance_0.8_up,0.2498,0.2428,0.2571
floor_0.05+cautious_z1.64,both,G5,r3_reachable,0.9095,0.9034,0.9152
floor_0.05+cautious_z1.64,both,G5,r8_rank_6_20,3.6733,3.4567,3.9133
floor_0.05+cautious_z1.64,both,G5,r8_topic_rank_6_20,17.8700,17.4100,18.3583
floor_0.05+cautious_z1.64,both,G5,r8_rank_150_200,1.7176,1.5946,1.8451
floor_0.05+cautious_z1.64,both,G5,r8_topic_rank_150_200,8.7667,8.5711,8.9603
floor_0.05+cautious_z1.64,both,G5,r2_ece,0.0099,0.0084,0.0114
floor_0.05+cautious_z1.64,both,G5,r4b_3,0.1318,0.1253,0.1382
floor_0.05+cautious_z1.64,both,G5,r4b_5,0.1551,0.1475,0.1627
floor_0.05+cautious_z1.64,both,G5,r4b_10,0.1612,0.1538,0.1691
floor_0.05+cautious_z1.64,both,G5,r4b_20,0.1637,0.1560,0.1715
floor_0.05+cautious_z1.64,both,G5,r4b_50,0.1672,0.1582,0.1763
floor_0.05+cautious_z1.64,both,G5,r8_move_p95_6_20,73.0000,73.0000,73.0000
floor_0.05+cautious_z1.64,both,G5,r8_move_p95_150_200,40.0000,40.0000,41.0000
floor_0.05+cautious_z1.64,both,G6,r1_rms_5,1.0556,1.0348,1.0755
floor_0.05+cautious_z1.64,both,G6,r1_mean_5,-0.0395,-0.0754,-0.0037
floor_0.05+cautious_z1.64,both,G6,r1_rms_10,0.9996,0.9806,1.0191
floor_0.05+cautious_z1.64,both,G6,r1_mean_10,-0.0798,-0.1131,-0.0481
floor_0.05+cautious_z1.64,both,G6,r1_rms_20,0.9240,0.9069,0.9412
floor_0.05+cautious_z1.64,both,G6,r1_mean_20,-0.1081,-0.1386,-0.0792
floor_0.05+cautious_z1.64,both,G6,r1_rms_50,0.8132,0.7987,0.8278
floor_0.05+cautious_z1.64,both,G6,r1_mean_50,-0.1517,-0.1767,-0.1261
floor_0.05+cautious_z1.64,both,G6,r1_rms_100,0.7598,0.7474,0.7730
floor_0.05+cautious_z1.64,both,G6,r1_mean_100,-0.1955,-0.2161,-0.1733
floor_0.05+cautious_z1.64,both,G6,r1_rms_200,0.7544,0.7428,0.7662
floor_0.05+cautious_z1.64,both,G6,r1_mean_200,-0.2435,-0.2648,-0.2224
floor_0.05+cautious_z1.64,both,G6,r2_brier,0.1789,0.1780,0.1799
floor_0.05+cautious_z1.64,both,G6,r2_bias,0.0118,0.0102,0.0134
floor_0.05+cautious_z1.64,both,G6,r3_inside,0.4229,0.4159,0.4298
floor_0.05+cautious_z1.64,both,G6,r3_below_0.5,0.0583,0.0561,0.0606
floor_0.05+cautious_z1.64,both,G6,r3_above_0.95,0.0948,0.0914,0.0983
floor_0.05+cautious_z1.64,both,G6,r4_false,0.0397,0.0352,0.0446
floor_0.05+cautious_z1.64,both,G6,r4_false_0.70,0.0065,0.0050,0.0081
floor_0.05+cautious_z1.64,both,G6,r4_below,0.4682,0.4603,0.4762
floor_0.05+cautious_z1.64,both,G6,r4_false_at_task,0.0558,0.0492,0.0625
floor_0.05+cautious_z1.64,both,G6,r4_declared,7.4878,7.2888,7.6952
floor_0.05+cautious_z1.64,both,G6,r5_late_answers,4.7720,4.6683,4.8790
floor_0.05+cautious_z1.64,both,G6,r5_never,0.2981,0.2888,0.3077
floor_0.05+cautious_z1.64,both,G6,r6_lag,-0.2169,-0.2374,-0.1958
floor_0.05+cautious_z1.64,both,G6,r7_error_5,0.9105,0.8886,0.9335
floor_0.05+cautious_z1.64,both,G6,r7_error_10,0.8451,0.8230,0.8662
floor_0.05+cautious_z1.64,both,G6,r7_longest_wrong,1.8082,1.7808,1.8382
floor_0.05+cautious_z1.64,both,G6,r7_hard_first,0.1356,0.1300,0.1413
floor_0.05+cautious_z1.64,both,G6,r4b_chance_below_0.5,0.1059,0.1004,0.1118
floor_0.05+cautious_z1.64,both,G6,r4b_chance_0.5_to_0.6,0.1153,0.1112,0.1196
floor_0.05+cautious_z1.64,both,G6,r4b_chance_0.6_to_0.7,0.2403,0.2343,0.2463
floor_0.05+cautious_z1.64,both,G6,r4b_chance_0.7_to_0.8,0.3129,0.3057,0.3199
floor_0.05+cautious_z1.64,both,G6,r4b_chance_0.8_up,0.2256,0.2185,0.2328
floor_0.05+cautious_z1.64,both,G6,r3_reachable,0.7878,0.7803,0.7955
floor_0.05+cautious_z1.64,both,G6,r8_rank_6_20,3.8117,3.5717,4.0517
floor_0.05+cautious_z1.64,both,G6,r8_topic_rank_6_20,18.1450,17.6800,18.6200
floor_0.05+cautious_z1.64,both,G6,r8_rank_150_200,1.7172,1.5882,1.8485
floor_0.05+cautious_z1.64,both,G6,r8_topic_rank_150_200,8.9824,8.7868,9.1779
floor_0.05+cautious_z1.64,both,G6,r2_ece,0.0142,0.0125,0.0158
floor_0.05+cautious_z1.64,both,G6,r4b_3,0.1474,0.1408,0.1539
floor_0.05+cautious_z1.64,both,G6,r4b_5,0.1785,0.1706,0.1864
floor_0.05+cautious_z1.64,both,G6,r4b_10,0.1845,0.1759,0.1929
floor_0.05+cautious_z1.64,both,G6,r4b_20,0.1879,0.1795,0.1968
floor_0.05+cautious_z1.64,both,G6,r4b_50,0.1893,0.1809,0.1983
floor_0.05+cautious_z1.64,both,G6,r8_move_p95_6_20,73.0000,73.0000,73.0000
floor_0.05+cautious_z1.64,both,G6,r8_move_p95_150_200,41.0000,41.0000,41.0000
floor_0.05+cautious_z1.64,both,G7,r1_rms_5,1.0234,1.0050,1.0417
floor_0.05+cautious_z1.64,both,G7,r1_mean_5,-0.0986,-0.1311,-0.0649
floor_0.05+cautious_z1.64,both,G7,r1_rms_10,0.9601,0.9432,0.9771
floor_0.05+cautious_z1.64,both,G7,r1_mean_10,-0.1270,-0.1556,-0.0977
floor_0.05+cautious_z1.64,both,G7,r1_rms_20,0.8696,0.8564,0.8837
floor_0.05+cautious_z1.64,both,G7,r1_mean_20,-0.1449,-0.1699,-0.1189
floor_0.05+cautious_z1.64,both,G7,r1_rms_50,0.7294,0.7192,0.7387
floor_0.05+cautious_z1.64,both,G7,r1_mean_50,-0.1597,-0.1789,-0.1402
floor_0.05+cautious_z1.64,both,G7,r1_rms_100,0.6344,0.6279,0.6414
floor_0.05+cautious_z1.64,both,G7,r1_mean_100,-0.1647,-0.1797,-0.1495
floor_0.05+cautious_z1.64,both,G7,r1_rms_200,0.5595,0.5542,0.5645
floor_0.05+cautious_z1.64,both,G7,r1_mean_200,-0.1571,-0.1686,-0.1458
floor_0.05+cautious_z1.64,both,G7,r2_brier,0.1738,0.1730,0.1747
floor_0.05+cautious_z1.64,both,G7,r2_bias,0.0033,0.0019,0.0048
floor_0.05+cautious_z1.64,both,G7,r3_inside,0.4269,0.4242,0.4296
floor_0.05+cautious_z1.64,both,G7,r3_below_0.5,0.0386,0.0368,0.0405
floor_0.05+cautious_z1.64,both,G7,r3_above_0.95,0.0304,0.0288,0.0319
floor_0.05+cautious_z1.64,both,G7,r4_false,0.0117,0.0103,0.0134
floor_0.05+cautious_z1.64,both,G7,r4_false_0.70,0.0016,0.0011,0.0022
floor_0.05+cautious_z1.64,both,G7,r4_below,0.4650,0.4575,0.4728
floor_0.05+cautious_z1.64,both,G7,r4_false_at_task,0.0179,0.0156,0.0205
floor_0.05+cautious_z1.64,both,G7,r4_declared,7.6285,7.4372,7.8245
floor_0.05+cautious_z1.64,both,G7,r5_late_answers,4.9488,4.8468,5.0540
floor_0.05+cautious_z1.64,both,G7,r5_never,0.2993,0.2908,0.3081
floor_0.05+cautious_z1.64,both,G7,r6_lag,-0.1625,-0.1740,-0.1510
floor_0.05+cautious_z1.64,both,G7,r7_error_5,0.8846,0.8632,0.9062
floor_0.05+cautious_z1.64,both,G7,r7_error_10,0.8114,0.7928,0.8297
floor_0.05+cautious_z1.64,both,G7,r7_longest_wrong,1.7857,1.7560,1.8160
floor_0.05+cautious_z1.64,both,G7,r7_hard_first,0.1360,0.1305,0.1416
floor_0.05+cautious_z1.64,both,G7,r4b_chance_below_0.5,0.0887,0.0837,0.0939
floor_0.05+cautious_z1.64,both,G7,r4b_chance_0.5_to_0.6,0.1223,0.1194,0.1253
floor_0.05+cautious_z1.64,both,G7,r4b_chance_0.6_to_0.7,0.2149,0.2118,0.2178
floor_0.05+cautious_z1.64,both,G7,r4b_chance_0.7_to_0.8,0.2848,0.2813,0.2880
floor_0.05+cautious_z1.64,both,G7,r4b_chance_0.8_up,0.2894,0.2833,0.2959
floor_0.05+cautious_z1.64,both,G7,r3_reachable,0.9339,0.9297,0.9382
floor_0.05+cautious_z1.64,both,G7,r8_rank_6_20,3.5167,3.2867,3.7483
floor_0.05+cautious_z1.64,both,G7,r8_topic_rank_6_20,17.1717,16.7050,17.6517
floor_0.05+cautious_z1.64,both,G7,r8_rank_150_200,1.6515,1.5201,1.7740
floor_0.05+cautious_z1.64,both,G7,r8_topic_rank_150_200,8.7716,8.5652,8.9608
floor_0.05+cautious_z1.64,both,G7,r2_ece,0.0053,0.0038,0.0067
floor_0.05+cautious_z1.64,both,G7,r4b_3,0.1384,0.1320,0.1447
floor_0.05+cautious_z1.64,both,G7,r4b_5,0.1586,0.1514,0.1655
floor_0.05+cautious_z1.64,both,G7,r4b_10,0.1629,0.1556,0.1701
floor_0.05+cautious_z1.64,both,G7,r4b_20,0.1658,0.1584,0.1732
floor_0.05+cautious_z1.64,both,G7,r4b_50,0.1685,0.1606,0.1772
floor_0.05+cautious_z1.64,both,G7,r8_move_p95_6_20,73.0000,73.0000,73.0000
floor_0.05+cautious_z1.64,both,G7,r8_move_p95_150_200,41.0000,41.0000,41.0000
floor_0.05+cautious_z1.64,both,G8,r1_rms_5,1.0021,0.9851,1.0206
floor_0.05+cautious_z1.64,both,G8,r1_mean_5,0.0023,-0.0310,0.0346
floor_0.05+cautious_z1.64,both,G8,r1_rms_10,0.9357,0.9201,0.9513
floor_0.05+cautious_z1.64,both,G8,r1_mean_10,-0.0281,-0.0582,0.0022
floor_0.05+cautious_z1.64,both,G8,r1_rms_20,0.8400,0.8275,0.8524
floor_0.05+cautious_z1.64,both,G8,r1_mean_20,-0.0552,-0.0790,-0.0304
floor_0.05+cautious_z1.64,both,G8,r1_rms_50,0.6812,0.6729,0.6898
floor_0.05+cautious_z1.64,both,G8,r1_mean_50,-0.0902,-0.1080,-0.0729
floor_0.05+cautious_z1.64,both,G8,r1_rms_100,0.5700,0.5643,0.5758
floor_0.05+cautious_z1.64,both,G8,r1_mean_100,-0.1065,-0.1180,-0.0942
floor_0.05+cautious_z1.64,both,G8,r1_rms_200,0.4862,0.4823,0.4903
floor_0.05+cautious_z1.64,both,G8,r1_mean_200,-0.0930,-0.1007,-0.0848
floor_0.05+cautious_z1.64,both,G8,r2_brier,0.1747,0.1738,0.1756
floor_0.05+cautious_z1.64,both,G8,r2_bias,0.0048,0.0033,0.0062
floor_0.05+cautious_z1.64,both,G8,r3_inside,0.4302,0.4276,0.4328
floor_0.05+cautious_z1.64,both,G8,r3_below_0.5,0.0380,0.0363,0.0398
floor_0.05+cautious_z1.64,both,G8,r3_above_0.95,0.0293,0.0277,0.0310
floor_0.05+cautious_z1.64,both,G8,r4_false,0.0107,0.0093,0.0123
floor_0.05+cautious_z1.64,both,G8,r4_false_0.70,0.0019,0.0013,0.0025
floor_0.05+cautious_z1.64,both,G8,r4_below,0.4691,0.4613,0.4766
floor_0.05+cautious_z1.64,both,G8,r4_false_at_task,0.0166,0.0142,0.0190
floor_0.05+cautious_z1.64,both,G8,r4_declared,7.5350,7.3400,7.7177
floor_0.05+cautious_z1.64,both,G8,r5_late_answers,5.1813,5.0749,5.2861
floor_0.05+cautious_z1.64,both,G8,r5_never,0.3018,0.2925,0.3112
floor_0.05+cautious_z1.64,both,G8,r6_lag,-0.0996,-0.1082,-0.0911
floor_0.05+cautious_z1.64,both,G8,r7_error_5,0.8521,0.8317,0.8721
floor_0.05+cautious_z1.64,both,G8,r7_error_10,0.7790,0.7603,0.7977
floor_0.05+cautious_z1.64,both,G8,r7_longest_wrong,1.7845,1.7565,1.8130
floor_0.05+cautious_z1.64,both,G8,r7_hard_first,0.1413,0.1357,0.1474
floor_0.05+cautious_z1.64,both,G8,r4b_chance_below_0.5,0.0865,0.0820,0.0913
floor_0.05+cautious_z1.64,both,G8,r4b_chance_0.5_to_0.6,0.1255,0.1224,0.1286
floor_0.05+cautious_z1.64,both,G8,r4b_chance_0.6_to_0.7,0.2171,0.2140,0.2200
floor_0.05+cautious_z1.64,both,G8,r4b_chance_0.7_to_0.8,0.2882,0.2847,0.2916
floor_0.05+cautious_z1.64,both,G8,r4b_chance_0.8_up,0.2828,0.2761,0.2896
floor_0.05+cautious_z1.64,both,G8,r3_reachable,0.9395,0.9355,0.9434
floor_0.05+cautious_z1.64,both,G8,r8_rank_6_20,3.6550,3.4317,3.8967
floor_0.05+cautious_z1.64,both,G8,r8_topic_rank_6_20,17.8933,17.4333,18.3650
floor_0.05+cautious_z1.64,both,G8,r8_rank_150_200,1.7466,1.6152,1.8745
floor_0.05+cautious_z1.64,both,G8,r8_topic_rank_150_200,8.9877,8.7917,9.1750
floor_0.05+cautious_z1.64,both,G8,r2_ece,0.0067,0.0053,0.0081
floor_0.05+cautious_z1.64,both,G8,r4b_3,0.1244,0.1187,0.1298
floor_0.05+cautious_z1.64,both,G8,r4b_5,0.1522,0.1454,0.1588
floor_0.05+cautious_z1.64,both,G8,r4b_10,0.1566,0.1495,0.1637
floor_0.05+cautious_z1.64,both,G8,r4b_20,0.1586,0.1517,0.1655
floor_0.05+cautious_z1.64,both,G8,r4b_50,0.1593,0.1523,0.1666
floor_0.05+cautious_z1.64,both,G8,r8_move_p95_6_20,73.0000,73.0000,73.0000
floor_0.05+cautious_z1.64,both,G8,r8_move_p95_150_200,41.0000,41.0000,41.0000
floor_0.05+cautious_z1.64,both,G0-exact,r1_rms_5,0.9834,0.9662,1.0005
floor_0.05+cautious_z1.64,both,G0-exact,r1_mean_5,-0.0207,-0.0515,0.0132
floor_0.05+cautious_z1.64,both,G0-exact,r1_rms_10,0.9159,0.9013,0.9307
floor_0.05+cautious_z1.64,both,G0-exact,r1_mean_10,-0.0408,-0.0701,-0.0116
floor_0.05+cautious_z1.64,both,G0-exact,r1_rms_20,0.8191,0.8073,0.8309
floor_0.05+cautious_z1.64,both,G0-exact,r1_mean_20,-0.0532,-0.0762,-0.0294
floor_0.05+cautious_z1.64,both,G0-exact,r1_rms_50,0.6602,0.6526,0.6685
floor_0.05+cautious_z1.64,both,G0-exact,r1_mean_50,-0.0643,-0.0803,-0.0481
floor_0.05+cautious_z1.64,both,G0-exact,r1_rms_100,0.5490,0.5441,0.5542
floor_0.05+cautious_z1.64,both,G0-exact,r1_mean_100,-0.0684,-0.0789,-0.0577
floor_0.05+cautious_z1.64,both,G0-exact,r1_rms_200,0.4747,0.4708,0.4783
floor_0.05+cautious_z1.64,both,G0-exact,r1_mean_200,-0.0547,-0.0621,-0.0475
floor_0.05+cautious_z1.64,both,G0-exact,r2_brier,0.1730,0.1721,0.1739
floor_0.05+cautious_z1.64,both,G0-exact,r2_bias,0.0023,0.0009,0.0037
floor_0.05+cautious_z1.64,both,G0-exact,r3_inside,0.5431,0.5382,0.5480
floor_0.05+cautious_z1.64,both,G0-exact,r3_below_0.5,0.0214,0.0195,0.0235
floor_0.05+cautious_z1.64,both,G0-exact,r3_above_0.95,0.0116,0.0105,0.0127
floor_0.05+cautious_z1.64,both,G0-exact,r4_false,0.0108,0.0093,0.0123
floor_0.05+cautious_z1.64,both,G0-exact,r4_false_0.70,0.0016,0.0010,0.0022
floor_0.05+cautious_z1.64,both,G0-exact,r4_below,0.4643,0.4566,0.4720
floor_0.05+cautious_z1.64,both,G0-exact,r4_false_at_task,0.0170,0.0146,0.0196
floor_0.05+cautious_z1.64,both,G0-exact,r4_declared,7.6410,7.4337,7.8320
floor_0.05+cautious_z1.64,both,G0-exact,r5_late_answers,4.9419,4.8352,5.0503
floor_0.05+cautious_z1.64,both,G0-exact,r5_never,0.2847,0.2758,0.2940
floor_0.05+cautious_z1.64,both,G0-exact,r6_lag,-0.0631,-0.0708,-0.0555
floor_0.05+cautious_z1.64,both,G0-exact,r7_error_5,0.8323,0.8123,0.8522
floor_0.05+cautious_z1.64,both,G0-exact,r7_error_10,0.7580,0.7403,0.7758
floor_0.05+cautious_z1.64,both,G0-exact,r7_longest_wrong,1.7565,1.7280,1.7848
floor_0.05+cautious_z1.64,both,G0-exact,r7_hard_first,0.1173,0.1115,0.1232
floor_0.05+cautious_z1.64,both,G0-exact,r4b_chance_below_0.5,0.0584,0.0525,0.0649
floor_0.05+cautious_z1.64,both,G0-exact,r4b_chance_0.5_to_0.6,0.1023,0.0970,0.1077
floor_0.05+cautious_z1.64,both,G0-exact,r4b_chance_0.6_to_0.7,0.2492,0.2425,0.2560
floor_0.05+cautious_z1.64,both,G0-exact,r4b_chance_0.7_to_0.8,0.3840,0.3759,0.3930
floor_0.05+cautious_z1.64,both,G0-exact,r4b_chance_0.8_up,0.2061,0.1984,0.2140
floor_0.05+cautious_z1.64,both,G0-exact,r3_reachable,0.9386,0.9345,0.9424
floor_0.05+cautious_z1.64,both,G0-exact,r8_rank_6_20,3.5717,3.3400,3.8017
floor_0.05+cautious_z1.64,both,G0-exact,r8_topic_rank_6_20,17.5683,17.0950,18.0467
floor_0.05+cautious_z1.64,both,G0-exact,r8_rank_150_200,1.8750,1.7412,2.0152
floor_0.05+cautious_z1.64,both,G0-exact,r8_topic_rank_150_200,9.0147,8.8152,9.2132
floor_0.05+cautious_z1.64,both,G0-exact,r2_ece,0.0042,0.0027,0.0057
floor_0.05+cautious_z1.64,both,G0-exact,r4b_3,0.1361,0.1303,0.1422
floor_0.05+cautious_z1.64,both,G0-exact,r4b_5,0.1558,0.1490,0.1623
floor_0.05+cautious_z1.64,both,G0-exact,r4b_10,0.1603,0.1536,0.1673
floor_0.05+cautious_z1.64,both,G0-exact,r4b_20,0.1642,0.1568,0.1714
floor_0.05+cautious_z1.64,both,G0-exact,r4b_50,0.1642,0.1571,0.1715
floor_0.05+cautious_z1.64,both,G0-exact,r8_move_p95_6_20,73.0000,73.0000,73.0000
floor_0.05+cautious_z1.64,both,G0-exact,r8_move_p95_150_200,41.0000,41.0000,41.0000
floor_0.05+cautious_z1.64,both,G0-miss0.25,r1_rms_5,1.0060,0.9881,1.0238
floor_0.05+cautious_z1.64,both,G0-miss0.25,r1_mean_5,0.0252,-0.0090,0.0615
floor_0.05+cautious_z1.64,both,G0-miss0.25,r1_rms_10,0.9353,0.9197,0.9510
floor_0.05+cautious_z1.64,both,G0-miss0.25,r1_mean_10,-0.0053,-0.0346,0.0240
floor_0.05+cautious_z1.64,both,G0-miss0.25,r1_rms_20,0.8353,0.8227,0.8487
floor_0.05+cautious_z1.64,both,G0-miss0.25,r1_mean_20,-0.0297,-0.0544,-0.0045
floor_0.05+cautious_z1.64,both,G0-miss0.25,r1_rms_50,0.6694,0.6610,0.6781
floor_0.05+cautious_z1.64,both,G0-miss0.25,r1_mean_50,-0.0616,-0.0793,-0.0449
floor_0.05+cautious_z1.64,both,G0-miss0.25,r1_rms_100,0.5550,0.5492,0.5605
floor_0.05+cautious_z1.64,both,G0-miss0.25,r1_mean_100,-0.0692,-0.0807,-0.0578
floor_0.05+cautious_z1.64,both,G0-miss0.25,r1_rms_200,0.4731,0.4693,0.4770
floor_0.05+cautious_z1.64,both,G0-miss0.25,r1_mean_200,-0.0577,-0.0652,-0.0499
floor_0.05+cautious_z1.64,both,G0-miss0.25,r2_brier,0.1740,0.1731,0.1749
floor_0.05+cautious_z1.64,both,G0-miss0.25,r2_bias,0.0041,0.0026,0.0057
floor_0.05+cautious_z1.64,both,G0-miss0.25,r3_inside,0.5043,0.5004,0.5082
floor_0.05+cautious_z1.64,both,G0-miss0.25,r3_below_0.5,0.0261,0.0244,0.0279
floor_0.05+cautious_z1.64,both,G0-miss0.25,r3_above_0.95,0.0165,0.0152,0.0180
floor_0.05+cautious_z1.64,both,G0-miss0.25,r4_false,0.0143,0.0126,0.0161
floor_0.05+cautious_z1.64,both,G0-miss0.25,r4_false_0.70,0.0023,0.0017,0.0030
floor_0.05+cautious_z1.64,both,G0-miss0.25,r4_below,0.4598,0.4521,0.4679
floor_0.05+cautious_z1.64,both,G0-miss0.25,r4_false_at_task,0.0216,0.0189,0.0245
floor_0.05+cautious_z1.64,both,G0-miss0.25,r4_declared,7.6745,7.4912,7.8650
floor_0.05+cautious_z1.64,both,G0-miss0.25,r5_late_answers,4.8938,4.7934,4.9961
floor_0.05+cautious_z1.64,both,G0-miss0.25,r5_never,0.2935,0.2847,0.3025
floor_0.05+cautious_z1.64,both,G0-miss0.25,r6_lag,-0.0721,-0.0800,-0.0639
floor_0.05+cautious_z1.64,both,G0-miss0.25,r7_error_5,0.8649,0.8451,0.8852
floor_0.05+cautious_z1.64,both,G0-miss0.25,r7_error_10,0.7855,0.7663,0.8046
floor_0.05+cautious_z1.64,both,G0-miss0.25,r7_longest_wrong,1.7882,1.7583,1.8170
floor_0.05+cautious_z1.64,both,G0-miss0.25,r7_hard_first,0.1304,0.1247,0.1365
floor_0.05+cautious_z1.64,both,G0-miss0.25,r4b_chance_below_0.5,0.0672,0.0621,0.0729
floor_0.05+cautious_z1.64,both,G0-miss0.25,r4b_chance_0.5_to_0.6,0.1121,0.1084,0.1159
floor_0.05+cautious_z1.64,both,G0-miss0.25,r4b_chance_0.6_to_0.7,0.2489,0.2444,0.2531
floor_0.05+cautious_z1.64,both,G0-miss0.25,r4b_chance_0.7_to_0.8,0.3495,0.3437,0.3550
floor_0.05+cautious_z1.64,both,G0-miss0.25,r4b_chance_0.8_up,0.2222,0.2157,0.2294
floor_0.05+cautious_z1.64,both,G0-miss0.25,r3_reachable,0.9394,0.9352,0.9433
floor_0.05+cautious_z1.64,both,G0-miss0.25,r8_rank_6_20,3.6800,3.4567,3.9133
floor_0.05+cautious_z1.64,both,G0-miss0.25,r8_topic_rank_6_20,18.0300,17.5300,18.4633
floor_0.05+cautious_z1.64,both,G0-miss0.25,r8_rank_150_200,1.7230,1.5941,1.8500
floor_0.05+cautious_z1.64,both,G0-miss0.25,r8_topic_rank_150_200,9.0912,8.8887,9.2990
floor_0.05+cautious_z1.64,both,G0-miss0.25,r2_ece,0.0058,0.0043,0.0072
floor_0.05+cautious_z1.64,both,G0-miss0.25,r4b_3,0.1367,0.1308,0.1428
floor_0.05+cautious_z1.64,both,G0-miss0.25,r4b_5,0.1615,0.1545,0.1682
floor_0.05+cautious_z1.64,both,G0-miss0.25,r4b_10,0.1672,0.1601,0.1746
floor_0.05+cautious_z1.64,both,G0-miss0.25,r4b_20,0.1714,0.1638,0.1786
floor_0.05+cautious_z1.64,both,G0-miss0.25,r4b_50,0.1764,0.1682,0.1852
floor_0.05+cautious_z1.64,both,G0-miss0.25,r8_move_p95_6_20,73.0000,73.0000,73.0000
floor_0.05+cautious_z1.64,both,G0-miss0.25,r8_move_p95_150_200,41.0000,40.0000,41.0000
floor_0.05+cautious_z1.64,both,G0-miss1,r1_rms_5,1.0386,1.0194,1.0570
floor_0.05+cautious_z1.64,both,G0-miss1,r1_mean_5,-0.0762,-0.1113,-0.0401
floor_0.05+cautious_z1.64,both,G0-miss1,r1_rms_10,0.9716,0.9555,0.9874
floor_0.05+cautious_z1.64,both,G0-miss1,r1_mean_10,-0.1096,-0.1396,-0.0793
floor_0.05+cautious_z1.64,both,G0-miss1,r1_rms_20,0.8756,0.8614,0.8892
floor_0.05+cautious_z1.64,both,G0-miss1,r1_mean_20,-0.1357,-0.1617,-0.1090
floor_0.05+cautious_z1.64,both,G0-miss1,r1_rms_50,0.7268,0.7169,0.7368
floor_0.05+cautious_z1.64,both,G0-miss1,r1_mean_50,-0.1753,-0.1939,-0.1570
floor_0.05+cautious_z1.64,both,G0-miss1,r1_rms_100,0.6194,0.6126,0.6258
floor_0.05+cautious_z1.64,both,G0-miss1,r1_mean_100,-0.2005,-0.2130,-0.1878
floor_0.05+cautious_z1.64,both,G0-miss1,r1_rms_200,0.5423,0.5375,0.5470
floor_0.05+cautious_z1.64,both,G0-miss1,r1_mean_200,-0.2096,-0.2180,-0.2010
floor_0.05+cautious_z1.64,both,G0-miss1,r2_brier,0.1765,0.1756,0.1774
floor_0.05+cautious_z1.64,both,G0-miss1,r2_bias,0.0074,0.0059,0.0089
floor_0.05+cautious_z1.64,both,G0-miss1,r3_inside,0.2987,0.2973,0.3002
floor_0.05+cautious_z1.64,both,G0-miss1,r3_below_0.5,0.0903,0.0881,0.0925
floor_0.05+cautious_z1.64,both,G0-miss1,r3_above_0.95,0.1053,0.1031,0.1077
floor_0.05+cautious_z1.64,both,G0-miss1,r4_false,0.0118,0.0101,0.0135
floor_0.05+cautious_z1.64,both,G0-miss1,r4_false_0.70,0.0023,0.0016,0.0030
floor_0.05+cautious_z1.64,both,G0-miss1,r4_below,0.4641,0.4560,0.4714
floor_0.05+cautious_z1.64,both,G0-miss1,r4_false_at_task,0.0183,0.0156,0.0212
floor_0.05+cautious_z1.64,both,G0-miss1,r4_declared,7.5708,7.3830,7.7592
floor_0.05+cautious_z1.64,both,G0-miss1,r5_late_answers,4.9061,4.8014,5.0142
floor_0.05+cautious_z1.64,both,G0-miss1,r5_never,0.3336,0.3245,0.3422
floor_0.05+cautious_z1.64,both,G0-miss1,r6_lag,-0.2138,-0.2230,-0.2045
floor_0.05+cautious_z1.64,both,G0-miss1,r7_error_5,0.8984,0.8775,0.9206
floor_0.05+cautious_z1.64,both,G0-miss1,r7_error_10,0.8245,0.8047,0.8439
floor_0.05+cautious_z1.64,both,G0-miss1,r7_longest_wrong,1.7965,1.7688,1.8242
floor_0.05+cautious_z1.64,both,G0-miss1,r7_hard_first,0.1768,0.1712,0.1825
floor_0.05+cautious_z1.64,both,G0-miss1,r4b_chance_below_0.5,0.1576,0.1530,0.1622
floor_0.05+cautious_z1.64,both,G0-miss1,r4b_chance_0.5_to_0.6,0.1176,0.1158,0.1194
floor_0.05+cautious_z1.64,both,G0-miss1,r4b_chance_0.6_to_0.7,0.1524,0.1505,0.1541
floor_0.05+cautious_z1.64,both,G0-miss1,r4b_chance_0.7_to_0.8,0.1924,0.1904,0.1943
floor_0.05+cautious_z1.64,both,G0-miss1,r4b_chance_0.8_up,0.3801,0.3744,0.3856
floor_0.05+cautious_z1.64,both,G0-miss1,r3_reachable,0.9429,0.9391,0.9465
floor_0.05+cautious_z1.64,both,G0-miss1,r8_rank_6_20,3.5350,3.3267,3.7667
floor_0.05+cautious_z1.64,both,G0-miss1,r8_topic_rank_6_20,17.6767,17.2283,18.1267
floor_0.05+cautious_z1.64,both,G0-miss1,r8_rank_150_200,1.7426,1.6142,1.8740
floor_0.05+cautious_z1.64,both,G0-miss1,r8_topic_rank_150_200,8.9319,8.7475,9.1309
floor_0.05+cautious_z1.64,both,G0-miss1,r2_ece,0.0094,0.0079,0.0109
floor_0.05+cautious_z1.64,both,G0-miss1,r4b_3,0.1326,0.1267,0.1386
floor_0.05+cautious_z1.64,both,G0-miss1,r4b_5,0.1530,0.1461,0.1601
floor_0.05+cautious_z1.64,both,G0-miss1,r4b_10,0.1567,0.1498,0.1638
floor_0.05+cautious_z1.64,both,G0-miss1,r4b_20,0.1579,0.1506,0.1647
floor_0.05+cautious_z1.64,both,G0-miss1,r4b_50,0.1605,0.1529,0.1681
floor_0.05+cautious_z1.64,both,G0-miss1,r8_move_p95_6_20,73.0000,73.0000,74.0000
floor_0.05+cautious_z1.64,both,G0-miss1,r8_move_p95_150_200,41.0000,41.0000,41.0000
floor_0.05+cautious_z1.64,both,G2-half,r1_rms_5,1.0053,0.9877,1.0231
floor_0.05+cautious_z1.64,both,G2-half,r1_mean_5,-0.0555,-0.0886,-0.0214
floor_0.05+cautious_z1.64,both,G2-half,r1_rms_10,0.9421,0.9264,0.9579
floor_0.05+cautious_z1.64,both,G2-half,r1_mean_10,-0.1038,-0.1344,-0.0734
floor_0.05+cautious_z1.64,both,G2-half,r1_rms_20,0.8472,0.8351,0.8605
floor_0.05+cautious_z1.64,both,G2-half,r1_mean_20,-0.1665,-0.1902,-0.1419
floor_0.05+cautious_z1.64,both,G2-half,r1_rms_50,0.7266,0.7171,0.7367
floor_0.05+cautious_z1.64,both,G2-half,r1_mean_50,-0.3028,-0.3207,-0.2853
floor_0.05+cautious_z1.64,both,G2-half,r1_rms_100,0.6997,0.6912,0.7078
floor_0.05+cautious_z1.64,both,G2-half,r1_mean_100,-0.4470,-0.4597,-0.4348
floor_0.05+cautious_z1.64,both,G2-half,r1_rms_200,0.7342,0.7277,0.7407
floor_0.05+cautious_z1.64,both,G2-half,r1_mean_200,-0.5775,-0.5858,-0.5694
floor_0.05+cautious_z1.64,both,G2-half,r2_brier,0.1517,0.1509,0.1525
floor_0.05+cautious_z1.64,both,G2-half,r2_bias,-0.0368,-0.0382,-0.0354
floor_0.05+cautious_z1.64,both,G2-half,r3_inside,0.3750,0.3720,0.3778
floor_0.05+cautious_z1.64,both,G2-half,r3_below_0.5,0.0226,0.0215,0.0238
floor_0.05+cautious_z1.64,both,G2-half,r3_above_0.95,0.0625,0.0601,0.0649
floor_0.05+cautious_z1.64,both,G2-half,r4_false,0.0043,0.0035,0.0051
floor_0.05+cautious_z1.64,both,G2-half,r4_false_0.70,0.0007,0.0004,0.0010
floor_0.05+cautious_z1.64,both,G2-half,r4_below,0.4384,0.4315,0.4451
floor_0.05+cautious_z1.64,both,G2-half,r4_false_at_task,0.0062,0.0050,0.0075
floor_0.05+cautious_z1.64,both,G2-half,r4_declared,8.7530,8.5488,8.9723
floor_0.05+cautious_z1.64,both,G2-half,r5_late_answers,6.3068,6.1933,6.4245
floor_0.05+cautious_z1.64,both,G2-half,r5_never,0.4165,0.4088,0.4238
floor_0.05+cautious_z1.64,both,G2-half,r6_lag,-0.5373,-0.5458,-0.5284
floor_0.05+cautious_z1.64,both,G2-half,r7_error_5,0.8538,0.8339,0.8736
floor_0.05+cautious_z1.64,both,G2-half,r7_error_10,0.7820,0.7637,0.8010
floor_0.05+cautious_z1.64,both,G2-half,r7_longest_wrong,1.7232,1.6970,1.7510
floor_0.05+cautious_z1.64,both,G2-half,r7_hard_first,0.1315,0.1259,0.1371
floor_0.05+cautious_z1.64,both,G2-half,r4b_chance_below_0.5,0.0637,0.0604,0.0671
floor_0.05+cautious_z1.64,both,G2-half,r4b_chance_0.5_to_0.6,0.0879,0.0852,0.0905
floor_0.05+cautious_z1.64,both,G2-half,r4b_chance_0.6_to_0.7,0.1678,0.1648,0.1708
floor_0.05+cautious_z1.64,both,G2-half,r4b_chance_0.7_to_0.8,0.2703,0.2672,0.2732
floor_0.05+cautious_z1.64,both,G2-half,r4b_chance_0.8_up,0.4103,0.4031,0.4182
floor_0.05+cautious_z1.64,both,G2-half,r3_reachable,0.9598,0.9579,0.9616
floor_0.05+cautious_z1.64,both,G2-half,r8_rank_6_20,3.6333,3.3983,3.8650
floor_0.05+cautious_z1.64,both,G2-half,r8_topic_rank_6_20,17.4667,16.9983,17.9567
floor_0.05+cautious_z1.64,both,G2-half,r8_rank_150_200,1.6618,1.5466,1.7824
floor_0.05+cautious_z1.64,both,G2-half,r8_topic_rank_150_200,9.0897,8.8926,9.2926
floor_0.05+cautious_z1.64,both,G2-half,r2_ece,0.0368,0.0354,0.0383
floor_0.05+cautious_z1.64,both,G2-half,r4b_3,0.1196,0.1142,0.1250
floor_0.05+cautious_z1.64,both,G2-half,r4b_5,0.1390,0.1325,0.1458
floor_0.05+cautious_z1.64,both,G2-half,r4b_10,0.1509,0.1444,0.1582
floor_0.05+cautious_z1.64,both,G2-half,r4b_20,0.1675,0.1580,0.1767
floor_0.05+cautious_z1.64,both,G2-half,r4b_50,0.2043,0.1739,0.2469
floor_0.05+cautious_z1.64,both,G2-half,r8_move_p95_6_20,73.0000,73.0000,73.0000
floor_0.05+cautious_z1.64,both,G2-half,r8_move_p95_150_200,40.0000,40.0000,40.0000
floor_0.05+cautious_z1.64,both,G2-fading,r1_rms_5,1.0156,0.9974,1.0334
floor_0.05+cautious_z1.64,both,G2-fading,r1_mean_5,-0.0508,-0.0838,-0.0171
floor_0.05+cautious_z1.64,both,G2-fading,r1_rms_10,0.9503,0.9346,0.9664
floor_0.05+cautious_z1.64,both,G2-fading,r1_mean_10,-0.1192,-0.1491,-0.0891
floor_0.05+cautious_z1.64,both,G2-fading,r1_rms_20,0.8648,0.8519,0.8784
floor_0.05+cautious_z1.64,both,G2-fading,r1_mean_20,-0.2053,-0.2298,-0.1800
floor_0.05+cautious_z1.64,both,G2-fading,r1_rms_50,0.7484,0.7382,0.7588
floor_0.05+cautious_z1.64,both,G2-fading,r1_mean_50,-0.3460,-0.3638,-0.3282
floor_0.05+cautious_z1.64,both,G2-fading,r1_rms_100,0.6881,0.6797,0.6968
floor_0.05+cautious_z1.64,both,G2-fading,r1_mean_100,-0.4217,-0.4355,-0.4096
floor_0.05+cautious_z1.64,both,G2-fading,r1_rms_200,0.6017,0.5959,0.6074
floor_0.05+cautious_z1.64,both,G2-fading,r1_mean_200,-0.3815,-0.3896,-0.3734
floor_0.05+cautious_z1.64,both,G2-fading,r2_brier,0.1546,0.1537,0.1555
floor_0.05+cautious_z1.64,both,G2-fading,r2_bias,-0.0311,-0.0326,-0.0296
floor_0.05+cautious_z1.64,both,G2-fading,r3_inside,0.3885,0.3855,0.3916
floor_0.05+cautious_z1.64,both,G2-fading,r3_below_0.5,0.0236,0.0224,0.0250
floor_0.05+cautious_z1.64,both,G2-fading,r3_above_0.95,0.0572,0.0548,0.0597
floor_0.05+cautious_z1.64,both,G2-fading,r4_false,0.0045,0.0038,0.0054
floor_0.05+cautious_z1.64,both,G2-fading,r4_false_0.70,0.0007,0.0004,0.0010
floor_0.05+cautious_z1.64,both,G2-fading,r4_below,0.4384,0.4313,0.4458
floor_0.05+cautious_z1.64,both,G2-fading,r4_false_at_task,0.0068,0.0056,0.0082
floor_0.05+cautious_z1.64,both,G2-fading,r4_declared,8.5480,8.3425,8.7447
floor_0.05+cautious_z1.64,both,G2-fading,r5_late_answers,5.9364,5.8235,6.0525
floor_0.05+cautious_z1.64,both,G2-fading,r5_never,0.3815,0.3738,0.3901
floor_0.05+cautious_z1.64,both,G2-fading,r6_lag,-0.4165,-0.4257,-0.4073
floor_0.05+cautious_z1.64,both,G2-fading,r7_error_5,0.8760,0.8555,0.8963
floor_0.05+cautious_z1.64,both,G2-fading,r7_error_10,0.8033,0.7848,0.8225
floor_0.05+cautious_z1.64,both,G2-fading,r7_longest_wrong,1.7683,1.7405,1.7970
floor_0.05+cautious_z1.64,both,G2-fading,r7_hard_first,0.1358,0.1305,0.1417
floor_0.05+cautious_z1.64,both,G2-fading,r4b_chance_below_0.5,0.0648,0.0612,0.0688
floor_0.05+cautious_z1.64,both,G2-fading,r4b_chance_0.5_to_0.6,0.0921,0.0893,0.0946
floor_0.05+cautious_z1.64,both,G2-fading,r4b_chance_0.6_to_0.7,0.1779,0.1749,0.1810
floor_0.05+cautious_z1.64,both,G2-fading,r4b_chance_0.7_to_0.8,0.2781,0.2749,0.2813
floor_0.05+cautious_z1.64,both,G2-fading,r4b_chance_0.8_up,0.3872,0.3791,0.3950
floor_0.05+cautious_z1.64,both,G2-fading,r3_reachable,0.9578,0.9557,0.9598
floor_0.05+cautious_z1.64,both,G2-fading,r8_rank_6_20,3.4633,3.2383,3.6967
floor_0.05+cautious_z1.64,both,G2-fading,r8_topic_rank_6_20,17.1067,16.6450,17.5733
floor_0.05+cautious_z1.64,both,G2-fading,r8_rank_150_200,1.6113,1.4995,1.7304
floor_0.05+cautious_z1.64,both,G2-fading,r8_topic_rank_150_200,9.0270,8.8343,9.2191
floor_0.05+cautious_z1.64,both,G2-fading,r2_ece,0.0311,0.0297,0.0325
floor_0.05+cautious_z1.64,both,G2-fading,r4b_3,0.1213,0.1154,0.1270
floor_0.05+cautious_z1.64,both,G2-fading,r4b_5,0.1408,0.1343,0.1473
floor_0.05+cautious_z1.64,both,G2-fading,r4b_10,0.1495,0.1421,0.1563
floor_0.05+cautious_z1.64,both,G2-fading,r4b_20,0.1559,0.1480,0.1637
floor_0.05+cautious_z1.64,both,G2-fading,r4b_50,0.1708,0.1571,0.1859
floor_0.05+cautious_z1.64,both,G2-fading,r8_move_p95_6_20,73.0000,73.0000,73.0000
floor_0.05+cautious_z1.64,both,G2-fading,r8_move_p95_150_200,41.0000,40.0000,41.0000
floor_0.05+cautious_z1.64,both,G3-drop,r1_rms_5,0.9847,0.9671,1.0033
floor_0.05+cautious_z1.64,both,G3-drop,r1_mean_5,-0.0082,-0.0409,0.0226
floor_0.05+cautious_z1.64,both,G3-drop,r1_rms_10,0.9228,0.9081,0.9375
floor_0.05+cautious_z1.64,both,G3-drop,r1_mean_10,-0.0376,-0.0655,-0.0092
floor_0.05+cautious_z1.64,both,G3-drop,r1_rms_20,0.8265,0.8139,0.8395
floor_0.05+cautious_z1.64,both,G3-drop,r1_mean_20,-0.0542,-0.0785,-0.0307
floor_0.05+cautious_z1.64,both,G3-drop,r1_rms_50,0.6762,0.6674,0.6847
floor_0.05+cautious_z1.64,both,G3-drop,r1_mean_50,-0.0683,-0.0859,-0.0517
floor_0.05+cautious_z1.64,both,G3-drop,r1_rms_100,0.7006,0.6922,0.7093
floor_0.05+cautious_z1.64,both,G3-drop,r1_mean_100,0.2845,0.2681,0.3011
floor_0.05+cautious_z1.64,both,G3-drop,r1_rms_200,0.5525,0.5473,0.5577
floor_0.05+cautious_z1.64,both,G3-drop,r1_mean_200,0.2713,0.2632,0.2798
floor_0.05+cautious_z1.64,both,G3-drop,r2_brier,0.2006,0.1997,0.2015
floor_0.05+cautious_z1.64,both,G3-drop,r2_bias,0.0497,0.0482,0.0512
floor_0.05+cautious_z1.64,both,G3-drop,r3_inside,0.3859,0.3834,0.3884
floor_0.05+cautious_z1.64,both,G3-drop,r3_below_0.5,0.0860,0.0832,0.0890
floor_0.05+cautious_z1.64,both,G3-drop,r3_above_0.95,0.0211,0.0199,0.0223
floor_0.05+cautious_z1.64,both,G3-drop,r4_false,0.0323,0.0300,0.0349
floor_0.05+cautious_z1.64,both,G3-drop,r4_false_0.70,0.0082,0.0070,0.0093
floor_0.05+cautious_z1.64,both,G3-drop,r4_below,0.4604,0.4523,0.4685
floor_0.05+cautious_z1.64,both,G3-drop,r4_false_at_task,0.0491,0.0451,0.0533
floor_0.05+cautious_z1.64,both,G3-drop,r4_declared,7.6197,7.4218,7.8238
floor_0.05+cautious_z1.64,both,G3-drop,r5_late_answers,3.6781,3.6047,3.7527
floor_0.05+cautious_z1.64,both,G3-drop,r5_never,0.3787,0.3692,0.3880
floor_0.05+cautious_z1.64,both,G3-drop,r6_lag,0.3630,0.3547,0.3709
floor_0.05+cautious_z1.64,both,G3-drop,r6_jump_answers,45.9477,44.9075,46.9858
floor_0.05+cautious_z1.64,both,G3-drop,r6_jump_unsettled,0.2062,0.1935,0.2190
floor_0.05+cautious_z1.64,both,G3-drop,r7_error_5,0.8476,0.8273,0.8674
floor_0.05+cautious_z1.64,both,G3-drop,r7_error_10,0.7726,0.7545,0.7908
floor_0.05+cautious_z1.64,both,G3-drop,r7_longest_wrong,1.7875,1.7583,1.8162
floor_0.05+cautious_z1.64,both,G3-drop,r7_hard_first,0.1402,0.1343,0.1460
floor_0.05+cautious_z1.64,both,G3-drop,r4b_chance_below_0.5,0.1760,0.1689,0.1837
floor_0.05+cautious_z1.64,both,G3-drop,r4b_chance_0.5_to_0.6,0.1777,0.1751,0.1803
floor_0.05+cautious_z1.64,both,G3-drop,r4b_chance_0.6_to_0.7,0.2283,0.2254,0.2310
floor_0.05+cautious_z1.64,both,G3-drop,r4b_chance_0.7_to_0.8,0.2293,0.2257,0.2330
floor_0.05+cautious_z1.64,both,G3-drop,r4b_chance_0.8_up,0.1887,0.1833,0.1939
floor_0.05+cautious_z1.64,both,G3-drop,r3_reachable,0.8792,0.8734,0.8847
floor_0.05+cautious_z1.64,both,G3-drop,r8_rank_6_20,3.5233,3.2917,3.7600
floor_0.05+cautious_z1.64,both,G3-drop,r8_topic_rank_6_20,17.5700,17.1067,18.0450
floor_0.05+cautious_z1.64,both,G3-drop,r8_rank_150_200,1.9167,1.7877,2.0525
floor_0.05+cautious_z1.64,both,G3-drop,r8_topic_rank_150_200,9.6539,9.4505,9.8588
floor_0.05+cautious_z1.64,both,G3-drop,r2_ece,0.0501,0.0486,0.0516
floor_0.05+cautious_z1.64,both,G3-drop,r4b_3,0.1342,0.1282,0.1400
floor_0.05+cautious_z1.64,both,G3-drop,r4b_5,0.1534,0.1466,0.1602
floor_0.05+cautious_z1.64,both,G3-drop,r4b_10,0.1542,0.1471,0.1611
floor_0.05+cautious_z1.64,both,G3-drop,r4b_20,0.1544,0.1475,0.1607
floor_0.05+cautious_z1.64,both,G3-drop,r4b_50,0.1553,0.1484,0.1624
floor_0.05+cautious_z1.64,both,G3-drop,r8_move_p95_6_20,73.0000,73.0000,73.0000
floor_0.05+cautious_z1.64,both,G3-drop,r8_move_p95_150_200,43.0000,43.0000,43.0000
floor_0.05+cautious_z1.64,both,G0-start0.5,r1_rms_5,0.9677,0.9507,0.9871
floor_0.05+cautious_z1.64,both,G0-start0.5,r1_mean_5,-0.0270,-0.0589,0.0052
floor_0.05+cautious_z1.64,both,G0-start0.5,r1_rms_10,0.9051,0.8901,0.9204
floor_0.05+cautious_z1.64,both,G0-start0.5,r1_mean_10,-0.0443,-0.0730,-0.0156
floor_0.05+cautious_z1.64,both,G0-start0.5,r1_rms_20,0.8143,0.8021,0.8274
floor_0.05+cautious_z1.64,both,G0-start0.5,r1_mean_20,-0.0613,-0.0847,-0.0370
floor_0.05+cautious_z1.64,both,G0-start0.5,r1_rms_50,0.6648,0.6566,0.6730
floor_0.05+cautious_z1.64,both,G0-start0.5,r1_mean_50,-0.0855,-0.1014,-0.0696
floor_0.05+cautious_z1.64,both,G0-start0.5,r1_rms_100,0.5612,0.5556,0.5669
floor_0.05+cautious_z1.64,both,G0-start0.5,r1_mean_100,-0.0990,-0.1107,-0.0877
floor_0.05+cautious_z1.64,both,G0-start0.5,r1_rms_200,0.4824,0.4783,0.4863
floor_0.05+cautious_z1.64,both,G0-start0.5,r1_mean_200,-0.0958,-0.1035,-0.0879
floor_0.05+cautious_z1.64,both,G0-start0.5,r2_brier,0.1727,0.1719,0.1735
floor_0.05+cautious_z1.64,both,G0-start0.5,r2_bias,0.0043,0.0029,0.0057
floor_0.05+cautious_z1.64,both,G0-start0.5,r3_inside,0.4341,0.4316,0.4363
floor_0.05+cautious_z1.64,both,G0-start0.5,r3_below_0.5,0.0331,0.0316,0.0345
floor_0.05+cautious_z1.64,both,G0-start0.5,r3_above_0.95,0.0280,0.0267,0.0293
floor_0.05+cautious_z1.64,both,G0-start0.5,r4_false,0.0062,0.0050,0.0074
floor_0.05+cautious_z1.64,both,G0-start0.5,r4_false_0.70,0.0014,0.0009,0.0020
floor_0.05+cautious_z1.64,both,G0-start0.5,r4_below,0.4407,0.4337,0.4480
floor_0.05+cautious_z1.64,both,G0-start0.5,r4_false_at_task,0.0095,0.0077,0.0115
floor_0.05+cautious_z1.64,both,G0-start0.5,r4_declared,7.6013,7.4180,7.7870
floor_0.05+cautious_z1.64,both,G0-start0.5,r5_late_answers,4.5137,4.4185,4.6114
floor_0.05+cautious_z1.64,both,G0-start0.5,r5_never,0.2033,0.1956,0.2109
floor_0.05+cautious_z1.64,both,G0-start0.5,r6_lag,-0.1097,-0.1177,-0.1016
floor_0.05+cautious_z1.64,both,G0-start0.5,r7_error_5,0.8138,0.7931,0.8334
floor_0.05+cautious_z1.64,both,G0-start0.5,r7_error_10,0.7420,0.7237,0.7601
floor_0.05+cautious_z1.64,both,G0-start0.5,r7_longest_wrong,1.7232,1.6970,1.7492
floor_0.05+cautious_z1.64,both,G0-start0.5,r7_hard_first,0.1250,0.1194,0.1301
floor_0.05+cautious_z1.64,both,G0-start0.5,r4b_chance_below_0.5,0.0710,0.0681,0.0742
floor_0.05+cautious_z1.64,both,G0-start0.5,r4b_chance_0.5_to_0.6,0.1121,0.1097,0.1146
floor_0.05+cautious_z1.64,both,G0-start0.5,r4b_chance_0.6_to_0.7,0.2063,0.2035,0.2092
floor_0.05+cautious_z1.64,both,G0-start0.5,r4b_chance_0.7_to_0.8,0.2873,0.2846,0.2901
floor_0.05+cautious_z1.64,both,G0-start0.5,r4b_chance_0.8_up,0.3233,0.3171,0.3294
floor_0.05+cautious_z1.64,both,G0-start0.5,r3_reachable,0.9599,0.9576,0.9622
floor_0.05+cautious_z1.64,both,G0-start0.5,r8_rank_6_20,3.5433,3.3183,3.7733
floor_0.05+cautious_z1.64,both,G0-start0.5,r8_topic_rank_6_20,17.2467,16.7600,17.7317
floor_0.05+cautious_z1.64,both,G0-start0.5,r8_rank_150_200,1.6417,1.5083,1.7672
floor_0.05+cautious_z1.64,both,G0-start0.5,r8_topic_rank_150_200,9.1559,8.9559,9.3559
floor_0.05+cautious_z1.64,both,G0-start0.5,r2_ece,0.0055,0.0041,0.0069
floor_0.05+cautious_z1.64,both,G0-start0.5,r4b_3,0.1311,0.1254,0.1372
floor_0.05+cautious_z1.64,both,G0-start0.5,r4b_5,0.1514,0.1447,0.1583
floor_0.05+cautious_z1.64,both,G0-start0.5,r4b_10,0.1543,0.1478,0.1610
floor_0.05+cautious_z1.64,both,G0-start0.5,r4b_20,0.1556,0.1490,0.1626
floor_0.05+cautious_z1.64,both,G0-start0.5,r4b_50,0.1626,0.1524,0.1753
floor_0.05+cautious_z1.64,both,G0-start0.5,r8_move_p95_6_20,73.0000,73.0000,73.0000
floor_0.05+cautious_z1.64,both,G0-start0.5,r8_move_p95_150_200,41.0000,41.0000,41.0000
floor_0.05+cautious_z1.64,both,G0-start2,r1_rms_5,1.1021,1.0807,1.1235
floor_0.05+cautious_z1.64,both,G0-start2,r1_mean_5,-0.0280,-0.0646,0.0118
floor_0.05+cautious_z1.64,both,G0-start2,r1_rms_10,1.0235,1.0043,1.0427
floor_0.05+cautious_z1.64,both,G0-start2,r1_mean_10,-0.0537,-0.0898,-0.0204
floor_0.05+cautious_z1.64,both,G0-start2,r1_rms_20,0.9076,0.8918,0.9234
floor_0.05+cautious_z1.64,both,G0-start2,r1_mean_20,-0.0773,-0.1055,-0.0485
floor_0.05+cautious_z1.64,both,G0-start2,r1_rms_50,0.7281,0.7166,0.7396
floor_0.05+cautious_z1.64,both,G0-start2,r1_mean_50,-0.1066,-0.1272,-0.0866
floor_0.05+cautious_z1.64,both,G0-start2,r1_rms_100,0.6001,0.5925,0.6081
floor_0.05+cautious_z1.64,both,G0-start2,r1_mean_100,-0.1180,-0.1319,-0.1047
floor_0.05+cautious_z1.64,both,G0-start2,r1_rms_200,0.5017,0.4966,0.5068
floor_0.05+cautious_z1.64,both,G0-start2,r1_mean_200,-0.1001,-0.1089,-0.0913
floor_0.05+cautious_z1.64,both,G0-start2,r2_brier,0.1764,0.1753,0.1776
floor_0.05+cautious_z1.64,both,G0-start2,r2_bias,0.0032,0.0015,0.0049
floor_0.05+cautious_z1.64,both,G0-start2,r3_inside,0.4001,0.3963,0.4039
floor_0.05+cautious_z1.64,both,G0-start2,r3_below_0.5,0.0708,0.0658,0.0758
floor_0.05+cautious_z1.64,both,G0-start2,r3_above_0.95,0.0402,0.0375,0.0429
floor_0.05+cautious_z1.64,both,G0-start2,r4_false,0.0107,0.0093,0.0123
floor_0.05+cautious_z1.64,both,G0-start2,r4_false_0.70,0.0019,0.0014,0.0026
floor_0.05+cautious_z1.64,both,G0-start2,r4_below,0.4165,0.4068,0.4250
floor_0.05+cautious_z1.64,both,G0-start2,r4_false_at_task,0.0146,0.0127,0.0167
floor_0.05+cautious_z1.64,both,G0-start2,r4_declared,8.0132,7.7965,8.2330
floor_0.05+cautious_z1.64,both,G0-start2,r5_late_answers,5.2373,5.1371,5.3417
floor_0.05+cautious_z1.64,both,G0-start2,r5_never,0.2800,0.2704,0.2900
floor_0.05+cautious_z1.64,both,G0-start2,r6_lag,-0.1159,-0.1258,-0.1061
floor_0.05+cautious_z1.64,both,G0-start2,r7_error_5,0.9629,0.9402,0.9866
floor_0.05+cautious_z1.64,both,G0-start2,r7_error_10,0.8798,0.8587,0.9025
floor_0.05+cautious_z1.64,both,G0-start2,r7_longest_wrong,1.8787,1.8433,1.9132
floor_0.05+cautious_z1.64,both,G0-start2,r7_hard_first,0.1829,0.1752,0.1911
floor_0.05+cautious_z1.64,both,G0-start2,r4b_chance_below_0.5,0.1912,0.1773,0.2054
floor_0.05+cautious_z1.64,both,G0-start2,r4b_chance_0.5_to_0.6,0.1370,0.1331,0.1408
floor_0.05+cautious_z1.64,both,G0-start2,r4b_chance_0.6_to_0.7,0.2008,0.1965,0.2047
floor_0.05+cautious_z1.64,both,G0-start2,r4b_chance_0.7_to_0.8,0.2428,0.2370,0.2485
floor_0.05+cautious_z1.64,both,G0-start2,r4b_chance_0.8_up,0.2282,0.2206,0.2357
floor_0.05+cautious_z1.64,both,G0-start2,r3_reachable,0.8755,0.8676,0.8834
floor_0.05+cautious_z1.64,both,G0-start2,r8_rank_6_20,3.7867,3.5600,4.0250
floor_0.05+cautious_z1.64,both,G0-start2,r8_topic_rank_6_20,17.6500,17.1650,18.1433
floor_0.05+cautious_z1.64,both,G0-start2,r8_rank_150_200,1.5873,1.4701,1.7083
floor_0.05+cautious_z1.64,both,G0-start2,r8_topic_rank_150_200,8.3926,8.1799,8.6010
floor_0.05+cautious_z1.64,both,G0-start2,r2_ece,0.0042,0.0025,0.0060
floor_0.05+cautious_z1.64,both,G0-start2,r4b_3,0.1119,0.1061,0.1174
floor_0.05+cautious_z1.64,both,G0-start2,r4b_5,0.1317,0.1250,0.1386
floor_0.05+cautious_z1.64,both,G0-start2,r4b_10,0.1378,0.1309,0.1445
floor_0.05+cautious_z1.64,both,G0-start2,r4b_20,0.1406,0.1334,0.1486
floor_0.05+cautious_z1.64,both,G0-start2,r4b_50,0.1428,0.1349,0.1509
floor_0.05+cautious_z1.64,both,G0-start2,r8_move_p95_6_20,73.0000,73.0000,73.0000
floor_0.05+cautious_z1.64,both,G0-start2,r8_move_p95_150_200,40.0000,40.0000,41.0000
floor_0.05+cautious_z1.64,both,G0-topics0.3,r1_rms_5,0.9134,0.8940,0.9317
floor_0.05+cautious_z1.64,both,G0-topics0.3,r1_mean_5,0.0045,-0.0290,0.0377
floor_0.05+cautious_z1.64,both,G0-topics0.3,r1_rms_10,0.8381,0.8220,0.8545
floor_0.05+cautious_z1.64,both,G0-topics0.3,r1_mean_10,-0.0161,-0.0456,0.0140
floor_0.05+cautious_z1.64,both,G0-topics0.3,r1_rms_20,0.7365,0.7230,0.7509
floor_0.05+cautious_z1.64,both,G0-topics0.3,r1_mean_20,-0.0349,-0.0587,-0.0089
floor_0.05+cautious_z1.64,both,G0-topics0.3,r1_rms_50,0.5890,0.5806,0.5982
floor_0.05+cautious_z1.64,both,G0-topics0.3,r1_mean_50,-0.0611,-0.0776,-0.0437
floor_0.05+cautious_z1.64,both,G0-topics0.3,r1_rms_100,0.4979,0.4925,0.5031
floor_0.05+cautious_z1.64,both,G0-topics0.3,r1_mean_100,-0.0734,-0.0849,-0.0621
floor_0.05+cautious_z1.64,both,G0-topics0.3,r1_rms_200,0.4369,0.4329,0.4406
floor_0.05+cautious_z1.64,both,G0-topics0.3,r1_mean_200,-0.0809,-0.0886,-0.0731
floor_0.05+cautious_z1.64,both,G0-topics0.3,r2_brier,0.1749,0.1740,0.1758
floor_0.05+cautious_z1.64,both,G0-topics0.3,r2_bias,0.0051,0.0036,0.0065
floor_0.05+cautious_z1.64,both,G0-topics0.3,r3_inside,0.4497,0.4467,0.4527
floor_0.05+cautious_z1.64,both,G0-topics0.3,r3_below_0.5,0.0323,0.0306,0.0341
floor_0.05+cautious_z1.64,both,G0-topics0.3,r3_above_0.95,0.0221,0.0208,0.0234
floor_0.05+cautious_z1.64,both,G0-topics0.3,r4_false,0.0087,0.0072,0.0102
floor_0.05+cautious_z1.64,both,G0-topics0.3,r4_false_0.70,0.0011,0.0006,0.0017
floor_0.05+cautious_z1.64,both,G0-topics0.3,r4_below,0.4612,0.4529,0.4695
floor_0.05+cautious_z1.64,both,G0-topics0.3,r4_false_at_task,0.0134,0.0111,0.0159
floor_0.05+cautious_z1.64,both,G0-topics0.3,r4_declared,7.7497,7.5617,7.9430
floor_0.05+cautious_z1.64,both,G0-topics0.3,r5_late_answers,4.8069,4.6952,4.9195
floor_0.05+cautious_z1.64,both,G0-topics0.3,r5_never,0.2755,0.2657,0.2860
floor_0.05+cautious_z1.64,both,G0-topics0.3,r6_lag,-0.0852,-0.0936,-0.0772
floor_0.05+cautious_z1.64,both,G0-topics0.3,r7_error_5,0.8451,0.8237,0.8654
floor_0.05+cautious_z1.64,both,G0-topics0.3,r7_error_10,0.7715,0.7528,0.7904
floor_0.05+cautious_z1.64,both,G0-topics0.3,r7_longest_wrong,1.7475,1.7217,1.7750
floor_0.05+cautious_z1.64,both,G0-topics0.3,r7_hard_first,0.1278,0.1221,0.1336
floor_0.05+cautious_z1.64,both,G0-topics0.3,r4b_chance_below_0.5,0.0744,0.0700,0.0791
floor_0.05+cautious_z1.64,both,G0-topics0.3,r4b_chance_0.5_to_0.6,0.1238,0.1204,0.1273
floor_0.05+cautious_z1.64,both,G0-topics0.3,r4b_chance_0.6_to_0.7,0.2219,0.2185,0.2251
floor_0.05+cautious_z1.64,both,G0-topics0.3,r4b_chance_0.7_to_0.8,0.2954,0.2918,0.2992
floor_0.05+cautious_z1.64,both,G0-topics0.3,r4b_chance_0.8_up,0.2846,0.2777,0.2912
floor_0.05+cautious_z1.64,both,G0-topics0.3,r3_reachable,0.9412,0.9366,0.9455
floor_0.05+cautious_z1.64,both,G0-topics0.3,r8_rank_6_20,3.6583,3.4433,3.8850
floor_0.05+cautious_z1.64,both,G0-topics0.3,r8_topic_rank_6_20,17.4883,17.0300,17.9583
floor_0.05+cautious_z1.64,both,G0-topics0.3,r8_rank_150_200,1.6348,1.5034,1.7544
floor_0.05+cautious_z1.64,both,G0-topics0.3,r8_topic_rank_150_200,8.9441,8.7397,9.1431
floor_0.05+cautious_z1.64,both,G0-topics0.3,r2_ece,0.0068,0.0053,0.0083
floor_0.05+cautious_z1.64,both,G0-topics0.3,r4b_3,0.1358,0.1293,0.1423
floor_0.05+cautious_z1.64,both,G0-topics0.3,r4b_5,0.1584,0.1516,0.1657
floor_0.05+cautious_z1.64,both,G0-topics0.3,r4b_10,0.1624,0.1555,0.1699
floor_0.05+cautious_z1.64,both,G0-topics0.3,r4b_20,0.1657,0.1585,0.1737
floor_0.05+cautious_z1.64,both,G0-topics0.3,r4b_50,0.1714,0.1618,0.1825
floor_0.05+cautious_z1.64,both,G0-topics0.3,r8_move_p95_6_20,73.0000,73.0000,73.0000
floor_0.05+cautious_z1.64,both,G0-topics0.3,r8_move_p95_150_200,41.0000,41.0000,41.0000
floor_0.05+cautious_z1.64,both,G0-topics1,r1_rms_5,1.3130,1.2959,1.3305
floor_0.05+cautious_z1.64,both,G0-topics1,r1_mean_5,-0.0428,-0.0768,-0.0069
floor_0.05+cautious_z1.64,both,G0-topics1,r1_rms_10,1.2678,1.2534,1.2819
floor_0.05+cautious_z1.64,both,G0-topics1,r1_mean_10,-0.0832,-0.1139,-0.0511
floor_0.05+cautious_z1.64,both,G0-topics1,r1_rms_20,1.1799,1.1674,1.1914
floor_0.05+cautious_z1.64,both,G0-topics1,r1_mean_20,-0.1370,-0.1623,-0.1114
floor_0.05+cautious_z1.64,both,G0-topics1,r1_rms_50,1.0003,0.9912,1.0100
floor_0.05+cautious_z1.64,both,G0-topics1,r1_mean_50,-0.1893,-0.2082,-0.1707
floor_0.05+cautious_z1.64,both,G0-topics1,r1_rms_100,0.8446,0.8372,0.8526
floor_0.05+cautious_z1.64,both,G0-topics1,r1_mean_100,-0.1983,-0.2106,-0.1855
floor_0.05+cautious_z1.64,both,G0-topics1,r1_rms_200,0.7092,0.7030,0.7155
floor_0.05+cautious_z1.64,both,G0-topics1,r1_mean_200,-0.1675,-0.1769,-0.1587
floor_0.05+cautious_z1.64,both,G0-topics1,r2_brier,0.1751,0.1743,0.1760
floor_0.05+cautious_z1.64,both,G0-topics1,r2_bias,0.0058,0.0042,0.0073
floor_0.05+cautious_z1.64,both,G0-topics1,r3_inside,0.3654,0.3631,0.3678
floor_0.05+cautious_z1.64,both,G0-topics1,r3_below_0.5,0.0620,0.0598,0.0642
floor_0.05+cautious_z1.64,both,G0-topics1,r3_above_0.95,0.0674,0.0652,0.0696
floor_0.05+cautious_z1.64,both,G0-topics1,r4_false,0.0271,0.0250,0.0295
floor_0.05+cautious_z1.64,both,G0-topics1,r4_false_0.70,0.0087,0.0074,0.0100
floor_0.05+cautious_z1.64,both,G0-topics1,r4_below,0.4692,0.4621,0.4762
floor_0.05+cautious_z1.64,both,G0-topics1,r4_false_at_task,0.0391,0.0355,0.0427
floor_0.05+cautious_z1.64,both,G0-topics1,r4_declared,7.7635,7.5700,7.9638
floor_0.05+cautious_z1.64,both,G0-topics1,r5_late_answers,5.2108,5.1068,5.3180
floor_0.05+cautious_z1.64,both,G0-topics1,r5_never,0.3514,0.3449,0.3581
floor_0.05+cautious_z1.64,both,G0-topics1,r6_lag,-0.1733,-0.1827,-0.1642
floor_0.05+cautious_z1.64,both,G0-topics1,r7_error_5,0.9043,0.8830,0.9249
floor_0.05+cautious_z1.64,both,G0-topics1,r7_error_10,0.8325,0.8144,0.8522
floor_0.05+cautious_z1.64,both,G0-topics1,r7_longest_wrong,1.9347,1.9022,1.9667
floor_0.05+cautious_z1.64,both,G0-topics1,r7_hard_first,0.1922,0.1861,0.1984
floor_0.05+cautious_z1.64,both,G0-topics1,r4b_chance_below_0.5,0.1374,0.1326,0.1428
floor_0.05+cautious_z1.64,both,G0-topics1,r4b_chance_0.5_to_0.6,0.1357,0.1333,0.1383
floor_0.05+cautious_z1.64,both,G0-topics1,r4b_chance_0.6_to_0.7,0.2034,0.2007,0.2061
floor_0.05+cautious_z1.64,both,G0-topics1,r4b_chance_0.7_to_0.8,0.2503,0.2471,0.2535
floor_0.05+cautious_z1.64,both,G0-topics1,r4b_chance_0.8_up,0.2732,0.2675,0.2792
floor_0.05+cautious_z1.64,both,G0-topics1,r3_reachable,0.9222,0.9184,0.9257
floor_0.05+cautious_z1.64,both,G0-topics1,r8_rank_6_20,3.9117,3.6617,4.1433
floor_0.05+cautious_z1.64,both,G0-topics1,r8_topic_rank_6_20,18.6983,18.2183,19.2033
floor_0.05+cautious_z1.64,both,G0-topics1,r8_rank_150_200,1.7147,1.5848,1.8500
floor_0.05+cautious_z1.64,both,G0-topics1,r8_topic_rank_150_200,8.8127,8.6245,9.0010
floor_0.05+cautious_z1.64,both,G0-topics1,r2_ece,0.0073,0.0059,0.0089
floor_0.05+cautious_z1.64,both,G0-topics1,r4b_3,0.1426,0.1367,0.1488
floor_0.05+cautious_z1.64,both,G0-topics1,r4b_5,0.1710,0.1635,0.1781
floor_0.05+cautious_z1.64,both,G0-topics1,r4b_10,0.1783,0.1709,0.1850
floor_0.05+cautious_z1.64,both,G0-topics1,r4b_20,0.1811,0.1738,0.1882
floor_0.05+cautious_z1.64,both,G0-topics1,r4b_50,0.1859,0.1766,0.1960
floor_0.05+cautious_z1.64,both,G0-topics1,r8_move_p95_6_20,73.0000,73.0000,73.0000
floor_0.05+cautious_z1.64,both,G0-topics1,r8_move_p95_150_200,40.0000,40.0000,40.0000
floor_0.05+wald,both,G0,r1_rms_5,1.0045,0.9860,1.0217
floor_0.05+wald,both,G0,r1_mean_5,-0.0146,-0.0474,0.0188
floor_0.05+wald,both,G0,r1_rms_10,0.9401,0.9245,0.9556
floor_0.05+wald,both,G0,r1_mean_10,-0.0412,-0.0709,-0.0106
floor_0.05+wald,both,G0,r1_rms_20,0.8413,0.8284,0.8537
floor_0.05+wald,both,G0,r1_mean_20,-0.0683,-0.0930,-0.0431
floor_0.05+wald,both,G0,r1_rms_50,0.6805,0.6719,0.6892
floor_0.05+wald,both,G0,r1_mean_50,-0.0927,-0.1090,-0.0758
floor_0.05+wald,both,G0,r1_rms_100,0.5675,0.5621,0.5737
floor_0.05+wald,both,G0,r1_mean_100,-0.1051,-0.1164,-0.0931
floor_0.05+wald,both,G0,r1_rms_200,0.4769,0.4731,0.4808
floor_0.05+wald,both,G0,r1_mean_200,-0.0976,-0.1052,-0.0901
floor_0.05+wald,both,G0,r2_brier,0.1750,0.1742,0.1760
floor_0.05+wald,both,G0,r2_bias,0.0044,0.0030,0.0059
floor_0.05+wald,both,G0,r3_inside,0.4285,0.4258,0.4312
floor_0.05+wald,both,G0,r3_below_0.5,0.0383,0.0364,0.0404
floor_0.05+wald,both,G0,r3_above_0.95,0.0297,0.0282,0.0312
floor_0.05+wald,both,G0,r4_false,0.0067,0.0053,0.0082
floor_0.05+wald,both,G0,r4_false_0.70,0.0006,0.0002,0.0011
floor_0.05+wald,both,G0,r4_below,0.5728,0.5614,0.5844
floor_0.05+wald,both,G0,r4_false_at_task,0.0048,0.0030,0.0068
floor_0.05+wald,both,G0,r4_declared,3.2658,3.1618,3.3670
floor_0.05+wald,both,G0,r5_late_answers,10.8160,10.7153,10.9250
floor_0.05+wald,both,G0,r5_never,0.6116,0.6020,0.6215
floor_0.05+wald,both,G0,r6_lag,-0.1076,-0.1157,-0.0995
floor_0.05+wald,both,G0,r7_error_5,0.8588,0.8387,0.8798
floor_0.05+wald,both,G0,r7_error_10,0.7851,0.7671,0.8034
floor_0.05+wald,both,G0,r7_longest_wrong,1.7765,1.7477,1.8055
floor_0.05+wald,both,G0,r7_hard_first,0.1375,0.1315,0.1432
floor_0.05+wald,both,G0,r4b_chance_below_0.5,0.0932,0.0874,0.0993
floor_0.05+wald,both,G0,r4b_chance_0.5_to_0.6,0.1295,0.1263,0.1329
floor_0.05+wald,both,G0,r4b_chance_0.6_to_0.7,0.2162,0.2131,0.2193
floor_0.05+wald,both,G0,r4b_chance_0.7_to_0.8,0.2797,0.2762,0.2834
floor_0.05+wald,both,G0,r4b_chance_0.8_up,0.2813,0.2743,0.2880
floor_0.05+wald,both,G0,r3_reachable,0.9425,0.9383,0.9462
floor_0.05+wald,both,G0,r8_rank_6_20,3.6667,3.4483,3.8900
floor_0.05+wald,both,G0,r8_topic_rank_6_20,18.1283,17.6550,18.6017
floor_0.05+wald,both,G0,r8_rank_150_200,1.7230,1.6020,1.8510
floor_0.05+wald,both,G0,r8_topic_rank_150_200,9.3613,9.1819,9.5382
floor_0.05+wald,both,G0,r2_ece,0.0060,0.0046,0.0075
floor_0.05+wald,both,G0,r4b_3,0.0121,0.0106,0.0137
floor_0.05+wald,both,G0,r4b_5,0.0326,0.0298,0.0355
floor_0.05+wald,both,G0,r4b_10,0.0736,0.0679,0.0792
floor_0.05+wald,both,G0,r4b_20,0.0800,0.0735,0.0864
floor_0.05+wald,both,G0,r4b_50,0.0832,0.0764,0.0904
floor_0.05+wald,both,G0,r8_move_p95_6_20,73.0000,73.0000,73.0000
floor_0.05+wald,both,G0,r8_move_p95_150_200,42.0000,42.0000,42.0000
floor_0.05+wald,both,G1,r1_rms_5,1.0765,1.0560,1.0992
floor_0.05+wald,both,G1,r1_mean_5,-0.0322,-0.0699,0.0052
floor_0.05+wald,both,G1,r1_rms_10,1.0084,0.9881,1.0279
floor_0.05+wald,both,G1,r1_mean_10,-0.0654,-0.0993,-0.0318
floor_0.05+wald,both,G1,r1_rms_20,0.9027,0.8869,0.9186
floor_0.05+wald,both,G1,r1_mean_20,-0.0905,-0.1195,-0.0610
floor_0.05+wald,both,G1,r1_rms_50,0.7264,0.7154,0.7370
floor_0.05+wald,both,G1,r1_mean_50,-0.1156,-0.1361,-0.0955
floor_0.05+wald,both,G1,r1_rms_100,0.5987,0.5915,0.6059
floor_0.05+wald,both,G1,r1_mean_100,-0.1077,-0.1210,-0.0935
floor_0.05+wald,both,G1,r1_rms_200,0.4852,0.4810,0.4896
floor_0.05+wald,both,G1,r1_mean_200,-0.0715,-0.0799,-0.0632
floor_0.05+wald,both,G1,r2_brier,0.1818,0.1804,0.1832
floor_0.05+wald,both,G1,r2_bias,0.0001,-0.0017,0.0017
floor_0.05+wald,both,G1,r3_inside,0.3549,0.3501,0.3596
floor_0.05+wald,both,G1,r3_below_0.5,0.1116,0.1060,0.1174
floor_0.05+wald,both,G1,r3_above_0.95,0.0429,0.0407,0.0453
floor_0.05+wald,both,G1,r4_false,0.0029,0.0021,0.0038
floor_0.05+wald,both,G1,r4_false_0.70,0.0008,0.0004,0.0013
floor_0.05+wald,both,G1,r4_below,0.4757,0.4633,0.4886
floor_0.05+wald,both,G1,r4_false_at_task,0.0019,0.0010,0.0029
floor_0.05+wald,both,G1,r4_declared,3.7673,3.6645,3.8693
floor_0.05+wald,both,G1,r5_late_answers,11.3142,11.2192,11.4138
floor_0.05+wald,both,G1,r5_never,0.5319,0.5212,0.5430
floor_0.05+wald,both,G1,r6_lag,-0.1269,-0.1364,-0.1173
floor_0.05+wald,both,G1,r7_error_5,0.9118,0.8867,0.9363
floor_0.05+wald,both,G1,r7_error_10,0.8382,0.8150,0.8612
floor_0.05+wald,both,G1,r7_longest_wrong,2.0230,1.9815,2.0625
floor_0.05+wald,both,G1,r7_hard_first,0.2241,0.2157,0.2328
floor_0.05+wald,both,G1,r4b_chance_below_0.5,0.3135,0.3032,0.3241
floor_0.05+wald,both,G1,r4b_chance_0.5_to_0.6,0.1914,0.1872,0.1954
floor_0.05+wald,both,G1,r4b_chance_0.6_to_0.7,0.1724,0.1696,0.1754
floor_0.05+wald,both,G1,r4b_chance_0.7_to_0.8,0.1601,0.1549,0.1655
floor_0.05+wald,both,G1,r4b_chance_0.8_up,0.1625,0.1544,0.1708
floor_0.05+wald,both,G1,r3_reachable,0.8118,0.8006,0.8223
floor_0.05+wald,both,G1,r8_rank_6_20,3.9400,3.7200,4.1700
floor_0.05+wald,both,G1,r8_topic_rank_6_20,17.8850,17.3717,18.3850
floor_0.05+wald,both,G1,r8_rank_150_200,1.3980,1.2755,1.5162
floor_0.05+wald,both,G1,r8_topic_rank_150_200,7.9456,7.7593,8.1431
floor_0.05+wald,both,G1,r2_ece,0.0079,0.0070,0.0091
floor_0.05+wald,both,G1,r4b_3,0.0056,0.0045,0.0067
floor_0.05+wald,both,G1,r4b_5,0.0170,0.0148,0.0193
floor_0.05+wald,both,G1,r4b_10,0.0385,0.0342,0.0427
floor_0.05+wald,both,G1,r4b_20,0.0417,0.0373,0.0465
floor_0.05+wald,both,G1,r4b_50,0.0417,0.0371,0.0463
floor_0.05+wald,both,G1,r8_move_p95_6_20,72.0000,72.0000,73.0000
floor_0.05+wald,both,G1,r8_move_p95_150_200,41.0000,41.0000,41.0000
floor_0.05+wald,both,G2,r1_rms_5,0.9947,0.9773,1.0127
floor_0.05+wald,both,G2,r1_mean_5,-0.0657,-0.0997,-0.0327
floor_0.05+wald,both,G2,r1_rms_10,0.9357,0.9204,0.9519
floor_0.05+wald,both,G2,r1_mean_10,-0.1370,-0.1666,-0.1072
floor_0.05+wald,both,G2,r1_rms_20,0.8604,0.8469,0.8737
floor_0.05+wald,both,G2,r1_mean_20,-0.2455,-0.2702,-0.2221
floor_0.05+wald,both,G2,r1_rms_50,0.8098,0.7983,0.8211
floor_0.05+wald,both,G2,r1_mean_50,-0.4887,-0.5067,-0.4707
floor_0.05+wald,both,G2,r1_rms_100,0.9324,0.9222,0.9426
floor_0.05+wald,both,G2,r1_mean_100,-0.7810,-0.7938,-0.7679
floor_0.05+wald,both,G2,r1_rms_200,1.1943,1.1864,1.2026
floor_0.05+wald,both,G2,r1_mean_200,-1.1100,-1.1186,-1.1011
floor_0.05+wald,both,G2,r2_brier,0.1331,0.1324,0.1339
floor_0.05+wald,both,G2,r2_bias,-0.0709,-0.0723,-0.0695
floor_0.05+wald,both,G2,r3_inside,0.2848,0.2818,0.2880
floor_0.05+wald,both,G2,r3_below_0.5,0.0172,0.0163,0.0181
floor_0.05+wald,both,G2,r3_above_0.95,0.1299,0.1262,0.1336
floor_0.05+wald,both,G2,r4_false,0.0000,0.0000,0.0001
floor_0.05+wald,both,G2,r4_false_0.70,0.0000,0.0000,0.0000
floor_0.05+wald,both,G2,r4_below,0.5920,0.5803,0.6038
floor_0.05+wald,both,G2,r4_false_at_task,0.0000,0.0000,0.0000
floor_0.05+wald,both,G2,r4_declared,5.4315,5.3122,5.5412
floor_0.05+wald,both,G2,r5_late_answers,11.1615,11.0658,11.2630
floor_0.05+wald,both,G2,r5_never,0.6675,0.6623,0.6726
floor_0.05+wald,both,G2,r6_lag,-0.9731,-0.9834,-0.9638
floor_0.05+wald,both,G2,r7_error_5,0.8438,0.8235,0.8635
floor_0.05+wald,both,G2,r7_error_10,0.7739,0.7553,0.7932
floor_0.05+wald,both,G2,r7_longest_wrong,1.7315,1.7045,1.7588
floor_0.05+wald,both,G2,r7_hard_first,0.1324,0.1268,0.1381
floor_0.05+wald,both,G2,r4b_chance_below_0.5,0.0648,0.0614,0.0683
floor_0.05+wald,both,G2,r4b_chance_0.5_to_0.6,0.0755,0.0730,0.0779
floor_0.05+wald,both,G2,r4b_chance_0.6_to_0.7,0.1369,0.1342,0.1400
floor_0.05+wald,both,G2,r4b_chance_0.7_to_0.8,0.2349,0.2320,0.2380
floor_0.05+wald,both,G2,r4b_chance_0.8_up,0.4878,0.4806,0.4954
floor_0.05+wald,both,G2,r3_reachable,0.9619,0.9599,0.9638
floor_0.05+wald,both,G2,r8_rank_6_20,3.5583,3.3333,3.8083
floor_0.05+wald,both,G2,r8_topic_rank_6_20,17.3767,16.9083,17.8417
floor_0.05+wald,both,G2,r8_rank_150_200,1.5172,1.4289,1.6064
floor_0.05+wald,both,G2,r8_topic_rank_150_200,8.3368,8.1784,8.4985
floor_0.05+wald,both,G2,r2_ece,0.0709,0.0694,0.0722
floor_0.05+wald,both,G2,r4b_3,0.0031,0.0023,0.0040
floor_0.05+wald,both,G2,r4b_5,0.0146,0.0123,0.0170
floor_0.05+wald,both,G2,r4b_10,0.0464,0.0401,0.0528
floor_0.05+wald,both,G2,r4b_20,0.0561,0.0481,0.0651
floor_0.05+wald,both,G2,r4b_50,0.0638,0.0499,0.0836
floor_0.05+wald,both,G2,r8_move_p95_6_20,73.0000,73.0000,73.0000
floor_0.05+wald,both,G2,r8_move_p95_150_200,39.0000,38.0000,39.0000
floor_0.05+wald,both,G3,r1_rms_5,1.0008,0.9836,1.0188
floor_0.05+wald,both,G3,r1_mean_5,-0.0156,-0.0478,0.0170
floor_0.05+wald,both,G3,r1_rms_10,0.9323,0.9169,0.9490
floor_0.05+wald,both,G3,r1_mean_10,-0.0441,-0.0716,-0.0144
floor_0.05+wald,both,G3,r1_rms_20,0.8337,0.8205,0.8467
floor_0.05+wald,both,G3,r1_mean_20,-0.0620,-0.0870,-0.0370
floor_0.05+wald,both,G3,r1_rms_50,0.6808,0.6721,0.6895
floor_0.05+wald,both,G3,r1_mean_50,-0.1019,-0.1191,-0.0840
floor_0.05+wald,both,G3,r1_rms_100,0.8002,0.7893,0.8117
floor_0.05+wald,both,G3,r1_mean_100,-0.5024,-0.5200,-0.4848
floor_0.05+wald,both,G3,r1_rms_200,0.7082,0.7015,0.7155
floor_0.05+wald,both,G3,r1_mean_200,-0.5344,-0.5438,-0.5255
floor_0.05+wald,both,G3,r2_brier,0.1533,0.1525,0.1541
floor_0.05+wald,both,G3,r2_bias,-0.0352,-0.0366,-0.0338
floor_0.05+wald,both,G3,r3_inside,0.3513,0.3488,0.3539
floor_0.05+wald,both,G3,r3_below_0.5,0.0290,0.0275,0.0305
floor_0.05+wald,both,G3,r3_above_0.95,0.0758,0.0734,0.0781
floor_0.05+wald,both,G3,r4_false,0.0011,0.0006,0.0016
floor_0.05+wald,both,G3,r4_false_0.70,0.0001,0.0000,0.0003
floor_0.05+wald,both,G3,r4_below,0.6031,0.5902,0.6149
floor_0.05+wald,both,G3,r4_false_at_task,0.0015,0.0006,0.0025
floor_0.05+wald,both,G3,r4_declared,4.2817,4.1712,4.3928
floor_0.05+wald,both,G3,r5_late_answers,10.9951,10.8951,11.0971
floor_0.05+wald,both,G3,r5_never,0.6599,0.6536,0.6663
floor_0.05+wald,both,G3,r6_lag,-0.6469,-0.6557,-0.6374
floor_0.05+wald,both,G3,r6_jump_answers,73.5940,72.5343,74.7143
floor_0.05+wald,both,G3,r6_jump_unsettled,0.5723,0.5567,0.5880
floor_0.05+wald,both,G3,r7_error_5,0.8538,0.8339,0.8751
floor_0.05+wald,both,G3,r7_error_10,0.7807,0.7621,0.7999
floor_0.05+wald,both,G3,r7_longest_wrong,1.7730,1.7452,1.8008
floor_0.05+wald,both,G3,r7_hard_first,0.1377,0.1321,0.1434
floor_0.05+wald,both,G3,r4b_chance_below_0.5,0.0852,0.0808,0.0900
floor_0.05+wald,both,G3,r4b_chance_0.5_to_0.6,0.1035,0.1008,0.1063
floor_0.05+wald,both,G3,r4b_chance_0.6_to_0.7,0.1741,0.1713,0.1770
floor_0.05+wald,both,G3,r4b_chance_0.7_to_0.8,0.2525,0.2493,0.2557
floor_0.05+wald,both,G3,r4b_chance_0.8_up,0.3846,0.3772,0.3923
floor_0.05+wald,both,G3,r3_reachable,0.9539,0.9511,0.9567
floor_0.05+wald,both,G3,r8_rank_6_20,3.5583,3.3233,3.7900
floor_0.05+wald,both,G3,r8_topic_rank_6_20,17.3650,16.8867,17.8183
floor_0.05+wald,both,G3,r8_rank_150_200,1.5225,1.4078,1.6402
floor_0.05+wald,both,G3,r8_topic_rank_150_200,8.4838,8.3132,8.6377
floor_0.05+wald,both,G3,r2_ece,0.0352,0.0338,0.0367
floor_0.05+wald,both,G3,r4b_3,0.0051,0.0042,0.0061
floor_0.05+wald,both,G3,r4b_5,0.0210,0.0185,0.0236
floor_0.05+wald,both,G3,r4b_10,0.0523,0.0471,0.0582
floor_0.05+wald,both,G3,r4b_20,0.0684,0.0603,0.0770
floor_0.05+wald,both,G3,r4b_50,0.0684,0.0606,0.0775
floor_0.05+wald,both,G3,r8_move_p95_6_20,73.0000,73.0000,73.0000
floor_0.05+wald,both,G3,r8_move_p95_150_200,40.0000,40.0000,41.0000
floor_0.05+wald,both,G4,r1_rms_5,1.0200,1.0021,1.0386
floor_0.05+wald,both,G4,r1_mean_5,-0.2311,-0.2668,-0.1976
floor_0.05+wald,both,G4,r1_rms_10,0.9621,0.9464,0.9782
floor_0.05+wald,both,G4,r1_mean_10,-0.2855,-0.3142,-0.2550
floor_0.05+wald,both,G4,r1_rms_20,0.8818,0.8682,0.8961
floor_0.05+wald,both,G4,r1_mean_20,-0.3354,-0.3596,-0.3109
floor_0.05+wald,both,G4,r1_rms_50,0.7611,0.7518,0.7713
floor_0.05+wald,both,G4,r1_mean_50,-0.4067,-0.4230,-0.3900
floor_0.05+wald,both,G4,r1_rms_100,0.6984,0.6911,0.7059
floor_0.05+wald,both,G4,r1_mean_100,-0.4551,-0.4672,-0.4436
floor_0.05+wald,both,G4,r1_rms_200,0.6619,0.6562,0.6675
floor_0.05+wald,both,G4,r1_mean_200,-0.4861,-0.4935,-0.4785
floor_0.05+wald,both,G4,r2_brier,0.1810,0.1802,0.1820
floor_0.05+wald,both,G4,r2_bias,0.0137,0.0122,0.0152
floor_0.05+wald,both,G4,r3_inside,0.3890,0.3869,0.3913
floor_0.05+wald,both,G4,r3_below_0.5,0.0601,0.0576,0.0627
floor_0.05+wald,both,G4,r3_above_0.95,0.0353,0.0339,0.0369
floor_0.05+wald,both,G4,r4_false,0.0017,0.0010,0.0024
floor_0.05+wald,both,G4,r4_false_0.70,0.0002,0.0000,0.0004
floor_0.05+wald,both,G4,r4_below,0.5687,0.5566,0.5806
floor_0.05+wald,both,G4,r4_false_at_task,0.0008,0.0002,0.0017
floor_0.05+wald,both,G4,r4_declared,2.8727,2.7735,2.9695
floor_0.05+wald,both,G4,r5_late_answers,10.9342,10.8233,11.0408
floor_0.05+wald,both,G4,r5_never,0.6795,0.6715,0.6879
floor_0.05+wald,both,G4,r6_lag,-0.4771,-0.4849,-0.4694
floor_0.05+wald,both,G4,r7_error_5,0.8787,0.8582,0.8999
floor_0.05+wald,both,G4,r7_error_10,0.8084,0.7894,0.8293
floor_0.05+wald,both,G4,r7_longest_wrong,1.8782,1.8495,1.9083
floor_0.05+wald,both,G4,r7_hard_first,0.1869,0.1805,0.1931
floor_0.05+wald,both,G4,r4b_chance_below_0.5,0.1448,0.1378,0.1520
floor_0.05+wald,both,G4,r4b_chance_0.5_to_0.6,0.1435,0.1407,0.1463
floor_0.05+wald,both,G4,r4b_chance_0.6_to_0.7,0.1992,0.1965,0.2018
floor_0.05+wald,both,G4,r4b_chance_0.7_to_0.8,0.2395,0.2358,0.2428
floor_0.05+wald,both,G4,r4b_chance_0.8_up,0.2730,0.2667,0.2799
floor_0.05+wald,both,G4,r3_reachable,0.9501,0.9461,0.9541
floor_0.05+wald,both,G4,r8_rank_6_20,3.9500,3.7067,4.1833
floor_0.05+wald,both,G4,r8_topic_rank_6_20,18.3150,17.8467,18.7783
floor_0.05+wald,both,G4,r8_rank_150_200,1.7152,1.5770,1.8373
floor_0.05+wald,both,G4,r8_topic_rank_150_200,9.3049,9.1353,9.4819
floor_0.05+wald,both,G4,r2_ece,0.0156,0.0141,0.0171
floor_0.05+wald,both,G4,r4b_3,0.0076,0.0064,0.0088
floor_0.05+wald,both,G4,r4b_5,0.0221,0.0197,0.0246
floor_0.05+wald,both,G4,r4b_10,0.0512,0.0467,0.0563
floor_0.05+wald,both,G4,r4b_20,0.0541,0.0489,0.0593
floor_0.05+wald,both,G4,r4b_50,0.0550,0.0497,0.0611
floor_0.05+wald,both,G4,r8_move_p95_6_20,74.0000,74.0000,74.0000
floor_0.05+wald,both,G4,r8_move_p95_150_200,42.0000,41.0000,42.0000
floor_0.05+wald,both,G5,r1_rms_5,0.9083,0.8893,0.9294
floor_0.05+wald,both,G5,r1_mean_5,-0.0110,-0.0440,0.0234
floor_0.05+wald,both,G5,r1_rms_10,0.8471,0.8304,0.8638
floor_0.05+wald,both,G5,r1_mean_10,-0.0266,-0.0548,0.0045
floor_0.05+wald,both,G5,r1_rms_20,0.8745,0.8618,0.8879
floor_0.05+wald,both,G5,r1_mean_20,-0.0431,-0.0675,-0.0180
floor_0.05+wald,both,G5,r1_rms_50,0.7443,0.7347,0.7540
floor_0.05+wald,both,G5,r1_mean_50,-0.0623,-0.0790,-0.0452
floor_0.05+wald,both,G5,r1_rms_100,0.6374,0.6305,0.6444
floor_0.05+wald,both,G5,r1_mean_100,-0.0881,-0.1002,-0.0755
floor_0.05+wald,both,G5,r1_rms_200,0.5405,0.5352,0.5460
floor_0.05+wald,both,G5,r1_mean_200,-0.0874,-0.0964,-0.0793
floor_0.05+wald,both,G5,r2_brier,0.1779,0.1770,0.1789
floor_0.05+wald,both,G5,r2_bias,0.0071,0.0057,0.0087
floor_0.05+wald,both,G5,r3_inside,0.4099,0.4068,0.4129
floor_0.05+wald,both,G5,r3_below_0.5,0.0511,0.0486,0.0538
floor_0.05+wald,both,G5,r3_above_0.95,0.0340,0.0323,0.0358
floor_0.05+wald,both,G5,r4_false,0.0064,0.0051,0.0078
floor_0.05+wald,both,G5,r4_false_0.70,0.0004,0.0001,0.0008
floor_0.05+wald,both,G5,r4_below,0.5841,0.5725,0.5957
floor_0.05+wald,both,G5,r4_false_at_task,0.0038,0.0023,0.0055
floor_0.05+wald,both,G5,r4_declared,3.4888,3.3850,3.5892
floor_0.05+wald,both,G5,r5_late_answers,10.8096,10.6969,10.9245
floor_0.05+wald,both,G5,r5_never,0.6111,0.6012,0.6211
floor_0.05+wald,both,G5,r6_lag,-0.1108,-0.1188,-0.1024
floor_0.05+wald,both,G5,r7_error_5,0.9720,0.9496,0.9957
floor_0.05+wald,both,G5,r7_error_10,0.9149,0.8939,0.9365
floor_0.05+wald,both,G5,r7_longest_wrong,1.8297,1.8008,1.8587
floor_0.05+wald,both,G5,r7_hard_first,0.1316,0.1258,0.1374
floor_0.05+wald,both,G5,r4b_chance_below_0.5,0.1290,0.1219,0.1363
floor_0.05+wald,both,G5,r4b_chance_0.5_to_0.6,0.1498,0.1454,0.1541
floor_0.05+wald,both,G5,r4b_chance_0.6_to_0.7,0.2200,0.2164,0.2238
floor_0.05+wald,both,G5,r4b_chance_0.7_to_0.8,0.2547,0.2500,0.2596
floor_0.05+wald,both,G5,r4b_chance_0.8_up,0.2465,0.2389,0.2540
floor_0.05+wald,both,G5,r3_reachable,0.9146,0.9087,0.9204
floor_0.05+wald,both,G5,r8_rank_6_20,3.6733,3.4300,3.8900
floor_0.05+wald,both,G5,r8_topic_rank_6_20,17.8700,17.3800,18.3350
floor_0.05+wald,both,G5,r8_rank_150_200,1.7520,1.6157,1.8814
floor_0.05+wald,both,G5,r8_topic_rank_150_200,9.2304,9.0515,9.4064
floor_0.05+wald,both,G5,r2_ece,0.0095,0.0080,0.0111
floor_0.05+wald,both,G5,r4b_3,0.0116,0.0100,0.0132
floor_0.05+wald,both,G5,r4b_5,0.0342,0.0311,0.0373
floor_0.05+wald,both,G5,r4b_10,0.0787,0.0721,0.0850
floor_0.05+wald,both,G5,r4b_20,0.0858,0.0787,0.0927
floor_0.05+wald,both,G5,r4b_50,0.0883,0.0809,0.0963
floor_0.05+wald,both,G5,r8_move_p95_6_20,73.0000,73.0000,73.0000
floor_0.05+wald,both,G5,r8_move_p95_150_200,42.0000,41.0000,42.0000
floor_0.05+wald,both,G6,r1_rms_5,1.0556,1.0346,1.0758
floor_0.05+wald,both,G6,r1_mean_5,-0.0395,-0.0746,-0.0052
floor_0.05+wald,both,G6,r1_rms_10,0.9996,0.9804,1.0183
floor_0.05+wald,both,G6,r1_mean_10,-0.0798,-0.1122,-0.0487
floor_0.05+wald,both,G6,r1_rms_20,0.9240,0.9059,0.9419
floor_0.05+wald,both,G6,r1_mean_20,-0.1081,-0.1380,-0.0794
floor_0.05+wald,both,G6,r1_rms_50,0.8133,0.7980,0.8278
floor_0.05+wald,both,G6,r1_mean_50,-0.1519,-0.1761,-0.1270
floor_0.05+wald,both,G6,r1_rms_100,0.7587,0.7464,0.7719
floor_0.05+wald,both,G6,r1_mean_100,-0.1945,-0.2169,-0.1727
floor_0.05+wald,both,G6,r1_rms_200,0.7469,0.7359,0.7581
floor_0.05+wald,both,G6,r1_mean_200,-0.2412,-0.2630,-0.2209
floor_0.05+wald,both,G6,r2_brier,0.1795,0.1785,0.1804
floor_0.05+wald,both,G6,r2_bias,0.0116,0.0100,0.0131
floor_0.05+wald,both,G6,r3_inside,0.4219,0.4147,0.4287
floor_0.05+wald,both,G6,r3_below_0.5,0.0583,0.0560,0.0606
floor_0.05+wald,both,G6,r3_above_0.95,0.0939,0.0905,0.0974
floor_0.05+wald,both,G6,r4_false,0.0173,0.0146,0.0202
floor_0.05+wald,both,G6,r4_false_0.70,0.0019,0.0011,0.0028
floor_0.05+wald,both,G6,r4_below,0.5744,0.5622,0.5864
floor_0.05+wald,both,G6,r4_false_at_task,0.0231,0.0187,0.0282
floor_0.05+wald,both,G6,r4_declared,3.0460,2.9505,3.1525
floor_0.05+wald,both,G6,r5_late_answers,10.8255,10.7259,10.9355
floor_0.05+wald,both,G6,r5_never,0.6177,0.6078,0.6276
floor_0.05+wald,both,G6,r6_lag,-0.2203,-0.2397,-0.1985
floor_0.05+wald,both,G6,r7_error_5,0.9105,0.8883,0.9337
floor_0.05+wald,both,G6,r7_error_10,0.8451,0.8226,0.8670
floor_0.05+wald,both,G6,r7_longest_wrong,1.8082,1.7795,1.8360
floor_0.05+wald,both,G6,r7_hard_first,0.1356,0.1297,0.1409
floor_0.05+wald,both,G6,r4b_chance_below_0.5,0.1040,0.0985,0.1099
floor_0.05+wald,both,G6,r4b_chance_0.5_to_0.6,0.1190,0.1145,0.1235
floor_0.05+wald,both,G6,r4b_chance_0.6_to_0.7,0.2477,0.2415,0.2537
floor_0.05+wald,both,G6,r4b_chance_0.7_to_0.8,0.3112,0.3039,0.3180
floor_0.05+wald,both,G6,r4b_chance_0.8_up,0.2181,0.2112,0.2254
floor_0.05+wald,both,G6,r3_reachable,0.8115,0.8049,0.8190
floor_0.05+wald,both,G6,r8_rank_6_20,3.8117,3.5667,4.0417
floor_0.05+wald,both,G6,r8_topic_rank_6_20,18.1450,17.6867,18.6100
floor_0.05+wald,both,G6,r8_rank_150_200,1.7206,1.5995,1.8495
floor_0.05+wald,both,G6,r8_topic_rank_150_200,9.2980,9.1162,9.4828
floor_0.05+wald,both,G6,r2_ece,0.0141,0.0125,0.0156
floor_0.05+wald,both,G6,r4b_3,0.0113,0.0099,0.0128
floor_0.05+wald,both,G6,r4b_5,0.0328,0.0300,0.0357
floor_0.05+wald,both,G6,r4b_10,0.0759,0.0703,0.0816
floor_0.05+wald,both,G6,r4b_20,0.0825,0.0763,0.0889
floor_0.05+wald,both,G6,r4b_50,0.0835,0.0772,0.0896
floor_0.05+wald,both,G6,r8_move_p95_6_20,73.0000,73.0000,73.0000
floor_0.05+wald,both,G6,r8_move_p95_150_200,42.0000,42.0000,42.0000
floor_0.05+wald,both,G7,r1_rms_5,1.0234,1.0046,1.0417
floor_0.05+wald,both,G7,r1_mean_5,-0.0986,-0.1331,-0.0655
floor_0.05+wald,both,G7,r1_rms_10,0.9601,0.9441,0.9764
floor_0.05+wald,both,G7,r1_mean_10,-0.1270,-0.1560,-0.0980
floor_0.05+wald,both,G7,r1_rms_20,0.8696,0.8560,0.8829
floor_0.05+wald,both,G7,r1_mean_20,-0.1449,-0.1708,-0.1194
floor_0.05+wald,both,G7,r1_rms_50,0.7295,0.7201,0.7393
floor_0.05+wald,both,G7,r1_mean_50,-0.1593,-0.1778,-0.1407
floor_0.05+wald,both,G7,r1_rms_100,0.6342,0.6273,0.6413
floor_0.05+wald,both,G7,r1_mean_100,-0.1634,-0.1778,-0.1490
floor_0.05+wald,both,G7,r1_rms_200,0.5542,0.5498,0.5591
floor_0.05+wald,both,G7,r1_mean_200,-0.1557,-0.1669,-0.1449
floor_0.05+wald,both,G7,r2_brier,0.1743,0.1735,0.1752
floor_0.05+wald,both,G7,r2_bias,0.0032,0.0017,0.0047
floor_0.05+wald,both,G7,r3_inside,0.4262,0.4235,0.4288
floor_0.05+wald,both,G7,r3_below_0.5,0.0387,0.0369,0.0408
floor_0.05+wald,both,G7,r3_above_0.95,0.0304,0.0289,0.0320
floor_0.05+wald,both,G7,r4_false,0.0058,0.0046,0.0072
floor_0.05+wald,both,G7,r4_false_0.70,0.0009,0.0004,0.0015
floor_0.05+wald,both,G7,r4_below,0.5782,0.5662,0.5908
floor_0.05+wald,both,G7,r4_false_at_task,0.0047,0.0029,0.0065
floor_0.05+wald,both,G7,r4_declared,3.2980,3.1995,3.3965
floor_0.05+wald,both,G7,r5_late_answers,10.9259,10.8222,11.0270
floor_0.05+wald,both,G7,r5_never,0.6055,0.5962,0.6146
floor_0.05+wald,both,G7,r6_lag,-0.1664,-0.1782,-0.1547
floor_0.05+wald,both,G7,r7_error_5,0.8846,0.8645,0.9055
floor_0.05+wald,both,G7,r7_error_10,0.8114,0.7936,0.8308
floor_0.05+wald,both,G7,r7_longest_wrong,1.7857,1.7577,1.8168
floor_0.05+wald,both,G7,r7_hard_first,0.1360,0.1308,0.1417
floor_0.05+wald,both,G7,r4b_chance_below_0.5,0.0942,0.0890,0.0996
floor_0.05+wald,both,G7,r4b_chance_0.5_to_0.6,0.1269,0.1241,0.1301
floor_0.05+wald,both,G7,r4b_chance_0.6_to_0.7,0.2153,0.2123,0.2182
floor_0.05+wald,both,G7,r4b_chance_0.7_to_0.8,0.2787,0.2753,0.2823
floor_0.05+wald,both,G7,r4b_chance_0.8_up,0.2850,0.2783,0.2918
floor_0.05+wald,both,G7,r3_reachable,0.9394,0.9353,0.9431
floor_0.05+wald,both,G7,r8_rank_6_20,3.5167,3.2883,3.7467
floor_0.05+wald,both,G7,r8_topic_rank_6_20,17.1717,16.7033,17.6517
floor_0.05+wald,both,G7,r8_rank_150_200,1.6088,1.4868,1.7343
floor_0.05+wald,both,G7,r8_topic_rank_150_200,9.1931,9.0103,9.3632
floor_0.05+wald,both,G7,r2_ece,0.0051,0.0036,0.0066
floor_0.05+wald,both,G7,r4b_3,0.0135,0.0119,0.0151
floor_0.05+wald,both,G7,r4b_5,0.0364,0.0331,0.0397
floor_0.05+wald,both,G7,r4b_10,0.0769,0.0708,0.0827
floor_0.05+wald,both,G7,r4b_20,0.0822,0.0762,0.0885
floor_0.05+wald,both,G7,r4b_50,0.0920,0.0810,0.1056
floor_0.05+wald,both,G7,r8_move_p95_6_20,73.0000,73.0000,73.0000
floor_0.05+wald,both,G7,r8_move_p95_150_200,42.0000,42.0000,42.0000
floor_0.05+wald,both,G8,r1_rms_5,1.0021,0.9844,1.0202
floor_0.05+wald,both,G8,r1_mean_5,0.0023,-0.0313,0.0357
floor_0.05+wald,both,G8,r1_rms_10,0.9357,0.9202,0.9507
floor_0.05+wald,both,G8,r1_mean_10,-0.0281,-0.0574,0.0004
floor_0.05+wald,both,G8,r1_rms_20,0.8400,0.8276,0.8523
floor_0.05+wald,both,G8,r1_mean_20,-0.0552,-0.0799,-0.0295
floor_0.05+wald,both,G8,r1_rms_50,0.6812,0.6729,0.6894
floor_0.05+wald,both,G8,r1_mean_50,-0.0899,-0.1078,-0.0732
floor_0.05+wald,both,G8,r1_rms_100,0.5682,0.5624,0.5741
floor_0.05+wald,both,G8,r1_mean_100,-0.1048,-0.1163,-0.0933
floor_0.05+wald,both,G8,r1_rms_200,0.4786,0.4746,0.4823
floor_0.05+wald,both,G8,r1_mean_200,-0.0935,-0.1011,-0.0857
floor_0.05+wald,both,G8,r2_brier,0.1752,0.1743,0.1761
floor_0.05+wald,both,G8,r2_bias,0.0048,0.0033,0.0063
floor_0.05+wald,both,G8,r3_inside,0.4294,0.4269,0.4320
floor_0.05+wald,both,G8,r3_below_0.5,0.0386,0.0368,0.0404
floor_0.05+wald,both,G8,r3_above_0.95,0.0292,0.0277,0.0308
floor_0.05+wald,both,G8,r4_false,0.0029,0.0017,0.0043
floor_0.05+wald,both,G8,r4_false_0.70,0.0006,0.0001,0.0013
floor_0.05+wald,both,G8,r4_below,0.5873,0.5723,0.6021
floor_0.05+wald,both,G8,r4_false_at_task,0.0037,0.0015,0.0062
floor_0.05+wald,both,G8,r4_declared,1.6187,1.5462,1.6865
floor_0.05+wald,both,G8,r5_late_answers,12.7545,12.6239,12.8827
floor_0.05+wald,both,G8,r5_never,0.7979,0.7900,0.8057
floor_0.05+wald,both,G8,r6_lag,-0.1006,-0.1085,-0.0920
floor_0.05+wald,both,G8,r7_error_5,0.8521,0.8308,0.8728
floor_0.05+wald,both,G8,r7_error_10,0.7790,0.7600,0.7977
floor_0.05+wald,both,G8,r7_longest_wrong,1.7845,1.7565,1.8128
floor_0.05+wald,both,G8,r7_hard_first,0.1413,0.1358,0.1471
floor_0.05+wald,both,G8,r4b_chance_below_0.5,0.0923,0.0876,0.0970
floor_0.05+wald,both,G8,r4b_chance_0.5_to_0.6,0.1303,0.1271,0.1335
floor_0.05+wald,both,G8,r4b_chance_0.6_to_0.7,0.2176,0.2147,0.2206
floor_0.05+wald,both,G8,r4b_chance_0.7_to_0.8,0.2818,0.2782,0.2852
floor_0.05+wald,both,G8,r4b_chance_0.8_up,0.2780,0.2712,0.2850
floor_0.05+wald,both,G8,r3_reachable,0.9435,0.9396,0.9472
floor_0.05+wald,both,G8,r8_rank_6_20,3.6550,3.4400,3.8933
floor_0.05+wald,both,G8,r8_topic_rank_6_20,17.8933,17.4383,18.3750
floor_0.05+wald,both,G8,r8_rank_150_200,1.6873,1.5706,1.8118
floor_0.05+wald,both,G8,r8_topic_rank_150_200,9.5848,9.4069,9.7559
floor_0.05+wald,both,G8,r2_ece,0.0067,0.0053,0.0082
floor_0.05+wald,both,G8,r4b_3,0.0035,0.0027,0.0042
floor_0.05+wald,both,G8,r4b_5,0.0114,0.0098,0.0130
floor_0.05+wald,both,G8,r4b_10,0.0346,0.0307,0.0386
floor_0.05+wald,both,G8,r4b_20,0.0400,0.0353,0.0447
floor_0.05+wald,both,G8,r4b_50,0.0428,0.0364,0.0508
floor_0.05+wald,both,G8,r8_move_p95_6_20,73.0000,73.0000,73.0000
floor_0.05+wald,both,G8,r8_move_p95_150_200,42.0000,42.0000,42.0000
floor_0.05+wald,both,G0-exact,r1_rms_5,0.9834,0.9658,1.0002
floor_0.05+wald,both,G0-exact,r1_mean_5,-0.0207,-0.0534,0.0109
floor_0.05+wald,both,G0-exact,r1_rms_10,0.9159,0.9010,0.9324
floor_0.05+wald,both,G0-exact,r1_mean_10,-0.0408,-0.0686,-0.0132
floor_0.05+wald,both,G0-exact,r1_rms_20,0.8191,0.8073,0.8315
floor_0.05+wald,both,G0-exact,r1_mean_20,-0.0532,-0.0784,-0.0295
floor_0.05+wald,both,G0-exact,r1_rms_50,0.6609,0.6528,0.6688
floor_0.05+wald,both,G0-exact,r1_mean_50,-0.0637,-0.0806,-0.0470
floor_0.05+wald,both,G0-exact,r1_rms_100,0.5467,0.5419,0.5519
floor_0.05+wald,both,G0-exact,r1_mean_100,-0.0675,-0.0785,-0.0571
floor_0.05+wald,both,G0-exact,r1_rms_200,0.4639,0.4605,0.4677
floor_0.05+wald,both,G0-exact,r1_mean_200,-0.0538,-0.0607,-0.0464
floor_0.05+wald,both,G0-exact,r2_brier,0.1735,0.1727,0.1744
floor_0.05+wald,both,G0-exact,r2_bias,0.0022,0.0008,0.0036
floor_0.05+wald,both,G0-exact,r3_inside,0.5419,0.5374,0.5466
floor_0.05+wald,both,G0-exact,r3_below_0.5,0.0216,0.0197,0.0236
floor_0.05+wald,both,G0-exact,r3_above_0.95,0.0116,0.0106,0.0127
floor_0.05+wald,both,G0-exact,r4_false,0.0071,0.0057,0.0086
floor_0.05+wald,both,G0-exact,r4_false_0.70,0.0012,0.0006,0.0018
floor_0.05+wald,both,G0-exact,r4_below,0.5834,0.5713,0.5948
floor_0.05+wald,both,G0-exact,r4_false_at_task,0.0057,0.0038,0.0079
floor_0.05+wald,both,G0-exact,r4_declared,3.2492,3.1470,3.3485
floor_0.05+wald,both,G0-exact,r5_late_answers,10.8172,10.7188,10.9172
floor_0.05+wald,both,G0-exact,r5_never,0.6081,0.5985,0.6176
floor_0.05+wald,both,G0-exact,r6_lag,-0.0666,-0.0740,-0.0592
floor_0.05+wald,both,G0-exact,r7_error_5,0.8323,0.8129,0.8525
floor_0.05+wald,both,G0-exact,r7_error_10,0.7580,0.7397,0.7755
floor_0.05+wald,both,G0-exact,r7_longest_wrong,1.7565,1.7277,1.7840
floor_0.05+wald,both,G0-exact,r7_hard_first,0.1173,0.1115,0.1232
floor_0.05+wald,both,G0-exact,r4b_chance_below_0.5,0.0623,0.0560,0.0687
floor_0.05+wald,both,G0-exact,r4b_chance_0.5_to_0.6,0.1100,0.1048,0.1154
floor_0.05+wald,both,G0-exact,r4b_chance_0.6_to_0.7,0.2509,0.2446,0.2573
floor_0.05+wald,both,G0-exact,r4b_chance_0.7_to_0.8,0.3730,0.3645,0.3815
floor_0.05+wald,both,G0-exact,r4b_chance_0.8_up,0.2037,0.1959,0.2120
floor_0.05+wald,both,G0-exact,r3_reachable,0.9434,0.9394,0.9472
floor_0.05+wald,both,G0-exact,r8_rank_6_20,3.5717,3.3467,3.8017
floor_0.05+wald,both,G0-exact,r8_topic_rank_6_20,17.5683,17.0783,18.0417
floor_0.05+wald,both,G0-exact,r8_rank_150_200,1.7260,1.5990,1.8657
floor_0.05+wald,both,G0-exact,r8_topic_rank_150_200,9.3485,9.1662,9.5225
floor_0.05+wald,both,G0-exact,r2_ece,0.0041,0.0026,0.0054
floor_0.05+wald,both,G0-exact,r4b_3,0.0127,0.0111,0.0144
floor_0.05+wald,both,G0-exact,r4b_5,0.0355,0.0324,0.0385
floor_0.05+wald,both,G0-exact,r4b_10,0.0758,0.0703,0.0814
floor_0.05+wald,both,G0-exact,r4b_20,0.0850,0.0788,0.0915
floor_0.05+wald,both,G0-exact,r4b_50,0.0850,0.0785,0.0917
floor_0.05+wald,both,G0-exact,r8_move_p95_6_20,73.0000,73.0000,73.0000
floor_0.05+wald,both,G0-exact,r8_move_p95_150_200,42.0000,42.0000,42.0000
floor_0.05+wald,both,G0-miss0.25,r1_rms_5,1.0060,0.9881,1.0236
floor_0.05+wald,both,G0-miss0.25,r1_mean_5,0.0252,-0.0091,0.0591
floor_0.05+wald,both,G0-miss0.25,r1_rms_10,0.9353,0.9191,0.9510
floor_0.05+wald,both,G0-miss0.25,r1_mean_10,-0.0053,-0.0350,0.0244
floor_0.05+wald,both,G0-miss0.25,r1_rms_20,0.8353,0.8226,0.8481
floor_0.05+wald,both,G0-miss0.25,r1_mean_20,-0.0297,-0.0535,-0.0040
floor_0.05+wald,both,G0-miss0.25,r1_rms_50,0.6697,0.6609,0.6789
floor_0.05+wald,both,G0-miss0.25,r1_mean_50,-0.0610,-0.0782,-0.0440
floor_0.05+wald,both,G0-miss0.25,r1_rms_100,0.5563,0.5506,0.5620
floor_0.05+wald,both,G0-miss0.25,r1_mean_100,-0.0668,-0.0784,-0.0548
floor_0.05+wald,both,G0-miss0.25,r1_rms_200,0.4646,0.4609,0.4683
floor_0.05+wald,both,G0-miss0.25,r1_mean_200,-0.0579,-0.0651,-0.0506
floor_0.05+wald,both,G0-miss0.25,r2_brier,0.1746,0.1737,0.1755
floor_0.05+wald,both,G0-miss0.25,r2_bias,0.0042,0.0026,0.0057
floor_0.05+wald,both,G0-miss0.25,r3_inside,0.5014,0.4976,0.5051
floor_0.05+wald,both,G0-miss0.25,r3_below_0.5,0.0265,0.0247,0.0285
floor_0.05+wald,both,G0-miss0.25,r3_above_0.95,0.0165,0.0151,0.0180
floor_0.05+wald,both,G0-miss0.25,r4_false,0.0076,0.0061,0.0091
floor_0.05+wald,both,G0-miss0.25,r4_false_0.70,0.0008,0.0004,0.0014
floor_0.05+wald,both,G0-miss0.25,r4_below,0.5806,0.5688,0.5925
floor_0.05+wald,both,G0-miss0.25,r4_false_at_task,0.0062,0.0042,0.0085
floor_0.05+wald,both,G0-miss0.25,r4_declared,3.2847,3.1845,3.3828
floor_0.05+wald,both,G0-miss0.25,r5_late_answers,10.8933,10.7961,10.9938
floor_0.05+wald,both,G0-miss0.25,r5_never,0.6074,0.5976,0.6169
floor_0.05+wald,both,G0-miss0.25,r6_lag,-0.0722,-0.0802,-0.0644
floor_0.05+wald,both,G0-miss0.25,r7_error_5,0.8649,0.8447,0.8870
floor_0.05+wald,both,G0-miss0.25,r7_error_10,0.7855,0.7675,0.8046
floor_0.05+wald,both,G0-miss0.25,r7_longest_wrong,1.7882,1.7612,1.8155
floor_0.05+wald,both,G0-miss0.25,r7_hard_first,0.1304,0.1247,0.1361
floor_0.05+wald,both,G0-miss0.25,r4b_chance_below_0.5,0.0729,0.0675,0.0787
floor_0.05+wald,both,G0-miss0.25,r4b_chance_0.5_to_0.6,0.1201,0.1162,0.1242
floor_0.05+wald,both,G0-miss0.25,r4b_chance_0.6_to_0.7,0.2507,0.2463,0.2553
floor_0.05+wald,both,G0-miss0.25,r4b_chance_0.7_to_0.8,0.3366,0.3308,0.3420
floor_0.05+wald,both,G0-miss0.25,r4b_chance_0.8_up,0.2197,0.2131,0.2266
floor_0.05+wald,both,G0-miss0.25,r3_reachable,0.9428,0.9387,0.9467
floor_0.05+wald,both,G0-miss0.25,r8_rank_6_20,3.6800,3.4483,3.9067
floor_0.05+wald,both,G0-miss0.25,r8_topic_rank_6_20,18.0300,17.5717,18.5267
floor_0.05+wald,both,G0-miss0.25,r8_rank_150_200,1.7897,1.6627,1.9284
floor_0.05+wald,both,G0-miss0.25,r8_topic_rank_150_200,9.5211,9.3358,9.6956
floor_0.05+wald,both,G0-miss0.25,r2_ece,0.0059,0.0044,0.0074
floor_0.05+wald,both,G0-miss0.25,r4b_3,0.0127,0.0111,0.0142
floor_0.05+wald,both,G0-miss0.25,r4b_5,0.0339,0.0309,0.0369
floor_0.05+wald,both,G0-miss0.25,r4b_10,0.0794,0.0735,0.0852
floor_0.05+wald,both,G0-miss0.25,r4b_20,0.0910,0.0841,0.0985
floor_0.05+wald,both,G0-miss0.25,r4b_50,0.0910,0.0838,0.0982
floor_0.05+wald,both,G0-miss0.25,r8_move_p95_6_20,73.0000,73.0000,73.0000
floor_0.05+wald,both,G0-miss0.25,r8_move_p95_150_200,42.0000,42.0000,42.0000
floor_0.05+wald,both,G0-miss1,r1_rms_5,1.0386,1.0195,1.0583
floor_0.05+wald,both,G0-miss1,r1_mean_5,-0.0762,-0.1103,-0.0423
floor_0.05+wald,both,G0-miss1,r1_rms_10,0.9716,0.9556,0.9883
floor_0.05+wald,both,G0-miss1,r1_mean_10,-0.1096,-0.1396,-0.0790
floor_0.05+wald,both,G0-miss1,r1_rms_20,0.8756,0.8624,0.8898
floor_0.05+wald,both,G0-miss1,r1_mean_20,-0.1357,-0.1624,-0.1089
floor_0.05+wald,both,G0-miss1,r1_rms_50,0.7270,0.7175,0.7363
floor_0.05+wald,both,G0-miss1,r1_mean_50,-0.1757,-0.1940,-0.1564
floor_0.05+wald,both,G0-miss1,r1_rms_100,0.6184,0.6120,0.6253
floor_0.05+wald,both,G0-miss1,r1_mean_100,-0.1982,-0.2106,-0.1856
floor_0.05+wald,both,G0-miss1,r1_rms_200,0.5350,0.5305,0.5397
floor_0.05+wald,both,G0-miss1,r1_mean_200,-0.2084,-0.2163,-0.2003
floor_0.05+wald,both,G0-miss1,r2_brier,0.1769,0.1760,0.1778
floor_0.05+wald,both,G0-miss1,r2_bias,0.0072,0.0057,0.0088
floor_0.05+wald,both,G0-miss1,r3_inside,0.2979,0.2964,0.2993
floor_0.05+wald,both,G0-miss1,r3_below_0.5,0.0911,0.0888,0.0933
floor_0.05+wald,both,G0-miss1,r3_above_0.95,0.1049,0.1026,0.1073
floor_0.05+wald,both,G0-miss1,r4_false,0.0058,0.0045,0.0071
floor_0.05+wald,both,G0-miss1,r4_false_0.70,0.0005,0.0002,0.0010
floor_0.05+wald,both,G0-miss1,r4_below,0.5687,0.5559,0.5810
floor_0.05+wald,both,G0-miss1,r4_false_at_task,0.0054,0.0035,0.0076
floor_0.05+wald,both,G0-miss1,r4_declared,3.1930,3.0918,3.2920
floor_0.05+wald,both,G0-miss1,r5_late_answers,10.9225,10.8224,11.0271
floor_0.05+wald,both,G0-miss1,r5_never,0.6350,0.6263,0.6438
floor_0.05+wald,both,G0-miss1,r6_lag,-0.2116,-0.2206,-0.2023
floor_0.05+wald,both,G0-miss1,r7_error_5,0.8984,0.8769,0.9186
floor_0.05+wald,both,G0-miss1,r7_error_10,0.8245,0.8046,0.8435
floor_0.05+wald,both,G0-miss1,r7_longest_wrong,1.7965,1.7672,1.8220
floor_0.05+wald,both,G0-miss1,r7_hard_first,0.1768,0.1713,0.1828
floor_0.05+wald,both,G0-miss1,r4b_chance_below_0.5,0.1637,0.1590,0.1687
floor_0.05+wald,both,G0-miss1,r4b_chance_0.5_to_0.6,0.1197,0.1178,0.1217
floor_0.05+wald,both,G0-miss1,r4b_chance_0.6_to_0.7,0.1544,0.1525,0.1562
floor_0.05+wald,both,G0-miss1,r4b_chance_0.7_to_0.8,0.1906,0.1886,0.1927
floor_0.05+wald,both,G0-miss1,r4b_chance_0.8_up,0.3715,0.3659,0.3771
floor_0.05+wald,both,G0-miss1,r3_reachable,0.9469,0.9432,0.9505
floor_0.05+wald,both,G0-miss1,r8_rank_6_20,3.5350,3.3117,3.7650
floor_0.05+wald,both,G0-miss1,r8_topic_rank_6_20,17.6767,17.1983,18.1583
floor_0.05+wald,both,G0-miss1,r8_rank_150_200,1.7167,1.5828,1.8515
floor_0.05+wald,both,G0-miss1,r8_topic_rank_150_200,9.4059,9.2363,9.5819
floor_0.05+wald,both,G0-miss1,r2_ece,0.0092,0.0077,0.0108
floor_0.05+wald,both,G0-miss1,r4b_3,0.0108,0.0094,0.0122
floor_0.05+wald,both,G0-miss1,r4b_5,0.0315,0.0288,0.0344
floor_0.05+wald,both,G0-miss1,r4b_10,0.0681,0.0627,0.0738
floor_0.05+wald,both,G0-miss1,r4b_20,0.0734,0.0679,0.0795
floor_0.05+wald,both,G0-miss1,r4b_50,0.0746,0.0686,0.0812
floor_0.05+wald,both,G0-miss1,r8_move_p95_6_20,73.0000,73.0000,74.0000
floor_0.05+wald,both,G0-miss1,r8_move_p95_150_200,42.0000,42.0000,42.0000
floor_0.05+wald,both,G2-half,r1_rms_5,1.0053,0.9877,1.0245
floor_0.05+wald,both,G2-half,r1_mean_5,-0.0555,-0.0877,-0.0217
floor_0.05+wald,both,G2-half,r1_rms_10,0.9421,0.9268,0.9578
floor_0.05+wald,both,G2-half,r1_mean_10,-0.1038,-0.1336,-0.0721
floor_0.05+wald,both,G2-half,r1_rms_20,0.8472,0.8343,0.8601
floor_0.05+wald,both,G2-half,r1_mean_20,-0.1665,-0.1911,-0.1413
floor_0.05+wald,both,G2-half,r1_rms_50,0.7271,0.7169,0.7370
floor_0.05+wald,both,G2-half,r1_mean_50,-0.3020,-0.3190,-0.2845
floor_0.05+wald,both,G2-half,r1_rms_100,0.6977,0.6897,0.7058
floor_0.05+wald,both,G2-half,r1_mean_100,-0.4452,-0.4572,-0.4333
floor_0.05+wald,both,G2-half,r1_rms_200,0.7286,0.7221,0.7352
floor_0.05+wald,both,G2-half,r1_mean_200,-0.5743,-0.5821,-0.5659
floor_0.05+wald,both,G2-half,r2_brier,0.1523,0.1514,0.1531
floor_0.05+wald,both,G2-half,r2_bias,-0.0364,-0.0379,-0.0350
floor_0.05+wald,both,G2-half,r3_inside,0.3774,0.3743,0.3803
floor_0.05+wald,both,G2-half,r3_below_0.5,0.0226,0.0215,0.0239
floor_0.05+wald,both,G2-half,r3_above_0.95,0.0615,0.0592,0.0640
floor_0.05+wald,both,G2-half,r4_false,0.0010,0.0006,0.0015
floor_0.05+wald,both,G2-half,r4_false_0.70,0.0000,0.0000,0.0000
floor_0.05+wald,both,G2-half,r4_below,0.5878,0.5768,0.5993
floor_0.05+wald,both,G2-half,r4_false_at_task,0.0012,0.0005,0.0022
floor_0.05+wald,both,G2-half,r4_declared,4.4190,4.3107,4.5360
floor_0.05+wald,both,G2-half,r5_late_answers,11.1085,11.0106,11.2146
floor_0.05+wald,both,G2-half,r5_never,0.6437,0.6370,0.6502
floor_0.05+wald,both,G2-half,r6_lag,-0.5274,-0.5365,-0.5184
floor_0.05+wald,both,G2-half,r7_error_5,0.8538,0.8336,0.8739
floor_0.05+wald,both,G2-half,r7_error_10,0.7820,0.7638,0.8010
floor_0.05+wald,both,G2-half,r7_longest_wrong,1.7232,1.6965,1.7503
floor_0.05+wald,both,G2-half,r7_hard_first,0.1315,0.1256,0.1369
floor_0.05+wald,both,G2-half,r4b_chance_below_0.5,0.0666,0.0630,0.0704
floor_0.05+wald,both,G2-half,r4b_chance_0.5_to_0.6,0.0918,0.0891,0.0947
floor_0.05+wald,both,G2-half,r4b_chance_0.6_to_0.7,0.1707,0.1675,0.1740
floor_0.05+wald,both,G2-half,r4b_chance_0.7_to_0.8,0.2691,0.2661,0.2721
floor_0.05+wald,both,G2-half,r4b_chance_0.8_up,0.4018,0.3943,0.4099
floor_0.05+wald,both,G2-half,r3_reachable,0.9621,0.9602,0.9640
floor_0.05+wald,both,G2-half,r8_rank_6_20,3.6333,3.4050,3.8817
floor_0.05+wald,both,G2-half,r8_topic_rank_6_20,17.4667,16.9783,17.9300
floor_0.05+wald,both,G2-half,r8_rank_150_200,1.6515,1.5328,1.7716
floor_0.05+wald,both,G2-half,r8_topic_rank_150_200,8.8123,8.6554,8.9740
floor_0.05+wald,both,G2-half,r2_ece,0.0364,0.0349,0.0378
floor_0.05+wald,both,G2-half,r4b_3,0.0081,0.0069,0.0094
floor_0.05+wald,both,G2-half,r4b_5,0.0275,0.0245,0.0304
floor_0.05+wald,both,G2-half,r4b_10,0.0686,0.0621,0.0751
floor_0.05+wald,both,G2-half,r4b_20,0.0830,0.0743,0.0922
floor_0.05+wald,both,G2-half,r4b_50,0.0924,0.0805,0.1062
floor_0.05+wald,both,G2-half,r8_move_p95_6_20,73.0000,73.0000,73.0000
floor_0.05+wald,both,G2-half,r8_move_p95_150_200,41.0000,40.0000,41.0000
floor_0.05+wald,both,G2-fading,r1_rms_5,1.0156,0.9975,1.0342
floor_0.05+wald,both,G2-fading,r1_mean_5,-0.0508,-0.0845,-0.0175
floor_0.05+wald,both,G2-fading,r1_rms_10,0.9503,0.9343,0.9667
floor_0.05+wald,both,G2-fading,r1_mean_10,-0.1192,-0.1491,-0.0875
floor_0.05+wald,both,G2-fading,r1_rms_20,0.8648,0.8513,0.8779
floor_0.05+wald,both,G2-fading,r1_mean_20,-0.2053,-0.2305,-0.1806
floor_0.05+wald,both,G2-fading,r1_rms_50,0.7490,0.7379,0.7594
floor_0.05+wald,both,G2-fading,r1_mean_50,-0.3458,-0.3628,-0.3282
floor_0.05+wald,both,G2-fading,r1_rms_100,0.6866,0.6783,0.6953
floor_0.05+wald,both,G2-fading,r1_mean_100,-0.4201,-0.4329,-0.4078
floor_0.05+wald,both,G2-fading,r1_rms_200,0.5920,0.5865,0.5980
floor_0.05+wald,both,G2-fading,r1_mean_200,-0.3763,-0.3843,-0.3680
floor_0.05+wald,both,G2-fading,r2_brier,0.1551,0.1543,0.1559
floor_0.05+wald,both,G2-fading,r2_bias,-0.0310,-0.0324,-0.0294
floor_0.05+wald,both,G2-fading,r3_inside,0.3886,0.3857,0.3916
floor_0.05+wald,both,G2-fading,r3_below_0.5,0.0238,0.0225,0.0251
floor_0.05+wald,both,G2-fading,r3_above_0.95,0.0572,0.0548,0.0598
floor_0.05+wald,both,G2-fading,r4_false,0.0021,0.0014,0.0028
floor_0.05+wald,both,G2-fading,r4_false_0.70,0.0001,0.0000,0.0003
floor_0.05+wald,both,G2-fading,r4_below,0.5901,0.5784,0.6018
floor_0.05+wald,both,G2-fading,r4_false_at_task,0.0017,0.0008,0.0028
floor_0.05+wald,both,G2-fading,r4_declared,4.2207,4.1050,4.3305
floor_0.05+wald,both,G2-fading,r5_late_answers,10.8928,10.7971,10.9923
floor_0.05+wald,both,G2-fading,r5_never,0.6264,0.6193,0.6338
floor_0.05+wald,both,G2-fading,r6_lag,-0.4154,-0.4247,-0.4060
floor_0.05+wald,both,G2-fading,r7_error_5,0.8760,0.8563,0.8965
floor_0.05+wald,both,G2-fading,r7_error_10,0.8033,0.7843,0.8220
floor_0.05+wald,both,G2-fading,r7_longest_wrong,1.7683,1.7397,1.7953
floor_0.05+wald,both,G2-fading,r7_hard_first,0.1358,0.1302,0.1415
floor_0.05+wald,both,G2-fading,r4b_chance_below_0.5,0.0685,0.0643,0.0728
floor_0.05+wald,both,G2-fading,r4b_chance_0.5_to_0.6,0.0958,0.0930,0.0987
floor_0.05+wald,both,G2-fading,r4b_chance_0.6_to_0.7,0.1805,0.1773,0.1837
floor_0.05+wald,both,G2-fading,r4b_chance_0.7_to_0.8,0.2757,0.2725,0.2790
floor_0.05+wald,both,G2-fading,r4b_chance_0.8_up,0.3795,0.3717,0.3873
floor_0.05+wald,both,G2-fading,r3_reachable,0.9606,0.9586,0.9627
floor_0.05+wald,both,G2-fading,r8_rank_6_20,3.4633,3.2433,3.6883
floor_0.05+wald,both,G2-fading,r8_topic_rank_6_20,17.1067,16.6383,17.5733
floor_0.05+wald,both,G2-fading,r8_rank_150_200,1.6417,1.5225,1.7613
floor_0.05+wald,both,G2-fading,r8_topic_rank_150_200,8.8740,8.7098,9.0515
floor_0.05+wald,both,G2-fading,r2_ece,0.0310,0.0295,0.0326
floor_0.05+wald,both,G2-fading,r4b_3,0.0078,0.0066,0.0091
floor_0.05+wald,both,G2-fading,r4b_5,0.0268,0.0241,0.0296
floor_0.05+wald,both,G2-fading,r4b_10,0.0682,0.0622,0.0746
floor_0.05+wald,both,G2-fading,r4b_20,0.0788,0.0715,0.0868
floor_0.05+wald,both,G2-fading,r4b_50,0.0826,0.0738,0.0925
floor_0.05+wald,both,G2-fading,r8_move_p95_6_20,73.0000,73.0000,73.0000
floor_0.05+wald,both,G2-fading,r8_move_p95_150_200,41.0000,41.0000,42.0000
floor_0.05+wald,both,G3-drop,r1_rms_5,0.9847,0.9675,1.0031
floor_0.05+wald,both,G3-drop,r1_mean_5,-0.0082,-0.0411,0.0258
floor_0.05+wald,both,G3-drop,r1_rms_10,0.9228,0.9069,0.9382
floor_0.05+wald,both,G3-drop,r1_mean_10,-0.0376,-0.0659,-0.0093
floor_0.05+wald,both,G3-drop,r1_rms_20,0.8265,0.8149,0.8388
floor_0.05+wald,both,G3-drop,r1_mean_20,-0.0542,-0.0784,-0.0303
floor_0.05+wald,both,G3-drop,r1_rms_50,0.6764,0.6678,0.6846
floor_0.05+wald,both,G3-drop,r1_mean_50,-0.0678,-0.0845,-0.0505
floor_0.05+wald,both,G3-drop,r1_rms_100,0.6968,0.6883,0.7060
floor_0.05+wald,both,G3-drop,r1_mean_100,0.2834,0.2669,0.2996
floor_0.05+wald,both,G3-drop,r1_rms_200,0.5428,0.5379,0.5480
floor_0.05+wald,both,G3-drop,r1_mean_200,0.2613,0.2531,0.2690
floor_0.05+wald,both,G3-drop,r2_brier,0.2013,0.2005,0.2022
floor_0.05+wald,both,G3-drop,r2_bias,0.0501,0.0485,0.0516
floor_0.05+wald,both,G3-drop,r3_inside,0.3848,0.3823,0.3873
floor_0.05+wald,both,G3-drop,r3_below_0.5,0.0874,0.0846,0.0905
floor_0.05+wald,both,G3-drop,r3_above_0.95,0.0210,0.0198,0.0222
floor_0.05+wald,both,G3-drop,r4_false,0.0426,0.0378,0.0479
floor_0.05+wald,both,G3-drop,r4_false_0.70,0.0113,0.0090,0.0137
floor_0.05+wald,both,G3-drop,r4_below,0.5586,0.5455,0.5717
floor_0.05+wald,both,G3-drop,r4_false_at_task,0.0452,0.0384,0.0524
floor_0.05+wald,both,G3-drop,r4_declared,2.1692,2.0815,2.2542
floor_0.05+wald,both,G3-drop,r5_late_answers,10.2954,10.1790,10.4097
floor_0.05+wald,both,G3-drop,r5_never,0.7507,0.7425,0.7585
floor_0.05+wald,both,G3-drop,r6_lag,0.3637,0.3552,0.3723
floor_0.05+wald,both,G3-drop,r6_jump_answers,45.9162,44.9177,46.9765
floor_0.05+wald,both,G3-drop,r6_jump_unsettled,0.2025,0.1900,0.2150
floor_0.05+wald,both,G3-drop,r7_error_5,0.8476,0.8285,0.8668
floor_0.05+wald,both,G3-drop,r7_error_10,0.7726,0.7534,0.7910
floor_0.05+wald,both,G3-drop,r7_longest_wrong,1.7875,1.7600,1.8168
floor_0.05+wald,both,G3-drop,r7_hard_first,0.1402,0.1346,0.1463
floor_0.05+wald,both,G3-drop,r4b_chance_below_0.5,0.1834,0.1762,0.1912
floor_0.05+wald,both,G3-drop,r4b_chance_0.5_to_0.6,0.1808,0.1780,0.1836
floor_0.05+wald,both,G3-drop,r4b_chance_0.6_to_0.7,0.2258,0.2231,0.2285
floor_0.05+wald,both,G3-drop,r4b_chance_0.7_to_0.8,0.2243,0.2207,0.2279
floor_0.05+wald,both,G3-drop,r4b_chance_0.8_up,0.1857,0.1806,0.1914
floor_0.05+wald,both,G3-drop,r3_reachable,0.8867,0.8814,0.8923
floor_0.05+wald,both,G3-drop,r8_rank_6_20,3.5233,3.2967,3.7517
floor_0.05+wald,both,G3-drop,r8_topic_rank_6_20,17.5700,17.1067,18.0367
floor_0.05+wald,both,G3-drop,r8_rank_150_200,1.8270,1.7113,1.9564
floor_0.05+wald,both,G3-drop,r8_topic_rank_150_200,10.2975,10.1181,10.4725
floor_0.05+wald,both,G3-drop,r2_ece,0.0505,0.0490,0.0519
floor_0.05+wald,both,G3-drop,r4b_3,0.0085,0.0073,0.0098
floor_0.05+wald,both,G3-drop,r4b_5,0.0198,0.0178,0.0220
floor_0.05+wald,both,G3-drop,r4b_10,0.0402,0.0366,0.0441
floor_0.05+wald,both,G3-drop,r4b_20,0.0430,0.0389,0.0473
floor_0.05+wald,both,G3-drop,r4b_50,0.0430,0.0390,0.0472
floor_0.05+wald,both,G3-drop,r8_move_p95_6_20,73.0000,73.0000,73.0000
floor_0.05+wald,both,G3-drop,r8_move_p95_150_200,43.0000,43.0000,43.0000
floor_0.05+wald,both,G0-start0.5,r1_rms_5,0.9677,0.9503,0.9848
floor_0.05+wald,both,G0-start0.5,r1_mean_5,-0.0270,-0.0596,0.0060
floor_0.05+wald,both,G0-start0.5,r1_rms_10,0.9051,0.8895,0.9207
floor_0.05+wald,both,G0-start0.5,r1_mean_10,-0.0443,-0.0725,-0.0160
floor_0.05+wald,both,G0-start0.5,r1_rms_20,0.8143,0.8015,0.8270
floor_0.05+wald,both,G0-start0.5,r1_mean_20,-0.0613,-0.0838,-0.0373
floor_0.05+wald,both,G0-start0.5,r1_rms_50,0.6653,0.6571,0.6739
floor_0.05+wald,both,G0-start0.5,r1_mean_50,-0.0851,-0.1020,-0.0685
floor_0.05+wald,both,G0-start0.5,r1_rms_100,0.5606,0.5551,0.5661
floor_0.05+wald,both,G0-start0.5,r1_mean_100,-0.0967,-0.1083,-0.0855
floor_0.05+wald,both,G0-start0.5,r1_rms_200,0.4747,0.4709,0.4785
floor_0.05+wald,both,G0-start0.5,r1_mean_200,-0.0936,-0.1011,-0.0859
floor_0.05+wald,both,G0-start0.5,r2_brier,0.1733,0.1725,0.1741
floor_0.05+wald,both,G0-start0.5,r2_bias,0.0041,0.0027,0.0056
floor_0.05+wald,both,G0-start0.5,r3_inside,0.4341,0.4318,0.4365
floor_0.05+wald,both,G0-start0.5,r3_below_0.5,0.0336,0.0322,0.0350
floor_0.05+wald,both,G0-start0.5,r3_above_0.95,0.0278,0.0265,0.0293
floor_0.05+wald,both,G0-start0.5,r4_false,0.0057,0.0044,0.0069
floor_0.05+wald,both,G0-start0.5,r4_false_0.70,0.0009,0.0004,0.0015
floor_0.05+wald,both,G0-start0.5,r4_below,0.5524,0.5408,0.5637
floor_0.05+wald,both,G0-start0.5,r4_false_at_task,0.0041,0.0025,0.0059
floor_0.05+wald,both,G0-start0.5,r4_declared,3.2708,3.1735,3.3670
floor_0.05+wald,both,G0-start0.5,r5_late_answers,10.8316,10.7252,10.9312
floor_0.05+wald,both,G0-start0.5,r5_never,0.5593,0.5494,0.5694
floor_0.05+wald,both,G0-start0.5,r6_lag,-0.1107,-0.1186,-0.1032
floor_0.05+wald,both,G0-start0.5,r7_error_5,0.8138,0.7949,0.8338
floor_0.05+wald,both,G0-start0.5,r7_error_10,0.7420,0.7231,0.7601
floor_0.05+wald,both,G0-start0.5,r7_longest_wrong,1.7232,1.6970,1.7515
floor_0.05+wald,both,G0-start0.5,r7_hard_first,0.1250,0.1198,0.1304
floor_0.05+wald,both,G0-start0.5,r4b_chance_below_0.5,0.0771,0.0737,0.0804
floor_0.05+wald,both,G0-start0.5,r4b_chance_0.5_to_0.6,0.1159,0.1134,0.1186
floor_0.05+wald,both,G0-start0.5,r4b_chance_0.6_to_0.7,0.2061,0.2033,0.2089
floor_0.05+wald,both,G0-start0.5,r4b_chance_0.7_to_0.8,0.2814,0.2787,0.2842
floor_0.05+wald,both,G0-start0.5,r4b_chance_0.8_up,0.3195,0.3132,0.3259
floor_0.05+wald,both,G0-start0.5,r3_reachable,0.9650,0.9631,0.9670
floor_0.05+wald,both,G0-start0.5,r8_rank_6_20,3.5433,3.3050,3.7767
floor_0.05+wald,both,G0-start0.5,r8_topic_rank_6_20,17.2467,16.7800,17.7233
floor_0.05+wald,both,G0-start0.5,r8_rank_150_200,1.5775,1.4578,1.7049
floor_0.05+wald,both,G0-start0.5,r8_topic_rank_150_200,9.4676,9.3000,9.6417
floor_0.05+wald,both,G0-start0.5,r2_ece,0.0051,0.0037,0.0065
floor_0.05+wald,both,G0-start0.5,r4b_3,0.0143,0.0127,0.0159
floor_0.05+wald,both,G0-start0.5,r4b_5,0.0375,0.0346,0.0407
floor_0.05+wald,both,G0-start0.5,r4b_10,0.0739,0.0683,0.0794
floor_0.05+wald,both,G0-start0.5,r4b_20,0.0827,0.0760,0.0891
floor_0.05+wald,both,G0-start0.5,r4b_50,0.0827,0.0765,0.0894
floor_0.05+wald,both,G0-start0.5,r8_move_p95_6_20,73.0000,73.0000,73.0000
floor_0.05+wald,both,G0-start0.5,r8_move_p95_150_200,42.0000,42.0000,42.0000
floor_0.05+wald,both,G0-start2,r1_rms_5,1.1021,1.0797,1.1248
floor_0.05+wald,both,G0-start2,r1_mean_5,-0.0280,-0.0677,0.0095
floor_0.05+wald,both,G0-start2,r1_rms_10,1.0235,1.0056,1.0426
floor_0.05+wald,both,G0-start2,r1_mean_10,-0.0537,-0.0870,-0.0199
floor_0.05+wald,both,G0-start2,r1_rms_20,0.9076,0.8918,0.9235
floor_0.05+wald,both,G0-start2,r1_mean_20,-0.0773,-0.1053,-0.0478
floor_0.05+wald,both,G0-start2,r1_rms_50,0.7283,0.7177,0.7397
floor_0.05+wald,both,G0-start2,r1_mean_50,-0.1064,-0.1274,-0.0857
floor_0.05+wald,both,G0-start2,r1_rms_100,0.5980,0.5901,0.6058
floor_0.05+wald,both,G0-start2,r1_mean_100,-0.1152,-0.1284,-0.1026
floor_0.05+wald,both,G0-start2,r1_rms_200,0.4956,0.4908,0.5004
floor_0.05+wald,both,G0-start2,r1_mean_200,-0.0964,-0.1053,-0.0875
floor_0.05+wald,both,G0-start2,r2_brier,0.1768,0.1757,0.1779
floor_0.05+wald,both,G0-start2,r2_bias,0.0030,0.0012,0.0047
floor_0.05+wald,both,G0-start2,r3_inside,0.3978,0.3940,0.4018
floor_0.05+wald,both,G0-start2,r3_below_0.5,0.0713,0.0665,0.0763
floor_0.05+wald,both,G0-start2,r3_above_0.95,0.0403,0.0377,0.0430
floor_0.05+wald,both,G0-start2,r4_false,0.0070,0.0056,0.0084
floor_0.05+wald,both,G0-start2,r4_false_0.70,0.0010,0.0005,0.0016
floor_0.05+wald,both,G0-start2,r4_below,0.5484,0.5334,0.5632
floor_0.05+wald,both,G0-start2,r4_false_at_task,0.0055,0.0037,0.0075
floor_0.05+wald,both,G0-start2,r4_declared,3.5457,3.4340,3.6635
floor_0.05+wald,both,G0-start2,r5_late_answers,10.9283,10.8228,11.0334
floor_0.05+wald,both,G0-start2,r5_never,0.5947,0.5848,0.6055
floor_0.05+wald,both,G0-start2,r6_lag,-0.1158,-0.1258,-0.1057
floor_0.05+wald,both,G0-start2,r7_error_5,0.9629,0.9391,0.9867
floor_0.05+wald,both,G0-start2,r7_error_10,0.8798,0.8585,0.9010
floor_0.05+wald,both,G0-start2,r7_longest_wrong,1.8787,1.8450,1.9167
floor_0.05+wald,both,G0-start2,r7_hard_first,0.1829,0.1751,0.1904
floor_0.05+wald,both,G0-start2,r4b_chance_below_0.5,0.2017,0.1874,0.2151
floor_0.05+wald,both,G0-start2,r4b_chance_0.5_to_0.6,0.1426,0.1389,0.1466
floor_0.05+wald,both,G0-start2,r4b_chance_0.6_to_0.7,0.2010,0.1966,0.2053
floor_0.05+wald,both,G0-start2,r4b_chance_0.7_to_0.8,0.2346,0.2284,0.2404
floor_0.05+wald,both,G0-start2,r4b_chance_0.8_up,0.2201,0.2126,0.2280
floor_0.05+wald,both,G0-start2,r3_reachable,0.8792,0.8714,0.8867
floor_0.05+wald,both,G0-start2,r8_rank_6_20,3.7867,3.5600,4.0150
floor_0.05+wald,both,G0-start2,r8_topic_rank_6_20,17.6500,17.1600,18.1267
floor_0.05+wald,both,G0-start2,r8_rank_150_200,1.6294,1.5049,1.7613
floor_0.05+wald,both,G0-start2,r8_topic_rank_150_200,8.7814,8.6044,8.9706
floor_0.05+wald,both,G0-start2,r2_ece,0.0040,0.0023,0.0058
floor_0.05+wald,both,G0-start2,r4b_3,0.0109,0.0095,0.0125
floor_0.05+wald,both,G0-start2,r4b_5,0.0300,0.0271,0.0328
floor_0.05+wald,both,G0-start2,r4b_10,0.0628,0.0573,0.0682
floor_0.05+wald,both,G0-start2,r4b_20,0.0677,0.0620,0.0739
floor_0.05+wald,both,G0-start2,r4b_50,0.0688,0.0629,0.0756
floor_0.05+wald,both,G0-start2,r8_move_p95_6_20,73.0000,73.0000,73.0000
floor_0.05+wald,both,G0-start2,r8_move_p95_150_200,41.0000,41.0000,42.0000
floor_0.05+wald,both,G0-topics0.3,r1_rms_5,0.9134,0.8936,0.9324
floor_0.05+wald,both,G0-topics0.3,r1_mean_5,0.0045,-0.0276,0.0379
floor_0.05+wald,both,G0-topics0.3,r1_rms_10,0.8381,0.8213,0.8555
floor_0.05+wald,both,G0-topics0.3,r1_mean_10,-0.0161,-0.0447,0.0133
floor_0.05+wald,both,G0-topics0.3,r1_rms_20,0.7365,0.7231,0.7509
floor_0.05+wald,both,G0-topics0.3,r1_mean_20,-0.0349,-0.0605,-0.0100
floor_0.05+wald,both,G0-topics0.3,r1_rms_50,0.5885,0.5795,0.5976
floor_0.05+wald,both,G0-topics0.3,r1_mean_50,-0.0610,-0.0779,-0.0440
floor_0.05+wald,both,G0-topics0.3,r1_rms_100,0.4978,0.4923,0.5036
floor_0.05+wald,both,G0-topics0.3,r1_mean_100,-0.0716,-0.0833,-0.0605
floor_0.05+wald,both,G0-topics0.3,r1_rms_200,0.4316,0.4280,0.4353
floor_0.05+wald,both,G0-topics0.3,r1_mean_200,-0.0813,-0.0887,-0.0739
floor_0.05+wald,both,G0-topics0.3,r2_brier,0.1754,0.1745,0.1763
floor_0.05+wald,both,G0-topics0.3,r2_bias,0.0051,0.0036,0.0066
floor_0.05+wald,both,G0-topics0.3,r3_inside,0.4500,0.4472,0.4529
floor_0.05+wald,both,G0-topics0.3,r3_below_0.5,0.0324,0.0308,0.0342
floor_0.05+wald,both,G0-topics0.3,r3_above_0.95,0.0219,0.0207,0.0234
floor_0.05+wald,both,G0-topics0.3,r4_false,0.0069,0.0054,0.0085
floor_0.05+wald,both,G0-topics0.3,r4_false_0.70,0.0012,0.0006,0.0018
floor_0.05+wald,both,G0-topics0.3,r4_below,0.5567,0.5438,0.5681
floor_0.05+wald,both,G0-topics0.3,r4_false_at_task,0.0065,0.0044,0.0086
floor_0.05+wald,both,G0-topics0.3,r4_declared,3.2245,3.1275,3.3308
floor_0.05+wald,both,G0-topics0.3,r5_late_answers,10.9375,10.8309,11.0480
floor_0.05+wald,both,G0-topics0.3,r5_never,0.6070,0.5968,0.6176
floor_0.05+wald,both,G0-topics0.3,r6_lag,-0.0882,-0.0959,-0.0803
floor_0.05+wald,both,G0-topics0.3,r7_error_5,0.8451,0.8249,0.8659
floor_0.05+wald,both,G0-topics0.3,r7_error_10,0.7715,0.7532,0.7903
floor_0.05+wald,both,G0-topics0.3,r7_longest_wrong,1.7475,1.7203,1.7732
floor_0.05+wald,both,G0-topics0.3,r7_hard_first,0.1278,0.1222,0.1337
floor_0.05+wald,both,G0-topics0.3,r4b_chance_below_0.5,0.0789,0.0743,0.0838
floor_0.05+wald,both,G0-topics0.3,r4b_chance_0.5_to_0.6,0.1280,0.1244,0.1317
floor_0.05+wald,both,G0-topics0.3,r4b_chance_0.6_to_0.7,0.2225,0.2193,0.2258
floor_0.05+wald,both,G0-topics0.3,r4b_chance_0.7_to_0.8,0.2914,0.2876,0.2953
floor_0.05+wald,both,G0-topics0.3,r4b_chance_0.8_up,0.2793,0.2716,0.2867
floor_0.05+wald,both,G0-topics0.3,r3_reachable,0.9455,0.9411,0.9495
floor_0.05+wald,both,G0-topics0.3,r8_rank_6_20,3.6583,3.4267,3.8867
floor_0.05+wald,both,G0-topics0.3,r8_topic_rank_6_20,17.4883,17.0250,17.9650
floor_0.05+wald,both,G0-topics0.3,r8_rank_150_200,1.7250,1.6034,1.8539
floor_0.05+wald,both,G0-topics0.3,r8_topic_rank_150_200,9.2534,9.0775,9.4304
floor_0.05+wald,both,G0-topics0.3,r2_ece,0.0069,0.0053,0.0084
floor_0.05+wald,both,G0-topics0.3,r4b_3,0.0136,0.0121,0.0153
floor_0.05+wald,both,G0-topics0.3,r4b_5,0.0349,0.0319,0.0380
floor_0.05+wald,both,G0-topics0.3,r4b_10,0.0775,0.0716,0.0841
floor_0.05+wald,both,G0-topics0.3,r4b_20,0.0861,0.0794,0.0927
floor_0.05+wald,both,G0-topics0.3,r4b_50,0.0977,0.0840,0.1142
floor_0.05+wald,both,G0-topics0.3,r8_move_p95_6_20,73.0000,73.0000,73.0000
floor_0.05+wald,both,G0-topics0.3,r8_move_p95_150_200,42.0000,42.0000,42.0000
floor_0.05+wald,both,G0-topics1,r1_rms_5,1.3130,1.2957,1.3307
floor_0.05+wald,both,G0-topics1,r1_mean_5,-0.0428,-0.0758,-0.0088
floor_0.05+wald,both,G0-topics1,r1_rms_10,1.2678,1.2533,1.2823
floor_0.05+wald,both,G0-topics1,r1_mean_10,-0.0832,-0.1144,-0.0516
floor_0.05+wald,both,G0-topics1,r1_rms_20,1.1799,1.1678,1.1928
floor_0.05+wald,both,G0-topics1,r1_mean_20,-0.1370,-0.1626,-0.1105
floor_0.05+wald,both,G0-topics1,r1_rms_50,1.0009,0.9912,1.0102
floor_0.05+wald,both,G0-topics1,r1_mean_50,-0.1900,-0.2092,-0.1712
floor_0.05+wald,both,G0-topics1,r1_rms_100,0.8404,0.8333,0.8480
floor_0.05+wald,both,G0-topics1,r1_mean_100,-0.1995,-0.2124,-0.1865
floor_0.05+wald,both,G0-topics1,r1_rms_200,0.6909,0.6851,0.6969
floor_0.05+wald,both,G0-topics1,r1_mean_200,-0.1739,-0.1825,-0.1654
floor_0.05+wald,both,G0-topics1,r2_brier,0.1758,0.1749,0.1767
floor_0.05+wald,both,G0-topics1,r2_bias,0.0063,0.0048,0.0078
floor_0.05+wald,both,G0-topics1,r3_inside,0.3614,0.3591,0.3638
floor_0.05+wald,both,G0-topics1,r3_below_0.5,0.0635,0.0612,0.0656
floor_0.05+wald,both,G0-topics1,r3_above_0.95,0.0686,0.0663,0.0708
floor_0.05+wald,both,G0-topics1,r4_false,0.0053,0.0041,0.0066
floor_0.05+wald,both,G0-topics1,r4_false_0.70,0.0009,0.0004,0.0014
floor_0.05+wald,both,G0-topics1,r4_below,0.5831,0.5722,0.5945
floor_0.05+wald,both,G0-topics1,r4_false_at_task,0.0062,0.0042,0.0083
floor_0.05+wald,both,G0-topics1,r4_declared,3.4787,3.3832,3.5762
floor_0.05+wald,both,G0-topics1,r5_late_answers,10.7131,10.6079,10.8184
floor_0.05+wald,both,G0-topics1,r5_never,0.6146,0.6065,0.6228
floor_0.05+wald,both,G0-topics1,r6_lag,-0.1731,-0.1814,-0.1647
floor_0.05+wald,both,G0-topics1,r7_error_5,0.9043,0.8833,0.9259
floor_0.05+wald,both,G0-topics1,r7_error_10,0.8325,0.8138,0.8514
floor_0.05+wald,both,G0-topics1,r7_longest_wrong,1.9347,1.9033,1.9685
floor_0.05+wald,both,G0-topics1,r7_hard_first,0.1922,0.1862,0.1983
floor_0.05+wald,both,G0-topics1,r4b_chance_below_0.5,0.1495,0.1442,0.1552
floor_0.05+wald,both,G0-topics1,r4b_chance_0.5_to_0.6,0.1431,0.1407,0.1456
floor_0.05+wald,both,G0-topics1,r4b_chance_0.6_to_0.7,0.2029,0.2001,0.2057
floor_0.05+wald,both,G0-topics1,r4b_chance_0.7_to_0.8,0.2402,0.2373,0.2432
floor_0.05+wald,both,G0-topics1,r4b_chance_0.8_up,0.2643,0.2587,0.2702
floor_0.05+wald,both,G0-topics1,r3_reachable,0.9271,0.9238,0.9307
floor_0.05+wald,both,G0-topics1,r8_rank_6_20,3.9117,3.6800,4.1467
floor_0.05+wald,both,G0-topics1,r8_topic_rank_6_20,18.6983,18.2300,19.1567
floor_0.05+wald,both,G0-topics1,r8_rank_150_200,1.7456,1.6260,1.8686
floor_0.05+wald,both,G0-topics1,r8_topic_rank_150_200,9.2230,9.0451,9.3868
floor_0.05+wald,both,G0-topics1,r2_ece,0.0078,0.0064,0.0094
floor_0.05+wald,both,G0-topics1,r4b_3,0.0117,0.0102,0.0132
floor_0.05+wald,both,G0-topics1,r4b_5,0.0291,0.0264,0.0318
floor_0.05+wald,both,G0-topics1,r4b_10,0.0699,0.0647,0.0751
floor_0.05+wald,both,G0-topics1,r4b_20,0.0777,0.0717,0.0843
floor_0.05+wald,both,G0-topics1,r4b_50,0.0808,0.0738,0.0891
floor_0.05+wald,both,G0-topics1,r8_move_p95_6_20,73.0000,73.0000,73.0000
floor_0.05+wald,both,G0-topics1,r8_move_p95_150_200,41.0000,41.0000,41.0000
floor_0.05+cautious_z0,both,G0,r1_rms_5,1.0045,0.9870,1.0219
floor_0.05+cautious_z0,both,G0,r1_mean_5,-0.0146,-0.0459,0.0172
floor_0.05+cautious_z0,both,G0,r1_rms_10,0.9401,0.9246,0.9555
floor_0.05+cautious_z0,both,G0,r1_mean_10,-0.0412,-0.0711,-0.0113
floor_0.05+cautious_z0,both,G0,r1_rms_20,0.8413,0.8286,0.8545
floor_0.05+cautious_z0,both,G0,r1_mean_20,-0.0682,-0.0936,-0.0435
floor_0.05+cautious_z0,both,G0,r1_rms_50,0.6796,0.6714,0.6881
floor_0.05+cautious_z0,both,G0,r1_mean_50,-0.0934,-0.1108,-0.0764
floor_0.05+cautious_z0,both,G0,r1_rms_100,0.5704,0.5647,0.5762
floor_0.05+cautious_z0,both,G0,r1_mean_100,-0.1057,-0.1171,-0.0936
floor_0.05+cautious_z0,both,G0,r1_rms_200,0.4938,0.4896,0.4980
floor_0.05+cautious_z0,both,G0,r1_mean_200,-0.0887,-0.0965,-0.0801
floor_0.05+cautious_z0,both,G0,r2_brier,0.1737,0.1728,0.1745
floor_0.05+cautious_z0,both,G0,r2_bias,0.0037,0.0022,0.0052
floor_0.05+cautious_z0,both,G0,r3_inside,0.4308,0.4282,0.4335
floor_0.05+cautious_z0,both,G0,r3_below_0.5,0.0375,0.0357,0.0396
floor_0.05+cautious_z0,both,G0,r3_above_0.95,0.0298,0.0283,0.0313
floor_0.05+cautious_z0,both,G0,r4_false,0.1541,0.1474,0.1611
floor_0.05+cautious_z0,both,G0,r4_false_0.70,0.0582,0.0543,0.0621
floor_0.05+cautious_z0,both,G0,r4_below,0.3045,0.2970,0.3122
floor_0.05+cautious_z0,both,G0,r4_false_at_task,0.1920,0.1841,0.2002
floor_0.05+cautious_z0,both,G0,r4_declared,9.4770,9.2912,9.6690
floor_0.05+cautious_z0,both,G0,r5_late_answers,4.1931,4.1283,4.2607
floor_0.05+cautious_z0,both,G0,r5_never,0.0656,0.0615,0.0700
floor_0.05+cautious_z0,both,G0,r6_lag,-0.1131,-0.1213,-0.1051
floor_0.05+cautious_z0,both,G0,r7_error_5,0.8588,0.8385,0.8794
floor_0.05+cautious_z0,both,G0,r7_error_10,0.7851,0.7669,0.8040
floor_0.05+cautious_z0,both,G0,r7_longest_wrong,1.7765,1.7477,1.8042
floor_0.05+cautious_z0,both,G0,r7_hard_first,0.1375,0.1313,0.1429
floor_0.05+cautious_z0,both,G0,r4b_chance_below_0.5,0.0837,0.0787,0.0889
floor_0.05+cautious_z0,both,G0,r4b_chance_0.5_to_0.6,0.1183,0.1155,0.1212
floor_0.05+cautious_z0,both,G0,r4b_chance_0.6_to_0.7,0.2098,0.2068,0.2126
floor_0.05+cautious_z0,both,G0,r4b_chance_0.7_to_0.8,0.2899,0.2863,0.2934
floor_0.05+cautious_z0,both,G0,r4b_chance_0.8_up,0.2983,0.2918,0.3051
floor_0.05+cautious_z0,both,G0,r3_reachable,0.9339,0.9297,0.9382
floor_0.05+cautious_z0,both,G0,r8_rank_6_20,3.6667,3.4533,3.9100
floor_0.05+cautious_z0,both,G0,r8_topic_rank_6_20,18.1283,17.6533,18.5850
floor_0.05+cautious_z0,both,G0,r8_rank_150_200,1.6652,1.5471,1.7873
floor_0.05+cautious_z0,both,G0,r8_topic_rank_150_200,8.5613,8.3490,8.7657
floor_0.05+cautious_z0,both,G0,r2_ece,0.0056,0.0041,0.0070
floor_0.05+cautious_z0,both,G0,r4b_3,0.2048,0.1969,0.2125
floor_0.05+cautious_z0,both,G0,r4b_5,0.2557,0.2471,0.2648
floor_0.05+cautious_z0,both,G0,r4b_10,0.2919,0.2819,0.3020
floor_0.05+cautious_z0,both,G0,r4b_20,0.3351,0.3240,0.3463
floor_0.05+cautious_z0,both,G0,r4b_50,0.3952,0.3768,0.4136
floor_0.05+cautious_z0,both,G0,r8_move_p95_6_20,73.0000,73.0000,73.0000
floor_0.05+cautious_z0,both,G0,r8_move_p95_150_200,40.0000,40.0000,40.0000
floor_0.05+cautious_z0,both,G1,r1_rms_5,1.0765,1.0541,1.0988
floor_0.05+cautious_z0,both,G1,r1_mean_5,-0.0322,-0.0698,0.0048
floor_0.05+cautious_z0,both,G1,r1_rms_10,1.0084,0.9889,1.0282
floor_0.05+cautious_z0,both,G1,r1_mean_10,-0.0654,-0.0992,-0.0319
floor_0.05+cautious_z0,both,G1,r1_rms_20,0.9027,0.8873,0.9180
floor_0.05+cautious_z0,both,G1,r1_mean_20,-0.0905,-0.1187,-0.0624
floor_0.05+cautious_z0,both,G1,r1_rms_50,0.7257,0.7149,0.7367
floor_0.05+cautious_z0,both,G1,r1_mean_50,-0.1170,-0.1380,-0.0966
floor_0.05+cautious_z0,both,G1,r1_rms_100,0.6039,0.5969,0.6110
floor_0.05+cautious_z0,both,G1,r1_mean_100,-0.1075,-0.1213,-0.0933
floor_0.05+cautious_z0,both,G1,r1_rms_200,0.5120,0.5073,0.5169
floor_0.05+cautious_z0,both,G1,r1_mean_200,-0.0723,-0.0826,-0.0625
floor_0.05+cautious_z0,both,G1,r2_brier,0.1809,0.1795,0.1822
floor_0.05+cautious_z0,both,G1,r2_bias,0.0002,-0.0015,0.0019
floor_0.05+cautious_z0,both,G1,r3_inside,0.3586,0.3540,0.3633
floor_0.05+cautious_z0,both,G1,r3_below_0.5,0.1102,0.1044,0.1160
floor_0.05+cautious_z0,both,G1,r3_above_0.95,0.0427,0.0404,0.0451
floor_0.05+cautious_z0,both,G1,r4_false,0.0556,0.0507,0.0612
floor_0.05+cautious_z0,both,G1,r4_false_0.70,0.0396,0.0356,0.0438
floor_0.05+cautious_z0,both,G1,r4_below,0.2481,0.2395,0.2578
floor_0.05+cautious_z0,both,G1,r4_false_at_task,0.0652,0.0596,0.0712
floor_0.05+cautious_z0,both,G1,r4_declared,9.1070,8.8987,9.3223
floor_0.05+cautious_z0,both,G1,r5_late_answers,3.8911,3.8551,3.9280
floor_0.05+cautious_z0,both,G1,r5_never,0.0250,0.0230,0.0271
floor_0.05+cautious_z0,both,G1,r6_lag,-0.1252,-0.1345,-0.1161
floor_0.05+cautious_z0,both,G1,r7_error_5,0.9118,0.8857,0.9368
floor_0.05+cautious_z0,both,G1,r7_error_10,0.8382,0.8155,0.8618
floor_0.05+cautious_z0,both,G1,r7_longest_wrong,2.0230,1.9855,2.0642
floor_0.05+cautious_z0,both,G1,r7_hard_first,0.2241,0.2153,0.2327
floor_0.05+cautious_z0,both,G1,r4b_chance_below_0.5,0.2835,0.2727,0.2936
floor_0.05+cautious_z0,both,G1,r4b_chance_0.5_to_0.6,0.1777,0.1736,0.1819
floor_0.05+cautious_z0,both,G1,r4b_chance_0.6_to_0.7,0.1747,0.1719,0.1775
floor_0.05+cautious_z0,both,G1,r4b_chance_0.7_to_0.8,0.1785,0.1733,0.1842
floor_0.05+cautious_z0,both,G1,r4b_chance_0.8_up,0.1856,0.1774,0.1936
floor_0.05+cautious_z0,both,G1,r3_reachable,0.8059,0.7953,0.8172
floor_0.05+cautious_z0,both,G1,r8_rank_6_20,3.9400,3.7100,4.1600
floor_0.05+cautious_z0,both,G1,r8_topic_rank_6_20,17.8850,17.3817,18.4167
floor_0.05+cautious_z0,both,G1,r8_rank_150_200,1.4882,1.3676,1.6172
floor_0.05+cautious_z0,both,G1,r8_topic_rank_150_200,7.1613,6.9441,7.3735
floor_0.05+cautious_z0,both,G1,r2_ece,0.0079,0.0070,0.0091
floor_0.05+cautious_z0,both,G1,r4b_3,0.1160,0.1094,0.1232
floor_0.05+cautious_z0,both,G1,r4b_5,0.1426,0.1345,0.1507
floor_0.05+cautious_z0,both,G1,r4b_10,0.1590,0.1499,0.1679
floor_0.05+cautious_z0,both,G1,r4b_20,0.1695,0.1602,0.1781
floor_0.05+cautious_z0,both,G1,r4b_50,0.1850,0.1733,0.1968
floor_0.05+cautious_z0,both,G1,r8_move_p95_6_20,72.0000,72.0000,73.0000
floor_0.05+cautious_z0,both,G1,r8_move_p95_150_200,41.0000,40.0000,41.0000
floor_0.05+cautious_z0,both,G2,r1_rms_5,0.9947,0.9770,1.0127
floor_0.05+cautious_z0,both,G2,r1_mean_5,-0.0657,-0.0963,-0.0318
floor_0.05+cautious_z0,both,G2,r1_rms_10,0.9357,0.9202,0.9516
floor_0.05+cautious_z0,both,G2,r1_mean_10,-0.1370,-0.1660,-0.1081
floor_0.05+cautious_z0,both,G2,r1_rms_20,0.8604,0.8468,0.8742
floor_0.05+cautious_z0,both,G2,r1_mean_20,-0.2455,-0.2706,-0.2211
floor_0.05+cautious_z0,both,G2,r1_rms_50,0.8094,0.7981,0.8211
floor_0.05+cautious_z0,both,G2,r1_mean_50,-0.4902,-0.5079,-0.4727
floor_0.05+cautious_z0,both,G2,r1_rms_100,0.9351,0.9250,0.9458
floor_0.05+cautious_z0,both,G2,r1_mean_100,-0.7824,-0.7949,-0.7694
floor_0.05+cautious_z0,both,G2,r1_rms_200,1.1903,1.1819,1.1988
floor_0.05+cautious_z0,both,G2,r1_mean_200,-1.1034,-1.1123,-1.0943
floor_0.05+cautious_z0,both,G2,r2_brier,0.1330,0.1322,0.1337
floor_0.05+cautious_z0,both,G2,r2_bias,-0.0723,-0.0737,-0.0710
floor_0.05+cautious_z0,both,G2,r3_inside,0.2819,0.2786,0.2849
floor_0.05+cautious_z0,both,G2,r3_below_0.5,0.0171,0.0162,0.0180
floor_0.05+cautious_z0,both,G2,r3_above_0.95,0.1332,0.1296,0.1370
floor_0.05+cautious_z0,both,G2,r4_false,0.0484,0.0453,0.0516
floor_0.05+cautious_z0,both,G2,r4_false_0.70,0.0128,0.0114,0.0142
floor_0.05+cautious_z0,both,G2,r4_below,0.2153,0.2093,0.2215
floor_0.05+cautious_z0,both,G2,r4_false_at_task,0.0539,0.0505,0.0575
floor_0.05+cautious_z0,both,G2,r4_declared,12.3445,12.1270,12.5660
floor_0.05+cautious_z0,both,G2,r5_late_answers,5.1414,5.0695,5.2132
floor_0.05+cautious_z0,both,G2,r5_never,0.2487,0.2415,0.2560
floor_0.05+cautious_z0,both,G2,r6_lag,-0.9941,-1.0034,-0.9845
floor_0.05+cautious_z0,both,G2,r7_error_5,0.8438,0.8226,0.8646
floor_0.05+cautious_z0,both,G2,r7_error_10,0.7739,0.7562,0.7922
floor_0.05+cautious_z0,both,G2,r7_longest_wrong,1.7315,1.7043,1.7585
floor_0.05+cautious_z0,both,G2,r7_hard_first,0.1324,0.1269,0.1382
floor_0.05+cautious_z0,both,G2,r4b_chance_below_0.5,0.0604,0.0572,0.0636
floor_0.05+cautious_z0,both,G2,r4b_chance_0.5_to_0.6,0.0704,0.0680,0.0727
floor_0.05+cautious_z0,both,G2,r4b_chance_0.6_to_0.7,0.1297,0.1269,0.1325
floor_0.05+cautious_z0,both,G2,r4b_chance_0.7_to_0.8,0.2315,0.2284,0.2345
floor_0.05+cautious_z0,both,G2,r4b_chance_0.8_up,0.5081,0.5010,0.5155
floor_0.05+cautious_z0,both,G2,r3_reachable,0.9594,0.9574,0.9614
floor_0.05+cautious_z0,both,G2,r8_rank_6_20,3.5583,3.3383,3.7967
floor_0.05+cautious_z0,both,G2,r8_topic_rank_6_20,17.3767,16.9050,17.8417
floor_0.05+cautious_z0,both,G2,r8_rank_150_200,1.4466,1.3569,1.5422
floor_0.05+cautious_z0,both,G2,r8_topic_rank_150_200,9.6216,9.4034,9.8500
floor_0.05+cautious_z0,both,G2,r2_ece,0.0723,0.0710,0.0737
floor_0.05+cautious_z0,both,G2,r4b_3,0.1576,0.1510,0.1642
floor_0.05+cautious_z0,both,G2,r4b_5,0.2008,0.1923,0.2092
floor_0.05+cautious_z0,both,G2,r4b_10,0.2315,0.2219,0.2411
floor_0.05+cautious_z0,both,G2,r4b_20,0.2559,0.2426,0.2690
floor_0.05+cautious_z0,both,G2,r4b_50,0.2646,0.2487,0.2831
floor_0.05+cautious_z0,both,G2,r8_move_p95_6_20,73.0000,73.0000,73.0000
floor_0.05+cautious_z0,both,G2,r8_move_p95_150_200,39.0000,39.0000,40.0000
floor_0.05+cautious_z0,both,G3,r1_rms_5,1.0008,0.9824,1.0190
floor_0.05+cautious_z0,both,G3,r1_mean_5,-0.0156,-0.0491,0.0181
floor_0.05+cautious_z0,both,G3,r1_rms_10,0.9323,0.9173,0.9480
floor_0.05+cautious_z0,both,G3,r1_mean_10,-0.0441,-0.0720,-0.0146
floor_0.05+cautious_z0,both,G3,r1_rms_20,0.8337,0.8213,0.8464
floor_0.05+cautious_z0,both,G3,r1_mean_20,-0.0620,-0.0865,-0.0372
floor_0.05+cautious_z0,both,G3,r1_rms_50,0.6803,0.6719,0.6892
floor_0.05+cautious_z0,both,G3,r1_mean_50,-0.1021,-0.1196,-0.0835
floor_0.05+cautious_z0,both,G3,r1_rms_100,0.8052,0.7939,0.8170
floor_0.05+cautious_z0,both,G3,r1_mean_100,-0.5069,-0.5250,-0.4900
floor_0.05+cautious_z0,both,G3,r1_rms_200,0.7271,0.7199,0.7345
floor_0.05+cautious_z0,both,G3,r1_mean_200,-0.5527,-0.5615,-0.5433
floor_0.05+cautious_z0,both,G3,r2_brier,0.1535,0.1527,0.1543
floor_0.05+cautious_z0,both,G3,r2_bias,-0.0346,-0.0360,-0.0332
floor_0.05+cautious_z0,both,G3,r3_inside,0.3542,0.3517,0.3567
floor_0.05+cautious_z0,both,G3,r3_below_0.5,0.0289,0.0275,0.0305
floor_0.05+cautious_z0,both,G3,r3_above_0.95,0.0745,0.0721,0.0768
floor_0.05+cautious_z0,both,G3,r4_false,0.1137,0.1085,0.1189
floor_0.05+cautious_z0,both,G3,r4_false_0.70,0.0407,0.0376,0.0438
floor_0.05+cautious_z0,both,G3,r4_below,0.2578,0.2507,0.2650
floor_0.05+cautious_z0,both,G3,r4_false_at_task,0.1311,0.1249,0.1373
floor_0.05+cautious_z0,both,G3,r4_declared,10.5597,10.3395,10.7730
floor_0.05+cautious_z0,both,G3,r5_late_answers,4.6776,4.6052,4.7472
floor_0.05+cautious_z0,both,G3,r5_never,0.1882,0.1812,0.1950
floor_0.05+cautious_z0,both,G3,r6_lag,-0.6358,-0.6453,-0.6261
floor_0.05+cautious_z0,both,G3,r6_jump_answers,73.0348,71.8902,74.2090
floor_0.05+cautious_z0,both,G3,r6_jump_unsettled,0.5785,0.5620,0.5933
floor_0.05+cautious_z0,both,G3,r7_error_5,0.8538,0.8335,0.8758
floor_0.05+cautious_z0,both,G3,r7_error_10,0.7807,0.7617,0.7999
floor_0.05+cautious_z0,both,G3,r7_longest_wrong,1.7730,1.7460,1.8008
floor_0.05+cautious_z0,both,G3,r7_hard_first,0.1377,0.1321,0.1433
floor_0.05+cautious_z0,both,G3,r4b_chance_below_0.5,0.0763,0.0721,0.0806
floor_0.05+cautious_z0,both,G3,r4b_chance_0.5_to_0.6,0.0956,0.0930,0.0983
floor_0.05+cautious_z0,both,G3,r4b_chance_0.6_to_0.7,0.1685,0.1658,0.1714
floor_0.05+cautious_z0,both,G3,r4b_chance_0.7_to_0.8,0.2571,0.2539,0.2602
floor_0.05+cautious_z0,both,G3,r4b_chance_0.8_up,0.4025,0.3954,0.4096
floor_0.05+cautious_z0,both,G3,r3_reachable,0.9489,0.9460,0.9518
floor_0.05+cautious_z0,both,G3,r8_rank_6_20,3.5583,3.3233,3.7867
floor_0.05+cautious_z0,both,G3,r8_topic_rank_6_20,17.3650,16.8867,17.8533
floor_0.05+cautious_z0,both,G3,r8_rank_150_200,1.6162,1.5000,1.7353
floor_0.05+cautious_z0,both,G3,r8_topic_rank_150_200,8.9510,8.7314,9.1721
floor_0.05+cautious_z0,both,G3,r2_ece,0.0346,0.0332,0.0360
floor_0.05+cautious_z0,both,G3,r4b_3,0.1915,0.1840,0.1984
floor_0.05+cautious_z0,both,G3,r4b_5,0.2451,0.2365,0.2531
floor_0.05+cautious_z0,both,G3,r4b_10,0.2821,0.2730,0.2912
floor_0.05+cautious_z0,both,G3,r4b_20,0.3208,0.3094,0.3327
floor_0.05+cautious_z0,both,G3,r4b_50,0.4002,0.3750,0.4274
floor_0.05+cautious_z0,both,G3,r8_move_p95_6_20,73.0000,73.0000,73.0000
floor_0.05+cautious_z0,both,G3,r8_move_p95_150_200,40.0000,40.0000,40.0000
floor_0.05+cautious_z0,both,G4,r1_rms_5,1.0200,1.0022,1.0385
floor_0.05+cautious_z0,both,G4,r1_mean_5,-0.2311,-0.2635,-0.1979
floor_0.05+cautious_z0,both,G4,r1_rms_10,0.9621,0.9464,0.9774
floor_0.05+cautious_z0,both,G4,r1_mean_10,-0.2855,-0.3135,-0.2551
floor_0.05+cautious_z0,both,G4,r1_rms_20,0.8818,0.8686,0.8955
floor_0.05+cautious_z0,both,G4,r1_mean_20,-0.3354,-0.3598,-0.3104
floor_0.05+cautious_z0,both,G4,r1_rms_50,0.7608,0.7512,0.7706
floor_0.05+cautious_z0,both,G4,r1_mean_50,-0.4081,-0.4249,-0.3909
floor_0.05+cautious_z0,both,G4,r1_rms_100,0.7002,0.6926,0.7079
floor_0.05+cautious_z0,both,G4,r1_mean_100,-0.4556,-0.4674,-0.4432
floor_0.05+cautious_z0,both,G4,r1_rms_200,0.6659,0.6601,0.6716
floor_0.05+cautious_z0,both,G4,r1_mean_200,-0.4759,-0.4842,-0.4677
floor_0.05+cautious_z0,both,G4,r2_brier,0.1796,0.1787,0.1805
floor_0.05+cautious_z0,both,G4,r2_bias,0.0129,0.0114,0.0143
floor_0.05+cautious_z0,both,G4,r3_inside,0.3896,0.3874,0.3918
floor_0.05+cautious_z0,both,G4,r3_below_0.5,0.0584,0.0559,0.0609
floor_0.05+cautious_z0,both,G4,r3_above_0.95,0.0356,0.0340,0.0371
floor_0.05+cautious_z0,both,G4,r4_false,0.0727,0.0682,0.0775
floor_0.05+cautious_z0,both,G4,r4_false_0.70,0.0214,0.0192,0.0237
floor_0.05+cautious_z0,both,G4,r4_below,0.3282,0.3209,0.3362
floor_0.05+cautious_z0,both,G4,r4_false_at_task,0.0938,0.0879,0.0998
floor_0.05+cautious_z0,both,G4,r4_declared,8.5860,8.3842,8.7728
floor_0.05+cautious_z0,both,G4,r5_late_answers,4.3047,4.2235,4.3874
floor_0.05+cautious_z0,both,G4,r5_never,0.1444,0.1379,0.1504
floor_0.05+cautious_z0,both,G4,r6_lag,-0.4837,-0.4917,-0.4755
floor_0.05+cautious_z0,both,G4,r7_error_5,0.8787,0.8580,0.8991
floor_0.05+cautious_z0,both,G4,r7_error_10,0.8084,0.7891,0.8281
floor_0.05+cautious_z0,both,G4,r7_longest_wrong,1.8782,1.8498,1.9092
floor_0.05+cautious_z0,both,G4,r7_hard_first,0.1869,0.1805,0.1928
floor_0.05+cautious_z0,both,G4,r4b_chance_below_0.5,0.1305,0.1238,0.1372
floor_0.05+cautious_z0,both,G4,r4b_chance_0.5_to_0.6,0.1353,0.1327,0.1380
floor_0.05+cautious_z0,both,G4,r4b_chance_0.6_to_0.7,0.1959,0.1933,0.1984
floor_0.05+cautious_z0,both,G4,r4b_chance_0.7_to_0.8,0.2480,0.2445,0.2514
floor_0.05+cautious_z0,both,G4,r4b_chance_0.8_up,0.2903,0.2838,0.2966
floor_0.05+cautious_z0,both,G4,r3_reachable,0.9447,0.9404,0.9488
floor_0.05+cautious_z0,both,G4,r8_rank_6_20,3.9500,3.7150,4.1917
floor_0.05+cautious_z0,both,G4,r8_topic_rank_6_20,18.3150,17.8550,18.7683
floor_0.05+cautious_z0,both,G4,r8_rank_150_200,1.6809,1.5515,1.8123
floor_0.05+cautious_z0,both,G4,r8_topic_rank_150_200,8.0760,7.8760,8.2887
floor_0.05+cautious_z0,both,G4,r2_ece,0.0149,0.0135,0.0163
floor_0.05+cautious_z0,both,G4,r4b_3,0.1510,0.1441,0.1572
floor_0.05+cautious_z0,both,G4,r4b_5,0.1843,0.1768,0.1923
floor_0.05+cautious_z0,both,G4,r4b_10,0.2018,0.1934,0.2092
floor_0.05+cautious_z0,both,G4,r4b_20,0.2177,0.2085,0.2272
floor_0.05+cautious_z0,both,G4,r4b_50,0.2312,0.2198,0.2425
floor_0.05+cautious_z0,both,G4,r8_move_p95_6_20,74.0000,74.0000,74.0000
floor_0.05+cautious_z0,both,G4,r8_move_p95_150_200,40.0000,39.0000,40.0000
floor_0.05+cautious_z0,both,G5,r1_rms_5,0.9083,0.8886,0.9288
floor_0.05+cautious_z0,both,G5,r1_mean_5,-0.0110,-0.0438,0.0229
floor_0.05+cautious_z0,both,G5,r1_rms_10,0.8471,0.8300,0.8650
floor_0.05+cautious_z0,both,G5,r1_mean_10,-0.0266,-0.0590,0.0026
floor_0.05+cautious_z0,both,G5,r1_rms_20,0.8745,0.8612,0.8877
floor_0.05+cautious_z0,both,G5,r1_mean_20,-0.0431,-0.0682,-0.0182
floor_0.05+cautious_z0,both,G5,r1_rms_50,0.7433,0.7342,0.7528
floor_0.05+cautious_z0,both,G5,r1_mean_50,-0.0638,-0.0810,-0.0450
floor_0.05+cautious_z0,both,G5,r1_rms_100,0.6311,0.6245,0.6384
floor_0.05+cautious_z0,both,G5,r1_mean_100,-0.0944,-0.1072,-0.0817
floor_0.05+cautious_z0,both,G5,r1_rms_200,0.5463,0.5411,0.5518
floor_0.05+cautious_z0,both,G5,r1_mean_200,-0.0907,-0.0998,-0.0812
floor_0.05+cautious_z0,both,G5,r2_brier,0.1770,0.1761,0.1780
floor_0.05+cautious_z0,both,G5,r2_bias,0.0074,0.0059,0.0089
floor_0.05+cautious_z0,both,G5,r3_inside,0.4086,0.4055,0.4117
floor_0.05+cautious_z0,both,G5,r3_below_0.5,0.0504,0.0479,0.0528
floor_0.05+cautious_z0,both,G5,r3_above_0.95,0.0350,0.0332,0.0368
floor_0.05+cautious_z0,both,G5,r4_false,0.1509,0.1435,0.1579
floor_0.05+cautious_z0,both,G5,r4_false_0.70,0.0605,0.0561,0.0652
floor_0.05+cautious_z0,both,G5,r4_below,0.3044,0.2965,0.3115
floor_0.05+cautious_z0,both,G5,r4_false_at_task,0.1896,0.1810,0.1978
floor_0.05+cautious_z0,both,G5,r4_declared,9.5700,9.3815,9.7620
floor_0.05+cautious_z0,both,G5,r5_late_answers,4.1659,4.0927,4.2447
floor_0.05+cautious_z0,both,G5,r5_never,0.0943,0.0889,0.1005
floor_0.05+cautious_z0,both,G5,r6_lag,-0.1095,-0.1185,-0.1001
floor_0.05+cautious_z0,both,G5,r7_error_5,0.9720,0.9502,0.9951
floor_0.05+cautious_z0,both,G5,r7_error_10,0.9149,0.8938,0.9362
floor_0.05+cautious_z0,both,G5,r7_longest_wrong,1.8297,1.8013,1.8575
floor_0.05+cautious_z0,both,G5,r7_hard_first,0.1316,0.1259,0.1379
floor_0.05+cautious_z0,both,G5,r4b_chance_below_0.5,0.1180,0.1112,0.1251
floor_0.05+cautious_z0,both,G5,r4b_chance_0.5_to_0.6,0.1394,0.1353,0.1436
floor_0.05+cautious_z0,both,G5,r4b_chance_0.6_to_0.7,0.2160,0.2122,0.2197
floor_0.05+cautious_z0,both,G5,r4b_chance_0.7_to_0.8,0.2650,0.2604,0.2697
floor_0.05+cautious_z0,both,G5,r4b_chance_0.8_up,0.2617,0.2546,0.2695
floor_0.05+cautious_z0,both,G5,r3_reachable,0.9061,0.9003,0.9120
floor_0.05+cautious_z0,both,G5,r8_rank_6_20,3.6733,3.4500,3.9050
floor_0.05+cautious_z0,both,G5,r8_topic_rank_6_20,17.8700,17.3767,18.3300
floor_0.05+cautious_z0,both,G5,r8_rank_150_200,1.6627,1.5436,1.7897
floor_0.05+cautious_z0,both,G5,r8_topic_rank_150_200,8.0725,7.8770,8.2740
floor_0.05+cautious_z0,both,G5,r2_ece,0.0099,0.0084,0.0115
floor_0.05+cautious_z0,both,G5,r4b_3,0.2078,0.2000,0.2156
floor_0.05+cautious_z0,both,G5,r4b_5,0.2588,0.2494,0.2683
floor_0.05+cautious_z0,both,G5,r4b_10,0.2937,0.2842,0.3035
floor_0.05+cautious_z0,both,G5,r4b_20,0.3332,0.3215,0.3454
floor_0.05+cautious_z0,both,G5,r4b_50,0.3917,0.3740,0.4102
floor_0.05+cautious_z0,both,G5,r8_move_p95_6_20,73.0000,73.0000,73.0000
floor_0.05+cautious_z0,both,G5,r8_move_p95_150_200,40.0000,40.0000,40.0000
floor_0.05+cautious_z0,both,G6,r1_rms_5,1.0556,1.0352,1.0762
floor_0.05+cautious_z0,both,G6,r1_mean_5,-0.0395,-0.0767,-0.0047
floor_0.05+cautious_z0,both,G6,r1_rms_10,0.9996,0.9804,1.0186
floor_0.05+cautious_z0,both,G6,r1_mean_10,-0.0798,-0.1149,-0.0479
floor_0.05+cautious_z0,both,G6,r1_rms_20,0.9240,0.9070,0.9420
floor_0.05+cautious_z0,both,G6,r1_mean_20,-0.1081,-0.1365,-0.0784
floor_0.05+cautious_z0,both,G6,r1_rms_50,0.8129,0.7988,0.8269
floor_0.05+cautious_z0,both,G6,r1_mean_50,-0.1523,-0.1786,-0.1286
floor_0.05+cautious_z0,both,G6,r1_rms_100,0.7611,0.7484,0.7739
floor_0.05+cautious_z0,both,G6,r1_mean_100,-0.1964,-0.2180,-0.1756
floor_0.05+cautious_z0,both,G6,r1_rms_200,0.7558,0.7440,0.7677
floor_0.05+cautious_z0,both,G6,r1_mean_200,-0.2359,-0.2561,-0.2160
floor_0.05+cautious_z0,both,G6,r2_brier,0.1780,0.1770,0.1789
floor_0.05+cautious_z0,both,G6,r2_bias,0.0113,0.0097,0.0128
floor_0.05+cautious_z0,both,G6,r3_inside,0.4248,0.4178,0.4318
floor_0.05+cautious_z0,both,G6,r3_below_0.5,0.0576,0.0553,0.0598
floor_0.05+cautious_z0,both,G6,r3_above_0.95,0.0952,0.0917,0.0986
floor_0.05+cautious_z0,both,G6,r4_false,0.1994,0.1903,0.2090
floor_0.05+cautious_z0,both,G6,r4_false_0.70,0.0770,0.0715,0.0828
floor_0.05+cautious_z0,both,G6,r4_below,0.3117,0.3041,0.3192
floor_0.05+cautious_z0,both,G6,r4_false_at_task,0.2333,0.2232,0.2437
floor_0.05+cautious_z0,both,G6,r4_declared,9.1943,8.9980,9.4120
floor_0.05+cautious_z0,both,G6,r5_late_answers,4.0459,3.9863,4.1081
floor_0.05+cautious_z0,both,G6,r5_never,0.0647,0.0602,0.0694
floor_0.05+cautious_z0,both,G6,r6_lag,-0.2273,-0.2482,-0.2072
floor_0.05+cautious_z0,both,G6,r7_error_5,0.9105,0.8869,0.9344
floor_0.05+cautious_z0,both,G6,r7_error_10,0.8451,0.8252,0.8682
floor_0.05+cautious_z0,both,G6,r7_longest_wrong,1.8082,1.7810,1.8362
floor_0.05+cautious_z0,both,G6,r7_hard_first,0.1356,0.1296,0.1413
floor_0.05+cautious_z0,both,G6,r4b_chance_below_0.5,0.1073,0.1019,0.1128
floor_0.05+cautious_z0,both,G6,r4b_chance_0.5_to_0.6,0.1135,0.1093,0.1177
floor_0.05+cautious_z0,both,G6,r4b_chance_0.6_to_0.7,0.2298,0.2240,0.2355
floor_0.05+cautious_z0,both,G6,r4b_chance_0.7_to_0.8,0.3096,0.3026,0.3165
floor_0.05+cautious_z0,both,G6,r4b_chance_0.8_up,0.2398,0.2325,0.2468
floor_0.05+cautious_z0,both,G6,r3_reachable,0.7667,0.7592,0.7745
floor_0.05+cautious_z0,both,G6,r8_rank_6_20,3.8117,3.5850,4.0517
floor_0.05+cautious_z0,both,G6,r8_topic_rank_6_20,18.1450,17.6567,18.6150
floor_0.05+cautious_z0,both,G6,r8_rank_150_200,1.6799,1.5529,1.8069
floor_0.05+cautious_z0,both,G6,r8_topic_rank_150_200,8.0833,7.8799,8.2926
floor_0.05+cautious_z0,both,G6,r2_ece,0.0134,0.0119,0.0151
floor_0.05+cautious_z0,both,G6,r4b_3,0.2198,0.2116,0.2280
floor_0.05+cautious_z0,both,G6,r4b_5,0.2808,0.2708,0.2907
floor_0.05+cautious_z0,both,G6,r4b_10,0.3110,0.3005,0.3213
floor_0.05+cautious_z0,both,G6,r4b_20,0.3441,0.3323,0.3557
floor_0.05+cautious_z0,both,G6,r4b_50,0.3800,0.3634,0.3974
floor_0.05+cautious_z0,both,G6,r8_move_p95_6_20,73.0000,73.0000,73.0000
floor_0.05+cautious_z0,both,G6,r8_move_p95_150_200,40.0000,40.0000,40.0000
floor_0.05+cautious_z0,both,G7,r1_rms_5,1.0234,1.0042,1.0418
floor_0.05+cautious_z0,both,G7,r1_mean_5,-0.0986,-0.1330,-0.0645
floor_0.05+cautious_z0,both,G7,r1_rms_10,0.9601,0.9443,0.9762
floor_0.05+cautious_z0,both,G7,r1_mean_10,-0.1270,-0.1563,-0.0956
floor_0.05+cautious_z0,both,G7,r1_rms_20,0.8696,0.8562,0.8825
floor_0.05+cautious_z0,both,G7,r1_mean_20,-0.1449,-0.1721,-0.1187
floor_0.05+cautious_z0,both,G7,r1_rms_50,0.7295,0.7202,0.7392
floor_0.05+cautious_z0,both,G7,r1_mean_50,-0.1600,-0.1789,-0.1411
floor_0.05+cautious_z0,both,G7,r1_rms_100,0.6355,0.6283,0.6424
floor_0.05+cautious_z0,both,G7,r1_mean_100,-0.1635,-0.1780,-0.1495
floor_0.05+cautious_z0,both,G7,r1_rms_200,0.5697,0.5644,0.5748
floor_0.05+cautious_z0,both,G7,r1_mean_200,-0.1452,-0.1572,-0.1326
floor_0.05+cautious_z0,both,G7,r2_brier,0.1729,0.1721,0.1738
floor_0.05+cautious_z0,both,G7,r2_bias,0.0024,0.0010,0.0039
floor_0.05+cautious_z0,both,G7,r3_inside,0.4283,0.4254,0.4309
floor_0.05+cautious_z0,both,G7,r3_below_0.5,0.0379,0.0360,0.0399
floor_0.05+cautious_z0,both,G7,r3_above_0.95,0.0303,0.0287,0.0318
floor_0.05+cautious_z0,both,G7,r4_false,0.1577,0.1507,0.1647
floor_0.05+cautious_z0,both,G7,r4_false_0.70,0.0591,0.0552,0.0631
floor_0.05+cautious_z0,both,G7,r4_below,0.3079,0.3002,0.3156
floor_0.05+cautious_z0,both,G7,r4_false_at_task,0.1995,0.1913,0.2082
floor_0.05+cautious_z0,both,G7,r4_declared,9.4682,9.2658,9.6665
floor_0.05+cautious_z0,both,G7,r5_late_answers,4.2295,4.1595,4.3015
floor_0.05+cautious_z0,both,G7,r5_never,0.0673,0.0629,0.0720
floor_0.05+cautious_z0,both,G7,r6_lag,-0.1715,-0.1837,-0.1595
floor_0.05+cautious_z0,both,G7,r7_error_5,0.8846,0.8639,0.9055
floor_0.05+cautious_z0,both,G7,r7_error_10,0.8114,0.7909,0.8306
floor_0.05+cautious_z0,both,G7,r7_longest_wrong,1.7857,1.7570,1.8150
floor_0.05+cautious_z0,both,G7,r7_hard_first,0.1360,0.1304,0.1416
floor_0.05+cautious_z0,both,G7,r4b_chance_below_0.5,0.0852,0.0804,0.0902
floor_0.05+cautious_z0,both,G7,r4b_chance_0.5_to_0.6,0.1166,0.1135,0.1195
floor_0.05+cautious_z0,both,G7,r4b_chance_0.6_to_0.7,0.2084,0.2053,0.2112
floor_0.05+cautious_z0,both,G7,r4b_chance_0.7_to_0.8,0.2886,0.2851,0.2918
floor_0.05+cautious_z0,both,G7,r4b_chance_0.8_up,0.3013,0.2951,0.3078
floor_0.05+cautious_z0,both,G7,r3_reachable,0.9294,0.9250,0.9339
floor_0.05+cautious_z0,both,G7,r8_rank_6_20,3.5167,3.2933,3.7583
floor_0.05+cautious_z0,both,G7,r8_topic_rank_6_20,17.1717,16.7017,17.6283
floor_0.05+cautious_z0,both,G7,r8_rank_150_200,1.6971,1.5721,1.8250
floor_0.05+cautious_z0,both,G7,r8_topic_rank_150_200,8.1578,7.9505,8.3681
floor_0.05+cautious_z0,both,G7,r2_ece,0.0044,0.0030,0.0058
floor_0.05+cautious_z0,both,G7,r4b_3,0.2057,0.1978,0.2137
floor_0.05+cautious_z0,both,G7,r4b_5,0.2590,0.2498,0.2683
floor_0.05+cautious_z0,both,G7,r4b_10,0.2987,0.2884,0.3091
floor_0.05+cautious_z0,both,G7,r4b_20,0.3383,0.3261,0.3502
floor_0.05+cautious_z0,both,G7,r4b_50,0.3897,0.3718,0.4085
floor_0.05+cautious_z0,both,G7,r8_move_p95_6_20,73.0000,73.0000,73.0000
floor_0.05+cautious_z0,both,G7,r8_move_p95_150_200,40.0000,40.0000,40.0000
floor_0.05+cautious_z0,both,G8,r1_rms_5,1.0021,0.9844,1.0208
floor_0.05+cautious_z0,both,G8,r1_mean_5,0.0023,-0.0301,0.0360
floor_0.05+cautious_z0,both,G8,r1_rms_10,0.9357,0.9194,0.9519
floor_0.05+cautious_z0,both,G8,r1_mean_10,-0.0281,-0.0568,0.0007
floor_0.05+cautious_z0,both,G8,r1_rms_20,0.8400,0.8282,0.8537
floor_0.05+cautious_z0,both,G8,r1_mean_20,-0.0552,-0.0801,-0.0298
floor_0.05+cautious_z0,both,G8,r1_rms_50,0.6811,0.6728,0.6897
floor_0.05+cautious_z0,both,G8,r1_mean_50,-0.0912,-0.1088,-0.0745
floor_0.05+cautious_z0,both,G8,r1_rms_100,0.5723,0.5668,0.5783
floor_0.05+cautious_z0,both,G8,r1_mean_100,-0.1068,-0.1186,-0.0950
floor_0.05+cautious_z0,both,G8,r1_rms_200,0.4925,0.4883,0.4966
floor_0.05+cautious_z0,both,G8,r1_mean_200,-0.0868,-0.0950,-0.0789
floor_0.05+cautious_z0,both,G8,r2_brier,0.1740,0.1731,0.1749
floor_0.05+cautious_z0,both,G8,r2_bias,0.0042,0.0027,0.0057
floor_0.05+cautious_z0,both,G8,r3_inside,0.4305,0.4278,0.4331
floor_0.05+cautious_z0,both,G8,r3_below_0.5,0.0376,0.0358,0.0394
floor_0.05+cautious_z0,both,G8,r3_above_0.95,0.0295,0.0280,0.0312
floor_0.05+cautious_z0,both,G8,r4_false,0.1507,0.1440,0.1573
floor_0.05+cautious_z0,both,G8,r4_false_0.70,0.0558,0.0520,0.0596
floor_0.05+cautious_z0,both,G8,r4_below,0.3139,0.3064,0.3214
floor_0.05+cautious_z0,both,G8,r4_false_at_task,0.1905,0.1821,0.1987
floor_0.05+cautious_z0,both,G8,r4_declared,9.3460,9.1468,9.5367
floor_0.05+cautious_z0,both,G8,r5_late_answers,4.5055,4.4338,4.5785
floor_0.05+cautious_z0,both,G8,r5_never,0.0645,0.0603,0.0684
floor_0.05+cautious_z0,both,G8,r6_lag,-0.1055,-0.1139,-0.0971
floor_0.05+cautious_z0,both,G8,r7_error_5,0.8521,0.8321,0.8716
floor_0.05+cautious_z0,both,G8,r7_error_10,0.7790,0.7609,0.7978
floor_0.05+cautious_z0,both,G8,r7_longest_wrong,1.7845,1.7563,1.8130
floor_0.05+cautious_z0,both,G8,r7_hard_first,0.1413,0.1355,0.1475
floor_0.05+cautious_z0,both,G8,r4b_chance_below_0.5,0.0834,0.0791,0.0880
floor_0.05+cautious_z0,both,G8,r4b_chance_0.5_to_0.6,0.1209,0.1178,0.1241
floor_0.05+cautious_z0,both,G8,r4b_chance_0.6_to_0.7,0.2127,0.2096,0.2158
floor_0.05+cautious_z0,both,G8,r4b_chance_0.7_to_0.8,0.2895,0.2861,0.2928
floor_0.05+cautious_z0,both,G8,r4b_chance_0.8_up,0.2936,0.2869,0.3002
floor_0.05+cautious_z0,both,G8,r3_reachable,0.9348,0.9306,0.9390
floor_0.05+cautious_z0,both,G8,r8_rank_6_20,3.6550,3.4300,3.9050
floor_0.05+cautious_z0,both,G8,r8_topic_rank_6_20,17.8933,17.4467,18.3550
floor_0.05+cautious_z0,both,G8,r8_rank_150_200,1.7216,1.5863,1.8583
floor_0.05+cautious_z0,both,G8,r8_topic_rank_150_200,8.3025,8.1044,8.5167
floor_0.05+cautious_z0,both,G8,r2_ece,0.0064,0.0050,0.0079
floor_0.05+cautious_z0,both,G8,r4b_3,0.1881,0.1811,0.1954
floor_0.05+cautious_z0,both,G8,r4b_5,0.2463,0.2375,0.2551
floor_0.05+cautious_z0,both,G8,r4b_10,0.2859,0.2764,0.2958
floor_0.05+cautious_z0,both,G8,r4b_20,0.3264,0.3148,0.3376
floor_0.05+cautious_z0,both,G8,r4b_50,0.3806,0.3628,0.3993
floor_0.05+cautious_z0,both,G8,r8_move_p95_6_20,73.0000,73.0000,73.0000
floor_0.05+cautious_z0,both,G8,r8_move_p95_150_200,40.0000,40.0000,40.0000
floor_0.05+cautious_z0,both,G0-exact,r1_rms_5,0.9834,0.9670,1.0011
floor_0.05+cautious_z0,both,G0-exact,r1_mean_5,-0.0207,-0.0523,0.0130
floor_0.05+cautious_z0,both,G0-exact,r1_rms_10,0.9159,0.9004,0.9321
floor_0.05+cautious_z0,both,G0-exact,r1_mean_10,-0.0408,-0.0686,-0.0110
floor_0.05+cautious_z0,both,G0-exact,r1_rms_20,0.8191,0.8070,0.8325
floor_0.05+cautious_z0,both,G0-exact,r1_mean_20,-0.0532,-0.0777,-0.0298
floor_0.05+cautious_z0,both,G0-exact,r1_rms_50,0.6593,0.6518,0.6674
floor_0.05+cautious_z0,both,G0-exact,r1_mean_50,-0.0641,-0.0800,-0.0469
floor_0.05+cautious_z0,both,G0-exact,r1_rms_100,0.5494,0.5442,0.5549
floor_0.05+cautious_z0,both,G0-exact,r1_mean_100,-0.0665,-0.0772,-0.0554
floor_0.05+cautious_z0,both,G0-exact,r1_rms_200,0.4818,0.4779,0.4861
floor_0.05+cautious_z0,both,G0-exact,r1_mean_200,-0.0479,-0.0558,-0.0401
floor_0.05+cautious_z0,both,G0-exact,r2_brier,0.1722,0.1713,0.1731
floor_0.05+cautious_z0,both,G0-exact,r2_bias,0.0017,0.0003,0.0032
floor_0.05+cautious_z0,both,G0-exact,r3_inside,0.5453,0.5400,0.5505
floor_0.05+cautious_z0,both,G0-exact,r3_below_0.5,0.0213,0.0194,0.0233
floor_0.05+cautious_z0,both,G0-exact,r3_above_0.95,0.0115,0.0104,0.0126
floor_0.05+cautious_z0,both,G0-exact,r4_false,0.1605,0.1538,0.1674
floor_0.05+cautious_z0,both,G0-exact,r4_false_0.70,0.0610,0.0572,0.0649
floor_0.05+cautious_z0,both,G0-exact,r4_below,0.3021,0.2949,0.3103
floor_0.05+cautious_z0,both,G0-exact,r4_false_at_task,0.2044,0.1957,0.2128
floor_0.05+cautious_z0,both,G0-exact,r4_declared,9.3562,9.1540,9.5597
floor_0.05+cautious_z0,both,G0-exact,r5_late_answers,4.0815,4.0183,4.1409
floor_0.05+cautious_z0,both,G0-exact,r5_never,0.0570,0.0531,0.0611
floor_0.05+cautious_z0,both,G0-exact,r6_lag,-0.0662,-0.0737,-0.0582
floor_0.05+cautious_z0,both,G0-exact,r7_error_5,0.8323,0.8127,0.8528
floor_0.05+cautious_z0,both,G0-exact,r7_error_10,0.7580,0.7410,0.7766
floor_0.05+cautious_z0,both,G0-exact,r7_longest_wrong,1.7565,1.7292,1.7845
floor_0.05+cautious_z0,both,G0-exact,r7_hard_first,0.1173,0.1117,0.1232
floor_0.05+cautious_z0,both,G0-exact,r4b_chance_below_0.5,0.0564,0.0504,0.0629
floor_0.05+cautious_z0,both,G0-exact,r4b_chance_0.5_to_0.6,0.0953,0.0904,0.1003
floor_0.05+cautious_z0,both,G0-exact,r4b_chance_0.6_to_0.7,0.2388,0.2315,0.2461
floor_0.05+cautious_z0,both,G0-exact,r4b_chance_0.7_to_0.8,0.3950,0.3859,0.4043
floor_0.05+cautious_z0,both,G0-exact,r4b_chance_0.8_up,0.2144,0.2068,0.2226
floor_0.05+cautious_z0,both,G0-exact,r3_reachable,0.9343,0.9301,0.9386
floor_0.05+cautious_z0,both,G0-exact,r8_rank_6_20,3.5717,3.3567,3.7917
floor_0.05+cautious_z0,both,G0-exact,r8_topic_rank_6_20,17.5683,17.1050,18.0450
floor_0.05+cautious_z0,both,G0-exact,r8_rank_150_200,1.7328,1.6064,1.8632
floor_0.05+cautious_z0,both,G0-exact,r8_topic_rank_150_200,8.2794,8.0745,8.4843
floor_0.05+cautious_z0,both,G0-exact,r2_ece,0.0037,0.0022,0.0050
floor_0.05+cautious_z0,both,G0-exact,r4b_3,0.2036,0.1957,0.2116
floor_0.05+cautious_z0,both,G0-exact,r4b_5,0.2527,0.2437,0.2620
floor_0.05+cautious_z0,both,G0-exact,r4b_10,0.2933,0.2838,0.3031
floor_0.05+cautious_z0,both,G0-exact,r4b_20,0.3343,0.3229,0.3464
floor_0.05+cautious_z0,both,G0-exact,r4b_50,0.4053,0.3841,0.4254
floor_0.05+cautious_z0,both,G0-exact,r8_move_p95_6_20,73.0000,73.0000,73.0000
floor_0.05+cautious_z0,both,G0-exact,r8_move_p95_150_200,40.0000,40.0000,40.0000
floor_0.05+cautious_z0,both,G0-miss0.25,r1_rms_5,1.0060,0.9868,1.0253
floor_0.05+cautious_z0,both,G0-miss0.25,r1_mean_5,0.0252,-0.0082,0.0573
floor_0.05+cautious_z0,both,G0-miss0.25,r1_rms_10,0.9353,0.9198,0.9509
floor_0.05+cautious_z0,both,G0-miss0.25,r1_mean_10,-0.0053,-0.0337,0.0239
floor_0.05+cautious_z0,both,G0-miss0.25,r1_rms_20,0.8353,0.8218,0.8483
floor_0.05+cautious_z0,both,G0-miss0.25,r1_mean_20,-0.0297,-0.0553,-0.0045
floor_0.05+cautious_z0,both,G0-miss0.25,r1_rms_50,0.6686,0.6602,0.6770
floor_0.05+cautious_z0,both,G0-miss0.25,r1_mean_50,-0.0616,-0.0793,-0.0452
floor_0.05+cautious_z0,both,G0-miss0.25,r1_rms_100,0.5571,0.5514,0.5626
floor_0.05+cautious_z0,both,G0-miss0.25,r1_mean_100,-0.0667,-0.0783,-0.0552
floor_0.05+cautious_z0,both,G0-miss0.25,r1_rms_200,0.4846,0.4808,0.4884
floor_0.05+cautious_z0,both,G0-miss0.25,r1_mean_200,-0.0481,-0.0565,-0.0394
floor_0.05+cautious_z0,both,G0-miss0.25,r2_brier,0.1729,0.1720,0.1738
floor_0.05+cautious_z0,both,G0-miss0.25,r2_bias,0.0034,0.0019,0.0048
floor_0.05+cautious_z0,both,G0-miss0.25,r3_inside,0.5044,0.5000,0.5086
floor_0.05+cautious_z0,both,G0-miss0.25,r3_below_0.5,0.0261,0.0242,0.0280
floor_0.05+cautious_z0,both,G0-miss0.25,r3_above_0.95,0.0164,0.0150,0.0177
floor_0.05+cautious_z0,both,G0-miss0.25,r4_false,0.1679,0.1612,0.1746
floor_0.05+cautious_z0,both,G0-miss0.25,r4_false_0.70,0.0615,0.0576,0.0654
floor_0.05+cautious_z0,both,G0-miss0.25,r4_below,0.3034,0.2960,0.3109
floor_0.05+cautious_z0,both,G0-miss0.25,r4_false_at_task,0.2096,0.2010,0.2181
floor_0.05+cautious_z0,both,G0-miss0.25,r4_declared,9.5717,9.3675,9.7692
floor_0.05+cautious_z0,both,G0-miss0.25,r5_late_answers,4.1902,4.1223,4.2609
floor_0.05+cautious_z0,both,G0-miss0.25,r5_never,0.0599,0.0557,0.0641
floor_0.05+cautious_z0,both,G0-miss0.25,r6_lag,-0.0777,-0.0855,-0.0694
floor_0.05+cautious_z0,both,G0-miss0.25,r7_error_5,0.8649,0.8448,0.8859
floor_0.05+cautious_z0,both,G0-miss0.25,r7_error_10,0.7855,0.7667,0.8047
floor_0.05+cautious_z0,both,G0-miss0.25,r7_longest_wrong,1.7882,1.7603,1.8160
floor_0.05+cautious_z0,both,G0-miss0.25,r7_hard_first,0.1304,0.1249,0.1365
floor_0.05+cautious_z0,both,G0-miss0.25,r4b_chance_below_0.5,0.0658,0.0608,0.0714
floor_0.05+cautious_z0,both,G0-miss0.25,r4b_chance_0.5_to_0.6,0.1063,0.1024,0.1100
floor_0.05+cautious_z0,both,G0-miss0.25,r4b_chance_0.6_to_0.7,0.2411,0.2364,0.2457
floor_0.05+cautious_z0,both,G0-miss0.25,r4b_chance_0.7_to_0.8,0.3520,0.3463,0.3581
floor_0.05+cautious_z0,both,G0-miss0.25,r4b_chance_0.8_up,0.2349,0.2281,0.2418
floor_0.05+cautious_z0,both,G0-miss0.25,r3_reachable,0.9348,0.9305,0.9389
floor_0.05+cautious_z0,both,G0-miss0.25,r8_rank_6_20,3.6800,3.4533,3.9067
floor_0.05+cautious_z0,both,G0-miss0.25,r8_topic_rank_6_20,18.0300,17.5733,18.4900
floor_0.05+cautious_z0,both,G0-miss0.25,r8_rank_150_200,1.7730,1.6441,1.9088
floor_0.05+cautious_z0,both,G0-miss0.25,r8_topic_rank_150_200,8.2103,8.0020,8.4181
floor_0.05+cautious_z0,both,G0-miss0.25,r2_ece,0.0051,0.0037,0.0065
floor_0.05+cautious_z0,both,G0-miss0.25,r4b_3,0.2103,0.2025,0.2182
floor_0.05+cautious_z0,both,G0-miss0.25,r4b_5,0.2673,0.2584,0.2764
floor_0.05+cautious_z0,both,G0-miss0.25,r4b_10,0.3103,0.3006,0.3203
floor_0.05+cautious_z0,both,G0-miss0.25,r4b_20,0.3507,0.3390,0.3626
floor_0.05+cautious_z0,both,G0-miss0.25,r4b_50,0.4008,0.3826,0.4182
floor_0.05+cautious_z0,both,G0-miss0.25,r8_move_p95_6_20,73.0000,73.0000,73.0000
floor_0.05+cautious_z0,both,G0-miss0.25,r8_move_p95_150_200,40.0000,40.0000,40.0000
floor_0.05+cautious_z0,both,G0-miss1,r1_rms_5,1.0386,1.0203,1.0580
floor_0.05+cautious_z0,both,G0-miss1,r1_mean_5,-0.0762,-0.1103,-0.0416
floor_0.05+cautious_z0,both,G0-miss1,r1_rms_10,0.9716,0.9553,0.9877
floor_0.05+cautious_z0,both,G0-miss1,r1_mean_10,-0.1096,-0.1415,-0.0787
floor_0.05+cautious_z0,both,G0-miss1,r1_rms_20,0.8756,0.8624,0.8901
floor_0.05+cautious_z0,both,G0-miss1,r1_mean_20,-0.1357,-0.1616,-0.1113
floor_0.05+cautious_z0,both,G0-miss1,r1_rms_50,0.7267,0.7170,0.7365
floor_0.05+cautious_z0,both,G0-miss1,r1_mean_50,-0.1751,-0.1941,-0.1563
floor_0.05+cautious_z0,both,G0-miss1,r1_rms_100,0.6216,0.6148,0.6284
floor_0.05+cautious_z0,both,G0-miss1,r1_mean_100,-0.2019,-0.2152,-0.1890
floor_0.05+cautious_z0,both,G0-miss1,r1_rms_200,0.5471,0.5421,0.5520
floor_0.05+cautious_z0,both,G0-miss1,r1_mean_200,-0.1993,-0.2083,-0.1902
floor_0.05+cautious_z0,both,G0-miss1,r2_brier,0.1756,0.1748,0.1765
floor_0.05+cautious_z0,both,G0-miss1,r2_bias,0.0066,0.0050,0.0081
floor_0.05+cautious_z0,both,G0-miss1,r3_inside,0.2983,0.2969,0.2998
floor_0.05+cautious_z0,both,G0-miss1,r3_below_0.5,0.0884,0.0863,0.0907
floor_0.05+cautious_z0,both,G0-miss1,r3_above_0.95,0.1071,0.1049,0.1094
floor_0.05+cautious_z0,both,G0-miss1,r4_false,0.1369,0.1304,0.1434
floor_0.05+cautious_z0,both,G0-miss1,r4_false_0.70,0.0524,0.0485,0.0563
floor_0.05+cautious_z0,both,G0-miss1,r4_below,0.3081,0.3008,0.3157
floor_0.05+cautious_z0,both,G0-miss1,r4_false_at_task,0.1708,0.1629,0.1793
floor_0.05+cautious_z0,both,G0-miss1,r4_declared,9.4648,9.2570,9.6635
floor_0.05+cautious_z0,both,G0-miss1,r5_late_answers,4.3069,4.2359,4.3890
floor_0.05+cautious_z0,both,G0-miss1,r5_never,0.0890,0.0840,0.0944
floor_0.05+cautious_z0,both,G0-miss1,r6_lag,-0.2274,-0.2368,-0.2184
floor_0.05+cautious_z0,both,G0-miss1,r7_error_5,0.8984,0.8770,0.9203
floor_0.05+cautious_z0,both,G0-miss1,r7_error_10,0.8245,0.8043,0.8448
floor_0.05+cautious_z0,both,G0-miss1,r7_longest_wrong,1.7965,1.7683,1.8248
floor_0.05+cautious_z0,both,G0-miss1,r7_hard_first,0.1768,0.1712,0.1825
floor_0.05+cautious_z0,both,G0-miss1,r4b_chance_below_0.5,0.1505,0.1460,0.1553
floor_0.05+cautious_z0,both,G0-miss1,r4b_chance_0.5_to_0.6,0.1153,0.1135,0.1171
floor_0.05+cautious_z0,both,G0-miss1,r4b_chance_0.6_to_0.7,0.1520,0.1503,0.1538
floor_0.05+cautious_z0,both,G0-miss1,r4b_chance_0.7_to_0.8,0.1919,0.1900,0.1939
floor_0.05+cautious_z0,both,G0-miss1,r4b_chance_0.8_up,0.3904,0.3849,0.3961
floor_0.05+cautious_z0,both,G0-miss1,r3_reachable,0.9391,0.9348,0.9429
floor_0.05+cautious_z0,both,G0-miss1,r8_rank_6_20,3.5350,3.3183,3.7633
floor_0.05+cautious_z0,both,G0-miss1,r8_topic_rank_6_20,17.6767,17.2017,18.1200
floor_0.05+cautious_z0,both,G0-miss1,r8_rank_150_200,1.6755,1.5529,1.8132
floor_0.05+cautious_z0,both,G0-miss1,r8_topic_rank_150_200,8.2382,8.0387,8.4348
floor_0.05+cautious_z0,both,G0-miss1,r2_ece,0.0086,0.0070,0.0100
floor_0.05+cautious_z0,both,G0-miss1,r4b_3,0.1970,0.1894,0.2047
floor_0.05+cautious_z0,both,G0-miss1,r4b_5,0.2464,0.2372,0.2555
floor_0.05+cautious_z0,both,G0-miss1,r4b_10,0.2793,0.2696,0.2891
floor_0.05+cautious_z0,both,G0-miss1,r4b_20,0.3111,0.3002,0.3227
floor_0.05+cautious_z0,both,G0-miss1,r4b_50,0.3650,0.3452,0.3850
floor_0.05+cautious_z0,both,G0-miss1,r8_move_p95_6_20,73.0000,73.0000,74.0000
floor_0.05+cautious_z0,both,G0-miss1,r8_move_p95_150_200,40.0000,40.0000,40.0000
floor_0.05+cautious_z0,both,G2-half,r1_rms_5,1.0053,0.9872,1.0238
floor_0.05+cautious_z0,both,G2-half,r1_mean_5,-0.0555,-0.0881,-0.0214
floor_0.05+cautious_z0,both,G2-half,r1_rms_10,0.9421,0.9270,0.9588
floor_0.05+cautious_z0,both,G2-half,r1_mean_10,-0.1038,-0.1331,-0.0736
floor_0.05+cautious_z0,both,G2-half,r1_rms_20,0.8472,0.8344,0.8610
floor_0.05+cautious_z0,both,G2-half,r1_mean_20,-0.1665,-0.1921,-0.1414
floor_0.05+cautious_z0,both,G2-half,r1_rms_50,0.7261,0.7164,0.7359
floor_0.05+cautious_z0,both,G2-half,r1_mean_50,-0.3036,-0.3213,-0.2865
floor_0.05+cautious_z0,both,G2-half,r1_rms_100,0.7005,0.6921,0.7085
floor_0.05+cautious_z0,both,G2-half,r1_mean_100,-0.4450,-0.4570,-0.4325
floor_0.05+cautious_z0,both,G2-half,r1_rms_200,0.7318,0.7253,0.7385
floor_0.05+cautious_z0,both,G2-half,r1_mean_200,-0.5688,-0.5771,-0.5600
floor_0.05+cautious_z0,both,G2-half,r2_brier,0.1512,0.1505,0.1520
floor_0.05+cautious_z0,both,G2-half,r2_bias,-0.0380,-0.0394,-0.0365
floor_0.05+cautious_z0,both,G2-half,r3_inside,0.3727,0.3697,0.3756
floor_0.05+cautious_z0,both,G2-half,r3_below_0.5,0.0226,0.0215,0.0237
floor_0.05+cautious_z0,both,G2-half,r3_above_0.95,0.0633,0.0608,0.0656
floor_0.05+cautious_z0,both,G2-half,r4_false,0.0994,0.0949,0.1040
floor_0.05+cautious_z0,both,G2-half,r4_false_0.70,0.0290,0.0267,0.0311
floor_0.05+cautious_z0,both,G2-half,r4_below,0.2588,0.2519,0.2657
floor_0.05+cautious_z0,both,G2-half,r4_false_at_task,0.1203,0.1146,0.1262
floor_0.05+cautious_z0,both,G2-half,r4_declared,10.8057,10.6070,11.0333
floor_0.05+cautious_z0,both,G2-half,r5_late_answers,4.8041,4.7295,4.8795
floor_0.05+cautious_z0,both,G2-half,r5_never,0.1747,0.1684,0.1813
floor_0.05+cautious_z0,both,G2-half,r6_lag,-0.5471,-0.5558,-0.5381
floor_0.05+cautious_z0,both,G2-half,r7_error_5,0.8538,0.8343,0.8738
floor_0.05+cautious_z0,both,G2-half,r7_error_10,0.7820,0.7639,0.8002
floor_0.05+cautious_z0,both,G2-half,r7_longest_wrong,1.7232,1.6972,1.7495
floor_0.05+cautious_z0,both,G2-half,r7_hard_first,0.1315,0.1260,0.1368
floor_0.05+cautious_z0,both,G2-half,r4b_chance_below_0.5,0.0608,0.0576,0.0642
floor_0.05+cautious_z0,both,G2-half,r4b_chance_0.5_to_0.6,0.0835,0.0809,0.0861
floor_0.05+cautious_z0,both,G2-half,r4b_chance_0.6_to_0.7,0.1611,0.1582,0.1641
floor_0.05+cautious_z0,both,G2-half,r4b_chance_0.7_to_0.8,0.2690,0.2660,0.2719
floor_0.05+cautious_z0,both,G2-half,r4b_chance_0.8_up,0.4256,0.4184,0.4332
floor_0.05+cautious_z0,both,G2-half,r3_reachable,0.9572,0.9553,0.9591
floor_0.05+cautious_z0,both,G2-half,r8_rank_6_20,3.6333,3.4050,3.8800
floor_0.05+cautious_z0,both,G2-half,r8_topic_rank_6_20,17.4667,16.9650,17.9617
floor_0.05+cautious_z0,both,G2-half,r8_rank_150_200,1.6010,1.4912,1.7176
floor_0.05+cautious_z0,both,G2-half,r8_topic_rank_150_200,8.8706,8.6642,9.1005
floor_0.05+cautious_z0,both,G2-half,r2_ece,0.0380,0.0365,0.0394
floor_0.05+cautious_z0,both,G2-half,r4b_3,0.1774,0.1707,0.1841
floor_0.05+cautious_z0,both,G2-half,r4b_5,0.2258,0.2175,0.2340
floor_0.05+cautious_z0,both,G2-half,r4b_10,0.2734,0.2638,0.2832
floor_0.05+cautious_z0,both,G2-half,r4b_20,0.3287,0.3147,0.3422
floor_0.05+cautious_z0,both,G2-half,r4b_50,0.3667,0.3459,0.3884
floor_0.05+cautious_z0,both,G2-half,r8_move_p95_6_20,73.0000,73.0000,73.0000
floor_0.05+cautious_z0,both,G2-half,r8_move_p95_150_200,41.0000,40.0000,41.0000
floor_0.05+cautious_z0,both,G2-fading,r1_rms_5,1.0156,0.9976,1.0327
floor_0.05+cautious_z0,both,G2-fading,r1_mean_5,-0.0508,-0.0833,-0.0162
floor_0.05+cautious_z0,both,G2-fading,r1_rms_10,0.9503,0.9345,0.9660
floor_0.05+cautious_z0,both,G2-fading,r1_mean_10,-0.1192,-0.1482,-0.0896
floor_0.05+cautious_z0,both,G2-fading,r1_rms_20,0.8648,0.8513,0.8785
floor_0.05+cautious_z0,both,G2-fading,r1_mean_20,-0.2053,-0.2292,-0.1792
floor_0.05+cautious_z0,both,G2-fading,r1_rms_50,0.7485,0.7374,0.7591
floor_0.05+cautious_z0,both,G2-fading,r1_mean_50,-0.3468,-0.3645,-0.3279
floor_0.05+cautious_z0,both,G2-fading,r1_rms_100,0.6892,0.6809,0.6978
floor_0.05+cautious_z0,both,G2-fading,r1_mean_100,-0.4227,-0.4345,-0.4105
floor_0.05+cautious_z0,both,G2-fading,r1_rms_200,0.6033,0.5976,0.6091
floor_0.05+cautious_z0,both,G2-fading,r1_mean_200,-0.3766,-0.3855,-0.3682
floor_0.05+cautious_z0,both,G2-fading,r2_brier,0.1541,0.1533,0.1549
floor_0.05+cautious_z0,both,G2-fading,r2_bias,-0.0319,-0.0333,-0.0305
floor_0.05+cautious_z0,both,G2-fading,r3_inside,0.3873,0.3844,0.3903
floor_0.05+cautious_z0,both,G2-fading,r3_below_0.5,0.0235,0.0222,0.0248
floor_0.05+cautious_z0,both,G2-fading,r3_above_0.95,0.0576,0.0551,0.0600
floor_0.05+cautious_z0,both,G2-fading,r4_false,0.1063,0.1012,0.1116
floor_0.05+cautious_z0,both,G2-fading,r4_false_0.70,0.0330,0.0306,0.0356
floor_0.05+cautious_z0,both,G2-fading,r4_below,0.2672,0.2602,0.2746
floor_0.05+cautious_z0,both,G2-fading,r4_false_at_task,0.1324,0.1260,0.1387
floor_0.05+cautious_z0,both,G2-fading,r4_declared,10.5762,10.3607,10.7885
floor_0.05+cautious_z0,both,G2-fading,r5_late_answers,4.6823,4.6067,4.7618
floor_0.05+cautious_z0,both,G2-fading,r5_never,0.1344,0.1285,0.1401
floor_0.05+cautious_z0,both,G2-fading,r6_lag,-0.4241,-0.4333,-0.4152
floor_0.05+cautious_z0,both,G2-fading,r7_error_5,0.8760,0.8552,0.8965
floor_0.05+cautious_z0,both,G2-fading,r7_error_10,0.8033,0.7843,0.8221
floor_0.05+cautious_z0,both,G2-fading,r7_longest_wrong,1.7683,1.7410,1.7980
floor_0.05+cautious_z0,both,G2-fading,r7_hard_first,0.1358,0.1300,0.1417
floor_0.05+cautious_z0,both,G2-fading,r4b_chance_below_0.5,0.0616,0.0579,0.0653
floor_0.05+cautious_z0,both,G2-fading,r4b_chance_0.5_to_0.6,0.0881,0.0855,0.0907
floor_0.05+cautious_z0,both,G2-fading,r4b_chance_0.6_to_0.7,0.1743,0.1713,0.1774
floor_0.05+cautious_z0,both,G2-fading,r4b_chance_0.7_to_0.8,0.2798,0.2766,0.2828
floor_0.05+cautious_z0,both,G2-fading,r4b_chance_0.8_up,0.3962,0.3887,0.4033
floor_0.05+cautious_z0,both,G2-fading,r3_reachable,0.9551,0.9529,0.9573
floor_0.05+cautious_z0,both,G2-fading,r8_rank_6_20,3.4633,3.2400,3.6933
floor_0.05+cautious_z0,both,G2-fading,r8_topic_rank_6_20,17.1067,16.6350,17.5633
floor_0.05+cautious_z0,both,G2-fading,r8_rank_150_200,1.5529,1.4338,1.6750
floor_0.05+cautious_z0,both,G2-fading,r8_topic_rank_150_200,8.7789,8.5637,8.9980
floor_0.05+cautious_z0,both,G2-fading,r2_ece,0.0319,0.0304,0.0333
floor_0.05+cautious_z0,both,G2-fading,r4b_3,0.1805,0.1736,0.1872
floor_0.05+cautious_z0,both,G2-fading,r4b_5,0.2302,0.2221,0.2384
floor_0.05+cautious_z0,both,G2-fading,r4b_10,0.2806,0.2708,0.2902
floor_0.05+cautious_z0,both,G2-fading,r4b_20,0.3324,0.3191,0.3452
floor_0.05+cautious_z0,both,G2-fading,r4b_50,0.4065,0.3836,0.4301
floor_0.05+cautious_z0,both,G2-fading,r8_move_p95_6_20,73.0000,73.0000,73.0000
floor_0.05+cautious_z0,both,G2-fading,r8_move_p95_150_200,40.0000,40.0000,41.0000
floor_0.05+cautious_z0,both,G3-drop,r1_rms_5,0.9847,0.9672,1.0015
floor_0.05+cautious_z0,both,G3-drop,r1_mean_5,-0.0082,-0.0421,0.0243
floor_0.05+cautious_z0,both,G3-drop,r1_rms_10,0.9228,0.9069,0.9381
floor_0.05+cautious_z0,both,G3-drop,r1_mean_10,-0.0376,-0.0673,-0.0072
floor_0.05+cautious_z0,both,G3-drop,r1_rms_20,0.8265,0.8135,0.8390
floor_0.05+cautious_z0,both,G3-drop,r1_mean_20,-0.0542,-0.0783,-0.0301
floor_0.05+cautious_z0,both,G3-drop,r1_rms_50,0.6755,0.6671,0.6835
floor_0.05+cautious_z0,both,G3-drop,r1_mean_50,-0.0692,-0.0865,-0.0516
floor_0.05+cautious_z0,both,G3-drop,r1_rms_100,0.7043,0.6954,0.7130
floor_0.05+cautious_z0,both,G3-drop,r1_mean_100,0.2889,0.2730,0.3057
floor_0.05+cautious_z0,both,G3-drop,r1_rms_200,0.5904,0.5845,0.5967
floor_0.05+cautious_z0,both,G3-drop,r1_mean_200,0.3195,0.3094,0.3287
floor_0.05+cautious_z0,both,G3-drop,r2_brier,0.1986,0.1978,0.1995
floor_0.05+cautious_z0,both,G3-drop,r2_bias,0.0467,0.0452,0.0483
floor_0.05+cautious_z0,both,G3-drop,r3_inside,0.3927,0.3901,0.3952
floor_0.05+cautious_z0,both,G3-drop,r3_below_0.5,0.0808,0.0780,0.0839
floor_0.05+cautious_z0,both,G3-drop,r3_above_0.95,0.0210,0.0197,0.0222
floor_0.05+cautious_z0,both,G3-drop,r4_false,0.2142,0.2070,0.2214
floor_0.05+cautious_z0,both,G3-drop,r4_false_0.70,0.1016,0.0966,0.1063
floor_0.05+cautious_z0,both,G3-drop,r4_below,0.3092,0.3024,0.3162
floor_0.05+cautious_z0,both,G3-drop,r4_false_at_task,0.2610,0.2523,0.2694
floor_0.05+cautious_z0,both,G3-drop,r4_declared,9.7897,9.5787,9.9953
floor_0.05+cautious_z0,both,G3-drop,r5_late_answers,3.7375,3.6903,3.7854
floor_0.05+cautious_z0,both,G3-drop,r5_never,0.1080,0.1023,0.1143
floor_0.05+cautious_z0,both,G3-drop,r6_lag,0.3312,0.3230,0.3392
floor_0.05+cautious_z0,both,G3-drop,r6_jump_answers,45.3847,44.3032,46.4370
floor_0.05+cautious_z0,both,G3-drop,r6_jump_unsettled,0.2172,0.2050,0.2305
floor_0.05+cautious_z0,both,G3-drop,r7_error_5,0.8476,0.8275,0.8676
floor_0.05+cautious_z0,both,G3-drop,r7_error_10,0.7726,0.7551,0.7912
floor_0.05+cautious_z0,both,G3-drop,r7_longest_wrong,1.7875,1.7588,1.8168
floor_0.05+cautious_z0,both,G3-drop,r7_hard_first,0.1402,0.1342,0.1461
floor_0.05+cautious_z0,both,G3-drop,r4b_chance_below_0.5,0.1637,0.1568,0.1710
floor_0.05+cautious_z0,both,G3-drop,r4b_chance_0.5_to_0.6,0.1718,0.1691,0.1745
floor_0.05+cautious_z0,both,G3-drop,r4b_chance_0.6_to_0.7,0.2299,0.2271,0.2327
floor_0.05+cautious_z0,both,G3-drop,r4b_chance_0.7_to_0.8,0.2380,0.2343,0.2417
floor_0.05+cautious_z0,both,G3-drop,r4b_chance_0.8_up,0.1965,0.1911,0.2017
floor_0.05+cautious_z0,both,G3-drop,r3_reachable,0.8718,0.8660,0.8776
floor_0.05+cautious_z0,both,G3-drop,r8_rank_6_20,3.5233,3.2933,3.7500
floor_0.05+cautious_z0,both,G3-drop,r8_topic_rank_6_20,17.5700,17.0950,18.0700
floor_0.05+cautious_z0,both,G3-drop,r8_rank_150_200,1.9005,1.7765,2.0211
floor_0.05+cautious_z0,both,G3-drop,r8_topic_rank_150_200,8.7358,8.5137,8.9485
floor_0.05+cautious_z0,both,G3-drop,r2_ece,0.0471,0.0456,0.0486
floor_0.05+cautious_z0,both,G3-drop,r4b_3,0.2063,0.1981,0.2144
floor_0.05+cautious_z0,both,G3-drop,r4b_5,0.2514,0.2427,0.2603
floor_0.05+cautious_z0,both,G3-drop,r4b_10,0.2695,0.2600,0.2795
floor_0.05+cautious_z0,both,G3-drop,r4b_20,0.2813,0.2718,0.2914
floor_0.05+cautious_z0,both,G3-drop,r4b_50,0.2939,0.2822,0.3060
floor_0.05+cautious_z0,both,G3-drop,r8_move_p95_6_20,73.0000,73.0000,73.0000
floor_0.05+cautious_z0,both,G3-drop,r8_move_p95_150_200,42.0000,42.0000,43.0000
floor_0.05+cautious_z0,both,G0-start0.5,r1_rms_5,0.9677,0.9502,0.9866
floor_0.05+cautious_z0,both,G0-start0.5,r1_mean_5,-0.0270,-0.0593,0.0055
floor_0.05+cautious_z0,both,G0-start0.5,r1_rms_10,0.9051,0.8899,0.9207
floor_0.05+cautious_z0,both,G0-start0.5,r1_mean_10,-0.0443,-0.0731,-0.0150
floor_0.05+cautious_z0,both,G0-start0.5,r1_rms_20,0.8143,0.8020,0.8270
floor_0.05+cautious_z0,both,G0-start0.5,r1_mean_20,-0.0613,-0.0855,-0.0370
floor_0.05+cautious_z0,both,G0-start0.5,r1_rms_50,0.6652,0.6570,0.6736
floor_0.05+cautious_z0,both,G0-start0.5,r1_mean_50,-0.0852,-0.1021,-0.0685
floor_0.05+cautious_z0,both,G0-start0.5,r1_rms_100,0.5652,0.5595,0.5708
floor_0.05+cautious_z0,both,G0-start0.5,r1_mean_100,-0.0989,-0.1107,-0.0874
floor_0.05+cautious_z0,both,G0-start0.5,r1_rms_200,0.4929,0.4884,0.4971
floor_0.05+cautious_z0,both,G0-start0.5,r1_mean_200,-0.0814,-0.0896,-0.0736
floor_0.05+cautious_z0,both,G0-start0.5,r2_brier,0.1716,0.1708,0.1724
floor_0.05+cautious_z0,both,G0-start0.5,r2_bias,0.0033,0.0019,0.0047
floor_0.05+cautious_z0,both,G0-start0.5,r3_inside,0.4363,0.4339,0.4388
floor_0.05+cautious_z0,both,G0-start0.5,r3_below_0.5,0.0320,0.0306,0.0334
floor_0.05+cautious_z0,both,G0-start0.5,r3_above_0.95,0.0281,0.0268,0.0295
floor_0.05+cautious_z0,both,G0-start0.5,r4_false,0.1395,0.1321,0.1474
floor_0.05+cautious_z0,both,G0-start0.5,r4_false_0.70,0.0677,0.0630,0.0724
floor_0.05+cautious_z0,both,G0-start0.5,r4_below,0.3467,0.3396,0.3539
floor_0.05+cautious_z0,both,G0-start0.5,r4_false_at_task,0.1927,0.1829,0.2026
floor_0.05+cautious_z0,both,G0-start0.5,r4_declared,8.5947,8.4235,8.7760
floor_0.05+cautious_z0,both,G0-start0.5,r5_late_answers,3.8061,3.7479,3.8655
floor_0.05+cautious_z0,both,G0-start0.5,r5_never,0.0663,0.0622,0.0705
floor_0.05+cautious_z0,both,G0-start0.5,r6_lag,-0.1201,-0.1282,-0.1127
floor_0.05+cautious_z0,both,G0-start0.5,r7_error_5,0.8138,0.7936,0.8329
floor_0.05+cautious_z0,both,G0-start0.5,r7_error_10,0.7420,0.7246,0.7608
floor_0.05+cautious_z0,both,G0-start0.5,r7_longest_wrong,1.7232,1.6963,1.7517
floor_0.05+cautious_z0,both,G0-start0.5,r7_hard_first,0.1250,0.1199,0.1304
floor_0.05+cautious_z0,both,G0-start0.5,r4b_chance_below_0.5,0.0673,0.0643,0.0702
floor_0.05+cautious_z0,both,G0-start0.5,r4b_chance_0.5_to_0.6,0.1068,0.1044,0.1093
floor_0.05+cautious_z0,both,G0-start0.5,r4b_chance_0.6_to_0.7,0.2022,0.1994,0.2049
floor_0.05+cautious_z0,both,G0-start0.5,r4b_chance_0.7_to_0.8,0.2922,0.2895,0.2950
floor_0.05+cautious_z0,both,G0-start0.5,r4b_chance_0.8_up,0.3315,0.3254,0.3376
floor_0.05+cautious_z0,both,G0-start0.5,r3_reachable,0.9569,0.9542,0.9595
floor_0.05+cautious_z0,both,G0-start0.5,r8_rank_6_20,3.5433,3.3217,3.7750
floor_0.05+cautious_z0,both,G0-start0.5,r8_topic_rank_6_20,17.2467,16.7767,17.7200
floor_0.05+cautious_z0,both,G0-start0.5,r8_rank_150_200,1.5809,1.4559,1.7103
floor_0.05+cautious_z0,both,G0-start0.5,r8_topic_rank_150_200,8.5985,8.3887,8.7961
floor_0.05+cautious_z0,both,G0-start0.5,r2_ece,0.0044,0.0031,0.0057
floor_0.05+cautious_z0,both,G0-start0.5,r4b_3,0.1803,0.1737,0.1874
floor_0.05+cautious_z0,both,G0-start0.5,r4b_5,0.2285,0.2201,0.2370
floor_0.05+cautious_z0,both,G0-start0.5,r4b_10,0.2661,0.2575,0.2760
floor_0.05+cautious_z0,both,G0-start0.5,r4b_20,0.3028,0.2921,0.3142
floor_0.05+cautious_z0,both,G0-start0.5,r4b_50,0.3539,0.3356,0.3732
floor_0.05+cautious_z0,both,G0-start0.5,r8_move_p95_6_20,73.0000,73.0000,73.0000
floor_0.05+cautious_z0,both,G0-start0.5,r8_move_p95_150_200,40.0000,40.0000,40.0000
floor_0.05+cautious_z0,both,G0-start2,r1_rms_5,1.1021,1.0805,1.1239
floor_0.05+cautious_z0,both,G0-start2,r1_mean_5,-0.0280,-0.0657,0.0091
floor_0.05+cautious_z0,both,G0-start2,r1_rms_10,1.0235,1.0047,1.0416
floor_0.05+cautious_z0,both,G0-start2,r1_mean_10,-0.0537,-0.0876,-0.0217
floor_0.05+cautious_z0,both,G0-start2,r1_rms_20,0.9076,0.8908,0.9240
floor_0.05+cautious_z0,both,G0-start2,r1_mean_20,-0.0773,-0.1052,-0.0497
floor_0.05+cautious_z0,both,G0-start2,r1_rms_50,0.7282,0.7172,0.7395
floor_0.05+cautious_z0,both,G0-start2,r1_mean_50,-0.1068,-0.1260,-0.0872
floor_0.05+cautious_z0,both,G0-start2,r1_rms_100,0.6008,0.5936,0.6086
floor_0.05+cautious_z0,both,G0-start2,r1_mean_100,-0.1193,-0.1332,-0.1057
floor_0.05+cautious_z0,both,G0-start2,r1_rms_200,0.5109,0.5060,0.5158
floor_0.05+cautious_z0,both,G0-start2,r1_mean_200,-0.0916,-0.1007,-0.0822
floor_0.05+cautious_z0,both,G0-start2,r2_brier,0.1757,0.1746,0.1768
floor_0.05+cautious_z0,both,G0-start2,r2_bias,0.0026,0.0009,0.0043
floor_0.05+cautious_z0,both,G0-start2,r3_inside,0.3998,0.3958,0.4038
floor_0.05+cautious_z0,both,G0-start2,r3_below_0.5,0.0702,0.0654,0.0752
floor_0.05+cautious_z0,both,G0-start2,r3_above_0.95,0.0403,0.0378,0.0430
floor_0.05+cautious_z0,both,G0-start2,r4_false,0.1435,0.1362,0.1504
floor_0.05+cautious_z0,both,G0-start2,r4_false_0.70,0.0539,0.0502,0.0577
floor_0.05+cautious_z0,both,G0-start2,r4_below,0.2620,0.2537,0.2697
floor_0.05+cautious_z0,both,G0-start2,r4_false_at_task,0.1675,0.1596,0.1756
floor_0.05+cautious_z0,both,G0-start2,r4_declared,9.7193,9.5060,9.9448
floor_0.05+cautious_z0,both,G0-start2,r5_late_answers,4.2390,4.1775,4.2988
floor_0.05+cautious_z0,both,G0-start2,r5_never,0.0595,0.0552,0.0640
floor_0.05+cautious_z0,both,G0-start2,r6_lag,-0.1232,-0.1328,-0.1134
floor_0.05+cautious_z0,both,G0-start2,r7_error_5,0.9629,0.9385,0.9867
floor_0.05+cautious_z0,both,G0-start2,r7_error_10,0.8798,0.8590,0.9015
floor_0.05+cautious_z0,both,G0-start2,r7_longest_wrong,1.8787,1.8430,1.9160
floor_0.05+cautious_z0,both,G0-start2,r7_hard_first,0.1829,0.1750,0.1911
floor_0.05+cautious_z0,both,G0-start2,r4b_chance_below_0.5,0.1881,0.1746,0.2023
floor_0.05+cautious_z0,both,G0-start2,r4b_chance_0.5_to_0.6,0.1322,0.1284,0.1360
floor_0.05+cautious_z0,both,G0-start2,r4b_chance_0.6_to_0.7,0.1965,0.1925,0.2007
floor_0.05+cautious_z0,both,G0-start2,r4b_chance_0.7_to_0.8,0.2442,0.2385,0.2505
floor_0.05+cautious_z0,both,G0-start2,r4b_chance_0.8_up,0.2389,0.2310,0.2471
floor_0.05+cautious_z0,both,G0-start2,r3_reachable,0.8712,0.8627,0.8794
floor_0.05+cautious_z0,both,G0-start2,r8_rank_6_20,3.7867,3.5617,4.0133
floor_0.05+cautious_z0,both,G0-start2,r8_topic_rank_6_20,17.6500,17.1750,18.1333
floor_0.05+cautious_z0,both,G0-start2,r8_rank_150_200,1.5397,1.4132,1.6667
floor_0.05+cautious_z0,both,G0-start2,r8_topic_rank_150_200,7.9294,7.7098,8.1500
floor_0.05+cautious_z0,both,G0-start2,r2_ece,0.0036,0.0020,0.0053
floor_0.05+cautious_z0,both,G0-start2,r4b_3,0.1866,0.1788,0.1946
floor_0.05+cautious_z0,both,G0-start2,r4b_5,0.2382,0.2285,0.2478
floor_0.05+cautious_z0,both,G0-start2,r4b_10,0.2709,0.2606,0.2817
floor_0.05+cautious_z0,both,G0-start2,r4b_20,0.2996,0.2885,0.3117
floor_0.05+cautious_z0,both,G0-start2,r4b_50,0.3463,0.3285,0.3648
floor_0.05+cautious_z0,both,G0-start2,r8_move_p95_6_20,73.0000,73.0000,73.0000
floor_0.05+cautious_z0,both,G0-start2,r8_move_p95_150_200,40.0000,40.0000,40.0000
floor_0.05+cautious_z0,both,G0-topics0.3,r1_rms_5,0.9134,0.8941,0.9320
floor_0.05+cautious_z0,both,G0-topics0.3,r1_mean_5,0.0045,-0.0292,0.0371
floor_0.05+cautious_z0,both,G0-topics0.3,r1_rms_10,0.8381,0.8219,0.8545
floor_0.05+cautious_z0,both,G0-topics0.3,r1_mean_10,-0.0161,-0.0444,0.0133
floor_0.05+cautious_z0,both,G0-topics0.3,r1_rms_20,0.7365,0.7231,0.7497
floor_0.05+cautious_z0,both,G0-topics0.3,r1_mean_20,-0.0349,-0.0592,-0.0083
floor_0.05+cautious_z0,both,G0-topics0.3,r1_rms_50,0.5889,0.5801,0.5981
floor_0.05+cautious_z0,both,G0-topics0.3,r1_mean_50,-0.0620,-0.0791,-0.0455
floor_0.05+cautious_z0,both,G0-topics0.3,r1_rms_100,0.4984,0.4925,0.5046
floor_0.05+cautious_z0,both,G0-topics0.3,r1_mean_100,-0.0761,-0.0879,-0.0643
floor_0.05+cautious_z0,both,G0-topics0.3,r1_rms_200,0.4386,0.4343,0.4427
floor_0.05+cautious_z0,both,G0-topics0.3,r1_mean_200,-0.0692,-0.0770,-0.0611
floor_0.05+cautious_z0,both,G0-topics0.3,r2_brier,0.1739,0.1731,0.1748
floor_0.05+cautious_z0,both,G0-topics0.3,r2_bias,0.0042,0.0026,0.0056
floor_0.05+cautious_z0,both,G0-topics0.3,r3_inside,0.4493,0.4462,0.4522
floor_0.05+cautious_z0,both,G0-topics0.3,r3_below_0.5,0.0318,0.0300,0.0335
floor_0.05+cautious_z0,both,G0-topics0.3,r3_above_0.95,0.0227,0.0213,0.0241
floor_0.05+cautious_z0,both,G0-topics0.3,r4_false,0.1601,0.1521,0.1685
floor_0.05+cautious_z0,both,G0-topics0.3,r4_false_0.70,0.0536,0.0493,0.0579
floor_0.05+cautious_z0,both,G0-topics0.3,r4_below,0.3061,0.2988,0.3138
floor_0.05+cautious_z0,both,G0-topics0.3,r4_false_at_task,0.2067,0.1969,0.2163
floor_0.05+cautious_z0,both,G0-topics0.3,r4_declared,9.5892,9.3885,9.7978
floor_0.05+cautious_z0,both,G0-topics0.3,r5_late_answers,4.1491,4.0745,4.2230
floor_0.05+cautious_z0,both,G0-topics0.3,r5_never,0.0478,0.0433,0.0523
floor_0.05+cautious_z0,both,G0-topics0.3,r6_lag,-0.0998,-0.1082,-0.0914
floor_0.05+cautious_z0,both,G0-topics0.3,r7_error_5,0.8451,0.8249,0.8660
floor_0.05+cautious_z0,both,G0-topics0.3,r7_error_10,0.7715,0.7529,0.7904
floor_0.05+cautious_z0,both,G0-topics0.3,r7_longest_wrong,1.7475,1.7210,1.7735
floor_0.05+cautious_z0,both,G0-topics0.3,r7_hard_first,0.1278,0.1222,0.1336
floor_0.05+cautious_z0,both,G0-topics0.3,r4b_chance_below_0.5,0.0721,0.0679,0.0768
floor_0.05+cautious_z0,both,G0-topics0.3,r4b_chance_0.5_to_0.6,0.1188,0.1154,0.1226
floor_0.05+cautious_z0,both,G0-topics0.3,r4b_chance_0.6_to_0.7,0.2175,0.2142,0.2208
floor_0.05+cautious_z0,both,G0-topics0.3,r4b_chance_0.7_to_0.8,0.2968,0.2932,0.3005
floor_0.05+cautious_z0,both,G0-topics0.3,r4b_chance_0.8_up,0.2947,0.2873,0.3015
floor_0.05+cautious_z0,both,G0-topics0.3,r3_reachable,0.9364,0.9317,0.9408
floor_0.05+cautious_z0,both,G0-topics0.3,r8_rank_6_20,3.6583,3.4300,3.8833
floor_0.05+cautious_z0,both,G0-topics0.3,r8_topic_rank_6_20,17.4883,17.0117,17.9667
floor_0.05+cautious_z0,both,G0-topics0.3,r8_rank_150_200,1.6505,1.5225,1.7779
floor_0.05+cautious_z0,both,G0-topics0.3,r8_topic_rank_150_200,8.4417,8.2348,8.6618
floor_0.05+cautious_z0,both,G0-topics0.3,r2_ece,0.0060,0.0045,0.0075
floor_0.05+cautious_z0,both,G0-topics0.3,r4b_3,0.2036,0.1957,0.2119
floor_0.05+cautious_z0,both,G0-topics0.3,r4b_5,0.2576,0.2484,0.2669
floor_0.05+cautious_z0,both,G0-topics0.3,r4b_10,0.3002,0.2895,0.3108
floor_0.05+cautious_z0,both,G0-topics0.3,r4b_20,0.3430,0.3302,0.3556
floor_0.05+cautious_z0,both,G0-topics0.3,r4b_50,0.4098,0.3889,0.4304
floor_0.05+cautious_z0,both,G0-topics0.3,r8_move_p95_6_20,73.0000,73.0000,73.0000
floor_0.05+cautious_z0,both,G0-topics0.3,r8_move_p95_150_200,40.0000,40.0000,41.0000
floor_0.05+cautious_z0,both,G0-topics1,r1_rms_5,1.3130,1.2966,1.3311
floor_0.05+cautious_z0,both,G0-topics1,r1_mean_5,-0.0428,-0.0781,-0.0111
floor_0.05+cautious_z0,both,G0-topics1,r1_rms_10,1.2678,1.2537,1.2825
floor_0.05+cautious_z0,both,G0-topics1,r1_mean_10,-0.0832,-0.1140,-0.0524
floor_0.05+cautious_z0,both,G0-topics1,r1_rms_20,1.1799,1.1689,1.1927
floor_0.05+cautious_z0,both,G0-topics1,r1_mean_20,-0.1370,-0.1629,-0.1108
floor_0.05+cautious_z0,both,G0-topics1,r1_rms_50,1.0007,0.9915,1.0106
floor_0.05+cautious_z0,both,G0-topics1,r1_mean_50,-0.1882,-0.2078,-0.1686
floor_0.05+cautious_z0,both,G0-topics1,r1_rms_100,0.8526,0.8451,0.8606
floor_0.05+cautious_z0,both,G0-topics1,r1_mean_100,-0.1963,-0.2096,-0.1836
floor_0.05+cautious_z0,both,G0-topics1,r1_rms_200,0.7356,0.7292,0.7421
floor_0.05+cautious_z0,both,G0-topics1,r1_mean_200,-0.1756,-0.1853,-0.1659
floor_0.05+cautious_z0,both,G0-topics1,r2_brier,0.1748,0.1740,0.1757
floor_0.05+cautious_z0,both,G0-topics1,r2_bias,0.0063,0.0048,0.0078
floor_0.05+cautious_z0,both,G0-topics1,r3_inside,0.3724,0.3702,0.3748
floor_0.05+cautious_z0,both,G0-topics1,r3_below_0.5,0.0604,0.0585,0.0625
floor_0.05+cautious_z0,both,G0-topics1,r3_above_0.95,0.0650,0.0629,0.0672
floor_0.05+cautious_z0,both,G0-topics1,r4_false,0.1677,0.1619,0.1735
floor_0.05+cautious_z0,both,G0-topics1,r4_false_0.70,0.0839,0.0798,0.0879
floor_0.05+cautious_z0,both,G0-topics1,r4_below,0.3199,0.3126,0.3268
floor_0.05+cautious_z0,both,G0-topics1,r4_false_at_task,0.1978,0.1911,0.2044
floor_0.05+cautious_z0,both,G0-topics1,r4_declared,9.3257,9.1393,9.5270
floor_0.05+cautious_z0,both,G0-topics1,r5_late_answers,4.3176,4.2433,4.3931
floor_0.05+cautious_z0,both,G0-topics1,r5_never,0.1480,0.1429,0.1532
floor_0.05+cautious_z0,both,G0-topics1,r6_lag,-0.1572,-0.1657,-0.1481
floor_0.05+cautious_z0,both,G0-topics1,r7_error_5,0.9043,0.8840,0.9251
floor_0.05+cautious_z0,both,G0-topics1,r7_error_10,0.8325,0.8127,0.8525
floor_0.05+cautious_z0,both,G0-topics1,r7_longest_wrong,1.9347,1.9022,1.9660
floor_0.05+cautious_z0,both,G0-topics1,r7_hard_first,0.1922,0.1860,0.1985
floor_0.05+cautious_z0,both,G0-topics1,r4b_chance_below_0.5,0.1275,0.1229,0.1327
floor_0.05+cautious_z0,both,G0-topics1,r4b_chance_0.5_to_0.6,0.1266,0.1242,0.1290
floor_0.05+cautious_z0,both,G0-topics1,r4b_chance_0.6_to_0.7,0.1974,0.1946,0.2002
floor_0.05+cautious_z0,both,G0-topics1,r4b_chance_0.7_to_0.8,0.2573,0.2541,0.2604
floor_0.05+cautious_z0,both,G0-topics1,r4b_chance_0.8_up,0.2912,0.2850,0.2970
floor_0.05+cautious_z0,both,G0-topics1,r3_reachable,0.9168,0.9127,0.9206
floor_0.05+cautious_z0,both,G0-topics1,r8_rank_6_20,3.9117,3.6850,4.1450
floor_0.05+cautious_z0,both,G0-topics1,r8_topic_rank_6_20,18.6983,18.2383,19.1550
floor_0.05+cautious_z0,both,G0-topics1,r8_rank_150_200,1.6971,1.5725,1.8289
floor_0.05+cautious_z0,both,G0-topics1,r8_topic_rank_150_200,8.1623,7.9652,8.3603
floor_0.05+cautious_z0,both,G0-topics1,r2_ece,0.0079,0.0064,0.0093
floor_0.05+cautious_z0,both,G0-topics1,r4b_3,0.2160,0.2089,0.2234
floor_0.05+cautious_z0,both,G0-topics1,r4b_5,0.2708,0.2623,0.2794
floor_0.05+cautious_z0,both,G0-topics1,r4b_10,0.3007,0.2914,0.3098
floor_0.05+cautious_z0,both,G0-topics1,r4b_20,0.3318,0.3206,0.3423
floor_0.05+cautious_z0,both,G0-topics1,r4b_50,0.3738,0.3584,0.3898
floor_0.05+cautious_z0,both,G0-topics1,r8_move_p95_6_20,73.0000,73.0000,73.0000
floor_0.05+cautious_z0,both,G0-topics1,r8_move_p95_150_200,39.0000,39.0000,40.0000
oracle,both,G0,r1_rms_5,0.0000,0.0000,0.0000
oracle,both,G0,r1_mean_5,0.0000,0.0000,0.0000
oracle,both,G0,r1_rms_10,0.0000,0.0000,0.0000
oracle,both,G0,r1_mean_10,0.0000,0.0000,0.0000
oracle,both,G0,r1_rms_20,0.0000,0.0000,0.0000
oracle,both,G0,r1_mean_20,0.0000,0.0000,0.0000
oracle,both,G0,r1_rms_50,0.0000,0.0000,0.0000
oracle,both,G0,r1_mean_50,0.0000,0.0000,0.0000
oracle,both,G0,r1_rms_100,0.0000,0.0000,0.0000
oracle,both,G0,r1_mean_100,0.0000,0.0000,0.0000
oracle,both,G0,r1_rms_200,0.0000,0.0000,0.0000
oracle,both,G0,r1_mean_200,0.0000,0.0000,0.0000
oracle,both,G0,r2_brier,0.1693,0.1687,0.1699
oracle,both,G0,r2_bias,0.0084,0.0074,0.0093
oracle,both,G0,r3_inside,0.6143,0.6124,0.6162
oracle,both,G0,r3_below_0.5,0.0052,0.0040,0.0066
oracle,both,G0,r3_above_0.95,0.0011,0.0010,0.0011
oracle,both,G0,r4_false,0.7498,0.7420,0.7583
oracle,both,G0,r4_false_0.70,0.5240,0.5134,0.5341
oracle,both,G0,r4_below,0.0000,0.0000,0.0000
oracle,both,G0,r4_false_at_task,0.7498,0.7417,0.7578
oracle,both,G0,r4_declared,5.6768,5.6043,5.7527
oracle,both,G0,r5_late_answers,6.4020,6.3227,6.4806
oracle,both,G0,r5_never,0.6462,0.6380,0.6543
oracle,both,G0,r6_lag,0.0000,0.0000,0.0000
oracle,both,G0,r7_error_5,0.0000,0.0000,0.0000
oracle,both,G0,r7_error_10,0.0000,0.0000,0.0000
oracle,both,G0,r7_longest_wrong,1.6435,1.6165,1.6707
oracle,both,G0,r7_hard_first,0.0063,0.0049,0.0077
oracle,both,G0,r4b_chance_below_0.5,0.0208,0.0147,0.0279
oracle,both,G0,r4b_chance_0.5_to_0.6,0.0686,0.0662,0.0710
oracle,both,G0,r4b_chance_0.6_to_0.7,0.2468,0.2439,0.2499
oracle,both,G0,r4b_chance_0.7_to_0.8,0.4218,0.4170,0.4263
oracle,both,G0,r4b_chance_0.8_up,0.2421,0.2385,0.2456
oracle,both,G0,r3_reachable,0.9701,0.9668,0.9733
oracle,both,G0,r2_ece,0.0085,0.0075,0.0094
oracle,both,G0,r4b_3,0.0000,0.0000,0.0000
oracle,both,G0,r4b_5,0.3995,0.3921,0.4068
oracle,both,G0,r4b_10,0.8254,0.8193,0.8313
oracle,both,G0,r4b_20,0.9825,0.9795,0.9851
oracle,both,G0,r4b_50,0.9988,0.9977,0.9995
oracle,both,G1,r1_rms_5,0.0000,0.0000,0.0000
oracle,both,G1,r1_mean_5,0.0000,0.0000,0.0000
oracle,both,G1,r1_rms_10,0.0000,0.0000,0.0000
oracle,both,G1,r1_mean_10,0.0000,0.0000,0.0000
oracle,both,G1,r1_rms_20,0.0000,0.0000,0.0000
oracle,both,G1,r1_mean_20,0.0000,0.0000,0.0000
oracle,both,G1,r1_rms_50,0.0000,0.0000,0.0000
oracle,both,G1,r1_mean_50,0.0000,0.0000,0.0000
oracle,both,G1,r1_rms_100,0.0000,0.0000,0.0000
oracle,both,G1,r1_mean_100,0.0000,0.0000,0.0000
oracle,both,G1,r1_rms_200,0.0000,0.0000,0.0000
oracle,both,G1,r1_mean_200,0.0000,0.0000,0.0000
oracle,both,G1,r2_brier,0.1786,0.1776,0.1795
oracle,both,G1,r2_bias,0.0060,0.0051,0.0070
oracle,both,G1,r3_inside,0.5337,0.5272,0.5399
oracle,both,G1,r3_below_0.5,0.0827,0.0759,0.0887
oracle,both,G1,r3_above_0.95,0.0011,0.0010,0.0012
oracle,both,G1,r4_false,0.6641,0.6524,0.6763
oracle,both,G1,r4_false_0.70,0.5673,0.5536,0.5799
oracle,both,G1,r4_below,0.0000,0.0000,0.0000
oracle,both,G1,r4_false_at_task,0.6641,0.6518,0.6772
oracle,both,G1,r4_declared,6.3150,6.2252,6.4060
oracle,both,G1,r5_late_answers,6.4491,6.3827,6.5171
oracle,both,G1,r5_never,0.5803,0.5735,0.5873
oracle,both,G1,r6_lag,0.0000,0.0000,0.0000
oracle,both,G1,r7_error_5,0.0000,0.0000,0.0000
oracle,both,G1,r7_error_10,0.0000,0.0000,0.0000
oracle,both,G1,r7_longest_wrong,1.8618,1.8268,1.8980
oracle,both,G1,r7_hard_first,0.0738,0.0680,0.0795
oracle,both,G1,r4b_chance_below_0.5,0.2801,0.2648,0.2951
oracle,both,G1,r4b_chance_0.5_to_0.6,0.1511,0.1459,0.1562
oracle,both,G1,r4b_chance_0.6_to_0.7,0.1890,0.1849,0.1932
oracle,both,G1,r4b_chance_0.7_to_0.8,0.2464,0.2367,0.2561
oracle,both,G1,r4b_chance_0.8_up,0.1334,0.1272,0.1400
oracle,both,G1,r3_reachable,0.8373,0.8268,0.8481
oracle,both,G1,r2_ece,0.0075,0.0067,0.0085
oracle,both,G1,r4b_3,0.0000,0.0000,0.0000
oracle,both,G1,r4b_5,0.3191,0.3097,0.3281
oracle,both,G1,r4b_10,0.7107,0.7003,0.7211
oracle,both,G1,r4b_20,0.9091,0.9022,0.9154
oracle,both,G1,r4b_50,0.9842,0.9818,0.9865
oracle,both,G2,r1_rms_5,0.0000,0.0000,0.0000
oracle,both,G2,r1_mean_5,0.0000,0.0000,0.0000
oracle,both,G2,r1_rms_10,0.0000,0.0000,0.0000
oracle,both,G2,r1_mean_10,0.0000,0.0000,0.0000
oracle,both,G2,r1_rms_20,0.0000,0.0000,0.0000
oracle,both,G2,r1_mean_20,0.0000,0.0000,0.0000
oracle,both,G2,r1_rms_50,0.0000,0.0000,0.0000
oracle,both,G2,r1_mean_50,0.0000,0.0000,0.0000
oracle,both,G2,r1_rms_100,0.0000,0.0000,0.0000
oracle,both,G2,r1_mean_100,0.0000,0.0000,0.0000
oracle,both,G2,r1_rms_200,0.0000,0.0000,0.0000
oracle,both,G2,r1_mean_200,0.0000,0.0000,0.0000
oracle,both,G2,r2_brier,0.1764,0.1758,0.1769
oracle,both,G2,r2_bias,0.0065,0.0057,0.0075
oracle,both,G2,r3_inside,0.6044,0.6029,0.6058
oracle,both,G2,r3_below_0.5,0.0040,0.0038,0.0042
oracle,both,G2,r3_above_0.95,0.0020,0.0017,0.0024
oracle,both,G2,r4_false,0.6701,0.6615,0.6788
oracle,both,G2,r4_false_0.70,0.4469,0.4386,0.4551
oracle,both,G2,r4_below,0.0000,0.0000,0.0000
oracle,both,G2,r4_false_at_task,0.6701,0.6612,0.6786
oracle,both,G2,r4_declared,11.5550,11.4288,11.6845
oracle,both,G2,r5_late_answers,7.7617,7.6844,7.8383
oracle,both,G2,r5_never,0.4053,0.3968,0.4139
oracle,both,G2,r6_lag,0.0000,0.0000,0.0000
oracle,both,G2,r7_error_5,0.0000,0.0000,0.0000
oracle,both,G2,r7_error_10,0.0000,0.0000,0.0000
oracle,both,G2,r7_longest_wrong,1.6265,1.6005,1.6522
oracle,both,G2,r7_hard_first,0.0041,0.0033,0.0051
oracle,both,G2,r4b_chance_below_0.5,0.0092,0.0085,0.0100
oracle,both,G2,r4b_chance_0.5_to_0.6,0.0729,0.0717,0.0742
oracle,both,G2,r4b_chance_0.6_to_0.7,0.2601,0.2580,0.2620
oracle,both,G2,r4b_chance_0.7_to_0.8,0.4261,0.4238,0.4285
oracle,both,G2,r4b_chance_0.8_up,0.2318,0.2297,0.2339
oracle,both,G2,r3_reachable,0.9680,0.9661,0.9698
oracle,both,G2,r2_ece,0.0065,0.0057,0.0075
oracle,both,G2,r4b_3,0.1617,0.1573,0.1665
oracle,both,G2,r4b_5,0.4046,0.3978,0.4115
oracle,both,G2,r4b_10,0.7713,0.7633,0.7790
oracle,both,G2,r4b_20,0.9764,0.9719,0.9807
oracle,both,G2,r4b_50,0.9994,0.9981,1.0000
oracle,both,G3,r1_rms_5,0.0000,0.0000,0.0000
oracle,both,G3,r1_mean_5,0.0000,0.0000,0.0000
oracle,both,G3,r1_rms_10,0.0000,0.0000,0.0000
oracle,both,G3,r1_mean_10,0.0000,0.0000,0.0000
oracle,both,G3,r1_rms_20,0.0000,0.0000,0.0000
oracle,both,G3,r1_mean_20,0.0000,0.0000,0.0000
oracle,both,G3,r1_rms_50,0.0000,0.0000,0.0000
oracle,both,G3,r1_mean_50,0.0000,0.0000,0.0000
oracle,both,G3,r1_rms_100,0.0000,0.0000,0.0000
oracle,both,G3,r1_mean_100,0.0000,0.0000,0.0000
oracle,both,G3,r1_rms_200,0.0000,0.0000,0.0000
oracle,both,G3,r1_mean_200,0.0000,0.0000,0.0000
oracle,both,G3,r2_brier,0.1703,0.1697,0.1709
oracle,both,G3,r2_bias,0.0087,0.0078,0.0096
oracle,both,G3,r3_inside,0.6131,0.6115,0.6146
oracle,both,G3,r3_below_0.5,0.0042,0.0035,0.0051
oracle,both,G3,r3_above_0.95,0.0012,0.0011,0.0015
oracle,both,G3,r4_false,0.7169,0.7078,0.7263
oracle,both,G3,r4_false_0.70,0.5108,0.5009,0.5209
oracle,both,G3,r4_below,0.0000,0.0000,0.0000
oracle,both,G3,r4_false_at_task,0.7169,0.7078,0.7263
oracle,both,G3,r4_declared,6.5555,6.4817,6.6348
oracle,both,G3,r5_late_answers,5.6025,5.5176,5.6885
oracle,both,G3,r5_never,0.6766,0.6702,0.6832
oracle,both,G3,r6_lag,0.0000,0.0000,0.0000
oracle,both,G3,r6_jump_answers,0.0000,0.0000,0.0000
oracle,both,G3,r6_jump_unsettled,0.0000,0.0000,0.0000
oracle,both,G3,r7_error_5,0.0000,0.0000,0.0000
oracle,both,G3,r7_error_10,0.0000,0.0000,0.0000
oracle,both,G3,r7_longest_wrong,1.6420,1.6162,1.6678
oracle,both,G3,r7_hard_first,0.0069,0.0055,0.0084
oracle,both,G3,r4b_chance_below_0.5,0.0169,0.0129,0.0209
oracle,both,G3,r4b_chance_0.5_to_0.6,0.0691,0.0671,0.0711
oracle,both,G3,r4b_chance_0.6_to_0.7,0.2466,0.2440,0.2491
oracle,both,G3,r4b_chance_0.7_to_0.8,0.4200,0.4161,0.4238
oracle,both,G3,r4b_chance_0.8_up,0.2474,0.2444,0.2504
oracle,both,G3,r3_reachable,0.9712,0.9689,0.9736
oracle,both,G3,r2_ece,0.0088,0.0079,0.0097
oracle,both,G3,r4b_3,0.0258,0.0234,0.0281
oracle,both,G3,r4b_5,0.4047,0.3976,0.4112
oracle,both,G3,r4b_10,0.8243,0.8188,0.8301
oracle,both,G3,r4b_20,0.9835,0.9809,0.9860
oracle,both,G3,r4b_50,0.9998,0.9993,1.0000
oracle,both,G4,r1_rms_5,0.0000,0.0000,0.0000
oracle,both,G4,r1_mean_5,0.0000,0.0000,0.0000
oracle,both,G4,r1_rms_10,0.0000,0.0000,0.0000
oracle,both,G4,r1_mean_10,0.0000,0.0000,0.0000
oracle,both,G4,r1_rms_20,0.0000,0.0000,0.0000
oracle,both,G4,r1_mean_20,0.0000,0.0000,0.0000
oracle,both,G4,r1_rms_50,0.0000,0.0000,0.0000
oracle,both,G4,r1_mean_50,0.0000,0.0000,0.0000
oracle,both,G4,r1_rms_100,0.0000,0.0000,0.0000
oracle,both,G4,r1_mean_100,0.0000,0.0000,0.0000
oracle,both,G4,r1_rms_200,0.0000,0.0000,0.0000
oracle,both,G4,r1_mean_200,0.0000,0.0000,0.0000
oracle,both,G4,r2_brier,0.2071,0.2065,0.2077
oracle,both,G4,r2_bias,0.0724,0.0714,0.0734
oracle,both,G4,r3_inside,0.4702,0.4685,0.4719
oracle,both,G4,r3_below_0.5,0.0403,0.0389,0.0420
oracle,both,G4,r3_above_0.95,0.0005,0.0004,0.0005
oracle,both,G4,r4_false,0.7503,0.7423,0.7583
oracle,both,G4,r4_false_0.70,0.5094,0.4995,0.5185
oracle,both,G4,r4_below,0.0000,0.0000,0.0000
oracle,both,G4,r4_false_at_task,0.7503,0.7423,0.7586
oracle,both,G4,r4_declared,5.4742,5.3978,5.5492
oracle,both,G4,r5_late_answers,7.4706,7.3589,7.5833
oracle,both,G4,r5_never,0.6641,0.6558,0.6721
oracle,both,G4,r6_lag,0.0000,0.0000,0.0000
oracle,both,G4,r7_error_5,0.0000,0.0000,0.0000
oracle,both,G4,r7_error_10,0.0000,0.0000,0.0000
oracle,both,G4,r7_longest_wrong,1.9452,1.9160,1.9752
oracle,both,G4,r7_hard_first,0.0521,0.0496,0.0549
oracle,both,G4,r4b_chance_below_0.5,0.0973,0.0916,0.1036
oracle,both,G4,r4b_chance_0.5_to_0.6,0.1995,0.1975,0.2017
oracle,both,G4,r4b_chance_0.6_to_0.7,0.2883,0.2852,0.2914
oracle,both,G4,r4b_chance_0.7_to_0.8,0.2829,0.2797,0.2861
oracle,both,G4,r4b_chance_0.8_up,0.1320,0.1299,0.1341
oracle,both,G4,r3_reachable,0.9731,0.9699,0.9760
oracle,both,G4,r2_ece,0.0724,0.0714,0.0733
oracle,both,G4,r4b_3,0.0000,0.0000,0.0000
oracle,both,G4,r4b_5,0.2940,0.2869,0.3012
oracle,both,G4,r4b_10,0.7130,0.7058,0.7200
oracle,both,G4,r4b_20,0.9506,0.9467,0.9545
oracle,both,G4,r4b_50,0.9976,0.9960,0.9990
oracle,both,G5,r1_rms_5,0.0000,0.0000,0.0000
oracle,both,G5,r1_mean_5,0.0000,0.0000,0.0000
oracle,both,G5,r1_rms_10,0.0000,0.0000,0.0000
oracle,both,G5,r1_mean_10,0.0000,0.0000,0.0000
oracle,both,G5,r1_rms_20,0.0000,0.0000,0.0000
oracle,both,G5,r1_mean_20,0.0000,0.0000,0.0000
oracle,both,G5,r1_rms_50,0.0000,0.0000,0.0000
oracle,both,G5,r1_mean_50,0.0000,0.0000,0.0000
oracle,both,G5,r1_rms_100,0.0000,0.0000,0.0000
oracle,both,G5,r1_mean_100,0.0000,0.0000,0.0000
oracle,both,G5,r1_rms_200,0.0000,0.0000,0.0000
oracle,both,G5,r1_mean_200,0.0000,0.0000,0.0000
oracle,both,G5,r2_brier,0.1713,0.1706,0.1720
oracle,both,G5,r2_bias,0.0080,0.0071,0.0089
oracle,both,G5,r3_inside,0.6060,0.6031,0.6088
oracle,both,G5,r3_below_0.5,0.0107,0.0087,0.0127
oracle,both,G5,r3_above_0.95,0.0011,0.0010,0.0012
oracle,both,G5,r4_false,0.7479,0.7383,0.7574
oracle,both,G5,r4_false_0.70,0.5333,0.5222,0.5453
oracle,both,G5,r4_below,0.0000,0.0000,0.0000
oracle,both,G5,r4_false_at_task,0.7479,0.7382,0.7568
oracle,both,G5,r4_declared,5.9305,5.8430,6.0155
oracle,both,G5,r5_late_answers,6.4818,6.3968,6.5668
oracle,both,G5,r5_never,0.6512,0.6415,0.6603
oracle,both,G5,r6_lag,0.0000,0.0000,0.0000
oracle,both,G5,r7_error_5,0.0000,0.0000,0.0000
oracle,both,G5,r7_error_10,0.0000,0.0000,0.0000
oracle,both,G5,r7_longest_wrong,1.6805,1.6538,1.7083
oracle,both,G5,r7_hard_first,0.0113,0.0092,0.0136
oracle,both,G5,r4b_chance_below_0.5,0.0362,0.0283,0.0447
oracle,both,G5,r4b_chance_0.5_to_0.6,0.0812,0.0774,0.0851
oracle,both,G5,r4b_chance_0.6_to_0.7,0.2455,0.2423,0.2485
oracle,both,G5,r4b_chance_0.7_to_0.8,0.4026,0.3964,0.4085
oracle,both,G5,r4b_chance_0.8_up,0.2345,0.2299,0.2388
oracle,both,G5,r3_reachable,0.9553,0.9501,0.9600
oracle,both,G5,r2_ece,0.0081,0.0072,0.0090
oracle,both,G5,r4b_3,0.0000,0.0000,0.0000
oracle,both,G5,r4b_5,0.3946,0.3870,0.4028
oracle,both,G5,r4b_10,0.8184,0.8117,0.8247
oracle,both,G5,r4b_20,0.9782,0.9754,0.9810
oracle,both,G5,r4b_50,0.9992,0.9987,0.9997
oracle,both,G6,r1_rms_5,0.0000,0.0000,0.0000
oracle,both,G6,r1_mean_5,0.0000,0.0000,0.0000
oracle,both,G6,r1_rms_10,0.0000,0.0000,0.0000
oracle,both,G6,r1_mean_10,0.0000,0.0000,0.0000
oracle,both,G6,r1_rms_20,0.0000,0.0000,0.0000
oracle,both,G6,r1_mean_20,0.0000,0.0000,0.0000
oracle,both,G6,r1_rms_50,0.0000,0.0000,0.0000
oracle,both,G6,r1_mean_50,0.0000,0.0000,0.0000
oracle,both,G6,r1_rms_100,0.0000,0.0000,0.0000
oracle,both,G6,r1_mean_100,0.0000,0.0000,0.0000
oracle,both,G6,r1_rms_200,0.0000,0.0000,0.0000
oracle,both,G6,r1_mean_200,0.0000,0.0000,0.0000
oracle,both,G6,r2_brier,0.1568,0.1551,0.1586
oracle,both,G6,r2_bias,0.0145,0.0135,0.0155
oracle,both,G6,r3_inside,0.3580,0.3528,0.3635
oracle,both,G6,r3_below_0.5,0.0069,0.0056,0.0083
oracle,both,G6,r3_above_0.95,0.1472,0.1426,0.1521
oracle,both,G6,r4_false,0.6888,0.6791,0.6993
oracle,both,G6,r4_false_0.70,0.6323,0.6222,0.6419
oracle,both,G6,r4_below,0.0000,0.0000,0.0000
oracle,both,G6,r4_false_at_task,0.6888,0.6785,0.6993
oracle,both,G6,r4_declared,5.5367,5.4592,5.6125
oracle,both,G6,r5_late_answers,5.8667,5.7977,5.9383
oracle,both,G6,r5_never,0.5391,0.5306,0.5473
oracle,both,G6,r6_lag,0.0000,0.0000,0.0000
oracle,both,G6,r7_error_5,0.0000,0.0000,0.0000
oracle,both,G6,r7_error_10,0.0000,0.0000,0.0000
oracle,both,G6,r7_longest_wrong,1.6227,1.5935,1.6525
oracle,both,G6,r7_hard_first,0.0084,0.0070,0.0099
oracle,both,G6,r4b_chance_below_0.5,0.0217,0.0151,0.0293
oracle,both,G6,r4b_chance_0.5_to_0.6,0.0690,0.0665,0.0716
oracle,both,G6,r4b_chance_0.6_to_0.7,0.4609,0.4515,0.4703
oracle,both,G6,r4b_chance_0.7_to_0.8,0.2547,0.2507,0.2587
oracle,both,G6,r4b_chance_0.8_up,0.1937,0.1838,0.2039
oracle,both,G6,r3_reachable,0.8169,0.8095,0.8247
oracle,both,G6,r2_ece,0.0147,0.0138,0.0156
oracle,both,G6,r4b_3,0.0000,0.0000,0.0000
oracle,both,G6,r4b_5,0.4015,0.3929,0.4099
oracle,both,G6,r4b_10,0.8080,0.8009,0.8151
oracle,both,G6,r4b_20,0.9730,0.9698,0.9764
oracle,both,G6,r4b_50,0.9985,0.9970,0.9998
oracle,both,G7,r1_rms_5,0.0000,0.0000,0.0000
oracle,both,G7,r1_mean_5,0.0000,0.0000,0.0000
oracle,both,G7,r1_rms_10,0.0000,0.0000,0.0000
oracle,both,G7,r1_mean_10,0.0000,0.0000,0.0000
oracle,both,G7,r1_rms_20,0.0000,0.0000,0.0000
oracle,both,G7,r1_mean_20,0.0000,0.0000,0.0000
oracle,both,G7,r1_rms_50,0.0000,0.0000,0.0000
oracle,both,G7,r1_mean_50,0.0000,0.0000,0.0000
oracle,both,G7,r1_rms_100,0.0000,0.0000,0.0000
oracle,both,G7,r1_mean_100,0.0000,0.0000,0.0000
oracle,both,G7,r1_rms_200,0.0000,0.0000,0.0000
oracle,both,G7,r1_mean_200,0.0000,0.0000,0.0000
oracle,both,G7,r2_brier,0.1748,0.1739,0.1757
oracle,both,G7,r2_bias,0.0086,0.0076,0.0095
oracle,both,G7,r3_inside,0.5630,0.5609,0.5650
oracle,both,G7,r3_below_0.5,0.0161,0.0149,0.0175
oracle,both,G7,r3_above_0.95,0.0015,0.0014,0.0016
oracle,both,G7,r4_false,0.6825,0.6742,0.6909
oracle,both,G7,r4_false_0.70,0.6009,0.5914,0.6112
oracle,both,G7,r4_below,0.0000,0.0000,0.0000
oracle,both,G7,r4_false_at_task,0.6825,0.6737,0.6914
oracle,both,G7,r4_declared,5.5438,5.4713,5.6178
oracle,both,G7,r5_late_answers,6.5279,6.4501,6.6117
oracle,both,G7,r5_never,0.5544,0.5460,0.5627
oracle,both,G7,r6_lag,0.0000,0.0000,0.0000
oracle,both,G7,r7_error_5,0.0000,0.0000,0.0000
oracle,both,G7,r7_error_10,0.0000,0.0000,0.0000
oracle,both,G7,r7_longest_wrong,1.7595,1.7303,1.7880
oracle,both,G7,r7_hard_first,0.0219,0.0203,0.0237
oracle,both,G7,r4b_chance_below_0.5,0.0516,0.0466,0.0574
oracle,both,G7,r4b_chance_0.5_to_0.6,0.1172,0.1138,0.1204
oracle,both,G7,r4b_chance_0.6_to_0.7,0.2613,0.2576,0.2652
oracle,both,G7,r4b_chance_0.7_to_0.8,0.3620,0.3576,0.3663
oracle,both,G7,r4b_chance_0.8_up,0.2078,0.2026,0.2132
oracle,both,G7,r3_reachable,0.9690,0.9661,0.9717
oracle,both,G7,r2_ece,0.0087,0.0078,0.0097
oracle,both,G7,r4b_3,0.0000,0.0000,0.0000
oracle,both,G7,r4b_5,0.3705,0.3626,0.3785
oracle,both,G7,r4b_10,0.7876,0.7807,0.7948
oracle,both,G7,r4b_20,0.9705,0.9672,0.9738
oracle,both,G7,r4b_50,0.9983,0.9967,0.9995
oracle,both,G8,r1_rms_5,0.0000,0.0000,0.0000
oracle,both,G8,r1_mean_5,0.0000,0.0000,0.0000
oracle,both,G8,r1_rms_10,0.0000,0.0000,0.0000
oracle,both,G8,r1_mean_10,0.0000,0.0000,0.0000
oracle,both,G8,r1_rms_20,0.0000,0.0000,0.0000
oracle,both,G8,r1_mean_20,0.0000,0.0000,0.0000
oracle,both,G8,r1_rms_50,0.0000,0.0000,0.0000
oracle,both,G8,r1_mean_50,0.0000,0.0000,0.0000
oracle,both,G8,r1_rms_100,0.0000,0.0000,0.0000
oracle,both,G8,r1_mean_100,0.0000,0.0000,0.0000
oracle,both,G8,r1_rms_200,0.0000,0.0000,0.0000
oracle,both,G8,r1_mean_200,0.0000,0.0000,0.0000
oracle,both,G8,r2_brier,0.1700,0.1694,0.1707
oracle,both,G8,r2_bias,0.0079,0.0070,0.0088
oracle,both,G8,r3_inside,0.6143,0.6125,0.6161
oracle,both,G8,r3_below_0.5,0.0043,0.0033,0.0054
oracle,both,G8,r3_above_0.95,0.0011,0.0010,0.0011
oracle,both,G8,r4_false,0.7517,0.7443,0.7600
oracle,both,G8,r4_false_0.70,0.5251,0.5151,0.5348
oracle,both,G8,r4_below,0.0000,0.0000,0.0000
oracle,both,G8,r4_false_at_task,0.7517,0.7435,0.7600
oracle,both,G8,r4_declared,5.3670,5.2970,5.4405
oracle,both,G8,r5_late_answers,7.3557,7.2490,7.4660
oracle,both,G8,r5_never,0.6691,0.6609,0.6775
oracle,both,G8,r6_lag,0.0000,0.0000,0.0000
oracle,both,G8,r7_error_5,0.0000,0.0000,0.0000
oracle,both,G8,r7_error_10,0.0000,0.0000,0.0000
oracle,both,G8,r7_longest_wrong,1.6555,1.6280,1.6823
oracle,both,G8,r7_hard_first,0.0048,0.0038,0.0060
oracle,both,G8,r4b_chance_below_0.5,0.0151,0.0109,0.0202
oracle,both,G8,r4b_chance_0.5_to_0.6,0.0686,0.0662,0.0711
oracle,both,G8,r4b_chance_0.6_to_0.7,0.2451,0.2422,0.2477
oracle,both,G8,r4b_chance_0.7_to_0.8,0.4256,0.4215,0.4294
oracle,both,G8,r4b_chance_0.8_up,0.2456,0.2423,0.2488
oracle,both,G8,r3_reachable,0.9725,0.9696,0.9753
oracle,both,G8,r2_ece,0.0080,0.0071,0.0090
oracle,both,G8,r4b_3,0.0000,0.0000,0.0000
oracle,both,G8,r4b_5,0.3190,0.3122,0.3262
oracle,both,G8,r4b_10,0.7157,0.7090,0.7225
oracle,both,G8,r4b_20,0.9487,0.9446,0.9527
oracle,both,G8,r4b_50,0.9970,0.9944,0.9990
oracle,both,G0-exact,r1_rms_5,0.0000,0.0000,0.0000
oracle,both,G0-exact,r1_mean_5,0.0000,0.0000,0.0000
oracle,both,G0-exact,r1_rms_10,0.0000,0.0000,0.0000
oracle,both,G0-exact,r1_mean_10,0.0000,0.0000,0.0000
oracle,both,G0-exact,r1_rms_20,0.0000,0.0000,0.0000
oracle,both,G0-exact,r1_mean_20,0.0000,0.0000,0.0000
oracle,both,G0-exact,r1_rms_50,0.0000,0.0000,0.0000
oracle,both,G0-exact,r1_mean_50,0.0000,0.0000,0.0000
oracle,both,G0-exact,r1_rms_100,0.0000,0.0000,0.0000
oracle,both,G0-exact,r1_mean_100,0.0000,0.0000,0.0000
oracle,both,G0-exact,r1_rms_200,0.0000,0.0000,0.0000
oracle,both,G0-exact,r1_mean_200,0.0000,0.0000,0.0000
oracle,both,G0-exact,r2_brier,0.1646,0.1640,0.1653
oracle,both,G0-exact,r2_bias,0.0001,-0.0008,0.0010
oracle,both,G0-exact,r3_inside,0.9712,0.9677,0.9744
oracle,both,G0-exact,r3_below_0.5,0.0047,0.0030,0.0066
oracle,both,G0-exact,r3_above_0.95,0.0000,0.0000,0.0000
oracle,both,G0-exact,r4_false,0.7525,0.7446,0.7606
oracle,both,G0-exact,r4_false_0.70,0.5309,0.5212,0.5408
oracle,both,G0-exact,r4_below,0.0000,0.0000,0.0000
oracle,both,G0-exact,r4_false_at_task,0.7525,0.7444,0.7606
oracle,both,G0-exact,r4_declared,5.6842,5.6060,5.7680
oracle,both,G0-exact,r5_late_answers,6.4087,6.3257,6.4883
oracle,both,G0-exact,r5_never,0.6465,0.6382,0.6541
oracle,both,G0-exact,r6_lag,0.0000,0.0000,0.0000
oracle,both,G0-exact,r7_error_5,0.0000,0.0000,0.0000
oracle,both,G0-exact,r7_error_10,0.0000,0.0000,0.0000
oracle,both,G0-exact,r7_longest_wrong,1.6018,1.5750,1.6298
oracle,both,G0-exact,r7_hard_first,0.0039,0.0023,0.0057
oracle,both,G0-exact,r4b_chance_below_0.5,0.0208,0.0125,0.0300
oracle,both,G0-exact,r4b_chance_0.5_to_0.6,0.0093,0.0058,0.0132
oracle,both,G0-exact,r4b_chance_0.6_to_0.7,0.0221,0.0192,0.0249
oracle,both,G0-exact,r4b_chance_0.7_to_0.8,0.9478,0.9358,0.9584
oracle,both,G0-exact,r4b_chance_0.8_up,0.0000,0.0000,0.0000
oracle,both,G0-exact,r3_reachable,0.9712,0.9677,0.9745
oracle,both,G0-exact,r2_ece,0.0003,0.0002,0.0013
oracle,both,G0-exact,r4b_3,0.0000,0.0000,0.0000
oracle,both,G0-exact,r4b_5,0.4102,0.4032,0.4176
oracle,both,G0-exact,r4b_10,0.8357,0.8295,0.8415
oracle,both,G0-exact,r4b_20,0.9848,0.9821,0.9875
oracle,both,G0-exact,r4b_50,0.9995,0.9990,0.9999
oracle,both,G0-miss0.25,r1_rms_5,0.0000,0.0000,0.0000
oracle,both,G0-miss0.25,r1_mean_5,0.0000,0.0000,0.0000
oracle,both,G0-miss0.25,r1_rms_10,0.0000,0.0000,0.0000
oracle,both,G0-miss0.25,r1_mean_10,0.0000,0.0000,0.0000
oracle,both,G0-miss0.25,r1_rms_20,0.0000,0.0000,0.0000
oracle,both,G0-miss0.25,r1_mean_20,0.0000,0.0000,0.0000
oracle,both,G0-miss0.25,r1_rms_50,0.0000,0.0000,0.0000
oracle,both,G0-miss0.25,r1_mean_50,0.0000,0.0000,0.0000
oracle,both,G0-miss0.25,r1_rms_100,0.0000,0.0000,0.0000
oracle,both,G0-miss0.25,r1_mean_100,0.0000,0.0000,0.0000
oracle,both,G0-miss0.25,r1_rms_200,0.0000,0.0000,0.0000
oracle,both,G0-miss0.25,r1_mean_200,0.0000,0.0000,0.0000
oracle,both,G0-miss0.25,r2_brier,0.1656,0.1650,0.1662
oracle,both,G0-miss0.25,r2_bias,0.0022,0.0014,0.0031
oracle,both,G0-miss0.25,r3_inside,0.8415,0.8385,0.8446
oracle,both,G0-miss0.25,r3_below_0.5,0.0038,0.0024,0.0054
oracle,both,G0-miss0.25,r3_above_0.95,0.0000,0.0000,0.0000
oracle,both,G0-miss0.25,r4_false,0.7468,0.7384,0.7548
oracle,both,G0-miss0.25,r4_false_0.70,0.5109,0.5008,0.5214
oracle,both,G0-miss0.25,r4_below,0.0000,0.0000,0.0000
oracle,both,G0-miss0.25,r4_false_at_task,0.7468,0.7388,0.7558
oracle,both,G0-miss0.25,r4_declared,5.6078,5.5293,5.6833
oracle,both,G0-miss0.25,r5_late_answers,6.3539,6.2711,6.4354
oracle,both,G0-miss0.25,r5_never,0.6508,0.6426,0.6589
oracle,both,G0-miss0.25,r6_lag,0.0000,0.0000,0.0000
oracle,both,G0-miss0.25,r7_error_5,0.0000,0.0000,0.0000
oracle,both,G0-miss0.25,r7_error_10,0.0000,0.0000,0.0000
oracle,both,G0-miss0.25,r7_longest_wrong,1.6155,1.5880,1.6425
oracle,both,G0-miss0.25,r7_hard_first,0.0029,0.0018,0.0042
oracle,both,G0-miss0.25,r4b_chance_below_0.5,0.0166,0.0102,0.0238
oracle,both,G0-miss0.25,r4b_chance_0.5_to_0.6,0.0120,0.0090,0.0155
oracle,both,G0-miss0.25,r4b_chance_0.6_to_0.7,0.1873,0.1839,0.1907
oracle,both,G0-miss0.25,r4b_chance_0.7_to_0.8,0.6806,0.6726,0.6885
oracle,both,G0-miss0.25,r4b_chance_0.8_up,0.1035,0.1012,0.1058
oracle,both,G0-miss0.25,r3_reachable,0.9705,0.9670,0.9740
oracle,both,G0-miss0.25,r2_ece,0.0023,0.0015,0.0032
oracle,both,G0-miss0.25,r4b_3,0.0000,0.0000,0.0000
oracle,both,G0-miss0.25,r4b_5,0.4026,0.3953,0.4100
oracle,both,G0-miss0.25,r4b_10,0.8296,0.8235,0.8357
oracle,both,G0-miss0.25,r4b_20,0.9836,0.9810,0.9861
oracle,both,G0-miss0.25,r4b_50,0.9988,0.9979,0.9995
oracle,both,G0-miss1,r1_rms_5,0.0000,0.0000,0.0000
oracle,both,G0-miss1,r1_mean_5,0.0000,0.0000,0.0000
oracle,both,G0-miss1,r1_rms_10,0.0000,0.0000,0.0000
oracle,both,G0-miss1,r1_mean_10,0.0000,0.0000,0.0000
oracle,both,G0-miss1,r1_rms_20,0.0000,0.0000,0.0000
oracle,both,G0-miss1,r1_mean_20,0.0000,0.0000,0.0000
oracle,both,G0-miss1,r1_rms_50,0.0000,0.0000,0.0000
oracle,both,G0-miss1,r1_mean_50,0.0000,0.0000,0.0000
oracle,both,G0-miss1,r1_rms_100,0.0000,0.0000,0.0000
oracle,both,G0-miss1,r1_mean_100,0.0000,0.0000,0.0000
oracle,both,G0-miss1,r1_rms_200,0.0000,0.0000,0.0000
oracle,both,G0-miss1,r1_mean_200,0.0000,0.0000,0.0000
oracle,both,G0-miss1,r2_brier,0.1800,0.1794,0.1806
oracle,both,G0-miss1,r2_bias,0.0262,0.0253,0.0271
oracle,both,G0-miss1,r3_inside,0.3574,0.3563,0.3586
oracle,both,G0-miss1,r3_below_0.5,0.0651,0.0639,0.0665
oracle,both,G0-miss1,r3_above_0.95,0.0522,0.0516,0.0528
oracle,both,G0-miss1,r4_false,0.7461,0.7385,0.7545
oracle,both,G0-miss1,r4_false_0.70,0.5138,0.5039,0.5245
oracle,both,G0-miss1,r4_below,0.0000,0.0000,0.0000
oracle,both,G0-miss1,r4_false_at_task,0.7461,0.7379,0.7543
oracle,both,G0-miss1,r4_declared,5.5995,5.5200,5.6772
oracle,both,G0-miss1,r5_late_answers,6.6705,6.5887,6.7560
oracle,both,G0-miss1,r5_never,0.6574,0.6491,0.6657
oracle,both,G0-miss1,r6_lag,0.0000,0.0000,0.0000
oracle,both,G0-miss1,r7_error_5,0.0000,0.0000,0.0000
oracle,both,G0-miss1,r7_error_10,0.0000,0.0000,0.0000
oracle,both,G0-miss1,r7_longest_wrong,1.7332,1.7055,1.7610
oracle,both,G0-miss1,r7_hard_first,0.0764,0.0737,0.0792
oracle,both,G0-miss1,r4b_chance_below_0.5,0.1116,0.1074,0.1165
oracle,both,G0-miss1,r4b_chance_0.5_to_0.6,0.1242,0.1224,0.1260
oracle,both,G0-miss1,r4b_chance_0.6_to_0.7,0.1774,0.1752,0.1795
oracle,both,G0-miss1,r4b_chance_0.7_to_0.8,0.2252,0.2227,0.2277
oracle,both,G0-miss1,r4b_chance_0.8_up,0.3616,0.3579,0.3651
oracle,both,G0-miss1,r3_reachable,0.9719,0.9687,0.9749
oracle,both,G0-miss1,r2_ece,0.0264,0.0255,0.0274
oracle,both,G0-miss1,r4b_3,0.0000,0.0000,0.0000
oracle,both,G0-miss1,r4b_5,0.3784,0.3712,0.3855
oracle,both,G0-miss1,r4b_10,0.8124,0.8063,0.8185
oracle,both,G0-miss1,r4b_20,0.9805,0.9780,0.9829
oracle,both,G0-miss1,r4b_50,0.9993,0.9986,0.9999
oracle,both,G2-half,r1_rms_5,0.0000,0.0000,0.0000
oracle,both,G2-half,r1_mean_5,0.0000,0.0000,0.0000
oracle,both,G2-half,r1_rms_10,0.0000,0.0000,0.0000
oracle,both,G2-half,r1_mean_10,0.0000,0.0000,0.0000
oracle,both,G2-half,r1_rms_20,0.0000,0.0000,0.0000
oracle,both,G2-half,r1_mean_20,0.0000,0.0000,0.0000
oracle,both,G2-half,r1_rms_50,0.0000,0.0000,0.0000
oracle,both,G2-half,r1_mean_50,0.0000,0.0000,0.0000
oracle,both,G2-half,r1_rms_100,0.0000,0.0000,0.0000
oracle,both,G2-half,r1_mean_100,0.0000,0.0000,0.0000
oracle,both,G2-half,r1_rms_200,0.0000,0.0000,0.0000
oracle,both,G2-half,r1_mean_200,0.0000,0.0000,0.0000
oracle,both,G2-half,r2_brier,0.1775,0.1770,0.1781
oracle,both,G2-half,r2_bias,0.0076,0.0067,0.0086
oracle,both,G2-half,r3_inside,0.6017,0.6004,0.6030
oracle,both,G2-half,r3_below_0.5,0.0049,0.0045,0.0053
oracle,both,G2-half,r3_above_0.95,0.0010,0.0009,0.0011
oracle,both,G2-half,r4_false,0.7307,0.7231,0.7378
oracle,both,G2-half,r4_false_0.70,0.4850,0.4776,0.4925
oracle,both,G2-half,r4_below,0.0000,0.0000,0.0000
oracle,both,G2-half,r4_false_at_task,0.7307,0.7238,0.7380
oracle,both,G2-half,r4_declared,12.8585,12.7543,12.9645
oracle,both,G2-half,r5_late_answers,8.8570,8.7765,8.9409
oracle,both,G2-half,r5_never,0.2529,0.2435,0.2626
oracle,both,G2-half,r6_lag,0.0000,0.0000,0.0000
oracle,both,G2-half,r7_error_5,0.0000,0.0000,0.0000
oracle,both,G2-half,r7_error_10,0.0000,0.0000,0.0000
oracle,both,G2-half,r7_longest_wrong,1.6198,1.5945,1.6453
oracle,both,G2-half,r7_hard_first,0.0049,0.0038,0.0060
oracle,both,G2-half,r4b_chance_below_0.5,0.0113,0.0101,0.0128
oracle,both,G2-half,r4b_chance_0.5_to_0.6,0.0750,0.0737,0.0763
oracle,both,G2-half,r4b_chance_0.6_to_0.7,0.2668,0.2646,0.2688
oracle,both,G2-half,r4b_chance_0.7_to_0.8,0.4207,0.4183,0.4231
oracle,both,G2-half,r4b_chance_0.8_up,0.2262,0.2241,0.2282
oracle,both,G2-half,r3_reachable,0.9697,0.9684,0.9710
oracle,both,G2-half,r2_ece,0.0077,0.0068,0.0086
oracle,both,G2-half,r4b_3,0.1634,0.1592,0.1674
oracle,both,G2-half,r4b_5,0.4468,0.4410,0.4527
oracle,both,G2-half,r4b_10,0.8210,0.8155,0.8266
oracle,both,G2-half,r4b_20,0.9837,0.9813,0.9861
oracle,both,G2-half,r4b_50,1.0000,1.0000,1.0000
oracle,both,G2-fading,r1_rms_5,0.0000,0.0000,0.0000
oracle,both,G2-fading,r1_mean_5,0.0000,0.0000,0.0000
oracle,both,G2-fading,r1_rms_10,0.0000,0.0000,0.0000
oracle,both,G2-fading,r1_mean_10,0.0000,0.0000,0.0000
oracle,both,G2-fading,r1_rms_20,0.0000,0.0000,0.0000
oracle,both,G2-fading,r1_mean_20,0.0000,0.0000,0.0000
oracle,both,G2-fading,r1_rms_50,0.0000,0.0000,0.0000
oracle,both,G2-fading,r1_mean_50,0.0000,0.0000,0.0000
oracle,both,G2-fading,r1_rms_100,0.0000,0.0000,0.0000
oracle,both,G2-fading,r1_mean_100,0.0000,0.0000,0.0000
oracle,both,G2-fading,r1_rms_200,0.0000,0.0000,0.0000
oracle,both,G2-fading,r1_mean_200,0.0000,0.0000,0.0000
oracle,both,G2-fading,r2_brier,0.1753,0.1748,0.1758
oracle,both,G2-fading,r2_bias,0.0076,0.0067,0.0085
oracle,both,G2-fading,r3_inside,0.5985,0.5970,0.5999
oracle,both,G2-fading,r3_below_0.5,0.0049,0.0043,0.0057
oracle,both,G2-fading,r3_above_0.95,0.0011,0.0010,0.0012
oracle,both,G2-fading,r4_false,0.7151,0.7079,0.7223
oracle,both,G2-fading,r4_false_0.70,0.4626,0.4548,0.4705
oracle,both,G2-fading,r4_below,0.0000,0.0000,0.0000
oracle,both,G2-fading,r4_false_at_task,0.7151,0.7072,0.7227
oracle,both,G2-fading,r4_declared,11.3238,11.2410,11.4080
oracle,both,G2-fading,r5_late_answers,9.4758,9.3834,9.5715
oracle,both,G2-fading,r5_never,0.2546,0.2445,0.2651
oracle,both,G2-fading,r6_lag,0.0000,0.0000,0.0000
oracle,both,G2-fading,r7_error_5,0.0000,0.0000,0.0000
oracle,both,G2-fading,r7_error_10,0.0000,0.0000,0.0000
oracle,both,G2-fading,r7_longest_wrong,1.6370,1.6107,1.6620
oracle,both,G2-fading,r7_hard_first,0.0056,0.0044,0.0070
oracle,both,G2-fading,r4b_chance_below_0.5,0.0127,0.0107,0.0155
oracle,both,G2-fading,r4b_chance_0.5_to_0.6,0.0786,0.0773,0.0801
oracle,both,G2-fading,r4b_chance_0.6_to_0.7,0.2680,0.2658,0.2701
oracle,both,G2-fading,r4b_chance_0.7_to_0.8,0.4206,0.4180,0.4232
oracle,both,G2-fading,r4b_chance_0.8_up,0.2201,0.2178,0.2222
oracle,both,G2-fading,r3_reachable,0.9611,0.9594,0.9626
oracle,both,G2-fading,r2_ece,0.0076,0.0068,0.0086
oracle,both,G2-fading,r4b_3,0.1596,0.1555,0.1638
oracle,both,G2-fading,r4b_5,0.4531,0.4469,0.4593
oracle,both,G2-fading,r4b_10,0.8229,0.8174,0.8284
oracle,both,G2-fading,r4b_20,0.9858,0.9836,0.9880
oracle,both,G2-fading,r4b_50,0.9996,0.9987,1.0000
oracle,both,G3-drop,r1_rms_5,0.0000,0.0000,0.0000
oracle,both,G3-drop,r1_mean_5,0.0000,0.0000,0.0000
oracle,both,G3-drop,r1_rms_10,0.0000,0.0000,0.0000
oracle,both,G3-drop,r1_mean_10,0.0000,0.0000,0.0000
oracle,both,G3-drop,r1_rms_20,0.0000,0.0000,0.0000
oracle,both,G3-drop,r1_mean_20,0.0000,0.0000,0.0000
oracle,both,G3-drop,r1_rms_50,0.0000,0.0000,0.0000
oracle,both,G3-drop,r1_mean_50,0.0000,0.0000,0.0000
oracle,both,G3-drop,r1_rms_100,0.0000,0.0000,0.0000
oracle,both,G3-drop,r1_mean_100,0.0000,0.0000,0.0000
oracle,both,G3-drop,r1_rms_200,0.0000,0.0000,0.0000
oracle,both,G3-drop,r1_mean_200,0.0000,0.0000,0.0000
oracle,both,G3-drop,r2_brier,0.1721,0.1715,0.1728
oracle,both,G3-drop,r2_bias,0.0078,0.0069,0.0088
oracle,both,G3-drop,r3_inside,0.6036,0.6008,0.6062
oracle,both,G3-drop,r3_below_0.5,0.0188,0.0162,0.0216
oracle,both,G3-drop,r3_above_0.95,0.0010,0.0009,0.0011
oracle,both,G3-drop,r4_false,0.7877,0.7803,0.7950
oracle,both,G3-drop,r4_false_0.70,0.5585,0.5480,0.5679
oracle,both,G3-drop,r4_below,0.0000,0.0000,0.0000
oracle,both,G3-drop,r4_false_at_task,0.7877,0.7802,0.7945
oracle,both,G3-drop,r4_declared,6.0468,5.9683,6.1232
oracle,both,G3-drop,r5_late_answers,6.0752,5.9900,6.1618
oracle,both,G3-drop,r5_never,0.6551,0.6475,0.6626
oracle,both,G3-drop,r6_lag,0.0000,0.0000,0.0000
oracle,both,G3-drop,r6_jump_answers,0.0000,0.0000,0.0000
oracle,both,G3-drop,r6_jump_unsettled,0.0000,0.0000,0.0000
oracle,both,G3-drop,r7_error_5,0.0000,0.0000,0.0000
oracle,both,G3-drop,r7_error_10,0.0000,0.0000,0.0000
oracle,both,G3-drop,r7_longest_wrong,1.6515,1.6250,1.6780
oracle,both,G3-drop,r7_hard_first,0.0060,0.0047,0.0074
oracle,both,G3-drop,r4b_chance_below_0.5,0.0770,0.0658,0.0889
oracle,both,G3-drop,r4b_chance_0.5_to_0.6,0.0776,0.0750,0.0802
oracle,both,G3-drop,r4b_chance_0.6_to_0.7,0.2351,0.2315,0.2388
oracle,both,G3-drop,r4b_chance_0.7_to_0.8,0.3872,0.3806,0.3934
oracle,both,G3-drop,r4b_chance_0.8_up,0.2231,0.2187,0.2275
oracle,both,G3-drop,r3_reachable,0.9515,0.9474,0.9560
oracle,both,G3-drop,r2_ece,0.0083,0.0074,0.0092
oracle,both,G3-drop,r4b_3,0.0254,0.0230,0.0277
oracle,both,G3-drop,r4b_5,0.3955,0.3883,0.4030
oracle,both,G3-drop,r4b_10,0.8056,0.7988,0.8125
oracle,both,G3-drop,r4b_20,0.9674,0.9633,0.9717
oracle,both,G3-drop,r4b_50,0.9944,0.9919,0.9967
oracle,both,G0-start0.5,r1_rms_5,0.0000,0.0000,0.0000
oracle,both,G0-start0.5,r1_mean_5,0.0000,0.0000,0.0000
oracle,both,G0-start0.5,r1_rms_10,0.0000,0.0000,0.0000
oracle,both,G0-start0.5,r1_mean_10,0.0000,0.0000,0.0000
oracle,both,G0-start0.5,r1_rms_20,0.0000,0.0000,0.0000
oracle,both,G0-start0.5,r1_mean_20,0.0000,0.0000,0.0000
oracle,both,G0-start0.5,r1_rms_50,0.0000,0.0000,0.0000
oracle,both,G0-start0.5,r1_mean_50,0.0000,0.0000,0.0000
oracle,both,G0-start0.5,r1_rms_100,0.0000,0.0000,0.0000
oracle,both,G0-start0.5,r1_mean_100,0.0000,0.0000,0.0000
oracle,both,G0-start0.5,r1_rms_200,0.0000,0.0000,0.0000
oracle,both,G0-start0.5,r1_mean_200,0.0000,0.0000,0.0000
oracle,both,G0-start0.5,r2_brier,0.1680,0.1674,0.1686
oracle,both,G0-start0.5,r2_bias,0.0086,0.0077,0.0095
oracle,both,G0-start0.5,r3_inside,0.6170,0.6157,0.6184
oracle,both,G0-start0.5,r3_below_0.5,0.0019,0.0018,0.0021
oracle,both,G0-start0.5,r3_above_0.95,0.0012,0.0011,0.0013
oracle,both,G0-start0.5,r4_false,0.7523,0.7455,0.7591
oracle,both,G0-start0.5,r4_false_0.70,0.5222,0.5136,0.5317
oracle,both,G0-start0.5,r4_below,0.0000,0.0000,0.0000
oracle,both,G0-start0.5,r4_false_at_task,0.7523,0.7455,0.7591
oracle,both,G0-start0.5,r4_declared,5.4538,5.3785,5.5252
oracle,both,G0-start0.5,r5_late_answers,6.4185,6.3303,6.5113
oracle,both,G0-start0.5,r5_never,0.6243,0.6160,0.6325
oracle,both,G0-start0.5,r6_lag,0.0000,0.0000,0.0000
oracle,both,G0-start0.5,r7_error_5,0.0000,0.0000,0.0000
oracle,both,G0-start0.5,r7_error_10,0.0000,0.0000,0.0000
oracle,both,G0-start0.5,r7_longest_wrong,1.5980,1.5728,1.6235
oracle,both,G0-start0.5,r7_hard_first,0.0035,0.0030,0.0041
oracle,both,G0-start0.5,r4b_chance_below_0.5,0.0072,0.0067,0.0077
oracle,both,G0-start0.5,r4b_chance_0.5_to_0.6,0.0666,0.0651,0.0681
oracle,both,G0-start0.5,r4b_chance_0.6_to_0.7,0.2470,0.2445,0.2496
oracle,both,G0-start0.5,r4b_chance_0.7_to_0.8,0.4288,0.4262,0.4315
oracle,both,G0-start0.5,r4b_chance_0.8_up,0.2504,0.2478,0.2531
oracle,both,G0-start0.5,r3_reachable,0.9761,0.9739,0.9783
oracle,both,G0-start0.5,r2_ece,0.0086,0.0077,0.0094
oracle,both,G0-start0.5,r4b_3,0.0000,0.0000,0.0000
oracle,both,G0-start0.5,r4b_5,0.4026,0.3955,0.4102
oracle,both,G0-start0.5,r4b_10,0.8291,0.8236,0.8345
oracle,both,G0-start0.5,r4b_20,0.9864,0.9845,0.9883
oracle,both,G0-start0.5,r4b_50,0.9999,0.9995,1.0000
oracle,both,G0-start2,r1_rms_5,0.0000,0.0000,0.0000
oracle,both,G0-start2,r1_mean_5,0.0000,0.0000,0.0000
oracle,both,G0-start2,r1_rms_10,0.0000,0.0000,0.0000
oracle,both,G0-start2,r1_mean_10,0.0000,0.0000,0.0000
oracle,both,G0-start2,r1_rms_20,0.0000,0.0000,0.0000
oracle,both,G0-start2,r1_mean_20,0.0000,0.0000,0.0000
oracle,both,G0-start2,r1_rms_50,0.0000,0.0000,0.0000
oracle,both,G0-start2,r1_mean_50,0.0000,0.0000,0.0000
oracle,both,G0-start2,r1_rms_100,0.0000,0.0000,0.0000
oracle,both,G0-start2,r1_mean_100,0.0000,0.0000,0.0000
oracle,both,G0-start2,r1_rms_200,0.0000,0.0000,0.0000
oracle,both,G0-start2,r1_mean_200,0.0000,0.0000,0.0000
oracle,both,G0-start2,r2_brier,0.1711,0.1703,0.1720
oracle,both,G0-start2,r2_bias,0.0075,0.0066,0.0084
oracle,both,G0-start2,r3_inside,0.5817,0.5774,0.5862
oracle,both,G0-start2,r3_below_0.5,0.0375,0.0326,0.0426
oracle,both,G0-start2,r3_above_0.95,0.0046,0.0033,0.0061
oracle,both,G0-start2,r4_false,0.7326,0.7226,0.7421
oracle,both,G0-start2,r4_false_0.70,0.5333,0.5216,0.5447
oracle,both,G0-start2,r4_below,0.0000,0.0000,0.0000
oracle,both,G0-start2,r4_false_at_task,0.7326,0.7228,0.7425
oracle,both,G0-start2,r4_declared,5.6943,5.6140,5.7745
oracle,both,G0-start2,r5_late_answers,6.3882,6.3131,6.4679
oracle,both,G0-start2,r5_never,0.6633,0.6545,0.6712
oracle,both,G0-start2,r6_lag,0.0000,0.0000,0.0000
oracle,both,G0-start2,r7_error_5,0.0000,0.0000,0.0000
oracle,both,G0-start2,r7_error_10,0.0000,0.0000,0.0000
oracle,both,G0-start2,r7_longest_wrong,1.7272,1.6932,1.7600
oracle,both,G0-start2,r7_hard_first,0.0367,0.0316,0.0415
oracle,both,G0-start2,r4b_chance_below_0.5,0.1672,0.1474,0.1889
oracle,both,G0-start2,r4b_chance_0.5_to_0.6,0.0812,0.0777,0.0849
oracle,both,G0-start2,r4b_chance_0.6_to_0.7,0.2097,0.2042,0.2152
oracle,both,G0-start2,r4b_chance_0.7_to_0.8,0.3434,0.3329,0.3541
oracle,both,G0-start2,r4b_chance_0.8_up,0.1985,0.1914,0.2053
oracle,both,G0-start2,r3_reachable,0.9190,0.9110,0.9264
oracle,both,G0-start2,r2_ece,0.0081,0.0073,0.0090
oracle,both,G0-start2,r4b_3,0.0000,0.0000,0.0000
oracle,both,G0-start2,r4b_5,0.3658,0.3577,0.3740
oracle,both,G0-start2,r4b_10,0.7870,0.7783,0.7962
oracle,both,G0-start2,r4b_20,0.9475,0.9410,0.9541
oracle,both,G0-start2,r4b_50,0.9841,0.9807,0.9872
oracle,both,G0-topics0.3,r1_rms_5,0.0000,0.0000,0.0000
oracle,both,G0-topics0.3,r1_mean_5,0.0000,0.0000,0.0000
oracle,both,G0-topics0.3,r1_rms_10,0.0000,0.0000,0.0000
oracle,both,G0-topics0.3,r1_mean_10,0.0000,0.0000,0.0000
oracle,both,G0-topics0.3,r1_rms_20,0.0000,0.0000,0.0000
oracle,both,G0-topics0.3,r1_mean_20,0.0000,0.0000,0.0000
oracle,both,G0-topics0.3,r1_rms_50,0.0000,0.0000,0.0000
oracle,both,G0-topics0.3,r1_mean_50,0.0000,0.0000,0.0000
oracle,both,G0-topics0.3,r1_rms_100,0.0000,0.0000,0.0000
oracle,both,G0-topics0.3,r1_mean_100,0.0000,0.0000,0.0000
oracle,both,G0-topics0.3,r1_rms_200,0.0000,0.0000,0.0000
oracle,both,G0-topics0.3,r1_mean_200,0.0000,0.0000,0.0000
oracle,both,G0-topics0.3,r2_brier,0.1697,0.1690,0.1703
oracle,both,G0-topics0.3,r2_bias,0.0081,0.0072,0.0090
oracle,both,G0-topics0.3,r3_inside,0.6135,0.6115,0.6155
oracle,both,G0-topics0.3,r3_below_0.5,0.0052,0.0042,0.0065
oracle,both,G0-topics0.3,r3_above_0.95,0.0010,0.0010,0.0011
oracle,both,G0-topics0.3,r4_false,0.7600,0.7512,0.7690
oracle,both,G0-topics0.3,r4_false_0.70,0.5292,0.5181,0.5411
oracle,both,G0-topics0.3,r4_below,0.0000,0.0000,0.0000
oracle,both,G0-topics0.3,r4_false_at_task,0.7600,0.7515,0.7687
oracle,both,G0-topics0.3,r4_declared,5.7060,5.6238,5.7880
oracle,both,G0-topics0.3,r5_late_answers,6.4110,6.3286,6.4905
oracle,both,G0-topics0.3,r5_never,0.6539,0.6437,0.6637
oracle,both,G0-topics0.3,r6_lag,0.0000,0.0000,0.0000
oracle,both,G0-topics0.3,r7_error_5,0.0000,0.0000,0.0000
oracle,both,G0-topics0.3,r7_error_10,0.0000,0.0000,0.0000
oracle,both,G0-topics0.3,r7_longest_wrong,1.6425,1.6162,1.6695
oracle,both,G0-topics0.3,r7_hard_first,0.0063,0.0051,0.0076
oracle,both,G0-topics0.3,r4b_chance_below_0.5,0.0176,0.0133,0.0226
oracle,both,G0-topics0.3,r4b_chance_0.5_to_0.6,0.0721,0.0697,0.0749
oracle,both,G0-topics0.3,r4b_chance_0.6_to_0.7,0.2458,0.2430,0.2486
oracle,both,G0-topics0.3,r4b_chance_0.7_to_0.8,0.4202,0.4157,0.4245
oracle,both,G0-topics0.3,r4b_chance_0.8_up,0.2443,0.2409,0.2475
oracle,both,G0-topics0.3,r3_reachable,0.9682,0.9645,0.9718
oracle,both,G0-topics0.3,r2_ece,0.0082,0.0074,0.0092
oracle,both,G0-topics0.3,r4b_3,0.0000,0.0000,0.0000
oracle,both,G0-topics0.3,r4b_5,0.3967,0.3897,0.4041
oracle,both,G0-topics0.3,r4b_10,0.8297,0.8233,0.8357
oracle,both,G0-topics0.3,r4b_20,0.9842,0.9819,0.9866
oracle,both,G0-topics0.3,r4b_50,0.9995,0.9989,1.0000
oracle,both,G0-topics1,r1_rms_5,0.0000,0.0000,0.0000
oracle,both,G0-topics1,r1_mean_5,0.0000,0.0000,0.0000
oracle,both,G0-topics1,r1_rms_10,0.0000,0.0000,0.0000
oracle,both,G0-topics1,r1_mean_10,0.0000,0.0000,0.0000
oracle,both,G0-topics1,r1_rms_20,0.0000,0.0000,0.0000
oracle,both,G0-topics1,r1_mean_20,0.0000,0.0000,0.0000
oracle,both,G0-topics1,r1_rms_50,0.0000,0.0000,0.0000
oracle,both,G0-topics1,r1_mean_50,0.0000,0.0000,0.0000
oracle,both,G0-topics1,r1_rms_100,0.0000,0.0000,0.0000
oracle,both,G0-topics1,r1_mean_100,0.0000,0.0000,0.0000
oracle,both,G0-topics1,r1_rms_200,0.0000,0.0000,0.0000
oracle,both,G0-topics1,r1_mean_200,0.0000,0.0000,0.0000
oracle,both,G0-topics1,r2_brier,0.1685,0.1679,0.1691
oracle,both,G0-topics1,r2_bias,0.0082,0.0073,0.0091
oracle,both,G0-topics1,r3_inside,0.6165,0.6151,0.6180
oracle,both,G0-topics1,r3_below_0.5,0.0029,0.0022,0.0038
oracle,both,G0-topics1,r3_above_0.95,0.0012,0.0011,0.0013
oracle,both,G0-topics1,r4_false,0.7308,0.7232,0.7380
oracle,both,G0-topics1,r4_false_0.70,0.5062,0.4976,0.5149
oracle,both,G0-topics1,r4_below,0.0000,0.0000,0.0000
oracle,both,G0-topics1,r4_false_at_task,0.7308,0.7235,0.7381
oracle,both,G0-topics1,r4_declared,5.4443,5.3660,5.5187
oracle,both,G0-topics1,r5_late_answers,6.5470,6.4622,6.6335
oracle,both,G0-topics1,r5_never,0.6542,0.6473,0.6610
oracle,both,G0-topics1,r6_lag,0.0000,0.0000,0.0000
oracle,both,G0-topics1,r7_error_5,0.0000,0.0000,0.0000
oracle,both,G0-topics1,r7_error_10,0.0000,0.0000,0.0000
oracle,both,G0-topics1,r7_longest_wrong,1.6213,1.5958,1.6470
oracle,both,G0-topics1,r7_hard_first,0.0043,0.0034,0.0053
oracle,both,G0-topics1,r4b_chance_below_0.5,0.0117,0.0077,0.0165
oracle,both,G0-topics1,r4b_chance_0.5_to_0.6,0.0643,0.0629,0.0657
oracle,both,G0-topics1,r4b_chance_0.6_to_0.7,0.2454,0.2426,0.2481
oracle,both,G0-topics1,r4b_chance_0.7_to_0.8,0.4282,0.4249,0.4317
oracle,both,G0-topics1,r4b_chance_0.8_up,0.2505,0.2475,0.2532
oracle,both,G0-topics1,r3_reachable,0.9756,0.9730,0.9779
oracle,both,G0-topics1,r2_ece,0.0083,0.0074,0.0092
oracle,both,G0-topics1,r4b_3,0.0000,0.0000,0.0000
oracle,both,G0-topics1,r4b_5,0.4040,0.3967,0.4114
oracle,both,G0-topics1,r4b_10,0.8315,0.8257,0.8372
oracle,both,G0-topics1,r4b_20,0.9859,0.9839,0.9880
oracle,both,G0-topics1,r4b_50,0.9989,0.9979,0.9998
