rule,structure,generator,metric,value,low,high
shrinking,both,G0,r1_rms_5,1.0198,0.9857,1.0556
shrinking,both,G0,r1_mean_5,-0.0343,-0.1021,0.0355
shrinking,both,G0,r1_rms_10,0.9513,0.9206,0.9818
shrinking,both,G0,r1_mean_10,-0.0579,-0.1173,0.0046
shrinking,both,G0,r1_rms_20,0.8459,0.8210,0.8710
shrinking,both,G0,r1_mean_20,-0.0805,-0.1297,-0.0303
shrinking,both,G0,r1_rms_50,0.6801,0.6644,0.6974
shrinking,both,G0,r1_mean_50,-0.0966,-0.1294,-0.0616
shrinking,both,G0,r1_rms_100,0.5648,0.5532,0.5773
shrinking,both,G0,r1_mean_100,-0.1056,-0.1290,-0.0817
shrinking,both,G0,r1_rms_200,0.4836,0.4757,0.4919
shrinking,both,G0,r1_mean_200,-0.0903,-0.1070,-0.0751
shrinking,both,G0,r2_brier,0.1738,0.1719,0.1756
shrinking,both,G0,r2_bias,0.0030,-0.0002,0.0060
shrinking,both,G0,r3_inside,0.4284,0.4230,0.4335
shrinking,both,G0,r3_below_0.5,0.0371,0.0335,0.0411
shrinking,both,G0,r3_above_0.95,0.0295,0.0267,0.0324
shrinking,both,G0,r4_false,0.0360,0.0308,0.0417
shrinking,both,G0,r4_false_0.70,0.0083,0.0060,0.0106
shrinking,both,G0,r4_below,0.5595,0.5411,0.5773
shrinking,both,G0,r4_false_at_task,0.0316,0.0240,0.0399
shrinking,both,G0,r4_declared,8.4750,8.0840,8.8670
shrinking,both,G0,r5_late_answers,4.6305,4.4690,4.7924
shrinking,both,G0,r5_never,0.1941,0.1797,0.2086
shrinking,both,G0,r6_lag,-0.1091,-0.1248,-0.0931
shrinking,both,G0,r7_error_5,0.8674,0.8275,0.9082
shrinking,both,G0,r7_error_10,0.7892,0.7531,0.8285
shrinking,both,G0,r7_longest_wrong,1.7620,1.7070,1.8160
shrinking,both,G0,r7_hard_first,0.1330,0.1218,0.1437
shrinking,both,G0,r4b_chance_below_0.5,0.0847,0.0750,0.0958
shrinking,both,G0,r4b_chance_0.5_to_0.6,0.1241,0.1179,0.1307
shrinking,both,G0,r4b_chance_0.6_to_0.7,0.2131,0.2071,0.2187
shrinking,both,G0,r4b_chance_0.7_to_0.8,0.2848,0.2774,0.2919
shrinking,both,G0,r4b_chance_0.8_up,0.2932,0.2795,0.3061
shrinking,both,G0,r3_reachable,0.9335,0.9245,0.9417
shrinking,both,G0,r8_rank_6_20,3.8133,3.3467,4.2733
shrinking,both,G0,r8_topic_rank_6_20,18.4467,17.5133,19.4467
shrinking,both,G0,r8_rank_150_200,1.6333,1.4000,1.9000
shrinking,both,G0,r8_topic_rank_150_200,8.9843,8.5863,9.3941
shrinking,both,G0,r9_kept_up_6_50,-0.0110,-0.0177,-0.0039
shrinking,both,G0,r9_kept_up_101_200,0.0024,-0.0003,0.0050
shrinking,both,G0,r10_shown,3.7480,3.5000,4.0080
shrinking,both,G0,r2_ece,0.0050,0.0032,0.0079
shrinking,both,G0,r4b_3,0.1565,0.1443,0.1697
shrinking,both,G0,r4b_5,0.1854,0.1708,0.2001
shrinking,both,G0,r4b_10,0.2010,0.1855,0.2164
shrinking,both,G0,r4b_20,0.2113,0.1950,0.2282
shrinking,both,G0,r4b_50,0.2192,0.1989,0.2408
shrinking,both,G0,r8_move_p95_6_20,73.0000,73.0000,74.0000
shrinking,both,G0,r8_move_p95_150_200,41.0000,40.0000,41.0000
shrinking,both,G0,r9_kept_up_later_less_earlier,0.0133,0.0069,0.0192
shrinking,both,G0,r10_taken_back_5,0.1761,0.1570,0.1955
shrinking,both,G0,r10_taken_back_10,0.3431,0.3117,0.3806
shrinking,both,G1,r1_rms_5,1.1039,1.0597,1.1474
shrinking,both,G1,r1_mean_5,-0.0548,-0.1355,0.0251
shrinking,both,G1,r1_rms_10,1.0359,0.9963,1.0754
shrinking,both,G1,r1_mean_10,-0.0865,-0.1586,-0.0167
shrinking,both,G1,r1_rms_20,0.9216,0.8904,0.9549
shrinking,both,G1,r1_mean_20,-0.1047,-0.1640,-0.0474
shrinking,both,G1,r1_rms_50,0.7373,0.7150,0.7597
shrinking,both,G1,r1_mean_50,-0.1234,-0.1610,-0.0820
shrinking,both,G1,r1_rms_100,0.6048,0.5906,0.6209
shrinking,both,G1,r1_mean_100,-0.1146,-0.1430,-0.0868
shrinking,both,G1,r1_rms_200,0.5064,0.4972,0.5167
shrinking,both,G1,r1_mean_200,-0.0898,-0.1089,-0.0700
shrinking,both,G1,r2_brier,0.1814,0.1785,0.1843
shrinking,both,G1,r2_bias,0.0004,-0.0031,0.0039
shrinking,both,G1,r3_inside,0.3508,0.3412,0.3600
shrinking,both,G1,r3_below_0.5,0.1117,0.1005,0.1230
shrinking,both,G1,r3_above_0.95,0.0448,0.0400,0.0501
shrinking,both,G1,r4_false,0.0051,0.0032,0.0072
shrinking,both,G1,r4_false_0.70,0.0018,0.0008,0.0032
shrinking,both,G1,r4_below,0.3841,0.3615,0.4087
shrinking,both,G1,r4_false_at_task,0.0016,0.0004,0.0032
shrinking,both,G1,r4_declared,8.9050,8.4520,9.3680
shrinking,both,G1,r5_late_answers,4.4540,4.3218,4.5967
shrinking,both,G1,r5_never,0.0394,0.0335,0.0464
shrinking,both,G1,r6_lag,-0.1190,-0.1390,-0.1000
shrinking,both,G1,r7_error_5,0.9437,0.8953,0.9932
shrinking,both,G1,r7_error_10,0.8675,0.8221,0.9160
shrinking,both,G1,r7_longest_wrong,2.0150,1.9380,2.0990
shrinking,both,G1,r7_hard_first,0.2259,0.2093,0.2431
shrinking,both,G1,r4b_chance_below_0.5,0.2792,0.2587,0.2996
shrinking,both,G1,r4b_chance_0.5_to_0.6,0.1835,0.1752,0.1915
shrinking,both,G1,r4b_chance_0.6_to_0.7,0.1755,0.1705,0.1809
shrinking,both,G1,r4b_chance_0.7_to_0.8,0.1736,0.1631,0.1844
shrinking,both,G1,r4b_chance_0.8_up,0.1882,0.1717,0.2061
shrinking,both,G1,r3_reachable,0.8061,0.7853,0.8278
shrinking,both,G1,r8_rank_6_20,3.9800,3.5533,4.4333
shrinking,both,G1,r8_topic_rank_6_20,17.7400,16.7333,18.7800
shrinking,both,G1,r8_rank_150_200,1.5157,1.2608,1.7706
shrinking,both,G1,r8_topic_rank_150_200,7.1588,6.7255,7.5922
shrinking,both,G1,r9_kept_up_6_50,-0.0093,-0.0168,-0.0024
shrinking,both,G1,r9_kept_up_101_200,0.0043,0.0017,0.0071
shrinking,both,G1,r10_shown,5.5600,5.1370,5.9820
shrinking,both,G1,r2_ece,0.0070,0.0065,0.0107
shrinking,both,G1,r4b_3,0.0930,0.0816,0.1041
shrinking,both,G1,r4b_5,0.1074,0.0947,0.1205
shrinking,both,G1,r4b_10,0.1104,0.0970,0.1237
shrinking,both,G1,r4b_20,0.1117,0.0984,0.1252
shrinking,both,G1,r4b_50,0.1185,0.1026,0.1360
shrinking,both,G1,r8_move_p95_6_20,72.0000,72.0000,73.0000
shrinking,both,G1,r8_move_p95_150_200,41.0000,40.0000,41.0000
shrinking,both,G1,r9_kept_up_later_less_earlier,0.0137,0.0077,0.0200
shrinking,both,G1,r10_taken_back_5,0.1477,0.1353,0.1597
shrinking,both,G1,r10_taken_back_10,0.3284,0.2984,0.3597
shrinking,both,G2,r1_rms_5,0.9612,0.9244,0.9984
shrinking,both,G2,r1_mean_5,-0.1063,-0.1663,-0.0433
shrinking,both,G2,r1_rms_10,0.9122,0.8835,0.9416
shrinking,both,G2,r1_mean_10,-0.1813,-0.2360,-0.1234
shrinking,both,G2,r1_rms_20,0.8470,0.8205,0.8739
shrinking,both,G2,r1_mean_20,-0.2829,-0.3272,-0.2361
shrinking,both,G2,r1_rms_50,0.8170,0.7960,0.8400
shrinking,both,G2,r1_mean_50,-0.5129,-0.5492,-0.4788
shrinking,both,G2,r1_rms_100,0.9563,0.9353,0.9790
shrinking,both,G2,r1_mean_100,-0.8058,-0.8328,-0.7811
shrinking,both,G2,r1_rms_200,1.2095,1.1927,1.2254
shrinking,both,G2,r1_mean_200,-1.1227,-1.1403,-1.1050
shrinking,both,G2,r2_brier,0.1307,0.1292,0.1320
shrinking,both,G2,r2_bias,-0.0732,-0.0757,-0.0706
shrinking,both,G2,r3_inside,0.2749,0.2687,0.2812
shrinking,both,G2,r3_below_0.5,0.0149,0.0134,0.0167
shrinking,both,G2,r3_above_0.95,0.1403,0.1331,0.1479
shrinking,both,G2,r4_false,0.0053,0.0038,0.0070
shrinking,both,G2,r4_false_0.70,0.0005,0.0001,0.0011
shrinking,both,G2,r4_below,0.5690,0.5478,0.5908
shrinking,both,G2,r4_false_at_task,0.0060,0.0034,0.0090
shrinking,both,G2,r4_declared,11.1320,10.7040,11.5610
shrinking,both,G2,r5_late_answers,6.5127,6.3444,6.6889
shrinking,both,G2,r5_never,0.3848,0.3701,0.3999
shrinking,both,G2,r6_lag,-1.0078,-1.0269,-0.9884
shrinking,both,G2,r7_error_5,0.8038,0.7668,0.8441
shrinking,both,G2,r7_error_10,0.7419,0.7069,0.7795
shrinking,both,G2,r7_longest_wrong,1.7310,1.6790,1.7890
shrinking,both,G2,r7_hard_first,0.1201,0.1103,0.1304
shrinking,both,G2,r4b_chance_below_0.5,0.0564,0.0507,0.0620
shrinking,both,G2,r4b_chance_0.5_to_0.6,0.0682,0.0636,0.0732
shrinking,both,G2,r4b_chance_0.6_to_0.7,0.1280,0.1221,0.1336
shrinking,both,G2,r4b_chance_0.7_to_0.8,0.2343,0.2279,0.2407
shrinking,both,G2,r4b_chance_0.8_up,0.5131,0.4986,0.5272
shrinking,both,G2,r3_reachable,0.9612,0.9573,0.9650
shrinking,both,G2,r8_rank_6_20,3.9667,3.5000,4.5133
shrinking,both,G2,r8_topic_rank_6_20,18.0533,17.1067,19.0200
shrinking,both,G2,r8_rank_150_200,1.5431,1.3647,1.7490
shrinking,both,G2,r8_topic_rank_150_200,8.8412,8.3941,9.2922
shrinking,both,G2,r9_kept_up_6_50,0.0214,0.0156,0.0276
shrinking,both,G2,r9_kept_up_101_200,0.1058,0.1037,0.1080
shrinking,both,G2,r10_shown,4.8640,4.5030,5.2210
shrinking,both,G2,r2_ece,0.0733,0.0708,0.0759
shrinking,both,G2,r4b_3,0.1411,0.1280,0.1539
shrinking,both,G2,r4b_5,0.1738,0.1586,0.1888
shrinking,both,G2,r4b_10,0.2311,0.2088,0.2538
shrinking,both,G2,r4b_20,0.2706,0.2405,0.3048
shrinking,both,G2,r4b_50,0.2706,0.2391,0.3066
shrinking,both,G2,r8_move_p95_6_20,73.0000,73.0000,74.0000
shrinking,both,G2,r8_move_p95_150_200,39.0000,38.0000,39.0000
shrinking,both,G2,r9_kept_up_later_less_earlier,0.0844,0.0791,0.0895
shrinking,both,G2,r10_taken_back_5,0.0664,0.0575,0.0751
shrinking,both,G2,r10_taken_back_10,0.1324,0.1152,0.1496
shrinking,both,G3,r1_rms_5,1.0052,0.9718,1.0403
shrinking,both,G3,r1_mean_5,0.0400,-0.0251,0.1043
shrinking,both,G3,r1_rms_10,0.9347,0.9052,0.9651
shrinking,both,G3,r1_mean_10,-0.0016,-0.0607,0.0606
shrinking,both,G3,r1_rms_20,0.8293,0.8062,0.8552
shrinking,both,G3,r1_mean_20,-0.0252,-0.0721,0.0237
shrinking,both,G3,r1_rms_50,0.6783,0.6599,0.6951
shrinking,both,G3,r1_mean_50,-0.0831,-0.1161,-0.0503
shrinking,both,G3,r1_rms_100,0.7951,0.7733,0.8173
shrinking,both,G3,r1_mean_100,-0.4983,-0.5326,-0.4653
shrinking,both,G3,r1_rms_200,0.7184,0.7037,0.7338
shrinking,both,G3,r1_mean_200,-0.5427,-0.5620,-0.5243
shrinking,both,G3,r2_brier,0.1541,0.1524,0.1559
shrinking,both,G3,r2_bias,-0.0328,-0.0356,-0.0299
shrinking,both,G3,r3_inside,0.3542,0.3488,0.3595
shrinking,both,G3,r3_below_0.5,0.0296,0.0270,0.0327
shrinking,both,G3,r3_above_0.95,0.0731,0.0686,0.0780
shrinking,both,G3,r4_false,0.0217,0.0178,0.0259
shrinking,both,G3,r4_false_0.70,0.0046,0.0030,0.0063
shrinking,both,G3,r4_below,0.5831,0.5614,0.6053
shrinking,both,G3,r4_false_at_task,0.0195,0.0144,0.0253
shrinking,both,G3,r4_declared,9.2230,8.7820,9.6350
shrinking,both,G3,r5_late_answers,5.8477,5.6501,6.0453
shrinking,both,G3,r5_never,0.3355,0.3193,0.3513
shrinking,both,G3,r6_lag,-0.6323,-0.6513,-0.6130
shrinking,both,G3,r6_jump_answers,73.1670,70.8170,75.4450
shrinking,both,G3,r6_jump_unsettled,0.5680,0.5380,0.5980
shrinking,both,G3,r7_error_5,0.8573,0.8178,0.8996
shrinking,both,G3,r7_error_10,0.7823,0.7462,0.8210
shrinking,both,G3,r7_longest_wrong,1.7670,1.7120,1.8240
shrinking,both,G3,r7_hard_first,0.1441,0.1326,0.1562
shrinking,both,G3,r4b_chance_below_0.5,0.0801,0.0727,0.0885
shrinking,both,G3,r4b_chance_0.5_to_0.6,0.1006,0.0956,0.1058
shrinking,both,G3,r4b_chance_0.6_to_0.7,0.1750,0.1693,0.1808
shrinking,both,G3,r4b_chance_0.7_to_0.8,0.2539,0.2480,0.2596
shrinking,both,G3,r4b_chance_0.8_up,0.3904,0.3762,0.4046
shrinking,both,G3,r3_reachable,0.9518,0.9458,0.9574
shrinking,both,G3,r8_rank_6_20,3.4133,3.0000,3.8800
shrinking,both,G3,r8_topic_rank_6_20,16.7333,15.8733,17.6333
shrinking,both,G3,r8_rank_150_200,1.6608,1.4412,1.8882
shrinking,both,G3,r8_topic_rank_150_200,8.8686,8.4373,9.2784
shrinking,both,G3,r9_kept_up_6_50,-0.0176,-0.0245,-0.0105
shrinking,both,G3,r9_kept_up_101_200,0.0644,0.0620,0.0669
shrinking,both,G3,r10_shown,3.9010,3.6020,4.2010
shrinking,both,G3,r2_ece,0.0328,0.0299,0.0357
shrinking,both,G3,r4b_3,0.1482,0.1356,0.1613
shrinking,both,G3,r4b_5,0.1882,0.1733,0.2028
shrinking,both,G3,r4b_10,0.2153,0.1975,0.2322
shrinking,both,G3,r4b_20,0.2442,0.2237,0.2652
shrinking,both,G3,r4b_50,0.2558,0.2318,0.2807
shrinking,both,G3,r8_move_p95_6_20,73.0000,73.0000,74.0000
shrinking,both,G3,r8_move_p95_150_200,40.0000,40.0000,40.0000
shrinking,both,G3,r9_kept_up_later_less_earlier,0.0819,0.0758,0.0880
shrinking,both,G3,r10_taken_back_5,0.0906,0.0769,0.1053
shrinking,both,G3,r10_taken_back_10,0.1909,0.1625,0.2192
shrinking,both,G4,r1_rms_5,1.0187,0.9833,1.0557
shrinking,both,G4,r1_mean_5,-0.2314,-0.2997,-0.1651
shrinking,both,G4,r1_rms_10,0.9610,0.9285,0.9934
shrinking,both,G4,r1_mean_10,-0.2847,-0.3427,-0.2244
shrinking,both,G4,r1_rms_20,0.8830,0.8559,0.9095
shrinking,both,G4,r1_mean_20,-0.3398,-0.3916,-0.2928
shrinking,both,G4,r1_rms_50,0.7602,0.7397,0.7803
shrinking,both,G4,r1_mean_50,-0.4185,-0.4520,-0.3851
shrinking,both,G4,r1_rms_100,0.7053,0.6906,0.7216
shrinking,both,G4,r1_mean_100,-0.4730,-0.4950,-0.4497
shrinking,both,G4,r1_rms_200,0.6726,0.6614,0.6842
shrinking,both,G4,r1_mean_200,-0.4933,-0.5092,-0.4773
shrinking,both,G4,r2_brier,0.1800,0.1782,0.1818
shrinking,both,G4,r2_bias,0.0137,0.0109,0.0166
shrinking,both,G4,r3_inside,0.3924,0.3883,0.3966
shrinking,both,G4,r3_below_0.5,0.0549,0.0507,0.0594
shrinking,both,G4,r3_above_0.95,0.0360,0.0329,0.0389
shrinking,both,G4,r4_false,0.0112,0.0087,0.0141
shrinking,both,G4,r4_false_0.70,0.0024,0.0012,0.0037
shrinking,both,G4,r4_below,0.5795,0.5608,0.5985
shrinking,both,G4,r4_false_at_task,0.0108,0.0067,0.0152
shrinking,both,G4,r4_declared,7.4950,7.1140,7.8850
shrinking,both,G4,r5_late_answers,4.5999,4.4137,4.7886
shrinking,both,G4,r5_never,0.3041,0.2881,0.3203
shrinking,both,G4,r6_lag,-0.4838,-0.5000,-0.4681
shrinking,both,G4,r7_error_5,0.8817,0.8429,0.9244
shrinking,both,G4,r7_error_10,0.8082,0.7706,0.8472
shrinking,both,G4,r7_longest_wrong,1.8790,1.8270,1.9330
shrinking,both,G4,r7_hard_first,0.1852,0.1720,0.1974
shrinking,both,G4,r4b_chance_below_0.5,0.1235,0.1131,0.1351
shrinking,both,G4,r4b_chance_0.5_to_0.6,0.1361,0.1308,0.1413
shrinking,both,G4,r4b_chance_0.6_to_0.7,0.2030,0.1979,0.2081
shrinking,both,G4,r4b_chance_0.7_to_0.8,0.2513,0.2452,0.2574
shrinking,both,G4,r4b_chance_0.8_up,0.2862,0.2731,0.2987
shrinking,both,G4,r3_reachable,0.9502,0.9424,0.9571
shrinking,both,G4,r8_rank_6_20,4.0067,3.5333,4.4667
shrinking,both,G4,r8_topic_rank_6_20,18.5933,17.7333,19.4800
shrinking,both,G4,r8_rank_150_200,1.4098,1.1863,1.6392
shrinking,both,G4,r8_topic_rank_150_200,8.7961,8.4137,9.1980
shrinking,both,G4,r9_kept_up_6_50,-0.0321,-0.0387,-0.0254
shrinking,both,G4,r9_kept_up_101_200,-0.0027,-0.0053,-0.0002
shrinking,both,G4,r10_shown,3.2510,3.0270,3.4770
shrinking,both,G4,r2_ece,0.0155,0.0126,0.0184
shrinking,both,G4,r4b_3,0.1192,0.1080,0.1303
shrinking,both,G4,r4b_5,0.1420,0.1294,0.1547
shrinking,both,G4,r4b_10,0.1541,0.1400,0.1685
shrinking,both,G4,r4b_20,0.1565,0.1429,0.1713
shrinking,both,G4,r4b_50,0.1587,0.1444,0.1743
shrinking,both,G4,r8_move_p95_6_20,74.0000,73.0000,74.0000
shrinking,both,G4,r8_move_p95_150_200,40.0000,40.0000,41.0000
shrinking,both,G4,r9_kept_up_later_less_earlier,0.0293,0.0234,0.0355
shrinking,both,G4,r10_taken_back_5,0.1852,0.1630,0.2076
shrinking,both,G4,r10_taken_back_10,0.3522,0.3154,0.3908
shrinking,both,G5,r1_rms_5,0.9406,0.9001,0.9848
shrinking,both,G5,r1_mean_5,0.0549,-0.0151,0.1259
shrinking,both,G5,r1_rms_10,0.8776,0.8409,0.9149
shrinking,both,G5,r1_mean_10,0.0268,-0.0353,0.0901
shrinking,both,G5,r1_rms_20,0.8964,0.8669,0.9258
shrinking,both,G5,r1_mean_20,0.0029,-0.0489,0.0563
shrinking,both,G5,r1_rms_50,0.7605,0.7419,0.7806
shrinking,both,G5,r1_mean_50,-0.0395,-0.0782,-0.0012
shrinking,both,G5,r1_rms_100,0.6469,0.6328,0.6617
shrinking,both,G5,r1_mean_100,-0.0869,-0.1122,-0.0617
shrinking,both,G5,r1_rms_200,0.5453,0.5353,0.5558
shrinking,both,G5,r1_mean_200,-0.0954,-0.1129,-0.0784
shrinking,both,G5,r2_brier,0.1798,0.1778,0.1818
shrinking,both,G5,r2_bias,0.0114,0.0081,0.0147
shrinking,both,G5,r3_inside,0.4052,0.3990,0.4115
shrinking,both,G5,r3_below_0.5,0.0557,0.0505,0.0609
shrinking,both,G5,r3_above_0.95,0.0343,0.0308,0.0382
shrinking,both,G5,r4_false,0.0422,0.0354,0.0491
shrinking,both,G5,r4_false_0.70,0.0104,0.0076,0.0135
shrinking,both,G5,r4_below,0.5505,0.5307,0.5697
shrinking,both,G5,r4_false_at_task,0.0378,0.0288,0.0472
shrinking,both,G5,r4_declared,8.1810,7.8100,8.5750
shrinking,both,G5,r5_late_answers,4.4538,4.2890,4.6253
shrinking,both,G5,r5_never,0.2261,0.2104,0.2416
shrinking,both,G5,r6_lag,-0.0929,-0.1115,-0.0751
shrinking,both,G5,r7_error_5,1.0265,0.9794,1.0749
shrinking,both,G5,r7_error_10,0.9690,0.9257,1.0113
shrinking,both,G5,r7_longest_wrong,1.9320,1.8730,1.9980
shrinking,both,G5,r7_hard_first,0.1471,0.1342,0.1600
shrinking,both,G5,r4b_chance_below_0.5,0.1264,0.1138,0.1400
shrinking,both,G5,r4b_chance_0.5_to_0.6,0.1444,0.1369,0.1519
shrinking,both,G5,r4b_chance_0.6_to_0.7,0.2206,0.2136,0.2277
shrinking,both,G5,r4b_chance_0.7_to_0.8,0.2574,0.2483,0.2660
shrinking,both,G5,r4b_chance_0.8_up,0.2511,0.2372,0.2661
shrinking,both,G5,r3_reachable,0.9080,0.8960,0.9199
shrinking,both,G5,r8_rank_6_20,3.9733,3.5133,4.4600
shrinking,both,G5,r8_topic_rank_6_20,18.2467,17.3667,19.2067
shrinking,both,G5,r8_rank_150_200,1.8569,1.6020,2.1431
shrinking,both,G5,r8_topic_rank_150_200,8.6706,8.2961,9.0686
shrinking,both,G5,r9_kept_up_6_50,-0.0292,-0.0365,-0.0218
shrinking,both,G5,r9_kept_up_101_200,-0.0015,-0.0043,0.0012
shrinking,both,G5,r10_shown,3.7570,3.5340,4.0050
shrinking,both,G5,r2_ece,0.0145,0.0113,0.0175
shrinking,both,G5,r4b_3,0.1602,0.1463,0.1745
shrinking,both,G5,r4b_5,0.1911,0.1743,0.2075
shrinking,both,G5,r4b_10,0.2032,0.1868,0.2197
shrinking,both,G5,r4b_20,0.2127,0.1952,0.2303
shrinking,both,G5,r4b_50,0.2298,0.2071,0.2551
shrinking,both,G5,r8_move_p95_6_20,74.0000,73.0000,74.0000
shrinking,both,G5,r8_move_p95_150_200,41.0000,40.0000,41.0000
shrinking,both,G5,r9_kept_up_later_less_earlier,0.0277,0.0208,0.0342
shrinking,both,G5,r10_taken_back_5,0.2021,0.1809,0.2240
shrinking,both,G5,r10_taken_back_10,0.3824,0.3472,0.4172
shrinking,both,G6,r1_rms_5,1.0532,1.0123,1.0944
shrinking,both,G6,r1_mean_5,-0.0431,-0.1143,0.0298
shrinking,both,G6,r1_rms_10,0.9979,0.9594,1.0357
shrinking,both,G6,r1_mean_10,-0.0757,-0.1404,-0.0081
shrinking,both,G6,r1_rms_20,0.9199,0.8862,0.9558
shrinking,both,G6,r1_mean_20,-0.1043,-0.1624,-0.0477
shrinking,both,G6,r1_rms_50,0.8130,0.7837,0.8426
shrinking,both,G6,r1_mean_50,-0.1448,-0.1967,-0.0933
shrinking,both,G6,r1_rms_100,0.7575,0.7306,0.7835
shrinking,both,G6,r1_mean_100,-0.1847,-0.2307,-0.1389
shrinking,both,G6,r1_rms_200,0.7478,0.7252,0.7729
shrinking,both,G6,r1_mean_200,-0.2295,-0.2707,-0.1879
shrinking,both,G6,r2_brier,0.1788,0.1770,0.1807
shrinking,both,G6,r2_bias,0.0113,0.0083,0.0144
shrinking,both,G6,r3_inside,0.4245,0.4105,0.4386
shrinking,both,G6,r3_below_0.5,0.0599,0.0552,0.0649
shrinking,both,G6,r3_above_0.95,0.0924,0.0856,0.0994
shrinking,both,G6,r4_false,0.0764,0.0644,0.0889
shrinking,both,G6,r4_false_0.70,0.0202,0.0149,0.0263
shrinking,both,G6,r4_below,0.5562,0.5356,0.5775
shrinking,both,G6,r4_false_at_task,0.0726,0.0576,0.0886
shrinking,both,G6,r4_declared,7.9810,7.5880,8.3820
shrinking,both,G6,r5_late_answers,4.7257,4.5403,4.9193
shrinking,both,G6,r5_never,0.1739,0.1584,0.1898
shrinking,both,G6,r6_lag,-0.2032,-0.2438,-0.1598
shrinking,both,G6,r7_error_5,0.9205,0.8733,0.9662
shrinking,both,G6,r7_error_10,0.8556,0.8119,0.8994
shrinking,both,G6,r7_longest_wrong,1.8080,1.7520,1.8690
shrinking,both,G6,r7_hard_first,0.1397,0.1280,0.1521
shrinking,both,G6,r4b_chance_below_0.5,0.1087,0.0972,0.1215
shrinking,both,G6,r4b_chance_0.5_to_0.6,0.1157,0.1065,0.1256
shrinking,both,G6,r4b_chance_0.6_to_0.7,0.2362,0.2240,0.2483
shrinking,both,G6,r4b_chance_0.7_to_0.8,0.3121,0.2987,0.3268
shrinking,both,G6,r4b_chance_0.8_up,0.2274,0.2127,0.2429
shrinking,both,G6,r3_reachable,0.7819,0.7662,0.7970
shrinking,both,G6,r8_rank_6_20,3.8400,3.3800,4.3200
shrinking,both,G6,r8_topic_rank_6_20,18.2067,17.2333,19.2000
shrinking,both,G6,r8_rank_150_200,1.5353,1.2980,1.7882
shrinking,both,G6,r8_topic_rank_150_200,8.6431,8.2451,9.0451
shrinking,both,G6,r9_kept_up_6_50,-0.0179,-0.0239,-0.0113
shrinking,both,G6,r9_kept_up_101_200,-0.0066,-0.0095,-0.0038
shrinking,both,G6,r10_shown,3.5860,3.3350,3.8430
shrinking,both,G6,r2_ece,0.0145,0.0116,0.0174
shrinking,both,G6,r4b_3,0.1712,0.1572,0.1856
shrinking,both,G6,r4b_5,0.2092,0.1924,0.2261
shrinking,both,G6,r4b_10,0.2235,0.2068,0.2421
shrinking,both,G6,r4b_20,0.2301,0.2112,0.2474
shrinking,both,G6,r4b_50,0.2368,0.2149,0.2613
shrinking,both,G6,r8_move_p95_6_20,73.0000,73.0000,74.0000
shrinking,both,G6,r8_move_p95_150_200,40.0000,40.0000,41.0000
shrinking,both,G6,r9_kept_up_later_less_earlier,0.0113,0.0053,0.0173
shrinking,both,G6,r10_taken_back_5,0.2009,0.1800,0.2225
shrinking,both,G6,r10_taken_back_10,0.3685,0.3367,0.3995
shrinking,both,G7,r1_rms_5,1.0109,0.9725,1.0499
shrinking,both,G7,r1_mean_5,-0.0813,-0.1484,-0.0110
shrinking,both,G7,r1_rms_10,0.9580,0.9239,0.9923
shrinking,both,G7,r1_mean_10,-0.1180,-0.1763,-0.0552
shrinking,both,G7,r1_rms_20,0.8697,0.8429,0.8972
shrinking,both,G7,r1_mean_20,-0.1359,-0.1849,-0.0822
shrinking,both,G7,r1_rms_50,0.7331,0.7133,0.7535
shrinking,both,G7,r1_mean_50,-0.1527,-0.1911,-0.1137
shrinking,both,G7,r1_rms_100,0.6343,0.6204,0.6482
shrinking,both,G7,r1_mean_100,-0.1594,-0.1906,-0.1298
shrinking,both,G7,r1_rms_200,0.5599,0.5498,0.5697
shrinking,both,G7,r1_mean_200,-0.1623,-0.1838,-0.1395
shrinking,both,G7,r2_brier,0.1738,0.1721,0.1756
shrinking,both,G7,r2_bias,0.0047,0.0018,0.0077
shrinking,both,G7,r3_inside,0.4279,0.4225,0.4334
shrinking,both,G7,r3_below_0.5,0.0386,0.0349,0.0425
shrinking,both,G7,r3_above_0.95,0.0303,0.0273,0.0334
shrinking,both,G7,r4_false,0.0398,0.0338,0.0461
shrinking,both,G7,r4_false_0.70,0.0101,0.0075,0.0127
shrinking,both,G7,r4_below,0.5609,0.5414,0.5797
shrinking,both,G7,r4_false_at_task,0.0359,0.0263,0.0456
shrinking,both,G7,r4_declared,8.1310,7.7330,8.5110
shrinking,both,G7,r5_late_answers,4.6028,4.4358,4.7768
shrinking,both,G7,r5_never,0.1700,0.1561,0.1847
shrinking,both,G7,r6_lag,-0.1524,-0.1749,-0.1283
shrinking,both,G7,r7_error_5,0.8694,0.8264,0.9137
shrinking,both,G7,r7_error_10,0.8061,0.7679,0.8492
shrinking,both,G7,r7_longest_wrong,1.8030,1.7430,1.8580
shrinking,both,G7,r7_hard_first,0.1375,0.1266,0.1483
shrinking,both,G7,r4b_chance_below_0.5,0.0881,0.0785,0.0991
shrinking,both,G7,r4b_chance_0.5_to_0.6,0.1212,0.1156,0.1267
shrinking,both,G7,r4b_chance_0.6_to_0.7,0.2118,0.2057,0.2176
shrinking,both,G7,r4b_chance_0.7_to_0.8,0.2859,0.2791,0.2928
shrinking,both,G7,r4b_chance_0.8_up,0.2931,0.2803,0.3055
shrinking,both,G7,r3_reachable,0.9324,0.9239,0.9406
shrinking,both,G7,r8_rank_6_20,3.7533,3.3067,4.2267
shrinking,both,G7,r8_topic_rank_6_20,18.0600,17.1867,18.9867
shrinking,both,G7,r8_rank_150_200,1.5137,1.2882,1.7510
shrinking,both,G7,r8_topic_rank_150_200,8.8373,8.4529,9.2098
shrinking,both,G7,r9_kept_up_6_50,-0.0114,-0.0174,-0.0050
shrinking,both,G7,r9_kept_up_101_200,-0.0005,-0.0031,0.0021
shrinking,both,G7,r10_shown,3.5770,3.3310,3.8230
shrinking,both,G7,r2_ece,0.0066,0.0039,0.0094
shrinking,both,G7,r4b_3,0.1596,0.1462,0.1722
shrinking,both,G7,r4b_5,0.1848,0.1703,0.1999
shrinking,both,G7,r4b_10,0.1978,0.1830,0.2136
shrinking,both,G7,r4b_20,0.2060,0.1897,0.2231
shrinking,both,G7,r4b_50,0.2194,0.1982,0.2415
shrinking,both,G7,r8_move_p95_6_20,73.0000,73.0000,74.0000
shrinking,both,G7,r8_move_p95_150_200,40.0000,40.0000,41.0000
shrinking,both,G7,r9_kept_up_later_less_earlier,0.0109,0.0053,0.0167
shrinking,both,G7,r10_taken_back_5,0.2004,0.1797,0.2207
shrinking,both,G7,r10_taken_back_10,0.4068,0.3705,0.4433
shrinking,both,G8,r1_rms_5,1.0037,0.9693,1.0402
shrinking,both,G8,r1_mean_5,-0.0258,-0.0926,0.0406
shrinking,both,G8,r1_rms_10,0.9367,0.9042,0.9692
shrinking,both,G8,r1_mean_10,-0.0522,-0.1094,0.0083
shrinking,both,G8,r1_rms_20,0.8482,0.8224,0.8753
shrinking,both,G8,r1_mean_20,-0.0786,-0.1304,-0.0310
shrinking,both,G8,r1_rms_50,0.6880,0.6699,0.7071
shrinking,both,G8,r1_mean_50,-0.1081,-0.1416,-0.0700
shrinking,both,G8,r1_rms_100,0.5759,0.5636,0.5887
shrinking,both,G8,r1_mean_100,-0.1222,-0.1461,-0.0979
shrinking,both,G8,r1_rms_200,0.4909,0.4824,0.4991
shrinking,both,G8,r1_mean_200,-0.1022,-0.1192,-0.0863
shrinking,both,G8,r2_brier,0.1733,0.1715,0.1752
shrinking,both,G8,r2_bias,0.0037,0.0006,0.0064
shrinking,both,G8,r3_inside,0.4274,0.4218,0.4326
shrinking,both,G8,r3_below_0.5,0.0355,0.0324,0.0390
shrinking,both,G8,r3_above_0.95,0.0324,0.0288,0.0360
shrinking,both,G8,r4_false,0.0361,0.0307,0.0421
shrinking,both,G8,r4_false_0.70,0.0080,0.0057,0.0103
shrinking,both,G8,r4_below,0.5645,0.5460,0.5828
shrinking,both,G8,r4_false_at_task,0.0329,0.0251,0.0411
shrinking,both,G8,r4_declared,8.1630,7.7570,8.5730
shrinking,both,G8,r5_late_answers,5.0476,4.8722,5.2337
shrinking,both,G8,r5_never,0.1964,0.1807,0.2119
shrinking,both,G8,r6_lag,-0.1106,-0.1289,-0.0946
shrinking,both,G8,r7_error_5,0.8571,0.8157,0.8976
shrinking,both,G8,r7_error_10,0.7828,0.7444,0.8199
shrinking,both,G8,r7_longest_wrong,1.7480,1.6970,1.7990
shrinking,both,G8,r7_hard_first,0.1378,0.1263,0.1494
shrinking,both,G8,r4b_chance_below_0.5,0.0791,0.0714,0.0877
shrinking,both,G8,r4b_chance_0.5_to_0.6,0.1234,0.1173,0.1298
shrinking,both,G8,r4b_chance_0.6_to_0.7,0.2177,0.2116,0.2239
shrinking,both,G8,r4b_chance_0.7_to_0.8,0.2929,0.2863,0.2995
shrinking,both,G8,r4b_chance_0.8_up,0.2869,0.2734,0.3005
shrinking,both,G8,r3_reachable,0.9393,0.9312,0.9469
shrinking,both,G8,r8_rank_6_20,3.0533,2.6400,3.4800
shrinking,both,G8,r8_topic_rank_6_20,17.7467,16.8067,18.7000
shrinking,both,G8,r8_rank_150_200,1.7137,1.4647,1.9745
shrinking,both,G8,r8_topic_rank_150_200,8.9647,8.5882,9.3667
shrinking,both,G8,r9_kept_up_6_50,-0.0143,-0.0211,-0.0072
shrinking,both,G8,r9_kept_up_101_200,0.0027,-0.0002,0.0054
shrinking,both,G8,r10_shown,3.6490,3.4100,3.9010
shrinking,both,G8,r2_ece,0.0057,0.0033,0.0086
shrinking,both,G8,r4b_3,0.1456,0.1333,0.1575
shrinking,both,G8,r4b_5,0.1814,0.1675,0.1961
shrinking,both,G8,r4b_10,0.1954,0.1809,0.2111
shrinking,both,G8,r4b_20,0.2107,0.1943,0.2292
shrinking,both,G8,r4b_50,0.2130,0.1953,0.2318
shrinking,both,G8,r8_move_p95_6_20,73.0000,73.0000,74.0000
shrinking,both,G8,r8_move_p95_150_200,41.0000,40.0000,41.0000
shrinking,both,G8,r9_kept_up_later_less_earlier,0.0169,0.0105,0.0235
shrinking,both,G8,r10_taken_back_5,0.1777,0.1583,0.1991
shrinking,both,G8,r10_taken_back_10,0.3682,0.3332,0.4070
shrinking,both,G0-exact,r1_rms_5,0.9667,0.9322,1.0008
shrinking,both,G0-exact,r1_mean_5,-0.0739,-0.1381,-0.0105
shrinking,both,G0-exact,r1_rms_10,0.8980,0.8697,0.9271
shrinking,both,G0-exact,r1_mean_10,-0.0833,-0.1353,-0.0284
shrinking,both,G0-exact,r1_rms_20,0.8090,0.7849,0.8348
shrinking,both,G0-exact,r1_mean_20,-0.0879,-0.1352,-0.0379
shrinking,both,G0-exact,r1_rms_50,0.6566,0.6411,0.6734
shrinking,both,G0-exact,r1_mean_50,-0.0838,-0.1155,-0.0513
shrinking,both,G0-exact,r1_rms_100,0.5451,0.5348,0.5560
shrinking,both,G0-exact,r1_mean_100,-0.0764,-0.0971,-0.0552
shrinking,both,G0-exact,r1_rms_200,0.4745,0.4671,0.4823
shrinking,both,G0-exact,r1_mean_200,-0.0603,-0.0758,-0.0452
shrinking,both,G0-exact,r2_brier,0.1710,0.1693,0.1726
shrinking,both,G0-exact,r2_bias,0.0001,-0.0027,0.0030
shrinking,both,G0-exact,r3_inside,0.5436,0.5342,0.5530
shrinking,both,G0-exact,r3_below_0.5,0.0164,0.0140,0.0188
shrinking,both,G0-exact,r3_above_0.95,0.0126,0.0104,0.0149
shrinking,both,G0-exact,r4_false,0.0363,0.0311,0.0418
shrinking,both,G0-exact,r4_false_0.70,0.0079,0.0058,0.0102
shrinking,both,G0-exact,r4_below,0.5546,0.5346,0.5744
shrinking,both,G0-exact,r4_false_at_task,0.0319,0.0238,0.0405
shrinking,both,G0-exact,r4_declared,8.4580,8.0730,8.8490
shrinking,both,G0-exact,r5_late_answers,4.8036,4.6382,4.9816
shrinking,both,G0-exact,r5_never,0.1759,0.1612,0.1908
shrinking,both,G0-exact,r6_lag,-0.0683,-0.0835,-0.0530
shrinking,both,G0-exact,r7_error_5,0.8078,0.7688,0.8465
shrinking,both,G0-exact,r7_error_10,0.7349,0.7008,0.7716
shrinking,both,G0-exact,r7_longest_wrong,1.7240,1.6720,1.7770
shrinking,both,G0-exact,r7_hard_first,0.1023,0.0929,0.1130
shrinking,both,G0-exact,r4b_chance_below_0.5,0.0426,0.0367,0.0496
shrinking,both,G0-exact,r4b_chance_0.5_to_0.6,0.0931,0.0849,0.1020
shrinking,both,G0-exact,r4b_chance_0.6_to_0.7,0.2636,0.2490,0.2774
shrinking,both,G0-exact,r4b_chance_0.7_to_0.8,0.3907,0.3743,0.4080
shrinking,both,G0-exact,r4b_chance_0.8_up,0.2100,0.1945,0.2262
shrinking,both,G0-exact,r3_reachable,0.9391,0.9317,0.9467
shrinking,both,G0-exact,r8_rank_6_20,3.9400,3.5067,4.4133
shrinking,both,G0-exact,r8_topic_rank_6_20,18.1133,17.1667,19.0733
shrinking,both,G0-exact,r8_rank_150_200,1.7588,1.5000,2.0176
shrinking,both,G0-exact,r8_topic_rank_150_200,8.8216,8.4431,9.2000
shrinking,both,G0-exact,r9_kept_up_6_50,-0.0032,-0.0100,0.0032
shrinking,both,G0-exact,r9_kept_up_101_200,0.0027,0.0002,0.0051
shrinking,both,G0-exact,r10_shown,3.7710,3.5230,4.0220
shrinking,both,G0-exact,r2_ece,0.0017,0.0010,0.0044
shrinking,both,G0-exact,r4b_3,0.1573,0.1455,0.1703
shrinking,both,G0-exact,r4b_5,0.1875,0.1736,0.2023
shrinking,both,G0-exact,r4b_10,0.2016,0.1872,0.2175
shrinking,both,G0-exact,r4b_20,0.2165,0.2003,0.2339
shrinking,both,G0-exact,r4b_50,0.2291,0.2071,0.2536
shrinking,both,G0-exact,r8_move_p95_6_20,73.0000,73.0000,73.0000
shrinking,both,G0-exact,r8_move_p95_150_200,41.0000,40.0000,41.0000
shrinking,both,G0-exact,r9_kept_up_later_less_earlier,0.0060,-0.0001,0.0121
shrinking,both,G0-exact,r10_taken_back_5,0.1625,0.1434,0.1820
shrinking,both,G0-exact,r10_taken_back_10,0.3387,0.3042,0.3753
shrinking,both,G0-miss0.25,r1_rms_5,1.0025,0.9665,1.0392
shrinking,both,G0-miss0.25,r1_mean_5,0.0650,-0.0013,0.1298
shrinking,both,G0-miss0.25,r1_rms_10,0.9285,0.9007,0.9575
shrinking,both,G0-miss0.25,r1_mean_10,0.0265,-0.0341,0.0818
shrinking,both,G0-miss0.25,r1_rms_20,0.8237,0.7995,0.8471
shrinking,both,G0-miss0.25,r1_mean_20,0.0050,-0.0412,0.0539
shrinking,both,G0-miss0.25,r1_rms_50,0.6606,0.6442,0.6772
shrinking,both,G0-miss0.25,r1_mean_50,-0.0341,-0.0672,-0.0013
shrinking,both,G0-miss0.25,r1_rms_100,0.5448,0.5344,0.5554
shrinking,both,G0-miss0.25,r1_mean_100,-0.0525,-0.0748,-0.0300
shrinking,both,G0-miss0.25,r1_rms_200,0.4743,0.4666,0.4817
shrinking,both,G0-miss0.25,r1_mean_200,-0.0455,-0.0612,-0.0296
shrinking,both,G0-miss0.25,r2_brier,0.1743,0.1725,0.1760
shrinking,both,G0-miss0.25,r2_bias,0.0055,0.0027,0.0085
shrinking,both,G0-miss0.25,r3_inside,0.5108,0.5035,0.5179
shrinking,both,G0-miss0.25,r3_below_0.5,0.0252,0.0223,0.0284
shrinking,both,G0-miss0.25,r3_above_0.95,0.0136,0.0114,0.0159
shrinking,both,G0-miss0.25,r4_false,0.0490,0.0423,0.0559
shrinking,both,G0-miss0.25,r4_false_0.70,0.0076,0.0055,0.0101
shrinking,both,G0-miss0.25,r4_below,0.5524,0.5333,0.5709
shrinking,both,G0-miss0.25,r4_false_at_task,0.0511,0.0404,0.0633
shrinking,both,G0-miss0.25,r4_declared,8.1810,7.7860,8.5870
shrinking,both,G0-miss0.25,r5_late_answers,4.6540,4.4741,4.8344
shrinking,both,G0-miss0.25,r5_never,0.1722,0.1587,0.1869
shrinking,both,G0-miss0.25,r6_lag,-0.0558,-0.0721,-0.0402
shrinking,both,G0-miss0.25,r7_error_5,0.8623,0.8215,0.9023
shrinking,both,G0-miss0.25,r7_error_10,0.7766,0.7402,0.8127
shrinking,both,G0-miss0.25,r7_longest_wrong,1.8000,1.7460,1.8590
shrinking,both,G0-miss0.25,r7_hard_first,0.1421,0.1304,0.1550
shrinking,both,G0-miss0.25,r4b_chance_below_0.5,0.0612,0.0538,0.0697
shrinking,both,G0-miss0.25,r4b_chance_0.5_to_0.6,0.1083,0.1011,0.1159
shrinking,both,G0-miss0.25,r4b_chance_0.6_to_0.7,0.2509,0.2419,0.2595
shrinking,both,G0-miss0.25,r4b_chance_0.7_to_0.8,0.3498,0.3396,0.3606
shrinking,both,G0-miss0.25,r4b_chance_0.8_up,0.2297,0.2161,0.2439
shrinking,both,G0-miss0.25,r3_reachable,0.9397,0.9317,0.9466
shrinking,both,G0-miss0.25,r8_rank_6_20,3.5867,3.1733,4.0200
shrinking,both,G0-miss0.25,r8_topic_rank_6_20,17.8667,17.0067,18.8000
shrinking,both,G0-miss0.25,r8_rank_150_200,2.0196,1.7373,2.3098
shrinking,both,G0-miss0.25,r8_topic_rank_150_200,8.7510,8.3804,9.1275
shrinking,both,G0-miss0.25,r9_kept_up_6_50,-0.0167,-0.0238,-0.0099
shrinking,both,G0-miss0.25,r9_kept_up_101_200,0.0012,-0.0012,0.0038
shrinking,both,G0-miss0.25,r10_shown,3.7390,3.4960,4.0070
shrinking,both,G0-miss0.25,r2_ece,0.0075,0.0046,0.0106
shrinking,both,G0-miss0.25,r4b_3,0.1635,0.1516,0.1765
shrinking,both,G0-miss0.25,r4b_5,0.1960,0.1816,0.2111
shrinking,both,G0-miss0.25,r4b_10,0.2118,0.1954,0.2272
shrinking,both,G0-miss0.25,r4b_20,0.2201,0.2042,0.2371
shrinking,both,G0-miss0.25,r4b_50,0.2329,0.2115,0.2562
shrinking,both,G0-miss0.25,r8_move_p95_6_20,73.0000,73.0000,74.0000
shrinking,both,G0-miss0.25,r8_move_p95_150_200,40.0000,40.0000,41.0000
shrinking,both,G0-miss0.25,r9_kept_up_later_less_earlier,0.0179,0.0117,0.0240
shrinking,both,G0-miss0.25,r10_taken_back_5,0.1738,0.1539,0.1947
shrinking,both,G0-miss0.25,r10_taken_back_10,0.3505,0.3138,0.3881
shrinking,both,G0-miss1,r1_rms_5,1.0575,1.0190,1.0994
shrinking,both,G0-miss1,r1_mean_5,-0.0953,-0.1666,-0.0216
shrinking,both,G0-miss1,r1_rms_10,0.9780,0.9437,1.0129
shrinking,both,G0-miss1,r1_mean_10,-0.1215,-0.1887,-0.0616
shrinking,both,G0-miss1,r1_rms_20,0.8792,0.8510,0.9075
shrinking,both,G0-miss1,r1_mean_20,-0.1417,-0.1957,-0.0856
shrinking,both,G0-miss1,r1_rms_50,0.7367,0.7174,0.7577
shrinking,both,G0-miss1,r1_mean_50,-0.1803,-0.2179,-0.1392
shrinking,both,G0-miss1,r1_rms_100,0.6272,0.6129,0.6423
shrinking,both,G0-miss1,r1_mean_100,-0.2077,-0.2329,-0.1802
shrinking,both,G0-miss1,r1_rms_200,0.5452,0.5356,0.5544
shrinking,both,G0-miss1,r1_mean_200,-0.2136,-0.2316,-0.1955
shrinking,both,G0-miss1,r2_brier,0.1758,0.1739,0.1777
shrinking,both,G0-miss1,r2_bias,0.0070,0.0038,0.0101
shrinking,both,G0-miss1,r3_inside,0.2972,0.2942,0.2999
shrinking,both,G0-miss1,r3_below_0.5,0.0888,0.0847,0.0932
shrinking,both,G0-miss1,r3_above_0.95,0.1082,0.1032,0.1133
shrinking,both,G0-miss1,r4_false,0.0380,0.0318,0.0446
shrinking,both,G0-miss1,r4_false_0.70,0.0079,0.0057,0.0104
shrinking,both,G0-miss1,r4_below,0.5584,0.5398,0.5787
shrinking,both,G0-miss1,r4_false_at_task,0.0360,0.0277,0.0455
shrinking,both,G0-miss1,r4_declared,8.3080,7.9150,8.6960
shrinking,both,G0-miss1,r5_late_answers,4.6269,4.4382,4.8219
shrinking,both,G0-miss1,r5_never,0.2193,0.2033,0.2359
shrinking,both,G0-miss1,r6_lag,-0.2165,-0.2365,-0.1975
shrinking,both,G0-miss1,r7_error_5,0.9087,0.8656,0.9564
shrinking,both,G0-miss1,r7_error_10,0.8279,0.7856,0.8684
shrinking,both,G0-miss1,r7_longest_wrong,1.8220,1.7680,1.8760
shrinking,both,G0-miss1,r7_hard_first,0.1714,0.1604,0.1826
shrinking,both,G0-miss1,r4b_chance_below_0.5,0.1540,0.1452,0.1629
shrinking,both,G0-miss1,r4b_chance_0.5_to_0.6,0.1174,0.1139,0.1208
shrinking,both,G0-miss1,r4b_chance_0.6_to_0.7,0.1487,0.1455,0.1524
shrinking,both,G0-miss1,r4b_chance_0.7_to_0.8,0.1918,0.1883,0.1955
shrinking,both,G0-miss1,r4b_chance_0.8_up,0.3881,0.3771,0.3994
shrinking,both,G0-miss1,r3_reachable,0.9450,0.9374,0.9520
shrinking,both,G0-miss1,r8_rank_6_20,3.2133,2.7667,3.6800
shrinking,both,G0-miss1,r8_topic_rank_6_20,17.3133,16.3200,18.2533
shrinking,both,G0-miss1,r8_rank_150_200,1.8137,1.5510,2.0882
shrinking,both,G0-miss1,r8_topic_rank_150_200,8.6863,8.3373,9.0549
shrinking,both,G0-miss1,r9_kept_up_6_50,-0.0158,-0.0227,-0.0092
shrinking,both,G0-miss1,r9_kept_up_101_200,-0.0006,-0.0032,0.0022
shrinking,both,G0-miss1,r10_shown,3.7660,3.5220,4.0090
shrinking,both,G0-miss1,r2_ece,0.0088,0.0057,0.0118
shrinking,both,G0-miss1,r4b_3,0.1645,0.1518,0.1773
shrinking,both,G0-miss1,r4b_5,0.1964,0.1807,0.2120
shrinking,both,G0-miss1,r4b_10,0.2051,0.1889,0.2208
shrinking,both,G0-miss1,r4b_20,0.2119,0.1964,0.2299
shrinking,both,G0-miss1,r4b_50,0.2119,0.1955,0.2285
shrinking,both,G0-miss1,r8_move_p95_6_20,73.0000,73.0000,73.0000
shrinking,both,G0-miss1,r8_move_p95_150_200,41.0000,40.0000,41.0000
shrinking,both,G0-miss1,r9_kept_up_later_less_earlier,0.0152,0.0094,0.0219
shrinking,both,G0-miss1,r10_taken_back_5,0.1641,0.1455,0.1841
shrinking,both,G0-miss1,r10_taken_back_10,0.3583,0.3203,0.3980
shrinking,both,G2-half,r1_rms_5,1.0035,0.9683,1.0388
shrinking,both,G2-half,r1_mean_5,-0.0551,-0.1199,0.0081
shrinking,both,G2-half,r1_rms_10,0.9432,0.9119,0.9764
shrinking,both,G2-half,r1_mean_10,-0.0973,-0.1586,-0.0404
shrinking,both,G2-half,r1_rms_20,0.8455,0.8215,0.8699
shrinking,both,G2-half,r1_mean_20,-0.1585,-0.2095,-0.1108
shrinking,both,G2-half,r1_rms_50,0.7203,0.7013,0.7403
shrinking,both,G2-half,r1_mean_50,-0.2913,-0.3272,-0.2569
shrinking,both,G2-half,r1_rms_100,0.7013,0.6848,0.7181
shrinking,both,G2-half,r1_mean_100,-0.4494,-0.4743,-0.4244
shrinking,both,G2-half,r1_rms_200,0.7345,0.7210,0.7490
shrinking,both,G2-half,r1_mean_200,-0.5765,-0.5935,-0.5591
shrinking,both,G2-half,r2_brier,0.1516,0.1500,0.1532
shrinking,both,G2-half,r2_bias,-0.0368,-0.0397,-0.0339
shrinking,both,G2-half,r3_inside,0.3747,0.3687,0.3803
shrinking,both,G2-half,r3_below_0.5,0.0224,0.0202,0.0245
shrinking,both,G2-half,r3_above_0.95,0.0623,0.0573,0.0671
shrinking,both,G2-half,r4_false,0.0168,0.0135,0.0200
shrinking,both,G2-half,r4_false_0.70,0.0027,0.0017,0.0038
shrinking,both,G2-half,r4_below,0.5850,0.5656,0.6040
shrinking,both,G2-half,r4_false_at_task,0.0141,0.0096,0.0192
shrinking,both,G2-half,r4_declared,9.7300,9.3460,10.1350
shrinking,both,G2-half,r5_late_answers,6.0485,5.8571,6.2468
shrinking,both,G2-half,r5_never,0.3204,0.3051,0.3357
shrinking,both,G2-half,r6_lag,-0.5377,-0.5556,-0.5202
shrinking,both,G2-half,r7_error_5,0.8583,0.8184,0.8990
shrinking,both,G2-half,r7_error_10,0.7894,0.7533,0.8262
shrinking,both,G2-half,r7_longest_wrong,1.7240,1.6710,1.7780
shrinking,both,G2-half,r7_hard_first,0.1321,0.1213,0.1439
shrinking,both,G2-half,r4b_chance_below_0.5,0.0643,0.0585,0.0709
shrinking,both,G2-half,r4b_chance_0.5_to_0.6,0.0887,0.0834,0.0942
shrinking,both,G2-half,r4b_chance_0.6_to_0.7,0.1687,0.1626,0.1753
shrinking,both,G2-half,r4b_chance_0.7_to_0.8,0.2684,0.2624,0.2744
shrinking,both,G2-half,r4b_chance_0.8_up,0.4099,0.3953,0.4240
shrinking,both,G2-half,r3_reachable,0.9589,0.9549,0.9626
shrinking,both,G2-half,r8_rank_6_20,3.6000,3.1467,4.0800
shrinking,both,G2-half,r8_topic_rank_6_20,17.1533,16.1800,18.1467
shrinking,both,G2-half,r8_rank_150_200,1.6725,1.4314,1.9196
shrinking,both,G2-half,r8_topic_rank_150_200,8.8157,8.4157,9.2216
shrinking,both,G2-half,r9_kept_up_6_50,0.0045,-0.0017,0.0109
shrinking,both,G2-half,r9_kept_up_101_200,0.0582,0.0559,0.0605
shrinking,both,G2-half,r10_shown,4.1240,3.8490,4.3970
shrinking,both,G2-half,r2_ece,0.0368,0.0340,0.0396
shrinking,both,G2-half,r4b_3,0.1563,0.1444,0.1677
shrinking,both,G2-half,r4b_5,0.1903,0.1765,0.2057
shrinking,both,G2-half,r4b_10,0.2245,0.2075,0.2414
shrinking,both,G2-half,r4b_20,0.2531,0.2313,0.2739
shrinking,both,G2-half,r4b_50,0.2603,0.2356,0.2881
shrinking,both,G2-half,r8_move_p95_6_20,73.0000,73.0000,73.0000
shrinking,both,G2-half,r8_move_p95_150_200,40.0000,40.0000,41.0000
shrinking,both,G2-half,r9_kept_up_later_less_earlier,0.0536,0.0479,0.0598
shrinking,both,G2-half,r10_taken_back_5,0.1083,0.0945,0.1228
shrinking,both,G2-half,r10_taken_back_10,0.2199,0.1951,0.2478
shrinking,both,G2-fading,r1_rms_5,1.0200,0.9835,1.0589
shrinking,both,G2-fading,r1_mean_5,-0.0023,-0.0720,0.0665
shrinking,both,G2-fading,r1_rms_10,0.9375,0.9051,0.9708
shrinking,both,G2-fading,r1_mean_10,-0.0779,-0.1394,-0.0184
shrinking,both,G2-fading,r1_rms_20,0.8523,0.8248,0.8822
shrinking,both,G2-fading,r1_mean_20,-0.1712,-0.2234,-0.1228
shrinking,both,G2-fading,r1_rms_50,0.7390,0.7188,0.7612
shrinking,both,G2-fading,r1_mean_50,-0.3309,-0.3651,-0.2965
shrinking,both,G2-fading,r1_rms_100,0.6828,0.6672,0.7009
shrinking,both,G2-fading,r1_mean_100,-0.4137,-0.4386,-0.3885
shrinking,both,G2-fading,r1_rms_200,0.6069,0.5951,0.6180
shrinking,both,G2-fading,r1_mean_200,-0.3875,-0.4035,-0.3713
shrinking,both,G2-fading,r2_brier,0.1558,0.1541,0.1575
shrinking,both,G2-fading,r2_bias,-0.0283,-0.0314,-0.0254
shrinking,both,G2-fading,r3_inside,0.3903,0.3845,0.3962
shrinking,both,G2-fading,r3_below_0.5,0.0233,0.0210,0.0258
shrinking,both,G2-fading,r3_above_0.95,0.0559,0.0509,0.0615
shrinking,both,G2-fading,r4_false,0.0193,0.0156,0.0235
shrinking,both,G2-fading,r4_false_0.70,0.0041,0.0026,0.0059
shrinking,both,G2-fading,r4_below,0.5711,0.5518,0.5913
shrinking,both,G2-fading,r4_false_at_task,0.0145,0.0100,0.0196
shrinking,both,G2-fading,r4_declared,9.0050,8.6170,9.3940
shrinking,both,G2-fading,r5_late_answers,5.4621,5.2557,5.6770
shrinking,both,G2-fading,r5_never,0.2942,0.2792,0.3100
shrinking,both,G2-fading,r6_lag,-0.4146,-0.4327,-0.3962
shrinking,both,G2-fading,r7_error_5,0.8779,0.8375,0.9197
shrinking,both,G2-fading,r7_error_10,0.7881,0.7489,0.8278
shrinking,both,G2-fading,r7_longest_wrong,1.7980,1.7420,1.8600
shrinking,both,G2-fading,r7_hard_first,0.1412,0.1302,0.1531
shrinking,both,G2-fading,r4b_chance_below_0.5,0.0601,0.0546,0.0661
shrinking,both,G2-fading,r4b_chance_0.5_to_0.6,0.0920,0.0868,0.0970
shrinking,both,G2-fading,r4b_chance_0.6_to_0.7,0.1777,0.1718,0.1836
shrinking,both,G2-fading,r4b_chance_0.7_to_0.8,0.2800,0.2738,0.2858
shrinking,both,G2-fading,r4b_chance_0.8_up,0.3903,0.3746,0.4046
shrinking,both,G2-fading,r3_reachable,0.9573,0.9534,0.9609
shrinking,both,G2-fading,r8_rank_6_20,3.5133,3.0867,3.9733
shrinking,both,G2-fading,r8_topic_rank_6_20,17.0800,16.2000,18.0133
shrinking,both,G2-fading,r8_rank_150_200,1.7608,1.5059,2.0196
shrinking,both,G2-fading,r8_topic_rank_150_200,8.7529,8.3608,9.1647
shrinking,both,G2-fading,r9_kept_up_6_50,0.0018,-0.0045,0.0089
shrinking,both,G2-fading,r9_kept_up_101_200,0.0406,0.0380,0.0431
shrinking,both,G2-fading,r10_shown,3.9060,3.6420,4.1880
shrinking,both,G2-fading,r2_ece,0.0283,0.0253,0.0314
shrinking,both,G2-fading,r4b_3,0.1485,0.1362,0.1606
shrinking,both,G2-fading,r4b_5,0.1816,0.1672,0.1960
shrinking,both,G2-fading,r4b_10,0.2025,0.1872,0.2190
shrinking,both,G2-fading,r4b_20,0.2259,0.2063,0.2461
shrinking,both,G2-fading,r4b_50,0.2444,0.2173,0.2780
shrinking,both,G2-fading,r8_move_p95_6_20,73.0000,73.0000,73.0000
shrinking,both,G2-fading,r8_move_p95_150_200,40.0000,40.0000,41.0000
shrinking,both,G2-fading,r9_kept_up_later_less_earlier,0.0388,0.0326,0.0446
shrinking,both,G2-fading,r10_taken_back_5,0.1212,0.1051,0.1378
shrinking,both,G2-fading,r10_taken_back_10,0.2768,0.2447,0.3096
shrinking,both,G3-drop,r1_rms_5,0.9710,0.9371,1.0031
shrinking,both,G3-drop,r1_mean_5,0.0278,-0.0363,0.0917
shrinking,both,G3-drop,r1_rms_10,0.9145,0.8844,0.9443
shrinking,both,G3-drop,r1_mean_10,-0.0022,-0.0578,0.0566
shrinking,both,G3-drop,r1_rms_20,0.8179,0.7955,0.8414
shrinking,both,G3-drop,r1_mean_20,-0.0205,-0.0683,0.0281
shrinking,both,G3-drop,r1_rms_50,0.6681,0.6518,0.6849
shrinking,both,G3-drop,r1_mean_50,-0.0485,-0.0828,-0.0178
shrinking,both,G3-drop,r1_rms_100,0.7075,0.6893,0.7258
shrinking,both,G3-drop,r1_mean_100,0.3053,0.2710,0.3391
shrinking,both,G3-drop,r1_rms_200,0.5573,0.5468,0.5679
shrinking,both,G3-drop,r1_mean_200,0.2831,0.2664,0.2990
shrinking,both,G3-drop,r2_brier,0.2008,0.1990,0.2027
shrinking,both,G3-drop,r2_bias,0.0505,0.0474,0.0534
shrinking,both,G3-drop,r3_inside,0.3870,0.3821,0.3919
shrinking,both,G3-drop,r3_below_0.5,0.0863,0.0806,0.0924
shrinking,both,G3-drop,r3_above_0.95,0.0200,0.0176,0.0224
shrinking,both,G3-drop,r4_false,0.0684,0.0602,0.0768
shrinking,both,G3-drop,r4_false_0.70,0.0222,0.0183,0.0266
shrinking,both,G3-drop,r4_below,0.4972,0.4810,0.5144
shrinking,both,G3-drop,r4_false_at_task,0.0655,0.0548,0.0761
shrinking,both,G3-drop,r4_declared,8.3170,7.9120,8.7410
shrinking,both,G3-drop,r5_late_answers,3.7060,3.5937,3.8214
shrinking,both,G3-drop,r5_never,0.2524,0.2340,0.2694
shrinking,both,G3-drop,r6_lag,0.3607,0.3442,0.3771
shrinking,both,G3-drop,r6_jump_answers,47.9780,45.9480,50.1640
shrinking,both,G3-drop,r6_jump_unsettled,0.2190,0.1940,0.2450
shrinking,both,G3-drop,r7_error_5,0.8329,0.7939,0.8724
shrinking,both,G3-drop,r7_error_10,0.7581,0.7224,0.7947
shrinking,both,G3-drop,r7_longest_wrong,1.7690,1.7180,1.8220
shrinking,both,G3-drop,r7_hard_first,0.1437,0.1327,0.1554
shrinking,both,G3-drop,r4b_chance_below_0.5,0.1740,0.1602,0.1897
shrinking,both,G3-drop,r4b_chance_0.5_to_0.6,0.1779,0.1727,0.1835
shrinking,both,G3-drop,r4b_chance_0.6_to_0.7,0.2247,0.2191,0.2304
shrinking,both,G3-drop,r4b_chance_0.7_to_0.8,0.2301,0.2231,0.2373
shrinking,both,G3-drop,r4b_chance_0.8_up,0.1934,0.1829,0.2043
shrinking,both,G3-drop,r3_reachable,0.8765,0.8648,0.8874
shrinking,both,G3-drop,r8_rank_6_20,4.0400,3.5667,4.5267
shrinking,both,G3-drop,r8_topic_rank_6_20,18.5267,17.5933,19.4933
shrinking,both,G3-drop,r8_rank_150_200,1.8647,1.6294,2.1235
shrinking,both,G3-drop,r8_topic_rank_150_200,9.3451,8.9294,9.7353
shrinking,both,G3-drop,r9_kept_up_6_50,-0.0157,-0.0222,-0.0094
shrinking,both,G3-drop,r9_kept_up_101_200,-0.0715,-0.0745,-0.0686
shrinking,both,G3-drop,r10_shown,4.1680,3.9020,4.4430
shrinking,both,G3-drop,r2_ece,0.0506,0.0477,0.0537
shrinking,both,G3-drop,r4b_3,0.1507,0.1386,0.1633
shrinking,both,G3-drop,r4b_5,0.1799,0.1663,0.1943
shrinking,both,G3-drop,r4b_10,0.1848,0.1707,0.1999
shrinking,both,G3-drop,r4b_20,0.1861,0.1712,0.2018
shrinking,both,G3-drop,r4b_50,0.1861,0.1721,0.2003
shrinking,both,G3-drop,r8_move_p95_6_20,73.0000,73.0000,74.0000
shrinking,both,G3-drop,r8_move_p95_150_200,43.0000,42.0000,43.0000
shrinking,both,G3-drop,r9_kept_up_later_less_earlier,-0.0558,-0.0619,-0.0494
shrinking,both,G3-drop,r10_taken_back_5,0.3134,0.2919,0.3339
shrinking,both,G3-drop,r10_taken_back_10,0.5384,0.5088,0.5695
shrinking,both,G0-start0.5,r1_rms_5,0.9579,0.9253,0.9930
shrinking,both,G0-start0.5,r1_mean_5,-0.0059,-0.0699,0.0556
shrinking,both,G0-start0.5,r1_rms_10,0.8996,0.8694,0.9291
shrinking,both,G0-start0.5,r1_mean_10,-0.0245,-0.0789,0.0298
shrinking,both,G0-start0.5,r1_rms_20,0.8060,0.7813,0.8296
shrinking,both,G0-start0.5,r1_mean_20,-0.0546,-0.1038,-0.0060
shrinking,both,G0-start0.5,r1_rms_50,0.6570,0.6411,0.6729
shrinking,both,G0-start0.5,r1_mean_50,-0.0855,-0.1184,-0.0537
shrinking,both,G0-start0.5,r1_rms_100,0.5597,0.5493,0.5704
shrinking,both,G0-start0.5,r1_mean_100,-0.0974,-0.1196,-0.0756
shrinking,both,G0-start0.5,r1_rms_200,0.4829,0.4749,0.4913
shrinking,both,G0-start0.5,r1_mean_200,-0.0989,-0.1139,-0.0824
shrinking,both,G0-start0.5,r2_brier,0.1726,0.1710,0.1742
shrinking,both,G0-start0.5,r2_bias,0.0050,0.0022,0.0076
shrinking,both,G0-start0.5,r3_inside,0.4322,0.4274,0.4367
shrinking,both,G0-start0.5,r3_below_0.5,0.0321,0.0296,0.0348
shrinking,both,G0-start0.5,r3_above_0.95,0.0285,0.0257,0.0314
shrinking,both,G0-start0.5,r4_false,0.0201,0.0157,0.0254
shrinking,both,G0-start0.5,r4_false_0.70,0.0062,0.0038,0.0089
shrinking,both,G0-start0.5,r4_below,0.5417,0.5244,0.5585
shrinking,both,G0-start0.5,r4_false_at_task,0.0195,0.0126,0.0274
shrinking,both,G0-start0.5,r4_declared,8.0450,7.6860,8.4110
shrinking,both,G0-start0.5,r5_late_answers,4.1096,3.9640,4.2744
shrinking,both,G0-start0.5,r5_never,0.1346,0.1229,0.1465
shrinking,both,G0-start0.5,r6_lag,-0.1063,-0.1224,-0.0900
shrinking,both,G0-start0.5,r7_error_5,0.8047,0.7665,0.8448
shrinking,both,G0-start0.5,r7_error_10,0.7385,0.7031,0.7724
shrinking,both,G0-start0.5,r7_longest_wrong,1.6880,1.6380,1.7410
shrinking,both,G0-start0.5,r7_hard_first,0.1212,0.1110,0.1315
shrinking,both,G0-start0.5,r4b_chance_below_0.5,0.0691,0.0635,0.0748
shrinking,both,G0-start0.5,r4b_chance_0.5_to_0.6,0.1136,0.1086,0.1186
shrinking,both,G0-start0.5,r4b_chance_0.6_to_0.7,0.2097,0.2043,0.2149
shrinking,both,G0-start0.5,r4b_chance_0.7_to_0.8,0.2874,0.2822,0.2925
shrinking,both,G0-start0.5,r4b_chance_0.8_up,0.3202,0.3083,0.3311
shrinking,both,G0-start0.5,r3_reachable,0.9622,0.9579,0.9666
shrinking,both,G0-start0.5,r8_rank_6_20,3.6133,3.1600,4.0867
shrinking,both,G0-start0.5,r8_topic_rank_6_20,17.3200,16.3867,18.2333
shrinking,both,G0-start0.5,r8_rank_150_200,1.5098,1.2941,1.7451
shrinking,both,G0-start0.5,r8_topic_rank_150_200,9.5059,9.1059,9.8784
shrinking,both,G0-start0.5,r9_kept_up_6_50,-0.0138,-0.0202,-0.0077
shrinking,both,G0-start0.5,r9_kept_up_101_200,-0.0002,-0.0026,0.0024
shrinking,both,G0-start0.5,r10_shown,3.7000,3.4870,3.9120
shrinking,both,G0-start0.5,r2_ece,0.0060,0.0033,0.0087
shrinking,both,G0-start0.5,r4b_3,0.1466,0.1346,0.1585
shrinking,both,G0-start0.5,r4b_5,0.1705,0.1571,0.1842
shrinking,both,G0-start0.5,r4b_10,0.1780,0.1645,0.1922
shrinking,both,G0-start0.5,r4b_20,0.1878,0.1729,0.2038
shrinking,both,G0-start0.5,r4b_50,0.2062,0.1780,0.2460
shrinking,both,G0-start0.5,r8_move_p95_6_20,73.0000,73.0000,74.0000
shrinking,both,G0-start0.5,r8_move_p95_150_200,41.0000,40.0000,41.0000
shrinking,both,G0-start0.5,r9_kept_up_later_less_earlier,0.0137,0.0075,0.0193
shrinking,both,G0-start0.5,r10_taken_back_5,0.1858,0.1659,0.2057
shrinking,both,G0-start0.5,r10_taken_back_10,0.3500,0.3181,0.3843
shrinking,both,G0-start2,r1_rms_5,1.0902,1.0461,1.1348
shrinking,both,G0-start2,r1_mean_5,-0.0252,-0.1056,0.0489
shrinking,both,G0-start2,r1_rms_10,1.0133,0.9778,1.0515
shrinking,both,G0-start2,r1_mean_10,-0.0625,-0.1307,0.0098
shrinking,both,G0-start2,r1_rms_20,0.9046,0.8745,0.9369
shrinking,both,G0-start2,r1_mean_20,-0.0911,-0.1489,-0.0337
shrinking,both,G0-start2,r1_rms_50,0.7289,0.7067,0.7516
shrinking,both,G0-start2,r1_mean_50,-0.1125,-0.1496,-0.0699
shrinking,both,G0-start2,r1_rms_100,0.6003,0.5850,0.6163
shrinking,both,G0-start2,r1_mean_100,-0.1163,-0.1431,-0.0894
shrinking,both,G0-start2,r1_rms_200,0.5029,0.4933,0.5135
shrinking,both,G0-start2,r1_mean_200,-0.0916,-0.1100,-0.0739
shrinking,both,G0-start2,r2_brier,0.1751,0.1728,0.1774
shrinking,both,G0-start2,r2_bias,0.0020,-0.0014,0.0052
shrinking,both,G0-start2,r3_inside,0.3994,0.3909,0.4070
shrinking,both,G0-start2,r3_below_0.5,0.0714,0.0610,0.0821
shrinking,both,G0-start2,r3_above_0.95,0.0416,0.0362,0.0473
shrinking,both,G0-start2,r4_false,0.0343,0.0290,0.0396
shrinking,both,G0-start2,r4_false_0.70,0.0067,0.0048,0.0087
shrinking,both,G0-start2,r4_below,0.4972,0.4746,0.5204
shrinking,both,G0-start2,r4_false_at_task,0.0277,0.0210,0.0354
shrinking,both,G0-start2,r4_declared,8.9850,8.5510,9.4410
shrinking,both,G0-start2,r5_late_answers,5.0332,4.8683,5.2044
shrinking,both,G0-start2,r5_never,0.1674,0.1531,0.1816
shrinking,both,G0-start2,r6_lag,-0.1150,-0.1341,-0.0945
shrinking,both,G0-start2,r7_error_5,0.9488,0.8990,0.9981
shrinking,both,G0-start2,r7_error_10,0.8650,0.8213,0.9102
shrinking,both,G0-start2,r7_longest_wrong,1.9170,1.8420,1.9870
shrinking,both,G0-start2,r7_hard_first,0.1766,0.1610,0.1925
shrinking,both,G0-start2,r4b_chance_below_0.5,0.2020,0.1746,0.2313
shrinking,both,G0-start2,r4b_chance_0.5_to_0.6,0.1353,0.1281,0.1430
shrinking,both,G0-start2,r4b_chance_0.6_to_0.7,0.2006,0.1916,0.2088
shrinking,both,G0-start2,r4b_chance_0.7_to_0.8,0.2360,0.2246,0.2481
shrinking,both,G0-start2,r4b_chance_0.8_up,0.2261,0.2107,0.2429
shrinking,both,G0-start2,r3_reachable,0.8741,0.8575,0.8897
shrinking,both,G0-start2,r8_rank_6_20,3.9133,3.4733,4.3800
shrinking,both,G0-start2,r8_topic_rank_6_20,17.5600,16.6133,18.5067
shrinking,both,G0-start2,r8_rank_150_200,1.7196,1.4922,1.9863
shrinking,both,G0-start2,r8_topic_rank_150_200,8.5863,8.1569,9.0314
shrinking,both,G0-start2,r9_kept_up_6_50,-0.0129,-0.0203,-0.0057
shrinking,both,G0-start2,r9_kept_up_101_200,0.0042,0.0015,0.0070
shrinking,both,G0-start2,r10_shown,4.5160,4.1890,4.8510
shrinking,both,G0-start2,r2_ece,0.0026,0.0020,0.0059
shrinking,both,G0-start2,r4b_3,0.1358,0.1233,0.1483
shrinking,both,G0-start2,r4b_5,0.1638,0.1494,0.1788
shrinking,both,G0-start2,r4b_10,0.1810,0.1656,0.1967
shrinking,both,G0-start2,r4b_20,0.1864,0.1700,0.2031
shrinking,both,G0-start2,r4b_50,0.1898,0.1730,0.2077
shrinking,both,G0-start2,r8_move_p95_6_20,73.0000,73.0000,73.0000
shrinking,both,G0-start2,r8_move_p95_150_200,41.0000,40.0000,41.0000
shrinking,both,G0-start2,r9_kept_up_later_less_earlier,0.0171,0.0112,0.0235
shrinking,both,G0-start2,r10_taken_back_5,0.1590,0.1416,0.1766
shrinking,both,G0-start2,r10_taken_back_10,0.3354,0.3045,0.3714
shrinking,both,G0-topics0.3,r1_rms_5,0.9082,0.8690,0.9480
shrinking,both,G0-topics0.3,r1_mean_5,0.0615,-0.0034,0.1232
shrinking,both,G0-topics0.3,r1_rms_10,0.8324,0.7988,0.8653
shrinking,both,G0-topics0.3,r1_mean_10,0.0222,-0.0358,0.0821
shrinking,both,G0-topics0.3,r1_rms_20,0.7312,0.7035,0.7586
shrinking,both,G0-topics0.3,r1_mean_20,0.0008,-0.0472,0.0476
shrinking,both,G0-topics0.3,r1_rms_50,0.5870,0.5695,0.6053
shrinking,both,G0-topics0.3,r1_mean_50,-0.0365,-0.0710,-0.0034
shrinking,both,G0-topics0.3,r1_rms_100,0.5028,0.4914,0.5141
shrinking,both,G0-topics0.3,r1_mean_100,-0.0603,-0.0835,-0.0366
shrinking,both,G0-topics0.3,r1_rms_200,0.4410,0.4333,0.4487
shrinking,both,G0-topics0.3,r1_mean_200,-0.0805,-0.0968,-0.0652
shrinking,both,G0-topics0.3,r2_brier,0.1758,0.1740,0.1776
shrinking,both,G0-topics0.3,r2_bias,0.0076,0.0047,0.0104
shrinking,both,G0-topics0.3,r3_inside,0.4524,0.4466,0.4582
shrinking,both,G0-topics0.3,r3_below_0.5,0.0318,0.0288,0.0350
shrinking,both,G0-topics0.3,r3_above_0.95,0.0218,0.0190,0.0249
shrinking,both,G0-topics0.3,r4_false,0.0360,0.0301,0.0424
shrinking,both,G0-topics0.3,r4_false_0.70,0.0056,0.0036,0.0077
shrinking,both,G0-topics0.3,r4_below,0.5538,0.5356,0.5728
shrinking,both,G0-topics0.3,r4_false_at_task,0.0341,0.0248,0.0440
shrinking,both,G0-topics0.3,r4_declared,8.5460,8.1570,8.9280
shrinking,both,G0-topics0.3,r5_late_answers,4.3930,4.2430,4.5697
shrinking,both,G0-topics0.3,r5_never,0.1650,0.1491,0.1810
shrinking,both,G0-topics0.3,r6_lag,-0.0833,-0.0997,-0.0668
shrinking,both,G0-topics0.3,r7_error_5,0.8420,0.8013,0.8830
shrinking,both,G0-topics0.3,r7_error_10,0.7695,0.7304,0.8067
shrinking,both,G0-topics0.3,r7_longest_wrong,1.7560,1.7030,1.8120
shrinking,both,G0-topics0.3,r7_hard_first,0.1291,0.1183,0.1407
shrinking,both,G0-topics0.3,r4b_chance_below_0.5,0.0705,0.0635,0.0783
shrinking,both,G0-topics0.3,r4b_chance_0.5_to_0.6,0.1249,0.1177,0.1319
shrinking,both,G0-topics0.3,r4b_chance_0.6_to_0.7,0.2212,0.2150,0.2276
shrinking,both,G0-topics0.3,r4b_chance_0.7_to_0.8,0.2968,0.2893,0.3041
shrinking,both,G0-topics0.3,r4b_chance_0.8_up,0.2865,0.2731,0.3002
shrinking,both,G0-topics0.3,r3_reachable,0.9453,0.9374,0.9525
shrinking,both,G0-topics0.3,r8_rank_6_20,3.8733,3.4133,4.3667
shrinking,both,G0-topics0.3,r8_topic_rank_6_20,18.4333,17.5200,19.4467
shrinking,both,G0-topics0.3,r8_rank_150_200,1.9196,1.6510,2.1941
shrinking,both,G0-topics0.3,r8_topic_rank_150_200,8.9353,8.5510,9.3412
shrinking,both,G0-topics0.3,r9_kept_up_6_50,-0.0166,-0.0234,-0.0102
shrinking,both,G0-topics0.3,r9_kept_up_101_200,-0.0027,-0.0051,-0.0001
shrinking,both,G0-topics0.3,r10_shown,3.8430,3.5970,4.0910
shrinking,both,G0-topics0.3,r2_ece,0.0089,0.0060,0.0118
shrinking,both,G0-topics0.3,r4b_3,0.1716,0.1584,0.1839
shrinking,both,G0-topics0.3,r4b_5,0.2047,0.1897,0.2206
shrinking,both,G0-topics0.3,r4b_10,0.2179,0.2017,0.2343
shrinking,both,G0-topics0.3,r4b_20,0.2300,0.2121,0.2488
shrinking,both,G0-topics0.3,r4b_50,0.2496,0.2221,0.2851
shrinking,both,G0-topics0.3,r8_move_p95_6_20,73.0000,73.0000,74.0000
shrinking,both,G0-topics0.3,r8_move_p95_150_200,41.0000,40.0000,41.0000
shrinking,both,G0-topics0.3,r9_kept_up_later_less_earlier,0.0139,0.0080,0.0198
shrinking,both,G0-topics0.3,r10_taken_back_5,0.2027,0.1820,0.2240
shrinking,both,G0-topics0.3,r10_taken_back_10,0.3649,0.3322,0.4003
shrinking,both,G0-topics1,r1_rms_5,1.2869,1.2527,1.3242
shrinking,both,G0-topics1,r1_mean_5,-0.0538,-0.1230,0.0171
shrinking,both,G0-topics1,r1_rms_10,1.2628,1.2340,1.2943
shrinking,both,G0-topics1,r1_mean_10,-0.0780,-0.1419,-0.0186
shrinking,both,G0-topics1,r1_rms_20,1.1774,1.1537,1.2015
shrinking,both,G0-topics1,r1_mean_20,-0.1256,-0.1794,-0.0711
shrinking,both,G0-topics1,r1_rms_50,1.0074,0.9886,1.0264
shrinking,both,G0-topics1,r1_mean_50,-0.1811,-0.2163,-0.1436
shrinking,both,G0-topics1,r1_rms_100,0.8526,0.8382,0.8665
shrinking,both,G0-topics1,r1_mean_100,-0.1860,-0.2132,-0.1599
shrinking,both,G0-topics1,r1_rms_200,0.7211,0.7086,0.7331
shrinking,both,G0-topics1,r1_mean_200,-0.1632,-0.1818,-0.1451
shrinking,both,G0-topics1,r2_brier,0.1748,0.1731,0.1766
shrinking,both,G0-topics1,r2_bias,0.0062,0.0034,0.0089
shrinking,both,G0-topics1,r3_inside,0.3680,0.3633,0.3726
shrinking,both,G0-topics1,r3_below_0.5,0.0627,0.0583,0.0672
shrinking,both,G0-topics1,r3_above_0.95,0.0675,0.0630,0.0719
shrinking,both,G0-topics1,r4_false,0.0586,0.0518,0.0657
shrinking,both,G0-topics1,r4_false_0.70,0.0244,0.0203,0.0288
shrinking,both,G0-topics1,r4_below,0.5740,0.5559,0.5932
shrinking,both,G0-topics1,r4_false_at_task,0.0585,0.0491,0.0680
shrinking,both,G0-topics1,r4_declared,8.2310,7.8370,8.6250
shrinking,both,G0-topics1,r5_late_answers,4.9142,4.7354,5.0908
shrinking,both,G0-topics1,r5_never,0.2617,0.2492,0.2743
shrinking,both,G0-topics1,r6_lag,-0.1687,-0.1864,-0.1528
shrinking,both,G0-topics1,r7_error_5,0.8726,0.8319,0.9148
shrinking,both,G0-topics1,r7_error_10,0.8047,0.7682,0.8471
shrinking,both,G0-topics1,r7_longest_wrong,1.9440,1.8760,2.0130
shrinking,both,G0-topics1,r7_hard_first,0.1882,0.1760,0.1997
shrinking,both,G0-topics1,r4b_chance_below_0.5,0.1376,0.1271,0.1492
shrinking,both,G0-topics1,r4b_chance_0.5_to_0.6,0.1301,0.1254,0.1350
shrinking,both,G0-topics1,r4b_chance_0.6_to_0.7,0.2024,0.1965,0.2080
shrinking,both,G0-topics1,r4b_chance_0.7_to_0.8,0.2526,0.2462,0.2594
shrinking,both,G0-topics1,r4b_chance_0.8_up,0.2773,0.2660,0.2891
shrinking,both,G0-topics1,r3_reachable,0.9151,0.9074,0.9228
shrinking,both,G0-topics1,r8_rank_6_20,3.9467,3.4933,4.4267
shrinking,both,G0-topics1,r8_topic_rank_6_20,18.3667,17.4333,19.2800
shrinking,both,G0-topics1,r8_rank_150_200,1.6863,1.4353,1.9431
shrinking,both,G0-topics1,r8_topic_rank_150_200,8.7333,8.3549,9.1196
shrinking,both,G0-topics1,r9_kept_up_6_50,-0.0264,-0.0329,-0.0199
shrinking,both,G0-topics1,r9_kept_up_101_200,0.0026,-0.0001,0.0052
shrinking,both,G0-topics1,r10_shown,3.5380,3.3000,3.7780
shrinking,both,G0-topics1,r2_ece,0.0076,0.0047,0.0105
shrinking,both,G0-topics1,r4b_3,0.1646,0.1525,0.1768
shrinking,both,G0-topics1,r4b_5,0.2041,0.1897,0.2189
shrinking,both,G0-topics1,r4b_10,0.2193,0.2030,0.2348
shrinking,both,G0-topics1,r4b_20,0.2282,0.2119,0.2446
shrinking,both,G0-topics1,r4b_50,0.2282,0.2116,0.2452
shrinking,both,G0-topics1,r8_move_p95_6_20,73.0000,73.0000,73.0000
shrinking,both,G0-topics1,r8_move_p95_150_200,40.0000,39.0000,40.0000
shrinking,both,G0-topics1,r9_kept_up_later_less_earlier,0.0290,0.0225,0.0350
shrinking,both,G0-topics1,r10_taken_back_5,0.2028,0.1817,0.2254
shrinking,both,G0-topics1,r10_taken_back_10,0.3936,0.3598,0.4295
earlier,both,G0,r1_rms_5,1.0198,0.9851,1.0563
earlier,both,G0,r1_mean_5,-0.0343,-0.1024,0.0319
earlier,both,G0,r1_rms_10,0.9513,0.9202,0.9833
earlier,both,G0,r1_mean_10,-0.0579,-0.1182,0.0020
earlier,both,G0,r1_rms_20,0.8459,0.8216,0.8717
earlier,both,G0,r1_mean_20,-0.0804,-0.1286,-0.0293
earlier,both,G0,r1_rms_50,0.6815,0.6661,0.6990
earlier,both,G0,r1_mean_50,-0.0952,-0.1295,-0.0597
earlier,both,G0,r1_rms_100,0.5761,0.5647,0.5880
earlier,both,G0,r1_mean_100,-0.0949,-0.1182,-0.0722
earlier,both,G0,r1_rms_200,0.4949,0.4864,0.5040
earlier,both,G0,r1_mean_200,-0.0801,-0.0971,-0.0632
earlier,both,G0,r2_brier,0.1718,0.1699,0.1737
earlier,both,G0,r2_bias,0.0014,-0.0018,0.0045
earlier,both,G0,r3_inside,0.4244,0.4190,0.4300
earlier,both,G0,r3_below_0.5,0.0365,0.0326,0.0406
earlier,both,G0,r3_above_0.95,0.0311,0.0280,0.0343
earlier,both,G0,r4_false,0.6317,0.6150,0.6491
earlier,both,G0,r4_false_0.70,0.5260,0.5070,0.5451
earlier,both,G0,r4_below,0.0000,0.0000,0.0000
earlier,both,G0,r4_false_at_task,0.6317,0.6141,0.6494
earlier,both,G0,r4_declared,9.8610,9.6390,10.0680
earlier,both,G0,r5_late_answers,9.8436,9.5856,10.1027
earlier,both,G0,r5_never,0.2176,0.1977,0.2373
earlier,both,G0,r6_lag,-0.1311,-0.1500,-0.1133
earlier,both,G0,r7_error_5,0.8674,0.8264,0.9078
earlier,both,G0,r7_error_10,0.7892,0.7524,0.8262
earlier,both,G0,r7_longest_wrong,1.7620,1.7070,1.8170
earlier,both,G0,r7_hard_first,0.1330,0.1223,0.1443
earlier,both,G0,r4b_chance_below_0.5,0.1098,0.0977,0.1238
earlier,both,G0,r4b_chance_0.5_to_0.6,0.1377,0.1308,0.1445
earlier,both,G0,r4b_chance_0.6_to_0.7,0.2125,0.2057,0.2191
earlier,both,G0,r4b_chance_0.7_to_0.8,0.2609,0.2530,0.2690
earlier,both,G0,r4b_chance_0.8_up,0.2792,0.2633,0.2941
earlier,both,G0,r3_reachable,0.9392,0.9302,0.9474
earlier,both,G0,r8_rank_6_20,3.8133,3.3733,4.2733
earlier,both,G0,r8_topic_rank_6_20,18.4400,17.5267,19.4333
earlier,both,G0,r8_rank_150_200,0.6294,0.4784,0.7961
earlier,both,G0,r8_topic_rank_150_200,7.1196,6.7667,7.4686
earlier,both,G0,r9_kept_up_6_50,-0.0107,-0.0175,-0.0038
earlier,both,G0,r9_kept_up_101_200,0.0041,0.0013,0.0071
earlier,both,G0,r10_shown,9.8360,9.6260,10.0510
earlier,both,G0,r2_ece,0.0039,0.0024,0.0071
earlier,both,G0,r4b_3,0.1458,0.1349,0.1570
earlier,both,G0,r4b_5,0.4380,0.4232,0.4529
earlier,both,G0,r4b_10,0.8216,0.8076,0.8355
earlier,both,G0,r4b_20,0.9788,0.9697,0.9879
earlier,both,G0,r4b_50,0.9974,0.9936,1.0000
earlier,both,G0,r8_move_p95_6_20,73.0000,73.0000,74.0000
earlier,both,G0,r8_move_p95_150_200,37.0000,36.0000,37.0000
earlier,both,G0,r9_kept_up_later_less_earlier,0.0148,0.0091,0.0204
earlier,both,G0,r10_taken_back_5,0.1941,0.1784,0.2105
earlier,both,G0,r10_taken_back_10,0.3463,0.3206,0.3740
earlier,both,G1,r1_rms_5,1.1039,1.0615,1.1487
earlier,both,G1,r1_mean_5,-0.0548,-0.1327,0.0256
earlier,both,G1,r1_rms_10,1.0359,0.9955,1.0757
earlier,both,G1,r1_mean_10,-0.0865,-0.1595,-0.0171
earlier,both,G1,r1_rms_20,0.9217,0.8882,0.9541
earlier,both,G1,r1_mean_20,-0.1046,-0.1652,-0.0473
earlier,both,G1,r1_rms_50,0.7367,0.7151,0.7583
earlier,both,G1,r1_mean_50,-0.1218,-0.1629,-0.0824
earlier,both,G1,r1_rms_100,0.6088,0.5949,0.6242
earlier,both,G1,r1_mean_100,-0.1052,-0.1337,-0.0777
earlier,both,G1,r1_rms_200,0.5195,0.5090,0.5296
earlier,both,G1,r1_mean_200,-0.0681,-0.0882,-0.0478
earlier,both,G1,r2_brier,0.1793,0.1765,0.1822
earlier,both,G1,r2_bias,-0.0031,-0.0067,0.0005
earlier,both,G1,r3_inside,0.3480,0.3377,0.3577
earlier,both,G1,r3_below_0.5,0.1194,0.1068,0.1324
earlier,both,G1,r3_above_0.95,0.0459,0.0408,0.0510
earlier,both,G1,r4_false,0.6266,0.6046,0.6476
earlier,both,G1,r4_false_0.70,0.5702,0.5494,0.5916
earlier,both,G1,r4_below,0.0000,0.0000,0.0000
earlier,both,G1,r4_false_at_task,0.6266,0.6056,0.6484
earlier,both,G1,r4_declared,10.4240,10.1990,10.6700
earlier,both,G1,r5_late_answers,9.4419,9.1991,9.6897
earlier,both,G1,r5_never,0.2073,0.1880,0.2267
earlier,both,G1,r6_lag,-0.1528,-0.1738,-0.1311
earlier,both,G1,r7_error_5,0.9437,0.8944,0.9928
earlier,both,G1,r7_error_10,0.8675,0.8226,0.9156
earlier,both,G1,r7_longest_wrong,2.0150,1.9340,2.0940
earlier,both,G1,r7_hard_first,0.2259,0.2085,0.2432
earlier,both,G1,r4b_chance_below_0.5,0.3345,0.3096,0.3576
earlier,both,G1,r4b_chance_0.5_to_0.6,0.1830,0.1750,0.1911
earlier,both,G1,r4b_chance_0.6_to_0.7,0.1583,0.1525,0.1644
earlier,both,G1,r4b_chance_0.7_to_0.8,0.1484,0.1381,0.1596
earlier,both,G1,r4b_chance_0.8_up,0.1758,0.1597,0.1931
earlier,both,G1,r3_reachable,0.8099,0.7862,0.8317
earlier,both,G1,r8_rank_6_20,3.9800,3.5400,4.4133
earlier,both,G1,r8_topic_rank_6_20,17.7133,16.7267,18.8067
earlier,both,G1,r8_rank_150_200,0.6255,0.4843,0.7686
earlier,both,G1,r8_topic_rank_150_200,5.7588,5.4471,6.1196
earlier,both,G1,r9_kept_up_6_50,-0.0090,-0.0162,-0.0018
earlier,both,G1,r9_kept_up_101_200,0.0098,0.0068,0.0128
earlier,both,G1,r10_shown,10.4060,10.1780,10.6180
earlier,both,G1,r2_ece,0.0098,0.0071,0.0133
earlier,both,G1,r4b_3,0.1239,0.1115,0.1370
earlier,both,G1,r4b_5,0.3696,0.3519,0.3881
earlier,both,G1,r4b_10,0.7055,0.6853,0.7254
earlier,both,G1,r4b_20,0.8942,0.8815,0.9069
earlier,both,G1,r4b_50,0.9837,0.9788,0.9883
earlier,both,G1,r8_move_p95_6_20,72.0000,72.0000,73.0000
earlier,both,G1,r8_move_p95_150_200,36.0000,35.0000,36.0000
earlier,both,G1,r9_kept_up_later_less_earlier,0.0188,0.0126,0.0251
earlier,both,G1,r10_taken_back_5,0.2621,0.2379,0.2882
earlier,both,G1,r10_taken_back_10,0.4182,0.3842,0.4577
earlier,both,G2,r1_rms_5,0.9612,0.9251,0.9970
earlier,both,G2,r1_mean_5,-0.1063,-0.1736,-0.0438
earlier,both,G2,r1_rms_10,0.9122,0.8830,0.9426
earlier,both,G2,r1_mean_10,-0.1813,-0.2378,-0.1264
earlier,both,G2,r1_rms_20,0.8471,0.8215,0.8748
earlier,both,G2,r1_mean_20,-0.2831,-0.3293,-0.2370
earlier,both,G2,r1_rms_50,0.8169,0.7953,0.8386
earlier,both,G2,r1_mean_50,-0.5122,-0.5460,-0.4776
earlier,both,G2,r1_rms_100,0.9688,0.9471,0.9907
earlier,both,G2,r1_mean_100,-0.8214,-0.8470,-0.7958
earlier,both,G2,r1_rms_200,1.4414,1.4238,1.4598
earlier,both,G2,r1_mean_200,-1.3712,-1.3906,-1.3525
earlier,both,G2,r2_brier,0.1277,0.1263,0.1291
earlier,both,G2,r2_bias,-0.0785,-0.0812,-0.0758
earlier,both,G2,r3_inside,0.2569,0.2507,0.2633
earlier,both,G2,r3_below_0.5,0.0147,0.0132,0.0162
earlier,both,G2,r3_above_0.95,0.1649,0.1568,0.1736
earlier,both,G2,r4_false,0.4038,0.3874,0.4207
earlier,both,G2,r4_false_0.70,0.2866,0.2717,0.3022
earlier,both,G2,r4_below,0.0000,0.0000,0.0000
earlier,both,G2,r4_false_at_task,0.4038,0.3869,0.4206
earlier,both,G2,r4_declared,14.0740,13.8060,14.3490
earlier,both,G2,r5_late_answers,7.6603,7.5342,7.7938
earlier,both,G2,r5_never,0.1114,0.0999,0.1227
earlier,both,G2,r6_lag,-1.1216,-1.1427,-1.1011
earlier,both,G2,r7_error_5,0.8038,0.7638,0.8415
earlier,both,G2,r7_error_10,0.7419,0.7042,0.7803
earlier,both,G2,r7_longest_wrong,1.7310,1.6750,1.7840
earlier,both,G2,r7_hard_first,0.1201,0.1105,0.1306
earlier,both,G2,r4b_chance_below_0.5,0.0690,0.0621,0.0761
earlier,both,G2,r4b_chance_0.5_to_0.6,0.0799,0.0747,0.0852
earlier,both,G2,r4b_chance_0.6_to_0.7,0.1391,0.1328,0.1455
earlier,both,G2,r4b_chance_0.7_to_0.8,0.2379,0.2310,0.2448
earlier,both,G2,r4b_chance_0.8_up,0.4741,0.4588,0.4909
earlier,both,G2,r3_reachable,0.9627,0.9587,0.9664
earlier,both,G2,r8_rank_6_20,3.9667,3.4667,4.4933
earlier,both,G2,r8_topic_rank_6_20,18.0667,17.1467,19.0400
earlier,both,G2,r8_rank_150_200,0.5510,0.4549,0.6569
earlier,both,G2,r8_topic_rank_150_200,7.7863,7.4765,8.0882
earlier,both,G2,r9_kept_up_6_50,0.0215,0.0153,0.0274
earlier,both,G2,r9_kept_up_101_200,0.1147,0.1124,0.1171
earlier,both,G2,r10_shown,14.0510,13.7940,14.3170
earlier,both,G2,r2_ece,0.0785,0.0758,0.0812
earlier,both,G2,r4b_3,0.1943,0.1799,0.2100
earlier,both,G2,r4b_5,0.5445,0.5262,0.5625
earlier,both,G2,r4b_10,0.9279,0.9159,0.9401
earlier,both,G2,r4b_20,1.0000,0.9975,1.0000
earlier,both,G2,r4b_50,1.0000,0.9976,1.0000
earlier,both,G2,r8_move_p95_6_20,73.0000,73.0000,74.0000
earlier,both,G2,r8_move_p95_150_200,33.0000,33.0000,34.0000
earlier,both,G2,r9_kept_up_later_less_earlier,0.0932,0.0880,0.0985
earlier,both,G2,r10_taken_back_5,0.0484,0.0434,0.0537
earlier,both,G2,r10_taken_back_10,0.0892,0.0796,0.0994
earlier,both,G3,r1_rms_5,1.0052,0.9711,1.0395
earlier,both,G3,r1_mean_5,0.0400,-0.0275,0.1020
earlier,both,G3,r1_rms_10,0.9347,0.9047,0.9649
earlier,both,G3,r1_mean_10,-0.0016,-0.0605,0.0537
earlier,both,G3,r1_rms_20,0.8292,0.8042,0.8537
earlier,both,G3,r1_mean_20,-0.0252,-0.0730,0.0246
earlier,both,G3,r1_rms_50,0.6769,0.6598,0.6946
earlier,both,G3,r1_mean_50,-0.0811,-0.1145,-0.0461
earlier,both,G3,r1_rms_100,0.8061,0.7848,0.8283
earlier,both,G3,r1_mean_100,-0.5069,-0.5419,-0.4719
earlier,both,G3,r1_rms_200,0.8271,0.8104,0.8435
earlier,both,G3,r1_mean_200,-0.6835,-0.7032,-0.6652
earlier,both,G3,r2_brier,0.1510,0.1493,0.1527
earlier,both,G3,r2_bias,-0.0369,-0.0400,-0.0339
earlier,both,G3,r3_inside,0.3390,0.3336,0.3448
earlier,both,G3,r3_below_0.5,0.0291,0.0263,0.0322
earlier,both,G3,r3_above_0.95,0.0827,0.0777,0.0880
earlier,both,G3,r4_false,0.5253,0.5074,0.5435
earlier,both,G3,r4_false_0.70,0.4079,0.3899,0.4251
earlier,both,G3,r4_below,0.0000,0.0000,0.0000
earlier,both,G3,r4_false_at_task,0.5253,0.5083,0.5443
earlier,both,G3,r4_declared,12.0510,11.8100,12.2970
earlier,both,G3,r5_late_answers,8.3412,8.1635,8.5183
earlier,both,G3,r5_never,0.1624,0.1465,0.1793
earlier,both,G3,r6_lag,-0.7085,-0.7283,-0.6888
earlier,both,G3,r6_jump_answers,79.7260,77.3180,82.1180
earlier,both,G3,r6_jump_unsettled,0.7110,0.6830,0.7390
earlier,both,G3,r7_error_5,0.8573,0.8186,0.8998
earlier,both,G3,r7_error_10,0.7823,0.7450,0.8201
earlier,both,G3,r7_longest_wrong,1.7670,1.7130,1.8230
earlier,both,G3,r7_hard_first,0.1441,0.1322,0.1561
earlier,both,G3,r4b_chance_below_0.5,0.1066,0.0961,0.1174
earlier,both,G3,r4b_chance_0.5_to_0.6,0.1179,0.1118,0.1240
earlier,both,G3,r4b_chance_0.6_to_0.7,0.1850,0.1789,0.1912
earlier,both,G3,r4b_chance_0.7_to_0.8,0.2456,0.2390,0.2523
earlier,both,G3,r4b_chance_0.8_up,0.3449,0.3296,0.3602
earlier,both,G3,r3_reachable,0.9547,0.9483,0.9604
earlier,both,G3,r8_rank_6_20,3.4133,2.9933,3.8600
earlier,both,G3,r8_topic_rank_6_20,16.7333,15.8000,17.6733
earlier,both,G3,r8_rank_150_200,0.7314,0.5765,0.8961
earlier,both,G3,r8_topic_rank_150_200,7.5588,7.2471,7.8843
earlier,both,G3,r9_kept_up_6_50,-0.0172,-0.0242,-0.0102
earlier,both,G3,r9_kept_up_101_200,0.0722,0.0695,0.0748
earlier,both,G3,r10_shown,12.0370,11.8080,12.2900
earlier,both,G3,r2_ece,0.0369,0.0339,0.0399
earlier,both,G3,r4b_3,0.1480,0.1356,0.1604
earlier,both,G3,r4b_5,0.4524,0.4364,0.4694
earlier,both,G3,r4b_10,0.8780,0.8649,0.8908
earlier,both,G3,r4b_20,0.9893,0.9833,0.9946
earlier,both,G3,r4b_50,1.0000,1.0000,1.0000
earlier,both,G3,r8_move_p95_6_20,73.0000,73.0000,74.0000
earlier,both,G3,r8_move_p95_150_200,35.0000,35.0000,35.0000
earlier,both,G3,r9_kept_up_later_less_earlier,0.0894,0.0830,0.0951
earlier,both,G3,r10_taken_back_5,0.0960,0.0868,0.1053
earlier,both,G3,r10_taken_back_10,0.1927,0.1759,0.2106
earlier,both,G4,r1_rms_5,1.0187,0.9816,1.0562
earlier,both,G4,r1_mean_5,-0.2314,-0.2967,-0.1667
earlier,both,G4,r1_rms_10,0.9610,0.9275,0.9935
earlier,both,G4,r1_mean_10,-0.2847,-0.3408,-0.2282
earlier,both,G4,r1_rms_20,0.8830,0.8571,0.9108
earlier,both,G4,r1_mean_20,-0.3397,-0.3898,-0.2895
earlier,both,G4,r1_rms_50,0.7586,0.7379,0.7790
earlier,both,G4,r1_mean_50,-0.4171,-0.4487,-0.3840
earlier,both,G4,r1_rms_100,0.6996,0.6842,0.7158
earlier,both,G4,r1_mean_100,-0.4606,-0.4835,-0.4376
earlier,both,G4,r1_rms_200,0.6564,0.6440,0.6687
earlier,both,G4,r1_mean_200,-0.4662,-0.4824,-0.4505
earlier,both,G4,r2_brier,0.1780,0.1760,0.1799
earlier,both,G4,r2_bias,0.0123,0.0092,0.0155
earlier,both,G4,r3_inside,0.3875,0.3827,0.3919
earlier,both,G4,r3_below_0.5,0.0543,0.0499,0.0589
earlier,both,G4,r3_above_0.95,0.0376,0.0343,0.0410
earlier,both,G4,r4_false,0.5779,0.5604,0.5955
earlier,both,G4,r4_false_0.70,0.4665,0.4468,0.4859
earlier,both,G4,r4_below,0.0000,0.0000,0.0000
earlier,both,G4,r4_false_at_task,0.5779,0.5604,0.5965
earlier,both,G4,r4_declared,9.3290,9.1250,9.5360
earlier,both,G4,r5_late_answers,10.2464,9.9883,10.5068
earlier,both,G4,r5_never,0.2464,0.2270,0.2667
earlier,both,G4,r6_lag,-0.4951,-0.5130,-0.4762
earlier,both,G4,r7_error_5,0.8817,0.8410,0.9228
earlier,both,G4,r7_error_10,0.8082,0.7683,0.8462
earlier,both,G4,r7_longest_wrong,1.8790,1.8250,1.9340
earlier,both,G4,r7_hard_first,0.1852,0.1731,0.1969
earlier,both,G4,r4b_chance_below_0.5,0.1573,0.1438,0.1724
earlier,both,G4,r4b_chance_0.5_to_0.6,0.1483,0.1424,0.1542
earlier,both,G4,r4b_chance_0.6_to_0.7,0.1976,0.1921,0.2031
earlier,both,G4,r4b_chance_0.7_to_0.8,0.2294,0.2219,0.2363
earlier,both,G4,r4b_chance_0.8_up,0.2674,0.2542,0.2810
earlier,both,G4,r3_reachable,0.9548,0.9470,0.9623
earlier,both,G4,r8_rank_6_20,4.0067,3.5533,4.4667
earlier,both,G4,r8_topic_rank_6_20,18.5733,17.6867,19.5400
earlier,both,G4,r8_rank_150_200,0.6686,0.5098,0.8431
earlier,both,G4,r8_topic_rank_150_200,7.1961,6.8627,7.5275
earlier,both,G4,r9_kept_up_6_50,-0.0318,-0.0385,-0.0249
earlier,both,G4,r9_kept_up_101_200,-0.0011,-0.0038,0.0018
earlier,both,G4,r10_shown,9.3040,9.0960,9.5230
earlier,both,G4,r2_ece,0.0140,0.0109,0.0171
earlier,both,G4,r4b_3,0.1183,0.1090,0.1282
earlier,both,G4,r4b_5,0.4031,0.3874,0.4183
earlier,both,G4,r4b_10,0.8127,0.7965,0.8295
earlier,both,G4,r4b_20,0.9759,0.9666,0.9848
earlier,both,G4,r4b_50,0.9958,0.9904,0.9993
earlier,both,G4,r8_move_p95_6_20,74.0000,73.0000,74.0000
earlier,both,G4,r8_move_p95_150_200,36.0000,36.0000,37.0000
earlier,both,G4,r9_kept_up_later_less_earlier,0.0308,0.0244,0.0373
earlier,both,G4,r10_taken_back_5,0.1880,0.1723,0.2038
earlier,both,G4,r10_taken_back_10,0.3676,0.3401,0.3979
earlier,both,G5,r1_rms_5,0.9406,0.8989,0.9841
earlier,both,G5,r1_mean_5,0.0549,-0.0156,0.1254
earlier,both,G5,r1_rms_10,0.8776,0.8426,0.9135
earlier,both,G5,r1_mean_10,0.0268,-0.0348,0.0900
earlier,both,G5,r1_rms_20,0.8965,0.8675,0.9255
earlier,both,G5,r1_mean_20,0.0028,-0.0518,0.0531
earlier,both,G5,r1_rms_50,0.7593,0.7405,0.7808
earlier,both,G5,r1_mean_50,-0.0378,-0.0759,-0.0006
earlier,both,G5,r1_rms_100,0.6491,0.6343,0.6643
earlier,both,G5,r1_mean_100,-0.0717,-0.0975,-0.0449
earlier,both,G5,r1_rms_200,0.5566,0.5448,0.5686
earlier,both,G5,r1_mean_200,-0.0643,-0.0838,-0.0461
earlier,both,G5,r2_brier,0.1772,0.1751,0.1794
earlier,both,G5,r2_bias,0.0090,0.0057,0.0125
earlier,both,G5,r3_inside,0.4042,0.3980,0.4104
earlier,both,G5,r3_below_0.5,0.0543,0.0491,0.0596
earlier,both,G5,r3_above_0.95,0.0359,0.0321,0.0398
earlier,both,G5,r4_false,0.6250,0.6079,0.6428
earlier,both,G5,r4_false_0.70,0.5136,0.4948,0.5331
earlier,both,G5,r4_below,0.0000,0.0000,0.0000
earlier,both,G5,r4_false_at_task,0.6250,0.6074,0.6427
earlier,both,G5,r4_declared,9.7380,9.5390,9.9460
earlier,both,G5,r5_late_answers,10.1768,9.9242,10.4410
earlier,both,G5,r5_never,0.2227,0.2030,0.2426
earlier,both,G5,r6_lag,-0.1148,-0.1331,-0.0945
earlier,both,G5,r7_error_5,1.0265,0.9805,1.0745
earlier,both,G5,r7_error_10,0.9690,0.9256,1.0108
earlier,both,G5,r7_longest_wrong,1.9320,1.8740,1.9950
earlier,both,G5,r7_hard_first,0.1471,0.1342,0.1604
earlier,both,G5,r4b_chance_below_0.5,0.1595,0.1465,0.1755
earlier,both,G5,r4b_chance_0.5_to_0.6,0.1583,0.1510,0.1655
earlier,both,G5,r4b_chance_0.6_to_0.7,0.2130,0.2061,0.2197
earlier,both,G5,r4b_chance_0.7_to_0.8,0.2327,0.2245,0.2411
earlier,both,G5,r4b_chance_0.8_up,0.2365,0.2225,0.2506
earlier,both,G5,r3_reachable,0.9108,0.8985,0.9227
earlier,both,G5,r8_rank_6_20,3.9733,3.5067,4.4733
earlier,both,G5,r8_topic_rank_6_20,18.2467,17.2667,19.1933
earlier,both,G5,r8_rank_150_200,0.6725,0.5255,0.8412
earlier,both,G5,r8_topic_rank_150_200,6.9706,6.6196,7.3196
earlier,both,G5,r9_kept_up_6_50,-0.0288,-0.0362,-0.0214
earlier,both,G5,r9_kept_up_101_200,0.0015,-0.0015,0.0045
earlier,both,G5,r10_shown,9.7180,9.5020,9.9390
earlier,both,G5,r2_ece,0.0119,0.0088,0.0154
earlier,both,G5,r4b_3,0.1260,0.1151,0.1364
earlier,both,G5,r4b_5,0.3855,0.3704,0.4013
earlier,both,G5,r4b_10,0.7972,0.7817,0.8132
earlier,both,G5,r4b_20,0.9680,0.9582,0.9772
earlier,both,G5,r4b_50,0.9976,0.9948,1.0000
earlier,both,G5,r8_move_p95_6_20,74.0000,73.0000,74.0000
earlier,both,G5,r8_move_p95_150_200,37.0000,37.0000,38.0000
earlier,both,G5,r9_kept_up_later_less_earlier,0.0303,0.0239,0.0372
earlier,both,G5,r10_taken_back_5,0.2041,0.1866,0.2222
earlier,both,G5,r10_taken_back_10,0.3762,0.3455,0.4058
earlier,both,G6,r1_rms_5,1.0532,1.0125,1.0972
earlier,both,G6,r1_mean_5,-0.0431,-0.1170,0.0287
earlier,both,G6,r1_rms_10,0.9979,0.9612,1.0373
earlier,both,G6,r1_mean_10,-0.0757,-0.1432,-0.0103
earlier,both,G6,r1_rms_20,0.9198,0.8869,0.9545
earlier,both,G6,r1_mean_20,-0.1043,-0.1667,-0.0464
earlier,both,G6,r1_rms_50,0.8128,0.7841,0.8410
earlier,both,G6,r1_mean_50,-0.1403,-0.1885,-0.0903
earlier,both,G6,r1_rms_100,0.7615,0.7372,0.7871
earlier,both,G6,r1_mean_100,-0.1703,-0.2183,-0.1262
earlier,both,G6,r1_rms_200,0.7400,0.7162,0.7645
earlier,both,G6,r1_mean_200,-0.1916,-0.2339,-0.1503
earlier,both,G6,r2_brier,0.1770,0.1751,0.1791
earlier,both,G6,r2_bias,0.0099,0.0066,0.0131
earlier,both,G6,r3_inside,0.4234,0.4094,0.4382
earlier,both,G6,r3_below_0.5,0.0583,0.0535,0.0636
earlier,both,G6,r3_above_0.95,0.0948,0.0877,0.1020
earlier,both,G6,r4_false,0.6861,0.6684,0.7034
earlier,both,G6,r4_false_0.70,0.5660,0.5459,0.5850
earlier,both,G6,r4_below,0.0000,0.0000,0.0000
earlier,both,G6,r4_false_at_task,0.6861,0.6681,0.7030
earlier,both,G6,r4_declared,9.5250,9.3250,9.7330
earlier,both,G6,r5_late_answers,9.8161,9.5518,10.0958
earlier,both,G6,r5_never,0.2389,0.2170,0.2610
earlier,both,G6,r6_lag,-0.2250,-0.2687,-0.1828
earlier,both,G6,r7_error_5,0.9205,0.8729,0.9664
earlier,both,G6,r7_error_10,0.8556,0.8108,0.8986
earlier,both,G6,r7_longest_wrong,1.8080,1.7500,1.8680
earlier,both,G6,r7_hard_first,0.1397,0.1277,0.1522
earlier,both,G6,r4b_chance_below_0.5,0.1271,0.1133,0.1429
earlier,both,G6,r4b_chance_0.5_to_0.6,0.1300,0.1211,0.1395
earlier,both,G6,r4b_chance_0.6_to_0.7,0.2409,0.2291,0.2524
earlier,both,G6,r4b_chance_0.7_to_0.8,0.2830,0.2699,0.2965
earlier,both,G6,r4b_chance_0.8_up,0.2190,0.2049,0.2331
earlier,both,G6,r3_reachable,0.7987,0.7824,0.8144
earlier,both,G6,r8_rank_6_20,3.8400,3.3867,4.3267
earlier,both,G6,r8_topic_rank_6_20,18.2133,17.2067,19.2267
earlier,both,G6,r8_rank_150_200,0.7451,0.5824,0.9412
earlier,both,G6,r8_topic_rank_150_200,7.1667,6.8020,7.5118
earlier,both,G6,r9_kept_up_6_50,-0.0169,-0.0231,-0.0101
earlier,both,G6,r9_kept_up_101_200,-0.0049,-0.0078,-0.0019
earlier,both,G6,r10_shown,9.5050,9.3010,9.7080
earlier,both,G6,r2_ece,0.0130,0.0099,0.0164
earlier,both,G6,r4b_3,0.1247,0.1152,0.1353
earlier,both,G6,r4b_5,0.4042,0.3900,0.4188
earlier,both,G6,r4b_10,0.8026,0.7892,0.8164
earlier,both,G6,r4b_20,0.9759,0.9666,0.9843
earlier,both,G6,r4b_50,0.9979,0.9902,1.0000
earlier,both,G6,r8_move_p95_6_20,73.0000,73.0000,74.0000
earlier,both,G6,r8_move_p95_150_200,37.0000,36.0000,37.0000
earlier,both,G6,r9_kept_up_later_less_earlier,0.0120,0.0064,0.0181
earlier,both,G6,r10_taken_back_5,0.2169,0.1992,0.2351
earlier,both,G6,r10_taken_back_10,0.4091,0.3787,0.4394
earlier,both,G7,r1_rms_5,1.0109,0.9728,1.0476
earlier,both,G7,r1_mean_5,-0.0813,-0.1501,-0.0148
earlier,both,G7,r1_rms_10,0.9580,0.9262,0.9907
earlier,both,G7,r1_mean_10,-0.1180,-0.1801,-0.0566
earlier,both,G7,r1_rms_20,0.8699,0.8424,0.8971
earlier,both,G7,r1_mean_20,-0.1362,-0.1896,-0.0816
earlier,both,G7,r1_rms_50,0.7354,0.7168,0.7556
earlier,both,G7,r1_mean_50,-0.1524,-0.1926,-0.1147
earlier,both,G7,r1_rms_100,0.6441,0.6296,0.6583
earlier,both,G7,r1_mean_100,-0.1510,-0.1801,-0.1223
earlier,both,G7,r1_rms_200,0.5694,0.5586,0.5802
earlier,both,G7,r1_mean_200,-0.1395,-0.1632,-0.1155
earlier,both,G7,r2_brier,0.1717,0.1699,0.1735
earlier,both,G7,r2_bias,0.0026,-0.0007,0.0057
earlier,both,G7,r3_inside,0.4265,0.4205,0.4325
earlier,both,G7,r3_below_0.5,0.0379,0.0340,0.0421
earlier,both,G7,r3_above_0.95,0.0323,0.0289,0.0361
earlier,both,G7,r4_false,0.6497,0.6334,0.6656
earlier,both,G7,r4_false_0.70,0.5474,0.5293,0.5645
earlier,both,G7,r4_below,0.0000,0.0000,0.0000
earlier,both,G7,r4_false_at_task,0.6497,0.6341,0.6663
earlier,both,G7,r4_declared,9.7390,9.5330,9.9450
earlier,both,G7,r5_late_answers,10.0870,9.8520,10.3409
earlier,both,G7,r5_never,0.1968,0.1786,0.2157
earlier,both,G7,r6_lag,-0.1729,-0.1977,-0.1467
earlier,both,G7,r7_error_5,0.8694,0.8273,0.9138
earlier,both,G7,r7_error_10,0.8061,0.7660,0.8464
earlier,both,G7,r7_longest_wrong,1.8030,1.7460,1.8570
earlier,both,G7,r7_hard_first,0.1375,0.1270,0.1484
earlier,both,G7,r4b_chance_below_0.5,0.1113,0.0988,0.1261
earlier,both,G7,r4b_chance_0.5_to_0.6,0.1318,0.1252,0.1383
earlier,both,G7,r4b_chance_0.6_to_0.7,0.2100,0.2034,0.2168
earlier,both,G7,r4b_chance_0.7_to_0.8,0.2665,0.2587,0.2744
earlier,both,G7,r4b_chance_0.8_up,0.2804,0.2666,0.2949
earlier,both,G7,r3_reachable,0.9407,0.9323,0.9484
earlier,both,G7,r8_rank_6_20,3.7533,3.3000,4.2133
earlier,both,G7,r8_topic_rank_6_20,18.0000,17.1133,18.9200
earlier,both,G7,r8_rank_150_200,0.8745,0.6824,1.0824
earlier,both,G7,r8_topic_rank_150_200,7.4216,7.0961,7.7431
earlier,both,G7,r9_kept_up_6_50,-0.0113,-0.0177,-0.0049
earlier,both,G7,r9_kept_up_101_200,0.0027,-0.0003,0.0055
earlier,both,G7,r10_shown,9.7100,9.5080,9.9140
earlier,both,G7,r2_ece,0.0047,0.0023,0.0079
earlier,both,G7,r4b_3,0.1455,0.1350,0.1565
earlier,both,G7,r4b_5,0.4359,0.4213,0.4506
earlier,both,G7,r4b_10,0.8259,0.8108,0.8402
earlier,both,G7,r4b_20,0.9808,0.9716,0.9895
earlier,both,G7,r4b_50,0.9972,0.9926,1.0000
earlier,both,G7,r8_move_p95_6_20,73.0000,73.0000,74.0000
earlier,both,G7,r8_move_p95_150_200,37.0000,36.0000,37.0000
earlier,both,G7,r9_kept_up_later_less_earlier,0.0139,0.0081,0.0201
earlier,both,G7,r10_taken_back_5,0.2022,0.1869,0.2183
earlier,both,G7,r10_taken_back_10,0.3629,0.3383,0.3917
earlier,both,G8,r1_rms_5,1.0037,0.9682,1.0368
earlier,both,G8,r1_mean_5,-0.0258,-0.0897,0.0399
earlier,both,G8,r1_rms_10,0.9367,0.9054,0.9692
earlier,both,G8,r1_mean_10,-0.0522,-0.1103,0.0083
earlier,both,G8,r1_rms_20,0.8482,0.8220,0.8744
earlier,both,G8,r1_mean_20,-0.0785,-0.1288,-0.0260
earlier,both,G8,r1_rms_50,0.6893,0.6719,0.7080
earlier,both,G8,r1_mean_50,-0.1076,-0.1410,-0.0730
earlier,both,G8,r1_rms_100,0.5855,0.5727,0.5976
earlier,both,G8,r1_mean_100,-0.1168,-0.1409,-0.0929
earlier,both,G8,r1_rms_200,0.5013,0.4921,0.5104
earlier,both,G8,r1_mean_200,-0.0925,-0.1096,-0.0752
earlier,both,G8,r2_brier,0.1716,0.1697,0.1735
earlier,both,G8,r2_bias,0.0020,-0.0011,0.0052
earlier,both,G8,r3_inside,0.4240,0.4183,0.4292
earlier,both,G8,r3_below_0.5,0.0350,0.0319,0.0384
earlier,both,G8,r3_above_0.95,0.0344,0.0306,0.0384
earlier,both,G8,r4_false,0.6407,0.6221,0.6585
earlier,both,G8,r4_false_0.70,0.5327,0.5136,0.5521
earlier,both,G8,r4_below,0.0000,0.0000,0.0000
earlier,both,G8,r4_false_at_task,0.6407,0.6230,0.6584
earlier,both,G8,r4_declared,7.4260,7.2420,7.6260
earlier,both,G8,r5_late_answers,11.0497,10.7201,11.3518
earlier,both,G8,r5_never,0.3797,0.3564,0.4021
earlier,both,G8,r6_lag,-0.1335,-0.1532,-0.1146
earlier,both,G8,r7_error_5,0.8571,0.8174,0.8980
earlier,both,G8,r7_error_10,0.7828,0.7455,0.8209
earlier,both,G8,r7_longest_wrong,1.7480,1.6980,1.8010
earlier,both,G8,r7_hard_first,0.1378,0.1261,0.1490
earlier,both,G8,r4b_chance_below_0.5,0.0958,0.0870,0.1061
earlier,both,G8,r4b_chance_0.5_to_0.6,0.1327,0.1263,0.1388
earlier,both,G8,r4b_chance_0.6_to_0.7,0.2191,0.2130,0.2251
earlier,both,G8,r4b_chance_0.7_to_0.8,0.2760,0.2689,0.2830
earlier,both,G8,r4b_chance_0.8_up,0.2763,0.2632,0.2906
earlier,both,G8,r3_reachable,0.9454,0.9373,0.9529
earlier,both,G8,r8_rank_6_20,3.0533,2.6467,3.4800
earlier,both,G8,r8_topic_rank_6_20,17.7400,16.7933,18.6467
earlier,both,G8,r8_rank_150_200,0.5078,0.3804,0.6549
earlier,both,G8,r8_topic_rank_150_200,7.1647,6.8471,7.5137
earlier,both,G8,r9_kept_up_6_50,-0.0141,-0.0210,-0.0072
earlier,both,G8,r9_kept_up_101_200,0.0055,0.0025,0.0088
earlier,both,G8,r10_shown,7.4160,7.2180,7.6120
earlier,both,G8,r2_ece,0.0043,0.0020,0.0075
earlier,both,G8,r4b_3,0.0782,0.0706,0.0862
earlier,both,G8,r4b_5,0.2912,0.2775,0.3047
earlier,both,G8,r4b_10,0.6651,0.6473,0.6827
earlier,both,G8,r4b_20,0.9315,0.9168,0.9451
earlier,both,G8,r4b_50,0.9977,0.9928,1.0000
earlier,both,G8,r8_move_p95_6_20,73.0000,73.0000,74.0000
earlier,both,G8,r8_move_p95_150_200,37.0000,37.0000,37.0000
earlier,both,G8,r9_kept_up_later_less_earlier,0.0195,0.0132,0.0258
earlier,both,G8,r10_taken_back_5,0.1833,0.1616,0.2055
earlier,both,G8,r10_taken_back_10,0.3665,0.3345,0.4034
earlier,both,G0-exact,r1_rms_5,0.9667,0.9311,1.0020
earlier,both,G0-exact,r1_mean_5,-0.0739,-0.1372,-0.0101
earlier,both,G0-exact,r1_rms_10,0.8980,0.8683,0.9283
earlier,both,G0-exact,r1_mean_10,-0.0833,-0.1404,-0.0265
earlier,both,G0-exact,r1_rms_20,0.8089,0.7859,0.8329
earlier,both,G0-exact,r1_mean_20,-0.0877,-0.1344,-0.0409
earlier,both,G0-exact,r1_rms_50,0.6581,0.6421,0.6746
earlier,both,G0-exact,r1_mean_50,-0.0831,-0.1148,-0.0532
earlier,both,G0-exact,r1_rms_100,0.5476,0.5366,0.5589
earlier,both,G0-exact,r1_mean_100,-0.0681,-0.0907,-0.0469
earlier,both,G0-exact,r1_rms_200,0.4761,0.4686,0.4841
earlier,both,G0-exact,r1_mean_200,-0.0514,-0.0674,-0.0356
earlier,both,G0-exact,r2_brier,0.1689,0.1672,0.1707
earlier,both,G0-exact,r2_bias,-0.0013,-0.0042,0.0019
earlier,both,G0-exact,r3_inside,0.5452,0.5345,0.5560
earlier,both,G0-exact,r3_below_0.5,0.0168,0.0142,0.0196
earlier,both,G0-exact,r3_above_0.95,0.0133,0.0110,0.0158
earlier,both,G0-exact,r4_false,0.6390,0.6225,0.6555
earlier,both,G0-exact,r4_false_0.70,0.5325,0.5152,0.5506
earlier,both,G0-exact,r4_below,0.0000,0.0000,0.0000
earlier,both,G0-exact,r4_false_at_task,0.6390,0.6208,0.6549
earlier,both,G0-exact,r4_declared,9.8020,9.5820,10.0050
earlier,both,G0-exact,r5_late_answers,9.5994,9.3628,9.8461
earlier,both,G0-exact,r5_never,0.2131,0.1933,0.2330
earlier,both,G0-exact,r6_lag,-0.0855,-0.1021,-0.0688
earlier,both,G0-exact,r7_error_5,0.8078,0.7699,0.8466
earlier,both,G0-exact,r7_error_10,0.7349,0.7004,0.7710
earlier,both,G0-exact,r7_longest_wrong,1.7240,1.6720,1.7770
earlier,both,G0-exact,r7_hard_first,0.1023,0.0927,0.1129
earlier,both,G0-exact,r4b_chance_below_0.5,0.0593,0.0515,0.0676
earlier,both,G0-exact,r4b_chance_0.5_to_0.6,0.1164,0.1077,0.1257
earlier,both,G0-exact,r4b_chance_0.6_to_0.7,0.2580,0.2459,0.2702
earlier,both,G0-exact,r4b_chance_0.7_to_0.8,0.3500,0.3371,0.3636
earlier,both,G0-exact,r4b_chance_0.8_up,0.2163,0.2011,0.2327
earlier,both,G0-exact,r3_reachable,0.9478,0.9405,0.9548
earlier,both,G0-exact,r8_rank_6_20,3.9400,3.5000,4.3800
earlier,both,G0-exact,r8_topic_rank_6_20,18.1000,17.1200,19.0467
earlier,both,G0-exact,r8_rank_150_200,0.8039,0.6176,0.9941
earlier,both,G0-exact,r8_topic_rank_150_200,7.3098,6.9569,7.6608
earlier,both,G0-exact,r9_kept_up_6_50,-0.0031,-0.0094,0.0036
earlier,both,G0-exact,r9_kept_up_101_200,0.0042,0.0015,0.0068
earlier,both,G0-exact,r10_shown,9.7750,9.5520,9.9840
earlier,both,G0-exact,r2_ece,0.0013,0.0010,0.0044
earlier,both,G0-exact,r4b_3,0.1450,0.1341,0.1563
earlier,both,G0-exact,r4b_5,0.4374,0.4224,0.4534
earlier,both,G0-exact,r4b_10,0.8212,0.8077,0.8341
earlier,both,G0-exact,r4b_20,0.9812,0.9727,0.9886
earlier,both,G0-exact,r4b_50,0.9978,0.9952,1.0000
earlier,both,G0-exact,r8_move_p95_6_20,73.0000,73.0000,73.0000
earlier,both,G0-exact,r8_move_p95_150_200,37.0000,36.0000,37.0000
earlier,both,G0-exact,r9_kept_up_later_less_earlier,0.0072,0.0013,0.0131
earlier,both,G0-exact,r10_taken_back_5,0.1803,0.1657,0.1956
earlier,both,G0-exact,r10_taken_back_10,0.3430,0.3179,0.3685
earlier,both,G0-miss0.25,r1_rms_5,1.0025,0.9691,1.0388
earlier,both,G0-miss0.25,r1_mean_5,0.0650,0.0019,0.1296
earlier,both,G0-miss0.25,r1_rms_10,0.9285,0.8992,0.9588
earlier,both,G0-miss0.25,r1_mean_10,0.0265,-0.0324,0.0834
earlier,both,G0-miss0.25,r1_rms_20,0.8237,0.7997,0.8471
earlier,both,G0-miss0.25,r1_mean_20,0.0049,-0.0445,0.0531
earlier,both,G0-miss0.25,r1_rms_50,0.6599,0.6439,0.6761
earlier,both,G0-miss0.25,r1_mean_50,-0.0316,-0.0637,0.0015
earlier,both,G0-miss0.25,r1_rms_100,0.5476,0.5371,0.5579
earlier,both,G0-miss0.25,r1_mean_100,-0.0369,-0.0588,-0.0140
earlier,both,G0-miss0.25,r1_rms_200,0.4742,0.4665,0.4823
earlier,both,G0-miss0.25,r1_mean_200,-0.0317,-0.0476,-0.0162
earlier,both,G0-miss0.25,r2_brier,0.1724,0.1705,0.1742
earlier,both,G0-miss0.25,r2_bias,0.0044,0.0013,0.0075
earlier,both,G0-miss0.25,r3_inside,0.5057,0.4975,0.5136
earlier,both,G0-miss0.25,r3_below_0.5,0.0256,0.0225,0.0293
earlier,both,G0-miss0.25,r3_above_0.95,0.0134,0.0113,0.0156
earlier,both,G0-miss0.25,r4_false,0.6509,0.6343,0.6662
earlier,both,G0-miss0.25,r4_false_0.70,0.5422,0.5249,0.5602
earlier,both,G0-miss0.25,r4_below,0.0000,0.0000,0.0000
earlier,both,G0-miss0.25,r4_false_at_task,0.6509,0.6357,0.6665
earlier,both,G0-miss0.25,r4_declared,9.6580,9.4540,9.8660
earlier,both,G0-miss0.25,r5_late_answers,10.0284,9.7761,10.2868
earlier,both,G0-miss0.25,r5_never,0.2119,0.1924,0.2315
earlier,both,G0-miss0.25,r6_lag,-0.0645,-0.0813,-0.0473
earlier,both,G0-miss0.25,r7_error_5,0.8623,0.8253,0.9034
earlier,both,G0-miss0.25,r7_error_10,0.7766,0.7393,0.8132
earlier,both,G0-miss0.25,r7_longest_wrong,1.8000,1.7450,1.8560
earlier,both,G0-miss0.25,r7_hard_first,0.1421,0.1302,0.1548
earlier,both,G0-miss0.25,r4b_chance_below_0.5,0.0847,0.0750,0.0952
earlier,both,G0-miss0.25,r4b_chance_0.5_to_0.6,0.1331,0.1256,0.1410
earlier,both,G0-miss0.25,r4b_chance_0.6_to_0.7,0.2444,0.2358,0.2532
earlier,both,G0-miss0.25,r4b_chance_0.7_to_0.8,0.3083,0.2987,0.3183
earlier,both,G0-miss0.25,r4b_chance_0.8_up,0.2294,0.2141,0.2451
earlier,both,G0-miss0.25,r3_reachable,0.9437,0.9356,0.9509
earlier,both,G0-miss0.25,r8_rank_6_20,3.5867,3.1333,4.0333
earlier,both,G0-miss0.25,r8_topic_rank_6_20,17.8400,16.9267,18.7533
earlier,both,G0-miss0.25,r8_rank_150_200,0.8235,0.6608,1.0020
earlier,both,G0-miss0.25,r8_topic_rank_150_200,7.0647,6.7275,7.4000
earlier,both,G0-miss0.25,r9_kept_up_6_50,-0.0162,-0.0230,-0.0091
earlier,both,G0-miss0.25,r9_kept_up_101_200,0.0014,-0.0013,0.0042
earlier,both,G0-miss0.25,r10_shown,9.6420,9.4350,9.8440
earlier,both,G0-miss0.25,r2_ece,0.0060,0.0030,0.0091
earlier,both,G0-miss0.25,r4b_3,0.1399,0.1295,0.1503
earlier,both,G0-miss0.25,r4b_5,0.4237,0.4081,0.4385
earlier,both,G0-miss0.25,r4b_10,0.8329,0.8200,0.8460
earlier,both,G0-miss0.25,r4b_20,0.9779,0.9705,0.9850
earlier,both,G0-miss0.25,r4b_50,0.9982,0.9954,1.0000
earlier,both,G0-miss0.25,r8_move_p95_6_20,73.0000,73.0000,74.0000
earlier,both,G0-miss0.25,r8_move_p95_150_200,37.0000,36.0000,37.0000
earlier,both,G0-miss0.25,r9_kept_up_later_less_earlier,0.0176,0.0114,0.0236
earlier,both,G0-miss0.25,r10_taken_back_5,0.1946,0.1783,0.2117
earlier,both,G0-miss0.25,r10_taken_back_10,0.3652,0.3371,0.3931
earlier,both,G0-miss1,r1_rms_5,1.0575,1.0174,1.0983
earlier,both,G0-miss1,r1_mean_5,-0.0953,-0.1677,-0.0244
earlier,both,G0-miss1,r1_rms_10,0.9780,0.9449,1.0132
earlier,both,G0-miss1,r1_mean_10,-0.1215,-0.1867,-0.0549
earlier,both,G0-miss1,r1_rms_20,0.8793,0.8494,0.9093
earlier,both,G0-miss1,r1_mean_20,-0.1418,-0.1968,-0.0862
earlier,both,G0-miss1,r1_rms_50,0.7383,0.7176,0.7591
earlier,both,G0-miss1,r1_mean_50,-0.1798,-0.2177,-0.1397
earlier,both,G0-miss1,r1_rms_100,0.6287,0.6143,0.6434
earlier,both,G0-miss1,r1_mean_100,-0.1944,-0.2223,-0.1672
earlier,both,G0-miss1,r1_rms_200,0.5428,0.5332,0.5532
earlier,both,G0-miss1,r1_mean_200,-0.1868,-0.2053,-0.1682
earlier,both,G0-miss1,r2_brier,0.1734,0.1714,0.1754
earlier,both,G0-miss1,r2_bias,0.0048,0.0013,0.0082
earlier,both,G0-miss1,r3_inside,0.2943,0.2910,0.2973
earlier,both,G0-miss1,r3_below_0.5,0.0864,0.0819,0.0911
earlier,both,G0-miss1,r3_above_0.95,0.1123,0.1073,0.1175
earlier,both,G0-miss1,r4_false,0.6211,0.6027,0.6388
earlier,both,G0-miss1,r4_false_0.70,0.5088,0.4906,0.5282
earlier,both,G0-miss1,r4_below,0.0000,0.0000,0.0000
earlier,both,G0-miss1,r4_false_at_task,0.6211,0.6045,0.6387
earlier,both,G0-miss1,r4_declared,9.9020,9.6930,10.1210
earlier,both,G0-miss1,r5_late_answers,9.9183,9.6602,10.1780
earlier,both,G0-miss1,r5_never,0.2175,0.1992,0.2364
earlier,both,G0-miss1,r6_lag,-0.2320,-0.2519,-0.2120
earlier,both,G0-miss1,r7_error_5,0.9087,0.8663,0.9532
earlier,both,G0-miss1,r7_error_10,0.8279,0.7868,0.8660
earlier,both,G0-miss1,r7_longest_wrong,1.8220,1.7680,1.8750
earlier,both,G0-miss1,r7_hard_first,0.1714,0.1602,0.1834
earlier,both,G0-miss1,r4b_chance_below_0.5,0.1748,0.1658,0.1842
earlier,both,G0-miss1,r4b_chance_0.5_to_0.6,0.1234,0.1191,0.1275
earlier,both,G0-miss1,r4b_chance_0.6_to_0.7,0.1483,0.1440,0.1527
earlier,both,G0-miss1,r4b_chance_0.7_to_0.8,0.1849,0.1807,0.1892
earlier,both,G0-miss1,r4b_chance_0.8_up,0.3686,0.3562,0.3808
earlier,both,G0-miss1,r3_reachable,0.9503,0.9430,0.9572
earlier,both,G0-miss1,r8_rank_6_20,3.2133,2.8000,3.7133
earlier,both,G0-miss1,r8_topic_rank_6_20,17.3067,16.3800,18.2200
earlier,both,G0-miss1,r8_rank_150_200,0.7333,0.5627,0.9078
earlier,both,G0-miss1,r8_topic_rank_150_200,7.5039,7.1784,7.8392
earlier,both,G0-miss1,r9_kept_up_6_50,-0.0157,-0.0225,-0.0088
earlier,both,G0-miss1,r9_kept_up_101_200,0.0021,-0.0009,0.0052
earlier,both,G0-miss1,r10_shown,9.8790,9.6500,10.0900
earlier,both,G0-miss1,r2_ece,0.0070,0.0046,0.0103
earlier,both,G0-miss1,r4b_3,0.1337,0.1229,0.1446
earlier,both,G0-miss1,r4b_5,0.4269,0.4114,0.4421
earlier,both,G0-miss1,r4b_10,0.8317,0.8170,0.8453
earlier,both,G0-miss1,r4b_20,0.9815,0.9746,0.9879
earlier,both,G0-miss1,r4b_50,1.0000,1.0000,1.0000
earlier,both,G0-miss1,r8_move_p95_6_20,73.0000,73.0000,73.0000
earlier,both,G0-miss1,r8_move_p95_150_200,37.0000,36.0000,37.0000
earlier,both,G0-miss1,r9_kept_up_later_less_earlier,0.0178,0.0121,0.0235
earlier,both,G0-miss1,r10_taken_back_5,0.1897,0.1731,0.2069
earlier,both,G0-miss1,r10_taken_back_10,0.3525,0.3222,0.3819
earlier,both,G2-half,r1_rms_5,1.0035,0.9682,1.0393
earlier,both,G2-half,r1_mean_5,-0.0551,-0.1230,0.0125
earlier,both,G2-half,r1_rms_10,0.9432,0.9124,0.9755
earlier,both,G2-half,r1_mean_10,-0.0973,-0.1544,-0.0364
earlier,both,G2-half,r1_rms_20,0.8454,0.8203,0.8714
earlier,both,G2-half,r1_mean_20,-0.1585,-0.2107,-0.1086
earlier,both,G2-half,r1_rms_50,0.7202,0.7011,0.7397
earlier,both,G2-half,r1_mean_50,-0.2900,-0.3238,-0.2550
earlier,both,G2-half,r1_rms_100,0.7057,0.6887,0.7232
earlier,both,G2-half,r1_mean_100,-0.4529,-0.4793,-0.4278
earlier,both,G2-half,r1_rms_200,0.8311,0.8152,0.8459
earlier,both,G2-half,r1_mean_200,-0.6998,-0.7166,-0.6823
earlier,both,G2-half,r2_brier,0.1485,0.1469,0.1501
earlier,both,G2-half,r2_bias,-0.0408,-0.0438,-0.0380
earlier,both,G2-half,r3_inside,0.3574,0.3512,0.3640
earlier,both,G2-half,r3_below_0.5,0.0220,0.0198,0.0244
earlier,both,G2-half,r3_above_0.95,0.0713,0.0659,0.0770
earlier,both,G2-half,r4_false,0.5162,0.4985,0.5329
earlier,both,G2-half,r4_false_0.70,0.4043,0.3872,0.4222
earlier,both,G2-half,r4_below,0.0000,0.0000,0.0000
earlier,both,G2-half,r4_false_at_task,0.5162,0.4984,0.5338
earlier,both,G2-half,r4_declared,12.0070,11.7710,12.2310
earlier,both,G2-half,r5_late_answers,8.8758,8.7093,9.0631
earlier,both,G2-half,r5_never,0.1627,0.1479,0.1786
earlier,both,G2-half,r6_lag,-0.6092,-0.6296,-0.5896
earlier,both,G2-half,r7_error_5,0.8583,0.8193,0.8986
earlier,both,G2-half,r7_error_10,0.7894,0.7534,0.8260
earlier,both,G2-half,r7_longest_wrong,1.7240,1.6720,1.7790
earlier,both,G2-half,r7_hard_first,0.1321,0.1214,0.1431
earlier,both,G2-half,r4b_chance_below_0.5,0.0834,0.0759,0.0913
earlier,both,G2-half,r4b_chance_0.5_to_0.6,0.1082,0.1020,0.1147
earlier,both,G2-half,r4b_chance_0.6_to_0.7,0.1799,0.1729,0.1863
earlier,both,G2-half,r4b_chance_0.7_to_0.8,0.2576,0.2511,0.2644
earlier,both,G2-half,r4b_chance_0.8_up,0.3709,0.3560,0.3873
earlier,both,G2-half,r3_reachable,0.9626,0.9584,0.9666
earlier,both,G2-half,r8_rank_6_20,3.6000,3.1533,4.0467
earlier,both,G2-half,r8_topic_rank_6_20,17.1533,16.2467,18.0667
earlier,both,G2-half,r8_rank_150_200,0.5020,0.3706,0.6412
earlier,both,G2-half,r8_topic_rank_150_200,7.4608,7.1333,7.7941
earlier,both,G2-half,r9_kept_up_6_50,0.0048,-0.0015,0.0117
earlier,both,G2-half,r9_kept_up_101_200,0.0651,0.0626,0.0678
earlier,both,G2-half,r10_shown,11.9740,11.7510,12.2010
earlier,both,G2-half,r2_ece,0.0408,0.0378,0.0440
earlier,both,G2-half,r4b_3,0.1485,0.1364,0.1610
earlier,both,G2-half,r4b_5,0.4746,0.4593,0.4905
earlier,both,G2-half,r4b_10,0.8863,0.8731,0.8996
earlier,both,G2-half,r4b_20,0.9902,0.9845,0.9955
earlier,both,G2-half,r4b_50,1.0000,1.0000,1.0000
earlier,both,G2-half,r8_move_p95_6_20,73.0000,73.0000,73.0000
earlier,both,G2-half,r8_move_p95_150_200,36.0000,35.0000,36.0000
earlier,both,G2-half,r9_kept_up_later_less_earlier,0.0603,0.0546,0.0662
earlier,both,G2-half,r10_taken_back_5,0.1046,0.0955,0.1132
earlier,both,G2-half,r10_taken_back_10,0.2046,0.1881,0.2231
earlier,both,G2-fading,r1_rms_5,1.0200,0.9818,1.0603
earlier,both,G2-fading,r1_mean_5,-0.0023,-0.0648,0.0671
earlier,both,G2-fading,r1_rms_10,0.9375,0.9056,0.9698
earlier,both,G2-fading,r1_mean_10,-0.0779,-0.1373,-0.0185
earlier,both,G2-fading,r1_rms_20,0.8522,0.8252,0.8813
earlier,both,G2-fading,r1_mean_20,-0.1710,-0.2226,-0.1201
earlier,both,G2-fading,r1_rms_50,0.7398,0.7193,0.7610
earlier,both,G2-fading,r1_mean_50,-0.3308,-0.3660,-0.2946
earlier,both,G2-fading,r1_rms_100,0.6878,0.6704,0.7046
earlier,both,G2-fading,r1_mean_100,-0.4206,-0.4458,-0.3958
earlier,both,G2-fading,r1_rms_200,0.6559,0.6422,0.6692
earlier,both,G2-fading,r1_mean_200,-0.4617,-0.4798,-0.4434
earlier,both,G2-fading,r2_brier,0.1525,0.1508,0.1542
earlier,both,G2-fading,r2_bias,-0.0328,-0.0359,-0.0295
earlier,both,G2-fading,r3_inside,0.3754,0.3689,0.3818
earlier,both,G2-fading,r3_below_0.5,0.0232,0.0209,0.0256
earlier,both,G2-fading,r3_above_0.95,0.0624,0.0569,0.0680
earlier,both,G2-fading,r4_false,0.5354,0.5181,0.5530
earlier,both,G2-fading,r4_false_0.70,0.4135,0.3951,0.4326
earlier,both,G2-fading,r4_below,0.0000,0.0000,0.0000
earlier,both,G2-fading,r4_false_at_task,0.5354,0.5183,0.5536
earlier,both,G2-fading,r4_declared,11.4230,11.1880,11.6750
earlier,both,G2-fading,r5_late_answers,8.8241,8.6405,9.0265
earlier,both,G2-fading,r5_never,0.1702,0.1528,0.1872
earlier,both,G2-fading,r6_lag,-0.4767,-0.4967,-0.4565
earlier,both,G2-fading,r7_error_5,0.8779,0.8351,0.9200
earlier,both,G2-fading,r7_error_10,0.7881,0.7500,0.8297
earlier,both,G2-fading,r7_longest_wrong,1.7980,1.7420,1.8550
earlier,both,G2-fading,r7_hard_first,0.1412,0.1288,0.1530
earlier,both,G2-fading,r4b_chance_below_0.5,0.0824,0.0747,0.0904
earlier,both,G2-fading,r4b_chance_0.5_to_0.6,0.1077,0.1016,0.1141
earlier,both,G2-fading,r4b_chance_0.6_to_0.7,0.1852,0.1786,0.1922
earlier,both,G2-fading,r4b_chance_0.7_to_0.8,0.2658,0.2592,0.2723
earlier,both,G2-fading,r4b_chance_0.8_up,0.3590,0.3425,0.3747
earlier,both,G2-fading,r3_reachable,0.9613,0.9571,0.9650
earlier,both,G2-fading,r8_rank_6_20,3.5133,3.0867,3.9867
earlier,both,G2-fading,r8_topic_rank_6_20,17.0733,16.1533,18.0000
earlier,both,G2-fading,r8_rank_150_200,0.7882,0.6078,0.9784
earlier,both,G2-fading,r8_topic_rank_150_200,6.9922,6.6608,7.3098
earlier,both,G2-fading,r9_kept_up_6_50,0.0019,-0.0048,0.0083
earlier,both,G2-fading,r9_kept_up_101_200,0.0485,0.0457,0.0513
earlier,both,G2-fading,r10_shown,11.3970,11.1650,11.6430
earlier,both,G2-fading,r2_ece,0.0328,0.0297,0.0360
earlier,both,G2-fading,r4b_3,0.1540,0.1420,0.1662
earlier,both,G2-fading,r4b_5,0.4640,0.4480,0.4808
earlier,both,G2-fading,r4b_10,0.8774,0.8651,0.8904
earlier,both,G2-fading,r4b_20,0.9883,0.9823,0.9940
earlier,both,G2-fading,r4b_50,1.0000,0.9970,1.0000
earlier,both,G2-fading,r8_move_p95_6_20,73.0000,73.0000,73.0000
earlier,both,G2-fading,r8_move_p95_150_200,36.0000,36.0000,36.0000
earlier,both,G2-fading,r9_kept_up_later_less_earlier,0.0466,0.0409,0.0522
earlier,both,G2-fading,r10_taken_back_5,0.1175,0.1074,0.1283
earlier,both,G2-fading,r10_taken_back_10,0.2284,0.2112,0.2465
earlier,both,G3-drop,r1_rms_5,0.9710,0.9382,1.0055
earlier,both,G3-drop,r1_mean_5,0.0278,-0.0368,0.0927
earlier,both,G3-drop,r1_rms_10,0.9145,0.8847,0.9457
earlier,both,G3-drop,r1_mean_10,-0.0022,-0.0612,0.0544
earlier,both,G3-drop,r1_rms_20,0.8180,0.7947,0.8418
earlier,both,G3-drop,r1_mean_20,-0.0204,-0.0686,0.0268
earlier,both,G3-drop,r1_rms_50,0.6675,0.6513,0.6839
earlier,both,G3-drop,r1_mean_50,-0.0470,-0.0796,-0.0136
earlier,both,G3-drop,r1_rms_100,0.7270,0.7080,0.7456
earlier,both,G3-drop,r1_mean_100,0.3321,0.2997,0.3651
earlier,both,G3-drop,r1_rms_200,0.6893,0.6751,0.7033
earlier,both,G3-drop,r1_mean_200,0.4784,0.4603,0.4968
earlier,both,G3-drop,r2_brier,0.2011,0.1993,0.2030
earlier,both,G3-drop,r2_bias,0.0524,0.0490,0.0557
earlier,both,G3-drop,r3_inside,0.3872,0.3822,0.3925
earlier,both,G3-drop,r3_below_0.5,0.0864,0.0806,0.0926
earlier,both,G3-drop,r3_above_0.95,0.0202,0.0179,0.0224
earlier,both,G3-drop,r4_false,0.7212,0.7054,0.7365
earlier,both,G3-drop,r4_false_0.70,0.6256,0.6079,0.6426
earlier,both,G3-drop,r4_below,0.0000,0.0000,0.0000
earlier,both,G3-drop,r4_false_at_task,0.7212,0.7057,0.7371
earlier,both,G3-drop,r4_declared,8.5650,8.3650,8.7540
earlier,both,G3-drop,r5_late_answers,10.0945,9.8162,10.3895
earlier,both,G3-drop,r5_never,0.3434,0.3228,0.3643
earlier,both,G3-drop,r6_lag,0.3895,0.3727,0.4075
earlier,both,G3-drop,r6_jump_answers,56.6120,54.1110,59.1310
earlier,both,G3-drop,r6_jump_unsettled,0.3960,0.3660,0.4280
earlier,both,G3-drop,r7_error_5,0.8329,0.7950,0.8702
earlier,both,G3-drop,r7_error_10,0.7581,0.7222,0.7943
earlier,both,G3-drop,r7_longest_wrong,1.7690,1.7160,1.8210
earlier,both,G3-drop,r7_hard_first,0.1437,0.1329,0.1552
earlier,both,G3-drop,r4b_chance_below_0.5,0.1846,0.1691,0.2027
earlier,both,G3-drop,r4b_chance_0.5_to_0.6,0.1778,0.1719,0.1838
earlier,both,G3-drop,r4b_chance_0.6_to_0.7,0.2183,0.2119,0.2245
earlier,both,G3-drop,r4b_chance_0.7_to_0.8,0.2173,0.2098,0.2249
earlier,both,G3-drop,r4b_chance_0.8_up,0.2020,0.1903,0.2146
earlier,both,G3-drop,r3_reachable,0.8847,0.8732,0.8961
earlier,both,G3-drop,r8_rank_6_20,4.0400,3.5733,4.5200
earlier,both,G3-drop,r8_topic_rank_6_20,18.5067,17.5267,19.4733
earlier,both,G3-drop,r8_rank_150_200,0.7098,0.5608,0.8706
earlier,both,G3-drop,r8_topic_rank_150_200,8.4176,8.0529,8.7588
earlier,both,G3-drop,r9_kept_up_6_50,-0.0154,-0.0220,-0.0089
earlier,both,G3-drop,r9_kept_up_101_200,-0.0766,-0.0799,-0.0732
earlier,both,G3-drop,r10_shown,8.5380,8.3460,8.7270
earlier,both,G3-drop,r2_ece,0.0526,0.0494,0.0559
earlier,both,G3-drop,r4b_3,0.1123,0.1026,0.1218
earlier,both,G3-drop,r4b_5,0.3723,0.3577,0.3875
earlier,both,G3-drop,r4b_10,0.7441,0.7265,0.7598
earlier,both,G3-drop,r4b_20,0.9377,0.9242,0.9513
earlier,both,G3-drop,r4b_50,0.9803,0.9690,0.9899
earlier,both,G3-drop,r8_move_p95_6_20,73.0000,73.0000,74.0000
earlier,both,G3-drop,r8_move_p95_150_200,39.0000,38.0000,39.0000
earlier,both,G3-drop,r9_kept_up_later_less_earlier,-0.0612,-0.0670,-0.0548
earlier,both,G3-drop,r10_taken_back_5,0.3277,0.3059,0.3527
earlier,both,G3-drop,r10_taken_back_10,0.5664,0.5347,0.5981
earlier,both,G0-start0.5,r1_rms_5,0.9579,0.9241,0.9929
earlier,both,G0-start0.5,r1_mean_5,-0.0059,-0.0672,0.0581
earlier,both,G0-start0.5,r1_rms_10,0.8996,0.8706,0.9281
earlier,both,G0-start0.5,r1_mean_10,-0.0245,-0.0809,0.0308
earlier,both,G0-start0.5,r1_rms_20,0.8060,0.7822,0.8303
earlier,both,G0-start0.5,r1_mean_20,-0.0546,-0.0997,-0.0078
earlier,both,G0-start0.5,r1_rms_50,0.6570,0.6411,0.6736
earlier,both,G0-start0.5,r1_mean_50,-0.0833,-0.1155,-0.0520
earlier,both,G0-start0.5,r1_rms_100,0.5645,0.5531,0.5752
earlier,both,G0-start0.5,r1_mean_100,-0.0902,-0.1132,-0.0679
earlier,both,G0-start0.5,r1_rms_200,0.4874,0.4786,0.4958
earlier,both,G0-start0.5,r1_mean_200,-0.0764,-0.0925,-0.0602
earlier,both,G0-start0.5,r2_brier,0.1703,0.1685,0.1719
earlier,both,G0-start0.5,r2_bias,0.0026,-0.0004,0.0055
earlier,both,G0-start0.5,r3_inside,0.4334,0.4283,0.4387
earlier,both,G0-start0.5,r3_below_0.5,0.0311,0.0284,0.0338
earlier,both,G0-start0.5,r3_above_0.95,0.0292,0.0264,0.0322
earlier,both,G0-start0.5,r4_false,0.6672,0.6531,0.6815
earlier,both,G0-start0.5,r4_false_0.70,0.5659,0.5504,0.5811
earlier,both,G0-start0.5,r4_below,0.0000,0.0000,0.0000
earlier,both,G0-start0.5,r4_false_at_task,0.6672,0.6539,0.6810
earlier,both,G0-start0.5,r4_declared,9.7430,9.5240,9.9650
earlier,both,G0-start0.5,r5_late_answers,10.0130,9.7658,10.2820
earlier,both,G0-start0.5,r5_never,0.2009,0.1833,0.2188
earlier,both,G0-start0.5,r6_lag,-0.1306,-0.1482,-0.1134
earlier,both,G0-start0.5,r7_error_5,0.8047,0.7671,0.8433
earlier,both,G0-start0.5,r7_error_10,0.7385,0.7036,0.7747
earlier,both,G0-start0.5,r7_longest_wrong,1.6880,1.6380,1.7390
earlier,both,G0-start0.5,r7_hard_first,0.1212,0.1114,0.1313
earlier,both,G0-start0.5,r4b_chance_below_0.5,0.0901,0.0828,0.0978
earlier,both,G0-start0.5,r4b_chance_0.5_to_0.6,0.1246,0.1185,0.1306
earlier,both,G0-start0.5,r4b_chance_0.6_to_0.7,0.2048,0.1990,0.2109
earlier,both,G0-start0.5,r4b_chance_0.7_to_0.8,0.2667,0.2611,0.2725
earlier,both,G0-start0.5,r4b_chance_0.8_up,0.3137,0.3000,0.3275
earlier,both,G0-start0.5,r3_reachable,0.9686,0.9646,0.9725
earlier,both,G0-start0.5,r8_rank_6_20,3.6133,3.1400,4.0667
earlier,both,G0-start0.5,r8_topic_rank_6_20,17.3133,16.4000,18.2733
earlier,both,G0-start0.5,r8_rank_150_200,0.7471,0.5667,0.9373
earlier,both,G0-start0.5,r8_topic_rank_150_200,7.4431,7.1353,7.7706
earlier,both,G0-start0.5,r9_kept_up_6_50,-0.0134,-0.0196,-0.0069
earlier,both,G0-start0.5,r9_kept_up_101_200,0.0037,0.0011,0.0066
earlier,both,G0-start0.5,r10_shown,9.7160,9.5010,9.9350
earlier,both,G0-start0.5,r2_ece,0.0035,0.0021,0.0064
earlier,both,G0-start0.5,r4b_3,0.1530,0.1429,0.1636
earlier,both,G0-start0.5,r4b_5,0.4397,0.4252,0.4541
earlier,both,G0-start0.5,r4b_10,0.8474,0.8350,0.8594
earlier,both,G0-start0.5,r4b_20,0.9929,0.9886,0.9969
earlier,both,G0-start0.5,r4b_50,1.0000,0.9961,1.0000
earlier,both,G0-start0.5,r8_move_p95_6_20,73.0000,73.0000,74.0000
earlier,both,G0-start0.5,r8_move_p95_150_200,37.0000,36.0000,37.0000
earlier,both,G0-start0.5,r9_kept_up_later_less_earlier,0.0172,0.0114,0.0230
earlier,both,G0-start0.5,r10_taken_back_5,0.1852,0.1683,0.2034
earlier,both,G0-start0.5,r10_taken_back_10,0.3509,0.3249,0.3795
earlier,both,G0-start2,r1_rms_5,1.0902,1.0514,1.1336
earlier,both,G0-start2,r1_mean_5,-0.0252,-0.1003,0.0495
earlier,both,G0-start2,r1_rms_10,1.0133,0.9781,1.0533
earlier,both,G0-start2,r1_mean_10,-0.0625,-0.1298,0.0063
earlier,both,G0-start2,r1_rms_20,0.9044,0.8713,0.9359
earlier,both,G0-start2,r1_mean_20,-0.0909,-0.1490,-0.0292
earlier,both,G0-start2,r1_rms_50,0.7294,0.7081,0.7537
earlier,both,G0-start2,r1_mean_50,-0.1132,-0.1541,-0.0741
earlier,both,G0-start2,r1_rms_100,0.6050,0.5889,0.6206
earlier,both,G0-start2,r1_mean_100,-0.1064,-0.1350,-0.0786
earlier,both,G0-start2,r1_rms_200,0.5177,0.5058,0.5296
earlier,both,G0-start2,r1_mean_200,-0.0818,-0.1020,-0.0628
earlier,both,G0-start2,r2_brier,0.1731,0.1707,0.1755
earlier,both,G0-start2,r2_bias,-0.0001,-0.0037,0.0036
earlier,both,G0-start2,r3_inside,0.3955,0.3875,0.4038
earlier,both,G0-start2,r3_below_0.5,0.0726,0.0625,0.0843
earlier,both,G0-start2,r3_above_0.95,0.0430,0.0377,0.0491
earlier,both,G0-start2,r4_false,0.5953,0.5753,0.6150
earlier,both,G0-start2,r4_false_0.70,0.5050,0.4843,0.5263
earlier,both,G0-start2,r4_below,0.0000,0.0000,0.0000
earlier,both,G0-start2,r4_false_at_task,0.5953,0.5747,0.6151
earlier,both,G0-start2,r4_declared,10.1140,9.8710,10.3490
earlier,both,G0-start2,r5_late_answers,9.5336,9.3082,9.7653
earlier,both,G0-start2,r5_never,0.2089,0.1888,0.2292
earlier,both,G0-start2,r6_lag,-0.1457,-0.1664,-0.1236
earlier,both,G0-start2,r7_error_5,0.9488,0.9019,0.9954
earlier,both,G0-start2,r7_error_10,0.8650,0.8199,0.9093
earlier,both,G0-start2,r7_longest_wrong,1.9170,1.8420,1.9930
earlier,both,G0-start2,r7_hard_first,0.1766,0.1608,0.1934
earlier,both,G0-start2,r4b_chance_below_0.5,0.2502,0.2136,0.2854
earlier,both,G0-start2,r4b_chance_0.5_to_0.6,0.1360,0.1281,0.1439
earlier,both,G0-start2,r4b_chance_0.6_to_0.7,0.1863,0.1764,0.1968
earlier,both,G0-start2,r4b_chance_0.7_to_0.8,0.2141,0.2012,0.2273
earlier,both,G0-start2,r4b_chance_0.8_up,0.2134,0.1978,0.2300
earlier,both,G0-start2,r3_reachable,0.8756,0.8585,0.8918
earlier,both,G0-start2,r8_rank_6_20,3.9133,3.4600,4.3400
earlier,both,G0-start2,r8_topic_rank_6_20,17.5533,16.5800,18.5533
earlier,both,G0-start2,r8_rank_150_200,0.7510,0.5843,0.9235
earlier,both,G0-start2,r8_topic_rank_150_200,6.7627,6.4255,7.1196
earlier,both,G0-start2,r9_kept_up_6_50,-0.0130,-0.0204,-0.0060
earlier,both,G0-start2,r9_kept_up_101_200,0.0066,0.0034,0.0096
earlier,both,G0-start2,r10_shown,10.1000,9.8640,10.3480
earlier,both,G0-start2,r2_ece,0.0034,0.0021,0.0059
earlier,both,G0-start2,r4b_3,0.1251,0.1137,0.1363
earlier,both,G0-start2,r4b_5,0.3939,0.3779,0.4112
earlier,both,G0-start2,r4b_10,0.7547,0.7359,0.7744
earlier,both,G0-start2,r4b_20,0.9127,0.8953,0.9310
earlier,both,G0-start2,r4b_50,0.9784,0.9681,0.9870
earlier,both,G0-start2,r8_move_p95_6_20,73.0000,73.0000,73.0000
earlier,both,G0-start2,r8_move_p95_150_200,36.0000,36.0000,37.0000
earlier,both,G0-start2,r9_kept_up_later_less_earlier,0.0197,0.0136,0.0255
earlier,both,G0-start2,r10_taken_back_5,0.1963,0.1795,0.2145
earlier,both,G0-start2,r10_taken_back_10,0.3676,0.3392,0.3980
earlier,both,G0-topics0.3,r1_rms_5,0.9082,0.8711,0.9451
earlier,both,G0-topics0.3,r1_mean_5,0.0615,-0.0071,0.1253
earlier,both,G0-topics0.3,r1_rms_10,0.8324,0.7999,0.8669
earlier,both,G0-topics0.3,r1_mean_10,0.0222,-0.0361,0.0789
earlier,both,G0-topics0.3,r1_rms_20,0.7311,0.7042,0.7579
earlier,both,G0-topics0.3,r1_mean_20,0.0009,-0.0493,0.0486
earlier,both,G0-topics0.3,r1_rms_50,0.5865,0.5686,0.6049
earlier,both,G0-topics0.3,r1_mean_50,-0.0340,-0.0673,-0.0010
earlier,both,G0-topics0.3,r1_rms_100,0.5041,0.4931,0.5161
earlier,both,G0-topics0.3,r1_mean_100,-0.0445,-0.0694,-0.0184
earlier,both,G0-topics0.3,r1_rms_200,0.4399,0.4317,0.4482
earlier,both,G0-topics0.3,r1_mean_200,-0.0447,-0.0622,-0.0280
earlier,both,G0-topics0.3,r2_brier,0.1732,0.1713,0.1752
earlier,both,G0-topics0.3,r2_bias,0.0048,0.0016,0.0079
earlier,both,G0-topics0.3,r3_inside,0.4472,0.4411,0.4533
earlier,both,G0-topics0.3,r3_below_0.5,0.0312,0.0283,0.0346
earlier,both,G0-topics0.3,r3_above_0.95,0.0232,0.0202,0.0264
earlier,both,G0-topics0.3,r4_false,0.6526,0.6364,0.6693
earlier,both,G0-topics0.3,r4_false_0.70,0.5473,0.5278,0.5663
earlier,both,G0-topics0.3,r4_below,0.0000,0.0000,0.0000
earlier,both,G0-topics0.3,r4_false_at_task,0.6526,0.6351,0.6698
earlier,both,G0-topics0.3,r4_declared,9.7600,9.5560,9.9650
earlier,both,G0-topics0.3,r5_late_answers,10.1792,9.9467,10.4317
earlier,both,G0-topics0.3,r5_never,0.2158,0.1979,0.2355
earlier,both,G0-topics0.3,r6_lag,-0.1085,-0.1271,-0.0906
earlier,both,G0-topics0.3,r7_error_5,0.8420,0.8019,0.8845
earlier,both,G0-topics0.3,r7_error_10,0.7695,0.7325,0.8071
earlier,both,G0-topics0.3,r7_longest_wrong,1.7560,1.7040,1.8120
earlier,both,G0-topics0.3,r7_hard_first,0.1291,0.1181,0.1404
earlier,both,G0-topics0.3,r4b_chance_below_0.5,0.0897,0.0816,0.0981
earlier,both,G0-topics0.3,r4b_chance_0.5_to_0.6,0.1318,0.1245,0.1392
earlier,both,G0-topics0.3,r4b_chance_0.6_to_0.7,0.2207,0.2136,0.2274
earlier,both,G0-topics0.3,r4b_chance_0.7_to_0.8,0.2817,0.2745,0.2890
earlier,both,G0-topics0.3,r4b_chance_0.8_up,0.2761,0.2623,0.2910
earlier,both,G0-topics0.3,r3_reachable,0.9500,0.9415,0.9574
earlier,both,G0-topics0.3,r8_rank_6_20,3.8733,3.4133,4.3667
earlier,both,G0-topics0.3,r8_topic_rank_6_20,18.4200,17.4400,19.4133
earlier,both,G0-topics0.3,r8_rank_150_200,0.6118,0.4647,0.7745
earlier,both,G0-topics0.3,r8_topic_rank_150_200,7.3765,7.0392,7.7176
earlier,both,G0-topics0.3,r9_kept_up_6_50,-0.0160,-0.0226,-0.0096
earlier,both,G0-topics0.3,r9_kept_up_101_200,0.0009,-0.0022,0.0039
earlier,both,G0-topics0.3,r10_shown,9.7470,9.5430,9.9680
earlier,both,G0-topics0.3,r2_ece,0.0066,0.0036,0.0100
earlier,both,G0-topics0.3,r4b_3,0.1232,0.1136,0.1336
earlier,both,G0-topics0.3,r4b_5,0.4173,0.4033,0.4325
earlier,both,G0-topics0.3,r4b_10,0.8401,0.8263,0.8533
earlier,both,G0-topics0.3,r4b_20,0.9893,0.9834,0.9947
earlier,both,G0-topics0.3,r4b_50,1.0000,1.0000,1.0000
earlier,both,G0-topics0.3,r8_move_p95_6_20,73.0000,73.0000,74.0000
earlier,both,G0-topics0.3,r8_move_p95_150_200,37.0000,37.0000,37.0000
earlier,both,G0-topics0.3,r9_kept_up_later_less_earlier,0.0169,0.0109,0.0227
earlier,both,G0-topics0.3,r10_taken_back_5,0.1858,0.1676,0.2028
earlier,both,G0-topics0.3,r10_taken_back_10,0.3566,0.3257,0.3896
earlier,both,G0-topics1,r1_rms_5,1.2869,1.2513,1.3231
earlier,both,G0-topics1,r1_mean_5,-0.0538,-0.1227,0.0101
earlier,both,G0-topics1,r1_rms_10,1.2628,1.2347,1.2921
earlier,both,G0-topics1,r1_mean_10,-0.0780,-0.1393,-0.0167
earlier,both,G0-topics1,r1_rms_20,1.1773,1.1506,1.2030
earlier,both,G0-topics1,r1_mean_20,-0.1254,-0.1795,-0.0718
earlier,both,G0-topics1,r1_rms_50,1.0074,0.9883,1.0261
earlier,both,G0-topics1,r1_mean_50,-0.1845,-0.2240,-0.1468
earlier,both,G0-topics1,r1_rms_100,0.8658,0.8504,0.8819
earlier,both,G0-topics1,r1_mean_100,-0.2023,-0.2290,-0.1734
earlier,both,G0-topics1,r1_rms_200,0.7418,0.7282,0.7547
earlier,both,G0-topics1,r1_mean_200,-0.1914,-0.2115,-0.1714
earlier,both,G0-topics1,r2_brier,0.1750,0.1732,0.1767
earlier,both,G0-topics1,r2_bias,0.0080,0.0048,0.0112
earlier,both,G0-topics1,r3_inside,0.3731,0.3680,0.3781
earlier,both,G0-topics1,r3_below_0.5,0.0621,0.0575,0.0670
earlier,both,G0-topics1,r3_above_0.95,0.0635,0.0591,0.0679
earlier,both,G0-topics1,r4_false,0.5938,0.5767,0.6103
earlier,both,G0-topics1,r4_false_0.70,0.4986,0.4822,0.5150
earlier,both,G0-topics1,r4_below,0.0000,0.0000,0.0000
earlier,both,G0-topics1,r4_false_at_task,0.5938,0.5784,0.6104
earlier,both,G0-topics1,r4_declared,9.7070,9.4880,9.9310
earlier,both,G0-topics1,r5_late_answers,9.4111,9.1893,9.6242
earlier,both,G0-topics1,r5_never,0.2081,0.1905,0.2262
earlier,both,G0-topics1,r6_lag,-0.1447,-0.1637,-0.1237
earlier,both,G0-topics1,r7_error_5,0.8726,0.8335,0.9147
earlier,both,G0-topics1,r7_error_10,0.8047,0.7667,0.8448
earlier,both,G0-topics1,r7_longest_wrong,1.9440,1.8770,2.0140
earlier,both,G0-topics1,r7_hard_first,0.1882,0.1761,0.2008
earlier,both,G0-topics1,r4b_chance_below_0.5,0.1823,0.1685,0.1966
earlier,both,G0-topics1,r4b_chance_0.5_to_0.6,0.1445,0.1393,0.1498
earlier,both,G0-topics1,r4b_chance_0.6_to_0.7,0.1999,0.1943,0.2056
earlier,both,G0-topics1,r4b_chance_0.7_to_0.8,0.2220,0.2157,0.2285
earlier,both,G0-topics1,r4b_chance_0.8_up,0.2513,0.2400,0.2627
earlier,both,G0-topics1,r3_reachable,0.9228,0.9147,0.9307
earlier,both,G0-topics1,r8_rank_6_20,3.9467,3.4933,4.4333
earlier,both,G0-topics1,r8_topic_rank_6_20,18.3267,17.4133,19.2733
earlier,both,G0-topics1,r8_rank_150_200,0.8137,0.6275,1.0176
earlier,both,G0-topics1,r8_topic_rank_150_200,7.0980,6.7765,7.4529
earlier,both,G0-topics1,r9_kept_up_6_50,-0.0271,-0.0336,-0.0207
earlier,both,G0-topics1,r9_kept_up_101_200,0.0012,-0.0019,0.0043
earlier,both,G0-topics1,r10_shown,9.6890,9.4630,9.9210
earlier,both,G0-topics1,r2_ece,0.0095,0.0067,0.0126
earlier,both,G0-topics1,r4b_3,0.1247,0.1153,0.1344
earlier,both,G0-topics1,r4b_5,0.3869,0.3729,0.4004
earlier,both,G0-topics1,r4b_10,0.7789,0.7637,0.7924
earlier,both,G0-topics1,r4b_20,0.9681,0.9561,0.9789
earlier,both,G0-topics1,r4b_50,0.9937,0.9885,0.9986
earlier,both,G0-topics1,r8_move_p95_6_20,73.0000,73.0000,73.0000
earlier,both,G0-topics1,r8_move_p95_150_200,36.0000,35.0000,36.0000
earlier,both,G0-topics1,r9_kept_up_later_less_earlier,0.0283,0.0223,0.0344
earlier,both,G0-topics1,r10_taken_back_5,0.1764,0.1618,0.1922
earlier,both,G0-topics1,r10_taken_back_10,0.3340,0.3085,0.3608
constant,both,G0,r1_rms_5,1.0198,0.9837,1.0542
constant,both,G0,r1_mean_5,-0.0343,-0.1006,0.0397
constant,both,G0,r1_rms_10,0.9330,0.9016,0.9635
constant,both,G0,r1_mean_10,-0.0635,-0.1233,-0.0068
constant,both,G0,r1_rms_20,0.7946,0.7727,0.8180
constant,both,G0,r1_mean_20,-0.0923,-0.1401,-0.0479
constant,both,G0,r1_rms_50,0.6168,0.6042,0.6297
constant,both,G0,r1_mean_50,-0.0918,-0.1183,-0.0627
constant,both,G0,r1_rms_100,0.5939,0.5829,0.6055
constant,both,G0,r1_mean_100,-0.0968,-0.1213,-0.0714
constant,both,G0,r1_rms_200,0.6007,0.5895,0.6127
constant,both,G0,r1_mean_200,-0.0792,-0.1049,-0.0542
constant,both,G0,r2_brier,0.1759,0.1748,0.1771
constant,both,G0,r2_bias,0.0021,0.0007,0.0036
constant,both,G0,r3_inside,0.4162,0.4122,0.4199
constant,both,G0,r3_below_0.5,0.0413,0.0382,0.0448
constant,both,G0,r3_above_0.95,0.0299,0.0281,0.0319
constant,both,G0,r4_false,0.0679,0.0612,0.0747
constant,both,G0,r4_false_0.70,0.0198,0.0164,0.0233
constant,both,G0,r4_below,0.5939,0.5766,0.6102
constant,both,G0,r4_false_at_task,0.0593,0.0484,0.0704
constant,both,G0,r4_declared,9.8390,9.4170,10.2720
constant,both,G0,r5_late_answers,4.7719,4.6276,4.9198
constant,both,G0,r5_never,0.1215,0.1108,0.1321
constant,both,G0,r6_lag,-0.1150,-0.1304,-0.0997
constant,both,G0,r7_error_5,0.8674,0.8252,0.9078
constant,both,G0,r7_error_10,0.7668,0.7313,0.8027
constant,both,G0,r7_longest_wrong,1.7580,1.7030,1.8120
constant,both,G0,r7_hard_first,0.1318,0.1211,0.1430
constant,both,G0,r4b_chance_below_0.5,0.0886,0.0797,0.0991
constant,both,G0,r4b_chance_0.5_to_0.6,0.1280,0.1223,0.1341
constant,both,G0,r4b_chance_0.6_to_0.7,0.2100,0.2049,0.2151
constant,both,G0,r4b_chance_0.7_to_0.8,0.2669,0.2607,0.2731
constant,both,G0,r4b_chance_0.8_up,0.3065,0.2945,0.3189
constant,both,G0,r3_reachable,0.9333,0.9247,0.9417
constant,both,G0,r8_rank_6_20,6.9400,6.3600,7.5200
constant,both,G0,r8_topic_rank_6_20,21.0067,20.0933,21.9200
constant,both,G0,r8_rank_150_200,7.0588,6.6490,7.4804
constant,both,G0,r8_topic_rank_150_200,21.0902,20.6392,21.5647
constant,both,G0,r9_kept_up_6_50,-0.0063,-0.0118,-0.0013
constant,both,G0,r9_kept_up_101_200,0.0008,-0.0006,0.0023
constant,both,G0,r10_shown,4.2660,3.9840,4.5430
constant,both,G0,r2_ece,0.0056,0.0041,0.0073
constant,both,G0,r4b_3,0.1246,0.1142,0.1343
constant,both,G0,r4b_5,0.1483,0.1372,0.1595
constant,both,G0,r4b_10,0.1847,0.1712,0.1981
constant,both,G0,r4b_20,0.2386,0.2166,0.2619
constant,both,G0,r4b_50,0.3174,0.2481,0.4221
constant,both,G0,r8_move_p95_6_20,84.0000,84.0000,84.0000
constant,both,G0,r8_move_p95_150_200,84.0000,84.0000,84.0000
constant,both,G0,r9_kept_up_later_less_earlier,0.0071,0.0018,0.0129
constant,both,G0,r10_taken_back_5,0.1657,0.1529,0.1796
constant,both,G0,r10_taken_back_10,0.3427,0.3216,0.3627
constant,both,G1,r1_rms_5,1.1039,1.0618,1.1501
constant,both,G1,r1_mean_5,-0.0548,-0.1281,0.0243
constant,both,G1,r1_rms_10,1.0187,0.9831,1.0570
constant,both,G1,r1_mean_10,-0.0927,-0.1592,-0.0253
constant,both,G1,r1_rms_20,0.8656,0.8368,0.8943
constant,both,G1,r1_mean_20,-0.1103,-0.1641,-0.0588
constant,both,G1,r1_rms_50,0.6571,0.6425,0.6718
constant,both,G1,r1_mean_50,-0.1065,-0.1393,-0.0759
constant,both,G1,r1_rms_100,0.5888,0.5780,0.5994
constant,both,G1,r1_mean_100,-0.0710,-0.0949,-0.0477
constant,both,G1,r1_rms_200,0.5864,0.5764,0.5968
constant,both,G1,r1_mean_200,-0.0743,-0.0977,-0.0514
constant,both,G1,r2_brier,0.1846,0.1823,0.1868
constant,both,G1,r2_bias,0.0015,-0.0002,0.0033
constant,both,G1,r3_inside,0.3498,0.3411,0.3580
constant,both,G1,r3_below_0.5,0.1116,0.1006,0.1231
constant,both,G1,r3_above_0.95,0.0387,0.0357,0.0415
constant,both,G1,r4_false,0.0158,0.0125,0.0193
constant,both,G1,r4_false_0.70,0.0085,0.0063,0.0108
constant,both,G1,r4_below,0.4257,0.4028,0.4495
constant,both,G1,r4_false_at_task,0.0025,0.0007,0.0049
constant,both,G1,r4_declared,9.5810,9.0930,10.0400
constant,both,G1,r5_late_answers,4.0815,4.0093,4.1553
constant,both,G1,r5_never,0.0313,0.0272,0.0355
constant,both,G1,r6_lag,-0.1026,-0.1176,-0.0861
constant,both,G1,r7_error_5,0.9437,0.8959,0.9934
constant,both,G1,r7_error_10,0.8497,0.8037,0.8971
constant,both,G1,r7_longest_wrong,1.9940,1.9150,2.0780
constant,both,G1,r7_hard_first,0.2255,0.2088,0.2432
constant,both,G1,r4b_chance_below_0.5,0.2884,0.2677,0.3076
constant,both,G1,r4b_chance_0.5_to_0.6,0.1874,0.1793,0.1953
constant,both,G1,r4b_chance_0.6_to_0.7,0.1717,0.1672,0.1766
constant,both,G1,r4b_chance_0.7_to_0.8,0.1676,0.1583,0.1776
constant,both,G1,r4b_chance_0.8_up,0.1849,0.1694,0.2014
constant,both,G1,r3_reachable,0.8102,0.7866,0.8302
constant,both,G1,r8_rank_6_20,6.6200,6.0600,7.2067
constant,both,G1,r8_topic_rank_6_20,19.5533,18.5667,20.5600
constant,both,G1,r8_rank_150_200,6.1431,5.7549,6.5804
constant,both,G1,r8_topic_rank_150_200,18.1000,17.5333,18.6686
constant,both,G1,r9_kept_up_6_50,-0.0042,-0.0101,0.0017
constant,both,G1,r9_kept_up_101_200,-0.0002,-0.0015,0.0012
constant,both,G1,r10_shown,5.7660,5.3590,6.1840
constant,both,G1,r2_ece,0.0129,0.0103,0.0155
constant,both,G1,r4b_3,0.0858,0.0770,0.0956
constant,both,G1,r4b_5,0.0910,0.0817,0.1008
constant,both,G1,r4b_10,0.1026,0.0925,0.1134
constant,both,G1,r4b_20,0.1184,0.1058,0.1323
constant,both,G1,r4b_50,0.1224,0.1088,0.1378
constant,both,G1,r8_move_p95_6_20,83.0000,83.0000,84.0000
constant,both,G1,r8_move_p95_150_200,84.0000,84.0000,84.0000
constant,both,G1,r9_kept_up_later_less_earlier,0.0040,-0.0018,0.0097
constant,both,G1,r10_taken_back_5,0.1568,0.1472,0.1668
constant,both,G1,r10_taken_back_10,0.3455,0.3261,0.3658
constant,both,G2,r1_rms_5,0.9612,0.9261,0.9972
constant,both,G2,r1_mean_5,-0.1063,-0.1666,-0.0457
constant,both,G2,r1_rms_10,0.8986,0.8696,0.9300
constant,both,G2,r1_mean_10,-0.1841,-0.2382,-0.1304
constant,both,G2,r1_rms_20,0.8084,0.7855,0.8333
constant,both,G2,r1_mean_20,-0.2751,-0.3169,-0.2328
constant,both,G2,r1_rms_50,0.7176,0.7019,0.7340
constant,both,G2,r1_mean_50,-0.4005,-0.4274,-0.3733
constant,both,G2,r1_rms_100,0.7092,0.6944,0.7241
constant,both,G2,r1_mean_100,-0.4403,-0.4642,-0.4160
constant,both,G2,r1_rms_200,0.6831,0.6687,0.6975
constant,both,G2,r1_mean_200,-0.3951,-0.4187,-0.3721
constant,both,G2,r2_brier,0.1520,0.1512,0.1529
constant,both,G2,r2_bias,-0.0375,-0.0389,-0.0362
constant,both,G2,r3_inside,0.3783,0.3741,0.3823
constant,both,G2,r3_below_0.5,0.0196,0.0183,0.0210
constant,both,G2,r3_above_0.95,0.0649,0.0618,0.0682
constant,both,G2,r4_false,0.0242,0.0214,0.0271
constant,both,G2,r4_false_0.70,0.0035,0.0026,0.0045
constant,both,G2,r4_below,0.5155,0.4975,0.5342
constant,both,G2,r4_false_at_task,0.0222,0.0179,0.0268
constant,both,G2,r4_declared,15.3380,14.9010,15.8330
constant,both,G2,r5_late_answers,5.0070,4.9081,5.1110
constant,both,G2,r5_never,0.1930,0.1807,0.2058
constant,both,G2,r6_lag,-0.4637,-0.4796,-0.4482
constant,both,G2,r7_error_5,0.8038,0.7651,0.8466
constant,both,G2,r7_error_10,0.7247,0.6906,0.7622
constant,both,G2,r7_longest_wrong,1.7220,1.6700,1.7760
constant,both,G2,r7_hard_first,0.1203,0.1107,0.1303
constant,both,G2,r4b_chance_below_0.5,0.0560,0.0520,0.0603
constant,both,G2,r4b_chance_0.5_to_0.6,0.0846,0.0806,0.0887
constant,both,G2,r4b_chance_0.6_to_0.7,0.1694,0.1642,0.1741
constant,both,G2,r4b_chance_0.7_to_0.8,0.2658,0.2608,0.2711
constant,both,G2,r4b_chance_0.8_up,0.4242,0.4131,0.4356
constant,both,G2,r3_reachable,0.9552,0.9513,0.9588
constant,both,G2,r8_rank_6_20,6.8467,6.2200,7.4733
constant,both,G2,r8_topic_rank_6_20,20.7000,19.8133,21.6533
constant,both,G2,r8_rank_150_200,6.6824,6.3176,7.0275
constant,both,G2,r8_topic_rank_150_200,20.8922,20.4451,21.3275
constant,both,G2,r9_kept_up_6_50,0.0198,0.0149,0.0249
constant,both,G2,r9_kept_up_101_200,0.0470,0.0457,0.0484
constant,both,G2,r10_shown,7.9490,7.5080,8.4190
constant,both,G2,r2_ece,0.0375,0.0362,0.0388
constant,both,G2,r4b_3,0.0999,0.0913,0.1087
constant,both,G2,r4b_5,0.1371,0.1265,0.1488
constant,both,G2,r4b_10,0.2371,0.2156,0.2600
constant,both,G2,r4b_20,0.4203,0.3544,0.4988
constant,both,G2,r4b_50,0.8193,0.5229,1.0000
constant,both,G2,r8_move_p95_6_20,84.0000,84.0000,84.0000
constant,both,G2,r8_move_p95_150_200,83.0000,83.0000,83.0000
constant,both,G2,r9_kept_up_later_less_earlier,0.0273,0.0222,0.0323
constant,both,G2,r10_taken_back_5,0.1165,0.1078,0.1259
constant,both,G2,r10_taken_back_10,0.2446,0.2269,0.2628
constant,both,G3,r1_rms_5,1.0052,0.9721,1.0421
constant,both,G3,r1_mean_5,0.0400,-0.0276,0.1048
constant,both,G3,r1_rms_10,0.9188,0.8901,0.9486
constant,both,G3,r1_mean_10,-0.0099,-0.0643,0.0461
constant,both,G3,r1_rms_20,0.7804,0.7581,0.8029
constant,both,G3,r1_mean_20,-0.0398,-0.0839,0.0038
constant,both,G3,r1_rms_50,0.6278,0.6141,0.6410
constant,both,G3,r1_mean_50,-0.1153,-0.1432,-0.0876
constant,both,G3,r1_rms_100,0.7152,0.6978,0.7336
constant,both,G3,r1_mean_100,-0.3658,-0.3969,-0.3366
constant,both,G3,r1_rms_200,0.6125,0.5996,0.6262
constant,both,G3,r1_mean_200,-0.1562,-0.1800,-0.1315
constant,both,G3,r2_brier,0.1647,0.1637,0.1657
constant,both,G3,r2_bias,-0.0164,-0.0178,-0.0150
constant,both,G3,r3_inside,0.3899,0.3864,0.3934
constant,both,G3,r3_below_0.5,0.0326,0.0304,0.0350
constant,both,G3,r3_above_0.95,0.0512,0.0488,0.0537
constant,both,G3,r4_false,0.0462,0.0415,0.0510
constant,both,G3,r4_false_0.70,0.0101,0.0082,0.0120
constant,both,G3,r4_below,0.5456,0.5277,0.5640
constant,both,G3,r4_false_at_task,0.0412,0.0342,0.0482
constant,both,G3,r4_declared,12.2780,11.7630,12.8080
constant,both,G3,r5_late_answers,4.9799,4.8611,5.1036
constant,both,G3,r5_never,0.1741,0.1609,0.1873
constant,both,G3,r6_lag,-0.3661,-0.3824,-0.3497
constant,both,G3,r6_jump_answers,37.0190,35.3560,38.6440
constant,both,G3,r6_jump_unsettled,0.1080,0.0900,0.1270
constant,both,G3,r7_error_5,0.8573,0.8181,0.8990
constant,both,G3,r7_error_10,0.7621,0.7257,0.7990
constant,both,G3,r7_longest_wrong,1.7490,1.6940,1.8040
constant,both,G3,r7_hard_first,0.1429,0.1315,0.1550
constant,both,G3,r4b_chance_below_0.5,0.0811,0.0744,0.0887
constant,both,G3,r4b_chance_0.5_to_0.6,0.1114,0.1069,0.1160
constant,both,G3,r4b_chance_0.6_to_0.7,0.1898,0.1853,0.1946
constant,both,G3,r4b_chance_0.7_to_0.8,0.2639,0.2589,0.2689
constant,both,G3,r4b_chance_0.8_up,0.3538,0.3428,0.3641
constant,both,G3,r3_reachable,0.9495,0.9435,0.9550
constant,both,G3,r8_rank_6_20,6.2067,5.6667,6.7733
constant,both,G3,r8_topic_rank_6_20,19.9067,19.0533,20.7667
constant,both,G3,r8_rank_150_200,6.9941,6.6196,7.3745
constant,both,G3,r8_topic_rank_150_200,21.1471,20.7333,21.5725
constant,both,G3,r9_kept_up_6_50,-0.0130,-0.0181,-0.0076
constant,both,G3,r9_kept_up_101_200,0.0300,0.0285,0.0316
constant,both,G3,r10_shown,5.9800,5.6090,6.3750
constant,both,G3,r2_ece,0.0164,0.0150,0.0179
constant,both,G3,r4b_3,0.1119,0.1030,0.1212
constant,both,G3,r4b_5,0.1414,0.1309,0.1522
constant,both,G3,r4b_10,0.2047,0.1882,0.2210
constant,both,G3,r4b_20,0.2884,0.2584,0.3224
constant,both,G3,r4b_50,0.3877,0.3106,0.4857
constant,both,G3,r8_move_p95_6_20,84.0000,84.0000,84.0000
constant,both,G3,r8_move_p95_150_200,84.0000,83.0000,84.0000
constant,both,G3,r9_kept_up_later_less_earlier,0.0430,0.0376,0.0484
constant,both,G3,r10_taken_back_5,0.1511,0.1403,0.1620
constant,both,G3,r10_taken_back_10,0.2929,0.2721,0.3128
constant,both,G4,r1_rms_5,1.0187,0.9813,1.0563
constant,both,G4,r1_mean_5,-0.2314,-0.3028,-0.1679
constant,both,G4,r1_rms_10,0.9470,0.9156,0.9795
constant,both,G4,r1_mean_10,-0.2958,-0.3535,-0.2401
constant,both,G4,r1_rms_20,0.8511,0.8271,0.8781
constant,both,G4,r1_mean_20,-0.3791,-0.4226,-0.3334
constant,both,G4,r1_rms_50,0.7600,0.7429,0.7783
constant,both,G4,r1_mean_50,-0.4927,-0.5204,-0.4644
constant,both,G4,r1_rms_100,0.7639,0.7466,0.7804
constant,both,G4,r1_mean_100,-0.5370,-0.5613,-0.5124
constant,both,G4,r1_rms_200,0.7820,0.7654,0.7986
constant,both,G4,r1_mean_200,-0.5478,-0.5729,-0.5231
constant,both,G4,r2_brier,0.1803,0.1792,0.1815
constant,both,G4,r2_bias,0.0083,0.0069,0.0098
constant,both,G4,r3_inside,0.3808,0.3774,0.3841
constant,both,G4,r3_below_0.5,0.0560,0.0525,0.0594
constant,both,G4,r3_above_0.95,0.0409,0.0387,0.0430
constant,both,G4,r4_false,0.0200,0.0165,0.0238
constant,both,G4,r4_false_0.70,0.0042,0.0028,0.0057
constant,both,G4,r4_below,0.6248,0.6093,0.6404
constant,both,G4,r4_false_at_task,0.0129,0.0085,0.0180
constant,both,G4,r4_declared,8.6630,8.2440,9.0880
constant,both,G4,r5_late_answers,4.9660,4.7866,5.1403
constant,both,G4,r5_never,0.2265,0.2114,0.2416
constant,both,G4,r6_lag,-0.5196,-0.5337,-0.5051
constant,both,G4,r7_error_5,0.8817,0.8404,0.9248
constant,both,G4,r7_error_10,0.7894,0.7503,0.8284
constant,both,G4,r7_longest_wrong,1.8680,1.8150,1.9270
constant,both,G4,r7_hard_first,0.1846,0.1727,0.1970
constant,both,G4,r4b_chance_below_0.5,0.1183,0.1091,0.1288
constant,both,G4,r4b_chance_0.5_to_0.6,0.1364,0.1312,0.1411
constant,both,G4,r4b_chance_0.6_to_0.7,0.1941,0.1897,0.1989
constant,both,G4,r4b_chance_0.7_to_0.8,0.2443,0.2386,0.2500
constant,both,G4,r4b_chance_0.8_up,0.3069,0.2949,0.3183
constant,both,G4,r3_reachable,0.9510,0.9434,0.9579
constant,both,G4,r8_rank_6_20,6.9267,6.4000,7.4867
constant,both,G4,r8_topic_rank_6_20,22.0533,21.1600,23.0067
constant,both,G4,r8_rank_150_200,6.7216,6.3510,7.1157
constant,both,G4,r8_topic_rank_150_200,21.0333,20.5686,21.4902
constant,both,G4,r9_kept_up_6_50,-0.0249,-0.0303,-0.0199
constant,both,G4,r9_kept_up_101_200,-0.0004,-0.0018,0.0010
constant,both,G4,r10_shown,3.5440,3.3090,3.7780
constant,both,G4,r2_ece,0.0130,0.0112,0.0148
constant,both,G4,r4b_3,0.0918,0.0839,0.1005
constant,both,G4,r4b_5,0.1026,0.0937,0.1118
constant,both,G4,r4b_10,0.1157,0.1058,0.1263
constant,both,G4,r4b_20,0.1371,0.1230,0.1523
constant,both,G4,r4b_50,0.1400,0.1247,0.1564
constant,both,G4,r8_move_p95_6_20,84.0000,84.0000,85.0000
constant,both,G4,r8_move_p95_150_200,84.0000,84.0000,84.0000
constant,both,G4,r9_kept_up_later_less_earlier,0.0245,0.0189,0.0302
constant,both,G4,r10_taken_back_5,0.1478,0.1354,0.1598
constant,both,G4,r10_taken_back_10,0.3345,0.3101,0.3597
constant,both,G5,r1_rms_5,0.9406,0.8975,0.9856
constant,both,G5,r1_mean_5,0.0549,-0.0184,0.1282
constant,both,G5,r1_rms_10,0.8589,0.8246,0.8944
constant,both,G5,r1_mean_10,0.0200,-0.0414,0.0808
constant,both,G5,r1_rms_20,0.8441,0.8188,0.8692
constant,both,G5,r1_mean_20,-0.0289,-0.0771,0.0145
constant,both,G5,r1_rms_50,0.7230,0.7076,0.7390
constant,both,G5,r1_mean_50,-0.0917,-0.1214,-0.0616
constant,both,G5,r1_rms_100,0.6767,0.6640,0.6889
constant,both,G5,r1_mean_100,-0.1319,-0.1565,-0.1084
constant,both,G5,r1_rms_200,0.6580,0.6463,0.6702
constant,both,G5,r1_mean_200,-0.1003,-0.1270,-0.0749
constant,both,G5,r2_brier,0.1791,0.1778,0.1806
constant,both,G5,r2_bias,0.0059,0.0043,0.0075
constant,both,G5,r3_inside,0.3917,0.3871,0.3963
constant,both,G5,r3_below_0.5,0.0545,0.0505,0.0587
constant,both,G5,r3_above_0.95,0.0355,0.0331,0.0379
constant,both,G5,r4_false,0.0702,0.0623,0.0780
constant,both,G5,r4_false_0.70,0.0214,0.0177,0.0253
constant,both,G5,r4_below,0.5947,0.5773,0.6122
constant,both,G5,r4_false_at_task,0.0604,0.0493,0.0716
constant,both,G5,r4_declared,9.5200,9.1050,9.9380
constant,both,G5,r5_late_answers,4.5889,4.4312,4.7456
constant,both,G5,r5_never,0.1533,0.1407,0.1660
constant,both,G5,r6_lag,-0.1195,-0.1351,-0.1052
constant,both,G5,r7_error_5,1.0265,0.9812,1.0754
constant,both,G5,r7_error_10,0.9538,0.9133,0.9985
constant,both,G5,r7_longest_wrong,1.9180,1.8520,1.9800
constant,both,G5,r7_hard_first,0.1467,0.1342,0.1595
constant,both,G5,r4b_chance_below_0.5,0.1234,0.1115,0.1361
constant,both,G5,r4b_chance_0.5_to_0.6,0.1432,0.1359,0.1507
constant,both,G5,r4b_chance_0.6_to_0.7,0.2132,0.2066,0.2197
constant,both,G5,r4b_chance_0.7_to_0.8,0.2497,0.2413,0.2575
constant,both,G5,r4b_chance_0.8_up,0.2705,0.2566,0.2843
constant,both,G5,r3_reachable,0.9099,0.8988,0.9211
constant,both,G5,r8_rank_6_20,6.6067,6.0333,7.2067
constant,both,G5,r8_topic_rank_6_20,21.5133,20.6067,22.4000
constant,both,G5,r8_rank_150_200,7.0137,6.5882,7.4373
constant,both,G5,r8_topic_rank_150_200,20.9118,20.4510,21.3941
constant,both,G5,r9_kept_up_6_50,-0.0209,-0.0264,-0.0155
constant,both,G5,r9_kept_up_101_200,0.0012,-0.0003,0.0026
constant,both,G5,r10_shown,4.1270,3.8730,4.4020
constant,both,G5,r2_ece,0.0117,0.0096,0.0137
constant,both,G5,r4b_3,0.1219,0.1123,0.1327
constant,both,G5,r4b_5,0.1473,0.1352,0.1588
constant,both,G5,r4b_10,0.1830,0.1684,0.1976
constant,both,G5,r4b_20,0.2309,0.2096,0.2535
constant,both,G5,r4b_50,0.2695,0.2354,0.3096
constant,both,G5,r8_move_p95_6_20,84.0000,84.0000,85.0000
constant,both,G5,r8_move_p95_150_200,84.0000,84.0000,84.0000
constant,both,G5,r9_kept_up_later_less_earlier,0.0221,0.0163,0.0283
constant,both,G5,r10_taken_back_5,0.1686,0.1542,0.1834
constant,both,G5,r10_taken_back_10,0.3521,0.3295,0.3756
constant,both,G6,r1_rms_5,1.0532,1.0106,1.0947
constant,both,G6,r1_mean_5,-0.0431,-0.1136,0.0287
constant,both,G6,r1_rms_10,0.9845,0.9483,1.0221
constant,both,G6,r1_mean_10,-0.0832,-0.1468,-0.0170
constant,both,G6,r1_rms_20,0.8859,0.8554,0.9186
constant,both,G6,r1_mean_20,-0.1261,-0.1850,-0.0704
constant,both,G6,r1_rms_50,0.8000,0.7727,0.8266
constant,both,G6,r1_mean_50,-0.1948,-0.2443,-0.1481
constant,both,G6,r1_rms_100,0.8189,0.7929,0.8468
constant,both,G6,r1_mean_100,-0.2562,-0.3049,-0.2087
constant,both,G6,r1_rms_200,0.8779,0.8473,0.9062
constant,both,G6,r1_mean_200,-0.3272,-0.3763,-0.2768
constant,both,G6,r2_brier,0.1791,0.1779,0.1804
constant,both,G6,r2_bias,0.0074,0.0058,0.0088
constant,both,G6,r3_inside,0.4226,0.4094,0.4359
constant,both,G6,r3_below_0.5,0.0658,0.0613,0.0704
constant,both,G6,r3_above_0.95,0.0950,0.0887,0.1015
constant,both,G6,r4_false,0.0853,0.0757,0.0954
constant,both,G6,r4_false_0.70,0.0190,0.0156,0.0229
constant,both,G6,r4_below,0.5867,0.5688,0.6041
constant,both,G6,r4_false_at_task,0.0696,0.0563,0.0832
constant,both,G6,r4_declared,8.9010,8.4450,9.3260
constant,both,G6,r5_late_answers,4.6750,4.5141,4.8372
constant,both,G6,r5_never,0.1210,0.1096,0.1325
constant,both,G6,r6_lag,-0.2808,-0.3225,-0.2391
constant,both,G6,r7_error_5,0.9205,0.8767,0.9649
constant,both,G6,r7_error_10,0.8384,0.7968,0.8821
constant,both,G6,r7_longest_wrong,1.7940,1.7410,1.8500
constant,both,G6,r7_hard_first,0.1391,0.1280,0.1513
constant,both,G6,r4b_chance_below_0.5,0.1089,0.0977,0.1209
constant,both,G6,r4b_chance_0.5_to_0.6,0.1077,0.0991,0.1169
constant,both,G6,r4b_chance_0.6_to_0.7,0.2276,0.2165,0.2390
constant,both,G6,r4b_chance_0.7_to_0.8,0.3102,0.2967,0.3231
constant,both,G6,r4b_chance_0.8_up,0.2456,0.2323,0.2598
constant,both,G6,r3_reachable,0.7974,0.7828,0.8114
constant,both,G6,r8_rank_6_20,6.4667,5.9133,7.0467
constant,both,G6,r8_topic_rank_6_20,20.6800,19.7733,21.6067
constant,both,G6,r8_rank_150_200,6.4824,6.0961,6.8706
constant,both,G6,r8_topic_rank_150_200,20.7353,20.3000,21.2020
constant,both,G6,r9_kept_up_6_50,-0.0148,-0.0201,-0.0095
constant,both,G6,r9_kept_up_101_200,-0.0030,-0.0045,-0.0015
constant,both,G6,r10_shown,3.8980,3.6410,4.1610
constant,both,G6,r2_ece,0.0125,0.0106,0.0145
constant,both,G6,r4b_3,0.1269,0.1166,0.1378
constant,both,G6,r4b_5,0.1608,0.1474,0.1742
constant,both,G6,r4b_10,0.1912,0.1760,0.2070
constant,both,G6,r4b_20,0.2228,0.2036,0.2447
constant,both,G6,r4b_50,0.2517,0.2216,0.2824
constant,both,G6,r8_move_p95_6_20,84.0000,84.0000,84.0000
constant,both,G6,r8_move_p95_150_200,84.0000,84.0000,84.0000
constant,both,G6,r9_kept_up_later_less_earlier,0.0119,0.0065,0.0172
constant,both,G6,r10_taken_back_5,0.1828,0.1678,0.1975
constant,both,G6,r10_taken_back_10,0.3672,0.3439,0.3893
constant,both,G7,r1_rms_5,1.0109,0.9747,1.0464
constant,both,G7,r1_mean_5,-0.0813,-0.1496,-0.0146
constant,both,G7,r1_rms_10,0.9429,0.9121,0.9739
constant,both,G7,r1_mean_10,-0.1230,-0.1838,-0.0589
constant,both,G7,r1_rms_20,0.8265,0.8021,0.8516
constant,both,G7,r1_mean_20,-0.1448,-0.1936,-0.0987
constant,both,G7,r1_rms_50,0.6842,0.6688,0.6990
constant,both,G7,r1_mean_50,-0.1634,-0.1959,-0.1314
constant,both,G7,r1_rms_100,0.6574,0.6444,0.6708
constant,both,G7,r1_mean_100,-0.1731,-0.2009,-0.1450
constant,both,G7,r1_rms_200,0.6698,0.6560,0.6853
constant,both,G7,r1_mean_200,-0.1895,-0.2179,-0.1599
constant,both,G7,r2_brier,0.1759,0.1749,0.1770
constant,both,G7,r2_bias,0.0037,0.0022,0.0051
constant,both,G7,r3_inside,0.4156,0.4117,0.4194
constant,both,G7,r3_below_0.5,0.0422,0.0391,0.0459
constant,both,G7,r3_above_0.95,0.0304,0.0286,0.0325
constant,both,G7,r4_false,0.0641,0.0571,0.0710
constant,both,G7,r4_false_0.70,0.0179,0.0149,0.0211
constant,both,G7,r4_below,0.5949,0.5787,0.6112
constant,both,G7,r4_false_at_task,0.0592,0.0476,0.0720
constant,both,G7,r4_declared,9.5030,9.0870,9.9230
constant,both,G7,r5_late_answers,4.6616,4.5146,4.8097
constant,both,G7,r5_never,0.1008,0.0908,0.1106
constant,both,G7,r6_lag,-0.1646,-0.1873,-0.1427
constant,both,G7,r7_error_5,0.8694,0.8243,0.9123
constant,both,G7,r7_error_10,0.7897,0.7508,0.8278
constant,both,G7,r7_longest_wrong,1.7860,1.7310,1.8410
constant,both,G7,r7_hard_first,0.1368,0.1265,0.1474
constant,both,G7,r4b_chance_below_0.5,0.0918,0.0827,0.1027
constant,both,G7,r4b_chance_0.5_to_0.6,0.1217,0.1170,0.1266
constant,both,G7,r4b_chance_0.6_to_0.7,0.2046,0.1995,0.2096
constant,both,G7,r4b_chance_0.7_to_0.8,0.2720,0.2657,0.2782
constant,both,G7,r4b_chance_0.8_up,0.3099,0.3002,0.3203
constant,both,G7,r3_reachable,0.9375,0.9296,0.9449
constant,both,G7,r8_rank_6_20,6.9733,6.3800,7.5867
constant,both,G7,r8_topic_rank_6_20,21.4533,20.5600,22.3333
constant,both,G7,r8_rank_150_200,6.9667,6.5647,7.3882
constant,both,G7,r8_topic_rank_150_200,21.4137,20.9608,21.8784
constant,both,G7,r9_kept_up_6_50,-0.0078,-0.0133,-0.0026
constant,both,G7,r9_kept_up_101_200,-0.0007,-0.0021,0.0007
constant,both,G7,r10_shown,4.1510,3.8980,4.4210
constant,both,G7,r2_ece,0.0062,0.0047,0.0078
constant,both,G7,r4b_3,0.1140,0.1048,0.1239
constant,both,G7,r4b_5,0.1374,0.1270,0.1485
constant,both,G7,r4b_10,0.1714,0.1582,0.1848
constant,both,G7,r4b_20,0.2319,0.2080,0.2602
constant,both,G7,r4b_50,0.2478,0.2150,0.2882
constant,both,G7,r8_move_p95_6_20,84.0000,84.0000,84.0000
constant,both,G7,r8_move_p95_150_200,84.0000,84.0000,84.0000
constant,both,G7,r9_kept_up_later_less_earlier,0.0071,0.0015,0.0125
constant,both,G7,r10_taken_back_5,0.1728,0.1599,0.1859
constant,both,G7,r10_taken_back_10,0.3508,0.3286,0.3742
constant,both,G8,r1_rms_5,1.0037,0.9684,1.0407
constant,both,G8,r1_mean_5,-0.0258,-0.0909,0.0406
constant,both,G8,r1_rms_10,0.9203,0.8897,0.9522
constant,both,G8,r1_mean_10,-0.0573,-0.1150,-0.0006
constant,both,G8,r1_rms_20,0.8050,0.7809,0.8294
constant,both,G8,r1_mean_20,-0.0852,-0.1311,-0.0390
constant,both,G8,r1_rms_50,0.6441,0.6310,0.6579
constant,both,G8,r1_mean_50,-0.1368,-0.1650,-0.1079
constant,both,G8,r1_rms_100,0.6053,0.5939,0.6166
constant,both,G8,r1_mean_100,-0.1282,-0.1538,-0.1043
constant,both,G8,r1_rms_200,0.6032,0.5922,0.6145
constant,both,G8,r1_mean_200,-0.1045,-0.1290,-0.0798
constant,both,G8,r2_brier,0.1755,0.1744,0.1765
constant,both,G8,r2_bias,0.0028,0.0014,0.0041
constant,both,G8,r3_inside,0.4149,0.4110,0.4184
constant,both,G8,r3_below_0.5,0.0397,0.0370,0.0427
constant,both,G8,r3_above_0.95,0.0324,0.0303,0.0347
constant,both,G8,r4_false,0.0620,0.0553,0.0691
constant,both,G8,r4_false_0.70,0.0154,0.0126,0.0185
constant,both,G8,r4_below,0.5749,0.5584,0.5922
constant,both,G8,r4_false_at_task,0.0550,0.0459,0.0648
constant,both,G8,r4_declared,9.4030,8.9590,9.8300
constant,both,G8,r5_late_answers,5.0283,4.8860,5.1777
constant,both,G8,r5_never,0.1276,0.1153,0.1400
constant,both,G8,r6_lag,-0.1102,-0.1247,-0.0946
constant,both,G8,r7_error_5,0.8571,0.8186,0.8989
constant,both,G8,r7_error_10,0.7618,0.7243,0.8002
constant,both,G8,r7_longest_wrong,1.7310,1.6820,1.7830
constant,both,G8,r7_hard_first,0.1370,0.1260,0.1485
constant,both,G8,r4b_chance_below_0.5,0.0845,0.0778,0.0922
constant,both,G8,r4b_chance_0.5_to_0.6,0.1277,0.1224,0.1337
constant,both,G8,r4b_chance_0.6_to_0.7,0.2103,0.2053,0.2155
constant,both,G8,r4b_chance_0.7_to_0.8,0.2728,0.2669,0.2784
constant,both,G8,r4b_chance_0.8_up,0.3046,0.2938,0.3157
constant,both,G8,r3_reachable,0.9385,0.9310,0.9462
constant,both,G8,r8_rank_6_20,6.3600,5.8000,6.9667
constant,both,G8,r8_topic_rank_6_20,20.6600,19.7600,21.5667
constant,both,G8,r8_rank_150_200,6.7980,6.3941,7.1902
constant,both,G8,r8_topic_rank_150_200,21.4118,20.9608,21.8373
constant,both,G8,r9_kept_up_6_50,-0.0109,-0.0166,-0.0053
constant,both,G8,r9_kept_up_101_200,0.0011,-0.0008,0.0031
constant,both,G8,r10_shown,4.2790,4.0190,4.5600
constant,both,G8,r2_ece,0.0063,0.0046,0.0080
constant,both,G8,r4b_3,0.1102,0.1017,0.1196
constant,both,G8,r4b_5,0.1335,0.1237,0.1442
constant,both,G8,r4b_10,0.1745,0.1619,0.1885
constant,both,G8,r4b_20,0.2294,0.2059,0.2540
constant,both,G8,r4b_50,0.2444,0.2144,0.2821
constant,both,G8,r8_move_p95_6_20,84.0000,84.0000,84.0000
constant,both,G8,r8_move_p95_150_200,84.0000,84.0000,84.0000
constant,both,G8,r9_kept_up_later_less_earlier,0.0120,0.0060,0.0182
constant,both,G8,r10_taken_back_5,0.1743,0.1618,0.1879
constant,both,G8,r10_taken_back_10,0.3620,0.3393,0.3849
constant,both,G0-exact,r1_rms_5,0.9667,0.9319,0.9997
constant,both,G0-exact,r1_mean_5,-0.0739,-0.1367,-0.0114
constant,both,G0-exact,r1_rms_10,0.8821,0.8550,0.9093
constant,both,G0-exact,r1_mean_10,-0.0842,-0.1383,-0.0301
constant,both,G0-exact,r1_rms_20,0.7671,0.7455,0.7899
constant,both,G0-exact,r1_mean_20,-0.0841,-0.1253,-0.0396
constant,both,G0-exact,r1_rms_50,0.6123,0.6010,0.6240
constant,both,G0-exact,r1_mean_50,-0.0643,-0.0908,-0.0377
constant,both,G0-exact,r1_rms_100,0.5749,0.5653,0.5851
constant,both,G0-exact,r1_mean_100,-0.0600,-0.0827,-0.0371
constant,both,G0-exact,r1_rms_200,0.5897,0.5792,0.6003
constant,both,G0-exact,r1_mean_200,-0.0691,-0.0942,-0.0446
constant,both,G0-exact,r2_brier,0.1741,0.1731,0.1752
constant,both,G0-exact,r2_bias,0.0012,-0.0002,0.0025
constant,both,G0-exact,r3_inside,0.5141,0.5075,0.5204
constant,both,G0-exact,r3_below_0.5,0.0180,0.0162,0.0200
constant,both,G0-exact,r3_above_0.95,0.0110,0.0096,0.0125
constant,both,G0-exact,r4_false,0.0769,0.0694,0.0847
constant,both,G0-exact,r4_false_0.70,0.0210,0.0179,0.0243
constant,both,G0-exact,r4_below,0.5806,0.5627,0.5978
constant,both,G0-exact,r4_false_at_task,0.0753,0.0616,0.0882
constant,both,G0-exact,r4_declared,10.0420,9.5950,10.4810
constant,both,G0-exact,r5_late_answers,4.6939,4.5661,4.8253
constant,both,G0-exact,r5_never,0.0996,0.0903,0.1096
constant,both,G0-exact,r6_lag,-0.0656,-0.0797,-0.0516
constant,both,G0-exact,r7_error_5,0.8078,0.7681,0.8463
constant,both,G0-exact,r7_error_10,0.7154,0.6826,0.7517
constant,both,G0-exact,r7_longest_wrong,1.7040,1.6510,1.7570
constant,both,G0-exact,r7_hard_first,0.1024,0.0923,0.1128
constant,both,G0-exact,r4b_chance_below_0.5,0.0459,0.0405,0.0518
constant,both,G0-exact,r4b_chance_0.5_to_0.6,0.1084,0.1008,0.1156
constant,both,G0-exact,r4b_chance_0.6_to_0.7,0.2502,0.2402,0.2605
constant,both,G0-exact,r4b_chance_0.7_to_0.8,0.3445,0.3332,0.3564
constant,both,G0-exact,r4b_chance_0.8_up,0.2509,0.2389,0.2632
constant,both,G0-exact,r3_reachable,0.9419,0.9352,0.9482
constant,both,G0-exact,r8_rank_6_20,6.6267,6.0600,7.1733
constant,both,G0-exact,r8_topic_rank_6_20,20.9933,20.1333,21.8933
constant,both,G0-exact,r8_rank_150_200,6.5824,6.2118,6.9922
constant,both,G0-exact,r8_topic_rank_150_200,21.4784,21.0647,21.9020
constant,both,G0-exact,r9_kept_up_6_50,0.0002,-0.0049,0.0057
constant,both,G0-exact,r9_kept_up_101_200,-0.0004,-0.0017,0.0010
constant,both,G0-exact,r10_shown,4.4990,4.2180,4.7910
constant,both,G0-exact,r2_ece,0.0041,0.0025,0.0056
constant,both,G0-exact,r4b_3,0.1303,0.1205,0.1403
constant,both,G0-exact,r4b_5,0.1591,0.1480,0.1712
constant,both,G0-exact,r4b_10,0.1952,0.1820,0.2101
constant,both,G0-exact,r4b_20,0.2435,0.2227,0.2656
constant,both,G0-exact,r4b_50,0.2633,0.2337,0.2986
constant,both,G0-exact,r8_move_p95_6_20,84.0000,84.0000,84.0000
constant,both,G0-exact,r8_move_p95_150_200,84.0000,84.0000,84.0000
constant,both,G0-exact,r9_kept_up_later_less_earlier,-0.0006,-0.0061,0.0049
constant,both,G0-exact,r10_taken_back_5,0.1713,0.1584,0.1851
constant,both,G0-exact,r10_taken_back_10,0.3490,0.3278,0.3701
constant,both,G0-miss0.25,r1_rms_5,1.0025,0.9693,1.0370
constant,both,G0-miss0.25,r1_mean_5,0.0650,-0.0004,0.1293
constant,both,G0-miss0.25,r1_rms_10,0.9104,0.8827,0.9407
constant,both,G0-miss0.25,r1_mean_10,0.0177,-0.0401,0.0743
constant,both,G0-miss0.25,r1_rms_20,0.7739,0.7525,0.7952
constant,both,G0-miss0.25,r1_mean_20,-0.0152,-0.0577,0.0256
constant,both,G0-miss0.25,r1_rms_50,0.6080,0.5954,0.6205
constant,both,G0-miss0.25,r1_mean_50,-0.0576,-0.0840,-0.0294
constant,both,G0-miss0.25,r1_rms_100,0.5820,0.5719,0.5927
constant,both,G0-miss0.25,r1_mean_100,-0.0511,-0.0756,-0.0275
constant,both,G0-miss0.25,r1_rms_200,0.6012,0.5901,0.6129
constant,both,G0-miss0.25,r1_mean_200,-0.0726,-0.0973,-0.0495
constant,both,G0-miss0.25,r2_brier,0.1758,0.1748,0.1768
constant,both,G0-miss0.25,r2_bias,0.0041,0.0027,0.0056
constant,both,G0-miss0.25,r3_inside,0.4829,0.4781,0.4881
constant,both,G0-miss0.25,r3_below_0.5,0.0263,0.0239,0.0289
constant,both,G0-miss0.25,r3_above_0.95,0.0134,0.0121,0.0149
constant,both,G0-miss0.25,r4_false,0.0797,0.0721,0.0877
constant,both,G0-miss0.25,r4_false_0.70,0.0207,0.0171,0.0246
constant,both,G0-miss0.25,r4_below,0.5927,0.5770,0.6086
constant,both,G0-miss0.25,r4_false_at_task,0.0793,0.0662,0.0926
constant,both,G0-miss0.25,r4_declared,9.6030,9.1810,10.0400
constant,both,G0-miss0.25,r5_late_answers,4.7000,4.5573,4.8509
constant,both,G0-miss0.25,r5_never,0.1029,0.0928,0.1135
constant,both,G0-miss0.25,r6_lag,-0.0651,-0.0790,-0.0511
constant,both,G0-miss0.25,r7_error_5,0.8623,0.8236,0.9028
constant,both,G0-miss0.25,r7_error_10,0.7533,0.7192,0.7896
constant,both,G0-miss0.25,r7_longest_wrong,1.7830,1.7290,1.8390
constant,both,G0-miss0.25,r7_hard_first,0.1414,0.1290,0.1540
constant,both,G0-miss0.25,r4b_chance_below_0.5,0.0613,0.0550,0.0686
constant,both,G0-miss0.25,r4b_chance_0.5_to_0.6,0.1196,0.1133,0.1271
constant,both,G0-miss0.25,r4b_chance_0.6_to_0.7,0.2397,0.2331,0.2466
constant,both,G0-miss0.25,r4b_chance_0.7_to_0.8,0.3198,0.3124,0.3276
constant,both,G0-miss0.25,r4b_chance_0.8_up,0.2596,0.2485,0.2707
constant,both,G0-miss0.25,r3_reachable,0.9403,0.9329,0.9470
constant,both,G0-miss0.25,r8_rank_6_20,6.5733,6.0000,7.1467
constant,both,G0-miss0.25,r8_topic_rank_6_20,20.9133,20.0200,21.8067
constant,both,G0-miss0.25,r8_rank_150_200,7.1333,6.7608,7.5412
constant,both,G0-miss0.25,r8_topic_rank_150_200,21.4627,21.0275,21.9078
constant,both,G0-miss0.25,r9_kept_up_6_50,-0.0117,-0.0170,-0.0063
constant,both,G0-miss0.25,r9_kept_up_101_200,-0.0009,-0.0023,0.0006
constant,both,G0-miss0.25,r10_shown,4.1990,3.9350,4.4680
constant,both,G0-miss0.25,r2_ece,0.0066,0.0051,0.0082
constant,both,G0-miss0.25,r4b_3,0.1311,0.1206,0.1418
constant,both,G0-miss0.25,r4b_5,0.1558,0.1438,0.1684
constant,both,G0-miss0.25,r4b_10,0.1932,0.1788,0.2077
constant,both,G0-miss0.25,r4b_20,0.2378,0.2176,0.2604
constant,both,G0-miss0.25,r4b_50,0.2709,0.2366,0.3147
constant,both,G0-miss0.25,r8_move_p95_6_20,84.0000,84.0000,84.0000
constant,both,G0-miss0.25,r8_move_p95_150_200,84.0000,84.0000,84.0000
constant,both,G0-miss0.25,r9_kept_up_later_less_earlier,0.0108,0.0052,0.0162
constant,both,G0-miss0.25,r10_taken_back_5,0.1746,0.1616,0.1877
constant,both,G0-miss0.25,r10_taken_back_10,0.3702,0.3486,0.3910
constant,both,G0-miss1,r1_rms_5,1.0575,1.0189,1.1002
constant,both,G0-miss1,r1_mean_5,-0.0953,-0.1744,-0.0222
constant,both,G0-miss1,r1_rms_10,0.9603,0.9279,0.9946
constant,both,G0-miss1,r1_mean_10,-0.1293,-0.1922,-0.0674
constant,both,G0-miss1,r1_rms_20,0.8308,0.8057,0.8566
constant,both,G0-miss1,r1_mean_20,-0.1534,-0.2013,-0.1045
constant,both,G0-miss1,r1_rms_50,0.6795,0.6657,0.6939
constant,both,G0-miss1,r1_mean_50,-0.1895,-0.2202,-0.1577
constant,both,G0-miss1,r1_rms_100,0.6360,0.6239,0.6484
constant,both,G0-miss1,r1_mean_100,-0.2073,-0.2318,-0.1830
constant,both,G0-miss1,r1_rms_200,0.6486,0.6348,0.6624
constant,both,G0-miss1,r1_mean_200,-0.2269,-0.2540,-0.2013
constant,both,G0-miss1,r2_brier,0.1764,0.1754,0.1775
constant,both,G0-miss1,r2_bias,0.0042,0.0027,0.0057
constant,both,G0-miss1,r3_inside,0.2941,0.2917,0.2965
constant,both,G0-miss1,r3_below_0.5,0.0916,0.0885,0.0950
constant,both,G0-miss1,r3_above_0.95,0.1080,0.1050,0.1111
constant,both,G0-miss1,r4_false,0.0586,0.0520,0.0654
constant,both,G0-miss1,r4_false_0.70,0.0166,0.0135,0.0198
constant,both,G0-miss1,r4_below,0.5819,0.5643,0.5994
constant,both,G0-miss1,r4_false_at_task,0.0502,0.0411,0.0601
constant,both,G0-miss1,r4_declared,9.7170,9.2860,10.1630
constant,both,G0-miss1,r5_late_answers,4.6548,4.5106,4.7974
constant,both,G0-miss1,r5_never,0.1378,0.1260,0.1507
constant,both,G0-miss1,r6_lag,-0.2210,-0.2366,-0.2044
constant,both,G0-miss1,r7_error_5,0.9087,0.8653,0.9516
constant,both,G0-miss1,r7_error_10,0.8040,0.7643,0.8468
constant,both,G0-miss1,r7_longest_wrong,1.8080,1.7540,1.8640
constant,both,G0-miss1,r7_hard_first,0.1710,0.1593,0.1829
constant,both,G0-miss1,r4b_chance_below_0.5,0.1531,0.1458,0.1613
constant,both,G0-miss1,r4b_chance_0.5_to_0.6,0.1141,0.1108,0.1175
constant,both,G0-miss1,r4b_chance_0.6_to_0.7,0.1501,0.1465,0.1536
constant,both,G0-miss1,r4b_chance_0.7_to_0.8,0.1855,0.1819,0.1890
constant,both,G0-miss1,r4b_chance_0.8_up,0.3972,0.3873,0.4067
constant,both,G0-miss1,r3_reachable,0.9500,0.9434,0.9561
constant,both,G0-miss1,r8_rank_6_20,6.3000,5.7467,6.8733
constant,both,G0-miss1,r8_topic_rank_6_20,20.9800,20.0933,21.8600
constant,both,G0-miss1,r8_rank_150_200,6.9235,6.5157,7.3392
constant,both,G0-miss1,r8_topic_rank_150_200,21.6000,21.1804,22.0882
constant,both,G0-miss1,r9_kept_up_6_50,-0.0097,-0.0150,-0.0044
constant,both,G0-miss1,r9_kept_up_101_200,-0.0008,-0.0022,0.0006
constant,both,G0-miss1,r10_shown,4.3330,4.0670,4.6000
constant,both,G0-miss1,r2_ece,0.0070,0.0053,0.0086
constant,both,G0-miss1,r4b_3,0.1260,0.1157,0.1363
constant,both,G0-miss1,r4b_5,0.1515,0.1398,0.1635
constant,both,G0-miss1,r4b_10,0.1815,0.1680,0.1957
constant,both,G0-miss1,r4b_20,0.2291,0.2077,0.2507
constant,both,G0-miss1,r4b_50,0.2369,0.2134,0.2631
constant,both,G0-miss1,r8_move_p95_6_20,84.0000,84.0000,84.0000
constant,both,G0-miss1,r8_move_p95_150_200,84.0000,84.0000,84.0000
constant,both,G0-miss1,r9_kept_up_later_less_earlier,0.0089,0.0035,0.0146
constant,both,G0-miss1,r10_taken_back_5,0.1760,0.1619,0.1906
constant,both,G0-miss1,r10_taken_back_10,0.3538,0.3334,0.3748
constant,both,G2-half,r1_rms_5,1.0035,0.9693,1.0394
constant,both,G2-half,r1_mean_5,-0.0551,-0.1236,0.0112
constant,both,G2-half,r1_rms_10,0.9277,0.8982,0.9567
constant,both,G2-half,r1_mean_10,-0.0993,-0.1586,-0.0421
constant,both,G2-half,r1_rms_20,0.7947,0.7730,0.8187
constant,both,G2-half,r1_mean_20,-0.1633,-0.2084,-0.1183
constant,both,G2-half,r1_rms_50,0.6483,0.6346,0.6621
constant,both,G2-half,r1_mean_50,-0.2263,-0.2553,-0.1987
constant,both,G2-half,r1_rms_100,0.6279,0.6154,0.6408
constant,both,G2-half,r1_mean_100,-0.2750,-0.2977,-0.2523
constant,both,G2-half,r1_rms_200,0.6257,0.6137,0.6386
constant,both,G2-half,r1_mean_200,-0.2416,-0.2657,-0.2181
constant,both,G2-half,r2_brier,0.1641,0.1632,0.1650
constant,both,G2-half,r2_bias,-0.0173,-0.0189,-0.0159
constant,both,G2-half,r3_inside,0.4066,0.4030,0.4101
constant,both,G2-half,r3_below_0.5,0.0280,0.0263,0.0298
constant,both,G2-half,r3_above_0.95,0.0430,0.0406,0.0455
constant,both,G2-half,r4_false,0.0488,0.0441,0.0536
constant,both,G2-half,r4_false_0.70,0.0110,0.0091,0.0130
constant,both,G2-half,r4_below,0.5696,0.5529,0.5872
constant,both,G2-half,r4_false_at_task,0.0424,0.0351,0.0499
constant,both,G2-half,r4_declared,12.4870,12.0380,12.9170
constant,both,G2-half,r5_late_answers,5.1313,5.0119,5.2569
constant,both,G2-half,r5_never,0.1893,0.1773,0.2026
constant,both,G2-half,r6_lag,-0.2786,-0.2932,-0.2627
constant,both,G2-half,r7_error_5,0.8583,0.8202,0.8971
constant,both,G2-half,r7_error_10,0.7707,0.7365,0.8049
constant,both,G2-half,r7_longest_wrong,1.7140,1.6630,1.7670
constant,both,G2-half,r7_hard_first,0.1315,0.1204,0.1425
constant,both,G2-half,r4b_chance_below_0.5,0.0687,0.0637,0.0742
constant,both,G2-half,r4b_chance_0.5_to_0.6,0.1090,0.1043,0.1140
constant,both,G2-half,r4b_chance_0.6_to_0.7,0.1904,0.1854,0.1954
constant,both,G2-half,r4b_chance_0.7_to_0.8,0.2769,0.2722,0.2821
constant,both,G2-half,r4b_chance_0.8_up,0.3550,0.3447,0.3656
constant,both,G2-half,r3_reachable,0.9558,0.9521,0.9593
constant,both,G2-half,r8_rank_6_20,6.2667,5.7267,6.8533
constant,both,G2-half,r8_topic_rank_6_20,20.5000,19.6333,21.4600
constant,both,G2-half,r8_rank_150_200,6.9471,6.5745,7.3529
constant,both,G2-half,r8_topic_rank_150_200,21.3765,20.9176,21.7784
constant,both,G2-half,r9_kept_up_6_50,0.0072,0.0018,0.0127
constant,both,G2-half,r9_kept_up_101_200,0.0239,0.0226,0.0253
constant,both,G2-half,r10_shown,5.7830,5.4370,6.1290
constant,both,G2-half,r2_ece,0.0173,0.0160,0.0187
constant,both,G2-half,r4b_3,0.1193,0.1103,0.1288
constant,both,G2-half,r4b_5,0.1544,0.1433,0.1653
constant,both,G2-half,r4b_10,0.2241,0.2081,0.2400
constant,both,G2-half,r4b_20,0.3466,0.3117,0.3848
constant,both,G2-half,r4b_50,0.4346,0.3448,0.5658
constant,both,G2-half,r8_move_p95_6_20,84.0000,84.0000,84.0000
constant,both,G2-half,r8_move_p95_150_200,84.0000,83.0000,84.0000
constant,both,G2-half,r9_kept_up_later_less_earlier,0.0168,0.0115,0.0223
constant,both,G2-half,r10_taken_back_5,0.1390,0.1279,0.1505
constant,both,G2-half,r10_taken_back_10,0.2991,0.2804,0.3171
constant,both,G2-fading,r1_rms_5,1.0200,0.9828,1.0584
constant,both,G2-fading,r1_mean_5,-0.0023,-0.0725,0.0649
constant,both,G2-fading,r1_rms_10,0.9168,0.8862,0.9490
constant,both,G2-fading,r1_mean_10,-0.0854,-0.1403,-0.0289
constant,both,G2-fading,r1_rms_20,0.8004,0.7756,0.8245
constant,both,G2-fading,r1_mean_20,-0.1838,-0.2282,-0.1369
constant,both,G2-fading,r1_rms_50,0.6713,0.6565,0.6859
constant,both,G2-fading,r1_mean_50,-0.2780,-0.3066,-0.2502
constant,both,G2-fading,r1_rms_100,0.6169,0.6051,0.6287
constant,both,G2-fading,r1_mean_100,-0.2432,-0.2663,-0.2207
constant,both,G2-fading,r1_rms_200,0.6057,0.5945,0.6169
constant,both,G2-fading,r1_mean_200,-0.1692,-0.1921,-0.1444
constant,both,G2-fading,r2_brier,0.1664,0.1654,0.1673
constant,both,G2-fading,r2_bias,-0.0123,-0.0138,-0.0107
constant,both,G2-fading,r3_inside,0.4039,0.4003,0.4075
constant,both,G2-fading,r3_below_0.5,0.0296,0.0278,0.0315
constant,both,G2-fading,r3_above_0.95,0.0419,0.0396,0.0444
constant,both,G2-fading,r4_false,0.0571,0.0512,0.0630
constant,both,G2-fading,r4_false_0.70,0.0128,0.0105,0.0151
constant,both,G2-fading,r4_below,0.5661,0.5492,0.5831
constant,both,G2-fading,r4_false_at_task,0.0432,0.0357,0.0514
constant,both,G2-fading,r4_declared,11.4220,10.9610,11.8740
constant,both,G2-fading,r5_late_answers,5.0051,4.8761,5.1414
constant,both,G2-fading,r5_never,0.1698,0.1588,0.1821
constant,both,G2-fading,r6_lag,-0.2239,-0.2385,-0.2087
constant,both,G2-fading,r7_error_5,0.8779,0.8377,0.9202
constant,both,G2-fading,r7_error_10,0.7628,0.7266,0.8011
constant,both,G2-fading,r7_longest_wrong,1.7780,1.7220,1.8340
constant,both,G2-fading,r7_hard_first,0.1410,0.1299,0.1528
constant,both,G2-fading,r4b_chance_below_0.5,0.0690,0.0635,0.0741
constant,both,G2-fading,r4b_chance_0.5_to_0.6,0.1098,0.1051,0.1146
constant,both,G2-fading,r4b_chance_0.6_to_0.7,0.1958,0.1906,0.2008
constant,both,G2-fading,r4b_chance_0.7_to_0.8,0.2740,0.2693,0.2787
constant,both,G2-fading,r4b_chance_0.8_up,0.3514,0.3406,0.3627
constant,both,G2-fading,r3_reachable,0.9542,0.9500,0.9581
constant,both,G2-fading,r8_rank_6_20,5.6600,5.1400,6.1867
constant,both,G2-fading,r8_topic_rank_6_20,20.3067,19.4333,21.2067
constant,both,G2-fading,r8_rank_150_200,7.0706,6.6765,7.4902
constant,both,G2-fading,r8_topic_rank_150_200,21.1412,20.7157,21.5941
constant,both,G2-fading,r9_kept_up_6_50,0.0039,-0.0017,0.0093
constant,both,G2-fading,r9_kept_up_101_200,0.0141,0.0127,0.0155
constant,both,G2-fading,r10_shown,5.3080,4.9830,5.6460
constant,both,G2-fading,r2_ece,0.0123,0.0108,0.0137
constant,both,G2-fading,r4b_3,0.1146,0.1054,0.1245
constant,both,G2-fading,r4b_5,0.1457,0.1342,0.1563
constant,both,G2-fading,r4b_10,0.2110,0.1956,0.2282
constant,both,G2-fading,r4b_20,0.3000,0.2697,0.3310
constant,both,G2-fading,r4b_50,0.3375,0.2966,0.3854
constant,both,G2-fading,r8_move_p95_6_20,84.0000,84.0000,84.0000
constant,both,G2-fading,r8_move_p95_150_200,84.0000,84.0000,84.0000
constant,both,G2-fading,r9_kept_up_later_less_earlier,0.0102,0.0048,0.0155
constant,both,G2-fading,r10_taken_back_5,0.1405,0.1295,0.1520
constant,both,G2-fading,r10_taken_back_10,0.2937,0.2740,0.3135
constant,both,G3-drop,r1_rms_5,0.9710,0.9396,1.0057
constant,both,G3-drop,r1_mean_5,0.0278,-0.0359,0.0891
constant,both,G3-drop,r1_rms_10,0.8990,0.8715,0.9289
constant,both,G3-drop,r1_mean_10,-0.0087,-0.0628,0.0496
constant,both,G3-drop,r1_rms_20,0.7731,0.7530,0.7938
constant,both,G3-drop,r1_mean_20,-0.0349,-0.0787,0.0073
constant,both,G3-drop,r1_rms_50,0.6281,0.6154,0.6416
constant,both,G3-drop,r1_mean_50,-0.0650,-0.0935,-0.0359
constant,both,G3-drop,r1_rms_100,0.6583,0.6443,0.6738
constant,both,G3-drop,r1_mean_100,0.1406,0.1104,0.1705
constant,both,G3-drop,r1_rms_200,0.6064,0.5952,0.6173
constant,both,G3-drop,r1_mean_200,-0.0446,-0.0698,-0.0200
constant,both,G3-drop,r2_brier,0.1892,0.1881,0.1904
constant,both,G3-drop,r2_bias,0.0239,0.0227,0.0253
constant,both,G3-drop,r3_inside,0.3952,0.3908,0.3994
constant,both,G3-drop,r3_below_0.5,0.0729,0.0675,0.0782
constant,both,G3-drop,r3_above_0.95,0.0236,0.0217,0.0255
constant,both,G3-drop,r4_false,0.0759,0.0677,0.0837
constant,both,G3-drop,r4_false_0.70,0.0269,0.0226,0.0317
constant,both,G3-drop,r4_below,0.5774,0.5602,0.5938
constant,both,G3-drop,r4_false_at_task,0.0627,0.0505,0.0752
constant,both,G3-drop,r4_declared,8.6110,8.1800,9.0070
constant,both,G3-drop,r5_late_answers,3.8759,3.7580,4.0005
constant,both,G3-drop,r5_never,0.2194,0.2036,0.2355
constant,both,G3-drop,r6_lag,0.0765,0.0596,0.0917
constant,both,G3-drop,r6_jump_answers,22.3910,21.2150,23.6220
constant,both,G3-drop,r6_jump_unsettled,0.0280,0.0180,0.0380
constant,both,G3-drop,r7_error_5,0.8329,0.7938,0.8723
constant,both,G3-drop,r7_error_10,0.7378,0.7011,0.7743
constant,both,G3-drop,r7_longest_wrong,1.7620,1.7090,1.8140
constant,both,G3-drop,r7_hard_first,0.1428,0.1318,0.1544
constant,both,G3-drop,r4b_chance_below_0.5,0.1578,0.1439,0.1729
constant,both,G3-drop,r4b_chance_0.5_to_0.6,0.1609,0.1557,0.1661
constant,both,G3-drop,r4b_chance_0.6_to_0.7,0.2155,0.2102,0.2206
constant,both,G3-drop,r4b_chance_0.7_to_0.8,0.2364,0.2294,0.2435
constant,both,G3-drop,r4b_chance_0.8_up,0.2294,0.2183,0.2401
constant,both,G3-drop,r3_reachable,0.8914,0.8799,0.9020
constant,both,G3-drop,r8_rank_6_20,6.9333,6.3600,7.5467
constant,both,G3-drop,r8_topic_rank_6_20,21.0200,20.0800,21.9200
constant,both,G3-drop,r8_rank_150_200,6.2392,5.8392,6.6490
constant,both,G3-drop,r8_topic_rank_150_200,20.0922,19.5451,20.6118
constant,both,G3-drop,r9_kept_up_6_50,-0.0104,-0.0155,-0.0052
constant,both,G3-drop,r9_kept_up_101_200,-0.0284,-0.0300,-0.0269
constant,both,G3-drop,r10_shown,3.8840,3.6400,4.1310
constant,both,G3-drop,r2_ece,0.0275,0.0259,0.0291
constant,both,G3-drop,r4b_3,0.1241,0.1137,0.1342
constant,both,G3-drop,r4b_5,0.1426,0.1313,0.1539
constant,both,G3-drop,r4b_10,0.1537,0.1424,0.1654
constant,both,G3-drop,r4b_20,0.1554,0.1425,0.1680
constant,both,G3-drop,r4b_50,0.1580,0.1446,0.1717
constant,both,G3-drop,r8_move_p95_6_20,84.0000,84.0000,84.0000
constant,both,G3-drop,r8_move_p95_150_200,84.0000,84.0000,84.0000
constant,both,G3-drop,r9_kept_up_later_less_earlier,-0.0181,-0.0236,-0.0124
constant,both,G3-drop,r10_taken_back_5,0.2201,0.2042,0.2358
constant,both,G3-drop,r10_taken_back_10,0.4498,0.4242,0.4742
constant,both,G0-start0.5,r1_rms_5,0.9579,0.9225,0.9931
constant,both,G0-start0.5,r1_mean_5,-0.0059,-0.0643,0.0561
constant,both,G0-start0.5,r1_rms_10,0.8856,0.8570,0.9151
constant,both,G0-start0.5,r1_mean_10,-0.0273,-0.0814,0.0266
constant,both,G0-start0.5,r1_rms_20,0.7646,0.7443,0.7864
constant,both,G0-start0.5,r1_mean_20,-0.0710,-0.1146,-0.0288
constant,both,G0-start0.5,r1_rms_50,0.6117,0.5999,0.6244
constant,both,G0-start0.5,r1_mean_50,-0.0953,-0.1218,-0.0697
constant,both,G0-start0.5,r1_rms_100,0.5864,0.5751,0.5972
constant,both,G0-start0.5,r1_mean_100,-0.1119,-0.1341,-0.0881
constant,both,G0-start0.5,r1_rms_200,0.5911,0.5803,0.6024
constant,both,G0-start0.5,r1_mean_200,-0.1055,-0.1290,-0.0824
constant,both,G0-start0.5,r2_brier,0.1735,0.1727,0.1742
constant,both,G0-start0.5,r2_bias,0.0032,0.0019,0.0045
constant,both,G0-start0.5,r3_inside,0.4194,0.4162,0.4226
constant,both,G0-start0.5,r3_below_0.5,0.0344,0.0326,0.0362
constant,both,G0-start0.5,r3_above_0.95,0.0303,0.0286,0.0322
constant,both,G0-start0.5,r4_false,0.0427,0.0367,0.0490
constant,both,G0-start0.5,r4_false_0.70,0.0158,0.0126,0.0191
constant,both,G0-start0.5,r4_below,0.6061,0.5933,0.6188
constant,both,G0-start0.5,r4_false_at_task,0.0369,0.0270,0.0475
constant,both,G0-start0.5,r4_declared,9.0930,8.7080,9.4790
constant,both,G0-start0.5,r5_late_answers,4.1365,4.0235,4.2609
constant,both,G0-start0.5,r5_never,0.0992,0.0894,0.1093
constant,both,G0-start0.5,r6_lag,-0.1262,-0.1406,-0.1121
constant,both,G0-start0.5,r7_error_5,0.8047,0.7654,0.8436
constant,both,G0-start0.5,r7_error_10,0.7207,0.6863,0.7554
constant,both,G0-start0.5,r7_longest_wrong,1.6530,1.6060,1.7050
constant,both,G0-start0.5,r7_hard_first,0.1207,0.1113,0.1305
constant,both,G0-start0.5,r4b_chance_below_0.5,0.0719,0.0678,0.0765
constant,both,G0-start0.5,r4b_chance_0.5_to_0.6,0.1130,0.1088,0.1171
constant,both,G0-start0.5,r4b_chance_0.6_to_0.7,0.1978,0.1933,0.2022
constant,both,G0-start0.5,r4b_chance_0.7_to_0.8,0.2745,0.2701,0.2789
constant,both,G0-start0.5,r4b_chance_0.8_up,0.3428,0.3338,0.3516
constant,both,G0-start0.5,r3_reachable,0.9660,0.9625,0.9695
constant,both,G0-start0.5,r8_rank_6_20,6.4200,5.8733,7.0000
constant,both,G0-start0.5,r8_topic_rank_6_20,20.4533,19.6000,21.3533
constant,both,G0-start0.5,r8_rank_150_200,7.1765,6.7863,7.5824
constant,both,G0-start0.5,r8_topic_rank_150_200,21.7333,21.3000,22.1745
constant,both,G0-start0.5,r9_kept_up_6_50,-0.0088,-0.0139,-0.0039
constant,both,G0-start0.5,r9_kept_up_101_200,0.0002,-0.0013,0.0016
constant,both,G0-start0.5,r10_shown,3.8790,3.6760,4.0910
constant,both,G0-start0.5,r2_ece,0.0043,0.0029,0.0056
constant,both,G0-start0.5,r4b_3,0.1188,0.1094,0.1283
constant,both,G0-start0.5,r4b_5,0.1351,0.1254,0.1454
constant,both,G0-start0.5,r4b_10,0.1570,0.1454,0.1686
constant,both,G0-start0.5,r4b_20,0.2275,0.2021,0.2562
constant,both,G0-start0.5,r4b_50,0.2795,0.2204,0.3598
constant,both,G0-start0.5,r8_move_p95_6_20,84.0000,84.0000,84.0000
constant,both,G0-start0.5,r8_move_p95_150_200,84.0000,84.0000,84.0000
constant,both,G0-start0.5,r9_kept_up_later_less_earlier,0.0091,0.0034,0.0144
constant,both,G0-start0.5,r10_taken_back_5,0.1714,0.1580,0.1850
constant,both,G0-start0.5,r10_taken_back_10,0.3495,0.3293,0.3706
constant,both,G0-start2,r1_rms_5,1.0902,1.0469,1.1316
constant,both,G0-start2,r1_mean_5,-0.0252,-0.1034,0.0492
constant,both,G0-start2,r1_rms_10,0.9941,0.9589,1.0323
constant,both,G0-start2,r1_mean_10,-0.0687,-0.1359,-0.0005
constant,both,G0-start2,r1_rms_20,0.8484,0.8203,0.8778
constant,both,G0-start2,r1_mean_20,-0.1116,-0.1624,-0.0594
constant,both,G0-start2,r1_rms_50,0.6540,0.6385,0.6696
constant,both,G0-start2,r1_mean_50,-0.1170,-0.1494,-0.0851
constant,both,G0-start2,r1_rms_100,0.5990,0.5878,0.6109
constant,both,G0-start2,r1_mean_100,-0.0999,-0.1231,-0.0766
constant,both,G0-start2,r1_rms_200,0.5976,0.5867,0.6092
constant,both,G0-start2,r1_mean_200,-0.0776,-0.1025,-0.0532
constant,both,G0-start2,r2_brier,0.1777,0.1760,0.1795
constant,both,G0-start2,r2_bias,0.0020,0.0002,0.0037
constant,both,G0-start2,r3_inside,0.3907,0.3841,0.3972
constant,both,G0-start2,r3_below_0.5,0.0738,0.0642,0.0841
constant,both,G0-start2,r3_above_0.95,0.0379,0.0342,0.0419
constant,both,G0-start2,r4_false,0.0608,0.0540,0.0676
constant,both,G0-start2,r4_false_0.70,0.0139,0.0113,0.0166
constant,both,G0-start2,r4_below,0.5302,0.5082,0.5526
constant,both,G0-start2,r4_false_at_task,0.0499,0.0403,0.0598
constant,both,G0-start2,r4_declared,10.3650,9.8710,10.8240
constant,both,G0-start2,r5_late_answers,4.8879,4.7567,5.0249
constant,both,G0-start2,r5_never,0.0916,0.0817,0.1014
constant,both,G0-start2,r6_lag,-0.1087,-0.1244,-0.0932
constant,both,G0-start2,r7_error_5,0.9488,0.9006,0.9980
constant,both,G0-start2,r7_error_10,0.8412,0.7982,0.8846
constant,both,G0-start2,r7_longest_wrong,1.8960,1.8270,1.9690
constant,both,G0-start2,r7_hard_first,0.1761,0.1611,0.1917
constant,both,G0-start2,r4b_chance_below_0.5,0.2021,0.1755,0.2289
constant,both,G0-start2,r4b_chance_0.5_to_0.6,0.1367,0.1291,0.1440
constant,both,G0-start2,r4b_chance_0.6_to_0.7,0.1941,0.1861,0.2021
constant,both,G0-start2,r4b_chance_0.7_to_0.8,0.2256,0.2149,0.2367
constant,both,G0-start2,r4b_chance_0.8_up,0.2415,0.2264,0.2568
constant,both,G0-start2,r3_reachable,0.8748,0.8587,0.8898
constant,both,G0-start2,r8_rank_6_20,6.4133,5.8467,6.9667
constant,both,G0-start2,r8_topic_rank_6_20,20.4533,19.5467,21.3933
constant,both,G0-start2,r8_rank_150_200,6.2647,5.8863,6.6765
constant,both,G0-start2,r8_topic_rank_150_200,19.7020,19.1549,20.2431
constant,both,G0-start2,r9_kept_up_6_50,-0.0084,-0.0141,-0.0029
constant,both,G0-start2,r9_kept_up_101_200,0.0010,-0.0004,0.0024
constant,both,G0-start2,r10_shown,5.1300,4.7660,5.5010
constant,both,G0-start2,r2_ece,0.0052,0.0036,0.0074
constant,both,G0-start2,r4b_3,0.1105,0.1005,0.1208
constant,both,G0-start2,r4b_5,0.1378,0.1259,0.1497
constant,both,G0-start2,r4b_10,0.1665,0.1527,0.1809
constant,both,G0-start2,r4b_20,0.2056,0.1862,0.2262
constant,both,G0-start2,r4b_50,0.2642,0.1959,0.3917
constant,both,G0-start2,r8_move_p95_6_20,84.0000,84.0000,84.0000
constant,both,G0-start2,r8_move_p95_150_200,84.0000,84.0000,84.0000
constant,both,G0-start2,r9_kept_up_later_less_earlier,0.0094,0.0033,0.0153
constant,both,G0-start2,r10_taken_back_5,0.1708,0.1585,0.1847
constant,both,G0-start2,r10_taken_back_10,0.3653,0.3425,0.3898
constant,both,G0-topics0.3,r1_rms_5,0.9082,0.8701,0.9475
constant,both,G0-topics0.3,r1_mean_5,0.0615,-0.0039,0.1278
constant,both,G0-topics0.3,r1_rms_10,0.8154,0.7836,0.8462
constant,both,G0-topics0.3,r1_mean_10,0.0171,-0.0403,0.0722
constant,both,G0-topics0.3,r1_rms_20,0.6796,0.6553,0.7046
constant,both,G0-topics0.3,r1_mean_20,-0.0120,-0.0538,0.0342
constant,both,G0-topics0.3,r1_rms_50,0.5303,0.5171,0.5429
constant,both,G0-topics0.3,r1_mean_50,-0.0646,-0.0910,-0.0386
constant,both,G0-topics0.3,r1_rms_100,0.5458,0.5347,0.5574
constant,both,G0-topics0.3,r1_mean_100,-0.0692,-0.0939,-0.0443
constant,both,G0-topics0.3,r1_rms_200,0.5781,0.5661,0.5896
constant,both,G0-topics0.3,r1_mean_200,-0.1034,-0.1276,-0.0778
constant,both,G0-topics0.3,r2_brier,0.1764,0.1753,0.1775
constant,both,G0-topics0.3,r2_bias,0.0045,0.0032,0.0059
constant,both,G0-topics0.3,r3_inside,0.4362,0.4321,0.4405
constant,both,G0-topics0.3,r3_below_0.5,0.0342,0.0318,0.0365
constant,both,G0-topics0.3,r3_above_0.95,0.0234,0.0217,0.0252
constant,both,G0-topics0.3,r4_false,0.0642,0.0565,0.0726
constant,both,G0-topics0.3,r4_false_0.70,0.0141,0.0113,0.0170
constant,both,G0-topics0.3,r4_below,0.5976,0.5811,0.6140
constant,both,G0-topics0.3,r4_false_at_task,0.0604,0.0478,0.0738
constant,both,G0-topics0.3,r4_declared,9.7160,9.3030,10.1380
constant,both,G0-topics0.3,r5_late_answers,4.6046,4.4605,4.7606
constant,both,G0-topics0.3,r5_never,0.0994,0.0879,0.1111
constant,both,G0-topics0.3,r6_lag,-0.1022,-0.1180,-0.0871
constant,both,G0-topics0.3,r7_error_5,0.8420,0.8005,0.8847
constant,both,G0-topics0.3,r7_error_10,0.7493,0.7127,0.7841
constant,both,G0-topics0.3,r7_longest_wrong,1.7400,1.6880,1.7940
constant,both,G0-topics0.3,r7_hard_first,0.1284,0.1175,0.1394
constant,both,G0-topics0.3,r4b_chance_below_0.5,0.0722,0.0663,0.0788
constant,both,G0-topics0.3,r4b_chance_0.5_to_0.6,0.1273,0.1211,0.1336
constant,both,G0-topics0.3,r4b_chance_0.6_to_0.7,0.2152,0.2096,0.2204
constant,both,G0-topics0.3,r4b_chance_0.7_to_0.8,0.2857,0.2794,0.2921
constant,both,G0-topics0.3,r4b_chance_0.8_up,0.2997,0.2880,0.3115
constant,both,G0-topics0.3,r3_reachable,0.9456,0.9376,0.9531
constant,both,G0-topics0.3,r8_rank_6_20,6.6200,6.0533,7.2000
constant,both,G0-topics0.3,r8_topic_rank_6_20,21.3467,20.4333,22.1933
constant,both,G0-topics0.3,r8_rank_150_200,6.6392,6.2510,7.0373
constant,both,G0-topics0.3,r8_topic_rank_150_200,21.2176,20.7824,21.6686
constant,both,G0-topics0.3,r9_kept_up_6_50,-0.0120,-0.0175,-0.0066
constant,both,G0-topics0.3,r9_kept_up_101_200,-0.0014,-0.0028,-0.0000
constant,both,G0-topics0.3,r10_shown,4.2640,3.9980,4.5230
constant,both,G0-topics0.3,r2_ece,0.0072,0.0057,0.0089
constant,both,G0-topics0.3,r4b_3,0.1326,0.1219,0.1433
constant,both,G0-topics0.3,r4b_5,0.1580,0.1463,0.1700
constant,both,G0-topics0.3,r4b_10,0.1911,0.1766,0.2067
constant,both,G0-topics0.3,r4b_20,0.2316,0.2106,0.2537
constant,both,G0-topics0.3,r4b_50,0.2495,0.2200,0.2829
constant,both,G0-topics0.3,r8_move_p95_6_20,84.0000,84.0000,84.0000
constant,both,G0-topics0.3,r8_move_p95_150_200,84.0000,84.0000,84.0000
constant,both,G0-topics0.3,r9_kept_up_later_less_earlier,0.0105,0.0052,0.0162
constant,both,G0-topics0.3,r10_taken_back_5,0.1708,0.1587,0.1833
constant,both,G0-topics0.3,r10_taken_back_10,0.3549,0.3324,0.3775
constant,both,G0-topics1,r1_rms_5,1.2869,1.2528,1.3222
constant,both,G0-topics1,r1_mean_5,-0.0538,-0.1198,0.0156
constant,both,G0-topics1,r1_rms_10,1.2497,1.2225,1.2777
constant,both,G0-topics1,r1_mean_10,-0.0899,-0.1506,-0.0299
constant,both,G0-topics1,r1_rms_20,1.1428,1.1221,1.1645
constant,both,G0-topics1,r1_mean_20,-0.1560,-0.2033,-0.1089
constant,both,G0-topics1,r1_rms_50,0.9631,0.9459,0.9797
constant,both,G0-topics1,r1_mean_50,-0.2213,-0.2520,-0.1913
constant,both,G0-topics1,r1_rms_100,0.8317,0.8192,0.8442
constant,both,G0-topics1,r1_mean_100,-0.1914,-0.2157,-0.1682
constant,both,G0-topics1,r1_rms_200,0.7334,0.7211,0.7454
constant,both,G0-topics1,r1_mean_200,-0.1432,-0.1681,-0.1183
constant,both,G0-topics1,r2_brier,0.1758,0.1749,0.1768
constant,both,G0-topics1,r2_bias,0.0037,0.0022,0.0052
constant,both,G0-topics1,r3_inside,0.3560,0.3525,0.3594
constant,both,G0-topics1,r3_below_0.5,0.0641,0.0608,0.0677
constant,both,G0-topics1,r3_above_0.95,0.0661,0.0631,0.0693
constant,both,G0-topics1,r4_false,0.0764,0.0703,0.0830
constant,both,G0-topics1,r4_false_0.70,0.0288,0.0248,0.0328
constant,both,G0-topics1,r4_below,0.6133,0.5978,0.6300
constant,both,G0-topics1,r4_false_at_task,0.0582,0.0493,0.0676
constant,both,G0-topics1,r4_declared,9.6050,9.1790,10.0290
constant,both,G0-topics1,r5_late_answers,5.0037,4.8504,5.1634
constant,both,G0-topics1,r5_never,0.1869,0.1755,0.1981
constant,both,G0-topics1,r6_lag,-0.1729,-0.1885,-0.1586
constant,both,G0-topics1,r7_error_5,0.8726,0.8307,0.9149
constant,both,G0-topics1,r7_error_10,0.7859,0.7475,0.8260
constant,both,G0-topics1,r7_longest_wrong,1.9160,1.8540,1.9850
constant,both,G0-topics1,r7_hard_first,0.1868,0.1753,0.1991
constant,both,G0-topics1,r4b_chance_below_0.5,0.1390,0.1304,0.1503
constant,both,G0-topics1,r4b_chance_0.5_to_0.6,0.1294,0.1255,0.1333
constant,both,G0-topics1,r4b_chance_0.6_to_0.7,0.1932,0.1886,0.1980
constant,both,G0-topics1,r4b_chance_0.7_to_0.8,0.2398,0.2347,0.2452
constant,both,G0-topics1,r4b_chance_0.8_up,0.2987,0.2892,0.3083
constant,both,G0-topics1,r3_reachable,0.9195,0.9121,0.9265
constant,both,G0-topics1,r8_rank_6_20,7.1467,6.5867,7.7000
constant,both,G0-topics1,r8_topic_rank_6_20,21.1133,20.2333,22.0200
constant,both,G0-topics1,r8_rank_150_200,6.9529,6.5569,7.3431
constant,both,G0-topics1,r8_topic_rank_150_200,21.3471,20.9157,21.7902
constant,both,G0-topics1,r9_kept_up_6_50,-0.0192,-0.0244,-0.0140
constant,both,G0-topics1,r9_kept_up_101_200,0.0020,0.0007,0.0033
constant,both,G0-topics1,r10_shown,4.0810,3.8270,4.3470
constant,both,G0-topics1,r2_ece,0.0057,0.0042,0.0072
constant,both,G0-topics1,r4b_3,0.1242,0.1150,0.1342
constant,both,G0-topics1,r4b_5,0.1548,0.1428,0.1661
constant,both,G0-topics1,r4b_10,0.1874,0.1741,0.2007
constant,both,G0-topics1,r4b_20,0.2367,0.2168,0.2587
constant,both,G0-topics1,r4b_50,0.3224,0.2695,0.3814
constant,both,G0-topics1,r8_move_p95_6_20,84.0000,84.0000,84.0000
constant,both,G0-topics1,r8_move_p95_150_200,84.0000,84.0000,84.0000
constant,both,G0-topics1,r9_kept_up_later_less_earlier,0.0212,0.0160,0.0267
constant,both,G0-topics1,r10_taken_back_5,0.1684,0.1551,0.1814
constant,both,G0-topics1,r10_taken_back_10,0.3473,0.3268,0.3706
constant_slow,both,G0,r1_rms_5,1.0198,0.9844,1.0564
constant_slow,both,G0,r1_mean_5,-0.0343,-0.1037,0.0310
constant_slow,both,G0,r1_rms_10,0.9762,0.9432,1.0079
constant_slow,both,G0,r1_mean_10,-0.0502,-0.1132,0.0093
constant_slow,both,G0,r1_rms_20,0.8809,0.8541,0.9087
constant_slow,both,G0,r1_mean_20,-0.0725,-0.1249,-0.0201
constant_slow,both,G0,r1_rms_50,0.6794,0.6624,0.6977
constant_slow,both,G0,r1_mean_50,-0.1021,-0.1384,-0.0664
constant_slow,both,G0,r1_rms_100,0.5408,0.5300,0.5511
constant_slow,both,G0,r1_mean_100,-0.1019,-0.1238,-0.0795
constant_slow,both,G0,r1_rms_200,0.4812,0.4727,0.4901
constant_slow,both,G0,r1_mean_200,-0.0831,-0.1006,-0.0654
constant_slow,both,G0,r2_brier,0.1756,0.1739,0.1772
constant_slow,both,G0,r2_bias,0.0036,0.0008,0.0064
constant_slow,both,G0,r3_inside,0.4253,0.4204,0.4303
constant_slow,both,G0,r3_below_0.5,0.0407,0.0370,0.0448
constant_slow,both,G0,r3_above_0.95,0.0293,0.0265,0.0323
constant_slow,both,G0,r4_false,0.0385,0.0329,0.0446
constant_slow,both,G0,r4_false_0.70,0.0094,0.0068,0.0122
constant_slow,both,G0,r4_below,0.5300,0.5096,0.5512
constant_slow,both,G0,r4_false_at_task,0.0318,0.0243,0.0405
constant_slow,both,G0,r4_declared,8.7700,8.3480,9.1760
constant_slow,both,G0,r5_late_answers,4.6337,4.4498,4.8167
constant_slow,both,G0,r5_never,0.1859,0.1709,0.2019
constant_slow,both,G0,r6_lag,-0.1114,-0.1251,-0.0968
constant_slow,both,G0,r7_error_5,0.8674,0.8262,0.9078
constant_slow,both,G0,r7_error_10,0.8113,0.7742,0.8480
constant_slow,both,G0,r7_longest_wrong,1.8200,1.7580,1.8830
constant_slow,both,G0,r7_hard_first,0.1381,0.1271,0.1495
constant_slow,both,G0,r4b_chance_below_0.5,0.0876,0.0786,0.0974
constant_slow,both,G0,r4b_chance_0.5_to_0.6,0.1271,0.1207,0.1339
constant_slow,both,G0,r4b_chance_0.6_to_0.7,0.2128,0.2070,0.2186
constant_slow,both,G0,r4b_chance_0.7_to_0.8,0.2796,0.2728,0.2865
constant_slow,both,G0,r4b_chance_0.8_up,0.2930,0.2796,0.3063
constant_slow,both,G0,r3_reachable,0.9273,0.9181,0.9356
constant_slow,both,G0,r8_rank_6_20,2.9600,2.5267,3.4000
constant_slow,both,G0,r8_topic_rank_6_20,10.3867,9.5400,11.2067
constant_slow,both,G0,r8_rank_150_200,3.6314,3.2804,4.0020
constant_slow,both,G0,r8_topic_rank_150_200,10.6843,10.2588,11.0941
constant_slow,both,G0,r9_kept_up_6_50,-0.0145,-0.0220,-0.0072
constant_slow,both,G0,r9_kept_up_101_200,0.0016,-0.0004,0.0036
constant_slow,both,G0,r10_shown,4.0850,3.8140,4.3600
constant_slow,both,G0,r2_ece,0.0063,0.0040,0.0091
constant_slow,both,G0,r4b_3,0.1388,0.1263,0.1515
constant_slow,both,G0,r4b_5,0.1701,0.1550,0.1855
constant_slow,both,G0,r4b_10,0.1832,0.1674,0.1987
constant_slow,both,G0,r4b_20,0.2000,0.1821,0.2185
constant_slow,both,G0,r4b_50,0.2613,0.2079,0.3266
constant_slow,both,G0,r8_move_p95_6_20,42.0000,42.0000,42.0000
constant_slow,both,G0,r8_move_p95_150_200,42.0000,42.0000,42.0000
constant_slow,both,G0,r9_kept_up_later_less_earlier,0.0162,0.0095,0.0230
constant_slow,both,G0,r10_taken_back_5,0.1789,0.1629,0.1942
constant_slow,both,G0,r10_taken_back_10,0.3581,0.3319,0.3850
constant_slow,both,G1,r1_rms_5,1.1039,1.0598,1.1446
constant_slow,both,G1,r1_mean_5,-0.0548,-0.1296,0.0194
constant_slow,both,G1,r1_rms_10,1.0595,1.0196,1.1010
constant_slow,both,G1,r1_mean_10,-0.0774,-0.1490,-0.0055
constant_slow,both,G1,r1_rms_20,0.9572,0.9217,0.9931
constant_slow,both,G1,r1_mean_20,-0.1013,-0.1644,-0.0370
constant_slow,both,G1,r1_rms_50,0.7365,0.7141,0.7614
constant_slow,both,G1,r1_mean_50,-0.1391,-0.1802,-0.0972
constant_slow,both,G1,r1_rms_100,0.5661,0.5533,0.5801
constant_slow,both,G1,r1_mean_100,-0.1192,-0.1434,-0.0937
constant_slow,both,G1,r1_rms_200,0.4907,0.4826,0.4995
constant_slow,both,G1,r1_mean_200,-0.0729,-0.0920,-0.0547
constant_slow,both,G1,r2_brier,0.1829,0.1803,0.1855
constant_slow,both,G1,r2_bias,0.0017,-0.0013,0.0048
constant_slow,both,G1,r3_inside,0.3553,0.3456,0.3645
constant_slow,both,G1,r3_below_0.5,0.1148,0.1035,0.1275
constant_slow,both,G1,r3_above_0.95,0.0431,0.0386,0.0476
constant_slow,both,G1,r4_false,0.0034,0.0020,0.0052
constant_slow,both,G1,r4_false_0.70,0.0015,0.0006,0.0027
constant_slow,both,G1,r4_below,0.3623,0.3379,0.3875
constant_slow,both,G1,r4_false_at_task,0.0025,0.0010,0.0045
constant_slow,both,G1,r4_declared,9.3150,8.8230,9.8260
constant_slow,both,G1,r5_late_answers,4.2170,4.1057,4.3365
constant_slow,both,G1,r5_never,0.0349,0.0302,0.0402
constant_slow,both,G1,r6_lag,-0.1053,-0.1210,-0.0900
constant_slow,both,G1,r7_error_5,0.9437,0.8925,0.9918
constant_slow,both,G1,r7_error_10,0.8868,0.8375,0.9345
constant_slow,both,G1,r7_longest_wrong,2.0710,1.9870,2.1560
constant_slow,both,G1,r7_hard_first,0.2297,0.2127,0.2482
constant_slow,both,G1,r4b_chance_below_0.5,0.2923,0.2703,0.3127
constant_slow,both,G1,r4b_chance_0.5_to_0.6,0.1827,0.1745,0.1913
constant_slow,both,G1,r4b_chance_0.6_to_0.7,0.1753,0.1699,0.1805
constant_slow,both,G1,r4b_chance_0.7_to_0.8,0.1717,0.1620,0.1825
constant_slow,both,G1,r4b_chance_0.8_up,0.1780,0.1624,0.1941
constant_slow,both,G1,r3_reachable,0.8068,0.7842,0.8287
constant_slow,both,G1,r8_rank_6_20,3.0067,2.6333,3.3933
constant_slow,both,G1,r8_topic_rank_6_20,10.0133,9.2800,10.8133
constant_slow,both,G1,r8_rank_150_200,3.2647,2.9137,3.6118
constant_slow,both,G1,r8_topic_rank_150_200,8.6020,8.1176,9.0804
constant_slow,both,G1,r9_kept_up_6_50,-0.0154,-0.0231,-0.0077
constant_slow,both,G1,r9_kept_up_101_200,0.0042,0.0021,0.0064
constant_slow,both,G1,r10_shown,6.0090,5.6060,6.4370
constant_slow,both,G1,r2_ece,0.0082,0.0066,0.0116
constant_slow,both,G1,r4b_3,0.0851,0.0739,0.0976
constant_slow,both,G1,r4b_5,0.0986,0.0859,0.1125
constant_slow,both,G1,r4b_10,0.1004,0.0871,0.1140
constant_slow,both,G1,r4b_20,0.1021,0.0879,0.1161
constant_slow,both,G1,r4b_50,0.1242,0.0960,0.1688
constant_slow,both,G1,r8_move_p95_6_20,42.0000,42.0000,42.0000
constant_slow,both,G1,r8_move_p95_150_200,42.0000,42.0000,42.0000
constant_slow,both,G1,r9_kept_up_later_less_earlier,0.0196,0.0125,0.0271
constant_slow,both,G1,r10_taken_back_5,0.1576,0.1470,0.1688
constant_slow,both,G1,r10_taken_back_10,0.3782,0.3554,0.4024
constant_slow,both,G2,r1_rms_5,0.9612,0.9269,0.9964
constant_slow,both,G2,r1_mean_5,-0.1063,-0.1694,-0.0445
constant_slow,both,G2,r1_rms_10,0.9319,0.9014,0.9630
constant_slow,both,G2,r1_mean_10,-0.1787,-0.2381,-0.1192
constant_slow,both,G2,r1_rms_20,0.8751,0.8469,0.9046
constant_slow,both,G2,r1_mean_20,-0.2883,-0.3379,-0.2386
constant_slow,both,G2,r1_rms_50,0.8134,0.7897,0.8374
constant_slow,both,G2,r1_mean_50,-0.5107,-0.5459,-0.4745
constant_slow,both,G2,r1_rms_100,0.8530,0.8338,0.8731
constant_slow,both,G2,r1_mean_100,-0.6934,-0.7171,-0.6699
constant_slow,both,G2,r1_rms_200,0.8897,0.8745,0.9044
constant_slow,both,G2,r1_mean_200,-0.7712,-0.7881,-0.7538
constant_slow,both,G2,r2_brier,0.1388,0.1375,0.1403
constant_slow,both,G2,r2_bias,-0.0598,-0.0622,-0.0574
constant_slow,both,G2,r3_inside,0.3242,0.3181,0.3303
constant_slow,both,G2,r3_below_0.5,0.0168,0.0151,0.0185
constant_slow,both,G2,r3_above_0.95,0.0982,0.0919,0.1040
constant_slow,both,G2,r4_false,0.0067,0.0050,0.0084
constant_slow,both,G2,r4_false_0.70,0.0006,0.0002,0.0011
constant_slow,both,G2,r4_below,0.5466,0.5250,0.5689
constant_slow,both,G2,r4_false_at_task,0.0073,0.0050,0.0099
constant_slow,both,G2,r4_declared,12.7740,12.2970,13.2320
constant_slow,both,G2,r5_late_answers,6.0161,5.8691,6.1735
constant_slow,both,G2,r5_never,0.3132,0.2975,0.3292
constant_slow,both,G2,r6_lag,-0.7568,-0.7735,-0.7408
constant_slow,both,G2,r7_error_5,0.8038,0.7675,0.8442
constant_slow,both,G2,r7_error_10,0.7608,0.7242,0.7999
constant_slow,both,G2,r7_longest_wrong,1.7940,1.7360,1.8560
constant_slow,both,G2,r7_hard_first,0.1238,0.1130,0.1339
constant_slow,both,G2,r4b_chance_below_0.5,0.0571,0.0516,0.0632
constant_slow,both,G2,r4b_chance_0.5_to_0.6,0.0705,0.0660,0.0751
constant_slow,both,G2,r4b_chance_0.6_to_0.7,0.1419,0.1361,0.1481
constant_slow,both,G2,r4b_chance_0.7_to_0.8,0.2536,0.2471,0.2601
constant_slow,both,G2,r4b_chance_0.8_up,0.4769,0.4632,0.4897
constant_slow,both,G2,r3_reachable,0.9579,0.9536,0.9616
constant_slow,both,G2,r8_rank_6_20,3.1000,2.6533,3.5533
constant_slow,both,G2,r8_topic_rank_6_20,10.0933,9.2333,11.0200
constant_slow,both,G2,r8_rank_150_200,3.0451,2.7804,3.3137
constant_slow,both,G2,r8_topic_rank_150_200,10.2412,9.7765,10.7000
constant_slow,both,G2,r9_kept_up_6_50,0.0186,0.0121,0.0251
constant_slow,both,G2,r9_kept_up_101_200,0.0829,0.0810,0.0849
constant_slow,both,G2,r10_shown,5.9960,5.5640,6.3820
constant_slow,both,G2,r2_ece,0.0598,0.0573,0.0623
constant_slow,both,G2,r4b_3,0.1190,0.1072,0.1307
constant_slow,both,G2,r4b_5,0.1570,0.1417,0.1740
constant_slow,both,G2,r4b_10,0.2154,0.1928,0.2386
constant_slow,both,G2,r4b_20,0.2576,0.2272,0.2890
constant_slow,both,G2,r4b_50,0.2921,0.2399,0.3582
constant_slow,both,G2,r8_move_p95_6_20,42.0000,42.0000,42.0000
constant_slow,both,G2,r8_move_p95_150_200,41.0000,41.0000,41.0000
constant_slow,both,G2,r9_kept_up_later_less_earlier,0.0643,0.0586,0.0701
constant_slow,both,G2,r10_taken_back_5,0.0886,0.0797,0.0974
constant_slow,both,G2,r10_taken_back_10,0.1870,0.1685,0.2072
constant_slow,both,G3,r1_rms_5,1.0052,0.9708,1.0404
constant_slow,both,G3,r1_mean_5,0.0400,-0.0273,0.1056
constant_slow,both,G3,r1_rms_10,0.9576,0.9266,0.9882
constant_slow,both,G3,r1_mean_10,0.0090,-0.0495,0.0702
constant_slow,both,G3,r1_rms_20,0.8656,0.8387,0.8915
constant_slow,both,G3,r1_mean_20,-0.0173,-0.0700,0.0369
constant_slow,both,G3,r1_rms_50,0.6746,0.6579,0.6931
constant_slow,both,G3,r1_mean_50,-0.0921,-0.1269,-0.0578
constant_slow,both,G3,r1_rms_100,0.7407,0.7201,0.7615
constant_slow,both,G3,r1_mean_100,-0.4577,-0.4892,-0.4269
constant_slow,both,G3,r1_rms_200,0.5909,0.5787,0.6028
constant_slow,both,G3,r1_mean_200,-0.3542,-0.3727,-0.3360
constant_slow,both,G3,r2_brier,0.1591,0.1576,0.1607
constant_slow,both,G3,r2_bias,-0.0251,-0.0278,-0.0225
constant_slow,both,G3,r3_inside,0.3714,0.3666,0.3762
constant_slow,both,G3,r3_below_0.5,0.0322,0.0294,0.0351
constant_slow,both,G3,r3_above_0.95,0.0614,0.0577,0.0655
constant_slow,both,G3,r4_false,0.0250,0.0210,0.0293
constant_slow,both,G3,r4_false_0.70,0.0048,0.0033,0.0065
constant_slow,both,G3,r4_below,0.5622,0.5398,0.5856
constant_slow,both,G3,r4_false_at_task,0.0231,0.0176,0.0291
constant_slow,both,G3,r4_declared,10.1690,9.6820,10.6430
constant_slow,both,G3,r5_late_answers,5.4825,5.3037,5.6719
constant_slow,both,G3,r5_never,0.2941,0.2772,0.3112
constant_slow,both,G3,r6_lag,-0.5202,-0.5363,-0.5038
constant_slow,both,G3,r6_jump_answers,58.7550,56.6480,60.8640
constant_slow,both,G3,r6_jump_unsettled,0.3270,0.2980,0.3570
constant_slow,both,G3,r7_error_5,0.8573,0.8182,0.8975
constant_slow,both,G3,r7_error_10,0.8028,0.7640,0.8395
constant_slow,both,G3,r7_longest_wrong,1.8320,1.7730,1.8980
constant_slow,both,G3,r7_hard_first,0.1484,0.1366,0.1610
constant_slow,both,G3,r4b_chance_below_0.5,0.0843,0.0766,0.0924
constant_slow,both,G3,r4b_chance_0.5_to_0.6,0.1085,0.1036,0.1135
constant_slow,both,G3,r4b_chance_0.6_to_0.7,0.1835,0.1779,0.1892
constant_slow,both,G3,r4b_chance_0.7_to_0.8,0.2629,0.2570,0.2686
constant_slow,both,G3,r4b_chance_0.8_up,0.3608,0.3484,0.3744
constant_slow,both,G3,r3_reachable,0.9478,0.9418,0.9534
constant_slow,both,G3,r8_rank_6_20,2.5000,2.1200,2.8867
constant_slow,both,G3,r8_topic_rank_6_20,9.5133,8.7467,10.3800
constant_slow,both,G3,r8_rank_150_200,3.0804,2.7843,3.3706
constant_slow,both,G3,r8_topic_rank_150_200,10.6275,10.1922,11.0706
constant_slow,both,G3,r9_kept_up_6_50,-0.0218,-0.0290,-0.0146
constant_slow,both,G3,r9_kept_up_101_200,0.0508,0.0488,0.0528
constant_slow,both,G3,r10_shown,4.5490,4.2070,4.9260
constant_slow,both,G3,r2_ece,0.0251,0.0225,0.0276
constant_slow,both,G3,r4b_3,0.1319,0.1189,0.1447
constant_slow,both,G3,r4b_5,0.1665,0.1522,0.1817
constant_slow,both,G3,r4b_10,0.2002,0.1828,0.2176
constant_slow,both,G3,r4b_20,0.2261,0.2046,0.2503
constant_slow,both,G3,r4b_50,0.2474,0.2183,0.2804
constant_slow,both,G3,r8_move_p95_6_20,42.0000,42.0000,42.0000
constant_slow,both,G3,r8_move_p95_150_200,42.0000,42.0000,42.0000
constant_slow,both,G3,r9_kept_up_later_less_earlier,0.0726,0.0657,0.0793
constant_slow,both,G3,r10_taken_back_5,0.1266,0.1147,0.1391
constant_slow,both,G3,r10_taken_back_10,0.2536,0.2285,0.2782
constant_slow,both,G4,r1_rms_5,1.0187,0.9815,1.0563
constant_slow,both,G4,r1_mean_5,-0.2314,-0.2964,-0.1653
constant_slow,both,G4,r1_rms_10,0.9810,0.9473,1.0152
constant_slow,both,G4,r1_mean_10,-0.2685,-0.3310,-0.2064
constant_slow,both,G4,r1_rms_20,0.9062,0.8790,0.9344
constant_slow,both,G4,r1_mean_20,-0.3213,-0.3736,-0.2671
constant_slow,both,G4,r1_rms_50,0.7520,0.7311,0.7740
constant_slow,both,G4,r1_mean_50,-0.4196,-0.4528,-0.3842
constant_slow,both,G4,r1_rms_100,0.6928,0.6777,0.7091
constant_slow,both,G4,r1_mean_100,-0.4879,-0.5083,-0.4672
constant_slow,both,G4,r1_rms_200,0.6721,0.6599,0.6844
constant_slow,both,G4,r1_mean_200,-0.5039,-0.5210,-0.4865
constant_slow,both,G4,r2_brier,0.1813,0.1797,0.1830
constant_slow,both,G4,r2_bias,0.0133,0.0107,0.0160
constant_slow,both,G4,r3_inside,0.3907,0.3866,0.3946
constant_slow,both,G4,r3_below_0.5,0.0576,0.0533,0.0617
constant_slow,both,G4,r3_above_0.95,0.0354,0.0327,0.0384
constant_slow,both,G4,r4_false,0.0100,0.0074,0.0130
constant_slow,both,G4,r4_false_0.70,0.0031,0.0017,0.0045
constant_slow,both,G4,r4_below,0.5614,0.5398,0.5833
constant_slow,both,G4,r4_false_at_task,0.0093,0.0049,0.0145
constant_slow,both,G4,r4_declared,7.8270,7.4350,8.2040
constant_slow,both,G4,r5_late_answers,4.6453,4.4440,4.8491
constant_slow,both,G4,r5_never,0.2966,0.2778,0.3161
constant_slow,both,G4,r6_lag,-0.4949,-0.5093,-0.4809
constant_slow,both,G4,r7_error_5,0.8817,0.8416,0.9242
constant_slow,both,G4,r7_error_10,0.8279,0.7865,0.8675
constant_slow,both,G4,r7_longest_wrong,1.9590,1.8950,2.0230
constant_slow,both,G4,r7_hard_first,0.1891,0.1770,0.2026
constant_slow,both,G4,r4b_chance_below_0.5,0.1254,0.1154,0.1366
constant_slow,both,G4,r4b_chance_0.5_to_0.6,0.1394,0.1338,0.1446
constant_slow,both,G4,r4b_chance_0.6_to_0.7,0.2041,0.1993,0.2089
constant_slow,both,G4,r4b_chance_0.7_to_0.8,0.2480,0.2421,0.2538
constant_slow,both,G4,r4b_chance_0.8_up,0.2831,0.2705,0.2953
constant_slow,both,G4,r3_reachable,0.9483,0.9404,0.9554
constant_slow,both,G4,r8_rank_6_20,2.9667,2.5867,3.3800
constant_slow,both,G4,r8_topic_rank_6_20,10.4933,9.7400,11.2867
constant_slow,both,G4,r8_rank_150_200,3.3902,3.0510,3.7353
constant_slow,both,G4,r8_topic_rank_150_200,10.3078,9.8882,10.7255
constant_slow,both,G4,r9_kept_up_6_50,-0.0363,-0.0439,-0.0292
constant_slow,both,G4,r9_kept_up_101_200,-0.0012,-0.0033,0.0007
constant_slow,both,G4,r10_shown,3.4300,3.1950,3.6670
constant_slow,both,G4,r2_ece,0.0160,0.0134,0.0186
constant_slow,both,G4,r4b_3,0.1044,0.0929,0.1164
constant_slow,both,G4,r4b_5,0.1219,0.1081,0.1355
constant_slow,both,G4,r4b_10,0.1296,0.1153,0.1444
constant_slow,both,G4,r4b_20,0.1348,0.1200,0.1500
constant_slow,both,G4,r4b_50,0.1348,0.1204,0.1495
constant_slow,both,G4,r8_move_p95_6_20,42.0000,42.0000,42.0000
constant_slow,both,G4,r8_move_p95_150_200,42.0000,42.0000,42.0000
constant_slow,both,G4,r9_kept_up_later_less_earlier,0.0351,0.0283,0.0420
constant_slow,both,G4,r10_taken_back_5,0.1741,0.1583,0.1899
constant_slow,both,G4,r10_taken_back_10,0.3426,0.3167,0.3719
constant_slow,both,G5,r1_rms_5,0.9406,0.8994,0.9845
constant_slow,both,G5,r1_mean_5,0.0549,-0.0169,0.1276
constant_slow,both,G5,r1_rms_10,0.9009,0.8612,0.9394
constant_slow,both,G5,r1_mean_10,0.0362,-0.0269,0.1053
constant_slow,both,G5,r1_rms_20,0.9312,0.9000,0.9629
constant_slow,both,G5,r1_mean_20,0.0171,-0.0380,0.0697
constant_slow,both,G5,r1_rms_50,0.7583,0.7365,0.7806
constant_slow,both,G5,r1_mean_50,-0.0447,-0.0819,-0.0081
constant_slow,both,G5,r1_rms_100,0.6289,0.6152,0.6438
constant_slow,both,G5,r1_mean_100,-0.1101,-0.1333,-0.0863
constant_slow,both,G5,r1_rms_200,0.5743,0.5630,0.5862
constant_slow,both,G5,r1_mean_200,-0.1075,-0.1270,-0.0880
constant_slow,both,G5,r2_brier,0.1805,0.1788,0.1823
constant_slow,both,G5,r2_bias,0.0113,0.0085,0.0141
constant_slow,both,G5,r3_inside,0.4018,0.3957,0.4080
constant_slow,both,G5,r3_below_0.5,0.0579,0.0528,0.0632
constant_slow,both,G5,r3_above_0.95,0.0347,0.0314,0.0380
constant_slow,both,G5,r4_false,0.0394,0.0328,0.0469
constant_slow,both,G5,r4_false_0.70,0.0092,0.0065,0.0123
constant_slow,both,G5,r4_below,0.5519,0.5302,0.5755
constant_slow,both,G5,r4_false_at_task,0.0324,0.0224,0.0429
constant_slow,both,G5,r4_declared,8.3940,8.0070,8.8010
constant_slow,both,G5,r5_late_answers,4.4126,4.2158,4.6068
constant_slow,both,G5,r5_never,0.2326,0.2162,0.2497
constant_slow,both,G5,r6_lag,-0.1034,-0.1183,-0.0881
constant_slow,both,G5,r7_error_5,1.0265,0.9797,1.0740
constant_slow,both,G5,r7_error_10,0.9846,0.9400,1.0321
constant_slow,both,G5,r7_longest_wrong,2.0210,1.9540,2.0920
constant_slow,both,G5,r7_hard_first,0.1491,0.1363,0.1622
constant_slow,both,G5,r4b_chance_below_0.5,0.1306,0.1181,0.1437
constant_slow,both,G5,r4b_chance_0.5_to_0.6,0.1475,0.1401,0.1551
constant_slow,both,G5,r4b_chance_0.6_to_0.7,0.2218,0.2151,0.2288
constant_slow,both,G5,r4b_chance_0.7_to_0.8,0.2552,0.2461,0.2642
constant_slow,both,G5,r4b_chance_0.8_up,0.2448,0.2315,0.2592
constant_slow,both,G5,r3_reachable,0.9045,0.8924,0.9158
constant_slow,both,G5,r8_rank_6_20,2.9200,2.5000,3.3400
constant_slow,both,G5,r8_topic_rank_6_20,10.2333,9.4867,11.0267
constant_slow,both,G5,r8_rank_150_200,3.7294,3.3804,4.0922
constant_slow,both,G5,r8_topic_rank_150_200,10.1451,9.7275,10.5824
constant_slow,both,G5,r9_kept_up_6_50,-0.0337,-0.0417,-0.0258
constant_slow,both,G5,r9_kept_up_101_200,0.0002,-0.0018,0.0022
constant_slow,both,G5,r10_shown,3.7510,3.5070,4.0350
constant_slow,both,G5,r2_ece,0.0143,0.0115,0.0173
constant_slow,both,G5,r4b_3,0.1447,0.1305,0.1588
constant_slow,both,G5,r4b_5,0.1730,0.1571,0.1893
constant_slow,both,G5,r4b_10,0.1837,0.1669,0.2006
constant_slow,both,G5,r4b_20,0.2043,0.1857,0.2253
constant_slow,both,G5,r4b_50,0.3001,0.2209,0.4112
constant_slow,both,G5,r8_move_p95_6_20,42.0000,42.0000,42.0000
constant_slow,both,G5,r8_move_p95_150_200,42.0000,42.0000,42.0000
constant_slow,both,G5,r9_kept_up_later_less_earlier,0.0339,0.0261,0.0415
constant_slow,both,G5,r10_taken_back_5,0.1812,0.1650,0.1985
constant_slow,both,G5,r10_taken_back_10,0.3686,0.3373,0.3995
constant_slow,both,G6,r1_rms_5,1.0532,1.0117,1.0964
constant_slow,both,G6,r1_mean_5,-0.0431,-0.1128,0.0267
constant_slow,both,G6,r1_rms_10,1.0162,0.9790,1.0577
constant_slow,both,G6,r1_mean_10,-0.0678,-0.1371,-0.0020
constant_slow,both,G6,r1_rms_20,0.9406,0.9067,0.9787
constant_slow,both,G6,r1_mean_20,-0.0984,-0.1593,-0.0388
constant_slow,both,G6,r1_rms_50,0.8016,0.7739,0.8317
constant_slow,both,G6,r1_mean_50,-0.1554,-0.2062,-0.1065
constant_slow,both,G6,r1_rms_100,0.7389,0.7130,0.7669
constant_slow,both,G6,r1_mean_100,-0.2024,-0.2448,-0.1595
constant_slow,both,G6,r1_rms_200,0.7537,0.7291,0.7773
constant_slow,both,G6,r1_mean_200,-0.2562,-0.3020,-0.2137
constant_slow,both,G6,r2_brier,0.1797,0.1780,0.1814
constant_slow,both,G6,r2_bias,0.0106,0.0080,0.0133
constant_slow,both,G6,r3_inside,0.4270,0.4126,0.4411
constant_slow,both,G6,r3_below_0.5,0.0645,0.0598,0.0698
constant_slow,both,G6,r3_above_0.95,0.0913,0.0850,0.0980
constant_slow,both,G6,r4_false,0.0787,0.0663,0.0920
constant_slow,both,G6,r4_false_0.70,0.0180,0.0128,0.0238
constant_slow,both,G6,r4_below,0.5357,0.5132,0.5585
constant_slow,both,G6,r4_false_at_task,0.0756,0.0578,0.0938
constant_slow,both,G6,r4_declared,8.1710,7.7580,8.6170
constant_slow,both,G6,r5_late_answers,4.6381,4.4367,4.8333
constant_slow,both,G6,r5_never,0.1773,0.1590,0.1948
constant_slow,both,G6,r6_lag,-0.2347,-0.2753,-0.1941
constant_slow,both,G6,r7_error_5,0.9205,0.8770,0.9666
constant_slow,both,G6,r7_error_10,0.8730,0.8267,0.9165
constant_slow,both,G6,r7_longest_wrong,1.9100,1.8430,1.9820
constant_slow,both,G6,r7_hard_first,0.1447,0.1331,0.1570
constant_slow,both,G6,r4b_chance_below_0.5,0.1141,0.1024,0.1266
constant_slow,both,G6,r4b_chance_0.5_to_0.6,0.1131,0.1043,0.1223
constant_slow,both,G6,r4b_chance_0.6_to_0.7,0.2363,0.2242,0.2477
constant_slow,both,G6,r4b_chance_0.7_to_0.8,0.3086,0.2944,0.3233
constant_slow,both,G6,r4b_chance_0.8_up,0.2279,0.2138,0.2421
constant_slow,both,G6,r3_reachable,0.7835,0.7678,0.7995
constant_slow,both,G6,r8_rank_6_20,2.9267,2.5200,3.3600
constant_slow,both,G6,r8_topic_rank_6_20,10.4600,9.6133,11.3000
constant_slow,both,G6,r8_rank_150_200,3.2706,2.9333,3.6078
constant_slow,both,G6,r8_topic_rank_150_200,10.5333,10.1235,10.9373
constant_slow,both,G6,r9_kept_up_6_50,-0.0220,-0.0291,-0.0151
constant_slow,both,G6,r9_kept_up_101_200,-0.0046,-0.0067,-0.0025
constant_slow,both,G6,r10_shown,3.7710,3.4980,4.0390
constant_slow,both,G6,r2_ece,0.0141,0.0114,0.0169
constant_slow,both,G6,r4b_3,0.1624,0.1469,0.1780
constant_slow,both,G6,r4b_5,0.1910,0.1727,0.2085
constant_slow,both,G6,r4b_10,0.2024,0.1844,0.2204
constant_slow,both,G6,r4b_20,0.2143,0.1952,0.2345
constant_slow,both,G6,r4b_50,0.2406,0.2048,0.2905
constant_slow,both,G6,r8_move_p95_6_20,42.0000,42.0000,42.0000
constant_slow,both,G6,r8_move_p95_150_200,42.0000,42.0000,42.0000
constant_slow,both,G6,r9_kept_up_later_less_earlier,0.0175,0.0110,0.0243
constant_slow,both,G6,r10_taken_back_5,0.1880,0.1713,0.2051
constant_slow,both,G6,r10_taken_back_10,0.3772,0.3469,0.4080
constant_slow,both,G7,r1_rms_5,1.0109,0.9735,1.0473
constant_slow,both,G7,r1_mean_5,-0.0813,-0.1507,-0.0135
constant_slow,both,G7,r1_rms_10,0.9785,0.9448,1.0128
constant_slow,both,G7,r1_mean_10,-0.1103,-0.1743,-0.0483
constant_slow,both,G7,r1_rms_20,0.8946,0.8665,0.9250
constant_slow,both,G7,r1_mean_20,-0.1327,-0.1864,-0.0777
constant_slow,both,G7,r1_rms_50,0.7309,0.7105,0.7525
constant_slow,both,G7,r1_mean_50,-0.1643,-0.2026,-0.1263
constant_slow,both,G7,r1_rms_100,0.6082,0.5949,0.6208
constant_slow,both,G7,r1_mean_100,-0.1623,-0.1890,-0.1340
constant_slow,both,G7,r1_rms_200,0.5457,0.5347,0.5568
constant_slow,both,G7,r1_mean_200,-0.1552,-0.1790,-0.1320
constant_slow,both,G7,r2_brier,0.1752,0.1737,0.1768
constant_slow,both,G7,r2_bias,0.0045,0.0020,0.0071
constant_slow,both,G7,r3_inside,0.4281,0.4229,0.4328
constant_slow,both,G7,r3_below_0.5,0.0399,0.0361,0.0440
constant_slow,both,G7,r3_above_0.95,0.0297,0.0268,0.0327
constant_slow,both,G7,r4_false,0.0402,0.0344,0.0464
constant_slow,both,G7,r4_false_0.70,0.0079,0.0057,0.0102
constant_slow,both,G7,r4_below,0.5465,0.5262,0.5666
constant_slow,both,G7,r4_false_at_task,0.0324,0.0244,0.0409
constant_slow,both,G7,r4_declared,8.3830,7.9870,8.7800
constant_slow,both,G7,r5_late_answers,4.5285,4.3616,4.7031
constant_slow,both,G7,r5_never,0.1605,0.1456,0.1752
constant_slow,both,G7,r6_lag,-0.1594,-0.1816,-0.1373
constant_slow,both,G7,r7_error_5,0.8694,0.8264,0.9150
constant_slow,both,G7,r7_error_10,0.8230,0.7851,0.8659
constant_slow,both,G7,r7_longest_wrong,1.8650,1.8060,1.9280
constant_slow,both,G7,r7_hard_first,0.1422,0.1311,0.1544
constant_slow,both,G7,r4b_chance_below_0.5,0.0894,0.0795,0.1005
constant_slow,both,G7,r4b_chance_0.5_to_0.6,0.1207,0.1155,0.1261
constant_slow,both,G7,r4b_chance_0.6_to_0.7,0.2103,0.2048,0.2163
constant_slow,both,G7,r4b_chance_0.7_to_0.8,0.2808,0.2739,0.2872
constant_slow,both,G7,r4b_chance_0.8_up,0.2988,0.2858,0.3107
constant_slow,both,G7,r3_reachable,0.9305,0.9223,0.9384
constant_slow,both,G7,r8_rank_6_20,2.7000,2.3267,3.1133
constant_slow,both,G7,r8_topic_rank_6_20,9.9267,9.1400,10.7067
constant_slow,both,G7,r8_rank_150_200,3.3608,3.0039,3.7039
constant_slow,both,G7,r8_topic_rank_150_200,10.4490,10.0608,10.8451
constant_slow,both,G7,r9_kept_up_6_50,-0.0156,-0.0231,-0.0087
constant_slow,both,G7,r9_kept_up_101_200,0.0007,-0.0013,0.0026
constant_slow,both,G7,r10_shown,3.8420,3.5740,4.0820
constant_slow,both,G7,r2_ece,0.0067,0.0041,0.0092
constant_slow,both,G7,r4b_3,0.1411,0.1276,0.1541
constant_slow,both,G7,r4b_5,0.1689,0.1543,0.1849
constant_slow,both,G7,r4b_10,0.1818,0.1660,0.1982
constant_slow,both,G7,r4b_20,0.1993,0.1810,0.2193
constant_slow,both,G7,r4b_50,0.2238,0.1915,0.2651
constant_slow,both,G7,r8_move_p95_6_20,42.0000,42.0000,42.0000
constant_slow,both,G7,r8_move_p95_150_200,42.0000,42.0000,42.0000
constant_slow,both,G7,r9_kept_up_later_less_earlier,0.0163,0.0095,0.0227
constant_slow,both,G7,r10_taken_back_5,0.1664,0.1507,0.1824
constant_slow,both,G7,r10_taken_back_10,0.3480,0.3207,0.3767
constant_slow,both,G8,r1_rms_5,1.0037,0.9696,1.0395
constant_slow,both,G8,r1_mean_5,-0.0258,-0.0912,0.0384
constant_slow,both,G8,r1_rms_10,0.9586,0.9251,0.9933
constant_slow,both,G8,r1_mean_10,-0.0466,-0.1074,0.0144
constant_slow,both,G8,r1_rms_20,0.8761,0.8479,0.9044
constant_slow,both,G8,r1_mean_20,-0.0754,-0.1263,-0.0234
constant_slow,both,G8,r1_rms_50,0.6801,0.6619,0.6986
constant_slow,both,G8,r1_mean_50,-0.1209,-0.1566,-0.0861
constant_slow,both,G8,r1_rms_100,0.5505,0.5399,0.5619
constant_slow,both,G8,r1_mean_100,-0.1305,-0.1528,-0.1096
constant_slow,both,G8,r1_rms_200,0.4860,0.4783,0.4941
constant_slow,both,G8,r1_mean_200,-0.0918,-0.1090,-0.0741
constant_slow,both,G8,r2_brier,0.1749,0.1734,0.1766
constant_slow,both,G8,r2_bias,0.0039,0.0013,0.0066
constant_slow,both,G8,r3_inside,0.4273,0.4222,0.4324
constant_slow,both,G8,r3_below_0.5,0.0379,0.0346,0.0413
constant_slow,both,G8,r3_above_0.95,0.0315,0.0282,0.0348
constant_slow,both,G8,r4_false,0.0340,0.0286,0.0399
constant_slow,both,G8,r4_false_0.70,0.0074,0.0052,0.0098
constant_slow,both,G8,r4_below,0.5290,0.5085,0.5501
constant_slow,both,G8,r4_false_at_task,0.0275,0.0210,0.0345
constant_slow,both,G8,r4_declared,8.3420,7.9200,8.7310
constant_slow,both,G8,r5_late_answers,4.9218,4.7463,5.0929
constant_slow,both,G8,r5_never,0.1926,0.1764,0.2084
constant_slow,both,G8,r6_lag,-0.1127,-0.1270,-0.0986
constant_slow,both,G8,r7_error_5,0.8571,0.8159,0.8979
constant_slow,both,G8,r7_error_10,0.8035,0.7648,0.8419
constant_slow,both,G8,r7_longest_wrong,1.8120,1.7560,1.8730
constant_slow,both,G8,r7_hard_first,0.1403,0.1293,0.1525
constant_slow,both,G8,r4b_chance_below_0.5,0.0827,0.0746,0.0913
constant_slow,both,G8,r4b_chance_0.5_to_0.6,0.1268,0.1208,0.1334
constant_slow,both,G8,r4b_chance_0.6_to_0.7,0.2164,0.2104,0.2222
constant_slow,both,G8,r4b_chance_0.7_to_0.8,0.2839,0.2770,0.2901
constant_slow,both,G8,r4b_chance_0.8_up,0.2902,0.2782,0.3028
constant_slow,both,G8,r3_reachable,0.9346,0.9266,0.9424
constant_slow,both,G8,r8_rank_6_20,2.2200,1.8600,2.6067
constant_slow,both,G8,r8_topic_rank_6_20,9.3000,8.5933,10.0800
constant_slow,both,G8,r8_rank_150_200,3.8118,3.4412,4.1706
constant_slow,both,G8,r8_topic_rank_150_200,10.8510,10.4529,11.2765
constant_slow,both,G8,r9_kept_up_6_50,-0.0181,-0.0257,-0.0108
constant_slow,both,G8,r9_kept_up_101_200,0.0027,0.0003,0.0053
constant_slow,both,G8,r10_shown,3.9380,3.6700,4.2300
constant_slow,both,G8,r2_ece,0.0059,0.0039,0.0085
constant_slow,both,G8,r4b_3,0.1243,0.1121,0.1366
constant_slow,both,G8,r4b_5,0.1548,0.1400,0.1683
constant_slow,both,G8,r4b_10,0.1742,0.1598,0.1895
constant_slow,both,G8,r4b_20,0.1868,0.1699,0.2031
constant_slow,both,G8,r4b_50,0.2048,0.1760,0.2440
constant_slow,both,G8,r8_move_p95_6_20,42.0000,42.0000,42.0000
constant_slow,both,G8,r8_move_p95_150_200,42.0000,42.0000,42.0000
constant_slow,both,G8,r9_kept_up_later_less_earlier,0.0208,0.0133,0.0280
constant_slow,both,G8,r10_taken_back_5,0.1732,0.1584,0.1886
constant_slow,both,G8,r10_taken_back_10,0.3703,0.3428,0.3977
constant_slow,both,G0-exact,r1_rms_5,0.9667,0.9326,1.0016
constant_slow,both,G0-exact,r1_mean_5,-0.0739,-0.1330,-0.0113
constant_slow,both,G0-exact,r1_rms_10,0.9194,0.8890,0.9516
constant_slow,both,G0-exact,r1_mean_10,-0.0846,-0.1409,-0.0268
constant_slow,both,G0-exact,r1_rms_20,0.8376,0.8122,0.8658
constant_slow,both,G0-exact,r1_mean_20,-0.0926,-0.1426,-0.0420
constant_slow,both,G0-exact,r1_rms_50,0.6547,0.6380,0.6717
constant_slow,both,G0-exact,r1_mean_50,-0.0949,-0.1293,-0.0613
constant_slow,both,G0-exact,r1_rms_100,0.5257,0.5157,0.5354
constant_slow,both,G0-exact,r1_mean_100,-0.0821,-0.1028,-0.0626
constant_slow,both,G0-exact,r1_rms_200,0.4726,0.4650,0.4804
constant_slow,both,G0-exact,r1_mean_200,-0.0564,-0.0727,-0.0398
constant_slow,both,G0-exact,r2_brier,0.1728,0.1713,0.1744
constant_slow,both,G0-exact,r2_bias,0.0008,-0.0019,0.0034
constant_slow,both,G0-exact,r3_inside,0.5420,0.5338,0.5502
constant_slow,both,G0-exact,r3_below_0.5,0.0178,0.0154,0.0206
constant_slow,both,G0-exact,r3_above_0.95,0.0133,0.0111,0.0157
constant_slow,both,G0-exact,r4_false,0.0459,0.0394,0.0528
constant_slow,both,G0-exact,r4_false_0.70,0.0104,0.0079,0.0130
constant_slow,both,G0-exact,r4_below,0.5253,0.5021,0.5477
constant_slow,both,G0-exact,r4_false_at_task,0.0374,0.0290,0.0465
constant_slow,both,G0-exact,r4_declared,8.7850,8.3460,9.1960
constant_slow,both,G0-exact,r5_late_answers,4.6279,4.4602,4.7948
constant_slow,both,G0-exact,r5_never,0.1743,0.1585,0.1904
constant_slow,both,G0-exact,r6_lag,-0.0665,-0.0798,-0.0520
constant_slow,both,G0-exact,r7_error_5,0.8078,0.7664,0.8479
constant_slow,both,G0-exact,r7_error_10,0.7535,0.7174,0.7920
constant_slow,both,G0-exact,r7_longest_wrong,1.7810,1.7210,1.8400
constant_slow,both,G0-exact,r7_hard_first,0.1071,0.0959,0.1187
constant_slow,both,G0-exact,r4b_chance_below_0.5,0.0452,0.0388,0.0523
constant_slow,both,G0-exact,r4b_chance_0.5_to_0.6,0.0961,0.0878,0.1047
constant_slow,both,G0-exact,r4b_chance_0.6_to_0.7,0.2615,0.2494,0.2734
constant_slow,both,G0-exact,r4b_chance_0.7_to_0.8,0.3836,0.3694,0.3986
constant_slow,both,G0-exact,r4b_chance_0.8_up,0.2137,0.1988,0.2283
constant_slow,both,G0-exact,r3_reachable,0.9361,0.9286,0.9427
constant_slow,both,G0-exact,r8_rank_6_20,3.0867,2.6667,3.5467
constant_slow,both,G0-exact,r8_topic_rank_6_20,10.4933,9.6667,11.3467
constant_slow,both,G0-exact,r8_rank_150_200,3.5882,3.2529,3.9392
constant_slow,both,G0-exact,r8_topic_rank_150_200,10.6765,10.2608,11.1059
constant_slow,both,G0-exact,r9_kept_up_6_50,-0.0054,-0.0123,0.0014
constant_slow,both,G0-exact,r9_kept_up_101_200,0.0023,0.0003,0.0043
constant_slow,both,G0-exact,r10_shown,4.1480,3.8780,4.4240
constant_slow,both,G0-exact,r2_ece,0.0029,0.0013,0.0053
constant_slow,both,G0-exact,r4b_3,0.1393,0.1264,0.1525
constant_slow,both,G0-exact,r4b_5,0.1686,0.1539,0.1840
constant_slow,both,G0-exact,r4b_10,0.1836,0.1679,0.1998
constant_slow,both,G0-exact,r4b_20,0.2036,0.1864,0.2229
constant_slow,both,G0-exact,r4b_50,0.2960,0.2181,0.4342
constant_slow,both,G0-exact,r8_move_p95_6_20,42.0000,42.0000,42.0000
constant_slow,both,G0-exact,r8_move_p95_150_200,42.0000,42.0000,42.0000
constant_slow,both,G0-exact,r9_kept_up_later_less_earlier,0.0076,0.0011,0.0147
constant_slow,both,G0-exact,r10_taken_back_5,0.1774,0.1623,0.1930
constant_slow,both,G0-exact,r10_taken_back_10,0.3430,0.3181,0.3685
constant_slow,both,G0-miss0.25,r1_rms_5,1.0025,0.9673,1.0377
constant_slow,both,G0-miss0.25,r1_mean_5,0.0650,-0.0010,0.1295
constant_slow,both,G0-miss0.25,r1_rms_10,0.9550,0.9242,0.9859
constant_slow,both,G0-miss0.25,r1_mean_10,0.0347,-0.0239,0.0946
constant_slow,both,G0-miss0.25,r1_rms_20,0.8560,0.8306,0.8826
constant_slow,both,G0-miss0.25,r1_mean_20,0.0060,-0.0471,0.0576
constant_slow,both,G0-miss0.25,r1_rms_50,0.6574,0.6414,0.6748
constant_slow,both,G0-miss0.25,r1_mean_50,-0.0449,-0.0793,-0.0117
constant_slow,both,G0-miss0.25,r1_rms_100,0.5188,0.5096,0.5280
constant_slow,both,G0-miss0.25,r1_mean_100,-0.0567,-0.0764,-0.0357
constant_slow,both,G0-miss0.25,r1_rms_200,0.4717,0.4638,0.4794
constant_slow,both,G0-miss0.25,r1_mean_200,-0.0408,-0.0567,-0.0240
constant_slow,both,G0-miss0.25,r2_brier,0.1759,0.1743,0.1774
constant_slow,both,G0-miss0.25,r2_bias,0.0058,0.0031,0.0085
constant_slow,both,G0-miss0.25,r3_inside,0.5081,0.5011,0.5145
constant_slow,both,G0-miss0.25,r3_below_0.5,0.0273,0.0240,0.0307
constant_slow,both,G0-miss0.25,r3_above_0.95,0.0134,0.0114,0.0156
constant_slow,both,G0-miss0.25,r4_false,0.0504,0.0435,0.0580
constant_slow,both,G0-miss0.25,r4_false_0.70,0.0108,0.0079,0.0142
constant_slow,both,G0-miss0.25,r4_below,0.5228,0.5021,0.5438
constant_slow,both,G0-miss0.25,r4_false_at_task,0.0437,0.0338,0.0548
constant_slow,both,G0-miss0.25,r4_declared,8.4350,8.0410,8.8360
constant_slow,both,G0-miss0.25,r5_late_answers,4.5654,4.3644,4.7726
constant_slow,both,G0-miss0.25,r5_never,0.1690,0.1535,0.1851
constant_slow,both,G0-miss0.25,r6_lag,-0.0555,-0.0696,-0.0406
constant_slow,both,G0-miss0.25,r7_error_5,0.8623,0.8240,0.9022
constant_slow,both,G0-miss0.25,r7_error_10,0.8009,0.7633,0.8370
constant_slow,both,G0-miss0.25,r7_longest_wrong,1.9010,1.8380,1.9660
constant_slow,both,G0-miss0.25,r7_hard_first,0.1488,0.1362,0.1621
constant_slow,both,G0-miss0.25,r4b_chance_below_0.5,0.0629,0.0553,0.0712
constant_slow,both,G0-miss0.25,r4b_chance_0.5_to_0.6,0.1107,0.1040,0.1177
constant_slow,both,G0-miss0.25,r4b_chance_0.6_to_0.7,0.2490,0.2414,0.2571
constant_slow,both,G0-miss0.25,r4b_chance_0.7_to_0.8,0.3497,0.3396,0.3589
constant_slow,both,G0-miss0.25,r4b_chance_0.8_up,0.2277,0.2152,0.2412
constant_slow,both,G0-miss0.25,r3_reachable,0.9360,0.9286,0.9430
constant_slow,both,G0-miss0.25,r8_rank_6_20,2.6267,2.2667,3.0533
constant_slow,both,G0-miss0.25,r8_topic_rank_6_20,10.1800,9.4467,10.9733
constant_slow,both,G0-miss0.25,r8_rank_150_200,3.8157,3.4510,4.1686
constant_slow,both,G0-miss0.25,r8_topic_rank_150_200,10.5569,10.1412,10.9784
constant_slow,both,G0-miss0.25,r9_kept_up_6_50,-0.0211,-0.0285,-0.0137
constant_slow,both,G0-miss0.25,r9_kept_up_101_200,0.0014,-0.0005,0.0033
constant_slow,both,G0-miss0.25,r10_shown,4.0650,3.7900,4.3320
constant_slow,both,G0-miss0.25,r2_ece,0.0080,0.0053,0.0107
constant_slow,both,G0-miss0.25,r4b_3,0.1466,0.1339,0.1596
constant_slow,both,G0-miss0.25,r4b_5,0.1777,0.1619,0.1940
constant_slow,both,G0-miss0.25,r4b_10,0.1927,0.1766,0.2087
constant_slow,both,G0-miss0.25,r4b_20,0.2044,0.1873,0.2225
constant_slow,both,G0-miss0.25,r4b_50,0.2346,0.1974,0.2901
constant_slow,both,G0-miss0.25,r8_move_p95_6_20,42.0000,42.0000,42.0000
constant_slow,both,G0-miss0.25,r8_move_p95_150_200,42.0000,42.0000,42.0000
constant_slow,both,G0-miss0.25,r9_kept_up_later_less_earlier,0.0225,0.0153,0.0298
constant_slow,both,G0-miss0.25,r10_taken_back_5,0.1889,0.1749,0.2042
constant_slow,both,G0-miss0.25,r10_taken_back_10,0.3598,0.3330,0.3862
constant_slow,both,G0-miss1,r1_rms_5,1.0575,1.0166,1.0994
constant_slow,both,G0-miss1,r1_mean_5,-0.0953,-0.1669,-0.0224
constant_slow,both,G0-miss1,r1_rms_10,1.0018,0.9651,1.0380
constant_slow,both,G0-miss1,r1_mean_10,-0.1126,-0.1790,-0.0467
constant_slow,both,G0-miss1,r1_rms_20,0.9112,0.8808,0.9440
constant_slow,both,G0-miss1,r1_mean_20,-0.1364,-0.1982,-0.0772
constant_slow,both,G0-miss1,r1_rms_50,0.7331,0.7125,0.7542
constant_slow,both,G0-miss1,r1_mean_50,-0.1830,-0.2236,-0.1440
constant_slow,both,G0-miss1,r1_rms_100,0.5903,0.5778,0.6040
constant_slow,both,G0-miss1,r1_mean_100,-0.2095,-0.2333,-0.1847
constant_slow,both,G0-miss1,r1_rms_200,0.5242,0.5143,0.5337
constant_slow,both,G0-miss1,r1_mean_200,-0.2075,-0.2259,-0.1894
constant_slow,both,G0-miss1,r2_brier,0.1766,0.1748,0.1783
constant_slow,both,G0-miss1,r2_bias,0.0064,0.0035,0.0092
constant_slow,both,G0-miss1,r3_inside,0.2982,0.2954,0.3011
constant_slow,both,G0-miss1,r3_below_0.5,0.0910,0.0867,0.0951
constant_slow,both,G0-miss1,r3_above_0.95,0.1055,0.1009,0.1101
constant_slow,both,G0-miss1,r4_false,0.0397,0.0330,0.0467
constant_slow,both,G0-miss1,r4_false_0.70,0.0089,0.0063,0.0117
constant_slow,both,G0-miss1,r4_below,0.5408,0.5191,0.5628
constant_slow,both,G0-miss1,r4_false_at_task,0.0360,0.0276,0.0457
constant_slow,both,G0-miss1,r4_declared,8.5800,8.1780,8.9940
constant_slow,both,G0-miss1,r5_late_answers,4.6205,4.4311,4.8288
constant_slow,both,G0-miss1,r5_never,0.2102,0.1913,0.2289
constant_slow,both,G0-miss1,r6_lag,-0.2136,-0.2294,-0.1982
constant_slow,both,G0-miss1,r7_error_5,0.9087,0.8666,0.9529
constant_slow,both,G0-miss1,r7_error_10,0.8506,0.8092,0.8927
constant_slow,both,G0-miss1,r7_longest_wrong,1.8780,1.8200,1.9410
constant_slow,both,G0-miss1,r7_hard_first,0.1761,0.1650,0.1876
constant_slow,both,G0-miss1,r4b_chance_below_0.5,0.1560,0.1477,0.1650
constant_slow,both,G0-miss1,r4b_chance_0.5_to_0.6,0.1185,0.1149,0.1225
constant_slow,both,G0-miss1,r4b_chance_0.6_to_0.7,0.1511,0.1478,0.1545
constant_slow,both,G0-miss1,r4b_chance_0.7_to_0.8,0.1868,0.1829,0.1905
constant_slow,both,G0-miss1,r4b_chance_0.8_up,0.3876,0.3763,0.3990
constant_slow,both,G0-miss1,r3_reachable,0.9448,0.9374,0.9513
constant_slow,both,G0-miss1,r8_rank_6_20,2.2667,1.9067,2.6667
constant_slow,both,G0-miss1,r8_topic_rank_6_20,9.1200,8.3400,9.8867
constant_slow,both,G0-miss1,r8_rank_150_200,3.7588,3.4000,4.1294
constant_slow,both,G0-miss1,r8_topic_rank_150_200,10.6235,10.2000,11.0353
constant_slow,both,G0-miss1,r9_kept_up_6_50,-0.0181,-0.0252,-0.0111
constant_slow,both,G0-miss1,r9_kept_up_101_200,0.0003,-0.0019,0.0024
constant_slow,both,G0-miss1,r10_shown,3.9930,3.7320,4.2610
constant_slow,both,G0-miss1,r2_ece,0.0089,0.0061,0.0117
constant_slow,both,G0-miss1,r4b_3,0.1494,0.1358,0.1626
constant_slow,both,G0-miss1,r4b_5,0.1825,0.1668,0.1985
constant_slow,both,G0-miss1,r4b_10,0.1922,0.1764,0.2090
constant_slow,both,G0-miss1,r4b_20,0.2039,0.1848,0.2226
constant_slow,both,G0-miss1,r4b_50,0.2078,0.1880,0.2278
constant_slow,both,G0-miss1,r8_move_p95_6_20,42.0000,42.0000,42.0000
constant_slow,both,G0-miss1,r8_move_p95_150_200,42.0000,42.0000,42.0000
constant_slow,both,G0-miss1,r9_kept_up_later_less_earlier,0.0184,0.0121,0.0249
constant_slow,both,G0-miss1,r10_taken_back_5,0.1782,0.1627,0.1944
constant_slow,both,G0-miss1,r10_taken_back_10,0.3444,0.3190,0.3703
constant_slow,both,G2-half,r1_rms_5,1.0035,0.9685,1.0393
constant_slow,both,G2-half,r1_mean_5,-0.0551,-0.1216,0.0103
constant_slow,both,G2-half,r1_rms_10,0.9666,0.9348,0.9996
constant_slow,both,G2-half,r1_mean_10,-0.0935,-0.1571,-0.0310
constant_slow,both,G2-half,r1_rms_20,0.8793,0.8515,0.9078
constant_slow,both,G2-half,r1_mean_20,-0.1634,-0.2167,-0.1112
constant_slow,both,G2-half,r1_rms_50,0.7192,0.6981,0.7401
constant_slow,both,G2-half,r1_mean_50,-0.2975,-0.3332,-0.2621
constant_slow,both,G2-half,r1_rms_100,0.6469,0.6315,0.6631
constant_slow,both,G2-half,r1_mean_100,-0.3996,-0.4215,-0.3774
constant_slow,both,G2-half,r1_rms_200,0.6064,0.5947,0.6181
constant_slow,both,G2-half,r1_mean_200,-0.4024,-0.4195,-0.3859
constant_slow,both,G2-half,r2_brier,0.1570,0.1554,0.1585
constant_slow,both,G2-half,r2_bias,-0.0287,-0.0312,-0.0262
constant_slow,both,G2-half,r3_inside,0.3946,0.3891,0.3998
constant_slow,both,G2-half,r3_below_0.5,0.0255,0.0232,0.0280
constant_slow,both,G2-half,r3_above_0.95,0.0517,0.0476,0.0558
constant_slow,both,G2-half,r4_false,0.0214,0.0177,0.0252
constant_slow,both,G2-half,r4_false_0.70,0.0041,0.0028,0.0057
constant_slow,both,G2-half,r4_below,0.5734,0.5524,0.5945
constant_slow,both,G2-half,r4_false_at_task,0.0186,0.0133,0.0242
constant_slow,both,G2-half,r4_declared,10.6130,10.2020,11.0520
constant_slow,both,G2-half,r5_late_answers,5.7639,5.5742,5.9556
constant_slow,both,G2-half,r5_never,0.2913,0.2749,0.3071
constant_slow,both,G2-half,r6_lag,-0.4166,-0.4319,-0.3995
constant_slow,both,G2-half,r7_error_5,0.8583,0.8174,0.9011
constant_slow,both,G2-half,r7_error_10,0.8094,0.7716,0.8474
constant_slow,both,G2-half,r7_longest_wrong,1.7900,1.7340,1.8470
constant_slow,both,G2-half,r7_hard_first,0.1361,0.1245,0.1478
constant_slow,both,G2-half,r4b_chance_below_0.5,0.0684,0.0616,0.0748
constant_slow,both,G2-half,r4b_chance_0.5_to_0.6,0.0957,0.0908,0.1005
constant_slow,both,G2-half,r4b_chance_0.6_to_0.7,0.1835,0.1776,0.1896
constant_slow,both,G2-half,r4b_chance_0.7_to_0.8,0.2786,0.2731,0.2842
constant_slow,both,G2-half,r4b_chance_0.8_up,0.3738,0.3605,0.3872
constant_slow,both,G2-half,r3_reachable,0.9543,0.9496,0.9583
constant_slow,both,G2-half,r8_rank_6_20,2.7467,2.3533,3.1600
constant_slow,both,G2-half,r8_topic_rank_6_20,9.7333,8.9467,10.5133
constant_slow,both,G2-half,r8_rank_150_200,3.3157,3.0176,3.6431
constant_slow,both,G2-half,r8_topic_rank_150_200,10.3333,9.9118,10.7451
constant_slow,both,G2-half,r9_kept_up_6_50,0.0010,-0.0057,0.0081
constant_slow,both,G2-half,r9_kept_up_101_200,0.0446,0.0426,0.0466
constant_slow,both,G2-half,r10_shown,4.6200,4.3160,4.9410
constant_slow,both,G2-half,r2_ece,0.0287,0.0260,0.0312
constant_slow,both,G2-half,r4b_3,0.1448,0.1319,0.1577
constant_slow,both,G2-half,r4b_5,0.1800,0.1651,0.1950
constant_slow,both,G2-half,r4b_10,0.2194,0.2015,0.2388
constant_slow,both,G2-half,r4b_20,0.2762,0.2479,0.3055
constant_slow,both,G2-half,r4b_50,0.3211,0.2790,0.3704
constant_slow,both,G2-half,r8_move_p95_6_20,42.0000,42.0000,42.0000
constant_slow,both,G2-half,r8_move_p95_150_200,42.0000,41.0000,42.0000
constant_slow,both,G2-half,r9_kept_up_later_less_earlier,0.0437,0.0370,0.0508
constant_slow,both,G2-half,r10_taken_back_5,0.1369,0.1242,0.1498
constant_slow,both,G2-half,r10_taken_back_10,0.2566,0.2337,0.2789
constant_slow,both,G2-fading,r1_rms_5,1.0200,0.9797,1.0606
constant_slow,both,G2-fading,r1_mean_5,-0.0023,-0.0671,0.0660
constant_slow,both,G2-fading,r1_rms_10,0.9668,0.9334,1.0006
constant_slow,both,G2-fading,r1_mean_10,-0.0670,-0.1315,-0.0061
constant_slow,both,G2-fading,r1_rms_20,0.8872,0.8586,0.9189
constant_slow,both,G2-fading,r1_mean_20,-0.1684,-0.2197,-0.1134
constant_slow,both,G2-fading,r1_rms_50,0.7366,0.7142,0.7583
constant_slow,both,G2-fading,r1_mean_50,-0.3320,-0.3722,-0.2953
constant_slow,both,G2-fading,r1_rms_100,0.6309,0.6163,0.6456
constant_slow,both,G2-fading,r1_mean_100,-0.3649,-0.3863,-0.3417
constant_slow,both,G2-fading,r1_rms_200,0.5359,0.5263,0.5464
constant_slow,both,G2-fading,r1_mean_200,-0.2739,-0.2901,-0.2561
constant_slow,both,G2-fading,r2_brier,0.1609,0.1594,0.1626
constant_slow,both,G2-fading,r2_bias,-0.0208,-0.0235,-0.0180
constant_slow,both,G2-fading,r3_inside,0.4021,0.3967,0.4074
constant_slow,both,G2-fading,r3_below_0.5,0.0267,0.0242,0.0292
constant_slow,both,G2-fading,r3_above_0.95,0.0490,0.0448,0.0532
constant_slow,both,G2-fading,r4_false,0.0245,0.0203,0.0286
constant_slow,both,G2-fading,r4_false_0.70,0.0045,0.0030,0.0061
constant_slow,both,G2-fading,r4_below,0.5444,0.5225,0.5662
constant_slow,both,G2-fading,r4_false_at_task,0.0175,0.0130,0.0224
constant_slow,both,G2-fading,r4_declared,9.6430,9.2050,10.0680
constant_slow,both,G2-fading,r5_late_answers,5.1937,5.0112,5.3822
constant_slow,both,G2-fading,r5_never,0.2759,0.2594,0.2922
constant_slow,both,G2-fading,r6_lag,-0.3238,-0.3384,-0.3086
constant_slow,both,G2-fading,r7_error_5,0.8779,0.8361,0.9213
constant_slow,both,G2-fading,r7_error_10,0.8147,0.7760,0.8551
constant_slow,both,G2-fading,r7_longest_wrong,1.8790,1.8140,1.9430
constant_slow,both,G2-fading,r7_hard_first,0.1476,0.1352,0.1599
constant_slow,both,G2-fading,r4b_chance_below_0.5,0.0666,0.0606,0.0728
constant_slow,both,G2-fading,r4b_chance_0.5_to_0.6,0.1009,0.0960,0.1058
constant_slow,both,G2-fading,r4b_chance_0.6_to_0.7,0.1882,0.1818,0.1945
constant_slow,both,G2-fading,r4b_chance_0.7_to_0.8,0.2838,0.2782,0.2890
constant_slow,both,G2-fading,r4b_chance_0.8_up,0.3605,0.3469,0.3744
constant_slow,both,G2-fading,r3_reachable,0.9545,0.9501,0.9586
constant_slow,both,G2-fading,r8_rank_6_20,2.4000,2.0467,2.7733
constant_slow,both,G2-fading,r8_topic_rank_6_20,9.6133,8.8267,10.3467
constant_slow,both,G2-fading,r8_rank_150_200,3.4804,3.1235,3.8294
constant_slow,both,G2-fading,r8_topic_rank_150_200,10.6706,10.2647,11.1020
constant_slow,both,G2-fading,r9_kept_up_6_50,-0.0024,-0.0093,0.0049
constant_slow,both,G2-fading,r9_kept_up_101_200,0.0292,0.0269,0.0312
constant_slow,both,G2-fading,r10_shown,4.4410,4.1460,4.7430
constant_slow,both,G2-fading,r2_ece,0.0208,0.0179,0.0235
constant_slow,both,G2-fading,r4b_3,0.1428,0.1300,0.1557
constant_slow,both,G2-fading,r4b_5,0.1759,0.1609,0.1912
constant_slow,both,G2-fading,r4b_10,0.1943,0.1775,0.2118
constant_slow,both,G2-fading,r4b_20,0.2280,0.2068,0.2503
constant_slow,both,G2-fading,r4b_50,0.2853,0.2241,0.3681
constant_slow,both,G2-fading,r8_move_p95_6_20,42.0000,42.0000,42.0000
constant_slow,both,G2-fading,r8_move_p95_150_200,42.0000,42.0000,42.0000
constant_slow,both,G2-fading,r9_kept_up_later_less_earlier,0.0316,0.0251,0.0380
constant_slow,both,G2-fading,r10_taken_back_5,0.1426,0.1295,0.1563
constant_slow,both,G2-fading,r10_taken_back_10,0.2888,0.2637,0.3127
constant_slow,both,G3-drop,r1_rms_5,0.9710,0.9368,1.0068
constant_slow,both,G3-drop,r1_mean_5,0.0278,-0.0396,0.0902
constant_slow,both,G3-drop,r1_rms_10,0.9350,0.9045,0.9664
constant_slow,both,G3-drop,r1_mean_10,0.0051,-0.0545,0.0628
constant_slow,both,G3-drop,r1_rms_20,0.8456,0.8202,0.8707
constant_slow,both,G3-drop,r1_mean_20,-0.0163,-0.0677,0.0346
constant_slow,both,G3-drop,r1_rms_50,0.6635,0.6467,0.6804
constant_slow,both,G3-drop,r1_mean_50,-0.0563,-0.0903,-0.0216
constant_slow,both,G3-drop,r1_rms_100,0.6448,0.6294,0.6616
constant_slow,both,G3-drop,r1_mean_100,0.2396,0.2091,0.2707
constant_slow,both,G3-drop,r1_rms_200,0.4946,0.4859,0.5037
constant_slow,both,G3-drop,r1_mean_200,0.1170,0.0985,0.1364
constant_slow,both,G3-drop,r2_brier,0.1963,0.1947,0.1979
constant_slow,both,G3-drop,r2_bias,0.0400,0.0374,0.0427
constant_slow,both,G3-drop,r3_inside,0.3951,0.3903,0.4000
constant_slow,both,G3-drop,r3_below_0.5,0.0792,0.0738,0.0855
constant_slow,both,G3-drop,r3_above_0.95,0.0206,0.0183,0.0229
constant_slow,both,G3-drop,r4_false,0.0599,0.0528,0.0675
constant_slow,both,G3-drop,r4_false_0.70,0.0183,0.0147,0.0224
constant_slow,both,G3-drop,r4_below,0.4839,0.4646,0.5047
constant_slow,both,G3-drop,r4_false_at_task,0.0574,0.0475,0.0682
constant_slow,both,G3-drop,r4_declared,8.3020,7.9130,8.7120
constant_slow,both,G3-drop,r5_late_answers,3.5792,3.4639,3.7031
constant_slow,both,G3-drop,r5_never,0.2574,0.2369,0.2776
constant_slow,both,G3-drop,r6_lag,0.2361,0.2207,0.2508
constant_slow,both,G3-drop,r6_jump_answers,32.5870,30.9530,34.3330
constant_slow,both,G3-drop,r6_jump_unsettled,0.0710,0.0560,0.0870
constant_slow,both,G3-drop,r7_error_5,0.8329,0.7933,0.8737
constant_slow,both,G3-drop,r7_error_10,0.7769,0.7414,0.8135
constant_slow,both,G3-drop,r7_longest_wrong,1.8610,1.7970,1.9280
constant_slow,both,G3-drop,r7_hard_first,0.1493,0.1375,0.1613
constant_slow,both,G3-drop,r4b_chance_below_0.5,0.1686,0.1548,0.1843
constant_slow,both,G3-drop,r4b_chance_0.5_to_0.6,0.1710,0.1658,0.1761
constant_slow,both,G3-drop,r4b_chance_0.6_to_0.7,0.2276,0.2220,0.2333
constant_slow,both,G3-drop,r4b_chance_0.7_to_0.8,0.2353,0.2281,0.2423
constant_slow,both,G3-drop,r4b_chance_0.8_up,0.1975,0.1870,0.2084
constant_slow,both,G3-drop,r3_reachable,0.8784,0.8671,0.8907
constant_slow,both,G3-drop,r8_rank_6_20,3.0333,2.6333,3.4533
constant_slow,both,G3-drop,r8_topic_rank_6_20,10.5000,9.7067,11.3400
constant_slow,both,G3-drop,r8_rank_150_200,3.4255,3.1039,3.7686
constant_slow,both,G3-drop,r8_topic_rank_150_200,10.4392,10.0412,10.8686
constant_slow,both,G3-drop,r9_kept_up_6_50,-0.0192,-0.0264,-0.0122
constant_slow,both,G3-drop,r9_kept_up_101_200,-0.0513,-0.0535,-0.0492
constant_slow,both,G3-drop,r10_shown,4.1840,3.9200,4.4750
constant_slow,both,G3-drop,r2_ece,0.0403,0.0378,0.0430
constant_slow,both,G3-drop,r4b_3,0.1352,0.1236,0.1478
constant_slow,both,G3-drop,r4b_5,0.1601,0.1464,0.1745
constant_slow,both,G3-drop,r4b_10,0.1650,0.1509,0.1805
constant_slow,both,G3-drop,r4b_20,0.1659,0.1505,0.1808
constant_slow,both,G3-drop,r4b_50,0.1659,0.1510,0.1807
constant_slow,both,G3-drop,r8_move_p95_6_20,42.0000,42.0000,42.0000
constant_slow,both,G3-drop,r8_move_p95_150_200,42.0000,42.0000,42.0000
constant_slow,both,G3-drop,r9_kept_up_later_less_earlier,-0.0321,-0.0388,-0.0254
constant_slow,both,G3-drop,r10_taken_back_5,0.2745,0.2578,0.2911
constant_slow,both,G3-drop,r10_taken_back_10,0.5043,0.4793,0.5304
constant_slow,both,G0-start0.5,r1_rms_5,0.9579,0.9234,0.9905
constant_slow,both,G0-start0.5,r1_mean_5,-0.0059,-0.0669,0.0551
constant_slow,both,G0-start0.5,r1_rms_10,0.9199,0.8886,0.9521
constant_slow,both,G0-start0.5,r1_mean_10,-0.0205,-0.0765,0.0373
constant_slow,both,G0-start0.5,r1_rms_20,0.8332,0.8075,0.8587
constant_slow,both,G0-start0.5,r1_mean_20,-0.0542,-0.1044,-0.0049
constant_slow,both,G0-start0.5,r1_rms_50,0.6479,0.6319,0.6642
constant_slow,both,G0-start0.5,r1_mean_50,-0.0972,-0.1309,-0.0650
constant_slow,both,G0-start0.5,r1_rms_100,0.5295,0.5194,0.5393
constant_slow,both,G0-start0.5,r1_mean_100,-0.1092,-0.1299,-0.0873
constant_slow,both,G0-start0.5,r1_rms_200,0.4776,0.4688,0.4863
constant_slow,both,G0-start0.5,r1_mean_200,-0.1031,-0.1208,-0.0865
constant_slow,both,G0-start0.5,r2_brier,0.1736,0.1723,0.1750
constant_slow,both,G0-start0.5,r2_bias,0.0053,0.0028,0.0079
constant_slow,both,G0-start0.5,r3_inside,0.4328,0.4283,0.4371
constant_slow,both,G0-start0.5,r3_below_0.5,0.0330,0.0304,0.0357
constant_slow,both,G0-start0.5,r3_above_0.95,0.0279,0.0254,0.0306
constant_slow,both,G0-start0.5,r4_false,0.0182,0.0134,0.0234
constant_slow,both,G0-start0.5,r4_false_0.70,0.0062,0.0037,0.0093
constant_slow,both,G0-start0.5,r4_below,0.5149,0.4963,0.5334
constant_slow,both,G0-start0.5,r4_false_at_task,0.0165,0.0101,0.0240
constant_slow,both,G0-start0.5,r4_declared,8.2360,7.8670,8.6080
constant_slow,both,G0-start0.5,r5_late_answers,3.9684,3.8233,4.1171
constant_slow,both,G0-start0.5,r5_never,0.1344,0.1218,0.1473
constant_slow,both,G0-start0.5,r6_lag,-0.1092,-0.1232,-0.0949
constant_slow,both,G0-start0.5,r7_error_5,0.8047,0.7661,0.8419
constant_slow,both,G0-start0.5,r7_error_10,0.7572,0.7197,0.7910
constant_slow,both,G0-start0.5,r7_longest_wrong,1.7620,1.7030,1.8260
constant_slow,both,G0-start0.5,r7_hard_first,0.1247,0.1139,0.1352
constant_slow,both,G0-start0.5,r4b_chance_below_0.5,0.0715,0.0659,0.0770
constant_slow,both,G0-start0.5,r4b_chance_0.5_to_0.6,0.1137,0.1088,0.1186
constant_slow,both,G0-start0.5,r4b_chance_0.6_to_0.7,0.2104,0.2051,0.2157
constant_slow,both,G0-start0.5,r4b_chance_0.7_to_0.8,0.2877,0.2824,0.2926
constant_slow,both,G0-start0.5,r4b_chance_0.8_up,0.3167,0.3055,0.3285
constant_slow,both,G0-start0.5,r3_reachable,0.9629,0.9585,0.9671
constant_slow,both,G0-start0.5,r8_rank_6_20,2.7733,2.3800,3.2067
constant_slow,both,G0-start0.5,r8_topic_rank_6_20,9.7067,8.9000,10.5467
constant_slow,both,G0-start0.5,r8_rank_150_200,3.6137,3.2863,3.9608
constant_slow,both,G0-start0.5,r8_topic_rank_150_200,11.3980,11.0059,11.8157
constant_slow,both,G0-start0.5,r9_kept_up_6_50,-0.0180,-0.0247,-0.0115
constant_slow,both,G0-start0.5,r9_kept_up_101_200,0.0005,-0.0015,0.0024
constant_slow,both,G0-start0.5,r10_shown,3.9770,3.7550,4.2150
constant_slow,both,G0-start0.5,r2_ece,0.0061,0.0037,0.0086
constant_slow,both,G0-start0.5,r4b_3,0.1332,0.1204,0.1454
constant_slow,both,G0-start0.5,r4b_5,0.1517,0.1370,0.1655
constant_slow,both,G0-start0.5,r4b_10,0.1565,0.1406,0.1717
constant_slow,both,G0-start0.5,r4b_20,0.1652,0.1480,0.1823
constant_slow,both,G0-start0.5,r4b_50,0.2916,0.1784,0.4634
constant_slow,both,G0-start0.5,r8_move_p95_6_20,42.0000,42.0000,42.0000
constant_slow,both,G0-start0.5,r8_move_p95_150_200,42.0000,42.0000,42.0000
constant_slow,both,G0-start0.5,r9_kept_up_later_less_earlier,0.0184,0.0117,0.0248
constant_slow,both,G0-start0.5,r10_taken_back_5,0.1730,0.1581,0.1864
constant_slow,both,G0-start0.5,r10_taken_back_10,0.3554,0.3304,0.3810
constant_slow,both,G0-start2,r1_rms_5,1.0902,1.0474,1.1345
constant_slow,both,G0-start2,r1_mean_5,-0.0252,-0.0983,0.0521
constant_slow,both,G0-start2,r1_rms_10,1.0414,1.0028,1.0822
constant_slow,both,G0-start2,r1_mean_10,-0.0547,-0.1256,0.0145
constant_slow,both,G0-start2,r1_rms_20,0.9393,0.9044,0.9769
constant_slow,both,G0-start2,r1_mean_20,-0.0875,-0.1513,-0.0231
constant_slow,both,G0-start2,r1_rms_50,0.7236,0.7000,0.7479
constant_slow,both,G0-start2,r1_mean_50,-0.1225,-0.1630,-0.0821
constant_slow,both,G0-start2,r1_rms_100,0.5675,0.5541,0.5811
constant_slow,both,G0-start2,r1_mean_100,-0.1158,-0.1404,-0.0902
constant_slow,both,G0-start2,r1_rms_200,0.4887,0.4801,0.4977
constant_slow,both,G0-start2,r1_mean_200,-0.0754,-0.0939,-0.0568
constant_slow,both,G0-start2,r2_brier,0.1768,0.1747,0.1791
constant_slow,both,G0-start2,r2_bias,0.0030,-0.0002,0.0059
constant_slow,both,G0-start2,r3_inside,0.4006,0.3932,0.4084
constant_slow,both,G0-start2,r3_below_0.5,0.0736,0.0635,0.0840
constant_slow,both,G0-start2,r3_above_0.95,0.0397,0.0347,0.0449
constant_slow,both,G0-start2,r4_false,0.0361,0.0308,0.0418
constant_slow,both,G0-start2,r4_false_0.70,0.0065,0.0045,0.0085
constant_slow,both,G0-start2,r4_below,0.4807,0.4568,0.5062
constant_slow,both,G0-start2,r4_false_at_task,0.0270,0.0199,0.0348
constant_slow,both,G0-start2,r4_declared,9.2880,8.8210,9.7760
constant_slow,both,G0-start2,r5_late_answers,4.9178,4.7380,5.0950
constant_slow,both,G0-start2,r5_never,0.1543,0.1397,0.1693
constant_slow,both,G0-start2,r6_lag,-0.1067,-0.1237,-0.0895
constant_slow,both,G0-start2,r7_error_5,0.9488,0.9023,0.9982
constant_slow,both,G0-start2,r7_error_10,0.8896,0.8440,0.9358
constant_slow,both,G0-start2,r7_longest_wrong,1.9960,1.9160,2.0760
constant_slow,both,G0-start2,r7_hard_first,0.1815,0.1653,0.1975
constant_slow,both,G0-start2,r4b_chance_below_0.5,0.1990,0.1699,0.2277
constant_slow,both,G0-start2,r4b_chance_0.5_to_0.6,0.1353,0.1279,0.1427
constant_slow,both,G0-start2,r4b_chance_0.6_to_0.7,0.1976,0.1893,0.2060
constant_slow,both,G0-start2,r4b_chance_0.7_to_0.8,0.2395,0.2279,0.2513
constant_slow,both,G0-start2,r4b_chance_0.8_up,0.2287,0.2142,0.2446
constant_slow,both,G0-start2,r3_reachable,0.8700,0.8531,0.8853
constant_slow,both,G0-start2,r8_rank_6_20,3.0467,2.6467,3.4867
constant_slow,both,G0-start2,r8_topic_rank_6_20,10.4800,9.7200,11.3200
constant_slow,both,G0-start2,r8_rank_150_200,3.4275,3.0843,3.7863
constant_slow,both,G0-start2,r8_topic_rank_150_200,9.7098,9.2863,10.1157
constant_slow,both,G0-start2,r9_kept_up_6_50,-0.0183,-0.0261,-0.0103
constant_slow,both,G0-start2,r9_kept_up_101_200,0.0036,0.0014,0.0058
constant_slow,both,G0-start2,r10_shown,4.8380,4.4770,5.2050
constant_slow,both,G0-start2,r2_ece,0.0035,0.0021,0.0068
constant_slow,both,G0-start2,r4b_3,0.1242,0.1110,0.1373
constant_slow,both,G0-start2,r4b_5,0.1528,0.1380,0.1681
constant_slow,both,G0-start2,r4b_10,0.1653,0.1495,0.1810
constant_slow,both,G0-start2,r4b_20,0.1798,0.1620,0.1975
constant_slow,both,G0-start2,r4b_50,0.1923,0.1675,0.2238
constant_slow,both,G0-start2,r8_move_p95_6_20,42.0000,42.0000,42.0000
constant_slow,both,G0-start2,r8_move_p95_150_200,42.0000,42.0000,42.0000
constant_slow,both,G0-start2,r9_kept_up_later_less_earlier,0.0219,0.0149,0.0293
constant_slow,both,G0-start2,r10_taken_back_5,0.1761,0.1609,0.1918
constant_slow,both,G0-start2,r10_taken_back_10,0.3606,0.3315,0.3898
constant_slow,both,G0-topics0.3,r1_rms_5,0.9082,0.8712,0.9463
constant_slow,both,G0-topics0.3,r1_mean_5,0.0615,-0.0040,0.1278
constant_slow,both,G0-topics0.3,r1_rms_10,0.8522,0.8182,0.8879
constant_slow,both,G0-topics0.3,r1_mean_10,0.0320,-0.0282,0.0925
constant_slow,both,G0-topics0.3,r1_rms_20,0.7546,0.7252,0.7846
constant_slow,both,G0-topics0.3,r1_mean_20,0.0048,-0.0453,0.0588
constant_slow,both,G0-topics0.3,r1_rms_50,0.5582,0.5394,0.5768
constant_slow,both,G0-topics0.3,r1_mean_50,-0.0435,-0.0773,-0.0081
constant_slow,both,G0-topics0.3,r1_rms_100,0.4463,0.4354,0.4571
constant_slow,both,G0-topics0.3,r1_mean_100,-0.0639,-0.0865,-0.0412
constant_slow,both,G0-topics0.3,r1_rms_200,0.4073,0.4003,0.4152
constant_slow,both,G0-topics0.3,r1_mean_200,-0.0737,-0.0904,-0.0572
constant_slow,both,G0-topics0.3,r2_brier,0.1765,0.1749,0.1781
constant_slow,both,G0-topics0.3,r2_bias,0.0068,0.0043,0.0095
constant_slow,both,G0-topics0.3,r3_inside,0.4596,0.4542,0.4653
constant_slow,both,G0-topics0.3,r3_below_0.5,0.0317,0.0287,0.0347
constant_slow,both,G0-topics0.3,r3_above_0.95,0.0199,0.0175,0.0226
constant_slow,both,G0-topics0.3,r4_false,0.0336,0.0274,0.0405
constant_slow,both,G0-topics0.3,r4_false_0.70,0.0066,0.0043,0.0094
constant_slow,both,G0-topics0.3,r4_below,0.5408,0.5198,0.5619
constant_slow,both,G0-topics0.3,r4_false_at_task,0.0291,0.0205,0.0382
constant_slow,both,G0-topics0.3,r4_declared,8.7590,8.3670,9.1550
constant_slow,both,G0-topics0.3,r5_late_answers,4.4430,4.2617,4.6414
constant_slow,both,G0-topics0.3,r5_never,0.1499,0.1317,0.1671
constant_slow,both,G0-topics0.3,r6_lag,-0.0847,-0.0986,-0.0706
constant_slow,both,G0-topics0.3,r7_error_5,0.8420,0.8004,0.8831
constant_slow,both,G0-topics0.3,r7_error_10,0.7892,0.7521,0.8302
constant_slow,both,G0-topics0.3,r7_longest_wrong,1.8230,1.7640,1.8810
constant_slow,both,G0-topics0.3,r7_hard_first,0.1344,0.1232,0.1471
constant_slow,both,G0-topics0.3,r4b_chance_below_0.5,0.0708,0.0639,0.0781
constant_slow,both,G0-topics0.3,r4b_chance_0.5_to_0.6,0.1249,0.1182,0.1321
constant_slow,both,G0-topics0.3,r4b_chance_0.6_to_0.7,0.2239,0.2175,0.2298
constant_slow,both,G0-topics0.3,r4b_chance_0.7_to_0.8,0.2988,0.2913,0.3058
constant_slow,both,G0-topics0.3,r4b_chance_0.8_up,0.2817,0.2683,0.2949
constant_slow,both,G0-topics0.3,r3_reachable,0.9425,0.9337,0.9507
constant_slow,both,G0-topics0.3,r8_rank_6_20,2.8667,2.4600,3.2867
constant_slow,both,G0-topics0.3,r8_topic_rank_6_20,10.4600,9.7000,11.2933
constant_slow,both,G0-topics0.3,r8_rank_150_200,3.8157,3.4588,4.2000
constant_slow,both,G0-topics0.3,r8_topic_rank_150_200,10.8569,10.4196,11.3000
constant_slow,both,G0-topics0.3,r9_kept_up_6_50,-0.0201,-0.0274,-0.0131
constant_slow,both,G0-topics0.3,r9_kept_up_101_200,-0.0008,-0.0028,0.0012
constant_slow,both,G0-topics0.3,r10_shown,4.0600,3.7960,4.3360
constant_slow,both,G0-topics0.3,r2_ece,0.0089,0.0061,0.0116
constant_slow,both,G0-topics0.3,r4b_3,0.1566,0.1422,0.1700
constant_slow,both,G0-topics0.3,r4b_5,0.1852,0.1691,0.1994
constant_slow,both,G0-topics0.3,r4b_10,0.1990,0.1818,0.2153
constant_slow,both,G0-topics0.3,r4b_20,0.2155,0.1971,0.2362
constant_slow,both,G0-topics0.3,r4b_50,0.2872,0.2201,0.3803
constant_slow,both,G0-topics0.3,r8_move_p95_6_20,42.0000,42.0000,42.0000
constant_slow,both,G0-topics0.3,r8_move_p95_150_200,42.0000,42.0000,42.0000
constant_slow,both,G0-topics0.3,r9_kept_up_later_less_earlier,0.0193,0.0126,0.0258
constant_slow,both,G0-topics0.3,r10_taken_back_5,0.1790,0.1645,0.1937
constant_slow,both,G0-topics0.3,r10_taken_back_10,0.3500,0.3239,0.3758
constant_slow,both,G0-topics1,r1_rms_5,1.2869,1.2511,1.3218
constant_slow,both,G0-topics1,r1_mean_5,-0.0538,-0.1226,0.0129
constant_slow,both,G0-topics1,r1_rms_10,1.2892,1.2603,1.3206
constant_slow,both,G0-topics1,r1_mean_10,-0.0651,-0.1287,-0.0022
constant_slow,both,G0-topics1,r1_rms_20,1.2193,1.1952,1.2469
constant_slow,both,G0-topics1,r1_mean_20,-0.1134,-0.1663,-0.0581
constant_slow,both,G0-topics1,r1_rms_50,1.0438,1.0256,1.0622
constant_slow,both,G0-topics1,r1_mean_50,-0.1960,-0.2324,-0.1574
constant_slow,both,G0-topics1,r1_rms_100,0.8918,0.8779,0.9064
constant_slow,both,G0-topics1,r1_mean_100,-0.2169,-0.2408,-0.1919
constant_slow,both,G0-topics1,r1_rms_200,0.7650,0.7528,0.7768
constant_slow,both,G0-topics1,r1_mean_200,-0.1798,-0.1997,-0.1599
constant_slow,both,G0-topics1,r2_brier,0.1776,0.1761,0.1792
constant_slow,both,G0-topics1,r2_bias,0.0080,0.0053,0.0108
constant_slow,both,G0-topics1,r3_inside,0.3482,0.3438,0.3523
constant_slow,both,G0-topics1,r3_below_0.5,0.0729,0.0686,0.0779
constant_slow,both,G0-topics1,r3_above_0.95,0.0738,0.0694,0.0778
constant_slow,both,G0-topics1,r4_false,0.0716,0.0637,0.0796
constant_slow,both,G0-topics1,r4_false_0.70,0.0303,0.0253,0.0353
constant_slow,both,G0-topics1,r4_below,0.5591,0.5387,0.5803
constant_slow,both,G0-topics1,r4_false_at_task,0.0675,0.0571,0.0789
constant_slow,both,G0-topics1,r4_declared,8.5740,8.1910,8.9990
constant_slow,both,G0-topics1,r5_late_answers,4.8378,4.6564,5.0270
constant_slow,both,G0-topics1,r5_never,0.2733,0.2599,0.2874
constant_slow,both,G0-topics1,r6_lag,-0.1844,-0.1994,-0.1690
constant_slow,both,G0-topics1,r7_error_5,0.8726,0.8305,0.9127
constant_slow,both,G0-topics1,r7_error_10,0.8216,0.7820,0.8627
constant_slow,both,G0-topics1,r7_longest_wrong,2.0450,1.9690,2.1240
constant_slow,both,G0-topics1,r7_hard_first,0.1946,0.1820,0.2071
constant_slow,both,G0-topics1,r4b_chance_below_0.5,0.1525,0.1426,0.1634
constant_slow,both,G0-topics1,r4b_chance_0.5_to_0.6,0.1374,0.1329,0.1419
constant_slow,both,G0-topics1,r4b_chance_0.6_to_0.7,0.1969,0.1916,0.2021
constant_slow,both,G0-topics1,r4b_chance_0.7_to_0.8,0.2401,0.2339,0.2462
constant_slow,both,G0-topics1,r4b_chance_0.8_up,0.2731,0.2626,0.2834
constant_slow,both,G0-topics1,r3_reachable,0.9046,0.8965,0.9125
constant_slow,both,G0-topics1,r8_rank_6_20,2.6533,2.3000,3.0333
constant_slow,both,G0-topics1,r8_topic_rank_6_20,10.2200,9.4600,11.0267
constant_slow,both,G0-topics1,r8_rank_150_200,3.2235,2.9059,3.5451
constant_slow,both,G0-topics1,r8_topic_rank_150_200,10.7373,10.3451,11.1333
constant_slow,both,G0-topics1,r9_kept_up_6_50,-0.0333,-0.0405,-0.0265
constant_slow,both,G0-topics1,r9_kept_up_101_200,0.0031,0.0011,0.0051
constant_slow,both,G0-topics1,r10_shown,3.7690,3.5210,4.0270
constant_slow,both,G0-topics1,r2_ece,0.0100,0.0074,0.0128
constant_slow,both,G0-topics1,r4b_3,0.1547,0.1422,0.1685
constant_slow,both,G0-topics1,r4b_5,0.1939,0.1790,0.2086
constant_slow,both,G0-topics1,r4b_10,0.2061,0.1911,0.2219
constant_slow,both,G0-topics1,r4b_20,0.2237,0.2066,0.2415
constant_slow,both,G0-topics1,r4b_50,0.2625,0.2304,0.3008
constant_slow,both,G0-topics1,r8_move_p95_6_20,42.0000,42.0000,42.0000
constant_slow,both,G0-topics1,r8_move_p95_150_200,42.0000,42.0000,42.0000
constant_slow,both,G0-topics1,r9_kept_up_later_less_earlier,0.0364,0.0294,0.0438
constant_slow,both,G0-topics1,r10_taken_back_5,0.1920,0.1750,0.2085
constant_slow,both,G0-topics1,r10_taken_back_10,0.3956,0.3684,0.4230
floor_0.05,both,G0,r1_rms_5,1.0198,0.9859,1.0556
floor_0.05,both,G0,r1_mean_5,-0.0343,-0.0979,0.0316
floor_0.05,both,G0,r1_rms_10,0.9513,0.9203,0.9808
floor_0.05,both,G0,r1_mean_10,-0.0579,-0.1169,0.0030
floor_0.05,both,G0,r1_rms_20,0.8459,0.8204,0.8706
floor_0.05,both,G0,r1_mean_20,-0.0805,-0.1301,-0.0270
floor_0.05,both,G0,r1_rms_50,0.6801,0.6636,0.6969
floor_0.05,both,G0,r1_mean_50,-0.0966,-0.1310,-0.0626
floor_0.05,both,G0,r1_rms_100,0.5648,0.5536,0.5762
floor_0.05,both,G0,r1_mean_100,-0.1056,-0.1280,-0.0816
floor_0.05,both,G0,r1_rms_200,0.4836,0.4756,0.4919
floor_0.05,both,G0,r1_mean_200,-0.0903,-0.1066,-0.0743
floor_0.05,both,G0,r2_brier,0.1738,0.1720,0.1757
floor_0.05,both,G0,r2_bias,0.0030,0.0000,0.0061
floor_0.05,both,G0,r3_inside,0.4284,0.4229,0.4339
floor_0.05,both,G0,r3_below_0.5,0.0371,0.0336,0.0410
floor_0.05,both,G0,r3_above_0.95,0.0295,0.0267,0.0326
floor_0.05,both,G0,r4_false,0.0360,0.0307,0.0416
floor_0.05,both,G0,r4_false_0.70,0.0083,0.0061,0.0107
floor_0.05,both,G0,r4_below,0.5595,0.5412,0.5779
floor_0.05,both,G0,r4_false_at_task,0.0316,0.0238,0.0400
floor_0.05,both,G0,r4_declared,8.4750,8.0880,8.8630
floor_0.05,both,G0,r5_late_answers,4.6305,4.4662,4.7899
floor_0.05,both,G0,r5_never,0.1941,0.1794,0.2092
floor_0.05,both,G0,r6_lag,-0.1091,-0.1254,-0.0940
floor_0.05,both,G0,r7_error_5,0.8674,0.8272,0.9079
floor_0.05,both,G0,r7_error_10,0.7892,0.7509,0.8258
floor_0.05,both,G0,r7_longest_wrong,1.7620,1.7070,1.8170
floor_0.05,both,G0,r7_hard_first,0.1330,0.1221,0.1448
floor_0.05,both,G0,r4b_chance_below_0.5,0.0847,0.0750,0.0949
floor_0.05,both,G0,r4b_chance_0.5_to_0.6,0.1241,0.1176,0.1308
floor_0.05,both,G0,r4b_chance_0.6_to_0.7,0.2131,0.2072,0.2192
floor_0.05,both,G0,r4b_chance_0.7_to_0.8,0.2848,0.2775,0.2924
floor_0.05,both,G0,r4b_chance_0.8_up,0.2932,0.2799,0.3071
floor_0.05,both,G0,r3_reachable,0.9335,0.9244,0.9420
floor_0.05,both,G0,r8_rank_6_20,3.8133,3.3800,4.3000
floor_0.05,both,G0,r8_topic_rank_6_20,18.4467,17.4667,19.3267
floor_0.05,both,G0,r8_rank_150_200,1.6333,1.3980,1.8863
floor_0.05,both,G0,r8_topic_rank_150_200,8.9843,8.5824,9.3863
floor_0.05,both,G0,r9_kept_up_6_50,-0.0110,-0.0176,-0.0040
floor_0.05,both,G0,r9_kept_up_101_200,0.0024,-0.0003,0.0049
floor_0.05,both,G0,r10_shown,3.7480,3.5130,3.9960
floor_0.05,both,G0,r2_ece,0.0050,0.0030,0.0081
floor_0.05,both,G0,r4b_3,0.1565,0.1433,0.1693
floor_0.05,both,G0,r4b_5,0.1854,0.1714,0.1997
floor_0.05,both,G0,r4b_10,0.2010,0.1859,0.2163
floor_0.05,both,G0,r4b_20,0.2113,0.1937,0.2294
floor_0.05,both,G0,r4b_50,0.2192,0.2007,0.2406
floor_0.05,both,G0,r8_move_p95_6_20,73.0000,73.0000,74.0000
floor_0.05,both,G0,r8_move_p95_150_200,41.0000,40.0000,41.0000
floor_0.05,both,G0,r9_kept_up_later_less_earlier,0.0133,0.0073,0.0192
floor_0.05,both,G0,r10_taken_back_5,0.1761,0.1575,0.1953
floor_0.05,both,G0,r10_taken_back_10,0.3431,0.3104,0.3762
floor_0.05,both,G1,r1_rms_5,1.1039,1.0574,1.1488
floor_0.05,both,G1,r1_mean_5,-0.0548,-0.1295,0.0225
floor_0.05,both,G1,r1_rms_10,1.0359,0.9969,1.0738
floor_0.05,both,G1,r1_mean_10,-0.0865,-0.1551,-0.0136
floor_0.05,both,G1,r1_rms_20,0.9216,0.8898,0.9540
floor_0.05,both,G1,r1_mean_20,-0.1047,-0.1624,-0.0464
floor_0.05,both,G1,r1_rms_50,0.7373,0.7158,0.7603
floor_0.05,both,G1,r1_mean_50,-0.1234,-0.1639,-0.0828
floor_0.05,both,G1,r1_rms_100,0.6048,0.5909,0.6198
floor_0.05,both,G1,r1_mean_100,-0.1146,-0.1428,-0.0869
floor_0.05,both,G1,r1_rms_200,0.5064,0.4970,0.5158
floor_0.05,both,G1,r1_mean_200,-0.0898,-0.1082,-0.0710
floor_0.05,both,G1,r2_brier,0.1814,0.1786,0.1843
floor_0.05,both,G1,r2_bias,0.0004,-0.0031,0.0038
floor_0.05,both,G1,r3_inside,0.3508,0.3411,0.3606
floor_0.05,both,G1,r3_below_0.5,0.1117,0.1004,0.1236
floor_0.05,both,G1,r3_above_0.95,0.0448,0.0401,0.0499
floor_0.05,both,G1,r4_false,0.0051,0.0032,0.0071
floor_0.05,both,G1,r4_false_0.70,0.0018,0.0007,0.0031
floor_0.05,both,G1,r4_below,0.3841,0.3585,0.4089
floor_0.05,both,G1,r4_false_at_task,0.0016,0.0004,0.0032
floor_0.05,both,G1,r4_declared,8.9050,8.4550,9.3880
floor_0.05,both,G1,r5_late_answers,4.4540,4.3197,4.5891
floor_0.05,both,G1,r5_never,0.0394,0.0337,0.0467
floor_0.05,both,G1,r6_lag,-0.1190,-0.1376,-0.0990
floor_0.05,both,G1,r7_error_5,0.9437,0.8930,0.9915
floor_0.05,both,G1,r7_error_10,0.8675,0.8198,0.9130
floor_0.05,both,G1,r7_longest_wrong,2.0150,1.9360,2.0960
floor_0.05,both,G1,r7_hard_first,0.2259,0.2089,0.2434
floor_0.05,both,G1,r4b_chance_below_0.5,0.2792,0.2585,0.3000
floor_0.05,both,G1,r4b_chance_0.5_to_0.6,0.1835,0.1748,0.1916
floor_0.05,both,G1,r4b_chance_0.6_to_0.7,0.1755,0.1706,0.1804
floor_0.05,both,G1,r4b_chance_0.7_to_0.8,0.1736,0.1639,0.1846
floor_0.05,both,G1,r4b_chance_0.8_up,0.1882,0.1711,0.2046
floor_0.05,both,G1,r3_reachable,0.8061,0.7831,0.8280
floor_0.05,both,G1,r8_rank_6_20,3.9800,3.5467,4.4267
floor_0.05,both,G1,r8_topic_rank_6_20,17.7400,16.7133,18.7733
floor_0.05,both,G1,r8_rank_150_200,1.5157,1.2647,1.7686
floor_0.05,both,G1,r8_topic_rank_150_200,7.1588,6.7137,7.5824
floor_0.05,both,G1,r9_kept_up_6_50,-0.0093,-0.0168,-0.0023
floor_0.05,both,G1,r9_kept_up_101_200,0.0043,0.0016,0.0072
floor_0.05,both,G1,r10_shown,5.5600,5.1780,5.9770
floor_0.05,both,G1,r2_ece,0.0070,0.0064,0.0109
floor_0.05,both,G1,r4b_3,0.0930,0.0822,0.1046
floor_0.05,both,G1,r4b_5,0.1074,0.0945,0.1213
floor_0.05,both,G1,r4b_10,0.1104,0.0976,0.1237
floor_0.05,both,G1,r4b_20,0.1117,0.0987,0.1247
floor_0.05,both,G1,r4b_50,0.1185,0.1030,0.1382
floor_0.05,both,G1,r8_move_p95_6_20,72.0000,72.0000,73.0000
floor_0.05,both,G1,r8_move_p95_150_200,41.0000,40.0000,41.0000
floor_0.05,both,G1,r9_kept_up_later_less_earlier,0.0137,0.0072,0.0201
floor_0.05,both,G1,r10_taken_back_5,0.1477,0.1350,0.1607
floor_0.05,both,G1,r10_taken_back_10,0.3284,0.2972,0.3599
floor_0.05,both,G2,r1_rms_5,0.9612,0.9271,0.9972
floor_0.05,both,G2,r1_mean_5,-0.1063,-0.1718,-0.0446
floor_0.05,both,G2,r1_rms_10,0.9122,0.8813,0.9425
floor_0.05,both,G2,r1_mean_10,-0.1813,-0.2343,-0.1247
floor_0.05,both,G2,r1_rms_20,0.8470,0.8196,0.8731
floor_0.05,both,G2,r1_mean_20,-0.2829,-0.3302,-0.2358
floor_0.05,both,G2,r1_rms_50,0.8170,0.7954,0.8399
floor_0.05,both,G2,r1_mean_50,-0.5129,-0.5471,-0.4772
floor_0.05,both,G2,r1_rms_100,0.9563,0.9348,0.9781
floor_0.05,both,G2,r1_mean_100,-0.8058,-0.8325,-0.7796
floor_0.05,both,G2,r1_rms_200,1.2095,1.1925,1.2271
floor_0.05,both,G2,r1_mean_200,-1.1227,-1.1408,-1.1054
floor_0.05,both,G2,r2_brier,0.1307,0.1291,0.1321
floor_0.05,both,G2,r2_bias,-0.0732,-0.0758,-0.0706
floor_0.05,both,G2,r3_inside,0.2749,0.2688,0.2810
floor_0.05,both,G2,r3_below_0.5,0.0149,0.0134,0.0166
floor_0.05,both,G2,r3_above_0.95,0.1403,0.1330,0.1479
floor_0.05,both,G2,r4_false,0.0053,0.0037,0.0070
floor_0.05,both,G2,r4_false_0.70,0.0005,0.0001,0.0012
floor_0.05,both,G2,r4_below,0.5690,0.5466,0.5906
floor_0.05,both,G2,r4_false_at_task,0.0060,0.0034,0.0090
floor_0.05,both,G2,r4_declared,11.1320,10.6970,11.5910
floor_0.05,both,G2,r5_late_answers,6.5127,6.3298,6.6888
floor_0.05,both,G2,r5_never,0.3848,0.3693,0.3990
floor_0.05,both,G2,r6_lag,-1.0078,-1.0280,-0.9891
floor_0.05,both,G2,r7_error_5,0.8038,0.7641,0.8422
floor_0.05,both,G2,r7_error_10,0.7419,0.7076,0.7772
floor_0.05,both,G2,r7_longest_wrong,1.7310,1.6780,1.7890
floor_0.05,both,G2,r7_hard_first,0.1201,0.1102,0.1308
floor_0.05,both,G2,r4b_chance_below_0.5,0.0564,0.0505,0.0623
floor_0.05,both,G2,r4b_chance_0.5_to_0.6,0.0682,0.0635,0.0731
floor_0.05,both,G2,r4b_chance_0.6_to_0.7,0.1280,0.1224,0.1338
floor_0.05,both,G2,r4b_chance_0.7_to_0.8,0.2343,0.2285,0.2403
floor_0.05,both,G2,r4b_chance_0.8_up,0.5131,0.4987,0.5279
floor_0.05,both,G2,r3_reachable,0.9612,0.9573,0.9649
floor_0.05,both,G2,r8_rank_6_20,3.9667,3.4933,4.4800
floor_0.05,both,G2,r8_topic_rank_6_20,18.0533,17.0800,19.0600
floor_0.05,both,G2,r8_rank_150_200,1.5431,1.3588,1.7412
floor_0.05,both,G2,r8_topic_rank_150_200,8.8412,8.4078,9.2804
floor_0.05,both,G2,r9_kept_up_6_50,0.0214,0.0155,0.0273
floor_0.05,both,G2,r9_kept_up_101_200,0.1058,0.1035,0.1080
floor_0.05,both,G2,r10_shown,4.8640,4.5090,5.2230
floor_0.05,both,G2,r2_ece,0.0733,0.0707,0.0758
floor_0.05,both,G2,r4b_3,0.1411,0.1284,0.1537
floor_0.05,both,G2,r4b_5,0.1738,0.1583,0.1890
floor_0.05,both,G2,r4b_10,0.2311,0.2081,0.2547
floor_0.05,both,G2,r4b_20,0.2706,0.2385,0.3063
floor_0.05,both,G2,r4b_50,0.2706,0.2386,0.3052
floor_0.05,both,G2,r8_move_p95_6_20,73.0000,73.0000,74.0000
floor_0.05,both,G2,r8_move_p95_150_200,39.0000,38.0000,39.0000
floor_0.05,both,G2,r9_kept_up_later_less_earlier,0.0844,0.0790,0.0898
floor_0.05,both,G2,r10_taken_back_5,0.0664,0.0574,0.0758
floor_0.05,both,G2,r10_taken_back_10,0.1324,0.1145,0.1521
floor_0.05,both,G3,r1_rms_5,1.0052,0.9713,1.0406
floor_0.05,both,G3,r1_mean_5,0.0400,-0.0279,0.1086
floor_0.05,both,G3,r1_rms_10,0.9347,0.9047,0.9649
floor_0.05,both,G3,r1_mean_10,-0.0016,-0.0607,0.0581
floor_0.05,both,G3,r1_rms_20,0.8293,0.8043,0.8559
floor_0.05,both,G3,r1_mean_20,-0.0252,-0.0742,0.0233
floor_0.05,both,G3,r1_rms_50,0.6783,0.6605,0.6962
floor_0.05,both,G3,r1_mean_50,-0.0831,-0.1167,-0.0504
floor_0.05,both,G3,r1_rms_100,0.7951,0.7738,0.8188
floor_0.05,both,G3,r1_mean_100,-0.4983,-0.5309,-0.4634
floor_0.05,both,G3,r1_rms_200,0.7184,0.7041,0.7328
floor_0.05,both,G3,r1_mean_200,-0.5427,-0.5611,-0.5242
floor_0.05,both,G3,r2_brier,0.1541,0.1525,0.1556
floor_0.05,both,G3,r2_bias,-0.0328,-0.0357,-0.0300
floor_0.05,both,G3,r3_inside,0.3542,0.3486,0.3597
floor_0.05,both,G3,r3_below_0.5,0.0296,0.0269,0.0325
floor_0.05,both,G3,r3_above_0.95,0.0731,0.0684,0.0779
floor_0.05,both,G3,r4_false,0.0217,0.0179,0.0259
floor_0.05,both,G3,r4_false_0.70,0.0046,0.0030,0.0063
floor_0.05,both,G3,r4_below,0.5831,0.5619,0.6040
floor_0.05,both,G3,r4_false_at_task,0.0195,0.0142,0.0252
floor_0.05,both,G3,r4_declared,9.2230,8.8010,9.6550
floor_0.05,both,G3,r5_late_answers,5.8477,5.6573,6.0527
floor_0.05,both,G3,r5_never,0.3355,0.3201,0.3514
floor_0.05,both,G3,r6_lag,-0.6323,-0.6511,-0.6137
floor_0.05,both,G3,r6_jump_answers,73.1670,70.8720,75.4300
floor_0.05,both,G3,r6_jump_unsettled,0.5680,0.5370,0.5980
floor_0.05,both,G3,r7_error_5,0.8573,0.8183,0.8982
floor_0.05,both,G3,r7_error_10,0.7823,0.7468,0.8211
floor_0.05,both,G3,r7_longest_wrong,1.7670,1.7120,1.8240
floor_0.05,both,G3,r7_hard_first,0.1441,0.1327,0.1566
floor_0.05,both,G3,r4b_chance_below_0.5,0.0801,0.0726,0.0885
floor_0.05,both,G3,r4b_chance_0.5_to_0.6,0.1006,0.0953,0.1059
floor_0.05,both,G3,r4b_chance_0.6_to_0.7,0.1750,0.1692,0.1805
floor_0.05,both,G3,r4b_chance_0.7_to_0.8,0.2539,0.2481,0.2595
floor_0.05,both,G3,r4b_chance_0.8_up,0.3904,0.3765,0.4041
floor_0.05,both,G3,r3_reachable,0.9518,0.9457,0.9576
floor_0.05,both,G3,r8_rank_6_20,3.4133,3.0000,3.8733
floor_0.05,both,G3,r8_topic_rank_6_20,16.7333,15.7467,17.6800
floor_0.05,both,G3,r8_rank_150_200,1.6608,1.4431,1.8882
floor_0.05,both,G3,r8_topic_rank_150_200,8.8686,8.4412,9.3059
floor_0.05,both,G3,r9_kept_up_6_50,-0.0176,-0.0243,-0.0109
floor_0.05,both,G3,r9_kept_up_101_200,0.0644,0.0619,0.0668
floor_0.05,both,G3,r10_shown,3.9010,3.6100,4.1980
floor_0.05,both,G3,r2_ece,0.0328,0.0297,0.0357
floor_0.05,both,G3,r4b_3,0.1482,0.1350,0.1606
floor_0.05,both,G3,r4b_5,0.1882,0.1740,0.2029
floor_0.05,both,G3,r4b_10,0.2153,0.1991,0.2339
floor_0.05,both,G3,r4b_20,0.2442,0.2231,0.2652
floor_0.05,both,G3,r4b_50,0.2558,0.2310,0.2820
floor_0.05,both,G3,r8_move_p95_6_20,73.0000,73.0000,74.0000
floor_0.05,both,G3,r8_move_p95_150_200,40.0000,39.0000,40.0000
floor_0.05,both,G3,r9_kept_up_later_less_earlier,0.0819,0.0756,0.0883
floor_0.05,both,G3,r10_taken_back_5,0.0906,0.0775,0.1055
floor_0.05,both,G3,r10_taken_back_10,0.1909,0.1645,0.2201
floor_0.05,both,G4,r1_rms_5,1.0187,0.9821,1.0558
floor_0.05,both,G4,r1_mean_5,-0.2314,-0.2986,-0.1647
floor_0.05,both,G4,r1_rms_10,0.9610,0.9287,0.9951
floor_0.05,both,G4,r1_mean_10,-0.2847,-0.3424,-0.2295
floor_0.05,both,G4,r1_rms_20,0.8830,0.8564,0.9108
floor_0.05,both,G4,r1_mean_20,-0.3398,-0.3867,-0.2910
floor_0.05,both,G4,r1_rms_50,0.7602,0.7409,0.7813
floor_0.05,both,G4,r1_mean_50,-0.4185,-0.4498,-0.3852
floor_0.05,both,G4,r1_rms_100,0.7053,0.6889,0.7213
floor_0.05,both,G4,r1_mean_100,-0.4730,-0.4962,-0.4491
floor_0.05,both,G4,r1_rms_200,0.6726,0.6611,0.6842
floor_0.05,both,G4,r1_mean_200,-0.4933,-0.5092,-0.4779
floor_0.05,both,G4,r2_brier,0.1800,0.1782,0.1817
floor_0.05,both,G4,r2_bias,0.0137,0.0108,0.0167
floor_0.05,both,G4,r3_inside,0.3924,0.3881,0.3964
floor_0.05,both,G4,r3_below_0.5,0.0549,0.0509,0.0592
floor_0.05,both,G4,r3_above_0.95,0.0360,0.0330,0.0392
floor_0.05,both,G4,r4_false,0.0112,0.0087,0.0141
floor_0.05,both,G4,r4_false_0.70,0.0024,0.0013,0.0037
floor_0.05,both,G4,r4_below,0.5795,0.5602,0.5980
floor_0.05,both,G4,r4_false_at_task,0.0108,0.0069,0.0151
floor_0.05,both,G4,r4_declared,7.4950,7.0980,7.8800
floor_0.05,both,G4,r5_late_answers,4.5999,4.4259,4.7942
floor_0.05,both,G4,r5_never,0.3041,0.2876,0.3206
floor_0.05,both,G4,r6_lag,-0.4838,-0.5002,-0.4671
floor_0.05,both,G4,r7_error_5,0.8817,0.8406,0.9240
floor_0.05,both,G4,r7_error_10,0.8082,0.7712,0.8456
floor_0.05,both,G4,r7_longest_wrong,1.8790,1.8240,1.9350
floor_0.05,both,G4,r7_hard_first,0.1852,0.1729,0.1978
floor_0.05,both,G4,r4b_chance_below_0.5,0.1235,0.1129,0.1346
floor_0.05,both,G4,r4b_chance_0.5_to_0.6,0.1361,0.1307,0.1416
floor_0.05,both,G4,r4b_chance_0.6_to_0.7,0.2030,0.1982,0.2080
floor_0.05,both,G4,r4b_chance_0.7_to_0.8,0.2513,0.2455,0.2572
floor_0.05,both,G4,r4b_chance_0.8_up,0.2862,0.2734,0.2988
floor_0.05,both,G4,r3_reachable,0.9502,0.9419,0.9573
floor_0.05,both,G4,r8_rank_6_20,4.0067,3.5733,4.4667
floor_0.05,both,G4,r8_topic_rank_6_20,18.5933,17.6867,19.4933
floor_0.05,both,G4,r8_rank_150_200,1.4098,1.1843,1.6608
floor_0.05,both,G4,r8_topic_rank_150_200,8.7961,8.3882,9.2137
floor_0.05,both,G4,r9_kept_up_6_50,-0.0321,-0.0388,-0.0252
floor_0.05,both,G4,r9_kept_up_101_200,-0.0027,-0.0053,-0.0002
floor_0.05,both,G4,r10_shown,3.2510,3.0390,3.4690
floor_0.05,both,G4,r2_ece,0.0155,0.0129,0.0184
floor_0.05,both,G4,r4b_3,0.1192,0.1081,0.1305
floor_0.05,both,G4,r4b_5,0.1420,0.1296,0.1544
floor_0.05,both,G4,r4b_10,0.1541,0.1408,0.1682
floor_0.05,both,G4,r4b_20,0.1565,0.1430,0.1721
floor_0.05,both,G4,r4b_50,0.1587,0.1438,0.1739
floor_0.05,both,G4,r8_move_p95_6_20,74.0000,73.0000,74.0000
floor_0.05,both,G4,r8_move_p95_150_200,40.0000,40.0000,41.0000
floor_0.05,both,G4,r9_kept_up_later_less_earlier,0.0293,0.0228,0.0355
floor_0.05,both,G4,r10_taken_back_5,0.1852,0.1635,0.2077
floor_0.05,both,G4,r10_taken_back_10,0.3522,0.3145,0.3924
floor_0.05,both,G5,r1_rms_5,0.9406,0.8974,0.9845
floor_0.05,both,G5,r1_mean_5,0.0549,-0.0190,0.1249
floor_0.05,both,G5,r1_rms_10,0.8776,0.8421,0.9156
floor_0.05,both,G5,r1_mean_10,0.0268,-0.0370,0.0904
floor_0.05,both,G5,r1_rms_20,0.8964,0.8688,0.9253
floor_0.05,both,G5,r1_mean_20,0.0029,-0.0510,0.0523
floor_0.05,both,G5,r1_rms_50,0.7605,0.7414,0.7792
floor_0.05,both,G5,r1_mean_50,-0.0395,-0.0754,-0.0024
floor_0.05,both,G5,r1_rms_100,0.6469,0.6331,0.6615
floor_0.05,both,G5,r1_mean_100,-0.0869,-0.1131,-0.0624
floor_0.05,both,G5,r1_rms_200,0.5453,0.5342,0.5561
floor_0.05,both,G5,r1_mean_200,-0.0954,-0.1129,-0.0775
floor_0.05,both,G5,r2_brier,0.1798,0.1778,0.1818
floor_0.05,both,G5,r2_bias,0.0114,0.0083,0.0147
floor_0.05,both,G5,r3_inside,0.4052,0.3986,0.4115
floor_0.05,both,G5,r3_below_0.5,0.0557,0.0506,0.0610
floor_0.05,both,G5,r3_above_0.95,0.0343,0.0307,0.0382
floor_0.05,both,G5,r4_false,0.0422,0.0356,0.0490
floor_0.05,both,G5,r4_false_0.70,0.0104,0.0075,0.0135
floor_0.05,both,G5,r4_below,0.5505,0.5304,0.5705
floor_0.05,both,G5,r4_false_at_task,0.0378,0.0294,0.0470
floor_0.05,both,G5,r4_declared,8.1810,7.8080,8.5800
floor_0.05,both,G5,r5_late_answers,4.4538,4.2807,4.6365
floor_0.05,both,G5,r5_never,0.2261,0.2097,0.2418
floor_0.05,both,G5,r6_lag,-0.0929,-0.1101,-0.0750
floor_0.05,both,G5,r7_error_5,1.0265,0.9810,1.0742
floor_0.05,both,G5,r7_error_10,0.9690,0.9263,1.0140
floor_0.05,both,G5,r7_longest_wrong,1.9320,1.8690,1.9970
floor_0.05,both,G5,r7_hard_first,0.1471,0.1344,0.1601
floor_0.05,both,G5,r4b_chance_below_0.5,0.1264,0.1131,0.1410
floor_0.05,both,G5,r4b_chance_0.5_to_0.6,0.1444,0.1369,0.1523
floor_0.05,both,G5,r4b_chance_0.6_to_0.7,0.2206,0.2134,0.2275
floor_0.05,both,G5,r4b_chance_0.7_to_0.8,0.2574,0.2484,0.2661
floor_0.05,both,G5,r4b_chance_0.8_up,0.2511,0.2371,0.2660
floor_0.05,both,G5,r3_reachable,0.9080,0.8961,0.9195
floor_0.05,both,G5,r8_rank_6_20,3.9733,3.4800,4.4867
floor_0.05,both,G5,r8_topic_rank_6_20,18.2467,17.3333,19.1933
floor_0.05,both,G5,r8_rank_150_200,1.8569,1.5922,2.1294
floor_0.05,both,G5,r8_topic_rank_150_200,8.6706,8.2725,9.0392
floor_0.05,both,G5,r9_kept_up_6_50,-0.0292,-0.0369,-0.0217
floor_0.05,both,G5,r9_kept_up_101_200,-0.0015,-0.0041,0.0011
floor_0.05,both,G5,r10_shown,3.7570,3.5050,4.0180
floor_0.05,both,G5,r2_ece,0.0145,0.0115,0.0176
floor_0.05,both,G5,r4b_3,0.1602,0.1462,0.1749
floor_0.05,both,G5,r4b_5,0.1911,0.1750,0.2082
floor_0.05,both,G5,r4b_10,0.2032,0.1864,0.2204
floor_0.05,both,G5,r4b_20,0.2127,0.1946,0.2308
floor_0.05,both,G5,r4b_50,0.2298,0.2062,0.2541
floor_0.05,both,G5,r8_move_p95_6_20,74.0000,73.0000,74.0000
floor_0.05,both,G5,r8_move_p95_150_200,41.0000,40.0000,41.0000
floor_0.05,both,G5,r9_kept_up_later_less_earlier,0.0277,0.0207,0.0346
floor_0.05,both,G5,r10_taken_back_5,0.2021,0.1800,0.2258
floor_0.05,both,G5,r10_taken_back_10,0.3824,0.3477,0.4177
floor_0.05,both,G6,r1_rms_5,1.0532,1.0139,1.0950
floor_0.05,both,G6,r1_mean_5,-0.0431,-0.1177,0.0312
floor_0.05,both,G6,r1_rms_10,0.9979,0.9615,1.0348
floor_0.05,both,G6,r1_mean_10,-0.0757,-0.1437,-0.0117
floor_0.05,both,G6,r1_rms_20,0.9199,0.8869,0.9545
floor_0.05,both,G6,r1_mean_20,-0.1043,-0.1642,-0.0444
floor_0.05,both,G6,r1_rms_50,0.8130,0.7853,0.8413
floor_0.05,both,G6,r1_mean_50,-0.1448,-0.1937,-0.0951
floor_0.05,both,G6,r1_rms_100,0.7575,0.7315,0.7835
floor_0.05,both,G6,r1_mean_100,-0.1847,-0.2281,-0.1440
floor_0.05,both,G6,r1_rms_200,0.7478,0.7247,0.7724
floor_0.05,both,G6,r1_mean_200,-0.2295,-0.2699,-0.1860
floor_0.05,both,G6,r2_brier,0.1788,0.1769,0.1807
floor_0.05,both,G6,r2_bias,0.0113,0.0083,0.0143
floor_0.05,both,G6,r3_inside,0.4245,0.4106,0.4384
floor_0.05,both,G6,r3_below_0.5,0.0599,0.0551,0.0649
floor_0.05,both,G6,r3_above_0.95,0.0924,0.0857,0.0993
floor_0.05,both,G6,r4_false,0.0764,0.0649,0.0888
floor_0.05,both,G6,r4_false_0.70,0.0202,0.0150,0.0261
floor_0.05,both,G6,r4_below,0.5562,0.5351,0.5771
floor_0.05,both,G6,r4_false_at_task,0.0726,0.0568,0.0900
floor_0.05,both,G6,r4_declared,7.9810,7.5860,8.3720
floor_0.05,both,G6,r5_late_answers,4.7257,4.5363,4.9067
floor_0.05,both,G6,r5_never,0.1739,0.1582,0.1898
floor_0.05,both,G6,r6_lag,-0.2032,-0.2462,-0.1630
floor_0.05,both,G6,r7_error_5,0.9205,0.8758,0.9687
floor_0.05,both,G6,r7_error_10,0.8556,0.8131,0.9010
floor_0.05,both,G6,r7_longest_wrong,1.8080,1.7500,1.8680
floor_0.05,both,G6,r7_hard_first,0.1397,0.1278,0.1515
floor_0.05,both,G6,r4b_chance_below_0.5,0.1087,0.0970,0.1215
floor_0.05,both,G6,r4b_chance_0.5_to_0.6,0.1157,0.1065,0.1252
floor_0.05,both,G6,r4b_chance_0.6_to_0.7,0.2362,0.2246,0.2482
floor_0.05,both,G6,r4b_chance_0.7_to_0.8,0.3121,0.2979,0.3264
floor_0.05,both,G6,r4b_chance_0.8_up,0.2274,0.2129,0.2417
floor_0.05,both,G6,r3_reachable,0.7819,0.7659,0.7979
floor_0.05,both,G6,r8_rank_6_20,3.8400,3.3667,4.3067
floor_0.05,both,G6,r8_topic_rank_6_20,18.2067,17.1733,19.1400
floor_0.05,both,G6,r8_rank_150_200,1.5353,1.2902,1.7627
floor_0.05,both,G6,r8_topic_rank_150_200,8.6431,8.2745,9.0235
floor_0.05,both,G6,r9_kept_up_6_50,-0.0179,-0.0243,-0.0114
floor_0.05,both,G6,r9_kept_up_101_200,-0.0066,-0.0092,-0.0039
floor_0.05,both,G6,r10_shown,3.5860,3.3370,3.8610
floor_0.05,both,G6,r2_ece,0.0145,0.0115,0.0177
floor_0.05,both,G6,r4b_3,0.1712,0.1577,0.1855
floor_0.05,both,G6,r4b_5,0.2092,0.1917,0.2264
floor_0.05,both,G6,r4b_10,0.2235,0.2058,0.2411
floor_0.05,both,G6,r4b_20,0.2301,0.2102,0.2484
floor_0.05,both,G6,r4b_50,0.2368,0.2152,0.2606
floor_0.05,both,G6,r8_move_p95_6_20,73.0000,73.0000,74.0000
floor_0.05,both,G6,r8_move_p95_150_200,40.0000,40.0000,41.0000
floor_0.05,both,G6,r9_kept_up_later_less_earlier,0.0113,0.0054,0.0170
floor_0.05,both,G6,r10_taken_back_5,0.2009,0.1803,0.2231
floor_0.05,both,G6,r10_taken_back_10,0.3685,0.3366,0.4023
floor_0.05,both,G7,r1_rms_5,1.0109,0.9732,1.0519
floor_0.05,both,G7,r1_mean_5,-0.0813,-0.1469,-0.0164
floor_0.05,both,G7,r1_rms_10,0.9580,0.9250,0.9909
floor_0.05,both,G7,r1_mean_10,-0.1180,-0.1800,-0.0583
floor_0.05,both,G7,r1_rms_20,0.8697,0.8430,0.8974
floor_0.05,both,G7,r1_mean_20,-0.1359,-0.1895,-0.0850
floor_0.05,both,G7,r1_rms_50,0.7331,0.7144,0.7518
floor_0.05,both,G7,r1_mean_50,-0.1527,-0.1901,-0.1116
floor_0.05,both,G7,r1_rms_100,0.6343,0.6210,0.6481
floor_0.05,both,G7,r1_mean_100,-0.1594,-0.1874,-0.1298
floor_0.05,both,G7,r1_rms_200,0.5599,0.5499,0.5699
floor_0.05,both,G7,r1_mean_200,-0.1623,-0.1855,-0.1392
floor_0.05,both,G7,r2_brier,0.1738,0.1721,0.1755
floor_0.05,both,G7,r2_bias,0.0047,0.0019,0.0078
floor_0.05,both,G7,r3_inside,0.4279,0.4224,0.4338
floor_0.05,both,G7,r3_below_0.5,0.0386,0.0348,0.0426
floor_0.05,both,G7,r3_above_0.95,0.0303,0.0273,0.0334
floor_0.05,both,G7,r4_false,0.0398,0.0337,0.0461
floor_0.05,both,G7,r4_false_0.70,0.0101,0.0076,0.0128
floor_0.05,both,G7,r4_below,0.5609,0.5423,0.5796
floor_0.05,both,G7,r4_false_at_task,0.0359,0.0269,0.0461
floor_0.05,both,G7,r4_declared,8.1310,7.7490,8.5180
floor_0.05,both,G7,r5_late_answers,4.6028,4.4419,4.7807
floor_0.05,both,G7,r5_never,0.1700,0.1553,0.1853
floor_0.05,both,G7,r6_lag,-0.1524,-0.1747,-0.1290
floor_0.05,both,G7,r7_error_5,0.8694,0.8257,0.9104
floor_0.05,both,G7,r7_error_10,0.8061,0.7677,0.8452
floor_0.05,both,G7,r7_longest_wrong,1.8030,1.7460,1.8610
floor_0.05,both,G7,r7_hard_first,0.1375,0.1273,0.1488
floor_0.05,both,G7,r4b_chance_below_0.5,0.0881,0.0784,0.0989
floor_0.05,both,G7,r4b_chance_0.5_to_0.6,0.1212,0.1157,0.1267
floor_0.05,both,G7,r4b_chance_0.6_to_0.7,0.2118,0.2055,0.2176
floor_0.05,both,G7,r4b_chance_0.7_to_0.8,0.2859,0.2790,0.2932
floor_0.05,both,G7,r4b_chance_0.8_up,0.2931,0.2810,0.3054
floor_0.05,both,G7,r3_reachable,0.9324,0.9238,0.9407
floor_0.05,both,G7,r8_rank_6_20,3.7533,3.2867,4.2133
floor_0.05,both,G7,r8_topic_rank_6_20,18.0600,17.1267,18.9867
floor_0.05,both,G7,r8_rank_150_200,1.5137,1.2824,1.7667
floor_0.05,both,G7,r8_topic_rank_150_200,8.8373,8.4510,9.2196
floor_0.05,both,G7,r9_kept_up_6_50,-0.0114,-0.0182,-0.0051
floor_0.05,both,G7,r9_kept_up_101_200,-0.0005,-0.0030,0.0020
floor_0.05,both,G7,r10_shown,3.5770,3.3370,3.8140
floor_0.05,both,G7,r2_ece,0.0066,0.0040,0.0094
floor_0.05,both,G7,r4b_3,0.1596,0.1462,0.1725
floor_0.05,both,G7,r4b_5,0.1848,0.1697,0.1997
floor_0.05,both,G7,r4b_10,0.1978,0.1818,0.2129
floor_0.05,both,G7,r4b_20,0.2060,0.1883,0.2225
floor_0.05,both,G7,r4b_50,0.2194,0.1986,0.2433
floor_0.05,both,G7,r8_move_p95_6_20,73.0000,73.0000,74.0000
floor_0.05,both,G7,r8_move_p95_150_200,40.0000,40.0000,41.0000
floor_0.05,both,G7,r9_kept_up_later_less_earlier,0.0109,0.0051,0.0166
floor_0.05,both,G7,r10_taken_back_5,0.2004,0.1806,0.2208
floor_0.05,both,G7,r10_taken_back_10,0.4068,0.3700,0.4460
floor_0.05,both,G8,r1_rms_5,1.0037,0.9682,1.0405
floor_0.05,both,G8,r1_mean_5,-0.0258,-0.0907,0.0353
floor_0.05,both,G8,r1_rms_10,0.9367,0.9067,0.9688
floor_0.05,both,G8,r1_mean_10,-0.0522,-0.1123,0.0045
floor_0.05,both,G8,r1_rms_20,0.8482,0.8216,0.8766
floor_0.05,both,G8,r1_mean_20,-0.0786,-0.1285,-0.0260
floor_0.05,both,G8,r1_rms_50,0.6880,0.6706,0.7055
floor_0.05,both,G8,r1_mean_50,-0.1081,-0.1426,-0.0736
floor_0.05,both,G8,r1_rms_100,0.5759,0.5642,0.5883
floor_0.05,both,G8,r1_mean_100,-0.1222,-0.1460,-0.0987
floor_0.05,both,G8,r1_rms_200,0.4909,0.4826,0.4995
floor_0.05,both,G8,r1_mean_200,-0.1022,-0.1176,-0.0865
floor_0.05,both,G8,r2_brier,0.1733,0.1717,0.1752
floor_0.05,both,G8,r2_bias,0.0037,0.0008,0.0066
floor_0.05,both,G8,r3_inside,0.4274,0.4219,0.4328
floor_0.05,both,G8,r3_below_0.5,0.0355,0.0322,0.0389
floor_0.05,both,G8,r3_above_0.95,0.0324,0.0290,0.0360
floor_0.05,both,G8,r4_false,0.0361,0.0309,0.0420
floor_0.05,both,G8,r4_false_0.70,0.0080,0.0059,0.0102
floor_0.05,both,G8,r4_below,0.5645,0.5456,0.5824
floor_0.05,both,G8,r4_false_at_task,0.0329,0.0254,0.0412
floor_0.05,both,G8,r4_declared,8.1630,7.7490,8.5450
floor_0.05,both,G8,r5_late_answers,5.0476,4.8776,5.2250
floor_0.05,both,G8,r5_never,0.1964,0.1805,0.2118
floor_0.05,both,G8,r6_lag,-0.1106,-0.1272,-0.0940
floor_0.05,both,G8,r7_error_5,0.8571,0.8157,0.8970
floor_0.05,both,G8,r7_error_10,0.7828,0.7465,0.8214
floor_0.05,both,G8,r7_longest_wrong,1.7480,1.6990,1.8000
floor_0.05,both,G8,r7_hard_first,0.1378,0.1269,0.1492
floor_0.05,both,G8,r4b_chance_below_0.5,0.0791,0.0714,0.0875
floor_0.05,both,G8,r4b_chance_0.5_to_0.6,0.1234,0.1173,0.1298
floor_0.05,both,G8,r4b_chance_0.6_to_0.7,0.2177,0.2120,0.2237
floor_0.05,both,G8,r4b_chance_0.7_to_0.8,0.2929,0.2861,0.3001
floor_0.05,both,G8,r4b_chance_0.8_up,0.2869,0.2740,0.3007
floor_0.05,both,G8,r3_reachable,0.9393,0.9315,0.9466
floor_0.05,both,G8,r8_rank_6_20,3.0533,2.6400,3.4867
floor_0.05,both,G8,r8_topic_rank_6_20,17.7467,16.8600,18.6667
floor_0.05,both,G8,r8_rank_150_200,1.7137,1.4608,1.9804
floor_0.05,both,G8,r8_topic_rank_150_200,8.9647,8.5941,9.3373
floor_0.05,both,G8,r9_kept_up_6_50,-0.0143,-0.0212,-0.0074
floor_0.05,both,G8,r9_kept_up_101_200,0.0027,-0.0002,0.0055
floor_0.05,both,G8,r10_shown,3.6490,3.4090,3.8990
floor_0.05,both,G8,r2_ece,0.0057,0.0034,0.0087
floor_0.05,both,G8,r4b_3,0.1456,0.1335,0.1580
floor_0.05,both,G8,r4b_5,0.1814,0.1665,0.1961
floor_0.05,both,G8,r4b_10,0.1954,0.1805,0.2106
floor_0.05,both,G8,r4b_20,0.2107,0.1946,0.2277
floor_0.05,both,G8,r4b_50,0.2130,0.1948,0.2319
floor_0.05,both,G8,r8_move_p95_6_20,73.0000,73.0000,74.0000
floor_0.05,both,G8,r8_move_p95_150_200,41.0000,40.0000,41.0000
floor_0.05,both,G8,r9_kept_up_later_less_earlier,0.0169,0.0105,0.0234
floor_0.05,both,G8,r10_taken_back_5,0.1777,0.1585,0.1974
floor_0.05,both,G8,r10_taken_back_10,0.3682,0.3352,0.4024
floor_0.05,both,G0-exact,r1_rms_5,0.9667,0.9322,1.0010
floor_0.05,both,G0-exact,r1_mean_5,-0.0739,-0.1401,-0.0066
floor_0.05,both,G0-exact,r1_rms_10,0.8980,0.8702,0.9280
floor_0.05,both,G0-exact,r1_mean_10,-0.0833,-0.1399,-0.0284
floor_0.05,both,G0-exact,r1_rms_20,0.8090,0.7837,0.8325
floor_0.05,both,G0-exact,r1_mean_20,-0.0879,-0.1356,-0.0409
floor_0.05,both,G0-exact,r1_rms_50,0.6566,0.6409,0.6731
floor_0.05,both,G0-exact,r1_mean_50,-0.0838,-0.1172,-0.0530
floor_0.05,both,G0-exact,r1_rms_100,0.5451,0.5347,0.5563
floor_0.05,both,G0-exact,r1_mean_100,-0.0764,-0.0981,-0.0544
floor_0.05,both,G0-exact,r1_rms_200,0.4745,0.4673,0.4819
floor_0.05,both,G0-exact,r1_mean_200,-0.0603,-0.0756,-0.0459
floor_0.05,both,G0-exact,r2_brier,0.1710,0.1694,0.1726
floor_0.05,both,G0-exact,r2_bias,0.0001,-0.0027,0.0030
floor_0.05,both,G0-exact,r3_inside,0.5436,0.5341,0.5531
floor_0.05,both,G0-exact,r3_below_0.5,0.0164,0.0139,0.0190
floor_0.05,both,G0-exact,r3_above_0.95,0.0126,0.0103,0.0150
floor_0.05,both,G0-exact,r4_false,0.0363,0.0315,0.0421
floor_0.05,both,G0-exact,r4_false_0.70,0.0079,0.0058,0.0102
floor_0.05,both,G0-exact,r4_below,0.5546,0.5353,0.5727
floor_0.05,both,G0-exact,r4_false_at_task,0.0319,0.0237,0.0405
floor_0.05,both,G0-exact,r4_declared,8.4580,8.0850,8.8420
floor_0.05,both,G0-exact,r5_late_answers,4.8036,4.6341,4.9829
floor_0.05,both,G0-exact,r5_never,0.1759,0.1622,0.1899
floor_0.05,both,G0-exact,r6_lag,-0.0683,-0.0825,-0.0528
floor_0.05,both,G0-exact,r7_error_5,0.8078,0.7684,0.8468
floor_0.05,both,G0-exact,r7_error_10,0.7349,0.6995,0.7714
floor_0.05,both,G0-exact,r7_longest_wrong,1.7240,1.6730,1.7750
floor_0.05,both,G0-exact,r7_hard_first,0.1023,0.0920,0.1126
floor_0.05,both,G0-exact,r4b_chance_below_0.5,0.0426,0.0363,0.0497
floor_0.05,both,G0-exact,r4b_chance_0.5_to_0.6,0.0931,0.0848,0.1018
floor_0.05,both,G0-exact,r4b_chance_0.6_to_0.7,0.2636,0.2495,0.2780
floor_0.05,both,G0-exact,r4b_chance_0.7_to_0.8,0.3907,0.3731,0.4069
floor_0.05,both,G0-exact,r4b_chance_0.8_up,0.2100,0.1952,0.2256
floor_0.05,both,G0-exact,r3_reachable,0.9391,0.9318,0.9469
floor_0.05,both,G0-exact,r8_rank_6_20,3.9400,3.5067,4.3933
floor_0.05,both,G0-exact,r8_topic_rank_6_20,18.1133,17.1933,19.0533
floor_0.05,both,G0-exact,r8_rank_150_200,1.7588,1.5059,2.0373
floor_0.05,both,G0-exact,r8_topic_rank_150_200,8.8216,8.4392,9.2137
floor_0.05,both,G0-exact,r9_kept_up_6_50,-0.0032,-0.0096,0.0030
floor_0.05,both,G0-exact,r9_kept_up_101_200,0.0027,0.0003,0.0052
floor_0.05,both,G0-exact,r10_shown,3.7710,3.5250,4.0290
floor_0.05,both,G0-exact,r2_ece,0.0017,0.0010,0.0046
floor_0.05,both,G0-exact,r4b_3,0.1573,0.1450,0.1698
floor_0.05,both,G0-exact,r4b_5,0.1875,0.1724,0.2014
floor_0.05,both,G0-exact,r4b_10,0.2016,0.1869,0.2160
floor_0.05,both,G0-exact,r4b_20,0.2165,0.1990,0.2329
floor_0.05,both,G0-exact,r4b_50,0.2291,0.2077,0.2532
floor_0.05,both,G0-exact,r8_move_p95_6_20,73.0000,73.0000,73.0000
floor_0.05,both,G0-exact,r8_move_p95_150_200,41.0000,40.0000,41.0000
floor_0.05,both,G0-exact,r9_kept_up_later_less_earlier,0.0060,-0.0001,0.0120
floor_0.05,both,G0-exact,r10_taken_back_5,0.1625,0.1434,0.1825
floor_0.05,both,G0-exact,r10_taken_back_10,0.3387,0.3050,0.3725
floor_0.05,both,G0-miss0.25,r1_rms_5,1.0025,0.9683,1.0379
floor_0.05,both,G0-miss0.25,r1_mean_5,0.0650,-0.0006,0.1322
floor_0.05,both,G0-miss0.25,r1_rms_10,0.9285,0.8997,0.9579
floor_0.05,both,G0-miss0.25,r1_mean_10,0.0265,-0.0305,0.0839
floor_0.05,both,G0-miss0.25,r1_rms_20,0.8237,0.7999,0.8486
floor_0.05,both,G0-miss0.25,r1_mean_20,0.0050,-0.0410,0.0519
floor_0.05,both,G0-miss0.25,r1_rms_50,0.6606,0.6448,0.6769
floor_0.05,both,G0-miss0.25,r1_mean_50,-0.0341,-0.0656,-0.0005
floor_0.05,both,G0-miss0.25,r1_rms_100,0.5448,0.5345,0.5561
floor_0.05,both,G0-miss0.25,r1_mean_100,-0.0525,-0.0744,-0.0309
floor_0.05,both,G0-miss0.25,r1_rms_200,0.4743,0.4671,0.4817
floor_0.05,both,G0-miss0.25,r1_mean_200,-0.0455,-0.0612,-0.0300
floor_0.05,both,G0-miss0.25,r2_brier,0.1743,0.1726,0.1760
floor_0.05,both,G0-miss0.25,r2_bias,0.0055,0.0026,0.0086
floor_0.05,both,G0-miss0.25,r3_inside,0.5108,0.5030,0.5181
floor_0.05,both,G0-miss0.25,r3_below_0.5,0.0252,0.0224,0.0284
floor_0.05,both,G0-miss0.25,r3_above_0.95,0.0136,0.0116,0.0157
floor_0.05,both,G0-miss0.25,r4_false,0.0490,0.0423,0.0552
floor_0.05,both,G0-miss0.25,r4_false_0.70,0.0076,0.0054,0.0098
floor_0.05,both,G0-miss0.25,r4_below,0.5524,0.5330,0.5722
floor_0.05,both,G0-miss0.25,r4_false_at_task,0.0511,0.0392,0.0626
floor_0.05,both,G0-miss0.25,r4_declared,8.1810,7.7670,8.5410
floor_0.05,both,G0-miss0.25,r5_late_answers,4.6540,4.4829,4.8399
floor_0.05,both,G0-miss0.25,r5_never,0.1722,0.1580,0.1863
floor_0.05,both,G0-miss0.25,r6_lag,-0.0558,-0.0710,-0.0406
floor_0.05,both,G0-miss0.25,r7_error_5,0.8623,0.8226,0.9030
floor_0.05,both,G0-miss0.25,r7_error_10,0.7766,0.7415,0.8127
floor_0.05,both,G0-miss0.25,r7_longest_wrong,1.8000,1.7430,1.8610
floor_0.05,both,G0-miss0.25,r7_hard_first,0.1421,0.1299,0.1548
floor_0.05,both,G0-miss0.25,r4b_chance_below_0.5,0.0612,0.0536,0.0692
floor_0.05,both,G0-miss0.25,r4b_chance_0.5_to_0.6,0.1083,0.1008,0.1156
floor_0.05,both,G0-miss0.25,r4b_chance_0.6_to_0.7,0.2509,0.2422,0.2598
floor_0.05,both,G0-miss0.25,r4b_chance_0.7_to_0.8,0.3498,0.3390,0.3599
floor_0.05,both,G0-miss0.25,r4b_chance_0.8_up,0.2297,0.2160,0.2438
floor_0.05,both,G0-miss0.25,r3_reachable,0.9397,0.9322,0.9470
floor_0.05,both,G0-miss0.25,r8_rank_6_20,3.5867,3.1333,4.0600
floor_0.05,both,G0-miss0.25,r8_topic_rank_6_20,17.8667,16.9533,18.8667
floor_0.05,both,G0-miss0.25,r8_rank_150_200,2.0196,1.7333,2.3098
floor_0.05,both,G0-miss0.25,r8_topic_rank_150_200,8.7510,8.3882,9.1098
floor_0.05,both,G0-miss0.25,r9_kept_up_6_50,-0.0167,-0.0233,-0.0097
floor_0.05,both,G0-miss0.25,r9_kept_up_101_200,0.0012,-0.0013,0.0037
floor_0.05,both,G0-miss0.25,r10_shown,3.7390,3.4820,4.0030
floor_0.05,both,G0-miss0.25,r2_ece,0.0075,0.0047,0.0104
floor_0.05,both,G0-miss0.25,r4b_3,0.1635,0.1508,0.1768
floor_0.05,both,G0-miss0.25,r4b_5,0.1960,0.1810,0.2104
floor_0.05,both,G0-miss0.25,r4b_10,0.2118,0.1953,0.2264
floor_0.05,both,G0-miss0.25,r4b_20,0.2201,0.2043,0.2364
floor_0.05,both,G0-miss0.25,r4b_50,0.2329,0.2114,0.2541
floor_0.05,both,G0-miss0.25,r8_move_p95_6_20,73.0000,73.0000,74.0000
floor_0.05,both,G0-miss0.25,r8_move_p95_150_200,40.0000,40.0000,41.0000
floor_0.05,both,G0-miss0.25,r9_kept_up_later_less_earlier,0.0179,0.0123,0.0240
floor_0.05,both,G0-miss0.25,r10_taken_back_5,0.1738,0.1546,0.1933
floor_0.05,both,G0-miss0.25,r10_taken_back_10,0.3505,0.3138,0.3874
floor_0.05,both,G0-miss1,r1_rms_5,1.0575,1.0178,1.0995
floor_0.05,both,G0-miss1,r1_mean_5,-0.0953,-0.1678,-0.0228
floor_0.05,both,G0-miss1,r1_rms_10,0.9780,0.9418,1.0143
floor_0.05,both,G0-miss1,r1_mean_10,-0.1215,-0.1844,-0.0578
floor_0.05,both,G0-miss1,r1_rms_20,0.8792,0.8510,0.9108
floor_0.05,both,G0-miss1,r1_mean_20,-0.1417,-0.1936,-0.0838
floor_0.05,both,G0-miss1,r1_rms_50,0.7367,0.7166,0.7572
floor_0.05,both,G0-miss1,r1_mean_50,-0.1803,-0.2194,-0.1414
floor_0.05,both,G0-miss1,r1_rms_100,0.6272,0.6129,0.6416
floor_0.05,both,G0-miss1,r1_mean_100,-0.2077,-0.2332,-0.1823
floor_0.05,both,G0-miss1,r1_rms_200,0.5452,0.5355,0.5548
floor_0.05,both,G0-miss1,r1_mean_200,-0.2136,-0.2319,-0.1959
floor_0.05,both,G0-miss1,r2_brier,0.1758,0.1740,0.1777
floor_0.05,both,G0-miss1,r2_bias,0.0070,0.0039,0.0100
floor_0.05,both,G0-miss1,r3_inside,0.2972,0.2944,0.3001
floor_0.05,both,G0-miss1,r3_below_0.5,0.0888,0.0846,0.0933
floor_0.05,both,G0-miss1,r3_above_0.95,0.1082,0.1036,0.1131
floor_0.05,both,G0-miss1,r4_false,0.0380,0.0315,0.0445
floor_0.05,both,G0-miss1,r4_false_0.70,0.0079,0.0057,0.0106
floor_0.05,both,G0-miss1,r4_below,0.5584,0.5386,0.5778
floor_0.05,both,G0-miss1,r4_false_at_task,0.0360,0.0270,0.0454
floor_0.05,both,G0-miss1,r4_declared,8.3080,7.9270,8.6900
floor_0.05,both,G0-miss1,r5_late_answers,4.6269,4.4419,4.8040
floor_0.05,both,G0-miss1,r5_never,0.2193,0.2033,0.2354
floor_0.05,both,G0-miss1,r6_lag,-0.2165,-0.2348,-0.1986
floor_0.05,both,G0-miss1,r7_error_5,0.9087,0.8649,0.9518
floor_0.05,both,G0-miss1,r7_error_10,0.8279,0.7873,0.8703
floor_0.05,both,G0-miss1,r7_longest_wrong,1.8220,1.7670,1.8780
floor_0.05,both,G0-miss1,r7_hard_first,0.1714,0.1602,0.1828
floor_0.05,both,G0-miss1,r4b_chance_below_0.5,0.1540,0.1457,0.1627
floor_0.05,both,G0-miss1,r4b_chance_0.5_to_0.6,0.1174,0.1140,0.1209
floor_0.05,both,G0-miss1,r4b_chance_0.6_to_0.7,0.1487,0.1453,0.1522
floor_0.05,both,G0-miss1,r4b_chance_0.7_to_0.8,0.1918,0.1882,0.1954
floor_0.05,both,G0-miss1,r4b_chance_0.8_up,0.3881,0.3770,0.3994
floor_0.05,both,G0-miss1,r3_reachable,0.9450,0.9377,0.9520
floor_0.05,both,G0-miss1,r8_rank_6_20,3.2133,2.7667,3.6267
floor_0.05,both,G0-miss1,r8_topic_rank_6_20,17.3133,16.3867,18.2533
floor_0.05,both,G0-miss1,r8_rank_150_200,1.8137,1.5490,2.0961
floor_0.05,both,G0-miss1,r8_topic_rank_150_200,8.6863,8.3000,9.0843
floor_0.05,both,G0-miss1,r9_kept_up_6_50,-0.0158,-0.0223,-0.0089
floor_0.05,both,G0-miss1,r9_kept_up_101_200,-0.0006,-0.0034,0.0020
floor_0.05,both,G0-miss1,r10_shown,3.7660,3.5270,4.0060
floor_0.05,both,G0-miss1,r2_ece,0.0088,0.0059,0.0117
floor_0.05,both,G0-miss1,r4b_3,0.1645,0.1517,0.1779
floor_0.05,both,G0-miss1,r4b_5,0.1964,0.1812,0.2116
floor_0.05,both,G0-miss1,r4b_10,0.2051,0.1897,0.2225
floor_0.05,both,G0-miss1,r4b_20,0.2119,0.1950,0.2291
floor_0.05,both,G0-miss1,r4b_50,0.2119,0.1953,0.2285
floor_0.05,both,G0-miss1,r8_move_p95_6_20,73.0000,73.0000,73.0000
floor_0.05,both,G0-miss1,r8_move_p95_150_200,41.0000,40.0000,41.0000
floor_0.05,both,G0-miss1,r9_kept_up_later_less_earlier,0.0152,0.0092,0.0211
floor_0.05,both,G0-miss1,r10_taken_back_5,0.1641,0.1447,0.1838
floor_0.05,both,G0-miss1,r10_taken_back_10,0.3583,0.3232,0.3968
floor_0.05,both,G2-half,r1_rms_5,1.0035,0.9689,1.0393
floor_0.05,both,G2-half,r1_mean_5,-0.0551,-0.1201,0.0101
floor_0.05,both,G2-half,r1_rms_10,0.9432,0.9134,0.9761
floor_0.05,both,G2-half,r1_mean_10,-0.0973,-0.1544,-0.0403
floor_0.05,both,G2-half,r1_rms_20,0.8455,0.8208,0.8712
floor_0.05,both,G2-half,r1_mean_20,-0.1585,-0.2055,-0.1087
floor_0.05,both,G2-half,r1_rms_50,0.7203,0.7013,0.7401
floor_0.05,both,G2-half,r1_mean_50,-0.2913,-0.3260,-0.2569
floor_0.05,both,G2-half,r1_rms_100,0.7013,0.6844,0.7173
floor_0.05,both,G2-half,r1_mean_100,-0.4494,-0.4744,-0.4250
floor_0.05,both,G2-half,r1_rms_200,0.7345,0.7206,0.7489
floor_0.05,both,G2-half,r1_mean_200,-0.5765,-0.5939,-0.5599
floor_0.05,both,G2-half,r2_brier,0.1516,0.1499,0.1532
floor_0.05,both,G2-half,r2_bias,-0.0368,-0.0394,-0.0340
floor_0.05,both,G2-half,r3_inside,0.3747,0.3685,0.3807
floor_0.05,both,G2-half,r3_below_0.5,0.0224,0.0202,0.0247
floor_0.05,both,G2-half,r3_above_0.95,0.0623,0.0576,0.0676
floor_0.05,both,G2-half,r4_false,0.0168,0.0134,0.0200
floor_0.05,both,G2-half,r4_false_0.70,0.0027,0.0017,0.0039
floor_0.05,both,G2-half,r4_below,0.5850,0.5665,0.6046
floor_0.05,both,G2-half,r4_false_at_task,0.0141,0.0095,0.0190
floor_0.05,both,G2-half,r4_declared,9.7300,9.3570,10.1200
floor_0.05,both,G2-half,r5_late_answers,6.0485,5.8554,6.2552
floor_0.05,both,G2-half,r5_never,0.3204,0.3054,0.3350
floor_0.05,both,G2-half,r6_lag,-0.5377,-0.5548,-0.5196
floor_0.05,both,G2-half,r7_error_5,0.8583,0.8188,0.8989
floor_0.05,both,G2-half,r7_error_10,0.7894,0.7531,0.8243
floor_0.05,both,G2-half,r7_longest_wrong,1.7240,1.6720,1.7780
floor_0.05,both,G2-half,r7_hard_first,0.1321,0.1212,0.1431
floor_0.05,both,G2-half,r4b_chance_below_0.5,0.0643,0.0577,0.0710
floor_0.05,both,G2-half,r4b_chance_0.5_to_0.6,0.0887,0.0831,0.0940
floor_0.05,both,G2-half,r4b_chance_0.6_to_0.7,0.1687,0.1628,0.1753
floor_0.05,both,G2-half,r4b_chance_0.7_to_0.8,0.2684,0.2625,0.2744
floor_0.05,both,G2-half,r4b_chance_0.8_up,0.4099,0.3947,0.4241
floor_0.05,both,G2-half,r3_reachable,0.9589,0.9551,0.9625
floor_0.05,both,G2-half,r8_rank_6_20,3.6000,3.1333,4.0800
floor_0.05,both,G2-half,r8_topic_rank_6_20,17.1533,16.2133,18.0933
floor_0.05,both,G2-half,r8_rank_150_200,1.6725,1.4275,1.9216
floor_0.05,both,G2-half,r8_topic_rank_150_200,8.8157,8.4020,9.2333
floor_0.05,both,G2-half,r9_kept_up_6_50,0.0045,-0.0020,0.0109
floor_0.05,both,G2-half,r9_kept_up_101_200,0.0582,0.0558,0.0606
floor_0.05,both,G2-half,r10_shown,4.1240,3.8460,4.4030
floor_0.05,both,G2-half,r2_ece,0.0368,0.0339,0.0396
floor_0.05,both,G2-half,r4b_3,0.1563,0.1445,0.1680
floor_0.05,both,G2-half,r4b_5,0.1903,0.1759,0.2039
floor_0.05,both,G2-half,r4b_10,0.2245,0.2079,0.2409
floor_0.05,both,G2-half,r4b_20,0.2531,0.2318,0.2737
floor_0.05,both,G2-half,r4b_50,0.2603,0.2361,0.2860
floor_0.05,both,G2-half,r8_move_p95_6_20,73.0000,73.0000,73.0000
floor_0.05,both,G2-half,r8_move_p95_150_200,40.0000,40.0000,41.0000
floor_0.05,both,G2-half,r9_kept_up_later_less_earlier,0.0536,0.0479,0.0598
floor_0.05,both,G2-half,r10_taken_back_5,0.1083,0.0946,0.1231
floor_0.05,both,G2-half,r10_taken_back_10,0.2199,0.1939,0.2461
floor_0.05,both,G2-fading,r1_rms_5,1.0200,0.9846,1.0554
floor_0.05,both,G2-fading,r1_mean_5,-0.0023,-0.0697,0.0639
floor_0.05,both,G2-fading,r1_rms_10,0.9375,0.9056,0.9693
floor_0.05,both,G2-fading,r1_mean_10,-0.0779,-0.1417,-0.0182
floor_0.05,both,G2-fading,r1_rms_20,0.8523,0.8249,0.8793
floor_0.05,both,G2-fading,r1_mean_20,-0.1712,-0.2196,-0.1192
floor_0.05,both,G2-fading,r1_rms_50,0.7390,0.7184,0.7594
floor_0.05,both,G2-fading,r1_mean_50,-0.3309,-0.3675,-0.2945
floor_0.05,both,G2-fading,r1_rms_100,0.6828,0.6661,0.6993
floor_0.05,both,G2-fading,r1_mean_100,-0.4137,-0.4394,-0.3885
floor_0.05,both,G2-fading,r1_rms_200,0.6069,0.5958,0.6181
floor_0.05,both,G2-fading,r1_mean_200,-0.3875,-0.4049,-0.3711
floor_0.05,both,G2-fading,r2_brier,0.1558,0.1540,0.1575
floor_0.05,both,G2-fading,r2_bias,-0.0283,-0.0313,-0.0254
floor_0.05,both,G2-fading,r3_inside,0.3903,0.3843,0.3966
floor_0.05,both,G2-fading,r3_below_0.5,0.0233,0.0211,0.0258
floor_0.05,both,G2-fading,r3_above_0.95,0.0559,0.0510,0.0611
floor_0.05,both,G2-fading,r4_false,0.0193,0.0156,0.0232
floor_0.05,both,G2-fading,r4_false_0.70,0.0041,0.0026,0.0058
floor_0.05,both,G2-fading,r4_below,0.5711,0.5517,0.5914
floor_0.05,both,G2-fading,r4_false_at_task,0.0145,0.0097,0.0192
floor_0.05,both,G2-fading,r4_declared,9.0050,8.6080,9.3980
floor_0.05,both,G2-fading,r5_late_answers,5.4621,5.2642,5.6761
floor_0.05,both,G2-fading,r5_never,0.2942,0.2776,0.3095
floor_0.05,both,G2-fading,r6_lag,-0.4146,-0.4335,-0.3969
floor_0.05,both,G2-fading,r7_error_5,0.8779,0.8359,0.9199
floor_0.05,both,G2-fading,r7_error_10,0.7881,0.7480,0.8278
floor_0.05,both,G2-fading,r7_longest_wrong,1.7980,1.7390,1.8560
floor_0.05,both,G2-fading,r7_hard_first,0.1412,0.1295,0.1529
floor_0.05,both,G2-fading,r4b_chance_below_0.5,0.0601,0.0546,0.0661
floor_0.05,both,G2-fading,r4b_chance_0.5_to_0.6,0.0920,0.0867,0.0971
floor_0.05,both,G2-fading,r4b_chance_0.6_to_0.7,0.1777,0.1716,0.1839
floor_0.05,both,G2-fading,r4b_chance_0.7_to_0.8,0.2800,0.2746,0.2859
floor_0.05,both,G2-fading,r4b_chance_0.8_up,0.3903,0.3749,0.4046
floor_0.05,both,G2-fading,r3_reachable,0.9573,0.9534,0.9610
floor_0.05,both,G2-fading,r8_rank_6_20,3.5133,3.0867,3.9667
floor_0.05,both,G2-fading,r8_topic_rank_6_20,17.0800,16.1933,18.0467
floor_0.05,both,G2-fading,r8_rank_150_200,1.7608,1.5235,2.0275
floor_0.05,both,G2-fading,r8_topic_rank_150_200,8.7529,8.3667,9.1686
floor_0.05,both,G2-fading,r9_kept_up_6_50,0.0018,-0.0050,0.0084
floor_0.05,both,G2-fading,r9_kept_up_101_200,0.0406,0.0381,0.0433
floor_0.05,both,G2-fading,r10_shown,3.9060,3.6370,4.1710
floor_0.05,both,G2-fading,r2_ece,0.0283,0.0254,0.0313
floor_0.05,both,G2-fading,r4b_3,0.1485,0.1361,0.1607
floor_0.05,both,G2-fading,r4b_5,0.1816,0.1674,0.1959
floor_0.05,both,G2-fading,r4b_10,0.2025,0.1867,0.2180
floor_0.05,both,G2-fading,r4b_20,0.2259,0.2073,0.2449
floor_0.05,both,G2-fading,r4b_50,0.2444,0.2162,0.2775
floor_0.05,both,G2-fading,r8_move_p95_6_20,73.0000,73.0000,73.0000
floor_0.05,both,G2-fading,r8_move_p95_150_200,40.0000,40.0000,41.0000
floor_0.05,both,G2-fading,r9_kept_up_later_less_earlier,0.0388,0.0328,0.0447
floor_0.05,both,G2-fading,r10_taken_back_5,0.1212,0.1057,0.1371
floor_0.05,both,G2-fading,r10_taken_back_10,0.2768,0.2440,0.3104
floor_0.05,both,G3-drop,r1_rms_5,0.9710,0.9382,1.0067
floor_0.05,both,G3-drop,r1_mean_5,0.0278,-0.0346,0.0912
floor_0.05,both,G3-drop,r1_rms_10,0.9145,0.8862,0.9445
floor_0.05,both,G3-drop,r1_mean_10,-0.0022,-0.0594,0.0554
floor_0.05,both,G3-drop,r1_rms_20,0.8179,0.7940,0.8422
floor_0.05,both,G3-drop,r1_mean_20,-0.0205,-0.0680,0.0282
floor_0.05,both,G3-drop,r1_rms_50,0.6681,0.6520,0.6849
floor_0.05,both,G3-drop,r1_mean_50,-0.0485,-0.0801,-0.0143
floor_0.05,both,G3-drop,r1_rms_100,0.7075,0.6902,0.7263
floor_0.05,both,G3-drop,r1_mean_100,0.3053,0.2722,0.3380
floor_0.05,both,G3-drop,r1_rms_200,0.5573,0.5464,0.5686
floor_0.05,both,G3-drop,r1_mean_200,0.2831,0.2662,0.3014
floor_0.05,both,G3-drop,r2_brier,0.2008,0.1991,0.2027
floor_0.05,both,G3-drop,r2_bias,0.0505,0.0475,0.0534
floor_0.05,both,G3-drop,r3_inside,0.3870,0.3822,0.3921
floor_0.05,both,G3-drop,r3_below_0.5,0.0863,0.0809,0.0925
floor_0.05,both,G3-drop,r3_above_0.95,0.0200,0.0177,0.0223
floor_0.05,both,G3-drop,r4_false,0.0684,0.0609,0.0763
floor_0.05,both,G3-drop,r4_false_0.70,0.0222,0.0182,0.0265
floor_0.05,both,G3-drop,r4_below,0.4972,0.4795,0.5147
floor_0.05,both,G3-drop,r4_false_at_task,0.0655,0.0546,0.0766
floor_0.05,both,G3-drop,r4_declared,8.3170,7.9110,8.7320
floor_0.05,both,G3-drop,r5_late_answers,3.7060,3.5826,3.8287
floor_0.05,both,G3-drop,r5_never,0.2524,0.2342,0.2714
floor_0.05,both,G3-drop,r6_lag,0.3607,0.3443,0.3775
floor_0.05,both,G3-drop,r6_jump_answers,47.9780,46.0060,50.2050
floor_0.05,both,G3-drop,r6_jump_unsettled,0.2190,0.1940,0.2440
floor_0.05,both,G3-drop,r7_error_5,0.8329,0.7941,0.8740
floor_0.05,both,G3-drop,r7_error_10,0.7581,0.7218,0.7936
floor_0.05,both,G3-drop,r7_longest_wrong,1.7690,1.7150,1.8250
floor_0.05,both,G3-drop,r7_hard_first,0.1437,0.1326,0.1553
floor_0.05,both,G3-drop,r4b_chance_below_0.5,0.1740,0.1599,0.1887
floor_0.05,both,G3-drop,r4b_chance_0.5_to_0.6,0.1779,0.1728,0.1830
floor_0.05,both,G3-drop,r4b_chance_0.6_to_0.7,0.2247,0.2191,0.2304
floor_0.05,both,G3-drop,r4b_chance_0.7_to_0.8,0.2301,0.2228,0.2367
floor_0.05,both,G3-drop,r4b_chance_0.8_up,0.1934,0.1830,0.2046
floor_0.05,both,G3-drop,r3_reachable,0.8765,0.8646,0.8872
floor_0.05,both,G3-drop,r8_rank_6_20,4.0400,3.5533,4.5467
floor_0.05,both,G3-drop,r8_topic_rank_6_20,18.5267,17.5467,19.5600
floor_0.05,both,G3-drop,r8_rank_150_200,1.8647,1.6255,2.1098
floor_0.05,both,G3-drop,r8_topic_rank_150_200,9.3451,8.9471,9.7471
floor_0.05,both,G3-drop,r9_kept_up_6_50,-0.0157,-0.0230,-0.0091
floor_0.05,both,G3-drop,r9_kept_up_101_200,-0.0715,-0.0742,-0.0687
floor_0.05,both,G3-drop,r10_shown,4.1680,3.9070,4.4320
floor_0.05,both,G3-drop,r2_ece,0.0506,0.0477,0.0535
floor_0.05,both,G3-drop,r4b_3,0.1507,0.1388,0.1633
floor_0.05,both,G3-drop,r4b_5,0.1799,0.1657,0.1940
floor_0.05,both,G3-drop,r4b_10,0.1848,0.1713,0.1992
floor_0.05,both,G3-drop,r4b_20,0.1861,0.1724,0.2004
floor_0.05,both,G3-drop,r4b_50,0.1861,0.1706,0.2004
floor_0.05,both,G3-drop,r8_move_p95_6_20,73.0000,73.0000,74.0000
floor_0.05,both,G3-drop,r8_move_p95_150_200,43.0000,42.0000,43.0000
floor_0.05,both,G3-drop,r9_kept_up_later_less_earlier,-0.0558,-0.0618,-0.0496
floor_0.05,both,G3-drop,r10_taken_back_5,0.3134,0.2920,0.3348
floor_0.05,both,G3-drop,r10_taken_back_10,0.5384,0.5088,0.5707
floor_0.05,both,G0-start0.5,r1_rms_5,0.9579,0.9241,0.9938
floor_0.05,both,G0-start0.5,r1_mean_5,-0.0059,-0.0663,0.0590
floor_0.05,both,G0-start0.5,r1_rms_10,0.8996,0.8698,0.9293
floor_0.05,both,G0-start0.5,r1_mean_10,-0.0245,-0.0778,0.0306
floor_0.05,both,G0-start0.5,r1_rms_20,0.8060,0.7829,0.8303
floor_0.05,both,G0-start0.5,r1_mean_20,-0.0546,-0.1015,-0.0090
floor_0.05,both,G0-start0.5,r1_rms_50,0.6570,0.6417,0.6729
floor_0.05,both,G0-start0.5,r1_mean_50,-0.0855,-0.1172,-0.0513
floor_0.05,both,G0-start0.5,r1_rms_100,0.5597,0.5491,0.5707
floor_0.05,both,G0-start0.5,r1_mean_100,-0.0974,-0.1201,-0.0752
floor_0.05,both,G0-start0.5,r1_rms_200,0.4829,0.4751,0.4914
floor_0.05,both,G0-start0.5,r1_mean_200,-0.0989,-0.1152,-0.0835
floor_0.05,both,G0-start0.5,r2_brier,0.1726,0.1711,0.1743
floor_0.05,both,G0-start0.5,r2_bias,0.0050,0.0023,0.0078
floor_0.05,both,G0-start0.5,r3_inside,0.4322,0.4273,0.4373
floor_0.05,both,G0-start0.5,r3_below_0.5,0.0321,0.0295,0.0349
floor_0.05,both,G0-start0.5,r3_above_0.95,0.0285,0.0257,0.0313
floor_0.05,both,G0-start0.5,r4_false,0.0201,0.0154,0.0252
floor_0.05,both,G0-start0.5,r4_false_0.70,0.0062,0.0040,0.0088
floor_0.05,both,G0-start0.5,r4_below,0.5417,0.5248,0.5587
floor_0.05,both,G0-start0.5,r4_false_at_task,0.0195,0.0125,0.0279
floor_0.05,both,G0-start0.5,r4_declared,8.0450,7.6950,8.4040
floor_0.05,both,G0-start0.5,r5_late_answers,4.1096,3.9594,4.2706
floor_0.05,both,G0-start0.5,r5_never,0.1346,0.1225,0.1471
floor_0.05,both,G0-start0.5,r6_lag,-0.1063,-0.1218,-0.0899
floor_0.05,both,G0-start0.5,r7_error_5,0.8047,0.7674,0.8432
floor_0.05,both,G0-start0.5,r7_error_10,0.7385,0.7030,0.7746
floor_0.05,both,G0-start0.5,r7_longest_wrong,1.6880,1.6360,1.7440
floor_0.05,both,G0-start0.5,r7_hard_first,0.1212,0.1114,0.1313
floor_0.05,both,G0-start0.5,r4b_chance_below_0.5,0.0691,0.0638,0.0747
floor_0.05,both,G0-start0.5,r4b_chance_0.5_to_0.6,0.1136,0.1088,0.1188
floor_0.05,both,G0-start0.5,r4b_chance_0.6_to_0.7,0.2097,0.2045,0.2150
floor_0.05,both,G0-start0.5,r4b_chance_0.7_to_0.8,0.2874,0.2821,0.2928
floor_0.05,both,G0-start0.5,r4b_chance_0.8_up,0.3202,0.3086,0.3323
floor_0.05,both,G0-start0.5,r3_reachable,0.9622,0.9580,0.9663
floor_0.05,both,G0-start0.5,r8_rank_6_20,3.6133,3.1800,4.0867
floor_0.05,both,G0-start0.5,r8_topic_rank_6_20,17.3200,16.3867,18.2333
floor_0.05,both,G0-start0.5,r8_rank_150_200,1.5098,1.2667,1.7412
floor_0.05,both,G0-start0.5,r8_topic_rank_150_200,9.5059,9.1157,9.8902
floor_0.05,both,G0-start0.5,r9_kept_up_6_50,-0.0138,-0.0203,-0.0074
floor_0.05,both,G0-start0.5,r9_kept_up_101_200,-0.0002,-0.0027,0.0022
floor_0.05,both,G0-start0.5,r10_shown,3.7000,3.5020,3.9060
floor_0.05,both,G0-start0.5,r2_ece,0.0060,0.0033,0.0088
floor_0.05,both,G0-start0.5,r4b_3,0.1466,0.1348,0.1584
floor_0.05,both,G0-start0.5,r4b_5,0.1705,0.1566,0.1848
floor_0.05,both,G0-start0.5,r4b_10,0.1780,0.1640,0.1924
floor_0.05,both,G0-start0.5,r4b_20,0.1878,0.1722,0.2030
floor_0.05,both,G0-start0.5,r4b_50,0.2062,0.1787,0.2449
floor_0.05,both,G0-start0.5,r8_move_p95_6_20,73.0000,73.0000,74.0000
floor_0.05,both,G0-start0.5,r8_move_p95_150_200,41.0000,40.0000,41.0000
floor_0.05,both,G0-start0.5,r9_kept_up_later_less_earlier,0.0137,0.0081,0.0196
floor_0.05,both,G0-start0.5,r10_taken_back_5,0.1858,0.1668,0.2054
floor_0.05,both,G0-start0.5,r10_taken_back_10,0.3500,0.3171,0.3840
floor_0.05,both,G0-start2,r1_rms_5,1.0902,1.0479,1.1353
floor_0.05,both,G0-start2,r1_mean_5,-0.0252,-0.0996,0.0492
floor_0.05,both,G0-start2,r1_rms_10,1.0133,0.9737,1.0516
floor_0.05,both,G0-start2,r1_mean_10,-0.0625,-0.1301,0.0030
floor_0.05,both,G0-start2,r1_rms_20,0.9046,0.8725,0.9374
floor_0.05,both,G0-start2,r1_mean_20,-0.0911,-0.1483,-0.0377
floor_0.05,both,G0-start2,r1_rms_50,0.7289,0.7070,0.7519
floor_0.05,both,G0-start2,r1_mean_50,-0.1125,-0.1506,-0.0713
floor_0.05,both,G0-start2,r1_rms_100,0.6003,0.5849,0.6166
floor_0.05,both,G0-start2,r1_mean_100,-0.1163,-0.1442,-0.0882
floor_0.05,both,G0-start2,r1_rms_200,0.5029,0.4930,0.5130
floor_0.05,both,G0-start2,r1_mean_200,-0.0916,-0.1101,-0.0733
floor_0.05,both,G0-start2,r2_brier,0.1751,0.1729,0.1774
floor_0.05,both,G0-start2,r2_bias,0.0020,-0.0015,0.0055
floor_0.05,both,G0-start2,r3_inside,0.3994,0.3916,0.4072
floor_0.05,both,G0-start2,r3_below_0.5,0.0714,0.0609,0.0820
floor_0.05,both,G0-start2,r3_above_0.95,0.0416,0.0361,0.0472
floor_0.05,both,G0-start2,r4_false,0.0343,0.0291,0.0397
floor_0.05,both,G0-start2,r4_false_0.70,0.0067,0.0048,0.0088
floor_0.05,both,G0-start2,r4_below,0.4972,0.4748,0.5190
floor_0.05,both,G0-start2,r4_false_at_task,0.0277,0.0208,0.0350
floor_0.05,both,G0-start2,r4_declared,8.9850,8.5350,9.4350
floor_0.05,both,G0-start2,r5_late_answers,5.0332,4.8617,5.2018
floor_0.05,both,G0-start2,r5_never,0.1674,0.1533,0.1818
floor_0.05,both,G0-start2,r6_lag,-0.1150,-0.1347,-0.0949
floor_0.05,both,G0-start2,r7_error_5,0.9488,0.9013,0.9966
floor_0.05,both,G0-start2,r7_error_10,0.8650,0.8217,0.9109
floor_0.05,both,G0-start2,r7_longest_wrong,1.9170,1.8460,1.9900
floor_0.05,both,G0-start2,r7_hard_first,0.1766,0.1620,0.1925
floor_0.05,both,G0-start2,r4b_chance_below_0.5,0.2020,0.1734,0.2309
floor_0.05,both,G0-start2,r4b_chance_0.5_to_0.6,0.1353,0.1274,0.1428
floor_0.05,both,G0-start2,r4b_chance_0.6_to_0.7,0.2006,0.1919,0.2092
floor_0.05,both,G0-start2,r4b_chance_0.7_to_0.8,0.2360,0.2240,0.2485
floor_0.05,both,G0-start2,r4b_chance_0.8_up,0.2261,0.2118,0.2418
floor_0.05,both,G0-start2,r3_reachable,0.8741,0.8576,0.8892
floor_0.05,both,G0-start2,r8_rank_6_20,3.9133,3.4600,4.3667
floor_0.05,both,G0-start2,r8_topic_rank_6_20,17.5600,16.5800,18.4933
floor_0.05,both,G0-start2,r8_rank_150_200,1.7196,1.4686,1.9961
floor_0.05,both,G0-start2,r8_topic_rank_150_200,8.5863,8.1667,9.0137
floor_0.05,both,G0-start2,r9_kept_up_6_50,-0.0129,-0.0199,-0.0058
floor_0.05,both,G0-start2,r9_kept_up_101_200,0.0042,0.0015,0.0070
floor_0.05,both,G0-start2,r10_shown,4.5160,4.1910,4.8650
floor_0.05,both,G0-start2,r2_ece,0.0026,0.0021,0.0061
floor_0.05,both,G0-start2,r4b_3,0.1358,0.1232,0.1491
floor_0.05,both,G0-start2,r4b_5,0.1638,0.1497,0.1779
floor_0.05,both,G0-start2,r4b_10,0.1810,0.1655,0.1956
floor_0.05,both,G0-start2,r4b_20,0.1864,0.1693,0.2027
floor_0.05,both,G0-start2,r4b_50,0.1898,0.1728,0.2083
floor_0.05,both,G0-start2,r8_move_p95_6_20,73.0000,73.0000,73.0000
floor_0.05,both,G0-start2,r8_move_p95_150_200,41.0000,40.0000,41.0000
floor_0.05,both,G0-start2,r9_kept_up_later_less_earlier,0.0171,0.0108,0.0235
floor_0.05,both,G0-start2,r10_taken_back_5,0.1590,0.1423,0.1763
floor_0.05,both,G0-start2,r10_taken_back_10,0.3354,0.3018,0.3694
floor_0.05,both,G0-topics0.3,r1_rms_5,0.9082,0.8699,0.9462
floor_0.05,both,G0-topics0.3,r1_mean_5,0.0615,-0.0060,0.1265
floor_0.05,both,G0-topics0.3,r1_rms_10,0.8324,0.7990,0.8646
floor_0.05,both,G0-topics0.3,r1_mean_10,0.0222,-0.0364,0.0797
floor_0.05,both,G0-topics0.3,r1_rms_20,0.7312,0.7047,0.7582
floor_0.05,both,G0-topics0.3,r1_mean_20,0.0008,-0.0470,0.0510
floor_0.05,both,G0-topics0.3,r1_rms_50,0.5870,0.5692,0.6055
floor_0.05,both,G0-topics0.3,r1_mean_50,-0.0365,-0.0704,-0.0032
floor_0.05,both,G0-topics0.3,r1_rms_100,0.5028,0.4915,0.5147
floor_0.05,both,G0-topics0.3,r1_mean_100,-0.0603,-0.0834,-0.0377
floor_0.05,both,G0-topics0.3,r1_rms_200,0.4410,0.4334,0.4489
floor_0.05,both,G0-topics0.3,r1_mean_200,-0.0805,-0.0972,-0.0635
floor_0.05,both,G0-topics0.3,r2_brier,0.1758,0.1740,0.1776
floor_0.05,both,G0-topics0.3,r2_bias,0.0076,0.0047,0.0105
floor_0.05,both,G0-topics0.3,r3_inside,0.4524,0.4466,0.4582
floor_0.05,both,G0-topics0.3,r3_below_0.5,0.0318,0.0287,0.0349
floor_0.05,both,G0-topics0.3,r3_above_0.95,0.0218,0.0191,0.0250
floor_0.05,both,G0-topics0.3,r4_false,0.0360,0.0300,0.0429
floor_0.05,both,G0-topics0.3,r4_false_0.70,0.0056,0.0037,0.0078
floor_0.05,both,G0-topics0.3,r4_below,0.5538,0.5353,0.5722
floor_0.05,both,G0-topics0.3,r4_false_at_task,0.0341,0.0254,0.0441
floor_0.05,both,G0-topics0.3,r4_declared,8.5460,8.1630,8.9280
floor_0.05,both,G0-topics0.3,r5_late_answers,4.3930,4.2194,4.5643
floor_0.05,both,G0-topics0.3,r5_never,0.1650,0.1490,0.1805
floor_0.05,both,G0-topics0.3,r6_lag,-0.0833,-0.1012,-0.0673
floor_0.05,both,G0-topics0.3,r7_error_5,0.8420,0.7999,0.8830
floor_0.05,both,G0-topics0.3,r7_error_10,0.7695,0.7332,0.8079
floor_0.05,both,G0-topics0.3,r7_longest_wrong,1.7560,1.7050,1.8080
floor_0.05,both,G0-topics0.3,r7_hard_first,0.1291,0.1178,0.1405
floor_0.05,both,G0-topics0.3,r4b_chance_below_0.5,0.0705,0.0635,0.0777
floor_0.05,both,G0-topics0.3,r4b_chance_0.5_to_0.6,0.1249,0.1180,0.1324
floor_0.05,both,G0-topics0.3,r4b_chance_0.6_to_0.7,0.2212,0.2148,0.2273
floor_0.05,both,G0-topics0.3,r4b_chance_0.7_to_0.8,0.2968,0.2901,0.3040
floor_0.05,both,G0-topics0.3,r4b_chance_0.8_up,0.2865,0.2729,0.3005
floor_0.05,both,G0-topics0.3,r3_reachable,0.9453,0.9373,0.9527
floor_0.05,both,G0-topics0.3,r8_rank_6_20,3.8733,3.4267,4.3400
floor_0.05,both,G0-topics0.3,r8_topic_rank_6_20,18.4333,17.4800,19.4000
floor_0.05,both,G0-topics0.3,r8_rank_150_200,1.9196,1.6529,2.2020
floor_0.05,both,G0-topics0.3,r8_topic_rank_150_200,8.9353,8.5216,9.3490
floor_0.05,both,G0-topics0.3,r9_kept_up_6_50,-0.0166,-0.0230,-0.0101
floor_0.05,both,G0-topics0.3,r9_kept_up_101_200,-0.0027,-0.0051,-0.0002
floor_0.05,both,G0-topics0.3,r10_shown,3.8430,3.6100,4.0710
floor_0.05,both,G0-topics0.3,r2_ece,0.0089,0.0061,0.0119
floor_0.05,both,G0-topics0.3,r4b_3,0.1716,0.1592,0.1851
floor_0.05,both,G0-topics0.3,r4b_5,0.2047,0.1887,0.2212
floor_0.05,both,G0-topics0.3,r4b_10,0.2179,0.2020,0.2332
floor_0.05,both,G0-topics0.3,r4b_20,0.2300,0.2126,0.2467
floor_0.05,both,G0-topics0.3,r4b_50,0.2496,0.2212,0.2870
floor_0.05,both,G0-topics0.3,r8_move_p95_6_20,73.0000,73.0000,74.0000
floor_0.05,both,G0-topics0.3,r8_move_p95_150_200,41.0000,40.0000,41.0000
floor_0.05,both,G0-topics0.3,r9_kept_up_later_less_earlier,0.0139,0.0076,0.0198
floor_0.05,both,G0-topics0.3,r10_taken_back_5,0.2027,0.1824,0.2221
floor_0.05,both,G0-topics0.3,r10_taken_back_10,0.3649,0.3306,0.3989
floor_0.05,both,G0-topics1,r1_rms_5,1.2869,1.2536,1.3224
floor_0.05,both,G0-topics1,r1_mean_5,-0.0538,-0.1219,0.0104
floor_0.05,both,G0-topics1,r1_rms_10,1.2628,1.2323,1.2921
floor_0.05,both,G0-topics1,r1_mean_10,-0.0780,-0.1379,-0.0140
floor_0.05,both,G0-topics1,r1_rms_20,1.1774,1.1524,1.2017
floor_0.05,both,G0-topics1,r1_mean_20,-0.1256,-0.1764,-0.0712
floor_0.05,both,G0-topics1,r1_rms_50,1.0074,0.9881,1.0263
floor_0.05,both,G0-topics1,r1_mean_50,-0.1811,-0.2181,-0.1422
floor_0.05,both,G0-topics1,r1_rms_100,0.8526,0.8381,0.8675
floor_0.05,both,G0-topics1,r1_mean_100,-0.1860,-0.2127,-0.1601
floor_0.05,both,G0-topics1,r1_rms_200,0.7211,0.7087,0.7328
floor_0.05,both,G0-topics1,r1_mean_200,-0.1632,-0.1815,-0.1440
floor_0.05,both,G0-topics1,r2_brier,0.1748,0.1732,0.1765
floor_0.05,both,G0-topics1,r2_bias,0.0062,0.0033,0.0092
floor_0.05,both,G0-topics1,r3_inside,0.3680,0.3634,0.3729
floor_0.05,both,G0-topics1,r3_below_0.5,0.0627,0.0585,0.0671
floor_0.05,both,G0-topics1,r3_above_0.95,0.0675,0.0631,0.0721
floor_0.05,both,G0-topics1,r4_false,0.0586,0.0516,0.0652
floor_0.05,both,G0-topics1,r4_false_0.70,0.0244,0.0200,0.0289
floor_0.05,both,G0-topics1,r4_below,0.5740,0.5548,0.5928
floor_0.05,both,G0-topics1,r4_false_at_task,0.0585,0.0492,0.0680
floor_0.05,both,G0-topics1,r4_declared,8.2310,7.8440,8.6370
floor_0.05,both,G0-topics1,r5_late_answers,4.9142,4.7412,5.1025
floor_0.05,both,G0-topics1,r5_never,0.2617,0.2490,0.2749
floor_0.05,both,G0-topics1,r6_lag,-0.1687,-0.1862,-0.1512
floor_0.05,both,G0-topics1,r7_error_5,0.8726,0.8337,0.9137
floor_0.05,both,G0-topics1,r7_error_10,0.8047,0.7650,0.8450
floor_0.05,both,G0-topics1,r7_longest_wrong,1.9440,1.8760,2.0140
floor_0.05,both,G0-topics1,r7_hard_first,0.1882,0.1766,0.2003
floor_0.05,both,G0-topics1,r4b_chance_below_0.5,0.1376,0.1266,0.1495
floor_0.05,both,G0-topics1,r4b_chance_0.5_to_0.6,0.1301,0.1253,0.1350
floor_0.05,both,G0-topics1,r4b_chance_0.6_to_0.7,0.2024,0.1972,0.2083
floor_0.05,both,G0-topics1,r4b_chance_0.7_to_0.8,0.2526,0.2463,0.2591
floor_0.05,both,G0-topics1,r4b_chance_0.8_up,0.2773,0.2664,0.2893
floor_0.05,both,G0-topics1,r3_reachable,0.9151,0.9074,0.9224
floor_0.05,both,G0-topics1,r8_rank_6_20,3.9467,3.4933,4.4333
floor_0.05,both,G0-topics1,r8_topic_rank_6_20,18.3667,17.4400,19.3267
floor_0.05,both,G0-topics1,r8_rank_150_200,1.6863,1.4451,1.9588
floor_0.05,both,G0-topics1,r8_topic_rank_150_200,8.7333,8.3373,9.1176
floor_0.05,both,G0-topics1,r9_kept_up_6_50,-0.0264,-0.0331,-0.0193
floor_0.05,both,G0-topics1,r9_kept_up_101_200,0.0026,-0.0001,0.0051
floor_0.05,both,G0-topics1,r10_shown,3.5380,3.3130,3.7680
floor_0.05,both,G0-topics1,r2_ece,0.0076,0.0047,0.0103
floor_0.05,both,G0-topics1,r4b_3,0.1646,0.1517,0.1769
floor_0.05,both,G0-topics1,r4b_5,0.2041,0.1888,0.2193
floor_0.05,both,G0-topics1,r4b_10,0.2193,0.2036,0.2350
floor_0.05,both,G0-topics1,r4b_20,0.2282,0.2109,0.2453
floor_0.05,both,G0-topics1,r4b_50,0.2282,0.2122,0.2450
floor_0.05,both,G0-topics1,r8_move_p95_6_20,73.0000,73.0000,73.0000
floor_0.05,both,G0-topics1,r8_move_p95_150_200,40.0000,39.0000,40.0000
floor_0.05,both,G0-topics1,r9_kept_up_later_less_earlier,0.0290,0.0231,0.0353
floor_0.05,both,G0-topics1,r10_taken_back_5,0.2028,0.1811,0.2252
floor_0.05,both,G0-topics1,r10_taken_back_10,0.3936,0.3572,0.4278
no_trial,both,G0,r1_rms_5,0.8868,0.8580,0.9178
no_trial,both,G0,r1_mean_5,-0.0696,-0.1241,-0.0132
no_trial,both,G0,r1_rms_10,0.8422,0.8168,0.8674
no_trial,both,G0,r1_mean_10,-0.0762,-0.1262,-0.0268
no_trial,both,G0,r1_rms_20,0.7666,0.7457,0.7882
no_trial,both,G0,r1_mean_20,-0.0908,-0.1311,-0.0466
no_trial,both,G0,r1_rms_50,0.6277,0.6144,0.6415
no_trial,both,G0,r1_mean_50,-0.1068,-0.1339,-0.0782
no_trial,both,G0,r1_rms_100,0.5385,0.5290,0.5478
no_trial,both,G0,r1_mean_100,-0.1030,-0.1229,-0.0818
no_trial,both,G0,r1_rms_200,0.4690,0.4609,0.4770
no_trial,both,G0,r1_mean_200,-0.1005,-0.1145,-0.0858
no_trial,both,G0,r2_brier,0.1704,0.1686,0.1722
no_trial,both,G0,r2_bias,0.0012,-0.0019,0.0042
no_trial,both,G0,r3_inside,0.4419,0.4364,0.4473
no_trial,both,G0,r3_below_0.5,0.0290,0.0258,0.0325
no_trial,both,G0,r3_above_0.95,0.0274,0.0248,0.0303
no_trial,both,G0,r4_false,0.0286,0.0236,0.0340
no_trial,both,G0,r4_false_0.70,0.0064,0.0044,0.0087
no_trial,both,G0,r4_below,0.5562,0.5399,0.5714
no_trial,both,G0,r4_false_at_task,0.0170,0.0124,0.0222
no_trial,both,G0,r4_declared,8.1010,7.7330,8.4940
no_trial,both,G0,r5_late_answers,4.4349,4.2529,4.6217
no_trial,both,G0,r5_never,0.2248,0.2097,0.2405
no_trial,both,G0,r6_lag,-0.1115,-0.1278,-0.0957
no_trial,both,G0,r7_error_5,0.7239,0.6893,0.7569
no_trial,both,G0,r7_error_10,0.6628,0.6325,0.6952
no_trial,both,G0,r7_longest_wrong,1.6600,1.5980,1.7260
no_trial,both,G0,r7_hard_first,0.0885,0.0781,0.0996
no_trial,both,G0,r4b_chance_below_0.5,0.0715,0.0631,0.0822
no_trial,both,G0,r4b_chance_0.5_to_0.6,0.1270,0.1211,0.1334
no_trial,both,G0,r4b_chance_0.6_to_0.7,0.2248,0.2194,0.2304
no_trial,both,G0,r4b_chance_0.7_to_0.8,0.3016,0.2940,0.3092
no_trial,both,G0,r4b_chance_0.8_up,0.2752,0.2639,0.2871
no_trial,both,G0,r3_reachable,0.9375,0.9289,0.9458
no_trial,both,G0,r8_rank_6_20,4.3133,3.8200,4.8267
no_trial,both,G0,r8_topic_rank_6_20,18.1933,17.3867,19.0267
no_trial,both,G0,r8_rank_150_200,0.8098,0.6294,1.0059
no_trial,both,G0,r8_topic_rank_150_200,7.6588,7.2961,8.0039
no_trial,both,G0,r9_kept_up_6_50,-0.0065,-0.0121,-0.0008
no_trial,both,G0,r9_kept_up_101_200,0.0017,-0.0009,0.0045
no_trial,both,G0,r10_shown,3.5720,3.3660,3.7800
no_trial,both,G0,r2_ece,0.0021,0.0014,0.0047
no_trial,both,G0,r4b_3,0.1557,0.1428,0.1686
no_trial,both,G0,r4b_5,0.1810,0.1668,0.1951
no_trial,both,G0,r4b_10,0.1894,0.1759,0.2046
no_trial,both,G0,r4b_20,0.1937,0.1797,0.2095
no_trial,both,G0,r4b_50,0.1992,0.1811,0.2197
no_trial,both,G0,r8_move_p95_6_20,73.0000,73.0000,74.0000
no_trial,both,G0,r8_move_p95_150_200,36.0000,35.0000,36.0000
no_trial,both,G0,r9_kept_up_later_less_earlier,0.0082,0.0030,0.0138
no_trial,both,G0,r10_taken_back_5,0.1898,0.1645,0.2162
no_trial,both,G0,r10_taken_back_10,0.3356,0.2963,0.3749
no_trial,both,G1,r1_rms_5,2.1667,2.1469,2.1875
no_trial,both,G1,r1_mean_5,-0.1480,-0.2823,-0.0143
no_trial,both,G1,r1_rms_10,1.9718,1.9510,1.9951
no_trial,both,G1,r1_mean_10,-0.2266,-0.3426,-0.1097
no_trial,both,G1,r1_rms_20,1.6899,1.6653,1.7127
no_trial,both,G1,r1_mean_20,-0.2878,-0.3878,-0.1851
no_trial,both,G1,r1_rms_50,1.1825,1.1597,1.2047
no_trial,both,G1,r1_mean_50,-0.3298,-0.3966,-0.2620
no_trial,both,G1,r1_rms_100,0.8817,0.8631,0.8991
no_trial,both,G1,r1_mean_100,-0.3021,-0.3477,-0.2551
no_trial,both,G1,r1_rms_200,0.6682,0.6559,0.6809
no_trial,both,G1,r1_mean_200,-0.2236,-0.2567,-0.1948
no_trial,both,G1,r2_brier,0.1732,0.1688,0.1774
no_trial,both,G1,r2_bias,-0.0062,-0.0130,0.0006
no_trial,both,G1,r3_inside,0.2295,0.2221,0.2372
no_trial,both,G1,r3_below_0.5,0.1388,0.1271,0.1505
no_trial,both,G1,r3_above_0.95,0.1318,0.1232,0.1406
no_trial,both,G1,r4_false,0.0095,0.0071,0.0122
no_trial,both,G1,r4_false_0.70,0.0068,0.0047,0.0090
no_trial,both,G1,r4_below,0.6411,0.6157,0.6655
no_trial,both,G1,r4_false_at_task,0.0029,0.0011,0.0051
no_trial,both,G1,r4_declared,10.6480,10.0150,11.2420
no_trial,both,G1,r5_late_answers,5.9534,5.8022,6.1243
no_trial,both,G1,r5_never,0.0395,0.0352,0.0442
no_trial,both,G1,r6_lag,-0.2961,-0.3303,-0.2630
no_trial,both,G1,r7_error_5,2.2374,2.2267,2.2479
no_trial,both,G1,r7_error_10,2.0496,2.0347,2.0639
no_trial,both,G1,r7_longest_wrong,2.0300,1.9170,2.1550
no_trial,both,G1,r7_hard_first,0.3912,0.3665,0.4158
no_trial,both,G1,r4b_chance_below_0.5,0.3250,0.3073,0.3411
no_trial,both,G1,r4b_chance_0.5_to_0.6,0.1932,0.1862,0.2005
no_trial,both,G1,r4b_chance_0.6_to_0.7,0.1678,0.1621,0.1733
no_trial,both,G1,r4b_chance_0.7_to_0.8,0.1405,0.1328,0.1484
no_trial,both,G1,r4b_chance_0.8_up,0.1736,0.1589,0.1910
no_trial,both,G1,r3_reachable,0.7921,0.7708,0.8140
no_trial,both,G1,r8_rank_6_20,4.8733,4.4733,5.2800
no_trial,both,G1,r8_topic_rank_6_20,17.9933,17.1867,18.8133
no_trial,both,G1,r8_rank_150_200,0.6569,0.5000,0.8294
no_trial,both,G1,r8_topic_rank_150_200,6.2039,5.8078,6.5922
no_trial,both,G1,r9_kept_up_6_50,-0.0301,-0.0423,-0.0181
no_trial,both,G1,r9_kept_up_101_200,0.0235,0.0190,0.0280
no_trial,both,G1,r10_shown,3.7600,3.3810,4.1510
no_trial,both,G1,r2_ece,0.0154,0.0103,0.0217
no_trial,both,G1,r4b_3,0.0816,0.0699,0.0938
no_trial,both,G1,r4b_5,0.1066,0.0919,0.1218
no_trial,both,G1,r4b_10,0.1125,0.0974,0.1271
no_trial,both,G1,r4b_20,0.1130,0.0977,0.1277
no_trial,both,G1,r4b_50,0.1130,0.0978,0.1282
no_trial,both,G1,r8_move_p95_6_20,74.0000,74.0000,74.0000
no_trial,both,G1,r8_move_p95_150_200,33.0000,33.0000,34.0000
no_trial,both,G1,r9_kept_up_later_less_earlier,0.0536,0.0447,0.0623
no_trial,both,G1,r10_taken_back_5,0.1259,0.1058,0.1491
no_trial,both,G1,r10_taken_back_10,0.2792,0.2395,0.3195
no_trial,both,G2,r1_rms_5,0.8657,0.8392,0.8931
no_trial,both,G2,r1_mean_5,-0.0792,-0.1328,-0.0236
no_trial,both,G2,r1_rms_10,0.8198,0.7961,0.8432
no_trial,both,G2,r1_mean_10,-0.1589,-0.2070,-0.1107
no_trial,both,G2,r1_rms_20,0.7740,0.7525,0.7956
no_trial,both,G2,r1_mean_20,-0.2635,-0.3036,-0.2229
no_trial,both,G2,r1_rms_50,0.7718,0.7522,0.7923
no_trial,both,G2,r1_mean_50,-0.4996,-0.5292,-0.4701
no_trial,both,G2,r1_rms_100,0.9549,0.9361,0.9725
no_trial,both,G2,r1_mean_100,-0.8186,-0.8417,-0.7962
no_trial,both,G2,r1_rms_200,1.4521,1.4355,1.4698
no_trial,both,G2,r1_mean_200,-1.3823,-1.3997,-1.3649
no_trial,both,G2,r2_brier,0.1262,0.1248,0.1277
no_trial,both,G2,r2_bias,-0.0782,-0.0806,-0.0757
no_trial,both,G2,r3_inside,0.2619,0.2557,0.2678
no_trial,both,G2,r3_below_0.5,0.0110,0.0098,0.0123
no_trial,both,G2,r3_above_0.95,0.1589,0.1514,0.1663
no_trial,both,G2,r4_false,0.0034,0.0020,0.0050
no_trial,both,G2,r4_false_0.70,0.0005,0.0001,0.0010
no_trial,both,G2,r4_below,0.5759,0.5583,0.5946
no_trial,both,G2,r4_false_at_task,0.0018,0.0006,0.0033
no_trial,both,G2,r4_declared,10.3840,9.9800,10.8220
no_trial,both,G2,r5_late_answers,6.5060,6.3132,6.7032
no_trial,both,G2,r5_never,0.3973,0.3831,0.4129
no_trial,both,G2,r6_lag,-1.1262,-1.1457,-1.1066
no_trial,both,G2,r7_error_5,0.6955,0.6653,0.7255
no_trial,both,G2,r7_error_10,0.6316,0.6018,0.6613
no_trial,both,G2,r7_longest_wrong,1.6530,1.5900,1.7160
no_trial,both,G2,r7_hard_first,0.0867,0.0771,0.0968
no_trial,both,G2,r4b_chance_below_0.5,0.0433,0.0392,0.0479
no_trial,both,G2,r4b_chance_0.5_to_0.6,0.0683,0.0645,0.0721
no_trial,both,G2,r4b_chance_0.6_to_0.7,0.1429,0.1374,0.1484
no_trial,both,G2,r4b_chance_0.7_to_0.8,0.2545,0.2480,0.2612
no_trial,both,G2,r4b_chance_0.8_up,0.4911,0.4796,0.5024
no_trial,both,G2,r3_reachable,0.9635,0.9591,0.9670
no_trial,both,G2,r8_rank_6_20,5.0333,4.4800,5.5733
no_trial,both,G2,r8_topic_rank_6_20,17.9333,17.0400,18.8067
no_trial,both,G2,r8_rank_150_200,0.5392,0.4392,0.6431
no_trial,both,G2,r8_topic_rank_150_200,6.7431,6.4196,7.0549
no_trial,both,G2,r9_kept_up_6_50,0.0198,0.0146,0.0249
no_trial,both,G2,r9_kept_up_101_200,0.1156,0.1134,0.1177
no_trial,both,G2,r10_shown,4.4160,4.1230,4.7110
no_trial,both,G2,r2_ece,0.0782,0.0758,0.0807
no_trial,both,G2,r4b_3,0.1786,0.1642,0.1935
no_trial,both,G2,r4b_5,0.2143,0.1980,0.2308
no_trial,both,G2,r4b_10,0.2499,0.2295,0.2703
no_trial,both,G2,r4b_20,0.2758,0.2506,0.3014
no_trial,both,G2,r4b_50,0.3000,0.2578,0.3612
no_trial,both,G2,r8_move_p95_6_20,73.0000,73.0000,74.0000
no_trial,both,G2,r8_move_p95_150_200,31.0000,31.0000,32.0000
no_trial,both,G2,r9_kept_up_later_less_earlier,0.0958,0.0907,0.1008
no_trial,both,G2,r10_taken_back_5,0.0483,0.0388,0.0581
no_trial,both,G2,r10_taken_back_10,0.1018,0.0849,0.1192
no_trial,both,G3,r1_rms_5,0.8839,0.8545,0.9128
no_trial,both,G3,r1_mean_5,-0.0281,-0.0847,0.0298
no_trial,both,G3,r1_rms_10,0.8325,0.8078,0.8580
no_trial,both,G3,r1_mean_10,-0.0566,-0.1073,-0.0072
no_trial,both,G3,r1_rms_20,0.7624,0.7430,0.7833
no_trial,both,G3,r1_mean_20,-0.0715,-0.1145,-0.0276
no_trial,both,G3,r1_rms_50,0.6425,0.6281,0.6580
no_trial,both,G3,r1_mean_50,-0.1196,-0.1500,-0.0908
no_trial,both,G3,r1_rms_100,0.7969,0.7742,0.8193
no_trial,both,G3,r1_mean_100,-0.5294,-0.5616,-0.4972
no_trial,both,G3,r1_rms_200,0.8466,0.8296,0.8626
no_trial,both,G3,r1_mean_200,-0.7138,-0.7323,-0.6950
no_trial,both,G3,r2_brier,0.1482,0.1466,0.1498
no_trial,both,G3,r2_bias,-0.0391,-0.0418,-0.0362
no_trial,both,G3,r3_inside,0.3478,0.3418,0.3539
no_trial,both,G3,r3_below_0.5,0.0211,0.0188,0.0236
no_trial,both,G3,r3_above_0.95,0.0813,0.0765,0.0863
no_trial,both,G3,r4_false,0.0165,0.0131,0.0203
no_trial,both,G3,r4_false_0.70,0.0036,0.0024,0.0050
no_trial,both,G3,r4_below,0.5694,0.5509,0.5891
no_trial,both,G3,r4_false_at_task,0.0128,0.0085,0.0176
no_trial,both,G3,r4_declared,8.5470,8.1470,8.9460
no_trial,both,G3,r5_late_answers,5.5796,5.3673,5.7928
no_trial,both,G3,r5_never,0.3604,0.3453,0.3753
no_trial,both,G3,r6_lag,-0.7018,-0.7215,-0.6815
no_trial,both,G3,r6_jump_answers,81.8780,79.7370,84.1720
no_trial,both,G3,r6_jump_unsettled,0.7300,0.7030,0.7570
no_trial,both,G3,r7_error_5,0.7193,0.6849,0.7530
no_trial,both,G3,r7_error_10,0.6597,0.6294,0.6893
no_trial,both,G3,r7_longest_wrong,1.6220,1.5570,1.6850
no_trial,both,G3,r7_hard_first,0.0937,0.0829,0.1050
no_trial,both,G3,r4b_chance_below_0.5,0.0612,0.0541,0.0694
no_trial,both,G3,r4b_chance_0.5_to_0.6,0.0953,0.0909,0.0998
no_trial,both,G3,r4b_chance_0.6_to_0.7,0.1758,0.1708,0.1810
no_trial,both,G3,r4b_chance_0.7_to_0.8,0.2737,0.2678,0.2796
no_trial,both,G3,r4b_chance_0.8_up,0.3940,0.3816,0.4061
no_trial,both,G3,r3_reachable,0.9529,0.9463,0.9592
no_trial,both,G3,r8_rank_6_20,5.3733,4.8267,5.9200
no_trial,both,G3,r8_topic_rank_6_20,18.8267,17.9800,19.6467
no_trial,both,G3,r8_rank_150_200,0.7137,0.5569,0.8863
no_trial,both,G3,r8_topic_rank_150_200,6.9412,6.6059,7.2667
no_trial,both,G3,r9_kept_up_6_50,-0.0118,-0.0175,-0.0064
no_trial,both,G3,r9_kept_up_101_200,0.0714,0.0688,0.0739
no_trial,both,G3,r10_shown,3.6320,3.3930,3.8870
no_trial,both,G3,r2_ece,0.0391,0.0363,0.0419
no_trial,both,G3,r4b_3,0.1553,0.1417,0.1677
no_trial,both,G3,r4b_5,0.1862,0.1711,0.2011
no_trial,both,G3,r4b_10,0.2147,0.1984,0.2323
no_trial,both,G3,r4b_20,0.2344,0.2147,0.2564
no_trial,both,G3,r4b_50,0.2344,0.2134,0.2564
no_trial,both,G3,r8_move_p95_6_20,73.0000,73.0000,74.0000
no_trial,both,G3,r8_move_p95_150_200,33.0000,33.0000,34.0000
no_trial,both,G3,r9_kept_up_later_less_earlier,0.0832,0.0780,0.0888
no_trial,both,G3,r10_taken_back_5,0.0853,0.0694,0.1018
no_trial,both,G3,r10_taken_back_10,0.1675,0.1420,0.1934
no_trial,both,G4,r1_rms_5,0.8742,0.8465,0.9025
no_trial,both,G4,r1_mean_5,-0.1427,-0.1972,-0.0868
no_trial,both,G4,r1_rms_10,0.8364,0.8118,0.8610
no_trial,both,G4,r1_mean_10,-0.1997,-0.2444,-0.1540
no_trial,both,G4,r1_rms_20,0.7761,0.7557,0.7977
no_trial,both,G4,r1_mean_20,-0.2705,-0.3102,-0.2305
no_trial,both,G4,r1_rms_50,0.6973,0.6821,0.7140
no_trial,both,G4,r1_mean_50,-0.3716,-0.3984,-0.3437
no_trial,both,G4,r1_rms_100,0.6689,0.6553,0.6822
no_trial,both,G4,r1_mean_100,-0.4374,-0.4575,-0.4182
no_trial,both,G4,r1_rms_200,0.6448,0.6337,0.6558
no_trial,both,G4,r1_mean_200,-0.4664,-0.4813,-0.4515
no_trial,both,G4,r2_brier,0.1806,0.1789,0.1824
no_trial,both,G4,r2_bias,0.0182,0.0152,0.0209
no_trial,both,G4,r3_inside,0.4012,0.3971,0.4048
no_trial,both,G4,r3_below_0.5,0.0503,0.0466,0.0543
no_trial,both,G4,r3_above_0.95,0.0302,0.0277,0.0328
no_trial,both,G4,r4_false,0.0081,0.0060,0.0104
no_trial,both,G4,r4_false_0.70,0.0017,0.0007,0.0028
no_trial,both,G4,r4_below,0.5511,0.5355,0.5662
no_trial,both,G4,r4_false_at_task,0.0031,0.0015,0.0051
no_trial,both,G4,r4_declared,7.1910,6.8470,7.5290
no_trial,both,G4,r5_late_answers,3.9187,3.7432,4.1010
no_trial,both,G4,r5_never,0.3263,0.3085,0.3437
no_trial,both,G4,r6_lag,-0.4574,-0.4734,-0.4416
no_trial,both,G4,r7_error_5,0.7206,0.6895,0.7547
no_trial,both,G4,r7_error_10,0.6647,0.6348,0.6955
no_trial,both,G4,r7_longest_wrong,1.8270,1.7660,1.8940
no_trial,both,G4,r7_hard_first,0.1566,0.1433,0.1707
no_trial,both,G4,r4b_chance_below_0.5,0.1141,0.1044,0.1248
no_trial,both,G4,r4b_chance_0.5_to_0.6,0.1439,0.1390,0.1492
no_trial,both,G4,r4b_chance_0.6_to_0.7,0.2150,0.2104,0.2195
no_trial,both,G4,r4b_chance_0.7_to_0.8,0.2579,0.2518,0.2641
no_trial,both,G4,r4b_chance_0.8_up,0.2691,0.2588,0.2795
no_trial,both,G4,r3_reachable,0.9487,0.9409,0.9562
no_trial,both,G4,r8_rank_6_20,5.0133,4.4733,5.5533
no_trial,both,G4,r8_topic_rank_6_20,19.7000,18.8533,20.5400
no_trial,both,G4,r8_rank_150_200,0.7098,0.5529,0.8863
no_trial,both,G4,r8_topic_rank_150_200,7.6824,7.3118,8.0431
no_trial,both,G4,r9_kept_up_6_50,-0.0399,-0.0460,-0.0343
no_trial,both,G4,r9_kept_up_101_200,-0.0060,-0.0086,-0.0033
no_trial,both,G4,r10_shown,3.2780,3.0710,3.4790
no_trial,both,G4,r2_ece,0.0186,0.0160,0.0214
no_trial,both,G4,r4b_3,0.1425,0.1302,0.1550
no_trial,both,G4,r4b_5,0.1715,0.1576,0.1862
no_trial,both,G4,r4b_10,0.1799,0.1654,0.1942
no_trial,both,G4,r4b_20,0.1810,0.1668,0.1958
no_trial,both,G4,r4b_50,0.1810,0.1669,0.1959
no_trial,both,G4,r8_move_p95_6_20,74.0000,74.0000,74.0000
no_trial,both,G4,r8_move_p95_150_200,35.0000,35.0000,36.0000
no_trial,both,G4,r9_kept_up_later_less_earlier,0.0339,0.0285,0.0399
no_trial,both,G4,r10_taken_back_5,0.1802,0.1555,0.2046
no_trial,both,G4,r10_taken_back_10,0.3499,0.3127,0.3896
no_trial,both,G5,r1_rms_5,0.9089,0.8701,0.9472
no_trial,both,G5,r1_mean_5,-0.0475,-0.1110,0.0185
no_trial,both,G5,r1_rms_10,0.8561,0.8236,0.8892
no_trial,both,G5,r1_mean_10,-0.0594,-0.1173,-0.0019
no_trial,both,G5,r1_rms_20,0.8436,0.8203,0.8683
no_trial,both,G5,r1_mean_20,-0.0898,-0.1368,-0.0413
no_trial,both,G5,r1_rms_50,0.7064,0.6891,0.7249
no_trial,both,G5,r1_mean_50,-0.1150,-0.1459,-0.0837
no_trial,both,G5,r1_rms_100,0.6091,0.5955,0.6228
no_trial,both,G5,r1_mean_100,-0.1349,-0.1568,-0.1133
no_trial,both,G5,r1_rms_200,0.5230,0.5124,0.5338
no_trial,both,G5,r1_mean_200,-0.1221,-0.1380,-0.1063
no_trial,both,G5,r2_brier,0.1734,0.1714,0.1754
no_trial,both,G5,r2_bias,0.0047,0.0017,0.0077
no_trial,both,G5,r3_inside,0.4099,0.4039,0.4161
no_trial,both,G5,r3_below_0.5,0.0409,0.0366,0.0455
no_trial,both,G5,r3_above_0.95,0.0380,0.0344,0.0419
no_trial,both,G5,r4_false,0.0334,0.0276,0.0401
no_trial,both,G5,r4_false_0.70,0.0058,0.0035,0.0083
no_trial,both,G5,r4_below,0.5706,0.5533,0.5884
no_trial,both,G5,r4_false_at_task,0.0204,0.0149,0.0266
no_trial,both,G5,r4_declared,7.7810,7.4190,8.1520
no_trial,both,G5,r5_late_answers,4.4342,4.2247,4.6404
no_trial,both,G5,r5_never,0.2459,0.2311,0.2610
no_trial,both,G5,r6_lag,-0.1171,-0.1352,-0.0984
no_trial,both,G5,r7_error_5,0.6996,0.6679,0.7324
no_trial,both,G5,r7_error_10,0.6548,0.6230,0.6853
no_trial,both,G5,r7_longest_wrong,1.7620,1.6950,1.8320
no_trial,both,G5,r7_hard_first,0.1122,0.0990,0.1258
no_trial,both,G5,r4b_chance_below_0.5,0.1015,0.0892,0.1145
no_trial,both,G5,r4b_chance_0.5_to_0.6,0.1439,0.1364,0.1518
no_trial,both,G5,r4b_chance_0.6_to_0.7,0.2293,0.2226,0.2360
no_trial,both,G5,r4b_chance_0.7_to_0.8,0.2799,0.2707,0.2890
no_trial,both,G5,r4b_chance_0.8_up,0.2454,0.2322,0.2581
no_trial,both,G5,r3_reachable,0.9173,0.9056,0.9288
no_trial,both,G5,r8_rank_6_20,4.6267,4.1600,5.1000
no_trial,both,G5,r8_topic_rank_6_20,18.4867,17.7133,19.3067
no_trial,both,G5,r8_rank_150_200,0.6627,0.5098,0.8392
no_trial,both,G5,r8_topic_rank_150_200,7.3314,6.9627,7.7059
no_trial,both,G5,r9_kept_up_6_50,-0.0162,-0.0224,-0.0101
no_trial,both,G5,r9_kept_up_101_200,0.0027,-0.0003,0.0054
no_trial,both,G5,r10_shown,3.4170,3.2140,3.6280
no_trial,both,G5,r2_ece,0.0052,0.0022,0.0086
no_trial,both,G5,r4b_3,0.1624,0.1475,0.1763
no_trial,both,G5,r4b_5,0.1924,0.1762,0.2078
no_trial,both,G5,r4b_10,0.2017,0.1849,0.2180
no_trial,both,G5,r4b_20,0.2100,0.1922,0.2280
no_trial,both,G5,r4b_50,0.2214,0.1997,0.2462
no_trial,both,G5,r8_move_p95_6_20,74.0000,73.0000,74.0000
no_trial,both,G5,r8_move_p95_150_200,36.0000,35.0000,36.0000
no_trial,both,G5,r9_kept_up_later_less_earlier,0.0189,0.0130,0.0248
no_trial,both,G5,r10_taken_back_5,0.1762,0.1512,0.2019
no_trial,both,G5,r10_taken_back_10,0.3413,0.3028,0.3823
no_trial,both,G6,r1_rms_5,0.8713,0.8444,0.9000
no_trial,both,G6,r1_mean_5,-0.0396,-0.0951,0.0140
no_trial,both,G6,r1_rms_10,0.8406,0.8154,0.8674
no_trial,both,G6,r1_mean_10,-0.0627,-0.1136,-0.0106
no_trial,both,G6,r1_rms_20,0.7838,0.7617,0.8081
no_trial,both,G6,r1_mean_20,-0.0837,-0.1288,-0.0393
no_trial,both,G6,r1_rms_50,0.7157,0.6956,0.7368
no_trial,both,G6,r1_mean_50,-0.1203,-0.1580,-0.0821
no_trial,both,G6,r1_rms_100,0.6969,0.6760,0.7185
no_trial,both,G6,r1_mean_100,-0.1533,-0.1902,-0.1161
no_trial,both,G6,r1_rms_200,0.6934,0.6733,0.7155
no_trial,both,G6,r1_mean_200,-0.1871,-0.2245,-0.1520
no_trial,both,G6,r2_brier,0.1752,0.1731,0.1773
no_trial,both,G6,r2_bias,0.0102,0.0068,0.0135
no_trial,both,G6,r3_inside,0.4338,0.4194,0.4483
no_trial,both,G6,r3_below_0.5,0.0475,0.0434,0.0520
no_trial,both,G6,r3_above_0.95,0.1066,0.0983,0.1153
no_trial,both,G6,r4_false,0.0753,0.0639,0.0874
no_trial,both,G6,r4_false_0.70,0.0147,0.0105,0.0194
no_trial,both,G6,r4_below,0.5646,0.5457,0.5830
no_trial,both,G6,r4_false_at_task,0.0650,0.0524,0.0785
no_trial,both,G6,r4_declared,7.8440,7.4380,8.2520
no_trial,both,G6,r5_late_answers,4.2954,4.1264,4.4740
no_trial,both,G6,r5_never,0.1781,0.1617,0.1940
no_trial,both,G6,r6_lag,-0.1738,-0.2096,-0.1368
no_trial,both,G6,r7_error_5,0.7218,0.6894,0.7569
no_trial,both,G6,r7_error_10,0.6682,0.6372,0.7003
no_trial,both,G6,r7_longest_wrong,1.6790,1.6110,1.7480
no_trial,both,G6,r7_hard_first,0.0880,0.0774,0.0985
no_trial,both,G6,r4b_chance_below_0.5,0.0941,0.0829,0.1055
no_trial,both,G6,r4b_chance_0.5_to_0.6,0.1140,0.1057,0.1233
no_trial,both,G6,r4b_chance_0.6_to_0.7,0.2575,0.2462,0.2689
no_trial,both,G6,r4b_chance_0.7_to_0.8,0.3274,0.3131,0.3415
no_trial,both,G6,r4b_chance_0.8_up,0.2071,0.1946,0.2197
no_trial,both,G6,r3_reachable,0.7818,0.7670,0.7972
no_trial,both,G6,r8_rank_6_20,4.9267,4.4267,5.4467
no_trial,both,G6,r8_topic_rank_6_20,18.8733,18.0333,19.7400
no_trial,both,G6,r8_rank_150_200,0.7314,0.5725,0.9020
no_trial,both,G6,r8_topic_rank_150_200,7.8000,7.4333,8.1765
no_trial,both,G6,r9_kept_up_6_50,-0.0136,-0.0196,-0.0076
no_trial,both,G6,r9_kept_up_101_200,-0.0073,-0.0105,-0.0042
no_trial,both,G6,r10_shown,3.4470,3.2100,3.6940
no_trial,both,G6,r2_ece,0.0105,0.0072,0.0139
no_trial,both,G6,r4b_3,0.1796,0.1653,0.1937
no_trial,both,G6,r4b_5,0.2188,0.2016,0.2348
no_trial,both,G6,r4b_10,0.2312,0.2136,0.2484
no_trial,both,G6,r4b_20,0.2362,0.2185,0.2553
no_trial,both,G6,r4b_50,0.2384,0.2195,0.2573
no_trial,both,G6,r8_move_p95_6_20,73.0000,73.0000,74.0000
no_trial,both,G6,r8_move_p95_150_200,36.0000,35.0000,36.0000
no_trial,both,G6,r9_kept_up_later_less_earlier,0.0062,0.0011,0.0117
no_trial,both,G6,r10_taken_back_5,0.1855,0.1580,0.2156
no_trial,both,G6,r10_taken_back_10,0.3989,0.3520,0.4479
no_trial,both,G7,r1_rms_5,0.8478,0.8178,0.8776
no_trial,both,G7,r1_mean_5,-0.0093,-0.0644,0.0440
no_trial,both,G7,r1_rms_10,0.8036,0.7794,0.8289
no_trial,both,G7,r1_mean_10,-0.0522,-0.0988,-0.0060
no_trial,both,G7,r1_rms_20,0.7493,0.7273,0.7709
no_trial,both,G7,r1_mean_20,-0.0842,-0.1247,-0.0424
no_trial,both,G7,r1_rms_50,0.6470,0.6309,0.6631
no_trial,both,G7,r1_mean_50,-0.1245,-0.1570,-0.0931
no_trial,both,G7,r1_rms_100,0.5890,0.5777,0.6006
no_trial,both,G7,r1_mean_100,-0.1467,-0.1726,-0.1213
no_trial,both,G7,r1_rms_200,0.5345,0.5249,0.5443
no_trial,both,G7,r1_mean_200,-0.1498,-0.1713,-0.1285
no_trial,both,G7,r2_brier,0.1734,0.1717,0.1751
no_trial,both,G7,r2_bias,0.0071,0.0041,0.0101
no_trial,both,G7,r3_inside,0.4381,0.4328,0.4432
no_trial,both,G7,r3_below_0.5,0.0357,0.0320,0.0396
no_trial,both,G7,r3_above_0.95,0.0263,0.0235,0.0295
no_trial,both,G7,r4_false,0.0273,0.0226,0.0323
no_trial,both,G7,r4_false_0.70,0.0063,0.0041,0.0086
no_trial,both,G7,r4_below,0.5420,0.5263,0.5593
no_trial,both,G7,r4_false_at_task,0.0151,0.0109,0.0198
no_trial,both,G7,r4_declared,7.8140,7.4550,8.1870
no_trial,both,G7,r5_late_answers,4.1393,3.9721,4.3161
no_trial,both,G7,r5_never,0.1935,0.1788,0.2088
no_trial,both,G7,r6_lag,-0.1525,-0.1740,-0.1299
no_trial,both,G7,r7_error_5,0.6816,0.6472,0.7165
no_trial,both,G7,r7_error_10,0.6235,0.5918,0.6572
no_trial,both,G7,r7_longest_wrong,1.7470,1.6840,1.8120
no_trial,both,G7,r7_hard_first,0.1112,0.0992,0.1237
no_trial,both,G7,r4b_chance_below_0.5,0.0840,0.0739,0.0953
no_trial,both,G7,r4b_chance_0.5_to_0.6,0.1235,0.1180,0.1292
no_trial,both,G7,r4b_chance_0.6_to_0.7,0.2276,0.2218,0.2338
no_trial,both,G7,r4b_chance_0.7_to_0.8,0.2939,0.2870,0.3009
no_trial,both,G7,r4b_chance_0.8_up,0.2710,0.2598,0.2820
no_trial,both,G7,r3_reachable,0.9344,0.9261,0.9424
no_trial,both,G7,r8_rank_6_20,4.3467,3.8733,4.8667
no_trial,both,G7,r8_topic_rank_6_20,18.5000,17.6800,19.3000
no_trial,both,G7,r8_rank_150_200,0.5922,0.4451,0.7412
no_trial,both,G7,r8_topic_rank_150_200,7.7353,7.3980,8.1039
no_trial,both,G7,r9_kept_up_6_50,-0.0187,-0.0241,-0.0130
no_trial,both,G7,r9_kept_up_101_200,0.0001,-0.0026,0.0029
no_trial,both,G7,r10_shown,3.5140,3.3070,3.7290
no_trial,both,G7,r2_ece,0.0071,0.0045,0.0100
no_trial,both,G7,r4b_3,0.1630,0.1506,0.1752
no_trial,both,G7,r4b_5,0.1893,0.1759,0.2036
no_trial,both,G7,r4b_10,0.1972,0.1829,0.2114
no_trial,both,G7,r4b_20,0.2057,0.1902,0.2216
no_trial,both,G7,r4b_50,0.2057,0.1892,0.2213
no_trial,both,G7,r8_move_p95_6_20,74.0000,74.0000,74.0000
no_trial,both,G7,r8_move_p95_150_200,35.0000,35.0000,36.0000
no_trial,both,G7,r9_kept_up_later_less_earlier,0.0188,0.0132,0.0244
no_trial,both,G7,r10_taken_back_5,0.1804,0.1542,0.2095
no_trial,both,G7,r10_taken_back_10,0.3955,0.3523,0.4401
no_trial,both,G8,r1_rms_5,0.8778,0.8478,0.9072
no_trial,both,G8,r1_mean_5,-0.0438,-0.0987,0.0130
no_trial,both,G8,r1_rms_10,0.8342,0.8065,0.8616
no_trial,both,G8,r1_mean_10,-0.0639,-0.1150,-0.0142
no_trial,both,G8,r1_rms_20,0.7704,0.7492,0.7939
no_trial,both,G8,r1_mean_20,-0.0896,-0.1336,-0.0471
no_trial,both,G8,r1_rms_50,0.6484,0.6336,0.6644
no_trial,both,G8,r1_mean_50,-0.1191,-0.1512,-0.0880
no_trial,both,G8,r1_rms_100,0.5579,0.5464,0.5687
no_trial,both,G8,r1_mean_100,-0.1320,-0.1541,-0.1086
no_trial,both,G8,r1_rms_200,0.4817,0.4734,0.4898
no_trial,both,G8,r1_mean_200,-0.1164,-0.1317,-0.1006
no_trial,both,G8,r2_brier,0.1710,0.1693,0.1728
no_trial,both,G8,r2_bias,0.0022,-0.0005,0.0052
no_trial,both,G8,r3_inside,0.4369,0.4316,0.4424
no_trial,both,G8,r3_below_0.5,0.0282,0.0253,0.0314
no_trial,both,G8,r3_above_0.95,0.0308,0.0279,0.0337
no_trial,both,G8,r4_false,0.0244,0.0200,0.0293
no_trial,both,G8,r4_false_0.70,0.0044,0.0027,0.0064
no_trial,both,G8,r4_below,0.5514,0.5360,0.5680
no_trial,both,G8,r4_false_at_task,0.0134,0.0091,0.0182
no_trial,both,G8,r4_declared,7.6590,7.3010,8.0230
no_trial,both,G8,r5_late_answers,4.6276,4.4420,4.8200
no_trial,both,G8,r5_never,0.2327,0.2161,0.2489
no_trial,both,G8,r6_lag,-0.1218,-0.1392,-0.1050
no_trial,both,G8,r7_error_5,0.7178,0.6841,0.7520
no_trial,both,G8,r7_error_10,0.6639,0.6332,0.6965
no_trial,both,G8,r7_longest_wrong,1.6610,1.6030,1.7180
no_trial,both,G8,r7_hard_first,0.0912,0.0803,0.1025
no_trial,both,G8,r4b_chance_below_0.5,0.0680,0.0605,0.0776
no_trial,both,G8,r4b_chance_0.5_to_0.6,0.1230,0.1177,0.1288
no_trial,both,G8,r4b_chance_0.6_to_0.7,0.2263,0.2203,0.2324
no_trial,both,G8,r4b_chance_0.7_to_0.8,0.3002,0.2930,0.3073
no_trial,both,G8,r4b_chance_0.8_up,0.2825,0.2714,0.2942
no_trial,both,G8,r3_reachable,0.9421,0.9344,0.9492
no_trial,both,G8,r8_rank_6_20,4.7600,4.2267,5.2933
no_trial,both,G8,r8_topic_rank_6_20,18.3000,17.4400,19.1400
no_trial,both,G8,r8_rank_150_200,0.6824,0.5255,0.8412
no_trial,both,G8,r8_topic_rank_150_200,7.5647,7.1961,7.9353
no_trial,both,G8,r9_kept_up_6_50,-0.0122,-0.0183,-0.0063
no_trial,both,G8,r9_kept_up_101_200,0.0037,0.0006,0.0070
no_trial,both,G8,r10_shown,3.4140,3.2140,3.6180
no_trial,both,G8,r2_ece,0.0026,0.0013,0.0058
no_trial,both,G8,r4b_3,0.1372,0.1265,0.1484
no_trial,both,G8,r4b_5,0.1685,0.1554,0.1818
no_trial,both,G8,r4b_10,0.1803,0.1658,0.1938
no_trial,both,G8,r4b_20,0.1832,0.1684,0.1982
no_trial,both,G8,r4b_50,0.1917,0.1728,0.2158
no_trial,both,G8,r8_move_p95_6_20,74.0000,73.0000,74.0000
no_trial,both,G8,r8_move_p95_150_200,36.0000,35.0000,36.0000
no_trial,both,G8,r9_kept_up_later_less_earlier,0.0159,0.0100,0.0219
no_trial,both,G8,r10_taken_back_5,0.1843,0.1566,0.2144
no_trial,both,G8,r10_taken_back_10,0.3157,0.2786,0.3558
no_trial,both,G0-exact,r1_rms_5,0.8914,0.8634,0.9230
no_trial,both,G0-exact,r1_mean_5,-0.0851,-0.1423,-0.0304
no_trial,both,G0-exact,r1_rms_10,0.8416,0.8163,0.8675
no_trial,both,G0-exact,r1_mean_10,-0.0900,-0.1395,-0.0419
no_trial,both,G0-exact,r1_rms_20,0.7715,0.7500,0.7925
no_trial,both,G0-exact,r1_mean_20,-0.0931,-0.1369,-0.0507
no_trial,both,G0-exact,r1_rms_50,0.6336,0.6184,0.6490
no_trial,both,G0-exact,r1_mean_50,-0.0846,-0.1142,-0.0554
no_trial,both,G0-exact,r1_rms_100,0.5358,0.5251,0.5468
no_trial,both,G0-exact,r1_mean_100,-0.0803,-0.1004,-0.0596
no_trial,both,G0-exact,r1_rms_200,0.4678,0.4597,0.4758
no_trial,both,G0-exact,r1_mean_200,-0.0711,-0.0868,-0.0556
no_trial,both,G0-exact,r2_brier,0.1689,0.1671,0.1706
no_trial,both,G0-exact,r2_bias,-0.0005,-0.0036,0.0025
no_trial,both,G0-exact,r3_inside,0.5548,0.5445,0.5648
no_trial,both,G0-exact,r3_below_0.5,0.0110,0.0091,0.0130
no_trial,both,G0-exact,r3_above_0.95,0.0141,0.0112,0.0171
no_trial,both,G0-exact,r4_false,0.0277,0.0232,0.0325
no_trial,both,G0-exact,r4_false_0.70,0.0049,0.0034,0.0067
no_trial,both,G0-exact,r4_below,0.5429,0.5258,0.5590
no_trial,both,G0-exact,r4_false_at_task,0.0201,0.0152,0.0257
no_trial,both,G0-exact,r4_declared,8.1580,7.7560,8.5510
no_trial,both,G0-exact,r5_late_answers,4.4230,4.2302,4.6095
no_trial,both,G0-exact,r5_never,0.2057,0.1911,0.2205
no_trial,both,G0-exact,r6_lag,-0.0684,-0.0839,-0.0521
no_trial,both,G0-exact,r7_error_5,0.7344,0.6996,0.7680
no_trial,both,G0-exact,r7_error_10,0.6728,0.6420,0.7055
no_trial,both,G0-exact,r7_longest_wrong,1.6190,1.5590,1.6820
no_trial,both,G0-exact,r7_hard_first,0.0669,0.0572,0.0769
no_trial,both,G0-exact,r4b_chance_below_0.5,0.0309,0.0252,0.0376
no_trial,both,G0-exact,r4b_chance_0.5_to_0.6,0.0953,0.0870,0.1042
no_trial,both,G0-exact,r4b_chance_0.6_to_0.7,0.2776,0.2632,0.2933
no_trial,both,G0-exact,r4b_chance_0.7_to_0.8,0.4114,0.3956,0.4278
no_trial,both,G0-exact,r4b_chance_0.8_up,0.1848,0.1708,0.1994
no_trial,both,G0-exact,r3_reachable,0.9412,0.9331,0.9486
no_trial,both,G0-exact,r8_rank_6_20,4.5067,4.0200,5.0133
no_trial,both,G0-exact,r8_topic_rank_6_20,17.9200,17.0800,18.7533
no_trial,both,G0-exact,r8_rank_150_200,0.8588,0.6784,1.0529
no_trial,both,G0-exact,r8_topic_rank_150_200,7.3373,6.9824,7.6980
no_trial,both,G0-exact,r9_kept_up_6_50,-0.0007,-0.0064,0.0049
no_trial,both,G0-exact,r9_kept_up_101_200,0.0024,-0.0002,0.0052
no_trial,both,G0-exact,r10_shown,3.6700,3.4500,3.9000
no_trial,both,G0-exact,r2_ece,0.0005,0.0005,0.0037
no_trial,both,G0-exact,r4b_3,0.1578,0.1452,0.1705
no_trial,both,G0-exact,r4b_5,0.1855,0.1714,0.1997
no_trial,both,G0-exact,r4b_10,0.1924,0.1785,0.2076
no_trial,both,G0-exact,r4b_20,0.2027,0.1866,0.2194
no_trial,both,G0-exact,r4b_50,0.2027,0.1856,0.2193
no_trial,both,G0-exact,r8_move_p95_6_20,73.0000,73.0000,74.0000
no_trial,both,G0-exact,r8_move_p95_150_200,36.0000,35.0000,36.0000
no_trial,both,G0-exact,r9_kept_up_later_less_earlier,0.0031,-0.0021,0.0085
no_trial,both,G0-exact,r10_taken_back_5,0.1664,0.1417,0.1939
no_trial,both,G0-exact,r10_taken_back_10,0.3240,0.2844,0.3652
no_trial,both,G0-miss0.25,r1_rms_5,0.8586,0.8320,0.8883
no_trial,both,G0-miss0.25,r1_mean_5,0.0582,0.0048,0.1107
no_trial,both,G0-miss0.25,r1_rms_10,0.8171,0.7919,0.8416
no_trial,both,G0-miss0.25,r1_mean_10,0.0277,-0.0200,0.0735
no_trial,both,G0-miss0.25,r1_rms_20,0.7416,0.7211,0.7632
no_trial,both,G0-miss0.25,r1_mean_20,-0.0005,-0.0427,0.0396
no_trial,both,G0-miss0.25,r1_rms_50,0.6094,0.5942,0.6232
no_trial,both,G0-miss0.25,r1_mean_50,-0.0389,-0.0690,-0.0106
no_trial,both,G0-miss0.25,r1_rms_100,0.5206,0.5107,0.5316
no_trial,both,G0-miss0.25,r1_mean_100,-0.0505,-0.0706,-0.0306
no_trial,both,G0-miss0.25,r1_rms_200,0.4618,0.4538,0.4699
no_trial,both,G0-miss0.25,r1_mean_200,-0.0449,-0.0602,-0.0306
no_trial,both,G0-miss0.25,r2_brier,0.1717,0.1700,0.1733
no_trial,both,G0-miss0.25,r2_bias,0.0043,0.0014,0.0069
no_trial,both,G0-miss0.25,r3_inside,0.5282,0.5207,0.5359
no_trial,both,G0-miss0.25,r3_below_0.5,0.0174,0.0148,0.0201
no_trial,both,G0-miss0.25,r3_above_0.95,0.0117,0.0093,0.0146
no_trial,both,G0-miss0.25,r4_false,0.0350,0.0295,0.0408
no_trial,both,G0-miss0.25,r4_false_0.70,0.0061,0.0041,0.0081
no_trial,both,G0-miss0.25,r4_below,0.5433,0.5269,0.5597
no_trial,both,G0-miss0.25,r4_false_at_task,0.0249,0.0188,0.0311
no_trial,both,G0-miss0.25,r4_declared,7.7420,7.3630,8.1010
no_trial,both,G0-miss0.25,r5_late_answers,4.1603,3.9715,4.3417
no_trial,both,G0-miss0.25,r5_never,0.2009,0.1865,0.2153
no_trial,both,G0-miss0.25,r6_lag,-0.0546,-0.0710,-0.0386
no_trial,both,G0-miss0.25,r7_error_5,0.6921,0.6597,0.7257
no_trial,both,G0-miss0.25,r7_error_10,0.6376,0.6079,0.6704
no_trial,both,G0-miss0.25,r7_longest_wrong,1.6990,1.6380,1.7610
no_trial,both,G0-miss0.25,r7_hard_first,0.0864,0.0753,0.0984
no_trial,both,G0-miss0.25,r4b_chance_below_0.5,0.0454,0.0386,0.0529
no_trial,both,G0-miss0.25,r4b_chance_0.5_to_0.6,0.1095,0.1024,0.1169
no_trial,both,G0-miss0.25,r4b_chance_0.6_to_0.7,0.2643,0.2562,0.2730
no_trial,both,G0-miss0.25,r4b_chance_0.7_to_0.8,0.3789,0.3688,0.3890
no_trial,both,G0-miss0.25,r4b_chance_0.8_up,0.2019,0.1901,0.2135
no_trial,both,G0-miss0.25,r3_reachable,0.9393,0.9316,0.9469
no_trial,both,G0-miss0.25,r8_rank_6_20,4.9867,4.4400,5.5533
no_trial,both,G0-miss0.25,r8_topic_rank_6_20,18.7533,17.9200,19.5933
no_trial,both,G0-miss0.25,r8_rank_150_200,0.6314,0.4843,0.7843
no_trial,both,G0-miss0.25,r8_topic_rank_150_200,7.4000,7.0275,7.7627
no_trial,both,G0-miss0.25,r9_kept_up_6_50,-0.0162,-0.0217,-0.0106
no_trial,both,G0-miss0.25,r9_kept_up_101_200,0.0022,-0.0005,0.0048
no_trial,both,G0-miss0.25,r10_shown,3.5460,3.3500,3.7520
no_trial,both,G0-miss0.25,r2_ece,0.0044,0.0018,0.0073
no_trial,both,G0-miss0.25,r4b_3,0.1624,0.1493,0.1749
no_trial,both,G0-miss0.25,r4b_5,0.1945,0.1800,0.2087
no_trial,both,G0-miss0.25,r4b_10,0.2089,0.1930,0.2244
no_trial,both,G0-miss0.25,r4b_20,0.2138,0.1982,0.2298
no_trial,both,G0-miss0.25,r4b_50,0.2382,0.2098,0.2732
no_trial,both,G0-miss0.25,r8_move_p95_6_20,73.0000,73.0000,74.0000
no_trial,both,G0-miss0.25,r8_move_p95_150_200,35.0000,35.0000,36.0000
no_trial,both,G0-miss0.25,r9_kept_up_later_less_earlier,0.0184,0.0130,0.0239
no_trial,both,G0-miss0.25,r10_taken_back_5,0.1664,0.1428,0.1919
no_trial,both,G0-miss0.25,r10_taken_back_10,0.3281,0.2877,0.3664
no_trial,both,G0-miss1,r1_rms_5,0.9002,0.8696,0.9299
no_trial,both,G0-miss1,r1_mean_5,-0.0769,-0.1321,-0.0192
no_trial,both,G0-miss1,r1_rms_10,0.8596,0.8326,0.8866
no_trial,both,G0-miss1,r1_mean_10,-0.0994,-0.1518,-0.0487
no_trial,both,G0-miss1,r1_rms_20,0.7878,0.7654,0.8124
no_trial,both,G0-miss1,r1_mean_20,-0.1294,-0.1741,-0.0856
no_trial,both,G0-miss1,r1_rms_50,0.6690,0.6526,0.6853
no_trial,both,G0-miss1,r1_mean_50,-0.1666,-0.1968,-0.1347
no_trial,both,G0-miss1,r1_rms_100,0.5881,0.5762,0.6013
no_trial,both,G0-miss1,r1_mean_100,-0.1932,-0.2153,-0.1704
no_trial,both,G0-miss1,r1_rms_200,0.5302,0.5203,0.5399
no_trial,both,G0-miss1,r1_mean_200,-0.2031,-0.2201,-0.1861
no_trial,both,G0-miss1,r2_brier,0.1738,0.1720,0.1755
no_trial,both,G0-miss1,r2_bias,0.0073,0.0045,0.0102
no_trial,both,G0-miss1,r3_inside,0.3036,0.3008,0.3064
no_trial,both,G0-miss1,r3_below_0.5,0.0813,0.0776,0.0850
no_trial,both,G0-miss1,r3_above_0.95,0.1050,0.1004,0.1097
no_trial,both,G0-miss1,r4_false,0.0254,0.0205,0.0305
no_trial,both,G0-miss1,r4_false_0.70,0.0060,0.0042,0.0080
no_trial,both,G0-miss1,r4_below,0.5533,0.5377,0.5700
no_trial,both,G0-miss1,r4_false_at_task,0.0161,0.0114,0.0214
no_trial,both,G0-miss1,r4_declared,7.7840,7.4360,8.1480
no_trial,both,G0-miss1,r5_late_answers,4.0969,3.9199,4.2859
no_trial,both,G0-miss1,r5_never,0.2550,0.2382,0.2718
no_trial,both,G0-miss1,r6_lag,-0.2077,-0.2258,-0.1891
no_trial,both,G0-miss1,r7_error_5,0.7302,0.6932,0.7661
no_trial,both,G0-miss1,r7_error_10,0.6862,0.6552,0.7186
no_trial,both,G0-miss1,r7_longest_wrong,1.7280,1.6690,1.7900
no_trial,both,G0-miss1,r7_hard_first,0.1378,0.1259,0.1493
no_trial,both,G0-miss1,r4b_chance_below_0.5,0.1434,0.1360,0.1513
no_trial,both,G0-miss1,r4b_chance_0.5_to_0.6,0.1203,0.1168,0.1238
no_trial,both,G0-miss1,r4b_chance_0.6_to_0.7,0.1573,0.1539,0.1609
no_trial,both,G0-miss1,r4b_chance_0.7_to_0.8,0.1995,0.1955,0.2030
no_trial,both,G0-miss1,r4b_chance_0.8_up,0.3795,0.3697,0.3886
no_trial,both,G0-miss1,r3_reachable,0.9484,0.9414,0.9552
no_trial,both,G0-miss1,r8_rank_6_20,4.6133,4.1067,5.1400
no_trial,both,G0-miss1,r8_topic_rank_6_20,19.2933,18.4400,20.1400
no_trial,both,G0-miss1,r8_rank_150_200,0.6294,0.4863,0.7843
no_trial,both,G0-miss1,r8_topic_rank_150_200,7.7706,7.4000,8.1294
no_trial,both,G0-miss1,r9_kept_up_6_50,-0.0162,-0.0219,-0.0106
no_trial,both,G0-miss1,r9_kept_up_101_200,-0.0016,-0.0044,0.0012
no_trial,both,G0-miss1,r10_shown,3.5430,3.3410,3.7420
no_trial,both,G0-miss1,r2_ece,0.0074,0.0047,0.0104
no_trial,both,G0-miss1,r4b_3,0.1791,0.1654,0.1926
no_trial,both,G0-miss1,r4b_5,0.2019,0.1863,0.2166
no_trial,both,G0-miss1,r4b_10,0.2104,0.1955,0.2252
no_trial,both,G0-miss1,r4b_20,0.2164,0.2004,0.2333
no_trial,both,G0-miss1,r4b_50,0.2248,0.2043,0.2480
no_trial,both,G0-miss1,r8_move_p95_6_20,74.0000,73.0000,74.0000
no_trial,both,G0-miss1,r8_move_p95_150_200,36.0000,35.0000,36.0000
no_trial,both,G0-miss1,r9_kept_up_later_less_earlier,0.0146,0.0090,0.0199
no_trial,both,G0-miss1,r10_taken_back_5,0.1658,0.1406,0.1924
no_trial,both,G0-miss1,r10_taken_back_10,0.3324,0.2942,0.3749
no_trial,both,G2-half,r1_rms_5,0.8872,0.8589,0.9160
no_trial,both,G2-half,r1_mean_5,-0.0725,-0.1265,-0.0185
no_trial,both,G2-half,r1_rms_10,0.8451,0.8203,0.8701
no_trial,both,G2-half,r1_mean_10,-0.1077,-0.1575,-0.0560
no_trial,both,G2-half,r1_rms_20,0.7805,0.7588,0.8023
no_trial,both,G2-half,r1_mean_20,-0.1686,-0.2096,-0.1269
no_trial,both,G2-half,r1_rms_50,0.6817,0.6651,0.6979
no_trial,both,G2-half,r1_mean_50,-0.2896,-0.3186,-0.2603
no_trial,both,G2-half,r1_rms_100,0.6894,0.6747,0.7045
no_trial,both,G2-half,r1_mean_100,-0.4569,-0.4793,-0.4350
no_trial,both,G2-half,r1_rms_200,0.8380,0.8240,0.8518
no_trial,both,G2-half,r1_mean_200,-0.7120,-0.7277,-0.6958
no_trial,both,G2-half,r2_brier,0.1465,0.1449,0.1481
no_trial,both,G2-half,r2_bias,-0.0419,-0.0446,-0.0392
no_trial,both,G2-half,r3_inside,0.3677,0.3615,0.3738
no_trial,both,G2-half,r3_below_0.5,0.0169,0.0150,0.0189
no_trial,both,G2-half,r3_above_0.95,0.0635,0.0592,0.0680
no_trial,both,G2-half,r4_false,0.0115,0.0088,0.0147
no_trial,both,G2-half,r4_false_0.70,0.0018,0.0008,0.0030
no_trial,both,G2-half,r4_below,0.5878,0.5708,0.6064
no_trial,both,G2-half,r4_false_at_task,0.0093,0.0058,0.0135
no_trial,both,G2-half,r4_declared,9.0920,8.7160,9.4700
no_trial,both,G2-half,r5_late_answers,5.8066,5.6041,6.0268
no_trial,both,G2-half,r5_never,0.3391,0.3246,0.3543
no_trial,both,G2-half,r6_lag,-0.6023,-0.6214,-0.5834
no_trial,both,G2-half,r7_error_5,0.7272,0.6956,0.7588
no_trial,both,G2-half,r7_error_10,0.6690,0.6380,0.6973
no_trial,both,G2-half,r7_longest_wrong,1.5970,1.5370,1.6600
no_trial,both,G2-half,r7_hard_first,0.0958,0.0850,0.1071
no_trial,both,G2-half,r4b_chance_below_0.5,0.0526,0.0470,0.0585
no_trial,both,G2-half,r4b_chance_0.5_to_0.6,0.0903,0.0853,0.0954
no_trial,both,G2-half,r4b_chance_0.6_to_0.7,0.1747,0.1687,0.1806
no_trial,both,G2-half,r4b_chance_0.7_to_0.8,0.2854,0.2792,0.2912
no_trial,both,G2-half,r4b_chance_0.8_up,0.3971,0.3844,0.4115
no_trial,both,G2-half,r3_reachable,0.9622,0.9582,0.9659
no_trial,both,G2-half,r8_rank_6_20,4.9267,4.4200,5.4333
no_trial,both,G2-half,r8_topic_rank_6_20,18.8733,18.0533,19.7133
no_trial,both,G2-half,r8_rank_150_200,0.6902,0.5392,0.8490
no_trial,both,G2-half,r8_topic_rank_150_200,6.7804,6.4667,7.1098
no_trial,both,G2-half,r9_kept_up_6_50,0.0083,0.0024,0.0139
no_trial,both,G2-half,r9_kept_up_101_200,0.0657,0.0631,0.0683
no_trial,both,G2-half,r10_shown,3.7800,3.5480,4.0080
no_trial,both,G2-half,r2_ece,0.0419,0.0391,0.0446
no_trial,both,G2-half,r4b_3,0.1771,0.1632,0.1913
no_trial,both,G2-half,r4b_5,0.2087,0.1928,0.2251
no_trial,both,G2-half,r4b_10,0.2361,0.2191,0.2546
no_trial,both,G2-half,r4b_20,0.2564,0.2374,0.2771
no_trial,both,G2-half,r4b_50,0.2759,0.2471,0.3074
no_trial,both,G2-half,r8_move_p95_6_20,73.0000,73.0000,74.0000
no_trial,both,G2-half,r8_move_p95_150_200,34.0000,33.0000,34.0000
no_trial,both,G2-half,r9_kept_up_later_less_earlier,0.0574,0.0523,0.0627
no_trial,both,G2-half,r10_taken_back_5,0.0977,0.0826,0.1139
no_trial,both,G2-half,r10_taken_back_10,0.1890,0.1645,0.2146
no_trial,both,G2-fading,r1_rms_5,0.8840,0.8539,0.9140
no_trial,both,G2-fading,r1_mean_5,-0.0650,-0.1172,-0.0117
no_trial,both,G2-fading,r1_rms_10,0.8381,0.8118,0.8642
no_trial,both,G2-fading,r1_mean_10,-0.1238,-0.1724,-0.0756
no_trial,both,G2-fading,r1_rms_20,0.7772,0.7533,0.7996
no_trial,both,G2-fading,r1_mean_20,-0.2089,-0.2511,-0.1678
no_trial,both,G2-fading,r1_rms_50,0.7090,0.6913,0.7283
no_trial,both,G2-fading,r1_mean_50,-0.3518,-0.3818,-0.3213
no_trial,both,G2-fading,r1_rms_100,0.6835,0.6692,0.6987
no_trial,both,G2-fading,r1_mean_100,-0.4408,-0.4635,-0.4182
no_trial,both,G2-fading,r1_rms_200,0.6677,0.6552,0.6807
no_trial,both,G2-fading,r1_mean_200,-0.4910,-0.5073,-0.4753
no_trial,both,G2-fading,r2_brier,0.1502,0.1485,0.1518
no_trial,both,G2-fading,r2_bias,-0.0347,-0.0378,-0.0318
no_trial,both,G2-fading,r3_inside,0.3887,0.3822,0.3952
no_trial,both,G2-fading,r3_below_0.5,0.0157,0.0140,0.0174
no_trial,both,G2-fading,r3_above_0.95,0.0581,0.0535,0.0628
no_trial,both,G2-fading,r4_false,0.0104,0.0077,0.0133
no_trial,both,G2-fading,r4_false_0.70,0.0018,0.0008,0.0029
no_trial,both,G2-fading,r4_below,0.5790,0.5620,0.5964
no_trial,both,G2-fading,r4_false_at_task,0.0059,0.0033,0.0087
no_trial,both,G2-fading,r4_declared,8.5180,8.1340,8.9210
no_trial,both,G2-fading,r5_late_answers,5.3258,5.1140,5.5513
no_trial,both,G2-fading,r5_never,0.3107,0.2946,0.3262
no_trial,both,G2-fading,r6_lag,-0.4694,-0.4877,-0.4513
no_trial,both,G2-fading,r7_error_5,0.7079,0.6737,0.7429
no_trial,both,G2-fading,r7_error_10,0.6494,0.6189,0.6813
no_trial,both,G2-fading,r7_longest_wrong,1.6350,1.5740,1.7000
no_trial,both,G2-fading,r7_hard_first,0.0895,0.0792,0.1004
no_trial,both,G2-fading,r4b_chance_below_0.5,0.0440,0.0395,0.0488
no_trial,both,G2-fading,r4b_chance_0.5_to_0.6,0.0874,0.0826,0.0924
no_trial,both,G2-fading,r4b_chance_0.6_to_0.7,0.1820,0.1766,0.1877
no_trial,both,G2-fading,r4b_chance_0.7_to_0.8,0.2991,0.2929,0.3051
no_trial,both,G2-fading,r4b_chance_0.8_up,0.3875,0.3754,0.3995
no_trial,both,G2-fading,r3_reachable,0.9610,0.9569,0.9644
no_trial,both,G2-fading,r8_rank_6_20,4.7067,4.1867,5.2467
no_trial,both,G2-fading,r8_topic_rank_6_20,18.4133,17.5733,19.2267
no_trial,both,G2-fading,r8_rank_150_200,0.8431,0.6667,1.0392
no_trial,both,G2-fading,r8_topic_rank_150_200,6.9333,6.5941,7.2667
no_trial,both,G2-fading,r9_kept_up_6_50,0.0092,0.0038,0.0147
no_trial,both,G2-fading,r9_kept_up_101_200,0.0482,0.0457,0.0511
no_trial,both,G2-fading,r10_shown,3.6020,3.3710,3.8460
no_trial,both,G2-fading,r2_ece,0.0347,0.0319,0.0375
no_trial,both,G2-fading,r4b_3,0.1616,0.1482,0.1758
no_trial,both,G2-fading,r4b_5,0.1890,0.1745,0.2039
no_trial,both,G2-fading,r4b_10,0.2074,0.1916,0.2241
no_trial,both,G2-fading,r4b_20,0.2353,0.2146,0.2574
no_trial,both,G2-fading,r4b_50,0.2558,0.2265,0.2913
no_trial,both,G2-fading,r8_move_p95_6_20,74.0000,73.0000,74.0000
no_trial,both,G2-fading,r8_move_p95_150_200,34.0000,34.0000,35.0000
no_trial,both,G2-fading,r9_kept_up_later_less_earlier,0.0389,0.0338,0.0439
no_trial,both,G2-fading,r10_taken_back_5,0.1213,0.1035,0.1409
no_trial,both,G2-fading,r10_taken_back_10,0.2039,0.1774,0.2340
no_trial,both,G3-drop,r1_rms_5,0.8823,0.8539,0.9108
no_trial,both,G3-drop,r1_mean_5,-0.0444,-0.0973,0.0115
no_trial,both,G3-drop,r1_rms_10,0.8472,0.8209,0.8738
no_trial,both,G3-drop,r1_mean_10,-0.0669,-0.1184,-0.0172
no_trial,both,G3-drop,r1_rms_20,0.7699,0.7483,0.7934
no_trial,both,G3-drop,r1_mean_20,-0.0762,-0.1199,-0.0329
no_trial,both,G3-drop,r1_rms_50,0.6392,0.6242,0.6549
no_trial,both,G3-drop,r1_mean_50,-0.0807,-0.1112,-0.0491
no_trial,both,G3-drop,r1_rms_100,0.7054,0.6885,0.7232
no_trial,both,G3-drop,r1_mean_100,0.3005,0.2668,0.3334
no_trial,both,G3-drop,r1_rms_200,0.6223,0.6111,0.6345
no_trial,both,G3-drop,r1_mean_200,0.4138,0.3983,0.4302
no_trial,both,G3-drop,r2_brier,0.1996,0.1976,0.2015
no_trial,both,G3-drop,r2_bias,0.0522,0.0489,0.0554
no_trial,both,G3-drop,r3_inside,0.3853,0.3805,0.3901
no_trial,both,G3-drop,r3_below_0.5,0.0809,0.0755,0.0866
no_trial,both,G3-drop,r3_above_0.95,0.0224,0.0197,0.0252
no_trial,both,G3-drop,r4_false,0.0630,0.0561,0.0707
no_trial,both,G3-drop,r4_false_0.70,0.0209,0.0172,0.0251
no_trial,both,G3-drop,r4_below,0.5172,0.5030,0.5330
no_trial,both,G3-drop,r4_false_at_task,0.0586,0.0493,0.0688
no_trial,both,G3-drop,r4_declared,8.1280,7.7350,8.5540
no_trial,both,G3-drop,r5_late_answers,3.4584,3.3315,3.5896
no_trial,both,G3-drop,r5_never,0.2757,0.2582,0.2923
no_trial,both,G3-drop,r6_lag,0.4187,0.4025,0.4361
no_trial,both,G3-drop,r6_jump_answers,57.4770,55.1390,59.8500
no_trial,both,G3-drop,r6_jump_unsettled,0.3830,0.3530,0.4140
no_trial,both,G3-drop,r7_error_5,0.7463,0.7105,0.7815
no_trial,both,G3-drop,r7_error_10,0.6838,0.6517,0.7155
no_trial,both,G3-drop,r7_longest_wrong,1.6320,1.5740,1.6930
no_trial,both,G3-drop,r7_hard_first,0.0954,0.0847,0.1065
no_trial,both,G3-drop,r4b_chance_below_0.5,0.1694,0.1554,0.1836
no_trial,both,G3-drop,r4b_chance_0.5_to_0.6,0.1942,0.1889,0.1998
no_trial,both,G3-drop,r4b_chance_0.6_to_0.7,0.2400,0.2341,0.2458
no_trial,both,G3-drop,r4b_chance_0.7_to_0.8,0.2303,0.2229,0.2376
no_trial,both,G3-drop,r4b_chance_0.8_up,0.1661,0.1579,0.1755
no_trial,both,G3-drop,r3_reachable,0.8722,0.8605,0.8834
no_trial,both,G3-drop,r8_rank_6_20,4.7267,4.2133,5.2267
no_trial,both,G3-drop,r8_topic_rank_6_20,17.9867,17.1667,18.8333
no_trial,both,G3-drop,r8_rank_150_200,0.7196,0.5706,0.8863
no_trial,both,G3-drop,r8_topic_rank_150_200,8.4588,8.0980,8.8275
no_trial,both,G3-drop,r9_kept_up_6_50,-0.0081,-0.0136,-0.0021
no_trial,both,G3-drop,r9_kept_up_101_200,-0.0812,-0.0845,-0.0780
no_trial,both,G3-drop,r10_shown,3.7570,3.5390,3.9850
no_trial,both,G3-drop,r2_ece,0.0522,0.0491,0.0555
no_trial,both,G3-drop,r4b_3,0.1643,0.1519,0.1768
no_trial,both,G3-drop,r4b_5,0.1899,0.1752,0.2037
no_trial,both,G3-drop,r4b_10,0.1929,0.1784,0.2079
no_trial,both,G3-drop,r4b_20,0.1956,0.1809,0.2109
no_trial,both,G3-drop,r4b_50,0.1956,0.1807,0.2109
no_trial,both,G3-drop,r8_move_p95_6_20,74.0000,73.0000,74.0000
no_trial,both,G3-drop,r8_move_p95_150_200,38.0000,38.0000,38.0000
no_trial,both,G3-drop,r9_kept_up_later_less_earlier,-0.0731,-0.0786,-0.0674
no_trial,both,G3-drop,r10_taken_back_5,0.3265,0.3021,0.3516
no_trial,both,G3-drop,r10_taken_back_10,0.5768,0.5400,0.6130
no_trial,both,G0-start0.5,r1_rms_5,0.6127,0.5975,0.6273
no_trial,both,G0-start0.5,r1_mean_5,-0.0231,-0.0520,0.0058
no_trial,both,G0-start0.5,r1_rms_10,0.6088,0.5958,0.6226
no_trial,both,G0-start0.5,r1_mean_10,-0.0285,-0.0554,0.0003
no_trial,both,G0-start0.5,r1_rms_20,0.5927,0.5814,0.6038
no_trial,both,G0-start0.5,r1_mean_20,-0.0462,-0.0723,-0.0228
no_trial,both,G0-start0.5,r1_rms_50,0.5472,0.5381,0.5561
no_trial,both,G0-start0.5,r1_mean_50,-0.0660,-0.0846,-0.0463
no_trial,both,G0-start0.5,r1_rms_100,0.5078,0.5000,0.5156
no_trial,both,G0-start0.5,r1_mean_100,-0.0797,-0.0964,-0.0639
no_trial,both,G0-start0.5,r1_rms_200,0.4552,0.4482,0.4624
no_trial,both,G0-start0.5,r1_mean_200,-0.0867,-0.0989,-0.0751
no_trial,both,G0-start0.5,r2_brier,0.1702,0.1692,0.1712
no_trial,both,G0-start0.5,r2_bias,0.0036,0.0020,0.0053
no_trial,both,G0-start0.5,r3_inside,0.4653,0.4617,0.4692
no_trial,both,G0-start0.5,r3_below_0.5,0.0177,0.0165,0.0188
no_trial,both,G0-start0.5,r3_above_0.95,0.0172,0.0159,0.0186
no_trial,both,G0-start0.5,r4_false,0.0092,0.0069,0.0118
no_trial,both,G0-start0.5,r4_false_0.70,0.0015,0.0005,0.0024
no_trial,both,G0-start0.5,r4_below,0.4991,0.4858,0.5135
no_trial,both,G0-start0.5,r4_false_at_task,0.0051,0.0029,0.0077
no_trial,both,G0-start0.5,r4_declared,7.4890,7.1600,7.8250
no_trial,both,G0-start0.5,r5_late_answers,3.2122,3.1018,3.3251
no_trial,both,G0-start0.5,r5_never,0.1543,0.1409,0.1671
no_trial,both,G0-start0.5,r6_lag,-0.0904,-0.1039,-0.0769
no_trial,both,G0-start0.5,r7_error_5,0.3637,0.3462,0.3809
no_trial,both,G0-start0.5,r7_error_10,0.3407,0.3259,0.3565
no_trial,both,G0-start0.5,r7_longest_wrong,1.5730,1.5220,1.6210
no_trial,both,G0-start0.5,r7_hard_first,0.0339,0.0298,0.0383
no_trial,both,G0-start0.5,r4b_chance_below_0.5,0.0377,0.0351,0.0404
no_trial,both,G0-start0.5,r4b_chance_0.5_to_0.6,0.1038,0.0993,0.1083
no_trial,both,G0-start0.5,r4b_chance_0.6_to_0.7,0.2230,0.2175,0.2284
no_trial,both,G0-start0.5,r4b_chance_0.7_to_0.8,0.3192,0.3138,0.3245
no_trial,both,G0-start0.5,r4b_chance_0.8_up,0.3164,0.3073,0.3261
no_trial,both,G0-start0.5,r3_reachable,0.9665,0.9616,0.9710
no_trial,both,G0-start0.5,r8_rank_6_20,5.0400,4.5067,5.6133
no_trial,both,G0-start0.5,r8_topic_rank_6_20,18.8533,18.0533,19.7067
no_trial,both,G0-start0.5,r8_rank_150_200,0.7451,0.5765,0.9353
no_trial,both,G0-start0.5,r8_topic_rank_150_200,7.7078,7.3549,8.0725
no_trial,both,G0-start0.5,r9_kept_up_6_50,-0.0077,-0.0112,-0.0041
no_trial,both,G0-start0.5,r9_kept_up_101_200,-0.0012,-0.0036,0.0012
no_trial,both,G0-start0.5,r10_shown,3.7120,3.5380,3.9040
no_trial,both,G0-start0.5,r2_ece,0.0042,0.0027,0.0058
no_trial,both,G0-start0.5,r4b_3,0.1714,0.1592,0.1833
no_trial,both,G0-start0.5,r4b_5,0.1880,0.1751,0.2011
no_trial,both,G0-start0.5,r4b_10,0.1931,0.1801,0.2067
no_trial,both,G0-start0.5,r4b_20,0.1961,0.1820,0.2107
no_trial,both,G0-start0.5,r4b_50,0.2080,0.1854,0.2406
no_trial,both,G0-start0.5,r8_move_p95_6_20,74.0000,73.0000,74.0000
no_trial,both,G0-start0.5,r8_move_p95_150_200,36.0000,35.0000,36.0000
no_trial,both,G0-start0.5,r9_kept_up_later_less_earlier,0.0064,0.0022,0.0107
no_trial,both,G0-start0.5,r10_taken_back_5,0.1645,0.1378,0.1914
no_trial,both,G0-start0.5,r10_taken_back_10,0.3395,0.2995,0.3840
no_trial,both,G0-start2,r1_rms_5,1.4832,1.4230,1.5415
no_trial,both,G0-start2,r1_mean_5,-0.1094,-0.2125,-0.0034
no_trial,both,G0-start2,r1_rms_10,1.3768,1.3169,1.4338
no_trial,both,G0-start2,r1_mean_10,-0.1557,-0.2557,-0.0586
no_trial,both,G0-start2,r1_rms_20,1.2136,1.1655,1.2599
no_trial,both,G0-start2,r1_mean_20,-0.1975,-0.2822,-0.1141
no_trial,both,G0-start2,r1_rms_50,0.9299,0.8941,0.9676
no_trial,both,G0-start2,r1_mean_50,-0.2226,-0.2837,-0.1636
no_trial,both,G0-start2,r1_rms_100,0.7371,0.7089,0.7662
no_trial,both,G0-start2,r1_mean_100,-0.2134,-0.2555,-0.1722
no_trial,both,G0-start2,r1_rms_200,0.5978,0.5779,0.6184
no_trial,both,G0-start2,r1_mean_200,-0.1754,-0.2049,-0.1471
no_trial,both,G0-start2,r2_brier,0.1702,0.1669,0.1735
no_trial,both,G0-start2,r2_bias,-0.0014,-0.0066,0.0038
no_trial,both,G0-start2,r3_inside,0.3547,0.3456,0.3636
no_trial,both,G0-start2,r3_below_0.5,0.0780,0.0676,0.0891
no_trial,both,G0-start2,r3_above_0.95,0.0827,0.0734,0.0930
no_trial,both,G0-start2,r4_false,0.0327,0.0269,0.0392
no_trial,both,G0-start2,r4_false_0.70,0.0099,0.0068,0.0133
no_trial,both,G0-start2,r4_below,0.5748,0.5548,0.5955
no_trial,both,G0-start2,r4_false_at_task,0.0240,0.0171,0.0324
no_trial,both,G0-start2,r4_declared,8.8160,8.3550,9.2600
no_trial,both,G0-start2,r5_late_answers,5.2379,5.0466,5.4336
no_trial,both,G0-start2,r5_never,0.2080,0.1926,0.2240
no_trial,both,G0-start2,r6_lag,-0.1996,-0.2351,-0.1691
no_trial,both,G0-start2,r7_error_5,1.4194,1.3531,1.4893
no_trial,both,G0-start2,r7_error_10,1.3053,1.2446,1.3694
no_trial,both,G0-start2,r7_longest_wrong,1.8380,1.7410,1.9360
no_trial,both,G0-start2,r7_hard_first,0.1983,0.1793,0.2181
no_trial,both,G0-start2,r4b_chance_below_0.5,0.2284,0.1986,0.2583
no_trial,both,G0-start2,r4b_chance_0.5_to_0.6,0.1426,0.1353,0.1504
no_trial,both,G0-start2,r4b_chance_0.6_to_0.7,0.1965,0.1880,0.2053
no_trial,both,G0-start2,r4b_chance_0.7_to_0.8,0.2243,0.2118,0.2371
no_trial,both,G0-start2,r4b_chance_0.8_up,0.2082,0.1932,0.2241
no_trial,both,G0-start2,r3_reachable,0.8729,0.8575,0.8885
no_trial,both,G0-start2,r8_rank_6_20,4.6533,4.1933,5.1067
no_trial,both,G0-start2,r8_topic_rank_6_20,18.6800,17.7933,19.5000
no_trial,both,G0-start2,r8_rank_150_200,0.6157,0.4608,0.7843
no_trial,both,G0-start2,r8_topic_rank_150_200,6.8882,6.5196,7.2627
no_trial,both,G0-start2,r9_kept_up_6_50,-0.0180,-0.0270,-0.0088
no_trial,both,G0-start2,r9_kept_up_101_200,0.0110,0.0071,0.0149
no_trial,both,G0-start2,r10_shown,3.6480,3.3680,3.9230
no_trial,both,G0-start2,r2_ece,0.0059,0.0031,0.0105
no_trial,both,G0-start2,r4b_3,0.1372,0.1243,0.1504
no_trial,both,G0-start2,r4b_5,0.1650,0.1498,0.1813
no_trial,both,G0-start2,r4b_10,0.1746,0.1585,0.1909
no_trial,both,G0-start2,r4b_20,0.1804,0.1644,0.1979
no_trial,both,G0-start2,r4b_50,0.1903,0.1712,0.2105
no_trial,both,G0-start2,r8_move_p95_6_20,74.0000,73.0000,74.0000
no_trial,both,G0-start2,r8_move_p95_150_200,35.0000,34.0000,35.0000
no_trial,both,G0-start2,r9_kept_up_later_less_earlier,0.0290,0.0215,0.0361
no_trial,both,G0-start2,r10_taken_back_5,0.1215,0.1014,0.1437
no_trial,both,G0-start2,r10_taken_back_10,0.2488,0.2130,0.2873
no_trial,both,G0-topics0.3,r1_rms_5,0.7543,0.7263,0.7833
no_trial,both,G0-topics0.3,r1_mean_5,-0.0390,-0.0886,0.0117
no_trial,both,G0-topics0.3,r1_rms_10,0.7090,0.6846,0.7345
no_trial,both,G0-topics0.3,r1_mean_10,-0.0576,-0.1047,-0.0097
no_trial,both,G0-topics0.3,r1_rms_20,0.6387,0.6178,0.6612
no_trial,both,G0-topics0.3,r1_mean_20,-0.0691,-0.1100,-0.0270
no_trial,both,G0-topics0.3,r1_rms_50,0.5278,0.5134,0.5423
no_trial,both,G0-topics0.3,r1_mean_50,-0.0771,-0.1054,-0.0483
no_trial,both,G0-topics0.3,r1_rms_100,0.4747,0.4650,0.4848
no_trial,both,G0-topics0.3,r1_mean_100,-0.0832,-0.1036,-0.0639
no_trial,both,G0-topics0.3,r1_rms_200,0.4261,0.4189,0.4338
no_trial,both,G0-topics0.3,r1_mean_200,-0.0921,-0.1065,-0.0787
no_trial,both,G0-topics0.3,r2_brier,0.1715,0.1698,0.1732
no_trial,both,G0-topics0.3,r2_bias,0.0027,-0.0001,0.0056
no_trial,both,G0-topics0.3,r3_inside,0.4671,0.4611,0.4728
no_trial,both,G0-topics0.3,r3_below_0.5,0.0205,0.0183,0.0227
no_trial,both,G0-topics0.3,r3_above_0.95,0.0206,0.0182,0.0232
no_trial,both,G0-topics0.3,r4_false,0.0208,0.0162,0.0254
no_trial,both,G0-topics0.3,r4_false_0.70,0.0030,0.0017,0.0043
no_trial,both,G0-topics0.3,r4_below,0.5487,0.5321,0.5656
no_trial,both,G0-topics0.3,r4_false_at_task,0.0088,0.0052,0.0126
no_trial,both,G0-topics0.3,r4_declared,8.0830,7.7300,8.4720
no_trial,both,G0-topics0.3,r5_late_answers,4.1659,3.9772,4.3614
no_trial,both,G0-topics0.3,r5_never,0.1965,0.1788,0.2132
no_trial,both,G0-topics0.3,r6_lag,-0.0900,-0.1062,-0.0735
no_trial,both,G0-topics0.3,r7_error_5,0.6761,0.6453,0.7078
no_trial,both,G0-topics0.3,r7_error_10,0.6240,0.5955,0.6533
no_trial,both,G0-topics0.3,r7_longest_wrong,1.5980,1.5370,1.6580
no_trial,both,G0-topics0.3,r7_hard_first,0.0652,0.0563,0.0747
no_trial,both,G0-topics0.3,r4b_chance_below_0.5,0.0494,0.0437,0.0552
no_trial,both,G0-topics0.3,r4b_chance_0.5_to_0.6,0.1198,0.1133,0.1271
no_trial,both,G0-topics0.3,r4b_chance_0.6_to_0.7,0.2327,0.2265,0.2391
no_trial,both,G0-topics0.3,r4b_chance_0.7_to_0.8,0.3205,0.3136,0.3273
no_trial,both,G0-topics0.3,r4b_chance_0.8_up,0.2776,0.2653,0.2903
no_trial,both,G0-topics0.3,r3_reachable,0.9477,0.9390,0.9554
no_trial,both,G0-topics0.3,r8_rank_6_20,4.2000,3.6800,4.6933
no_trial,both,G0-topics0.3,r8_topic_rank_6_20,18.3000,17.4333,19.1667
no_trial,both,G0-topics0.3,r8_rank_150_200,0.6549,0.5000,0.8157
no_trial,both,G0-topics0.3,r8_topic_rank_150_200,7.5431,7.1980,7.9157
no_trial,both,G0-topics0.3,r9_kept_up_6_50,-0.0056,-0.0116,-0.0004
no_trial,both,G0-topics0.3,r9_kept_up_101_200,-0.0013,-0.0041,0.0014
no_trial,both,G0-topics0.3,r10_shown,3.6130,3.4120,3.8270
no_trial,both,G0-topics0.3,r2_ece,0.0033,0.0023,0.0061
no_trial,both,G0-topics0.3,r4b_3,0.1635,0.1500,0.1768
no_trial,both,G0-topics0.3,r4b_5,0.1882,0.1737,0.2028
no_trial,both,G0-topics0.3,r4b_10,0.1991,0.1842,0.2144
no_trial,both,G0-topics0.3,r4b_20,0.2060,0.1885,0.2226
no_trial,both,G0-topics0.3,r4b_50,0.2060,0.1903,0.2237
no_trial,both,G0-topics0.3,r8_move_p95_6_20,74.0000,73.0000,74.0000
no_trial,both,G0-topics0.3,r8_move_p95_150_200,36.0000,35.0000,36.0000
no_trial,both,G0-topics0.3,r9_kept_up_later_less_earlier,0.0043,-0.0008,0.0094
no_trial,both,G0-topics0.3,r10_taken_back_5,0.1714,0.1451,0.1985
no_trial,both,G0-topics0.3,r10_taken_back_10,0.3687,0.3257,0.4147
no_trial,both,G0-topics1,r1_rms_5,1.2060,1.1745,1.2371
no_trial,both,G0-topics1,r1_mean_5,-0.1004,-0.1622,-0.0391
no_trial,both,G0-topics1,r1_rms_10,1.1861,1.1599,1.2131
no_trial,both,G0-topics1,r1_mean_10,-0.1164,-0.1708,-0.0620
no_trial,both,G0-topics1,r1_rms_20,1.1161,1.0935,1.1391
no_trial,both,G0-topics1,r1_mean_20,-0.1656,-0.2127,-0.1196
no_trial,both,G0-topics1,r1_rms_50,0.9567,0.9389,0.9751
no_trial,both,G0-topics1,r1_mean_50,-0.2199,-0.2534,-0.1868
no_trial,both,G0-topics1,r1_rms_100,0.8167,0.8019,0.8318
no_trial,both,G0-topics1,r1_mean_100,-0.2076,-0.2306,-0.1817
no_trial,both,G0-topics1,r1_rms_200,0.6984,0.6844,0.7118
no_trial,both,G0-topics1,r1_mean_200,-0.1818,-0.2004,-0.1626
no_trial,both,G0-topics1,r2_brier,0.1705,0.1687,0.1722
no_trial,both,G0-topics1,r2_bias,0.0024,-0.0007,0.0054
no_trial,both,G0-topics1,r3_inside,0.3762,0.3714,0.3811
no_trial,both,G0-topics1,r3_below_0.5,0.0492,0.0456,0.0531
no_trial,both,G0-topics1,r3_above_0.95,0.0675,0.0628,0.0720
no_trial,both,G0-topics1,r4_false,0.0444,0.0388,0.0501
no_trial,both,G0-topics1,r4_false_0.70,0.0161,0.0127,0.0196
no_trial,both,G0-topics1,r4_below,0.5654,0.5485,0.5826
no_trial,both,G0-topics1,r4_false_at_task,0.0378,0.0303,0.0458
no_trial,both,G0-topics1,r4_declared,7.9080,7.5450,8.2850
no_trial,both,G0-topics1,r5_late_answers,4.6582,4.4726,4.8498
no_trial,both,G0-topics1,r5_never,0.2823,0.2696,0.2944
no_trial,both,G0-topics1,r6_lag,-0.1861,-0.2052,-0.1676
no_trial,both,G0-topics1,r7_error_5,0.7570,0.7233,0.7917
no_trial,both,G0-topics1,r7_error_10,0.7041,0.6737,0.7370
no_trial,both,G0-topics1,r7_longest_wrong,1.8250,1.7600,1.8930
no_trial,both,G0-topics1,r7_hard_first,0.1472,0.1357,0.1590
no_trial,both,G0-topics1,r4b_chance_below_0.5,0.1143,0.1046,0.1260
no_trial,both,G0-topics1,r4b_chance_0.5_to_0.6,0.1340,0.1289,0.1389
no_trial,both,G0-topics1,r4b_chance_0.6_to_0.7,0.2121,0.2062,0.2176
no_trial,both,G0-topics1,r4b_chance_0.7_to_0.8,0.2734,0.2668,0.2796
no_trial,both,G0-topics1,r4b_chance_0.8_up,0.2662,0.2559,0.2759
no_trial,both,G0-topics1,r3_reachable,0.9218,0.9145,0.9293
no_trial,both,G0-topics1,r8_rank_6_20,4.9067,4.3867,5.4533
no_trial,both,G0-topics1,r8_topic_rank_6_20,19.3067,18.4733,20.1400
no_trial,both,G0-topics1,r8_rank_150_200,0.5745,0.4176,0.7529
no_trial,both,G0-topics1,r8_topic_rank_150_200,7.2000,6.8667,7.5627
no_trial,both,G0-topics1,r9_kept_up_6_50,-0.0235,-0.0293,-0.0177
no_trial,both,G0-topics1,r9_kept_up_101_200,0.0056,0.0029,0.0083
no_trial,both,G0-topics1,r10_shown,3.4080,3.1950,3.6180
no_trial,both,G0-topics1,r2_ece,0.0026,0.0007,0.0056
no_trial,both,G0-topics1,r4b_3,0.1653,0.1520,0.1790
no_trial,both,G0-topics1,r4b_5,0.2009,0.1855,0.2169
no_trial,both,G0-topics1,r4b_10,0.2143,0.1983,0.2306
no_trial,both,G0-topics1,r4b_20,0.2219,0.2043,0.2399
no_trial,both,G0-topics1,r4b_50,0.2219,0.2044,0.2400
no_trial,both,G0-topics1,r8_move_p95_6_20,74.0000,74.0000,74.0000
no_trial,both,G0-topics1,r8_move_p95_150_200,34.0000,34.0000,35.0000
no_trial,both,G0-topics1,r9_kept_up_later_less_earlier,0.0291,0.0235,0.0348
no_trial,both,G0-topics1,r10_taken_back_5,0.1786,0.1555,0.2026
no_trial,both,G0-topics1,r10_taken_back_10,0.3270,0.2926,0.3634
glicko2_floor,general,G0,r1_rms_5,0.9748,0.9429,1.0086
glicko2_floor,general,G0,r1_mean_5,-0.2144,-0.2765,-0.1521
glicko2_floor,general,G0,r1_rms_10,0.8509,0.8240,0.8786
glicko2_floor,general,G0,r1_mean_10,-0.2394,-0.2871,-0.1911
glicko2_floor,general,G0,r1_rms_20,0.7332,0.7135,0.7532
glicko2_floor,general,G0,r1_mean_20,-0.2246,-0.2611,-0.1903
glicko2_floor,general,G0,r1_rms_50,0.6175,0.6050,0.6299
glicko2_floor,general,G0,r1_mean_50,-0.1755,-0.2007,-0.1493
glicko2_floor,general,G0,r1_rms_100,0.5701,0.5595,0.5796
glicko2_floor,general,G0,r1_mean_100,-0.1551,-0.1748,-0.1356
glicko2_floor,general,G0,r1_rms_200,0.5682,0.5574,0.5787
glicko2_floor,general,G0,r1_mean_200,-0.1434,-0.1626,-0.1234
glicko2_floor,general,G0,r2_brier,0.1726,0.1714,0.1738
glicko2_floor,general,G0,r2_bias,-0.0020,-0.0032,-0.0008
glicko2_floor,general,G0,r3_inside,0.4257,0.4212,0.4303
glicko2_floor,general,G0,r3_below_0.5,0.0350,0.0317,0.0385
glicko2_floor,general,G0,r3_above_0.95,0.0294,0.0275,0.0314
glicko2_floor,general,G0,r4_false,0.0433,0.0362,0.0503
glicko2_floor,general,G0,r4_false_0.70,0.0126,0.0095,0.0163
glicko2_floor,general,G0,r4_below,0.5491,0.5234,0.5747
glicko2_floor,general,G0,r4_false_at_task,0.0325,0.0232,0.0427
glicko2_floor,general,G0,r4_declared,8.6560,8.2280,9.0930
glicko2_floor,general,G0,r5_late_answers,4.4737,4.3017,4.6434
glicko2_floor,general,G0,r5_never,0.1990,0.1818,0.2176
glicko2_floor,general,G0,r6_lag,-0.1140,-0.1273,-0.1004
glicko2_floor,general,G0,r7_error_5,0.8193,0.7830,0.8562
glicko2_floor,general,G0,r7_error_10,0.6487,0.6174,0.6808
glicko2_floor,general,G0,r7_longest_wrong,1.6710,1.6190,1.7230
glicko2_floor,general,G0,r7_hard_first,0.0995,0.0901,0.1090
glicko2_floor,general,G0,r4b_chance_below_0.5,0.0774,0.0684,0.0880
glicko2_floor,general,G0,r4b_chance_0.5_to_0.6,0.1286,0.1217,0.1356
glicko2_floor,general,G0,r4b_chance_0.6_to_0.7,0.2150,0.2087,0.2207
glicko2_floor,general,G0,r4b_chance_0.7_to_0.8,0.2851,0.2780,0.2920
glicko2_floor,general,G0,r4b_chance_0.8_up,0.2938,0.2806,0.3071
glicko2_floor,general,G0,r3_reachable,0.9147,0.9040,0.9245
glicko2_floor,general,G0,r8_rank_6_20,16.6800,15.9600,17.3533
glicko2_floor,general,G0,r8_topic_rank_6_20,16.6800,15.9867,17.3733
glicko2_floor,general,G0,r8_rank_150_200,4.8843,4.5255,5.2471
glicko2_floor,general,G0,r8_topic_rank_150_200,4.8843,4.5490,5.2529
glicko2_floor,general,G0,r9_kept_up_6_50,0.0057,0.0018,0.0094
glicko2_floor,general,G0,r9_kept_up_101_200,0.0011,-0.0006,0.0028
glicko2_floor,general,G0,r10_shown,3.7950,3.5040,4.0810
glicko2_floor,general,G0,r2_ece,0.0039,0.0022,0.0058
glicko2_floor,general,G0,r4b_3,0.1266,0.1145,0.1387
glicko2_floor,general,G0,r4b_5,0.1497,0.1357,0.1635
glicko2_floor,general,G0,r4b_10,0.1667,0.1514,0.1824
glicko2_floor,general,G0,r4b_20,0.1818,0.1641,0.2011
glicko2_floor,general,G0,r4b_50,0.1840,0.1664,0.2035
glicko2_floor,general,G0,r8_move_p95_6_20,82.0000,80.0000,83.0000
glicko2_floor,general,G0,r8_move_p95_150_200,21.0000,21.0000,21.0000
glicko2_floor,general,G0,r9_kept_up_later_less_earlier,-0.0046,-0.0089,-0.0002
glicko2_floor,general,G0,r10_taken_back_5,0.2056,0.1895,0.2231
glicko2_floor,general,G0,r10_taken_back_10,0.4175,0.3806,0.4549
glicko2_floor,general,G1,r1_rms_5,1.2012,1.1587,1.2410
glicko2_floor,general,G1,r1_mean_5,-0.3353,-0.4133,-0.2632
glicko2_floor,general,G1,r1_rms_10,0.9871,0.9546,1.0206
glicko2_floor,general,G1,r1_mean_10,-0.3444,-0.4037,-0.2844
glicko2_floor,general,G1,r1_rms_20,0.8091,0.7854,0.8334
glicko2_floor,general,G1,r1_mean_20,-0.2807,-0.3255,-0.2377
glicko2_floor,general,G1,r1_rms_50,0.6420,0.6279,0.6561
glicko2_floor,general,G1,r1_mean_50,-0.2003,-0.2272,-0.1718
glicko2_floor,general,G1,r1_rms_100,0.5753,0.5647,0.5854
glicko2_floor,general,G1,r1_mean_100,-0.1500,-0.1701,-0.1302
glicko2_floor,general,G1,r1_rms_200,0.5794,0.5691,0.5899
glicko2_floor,general,G1,r1_mean_200,-0.1252,-0.1463,-0.1025
glicko2_floor,general,G1,r2_brier,0.1804,0.1782,0.1827
glicko2_floor,general,G1,r2_bias,-0.0044,-0.0062,-0.0028
glicko2_floor,general,G1,r3_inside,0.3594,0.3494,0.3685
glicko2_floor,general,G1,r3_below_0.5,0.1105,0.0984,0.1226
glicko2_floor,general,G1,r3_above_0.95,0.0377,0.0352,0.0403
glicko2_floor,general,G1,r4_false,0.0021,0.0009,0.0036
glicko2_floor,general,G1,r4_false_0.70,0.0008,0.0001,0.0017
glicko2_floor,general,G1,r4_below,0.3144,0.2895,0.3402
glicko2_floor,general,G1,r4_false_at_task,0.0021,0.0007,0.0039
glicko2_floor,general,G1,r4_declared,8.9700,8.5370,9.4120
glicko2_floor,general,G1,r5_late_answers,3.8446,3.7965,3.8904
glicko2_floor,general,G1,r5_never,0.0336,0.0292,0.0383
glicko2_floor,general,G1,r6_lag,-0.0914,-0.1056,-0.0771
glicko2_floor,general,G1,r7_error_5,1.0898,1.0458,1.1340
glicko2_floor,general,G1,r7_error_10,0.8039,0.7652,0.8441
glicko2_floor,general,G1,r7_longest_wrong,1.8820,1.8050,1.9620
glicko2_floor,general,G1,r7_hard_first,0.2093,0.1937,0.2259
glicko2_floor,general,G1,r4b_chance_below_0.5,0.2783,0.2551,0.3012
glicko2_floor,general,G1,r4b_chance_0.5_to_0.6,0.1738,0.1644,0.1822
glicko2_floor,general,G1,r4b_chance_0.6_to_0.7,0.1688,0.1638,0.1738
glicko2_floor,general,G1,r4b_chance_0.7_to_0.8,0.1780,0.1670,0.1901
glicko2_floor,general,G1,r4b_chance_0.8_up,0.2011,0.1840,0.2186
glicko2_floor,general,G1,r3_reachable,0.8081,0.7857,0.8298
glicko2_floor,general,G1,r8_rank_6_20,14.9333,14.2533,15.5867
glicko2_floor,general,G1,r8_topic_rank_6_20,14.9333,14.2667,15.6133
glicko2_floor,general,G1,r8_rank_150_200,4.1333,3.7980,4.4627
glicko2_floor,general,G1,r8_topic_rank_150_200,4.1333,3.8000,4.4686
glicko2_floor,general,G1,r9_kept_up_6_50,0.0114,0.0070,0.0156
glicko2_floor,general,G1,r9_kept_up_101_200,0.0021,0.0003,0.0040
glicko2_floor,general,G1,r10_shown,5.9610,5.5620,6.4290
glicko2_floor,general,G1,r2_ece,0.0124,0.0107,0.0144
glicko2_floor,general,G1,r4b_3,0.1036,0.0914,0.1164
glicko2_floor,general,G1,r4b_5,0.1154,0.1019,0.1287
glicko2_floor,general,G1,r4b_10,0.1161,0.1035,0.1299
glicko2_floor,general,G1,r4b_20,0.1161,0.1020,0.1306
glicko2_floor,general,G1,r4b_50,0.1161,0.1027,0.1301
glicko2_floor,general,G1,r8_move_p95_6_20,79.0000,77.0000,82.0000
glicko2_floor,general,G1,r8_move_p95_150_200,21.0000,21.0000,21.0000
glicko2_floor,general,G1,r9_kept_up_later_less_earlier,-0.0093,-0.0138,-0.0045
glicko2_floor,general,G1,r10_taken_back_5,0.1662,0.1554,0.1766
glicko2_floor,general,G1,r10_taken_back_10,0.3732,0.3484,0.3976
glicko2_floor,general,G2,r1_rms_5,0.9447,0.9132,0.9801
glicko2_floor,general,G2,r1_mean_5,-0.2507,-0.3071,-0.1888
glicko2_floor,general,G2,r1_rms_10,0.8748,0.8475,0.9019
glicko2_floor,general,G2,r1_mean_10,-0.3139,-0.3619,-0.2671
glicko2_floor,general,G2,r1_rms_20,0.7866,0.7646,0.8077
glicko2_floor,general,G2,r1_mean_20,-0.3688,-0.4069,-0.3281
glicko2_floor,general,G2,r1_rms_50,0.7429,0.7254,0.7606
glicko2_floor,general,G2,r1_mean_50,-0.4806,-0.5057,-0.4555
glicko2_floor,general,G2,r1_rms_100,0.8085,0.7929,0.8250
glicko2_floor,general,G2,r1_mean_100,-0.6148,-0.6354,-0.5954
glicko2_floor,general,G2,r1_rms_200,0.8399,0.8243,0.8553
glicko2_floor,general,G2,r1_mean_200,-0.6523,-0.6737,-0.6325
glicko2_floor,general,G2,r2_brier,0.1415,0.1407,0.1424
glicko2_floor,general,G2,r2_bias,-0.0530,-0.0541,-0.0517
glicko2_floor,general,G2,r3_inside,0.3450,0.3401,0.3498
glicko2_floor,general,G2,r3_below_0.5,0.0135,0.0125,0.0145
glicko2_floor,general,G2,r3_above_0.95,0.0862,0.0825,0.0899
glicko2_floor,general,G2,r4_false,0.0099,0.0081,0.0119
glicko2_floor,general,G2,r4_false_0.70,0.0014,0.0007,0.0022
glicko2_floor,general,G2,r4_below,0.5277,0.5052,0.5510
glicko2_floor,general,G2,r4_false_at_task,0.0068,0.0047,0.0089
glicko2_floor,general,G2,r4_declared,13.1430,12.6740,13.6060
glicko2_floor,general,G2,r5_late_answers,5.2243,5.0934,5.3504
glicko2_floor,general,G2,r5_never,0.2844,0.2669,0.3020
glicko2_floor,general,G2,r6_lag,-0.6521,-0.6674,-0.6376
glicko2_floor,general,G2,r7_error_5,0.7845,0.7477,0.8236
glicko2_floor,general,G2,r7_error_10,0.6892,0.6570,0.7214
glicko2_floor,general,G2,r7_longest_wrong,1.6420,1.5950,1.6920
glicko2_floor,general,G2,r7_hard_first,0.0943,0.0859,0.1031
glicko2_floor,general,G2,r4b_chance_below_0.5,0.0416,0.0384,0.0448
glicko2_floor,general,G2,r4b_chance_0.5_to_0.6,0.0786,0.0745,0.0825
glicko2_floor,general,G2,r4b_chance_0.6_to_0.7,0.1623,0.1566,0.1675
glicko2_floor,general,G2,r4b_chance_0.7_to_0.8,0.2752,0.2701,0.2802
glicko2_floor,general,G2,r4b_chance_0.8_up,0.4424,0.4318,0.4537
glicko2_floor,general,G2,r3_reachable,0.9523,0.9482,0.9560
glicko2_floor,general,G2,r8_rank_6_20,16.5867,15.9200,17.2800
glicko2_floor,general,G2,r8_topic_rank_6_20,16.5867,15.9333,17.2800
glicko2_floor,general,G2,r8_rank_150_200,4.3647,4.0627,4.7020
glicko2_floor,general,G2,r8_topic_rank_150_200,4.3647,4.0490,4.6804
glicko2_floor,general,G2,r9_kept_up_6_50,0.0271,0.0237,0.0306
glicko2_floor,general,G2,r9_kept_up_101_200,0.0684,0.0668,0.0702
glicko2_floor,general,G2,r10_shown,6.3400,5.9030,6.8100
glicko2_floor,general,G2,r2_ece,0.0530,0.0518,0.0542
glicko2_floor,general,G2,r4b_3,0.1081,0.0974,0.1198
glicko2_floor,general,G2,r4b_5,0.1386,0.1251,0.1520
glicko2_floor,general,G2,r4b_10,0.2108,0.1902,0.2324
glicko2_floor,general,G2,r4b_20,0.2754,0.2416,0.3111
glicko2_floor,general,G2,r4b_50,0.2945,0.2519,0.3515
glicko2_floor,general,G2,r8_move_p95_6_20,82.0000,80.0000,84.0000
glicko2_floor,general,G2,r8_move_p95_150_200,20.0000,20.0000,20.0000
glicko2_floor,general,G2,r9_kept_up_later_less_earlier,0.0413,0.0376,0.0451
glicko2_floor,general,G2,r10_taken_back_5,0.1107,0.1009,0.1205
glicko2_floor,general,G2,r10_taken_back_10,0.2635,0.2380,0.2907
glicko2_floor,general,G3,r1_rms_5,0.9569,0.9246,0.9889
glicko2_floor,general,G3,r1_mean_5,-0.1351,-0.1976,-0.0744
glicko2_floor,general,G3,r1_rms_10,0.8380,0.8106,0.8638
glicko2_floor,general,G3,r1_mean_10,-0.1766,-0.2246,-0.1273
glicko2_floor,general,G3,r1_rms_20,0.7239,0.7057,0.7426
glicko2_floor,general,G3,r1_mean_20,-0.1832,-0.2218,-0.1483
glicko2_floor,general,G3,r1_rms_50,0.6205,0.6075,0.6332
glicko2_floor,general,G3,r1_mean_50,-0.1976,-0.2226,-0.1725
glicko2_floor,general,G3,r1_rms_100,0.7691,0.7494,0.7880
glicko2_floor,general,G3,r1_mean_100,-0.4932,-0.5227,-0.4643
glicko2_floor,general,G3,r1_rms_200,0.6460,0.6343,0.6591
glicko2_floor,general,G3,r1_mean_200,-0.3427,-0.3635,-0.3220
glicko2_floor,general,G3,r2_brier,0.1569,0.1559,0.1579
glicko2_floor,general,G3,r2_bias,-0.0283,-0.0295,-0.0271
glicko2_floor,general,G3,r3_inside,0.3785,0.3743,0.3826
glicko2_floor,general,G3,r3_below_0.5,0.0236,0.0215,0.0259
glicko2_floor,general,G3,r3_above_0.95,0.0625,0.0597,0.0652
glicko2_floor,general,G3,r4_false,0.0278,0.0236,0.0323
glicko2_floor,general,G3,r4_false_0.70,0.0056,0.0040,0.0072
glicko2_floor,general,G3,r4_below,0.5446,0.5216,0.5687
glicko2_floor,general,G3,r4_false_at_task,0.0202,0.0147,0.0263
glicko2_floor,general,G3,r4_declared,10.4410,9.9440,10.9580
glicko2_floor,general,G3,r5_late_answers,5.0637,4.9022,5.2242
glicko2_floor,general,G3,r5_never,0.2733,0.2556,0.2927
glicko2_floor,general,G3,r6_lag,-0.4827,-0.4986,-0.4668
glicko2_floor,general,G3,r6_jump_answers,58.2030,56.3000,60.1000
glicko2_floor,general,G3,r6_jump_unsettled,0.3010,0.2720,0.3300
glicko2_floor,general,G3,r7_error_5,0.7979,0.7600,0.8332
glicko2_floor,general,G3,r7_error_10,0.6503,0.6198,0.6829
glicko2_floor,general,G3,r7_longest_wrong,1.6610,1.6090,1.7160
glicko2_floor,general,G3,r7_hard_first,0.1062,0.0969,0.1165
glicko2_floor,general,G3,r4b_chance_below_0.5,0.0606,0.0543,0.0684
glicko2_floor,general,G3,r4b_chance_0.5_to_0.6,0.1075,0.1025,0.1128
glicko2_floor,general,G3,r4b_chance_0.6_to_0.7,0.1887,0.1832,0.1942
glicko2_floor,general,G3,r4b_chance_0.7_to_0.8,0.2796,0.2742,0.2851
glicko2_floor,general,G3,r4b_chance_0.8_up,0.3637,0.3522,0.3760
glicko2_floor,general,G3,r3_reachable,0.9426,0.9360,0.9491
glicko2_floor,general,G3,r8_rank_6_20,17.3800,16.7200,18.0733
glicko2_floor,general,G3,r8_topic_rank_6_20,17.3800,16.7200,18.0667
glicko2_floor,general,G3,r8_rank_150_200,4.6804,4.3471,5.0118
glicko2_floor,general,G3,r8_topic_rank_150_200,4.6804,4.3490,5.0235
glicko2_floor,general,G3,r9_kept_up_6_50,-0.0006,-0.0043,0.0031
glicko2_floor,general,G3,r9_kept_up_101_200,0.0444,0.0424,0.0462
glicko2_floor,general,G3,r10_shown,4.8840,4.4960,5.2500
glicko2_floor,general,G3,r2_ece,0.0283,0.0272,0.0295
glicko2_floor,general,G3,r4b_3,0.1203,0.1094,0.1318
glicko2_floor,general,G3,r4b_5,0.1491,0.1347,0.1631
glicko2_floor,general,G3,r4b_10,0.1900,0.1731,0.2085
glicko2_floor,general,G3,r4b_20,0.2339,0.2083,0.2619
glicko2_floor,general,G3,r4b_50,0.2528,0.2217,0.2884
glicko2_floor,general,G3,r8_move_p95_6_20,83.0000,81.0000,84.0000
glicko2_floor,general,G3,r8_move_p95_150_200,20.0000,20.0000,21.0000
glicko2_floor,general,G3,r9_kept_up_later_less_earlier,0.0450,0.0406,0.0492
glicko2_floor,general,G3,r10_taken_back_5,0.1544,0.1410,0.1679
glicko2_floor,general,G3,r10_taken_back_10,0.3147,0.2804,0.3499
glicko2_floor,general,G4,r1_rms_5,0.9859,0.9509,1.0193
glicko2_floor,general,G4,r1_mean_5,-0.3814,-0.4402,-0.3203
glicko2_floor,general,G4,r1_rms_10,0.9346,0.9052,0.9663
glicko2_floor,general,G4,r1_mean_10,-0.5013,-0.5515,-0.4506
glicko2_floor,general,G4,r1_rms_20,0.8657,0.8419,0.8915
glicko2_floor,general,G4,r1_mean_20,-0.5628,-0.6014,-0.5248
glicko2_floor,general,G4,r1_rms_50,0.8012,0.7832,0.8214
glicko2_floor,general,G4,r1_mean_50,-0.5855,-0.6099,-0.5611
glicko2_floor,general,G4,r1_rms_100,0.7677,0.7533,0.7831
glicko2_floor,general,G4,r1_mean_100,-0.5679,-0.5867,-0.5485
glicko2_floor,general,G4,r1_rms_200,0.7623,0.7483,0.7771
glicko2_floor,general,G4,r1_mean_200,-0.5589,-0.5784,-0.5386
glicko2_floor,general,G4,r2_brier,0.1763,0.1751,0.1776
glicko2_floor,general,G4,r2_bias,0.0020,0.0008,0.0032
glicko2_floor,general,G4,r3_inside,0.3864,0.3824,0.3900
glicko2_floor,general,G4,r3_below_0.5,0.0496,0.0460,0.0533
glicko2_floor,general,G4,r3_above_0.95,0.0411,0.0389,0.0434
glicko2_floor,general,G4,r4_false,0.0103,0.0075,0.0133
glicko2_floor,general,G4,r4_false_0.70,0.0017,0.0008,0.0028
glicko2_floor,general,G4,r4_below,0.5641,0.5386,0.5887
glicko2_floor,general,G4,r4_false_at_task,0.0048,0.0025,0.0075
glicko2_floor,general,G4,r4_declared,7.6510,7.2210,8.0520
glicko2_floor,general,G4,r5_late_answers,4.4945,4.2893,4.7018
glicko2_floor,general,G4,r5_never,0.3072,0.2873,0.3285
glicko2_floor,general,G4,r6_lag,-0.5157,-0.5297,-0.5024
glicko2_floor,general,G4,r7_error_5,0.8423,0.8008,0.8821
glicko2_floor,general,G4,r7_error_10,0.7655,0.7309,0.8026
glicko2_floor,general,G4,r7_longest_wrong,1.7650,1.7140,1.8180
glicko2_floor,general,G4,r7_hard_first,0.1500,0.1396,0.1609
glicko2_floor,general,G4,r4b_chance_below_0.5,0.1110,0.1009,0.1215
glicko2_floor,general,G4,r4b_chance_0.5_to_0.6,0.1414,0.1356,0.1473
glicko2_floor,general,G4,r4b_chance_0.6_to_0.7,0.2073,0.2023,0.2120
glicko2_floor,general,G4,r4b_chance_0.7_to_0.8,0.2544,0.2484,0.2603
glicko2_floor,general,G4,r4b_chance_0.8_up,0.2858,0.2733,0.2985
glicko2_floor,general,G4,r3_reachable,0.9395,0.9306,0.9479
glicko2_floor,general,G4,r8_rank_6_20,17.1200,16.4200,17.8000
glicko2_floor,general,G4,r8_topic_rank_6_20,17.1200,16.3800,17.8200
glicko2_floor,general,G4,r8_rank_150_200,4.9137,4.5510,5.2804
glicko2_floor,general,G4,r8_topic_rank_150_200,4.9137,4.5569,5.2843
glicko2_floor,general,G4,r9_kept_up_6_50,-0.0092,-0.0127,-0.0055
glicko2_floor,general,G4,r9_kept_up_101_200,0.0009,-0.0007,0.0026
glicko2_floor,general,G4,r10_shown,3.2960,3.0360,3.5620
glicko2_floor,general,G4,r2_ece,0.0052,0.0038,0.0067
glicko2_floor,general,G4,r4b_3,0.1036,0.0918,0.1155
glicko2_floor,general,G4,r4b_5,0.1188,0.1065,0.1316
glicko2_floor,general,G4,r4b_10,0.1256,0.1123,0.1396
glicko2_floor,general,G4,r4b_20,0.1319,0.1172,0.1469
glicko2_floor,general,G4,r4b_50,0.1350,0.1196,0.1511
glicko2_floor,general,G4,r8_move_p95_6_20,86.0000,84.0000,87.0000
glicko2_floor,general,G4,r8_move_p95_150_200,21.0000,21.0000,21.0000
glicko2_floor,general,G4,r9_kept_up_later_less_earlier,0.0101,0.0061,0.0144
glicko2_floor,general,G4,r10_taken_back_5,0.2139,0.1963,0.2312
glicko2_floor,general,G4,r10_taken_back_10,0.3997,0.3664,0.4328
glicko2_floor,general,G5,r1_rms_5,0.8859,0.8490,0.9250
glicko2_floor,general,G5,r1_mean_5,-0.1451,-0.2110,-0.0806
glicko2_floor,general,G5,r1_rms_10,0.7677,0.7385,0.7982
glicko2_floor,general,G5,r1_mean_10,-0.1867,-0.2370,-0.1357
glicko2_floor,general,G5,r1_rms_20,0.7872,0.7656,0.8092
glicko2_floor,general,G5,r1_mean_20,-0.2216,-0.2587,-0.1828
glicko2_floor,general,G5,r1_rms_50,0.7021,0.6849,0.7196
glicko2_floor,general,G5,r1_mean_50,-0.1920,-0.2186,-0.1651
glicko2_floor,general,G5,r1_rms_100,0.6693,0.6550,0.6847
glicko2_floor,general,G5,r1_mean_100,-0.1848,-0.2064,-0.1632
glicko2_floor,general,G5,r1_rms_200,0.6694,0.6538,0.6851
glicko2_floor,general,G5,r1_mean_200,-0.1662,-0.1887,-0.1446
glicko2_floor,general,G5,r2_brier,0.1748,0.1735,0.1760
glicko2_floor,general,G5,r2_bias,0.0003,-0.0010,0.0016
glicko2_floor,general,G5,r3_inside,0.3962,0.3898,0.4028
glicko2_floor,general,G5,r3_below_0.5,0.0471,0.0432,0.0517
glicko2_floor,general,G5,r3_above_0.95,0.0385,0.0361,0.0412
glicko2_floor,general,G5,r4_false,0.0415,0.0333,0.0498
glicko2_floor,general,G5,r4_false_0.70,0.0087,0.0057,0.0124
glicko2_floor,general,G5,r4_below,0.5456,0.5184,0.5691
glicko2_floor,general,G5,r4_false_at_task,0.0402,0.0275,0.0537
glicko2_floor,general,G5,r4_declared,8.0430,7.6310,8.4650
glicko2_floor,general,G5,r5_late_answers,4.1583,3.9764,4.3326
glicko2_floor,general,G5,r5_never,0.2641,0.2451,0.2821
glicko2_floor,general,G5,r6_lag,-0.1264,-0.1411,-0.1115
glicko2_floor,general,G5,r7_error_5,0.9320,0.8901,0.9725
glicko2_floor,general,G5,r7_error_10,0.8267,0.7921,0.8628
glicko2_floor,general,G5,r7_longest_wrong,1.8160,1.7600,1.8800
glicko2_floor,general,G5,r7_hard_first,0.1071,0.0964,0.1183
glicko2_floor,general,G5,r4b_chance_below_0.5,0.1108,0.0994,0.1229
glicko2_floor,general,G5,r4b_chance_0.5_to_0.6,0.1438,0.1356,0.1518
glicko2_floor,general,G5,r4b_chance_0.6_to_0.7,0.2250,0.2173,0.2325
glicko2_floor,general,G5,r4b_chance_0.7_to_0.8,0.2660,0.2564,0.2756
glicko2_floor,general,G5,r4b_chance_0.8_up,0.2544,0.2394,0.2692
glicko2_floor,general,G5,r3_reachable,0.8979,0.8851,0.9096
glicko2_floor,general,G5,r8_rank_6_20,17.2667,16.5733,17.9933
glicko2_floor,general,G5,r8_topic_rank_6_20,17.2667,16.5933,18.0000
glicko2_floor,general,G5,r8_rank_150_200,4.9078,4.5176,5.3039
glicko2_floor,general,G5,r8_topic_rank_150_200,4.9078,4.5412,5.2824
glicko2_floor,general,G5,r9_kept_up_6_50,-0.0034,-0.0071,0.0002
glicko2_floor,general,G5,r9_kept_up_101_200,0.0015,-0.0003,0.0033
glicko2_floor,general,G5,r10_shown,3.4730,3.2140,3.7370
glicko2_floor,general,G5,r2_ece,0.0057,0.0039,0.0075
glicko2_floor,general,G5,r4b_3,0.1241,0.1107,0.1370
glicko2_floor,general,G5,r4b_5,0.1479,0.1330,0.1640
glicko2_floor,general,G5,r4b_10,0.1641,0.1477,0.1810
glicko2_floor,general,G5,r4b_20,0.1788,0.1582,0.2004
glicko2_floor,general,G5,r4b_50,0.1805,0.1595,0.2038
glicko2_floor,general,G5,r8_move_p95_6_20,83.0000,82.0000,85.0000
glicko2_floor,general,G5,r8_move_p95_150_200,21.0000,21.0000,21.0000
glicko2_floor,general,G5,r9_kept_up_later_less_earlier,0.0049,0.0007,0.0092
glicko2_floor,general,G5,r10_taken_back_5,0.2056,0.1870,0.2240
glicko2_floor,general,G5,r10_taken_back_10,0.3553,0.3230,0.3906
glicko2_floor,general,G6,r1_rms_5,0.9916,0.9528,1.0304
glicko2_floor,general,G6,r1_mean_5,-0.2457,-0.3120,-0.1790
glicko2_floor,general,G6,r1_rms_10,0.9330,0.8972,0.9685
glicko2_floor,general,G6,r1_mean_10,-0.2727,-0.3330,-0.2147
glicko2_floor,general,G6,r1_rms_20,0.8717,0.8404,0.9064
glicko2_floor,general,G6,r1_mean_20,-0.2997,-0.3518,-0.2482
glicko2_floor,general,G6,r1_rms_50,0.8225,0.7943,0.8504
glicko2_floor,general,G6,r1_mean_50,-0.3099,-0.3558,-0.2647
glicko2_floor,general,G6,r1_rms_100,0.8191,0.7926,0.8454
glicko2_floor,general,G6,r1_mean_100,-0.3312,-0.3767,-0.2860
glicko2_floor,general,G6,r1_rms_200,0.8348,0.8099,0.8590
glicko2_floor,general,G6,r1_mean_200,-0.3612,-0.4061,-0.3179
glicko2_floor,general,G6,r2_brier,0.1757,0.1744,0.1771
glicko2_floor,general,G6,r2_bias,0.0031,0.0018,0.0044
glicko2_floor,general,G6,r3_inside,0.4376,0.4212,0.4533
glicko2_floor,general,G6,r3_below_0.5,0.0644,0.0595,0.0695
glicko2_floor,general,G6,r3_above_0.95,0.1044,0.0972,0.1112
glicko2_floor,general,G6,r4_false,0.0552,0.0457,0.0654
glicko2_floor,general,G6,r4_false_0.70,0.0109,0.0079,0.0141
glicko2_floor,general,G6,r4_below,0.5104,0.4839,0.5378
glicko2_floor,general,G6,r4_false_at_task,0.0398,0.0301,0.0508
glicko2_floor,general,G6,r4_declared,7.8020,7.3610,8.2440
glicko2_floor,general,G6,r5_late_answers,4.2486,4.0939,4.4134
glicko2_floor,general,G6,r5_never,0.1987,0.1800,0.2181
glicko2_floor,general,G6,r6_lag,-0.2964,-0.3370,-0.2539
glicko2_floor,general,G6,r7_error_5,0.8517,0.8090,0.8986
glicko2_floor,general,G6,r7_error_10,0.7626,0.7206,0.8048
glicko2_floor,general,G6,r7_longest_wrong,1.7090,1.6590,1.7590
glicko2_floor,general,G6,r7_hard_first,0.1056,0.0962,0.1152
glicko2_floor,general,G6,r4b_chance_below_0.5,0.1101,0.0991,0.1233
glicko2_floor,general,G6,r4b_chance_0.5_to_0.6,0.1014,0.0925,0.1111
glicko2_floor,general,G6,r4b_chance_0.6_to_0.7,0.2281,0.2145,0.2411
glicko2_floor,general,G6,r4b_chance_0.7_to_0.8,0.3205,0.3064,0.3353
glicko2_floor,general,G6,r4b_chance_0.8_up,0.2399,0.2260,0.2553
glicko2_floor,general,G6,r3_reachable,0.7689,0.7523,0.7851
glicko2_floor,general,G6,r8_rank_6_20,16.6600,15.9800,17.3533
glicko2_floor,general,G6,r8_topic_rank_6_20,16.6600,15.9800,17.3933
glicko2_floor,general,G6,r8_rank_150_200,4.8902,4.5314,5.2588
glicko2_floor,general,G6,r8_topic_rank_150_200,4.8902,4.5510,5.2529
glicko2_floor,general,G6,r9_kept_up_6_50,-0.0024,-0.0061,0.0012
glicko2_floor,general,G6,r9_kept_up_101_200,-0.0021,-0.0039,-0.0002
glicko2_floor,general,G6,r10_shown,3.7670,3.4770,4.0590
glicko2_floor,general,G6,r2_ece,0.0063,0.0048,0.0079
glicko2_floor,general,G6,r4b_3,0.1189,0.1065,0.1319
glicko2_floor,general,G6,r4b_5,0.1476,0.1324,0.1637
glicko2_floor,general,G6,r4b_10,0.1623,0.1451,0.1794
glicko2_floor,general,G6,r4b_20,0.1733,0.1546,0.1923
glicko2_floor,general,G6,r4b_50,0.1783,0.1572,0.1998
glicko2_floor,general,G6,r8_move_p95_6_20,82.0000,80.0000,83.0000
glicko2_floor,general,G6,r8_move_p95_150_200,21.0000,21.0000,21.0000
glicko2_floor,general,G6,r9_kept_up_later_less_earlier,0.0004,-0.0036,0.0044
glicko2_floor,general,G6,r10_taken_back_5,0.1913,0.1751,0.2085
glicko2_floor,general,G6,r10_taken_back_10,0.3968,0.3629,0.4324
glicko2_floor,general,G7,r1_rms_5,0.9656,0.9323,0.9986
glicko2_floor,general,G7,r1_mean_5,-0.2479,-0.3111,-0.1890
glicko2_floor,general,G7,r1_rms_10,0.8785,0.8504,0.9064
glicko2_floor,general,G7,r1_mean_10,-0.3004,-0.3517,-0.2509
glicko2_floor,general,G7,r1_rms_20,0.7866,0.7651,0.8075
glicko2_floor,general,G7,r1_mean_20,-0.2953,-0.3335,-0.2522
glicko2_floor,general,G7,r1_rms_50,0.6871,0.6724,0.7022
glicko2_floor,general,G7,r1_mean_50,-0.2603,-0.2904,-0.2291
glicko2_floor,general,G7,r1_rms_100,0.6440,0.6313,0.6561
glicko2_floor,general,G7,r1_mean_100,-0.2246,-0.2492,-0.1976
glicko2_floor,general,G7,r1_rms_200,0.6409,0.6282,0.6539
glicko2_floor,general,G7,r1_mean_200,-0.2294,-0.2540,-0.2022
glicko2_floor,general,G7,r2_brier,0.1726,0.1715,0.1737
glicko2_floor,general,G7,r2_bias,-0.0010,-0.0022,0.0003
glicko2_floor,general,G7,r3_inside,0.4242,0.4194,0.4288
glicko2_floor,general,G7,r3_below_0.5,0.0341,0.0309,0.0380
glicko2_floor,general,G7,r3_above_0.95,0.0305,0.0285,0.0325
glicko2_floor,general,G7,r4_false,0.0392,0.0330,0.0457
glicko2_floor,general,G7,r4_false_0.70,0.0076,0.0055,0.0100
glicko2_floor,general,G7,r4_below,0.5385,0.5128,0.5644
glicko2_floor,general,G7,r4_false_at_task,0.0286,0.0199,0.0381
glicko2_floor,general,G7,r4_declared,8.2600,7.8580,8.6570
glicko2_floor,general,G7,r5_late_answers,4.3556,4.1945,4.5266
glicko2_floor,general,G7,r5_never,0.1830,0.1657,0.2008
glicko2_floor,general,G7,r6_lag,-0.1735,-0.1957,-0.1508
glicko2_floor,general,G7,r7_error_5,0.8271,0.7877,0.8654
glicko2_floor,general,G7,r7_error_10,0.7046,0.6697,0.7378
glicko2_floor,general,G7,r7_longest_wrong,1.7280,1.6770,1.7800
glicko2_floor,general,G7,r7_hard_first,0.1051,0.0962,0.1148
glicko2_floor,general,G7,r4b_chance_below_0.5,0.0746,0.0654,0.0853
glicko2_floor,general,G7,r4b_chance_0.5_to_0.6,0.1203,0.1150,0.1256
glicko2_floor,general,G7,r4b_chance_0.6_to_0.7,0.2142,0.2081,0.2205
glicko2_floor,general,G7,r4b_chance_0.7_to_0.8,0.2840,0.2772,0.2911
glicko2_floor,general,G7,r4b_chance_0.8_up,0.3069,0.2949,0.3191
glicko2_floor,general,G7,r3_reachable,0.9199,0.9102,0.9288
glicko2_floor,general,G7,r8_rank_6_20,17.1933,16.5133,17.8933
glicko2_floor,general,G7,r8_topic_rank_6_20,17.1933,16.4933,17.8867
glicko2_floor,general,G7,r8_rank_150_200,5.0608,4.6804,5.4431
glicko2_floor,general,G7,r8_topic_rank_150_200,5.0608,4.6843,5.4451
glicko2_floor,general,G7,r9_kept_up_6_50,0.0029,-0.0007,0.0065
glicko2_floor,general,G7,r9_kept_up_101_200,-0.0000,-0.0018,0.0017
glicko2_floor,general,G7,r10_shown,3.7070,3.4380,3.9670
glicko2_floor,general,G7,r2_ece,0.0042,0.0026,0.0060
glicko2_floor,general,G7,r4b_3,0.1252,0.1134,0.1378
glicko2_floor,general,G7,r4b_5,0.1509,0.1368,0.1650
glicko2_floor,general,G7,r4b_10,0.1648,0.1492,0.1815
glicko2_floor,general,G7,r4b_20,0.1819,0.1643,0.2006
glicko2_floor,general,G7,r4b_50,0.1936,0.1713,0.2179
glicko2_floor,general,G7,r8_move_p95_6_20,83.0000,82.0000,85.0000
glicko2_floor,general,G7,r8_move_p95_150_200,21.0000,21.0000,21.0000
glicko2_floor,general,G7,r9_kept_up_later_less_earlier,-0.0029,-0.0071,0.0010
glicko2_floor,general,G7,r10_taken_back_5,0.2006,0.1830,0.2174
glicko2_floor,general,G7,r10_taken_back_10,0.3981,0.3657,0.4315
glicko2_floor,general,G8,r1_rms_5,0.9651,0.9326,0.9970
glicko2_floor,general,G8,r1_mean_5,-0.1780,-0.2399,-0.1155
glicko2_floor,general,G8,r1_rms_10,0.8510,0.8253,0.8766
glicko2_floor,general,G8,r1_mean_10,-0.2048,-0.2510,-0.1569
glicko2_floor,general,G8,r1_rms_20,0.7483,0.7289,0.7693
glicko2_floor,general,G8,r1_mean_20,-0.2154,-0.2577,-0.1768
glicko2_floor,general,G8,r1_rms_50,0.6330,0.6193,0.6464
glicko2_floor,general,G8,r1_mean_50,-0.2021,-0.2279,-0.1764
glicko2_floor,general,G8,r1_rms_100,0.5839,0.5737,0.5942
glicko2_floor,general,G8,r1_mean_100,-0.1877,-0.2069,-0.1677
glicko2_floor,general,G8,r1_rms_200,0.5761,0.5665,0.5860
glicko2_floor,general,G8,r1_mean_200,-0.1551,-0.1770,-0.1357
glicko2_floor,general,G8,r2_brier,0.1723,0.1712,0.1735
glicko2_floor,general,G8,r2_bias,-0.0014,-0.0026,-0.0002
glicko2_floor,general,G8,r3_inside,0.4203,0.4157,0.4249
glicko2_floor,general,G8,r3_below_0.5,0.0336,0.0308,0.0368
glicko2_floor,general,G8,r3_above_0.95,0.0317,0.0296,0.0338
glicko2_floor,general,G8,r4_false,0.0384,0.0319,0.0452
glicko2_floor,general,G8,r4_false_0.70,0.0081,0.0057,0.0109
glicko2_floor,general,G8,r4_below,0.5131,0.4896,0.5360
glicko2_floor,general,G8,r4_false_at_task,0.0309,0.0226,0.0397
glicko2_floor,general,G8,r4_declared,8.1850,7.7610,8.6060
glicko2_floor,general,G8,r5_late_answers,4.5748,4.4103,4.7350
glicko2_floor,general,G8,r5_never,0.2066,0.1880,0.2255
glicko2_floor,general,G8,r6_lag,-0.1143,-0.1288,-0.0993
glicko2_floor,general,G8,r7_error_5,0.8189,0.7816,0.8560
glicko2_floor,general,G8,r7_error_10,0.6769,0.6446,0.7100
glicko2_floor,general,G8,r7_longest_wrong,1.6730,1.6250,1.7220
glicko2_floor,general,G8,r7_hard_first,0.1059,0.0969,0.1154
glicko2_floor,general,G8,r4b_chance_below_0.5,0.0757,0.0678,0.0848
glicko2_floor,general,G8,r4b_chance_0.5_to_0.6,0.1306,0.1244,0.1373
glicko2_floor,general,G8,r4b_chance_0.6_to_0.7,0.2207,0.2145,0.2271
glicko2_floor,general,G8,r4b_chance_0.7_to_0.8,0.2819,0.2752,0.2882
glicko2_floor,general,G8,r4b_chance_0.8_up,0.2911,0.2778,0.3043
glicko2_floor,general,G8,r3_reachable,0.9244,0.9158,0.9338
glicko2_floor,general,G8,r8_rank_6_20,16.8133,16.1200,17.5000
glicko2_floor,general,G8,r8_topic_rank_6_20,16.8133,16.1667,17.4933
glicko2_floor,general,G8,r8_rank_150_200,5.0510,4.6961,5.4118
glicko2_floor,general,G8,r8_topic_rank_150_200,5.0510,4.6922,5.4059
glicko2_floor,general,G8,r9_kept_up_6_50,0.0011,-0.0031,0.0052
glicko2_floor,general,G8,r9_kept_up_101_200,0.0024,0.0001,0.0044
glicko2_floor,general,G8,r10_shown,3.8700,3.5790,4.1450
glicko2_floor,general,G8,r2_ece,0.0030,0.0016,0.0047
glicko2_floor,general,G8,r4b_3,0.1123,0.1012,0.1233
glicko2_floor,general,G8,r4b_5,0.1385,0.1249,0.1523
glicko2_floor,general,G8,r4b_10,0.1537,0.1392,0.1693
glicko2_floor,general,G8,r4b_20,0.1779,0.1596,0.1973
glicko2_floor,general,G8,r4b_50,0.1815,0.1624,0.2037
glicko2_floor,general,G8,r8_move_p95_6_20,82.0000,81.0000,83.0000
glicko2_floor,general,G8,r8_move_p95_150_200,21.0000,21.0000,21.0000
glicko2_floor,general,G8,r9_kept_up_later_less_earlier,0.0013,-0.0034,0.0062
glicko2_floor,general,G8,r10_taken_back_5,0.2029,0.1876,0.2197
glicko2_floor,general,G8,r10_taken_back_10,0.4011,0.3707,0.4339
glicko2_floor,general,G0-exact,r1_rms_5,0.9235,0.8926,0.9555
glicko2_floor,general,G0-exact,r1_mean_5,-0.2300,-0.2893,-0.1726
glicko2_floor,general,G0-exact,r1_rms_10,0.8277,0.8026,0.8534
glicko2_floor,general,G0-exact,r1_mean_10,-0.2007,-0.2479,-0.1550
glicko2_floor,general,G0-exact,r1_rms_20,0.7244,0.7068,0.7423
glicko2_floor,general,G0-exact,r1_mean_20,-0.1809,-0.2176,-0.1437
glicko2_floor,general,G0-exact,r1_rms_50,0.6045,0.5941,0.6159
glicko2_floor,general,G0-exact,r1_mean_50,-0.1261,-0.1499,-0.1030
glicko2_floor,general,G0-exact,r1_rms_100,0.5613,0.5519,0.5705
glicko2_floor,general,G0-exact,r1_mean_100,-0.1054,-0.1253,-0.0862
glicko2_floor,general,G0-exact,r1_rms_200,0.5651,0.5561,0.5745
glicko2_floor,general,G0-exact,r1_mean_200,-0.1235,-0.1423,-0.1048
glicko2_floor,general,G0-exact,r2_brier,0.1717,0.1707,0.1728
glicko2_floor,general,G0-exact,r2_bias,-0.0013,-0.0025,-0.0001
glicko2_floor,general,G0-exact,r3_inside,0.5225,0.5141,0.5310
glicko2_floor,general,G0-exact,r3_below_0.5,0.0126,0.0107,0.0148
glicko2_floor,general,G0-exact,r3_above_0.95,0.0098,0.0085,0.0112
glicko2_floor,general,G0-exact,r4_false,0.0489,0.0415,0.0565
glicko2_floor,general,G0-exact,r4_false_0.70,0.0125,0.0093,0.0162
glicko2_floor,general,G0-exact,r4_below,0.5391,0.5141,0.5647
glicko2_floor,general,G0-exact,r4_false_at_task,0.0426,0.0314,0.0536
glicko2_floor,general,G0-exact,r4_declared,8.5660,8.1150,9.0190
glicko2_floor,general,G0-exact,r5_late_answers,4.2273,4.0919,4.3792
glicko2_floor,general,G0-exact,r5_never,0.1946,0.1767,0.2125
glicko2_floor,general,G0-exact,r6_lag,-0.0673,-0.0798,-0.0542
glicko2_floor,general,G0-exact,r7_error_5,0.7588,0.7241,0.7948
glicko2_floor,general,G0-exact,r7_error_10,0.6346,0.6026,0.6640
glicko2_floor,general,G0-exact,r7_longest_wrong,1.6180,1.5650,1.6680
glicko2_floor,general,G0-exact,r7_hard_first,0.0715,0.0639,0.0800
glicko2_floor,general,G0-exact,r4b_chance_below_0.5,0.0310,0.0253,0.0376
glicko2_floor,general,G0-exact,r4b_chance_0.5_to_0.6,0.1085,0.0985,0.1190
glicko2_floor,general,G0-exact,r4b_chance_0.6_to_0.7,0.2740,0.2608,0.2873
glicko2_floor,general,G0-exact,r4b_chance_0.7_to_0.8,0.3709,0.3555,0.3863
glicko2_floor,general,G0-exact,r4b_chance_0.8_up,0.2156,0.2018,0.2312
glicko2_floor,general,G0-exact,r3_reachable,0.9249,0.9156,0.9334
glicko2_floor,general,G0-exact,r8_rank_6_20,16.9733,16.2933,17.6600
glicko2_floor,general,G0-exact,r8_topic_rank_6_20,16.9733,16.2533,17.6133
glicko2_floor,general,G0-exact,r8_rank_150_200,5.0157,4.6412,5.4098
glicko2_floor,general,G0-exact,r8_topic_rank_150_200,5.0157,4.6569,5.3980
glicko2_floor,general,G0-exact,r9_kept_up_6_50,0.0076,0.0040,0.0112
glicko2_floor,general,G0-exact,r9_kept_up_101_200,-0.0012,-0.0028,0.0005
glicko2_floor,general,G0-exact,r10_shown,3.9330,3.6470,4.2390
glicko2_floor,general,G0-exact,r2_ece,0.0034,0.0018,0.0055
glicko2_floor,general,G0-exact,r4b_3,0.1358,0.1235,0.1484
glicko2_floor,general,G0-exact,r4b_5,0.1621,0.1488,0.1764
glicko2_floor,general,G0-exact,r4b_10,0.1757,0.1604,0.1915
glicko2_floor,general,G0-exact,r4b_20,0.1945,0.1751,0.2143
glicko2_floor,general,G0-exact,r4b_50,0.1945,0.1761,0.2136
glicko2_floor,general,G0-exact,r8_move_p95_6_20,79.0000,78.0000,81.0000
glicko2_floor,general,G0-exact,r8_move_p95_150_200,21.0000,21.0000,21.0000
glicko2_floor,general,G0-exact,r9_kept_up_later_less_earlier,-0.0087,-0.0128,-0.0047
glicko2_floor,general,G0-exact,r10_taken_back_5,0.2012,0.1849,0.2196
glicko2_floor,general,G0-exact,r10_taken_back_10,0.4280,0.3952,0.4619
glicko2_floor,general,G0-miss0.25,r1_rms_5,0.9350,0.9022,0.9678
glicko2_floor,general,G0-miss0.25,r1_mean_5,-0.1140,-0.1765,-0.0544
glicko2_floor,general,G0-miss0.25,r1_rms_10,0.8323,0.8087,0.8569
glicko2_floor,general,G0-miss0.25,r1_mean_10,-0.1449,-0.1925,-0.0960
glicko2_floor,general,G0-miss0.25,r1_rms_20,0.7111,0.6938,0.7287
glicko2_floor,general,G0-miss0.25,r1_mean_20,-0.1605,-0.1952,-0.1254
glicko2_floor,general,G0-miss0.25,r1_rms_50,0.6099,0.5981,0.6220
glicko2_floor,general,G0-miss0.25,r1_mean_50,-0.1454,-0.1712,-0.1201
glicko2_floor,general,G0-miss0.25,r1_rms_100,0.5598,0.5509,0.5693
glicko2_floor,general,G0-miss0.25,r1_mean_100,-0.1129,-0.1319,-0.0933
glicko2_floor,general,G0-miss0.25,r1_rms_200,0.5660,0.5569,0.5755
glicko2_floor,general,G0-miss0.25,r1_mean_200,-0.1006,-0.1195,-0.0808
glicko2_floor,general,G0-miss0.25,r2_brier,0.1727,0.1716,0.1738
glicko2_floor,general,G0-miss0.25,r2_bias,-0.0012,-0.0025,-0.0001
glicko2_floor,general,G0-miss0.25,r3_inside,0.4936,0.4873,0.5000
glicko2_floor,general,G0-miss0.25,r3_below_0.5,0.0190,0.0165,0.0216
glicko2_floor,general,G0-miss0.25,r3_above_0.95,0.0128,0.0115,0.0142
glicko2_floor,general,G0-miss0.25,r4_false,0.0504,0.0433,0.0580
glicko2_floor,general,G0-miss0.25,r4_false_0.70,0.0088,0.0064,0.0115
glicko2_floor,general,G0-miss0.25,r4_below,0.5389,0.5116,0.5648
glicko2_floor,general,G0-miss0.25,r4_false_at_task,0.0375,0.0279,0.0477
glicko2_floor,general,G0-miss0.25,r4_declared,8.2710,7.8610,8.6850
glicko2_floor,general,G0-miss0.25,r5_late_answers,4.1936,4.0534,4.3365
glicko2_floor,general,G0-miss0.25,r5_never,0.1871,0.1699,0.2061
glicko2_floor,general,G0-miss0.25,r6_lag,-0.0654,-0.0796,-0.0512
glicko2_floor,general,G0-miss0.25,r7_error_5,0.7848,0.7507,0.8214
glicko2_floor,general,G0-miss0.25,r7_error_10,0.6444,0.6167,0.6745
glicko2_floor,general,G0-miss0.25,r7_longest_wrong,1.6810,1.6360,1.7270
glicko2_floor,general,G0-miss0.25,r7_hard_first,0.0993,0.0895,0.1095
glicko2_floor,general,G0-miss0.25,r4b_chance_below_0.5,0.0430,0.0360,0.0515
glicko2_floor,general,G0-miss0.25,r4b_chance_0.5_to_0.6,0.1149,0.1070,0.1231
glicko2_floor,general,G0-miss0.25,r4b_chance_0.6_to_0.7,0.2593,0.2502,0.2683
glicko2_floor,general,G0-miss0.25,r4b_chance_0.7_to_0.8,0.3385,0.3281,0.3482
glicko2_floor,general,G0-miss0.25,r4b_chance_0.8_up,0.2443,0.2311,0.2575
glicko2_floor,general,G0-miss0.25,r3_reachable,0.9239,0.9144,0.9329
glicko2_floor,general,G0-miss0.25,r8_rank_6_20,17.3933,16.7467,18.0467
glicko2_floor,general,G0-miss0.25,r8_topic_rank_6_20,17.3933,16.6800,18.0867
glicko2_floor,general,G0-miss0.25,r8_rank_150_200,5.3059,4.9137,5.6961
glicko2_floor,general,G0-miss0.25,r8_topic_rank_150_200,5.3059,4.9216,5.6882
glicko2_floor,general,G0-miss0.25,r9_kept_up_6_50,0.0009,-0.0026,0.0045
glicko2_floor,general,G0-miss0.25,r9_kept_up_101_200,0.0011,-0.0006,0.0028
glicko2_floor,general,G0-miss0.25,r10_shown,3.6790,3.3970,3.9720
glicko2_floor,general,G0-miss0.25,r2_ece,0.0048,0.0030,0.0066
glicko2_floor,general,G0-miss0.25,r4b_3,0.1415,0.1293,0.1540
glicko2_floor,general,G0-miss0.25,r4b_5,0.1702,0.1568,0.1850
glicko2_floor,general,G0-miss0.25,r4b_10,0.1863,0.1707,0.2030
glicko2_floor,general,G0-miss0.25,r4b_20,0.1997,0.1817,0.2180
glicko2_floor,general,G0-miss0.25,r4b_50,0.2105,0.1890,0.2346
glicko2_floor,general,G0-miss0.25,r8_move_p95_6_20,83.0000,82.0000,84.0000
glicko2_floor,general,G0-miss0.25,r8_move_p95_150_200,21.0000,21.0000,21.0000
glicko2_floor,general,G0-miss0.25,r9_kept_up_later_less_earlier,0.0002,-0.0039,0.0041
glicko2_floor,general,G0-miss0.25,r10_taken_back_5,0.2112,0.1937,0.2286
glicko2_floor,general,G0-miss0.25,r10_taken_back_10,0.4242,0.3907,0.4576
glicko2_floor,general,G0-miss1,r1_rms_5,1.0030,0.9649,1.0401
glicko2_floor,general,G0-miss1,r1_mean_5,-0.2423,-0.3066,-0.1750
glicko2_floor,general,G0-miss1,r1_rms_10,0.9016,0.8748,0.9302
glicko2_floor,general,G0-miss1,r1_mean_10,-0.2802,-0.3354,-0.2259
glicko2_floor,general,G0-miss1,r1_rms_20,0.7815,0.7606,0.8046
glicko2_floor,general,G0-miss1,r1_mean_20,-0.3002,-0.3383,-0.2600
glicko2_floor,general,G0-miss1,r1_rms_50,0.6640,0.6495,0.6791
glicko2_floor,general,G0-miss1,r1_mean_50,-0.2803,-0.3060,-0.2549
glicko2_floor,general,G0-miss1,r1_rms_100,0.6123,0.6004,0.6244
glicko2_floor,general,G0-miss1,r1_mean_100,-0.2634,-0.2852,-0.2426
glicko2_floor,general,G0-miss1,r1_rms_200,0.6055,0.5935,0.6168
glicko2_floor,general,G0-miss1,r1_mean_200,-0.2619,-0.2817,-0.2417
glicko2_floor,general,G0-miss1,r2_brier,0.1731,0.1720,0.1743
glicko2_floor,general,G0-miss1,r2_bias,-0.0003,-0.0016,0.0010
glicko2_floor,general,G0-miss1,r3_inside,0.3012,0.2987,0.3037
glicko2_floor,general,G0-miss1,r3_below_0.5,0.0819,0.0789,0.0850
glicko2_floor,general,G0-miss1,r3_above_0.95,0.1082,0.1052,0.1114
glicko2_floor,general,G0-miss1,r4_false,0.0343,0.0283,0.0405
glicko2_floor,general,G0-miss1,r4_false_0.70,0.0063,0.0042,0.0085
glicko2_floor,general,G0-miss1,r4_below,0.5336,0.5092,0.5586
glicko2_floor,general,G0-miss1,r4_false_at_task,0.0276,0.0196,0.0370
glicko2_floor,general,G0-miss1,r4_declared,8.4600,8.0400,8.8700
glicko2_floor,general,G0-miss1,r5_late_answers,4.0918,3.9504,4.2237
glicko2_floor,general,G0-miss1,r5_never,0.2309,0.2112,0.2518
glicko2_floor,general,G0-miss1,r6_lag,-0.2234,-0.2387,-0.2078
glicko2_floor,general,G0-miss1,r7_error_5,0.8460,0.8060,0.8854
glicko2_floor,general,G0-miss1,r7_error_10,0.7229,0.6888,0.7590
glicko2_floor,general,G0-miss1,r7_longest_wrong,1.7310,1.6810,1.7840
glicko2_floor,general,G0-miss1,r7_hard_first,0.1413,0.1313,0.1512
glicko2_floor,general,G0-miss1,r4b_chance_below_0.5,0.1398,0.1323,0.1481
glicko2_floor,general,G0-miss1,r4b_chance_0.5_to_0.6,0.1152,0.1117,0.1184
glicko2_floor,general,G0-miss1,r4b_chance_0.6_to_0.7,0.1505,0.1470,0.1539
glicko2_floor,general,G0-miss1,r4b_chance_0.7_to_0.8,0.1976,0.1940,0.2013
glicko2_floor,general,G0-miss1,r4b_chance_0.8_up,0.3969,0.3865,0.4070
glicko2_floor,general,G0-miss1,r3_reachable,0.9403,0.9322,0.9478
glicko2_floor,general,G0-miss1,r8_rank_6_20,16.3200,15.6067,16.9667
glicko2_floor,general,G0-miss1,r8_topic_rank_6_20,16.3200,15.6400,16.9800
glicko2_floor,general,G0-miss1,r8_rank_150_200,5.2353,4.8412,5.6196
glicko2_floor,general,G0-miss1,r8_topic_rank_150_200,5.2353,4.8235,5.6412
glicko2_floor,general,G0-miss1,r9_kept_up_6_50,0.0003,-0.0034,0.0043
glicko2_floor,general,G0-miss1,r9_kept_up_101_200,0.0005,-0.0013,0.0022
glicko2_floor,general,G0-miss1,r10_shown,3.7460,3.4720,4.0130
glicko2_floor,general,G0-miss1,r2_ece,0.0061,0.0043,0.0079
glicko2_floor,general,G0-miss1,r4b_3,0.1266,0.1149,0.1386
glicko2_floor,general,G0-miss1,r4b_5,0.1507,0.1369,0.1644
glicko2_floor,general,G0-miss1,r4b_10,0.1628,0.1483,0.1770
glicko2_floor,general,G0-miss1,r4b_20,0.1724,0.1558,0.1901
glicko2_floor,general,G0-miss1,r4b_50,0.1780,0.1596,0.1971
glicko2_floor,general,G0-miss1,r8_move_p95_6_20,83.0000,82.0000,85.0000
glicko2_floor,general,G0-miss1,r8_move_p95_150_200,21.0000,21.0000,21.0000
glicko2_floor,general,G0-miss1,r9_kept_up_later_less_earlier,0.0002,-0.0042,0.0047
glicko2_floor,general,G0-miss1,r10_taken_back_5,0.2072,0.1909,0.2247
glicko2_floor,general,G0-miss1,r10_taken_back_10,0.4010,0.3707,0.4333
glicko2_floor,general,G2-half,r1_rms_5,0.9675,0.9345,1.0006
glicko2_floor,general,G2-half,r1_mean_5,-0.2223,-0.2844,-0.1612
glicko2_floor,general,G2-half,r1_rms_10,0.8698,0.8454,0.8957
glicko2_floor,general,G2-half,r1_mean_10,-0.2447,-0.2971,-0.1958
glicko2_floor,general,G2-half,r1_rms_20,0.7596,0.7408,0.7799
glicko2_floor,general,G2-half,r1_mean_20,-0.2733,-0.3118,-0.2358
glicko2_floor,general,G2-half,r1_rms_50,0.6676,0.6533,0.6816
glicko2_floor,general,G2-half,r1_mean_50,-0.3189,-0.3447,-0.2924
glicko2_floor,general,G2-half,r1_rms_100,0.6571,0.6447,0.6693
glicko2_floor,general,G2-half,r1_mean_100,-0.3871,-0.4063,-0.3674
glicko2_floor,general,G2-half,r1_rms_200,0.6497,0.6374,0.6614
glicko2_floor,general,G2-half,r1_mean_200,-0.3845,-0.4021,-0.3666
glicko2_floor,general,G2-half,r2_brier,0.1571,0.1562,0.1581
glicko2_floor,general,G2-half,r2_bias,-0.0279,-0.0291,-0.0268
glicko2_floor,general,G2-half,r3_inside,0.3994,0.3953,0.4038
glicko2_floor,general,G2-half,r3_below_0.5,0.0204,0.0187,0.0221
glicko2_floor,general,G2-half,r3_above_0.95,0.0489,0.0462,0.0515
glicko2_floor,general,G2-half,r4_false,0.0255,0.0212,0.0300
glicko2_floor,general,G2-half,r4_false_0.70,0.0047,0.0034,0.0062
glicko2_floor,general,G2-half,r4_below,0.5614,0.5398,0.5835
glicko2_floor,general,G2-half,r4_false_at_task,0.0233,0.0170,0.0302
glicko2_floor,general,G2-half,r4_declared,10.7680,10.3150,11.2020
glicko2_floor,general,G2-half,r5_late_answers,5.1679,5.0080,5.3393
glicko2_floor,general,G2-half,r5_never,0.2787,0.2589,0.2972
glicko2_floor,general,G2-half,r6_lag,-0.3741,-0.3880,-0.3599
glicko2_floor,general,G2-half,r7_error_5,0.8151,0.7769,0.8527
glicko2_floor,general,G2-half,r7_error_10,0.6826,0.6523,0.7139
glicko2_floor,general,G2-half,r7_longest_wrong,1.6640,1.6130,1.7150
glicko2_floor,general,G2-half,r7_hard_first,0.0996,0.0906,0.1094
glicko2_floor,general,G2-half,r4b_chance_below_0.5,0.0527,0.0476,0.0581
glicko2_floor,general,G2-half,r4b_chance_0.5_to_0.6,0.0988,0.0937,0.1042
glicko2_floor,general,G2-half,r4b_chance_0.6_to_0.7,0.1949,0.1893,0.2004
glicko2_floor,general,G2-half,r4b_chance_0.7_to_0.8,0.2862,0.2806,0.2918
glicko2_floor,general,G2-half,r4b_chance_0.8_up,0.3674,0.3554,0.3795
glicko2_floor,general,G2-half,r3_reachable,0.9490,0.9439,0.9536
glicko2_floor,general,G2-half,r8_rank_6_20,16.1467,15.4600,16.8133
glicko2_floor,general,G2-half,r8_topic_rank_6_20,16.1467,15.4333,16.7933
glicko2_floor,general,G2-half,r8_rank_150_200,4.4314,4.0843,4.7706
glicko2_floor,general,G2-half,r8_topic_rank_150_200,4.4314,4.0961,4.7627
glicko2_floor,general,G2-half,r9_kept_up_6_50,0.0155,0.0118,0.0192
glicko2_floor,general,G2-half,r9_kept_up_101_200,0.0363,0.0347,0.0380
glicko2_floor,general,G2-half,r10_shown,4.7610,4.4330,5.1150
glicko2_floor,general,G2-half,r2_ece,0.0279,0.0267,0.0290
glicko2_floor,general,G2-half,r4b_3,0.1293,0.1176,0.1413
glicko2_floor,general,G2-half,r4b_5,0.1582,0.1450,0.1723
glicko2_floor,general,G2-half,r4b_10,0.2022,0.1841,0.2206
glicko2_floor,general,G2-half,r4b_20,0.2666,0.2380,0.2996
glicko2_floor,general,G2-half,r4b_50,0.2795,0.2483,0.3124
glicko2_floor,general,G2-half,r8_move_p95_6_20,81.0000,79.0000,82.0000
glicko2_floor,general,G2-half,r8_move_p95_150_200,20.0000,20.0000,20.0000
glicko2_floor,general,G2-half,r9_kept_up_later_less_earlier,0.0208,0.0168,0.0249
glicko2_floor,general,G2-half,r10_taken_back_5,0.1651,0.1523,0.1788
glicko2_floor,general,G2-half,r10_taken_back_10,0.3394,0.3116,0.3675
glicko2_floor,general,G2-fading,r1_rms_5,0.9825,0.9473,1.0164
glicko2_floor,general,G2-fading,r1_mean_5,-0.1943,-0.2553,-0.1308
glicko2_floor,general,G2-fading,r1_rms_10,0.8412,0.8142,0.8687
glicko2_floor,general,G2-fading,r1_mean_10,-0.2719,-0.3194,-0.2215
glicko2_floor,general,G2-fading,r1_rms_20,0.7623,0.7410,0.7836
glicko2_floor,general,G2-fading,r1_mean_20,-0.3267,-0.3652,-0.2884
glicko2_floor,general,G2-fading,r1_rms_50,0.6935,0.6780,0.7082
glicko2_floor,general,G2-fading,r1_mean_50,-0.3800,-0.4062,-0.3540
glicko2_floor,general,G2-fading,r1_rms_100,0.6470,0.6352,0.6588
glicko2_floor,general,G2-fading,r1_mean_100,-0.3586,-0.3787,-0.3388
glicko2_floor,general,G2-fading,r1_rms_200,0.6011,0.5906,0.6115
glicko2_floor,general,G2-fading,r1_mean_200,-0.2592,-0.2785,-0.2400
glicko2_floor,general,G2-fading,r2_brier,0.1590,0.1579,0.1600
glicko2_floor,general,G2-fading,r2_bias,-0.0231,-0.0242,-0.0219
glicko2_floor,general,G2-fading,r3_inside,0.4041,0.3999,0.4084
glicko2_floor,general,G2-fading,r3_below_0.5,0.0201,0.0185,0.0216
glicko2_floor,general,G2-fading,r3_above_0.95,0.0469,0.0442,0.0495
glicko2_floor,general,G2-fading,r4_false,0.0302,0.0250,0.0354
glicko2_floor,general,G2-fading,r4_false_0.70,0.0059,0.0042,0.0078
glicko2_floor,general,G2-fading,r4_below,0.5336,0.5101,0.5566
glicko2_floor,general,G2-fading,r4_false_at_task,0.0221,0.0161,0.0288
glicko2_floor,general,G2-fading,r4_declared,9.6900,9.2480,10.1350
glicko2_floor,general,G2-fading,r5_late_answers,4.8110,4.6379,4.9821
glicko2_floor,general,G2-fading,r5_never,0.2682,0.2497,0.2865
glicko2_floor,general,G2-fading,r6_lag,-0.2950,-0.3089,-0.2803
glicko2_floor,general,G2-fading,r7_error_5,0.8291,0.7924,0.8685
glicko2_floor,general,G2-fading,r7_error_10,0.6448,0.6113,0.6782
glicko2_floor,general,G2-fading,r7_longest_wrong,1.6800,1.6300,1.7310
glicko2_floor,general,G2-fading,r7_hard_first,0.1057,0.0966,0.1152
glicko2_floor,general,G2-fading,r4b_chance_below_0.5,0.0479,0.0434,0.0526
glicko2_floor,general,G2-fading,r4b_chance_0.5_to_0.6,0.0984,0.0930,0.1039
glicko2_floor,general,G2-fading,r4b_chance_0.6_to_0.7,0.1954,0.1893,0.2013
glicko2_floor,general,G2-fading,r4b_chance_0.7_to_0.8,0.2952,0.2896,0.3007
glicko2_floor,general,G2-fading,r4b_chance_0.8_up,0.3632,0.3513,0.3756
glicko2_floor,general,G2-fading,r3_reachable,0.9489,0.9438,0.9539
glicko2_floor,general,G2-fading,r8_rank_6_20,17.0733,16.3733,17.7733
glicko2_floor,general,G2-fading,r8_topic_rank_6_20,17.0733,16.4267,17.7600
glicko2_floor,general,G2-fading,r8_rank_150_200,4.6353,4.2922,5.0059
glicko2_floor,general,G2-fading,r8_topic_rank_150_200,4.6353,4.2843,4.9941
glicko2_floor,general,G2-fading,r9_kept_up_6_50,0.0166,0.0129,0.0202
glicko2_floor,general,G2-fading,r9_kept_up_101_200,0.0242,0.0224,0.0260
glicko2_floor,general,G2-fading,r10_shown,4.5330,4.2100,4.8640
glicko2_floor,general,G2-fading,r2_ece,0.0231,0.0218,0.0243
glicko2_floor,general,G2-fading,r4b_3,0.1239,0.1114,0.1359
glicko2_floor,general,G2-fading,r4b_5,0.1515,0.1379,0.1650
glicko2_floor,general,G2-fading,r4b_10,0.1836,0.1668,0.2014
glicko2_floor,general,G2-fading,r4b_20,0.2140,0.1929,0.2359
glicko2_floor,general,G2-fading,r4b_50,0.2179,0.1955,0.2418
glicko2_floor,general,G2-fading,r8_move_p95_6_20,83.0000,82.0000,84.0000
glicko2_floor,general,G2-fading,r8_move_p95_150_200,21.0000,20.0000,21.0000
glicko2_floor,general,G2-fading,r9_kept_up_later_less_earlier,0.0076,0.0036,0.0116
glicko2_floor,general,G2-fading,r10_taken_back_5,0.1731,0.1593,0.1872
glicko2_floor,general,G2-fading,r10_taken_back_10,0.3676,0.3390,0.3971
glicko2_floor,general,G3-drop,r1_rms_5,0.9227,0.8920,0.9550
glicko2_floor,general,G3-drop,r1_mean_5,-0.1409,-0.1997,-0.0815
glicko2_floor,general,G3-drop,r1_rms_10,0.8500,0.8232,0.8762
glicko2_floor,general,G3-drop,r1_mean_10,-0.1806,-0.2309,-0.1295
glicko2_floor,general,G3-drop,r1_rms_20,0.7257,0.7077,0.7430
glicko2_floor,general,G3-drop,r1_mean_20,-0.1627,-0.2003,-0.1246
glicko2_floor,general,G3-drop,r1_rms_50,0.6203,0.6075,0.6337
glicko2_floor,general,G3-drop,r1_mean_50,-0.1421,-0.1677,-0.1161
glicko2_floor,general,G3-drop,r1_rms_100,0.6468,0.6337,0.6605
glicko2_floor,general,G3-drop,r1_mean_100,0.1509,0.1208,0.1796
glicko2_floor,general,G3-drop,r1_rms_200,0.5641,0.5540,0.5742
glicko2_floor,general,G3-drop,r1_mean_200,-0.0204,-0.0411,0.0004
glicko2_floor,general,G3-drop,r2_brier,0.1914,0.1902,0.1927
glicko2_floor,general,G3-drop,r2_bias,0.0298,0.0286,0.0310
glicko2_floor,general,G3-drop,r3_inside,0.3991,0.3943,0.4040
glicko2_floor,general,G3-drop,r3_below_0.5,0.0735,0.0681,0.0792
glicko2_floor,general,G3-drop,r3_above_0.95,0.0206,0.0190,0.0223
glicko2_floor,general,G3-drop,r4_false,0.0684,0.0602,0.0773
glicko2_floor,general,G3-drop,r4_false_0.70,0.0218,0.0178,0.0259
glicko2_floor,general,G3-drop,r4_below,0.5250,0.5018,0.5493
glicko2_floor,general,G3-drop,r4_false_at_task,0.0654,0.0531,0.0788
glicko2_floor,general,G3-drop,r4_declared,7.9850,7.5790,8.4080
glicko2_floor,general,G3-drop,r5_late_answers,3.7035,3.5969,3.8124
glicko2_floor,general,G3-drop,r5_never,0.2704,0.2499,0.2916
glicko2_floor,general,G3-drop,r6_lag,0.1904,0.1747,0.2062
glicko2_floor,general,G3-drop,r6_jump_answers,24.7140,23.4140,26.0350
glicko2_floor,general,G3-drop,r6_jump_unsettled,0.0300,0.0200,0.0410
glicko2_floor,general,G3-drop,r7_error_5,0.7817,0.7461,0.8182
glicko2_floor,general,G3-drop,r7_error_10,0.6593,0.6279,0.6904
glicko2_floor,general,G3-drop,r7_longest_wrong,1.6660,1.6190,1.7180
glicko2_floor,general,G3-drop,r7_hard_first,0.1110,0.1018,0.1209
glicko2_floor,general,G3-drop,r4b_chance_below_0.5,0.1607,0.1467,0.1751
glicko2_floor,general,G3-drop,r4b_chance_0.5_to_0.6,0.1727,0.1671,0.1781
glicko2_floor,general,G3-drop,r4b_chance_0.6_to_0.7,0.2275,0.2221,0.2328
glicko2_floor,general,G3-drop,r4b_chance_0.7_to_0.8,0.2378,0.2304,0.2450
glicko2_floor,general,G3-drop,r4b_chance_0.8_up,0.2013,0.1916,0.2113
glicko2_floor,general,G3-drop,r3_reachable,0.8659,0.8525,0.8778
glicko2_floor,general,G3-drop,r8_rank_6_20,16.7867,16.1133,17.4533
glicko2_floor,general,G3-drop,r8_topic_rank_6_20,16.7867,16.1200,17.4667
glicko2_floor,general,G3-drop,r8_rank_150_200,4.7961,4.4373,5.1647
glicko2_floor,general,G3-drop,r8_topic_rank_150_200,4.7961,4.4275,5.1824
glicko2_floor,general,G3-drop,r9_kept_up_6_50,0.0012,-0.0028,0.0050
glicko2_floor,general,G3-drop,r9_kept_up_101_200,-0.0452,-0.0472,-0.0432
glicko2_floor,general,G3-drop,r10_shown,3.7280,3.4300,4.0020
glicko2_floor,general,G3-drop,r2_ece,0.0302,0.0288,0.0315
glicko2_floor,general,G3-drop,r4b_3,0.1370,0.1254,0.1494
glicko2_floor,general,G3-drop,r4b_5,0.1586,0.1443,0.1721
glicko2_floor,general,G3-drop,r4b_10,0.1625,0.1488,0.1767
glicko2_floor,general,G3-drop,r4b_20,0.1635,0.1495,0.1777
glicko2_floor,general,G3-drop,r4b_50,0.1635,0.1497,0.1777
glicko2_floor,general,G3-drop,r8_move_p95_6_20,83.0000,81.0000,84.0000
glicko2_floor,general,G3-drop,r8_move_p95_150_200,21.0000,21.0000,21.0000
glicko2_floor,general,G3-drop,r9_kept_up_later_less_earlier,-0.0464,-0.0505,-0.0421
glicko2_floor,general,G3-drop,r10_taken_back_5,0.2730,0.2534,0.2930
glicko2_floor,general,G3-drop,r10_taken_back_10,0.5200,0.4835,0.5603
glicko2_floor,general,G0-start0.5,r1_rms_5,0.8981,0.8689,0.9264
glicko2_floor,general,G0-start0.5,r1_mean_5,-0.1700,-0.2278,-0.1126
glicko2_floor,general,G0-start0.5,r1_rms_10,0.8144,0.7907,0.8376
glicko2_floor,general,G0-start0.5,r1_mean_10,-0.1788,-0.2270,-0.1354
glicko2_floor,general,G0-start0.5,r1_rms_20,0.7163,0.6984,0.7340
glicko2_floor,general,G0-start0.5,r1_mean_20,-0.2092,-0.2454,-0.1733
glicko2_floor,general,G0-start0.5,r1_rms_50,0.6100,0.5983,0.6220
glicko2_floor,general,G0-start0.5,r1_mean_50,-0.1866,-0.2135,-0.1623
glicko2_floor,general,G0-start0.5,r1_rms_100,0.5659,0.5556,0.5757
glicko2_floor,general,G0-start0.5,r1_mean_100,-0.1653,-0.1833,-0.1458
glicko2_floor,general,G0-start0.5,r1_rms_200,0.5643,0.5548,0.5740
glicko2_floor,general,G0-start0.5,r1_mean_200,-0.1443,-0.1634,-0.1249
glicko2_floor,general,G0-start0.5,r2_brier,0.1691,0.1683,0.1699
glicko2_floor,general,G0-start0.5,r2_bias,-0.0013,-0.0024,-0.0002
glicko2_floor,general,G0-start0.5,r3_inside,0.4306,0.4267,0.4346
glicko2_floor,general,G0-start0.5,r3_below_0.5,0.0256,0.0242,0.0271
glicko2_floor,general,G0-start0.5,r3_above_0.95,0.0300,0.0282,0.0320
glicko2_floor,general,G0-start0.5,r4_false,0.0161,0.0117,0.0213
glicko2_floor,general,G0-start0.5,r4_false_0.70,0.0044,0.0024,0.0067
glicko2_floor,general,G0-start0.5,r4_below,0.5249,0.5011,0.5488
glicko2_floor,general,G0-start0.5,r4_false_at_task,0.0127,0.0073,0.0194
glicko2_floor,general,G0-start0.5,r4_declared,7.9640,7.5810,8.3260
glicko2_floor,general,G0-start0.5,r5_late_answers,3.7678,3.6664,3.8774
glicko2_floor,general,G0-start0.5,r5_never,0.1430,0.1298,0.1571
glicko2_floor,general,G0-start0.5,r6_lag,-0.1186,-0.1319,-0.1052
glicko2_floor,general,G0-start0.5,r7_error_5,0.7361,0.7005,0.7716
glicko2_floor,general,G0-start0.5,r7_error_10,0.6231,0.5954,0.6532
glicko2_floor,general,G0-start0.5,r7_longest_wrong,1.5840,1.5410,1.6300
glicko2_floor,general,G0-start0.5,r7_hard_first,0.0841,0.0769,0.0917
glicko2_floor,general,G0-start0.5,r4b_chance_below_0.5,0.0524,0.0489,0.0559
glicko2_floor,general,G0-start0.5,r4b_chance_0.5_to_0.6,0.1077,0.1032,0.1123
glicko2_floor,general,G0-start0.5,r4b_chance_0.6_to_0.7,0.2109,0.2055,0.2164
glicko2_floor,general,G0-start0.5,r4b_chance_0.7_to_0.8,0.2975,0.2924,0.3025
glicko2_floor,general,G0-start0.5,r4b_chance_0.8_up,0.3315,0.3212,0.3414
glicko2_floor,general,G0-start0.5,r3_reachable,0.9609,0.9563,0.9653
glicko2_floor,general,G0-start0.5,r8_rank_6_20,17.3733,16.7267,18.0867
glicko2_floor,general,G0-start0.5,r8_topic_rank_6_20,17.3733,16.6867,18.0933
glicko2_floor,general,G0-start0.5,r8_rank_150_200,5.2353,4.8882,5.6373
glicko2_floor,general,G0-start0.5,r8_topic_rank_150_200,5.2353,4.8510,5.6314
glicko2_floor,general,G0-start0.5,r9_kept_up_6_50,0.0009,-0.0026,0.0044
glicko2_floor,general,G0-start0.5,r9_kept_up_101_200,0.0016,-0.0002,0.0033
glicko2_floor,general,G0-start0.5,r10_shown,3.6560,3.4370,3.8830
glicko2_floor,general,G0-start0.5,r2_ece,0.0032,0.0015,0.0051
glicko2_floor,general,G0-start0.5,r4b_3,0.1295,0.1178,0.1412
glicko2_floor,general,G0-start0.5,r4b_5,0.1427,0.1301,0.1562
glicko2_floor,general,G0-start0.5,r4b_10,0.1471,0.1330,0.1609
glicko2_floor,general,G0-start0.5,r4b_20,0.1561,0.1398,0.1760
glicko2_floor,general,G0-start0.5,r4b_50,0.1561,0.1386,0.1750
glicko2_floor,general,G0-start0.5,r8_move_p95_6_20,82.0000,81.0000,83.0000
glicko2_floor,general,G0-start0.5,r8_move_p95_150_200,21.0000,21.0000,21.0000
glicko2_floor,general,G0-start0.5,r9_kept_up_later_less_earlier,0.0006,-0.0033,0.0046
glicko2_floor,general,G0-start0.5,r10_taken_back_5,0.1898,0.1742,0.2068
glicko2_floor,general,G0-start0.5,r10_taken_back_10,0.3751,0.3435,0.4088
glicko2_floor,general,G0-start2,r1_rms_5,1.1112,1.0672,1.1574
glicko2_floor,general,G0-start2,r1_mean_5,-0.2531,-0.3309,-0.1752
glicko2_floor,general,G0-start2,r1_rms_10,0.9473,0.9115,0.9826
glicko2_floor,general,G0-start2,r1_mean_10,-0.2783,-0.3342,-0.2178
glicko2_floor,general,G0-start2,r1_rms_20,0.7975,0.7735,0.8224
glicko2_floor,general,G0-start2,r1_mean_20,-0.2783,-0.3213,-0.2355
glicko2_floor,general,G0-start2,r1_rms_50,0.6478,0.6324,0.6633
glicko2_floor,general,G0-start2,r1_mean_50,-0.2117,-0.2403,-0.1840
glicko2_floor,general,G0-start2,r1_rms_100,0.5871,0.5766,0.5979
glicko2_floor,general,G0-start2,r1_mean_100,-0.1614,-0.1825,-0.1408
glicko2_floor,general,G0-start2,r1_rms_200,0.5740,0.5642,0.5836
glicko2_floor,general,G0-start2,r1_mean_200,-0.1407,-0.1613,-0.1200
glicko2_floor,general,G0-start2,r2_brier,0.1744,0.1727,0.1762
glicko2_floor,general,G0-start2,r2_bias,-0.0032,-0.0047,-0.0017
glicko2_floor,general,G0-start2,r3_inside,0.3945,0.3873,0.4012
glicko2_floor,general,G0-start2,r3_below_0.5,0.0692,0.0592,0.0798
glicko2_floor,general,G0-start2,r3_above_0.95,0.0377,0.0340,0.0416
glicko2_floor,general,G0-start2,r4_false,0.0450,0.0386,0.0520
glicko2_floor,general,G0-start2,r4_false_0.70,0.0090,0.0065,0.0117
glicko2_floor,general,G0-start2,r4_below,0.4961,0.4670,0.5248
glicko2_floor,general,G0-start2,r4_false_at_task,0.0283,0.0205,0.0368
glicko2_floor,general,G0-start2,r4_declared,9.1740,8.7110,9.6430
glicko2_floor,general,G0-start2,r5_late_answers,4.5694,4.4265,4.7198
glicko2_floor,general,G0-start2,r5_never,0.1630,0.1458,0.1814
glicko2_floor,general,G0-start2,r6_lag,-0.0980,-0.1128,-0.0833
glicko2_floor,general,G0-start2,r7_error_5,0.9658,0.9177,1.0143
glicko2_floor,general,G0-start2,r7_error_10,0.7703,0.7327,0.8105
glicko2_floor,general,G0-start2,r7_longest_wrong,1.8170,1.7540,1.8870
glicko2_floor,general,G0-start2,r7_hard_first,0.1472,0.1329,0.1631
glicko2_floor,general,G0-start2,r4b_chance_below_0.5,0.1873,0.1595,0.2158
glicko2_floor,general,G0-start2,r4b_chance_0.5_to_0.6,0.1411,0.1332,0.1487
glicko2_floor,general,G0-start2,r4b_chance_0.6_to_0.7,0.2012,0.1926,0.2092
glicko2_floor,general,G0-start2,r4b_chance_0.7_to_0.8,0.2429,0.2314,0.2547
glicko2_floor,general,G0-start2,r4b_chance_0.8_up,0.2275,0.2134,0.2427
glicko2_floor,general,G0-start2,r3_reachable,0.8575,0.8408,0.8736
glicko2_floor,general,G0-start2,r8_rank_6_20,16.4333,15.7867,17.1333
glicko2_floor,general,G0-start2,r8_topic_rank_6_20,16.4333,15.7533,17.1267
glicko2_floor,general,G0-start2,r8_rank_150_200,4.1863,3.8490,4.5412
glicko2_floor,general,G0-start2,r8_topic_rank_150_200,4.1863,3.8275,4.5137
glicko2_floor,general,G0-start2,r9_kept_up_6_50,0.0060,0.0019,0.0101
glicko2_floor,general,G0-start2,r9_kept_up_101_200,0.0017,-0.0002,0.0035
glicko2_floor,general,G0-start2,r10_shown,4.6210,4.2430,5.0090
glicko2_floor,general,G0-start2,r2_ece,0.0048,0.0031,0.0068
glicko2_floor,general,G0-start2,r4b_3,0.1232,0.1111,0.1359
glicko2_floor,general,G0-start2,r4b_5,0.1493,0.1353,0.1646
glicko2_floor,general,G0-start2,r4b_10,0.1714,0.1555,0.1877
glicko2_floor,general,G0-start2,r4b_20,0.1782,0.1609,0.1958
glicko2_floor,general,G0-start2,r4b_50,0.1795,0.1618,0.1976
glicko2_floor,general,G0-start2,r8_move_p95_6_20,81.0000,79.0000,83.0000
glicko2_floor,general,G0-start2,r8_move_p95_150_200,21.0000,21.0000,21.0000
glicko2_floor,general,G0-start2,r9_kept_up_later_less_earlier,-0.0043,-0.0089,0.0000
glicko2_floor,general,G0-start2,r10_taken_back_5,0.1848,0.1710,0.1993
glicko2_floor,general,G0-start2,r10_taken_back_10,0.3923,0.3600,0.4255
glicko2_floor,general,G0-topics0.3,r1_rms_5,0.8542,0.8198,0.8917
glicko2_floor,general,G0-topics0.3,r1_mean_5,-0.1289,-0.1917,-0.0684
glicko2_floor,general,G0-topics0.3,r1_rms_10,0.7172,0.6887,0.7453
glicko2_floor,general,G0-topics0.3,r1_mean_10,-0.1669,-0.2146,-0.1191
glicko2_floor,general,G0-topics0.3,r1_rms_20,0.5839,0.5638,0.6046
glicko2_floor,general,G0-topics0.3,r1_mean_20,-0.1502,-0.1862,-0.1142
glicko2_floor,general,G0-topics0.3,r1_rms_50,0.4589,0.4465,0.4716
glicko2_floor,general,G0-topics0.3,r1_mean_50,-0.1319,-0.1570,-0.1076
glicko2_floor,general,G0-topics0.3,r1_rms_100,0.4120,0.4022,0.4216
glicko2_floor,general,G0-topics0.3,r1_mean_100,-0.1088,-0.1284,-0.0895
glicko2_floor,general,G0-topics0.3,r1_rms_200,0.4001,0.3914,0.4084
glicko2_floor,general,G0-topics0.3,r1_mean_200,-0.1089,-0.1269,-0.0897
glicko2_floor,general,G0-topics0.3,r2_brier,0.1717,0.1706,0.1727
glicko2_floor,general,G0-topics0.3,r2_bias,-0.0010,-0.0021,0.0002
glicko2_floor,general,G0-topics0.3,r3_inside,0.4770,0.4721,0.4816
glicko2_floor,general,G0-topics0.3,r3_below_0.5,0.0202,0.0184,0.0222
glicko2_floor,general,G0-topics0.3,r3_above_0.95,0.0164,0.0150,0.0179
glicko2_floor,general,G0-topics0.3,r4_false,0.0257,0.0202,0.0317
glicko2_floor,general,G0-topics0.3,r4_false_0.70,0.0022,0.0013,0.0034
glicko2_floor,general,G0-topics0.3,r4_below,0.5621,0.5373,0.5870
glicko2_floor,general,G0-topics0.3,r4_false_at_task,0.0167,0.0097,0.0249
glicko2_floor,general,G0-topics0.3,r4_declared,8.4680,8.0730,8.8650
glicko2_floor,general,G0-topics0.3,r5_late_answers,4.3498,4.1790,4.5290
glicko2_floor,general,G0-topics0.3,r5_never,0.1588,0.1407,0.1780
glicko2_floor,general,G0-topics0.3,r6_lag,-0.0878,-0.1018,-0.0741
glicko2_floor,general,G0-topics0.3,r7_error_5,0.7819,0.7444,0.8207
glicko2_floor,general,G0-topics0.3,r7_error_10,0.6331,0.6025,0.6639
glicko2_floor,general,G0-topics0.3,r7_longest_wrong,1.6170,1.5700,1.6660
glicko2_floor,general,G0-topics0.3,r7_hard_first,0.0927,0.0839,0.1015
glicko2_floor,general,G0-topics0.3,r4b_chance_below_0.5,0.0462,0.0409,0.0523
glicko2_floor,general,G0-topics0.3,r4b_chance_0.5_to_0.6,0.1157,0.1086,0.1231
glicko2_floor,general,G0-topics0.3,r4b_chance_0.6_to_0.7,0.2341,0.2280,0.2404
glicko2_floor,general,G0-topics0.3,r4b_chance_0.7_to_0.8,0.3259,0.3188,0.3330
glicko2_floor,general,G0-topics0.3,r4b_chance_0.8_up,0.2781,0.2648,0.2912
glicko2_floor,general,G0-topics0.3,r3_reachable,0.9373,0.9282,0.9456
glicko2_floor,general,G0-topics0.3,r8_rank_6_20,16.9733,16.3000,17.6467
glicko2_floor,general,G0-topics0.3,r8_topic_rank_6_20,16.9733,16.2867,17.6533
glicko2_floor,general,G0-topics0.3,r8_rank_150_200,4.9333,4.5824,5.2863
glicko2_floor,general,G0-topics0.3,r8_topic_rank_150_200,4.9333,4.5804,5.3137
glicko2_floor,general,G0-topics0.3,r9_kept_up_6_50,0.0021,-0.0014,0.0058
glicko2_floor,general,G0-topics0.3,r9_kept_up_101_200,0.0003,-0.0014,0.0020
glicko2_floor,general,G0-topics0.3,r10_shown,3.6550,3.3940,3.9270
glicko2_floor,general,G0-topics0.3,r2_ece,0.0035,0.0019,0.0053
glicko2_floor,general,G0-topics0.3,r4b_3,0.1399,0.1273,0.1527
glicko2_floor,general,G0-topics0.3,r4b_5,0.1575,0.1436,0.1711
glicko2_floor,general,G0-topics0.3,r4b_10,0.1744,0.1590,0.1901
glicko2_floor,general,G0-topics0.3,r4b_20,0.1905,0.1722,0.2095
glicko2_floor,general,G0-topics0.3,r4b_50,0.1966,0.1762,0.2185
glicko2_floor,general,G0-topics0.3,r8_move_p95_6_20,83.0000,81.0000,84.0000
glicko2_floor,general,G0-topics0.3,r8_move_p95_150_200,21.0000,21.0000,21.0000
glicko2_floor,general,G0-topics0.3,r9_kept_up_later_less_earlier,-0.0018,-0.0060,0.0024
glicko2_floor,general,G0-topics0.3,r10_taken_back_5,0.1823,0.1669,0.1983
glicko2_floor,general,G0-topics0.3,r10_taken_back_10,0.3876,0.3548,0.4213
glicko2_floor,general,G0-topics1,r1_rms_5,1.2574,1.2269,1.2898
glicko2_floor,general,G0-topics1,r1_mean_5,-0.2345,-0.2934,-0.1704
glicko2_floor,general,G0-topics1,r1_rms_10,1.2422,1.2167,1.2688
glicko2_floor,general,G0-topics1,r1_mean_10,-0.3341,-0.3900,-0.2833
glicko2_floor,general,G0-topics1,r1_rms_20,1.1703,1.1486,1.1916
glicko2_floor,general,G0-topics1,r1_mean_20,-0.3624,-0.4010,-0.3219
glicko2_floor,general,G0-topics1,r1_rms_50,1.0951,1.0771,1.1138
glicko2_floor,general,G0-topics1,r1_mean_50,-0.3794,-0.4086,-0.3496
glicko2_floor,general,G0-topics1,r1_rms_100,1.0590,1.0428,1.0752
glicko2_floor,general,G0-topics1,r1_mean_100,-0.3541,-0.3785,-0.3307
glicko2_floor,general,G0-topics1,r1_rms_200,1.0757,1.0579,1.0927
glicko2_floor,general,G0-topics1,r1_mean_200,-0.3883,-0.4127,-0.3635
glicko2_floor,general,G0-topics1,r2_brier,0.1769,0.1756,0.1782
glicko2_floor,general,G0-topics1,r2_bias,0.0022,0.0008,0.0036
glicko2_floor,general,G0-topics1,r3_inside,0.3087,0.3041,0.3136
glicko2_floor,general,G0-topics1,r3_below_0.5,0.0853,0.0802,0.0906
glicko2_floor,general,G0-topics1,r3_above_0.95,0.1009,0.0964,0.1052
glicko2_floor,general,G0-topics1,r4_false,0.0910,0.0816,0.1012
glicko2_floor,general,G0-topics1,r4_false_0.70,0.0426,0.0361,0.0492
glicko2_floor,general,G0-topics1,r4_below,0.5360,0.5090,0.5613
glicko2_floor,general,G0-topics1,r4_false_at_task,0.0812,0.0684,0.0947
glicko2_floor,general,G0-topics1,r4_declared,8.2540,7.8420,8.6980
glicko2_floor,general,G0-topics1,r5_late_answers,4.0799,3.9374,4.2276
glicko2_floor,general,G0-topics1,r5_never,0.3399,0.3233,0.3572
glicko2_floor,general,G0-topics1,r6_lag,-0.2155,-0.2316,-0.1988
glicko2_floor,general,G0-topics1,r7_error_5,0.8272,0.7895,0.8659
glicko2_floor,general,G0-topics1,r7_error_10,0.7479,0.7118,0.7827
glicko2_floor,general,G0-topics1,r7_longest_wrong,1.8800,1.8140,1.9420
glicko2_floor,general,G0-topics1,r7_hard_first,0.1557,0.1454,0.1665
glicko2_floor,general,G0-topics1,r4b_chance_below_0.5,0.1705,0.1579,0.1830
glicko2_floor,general,G0-topics1,r4b_chance_0.5_to_0.6,0.1416,0.1366,0.1470
glicko2_floor,general,G0-topics1,r4b_chance_0.6_to_0.7,0.1852,0.1797,0.1907
glicko2_floor,general,G0-topics1,r4b_chance_0.7_to_0.8,0.2118,0.2054,0.2182
glicko2_floor,general,G0-topics1,r4b_chance_0.8_up,0.2909,0.2794,0.3034
glicko2_floor,general,G0-topics1,r3_reachable,0.8792,0.8676,0.8905
glicko2_floor,general,G0-topics1,r8_rank_6_20,17.0333,16.3467,17.7133
glicko2_floor,general,G0-topics1,r8_topic_rank_6_20,17.0333,16.3667,17.6867
glicko2_floor,general,G0-topics1,r8_rank_150_200,5.0412,4.6902,5.4216
glicko2_floor,general,G0-topics1,r8_topic_rank_150_200,5.0412,4.6863,5.4059
glicko2_floor,general,G0-topics1,r9_kept_up_6_50,-0.0068,-0.0105,-0.0031
glicko2_floor,general,G0-topics1,r9_kept_up_101_200,-0.0019,-0.0039,-0.0001
glicko2_floor,general,G0-topics1,r10_shown,3.7090,3.4170,4.0030
glicko2_floor,general,G0-topics1,r2_ece,0.0058,0.0048,0.0073
glicko2_floor,general,G0-topics1,r4b_3,0.1285,0.1171,0.1401
glicko2_floor,general,G0-topics1,r4b_5,0.1616,0.1481,0.1749
glicko2_floor,general,G0-topics1,r4b_10,0.1799,0.1650,0.1952
glicko2_floor,general,G0-topics1,r4b_20,0.1886,0.1730,0.2051
glicko2_floor,general,G0-topics1,r4b_50,0.1900,0.1737,0.2068
glicko2_floor,general,G0-topics1,r8_move_p95_6_20,84.0000,83.0000,86.0000
glicko2_floor,general,G0-topics1,r8_move_p95_150_200,21.0000,21.0000,21.0000
glicko2_floor,general,G0-topics1,r9_kept_up_later_less_earlier,0.0048,0.0007,0.0090
glicko2_floor,general,G0-topics1,r10_taken_back_5,0.2536,0.2361,0.2724
glicko2_floor,general,G0-topics1,r10_taken_back_10,0.4692,0.4380,0.5034
glicko2_floor,topics,G0,r1_rms_5,1.1576,1.1303,1.1837
glicko2_floor,topics,G0,r1_mean_5,-0.1122,-0.1650,-0.0603
glicko2_floor,topics,G0,r1_rms_10,1.1620,1.1395,1.1850
glicko2_floor,topics,G0,r1_mean_10,-0.1090,-0.1559,-0.0605
glicko2_floor,topics,G0,r1_rms_20,1.1477,1.1276,1.1665
glicko2_floor,topics,G0,r1_mean_20,-0.1347,-0.1767,-0.0924
glicko2_floor,topics,G0,r1_rms_50,1.0534,1.0374,1.0706
glicko2_floor,topics,G0,r1_mean_50,-0.2127,-0.2433,-0.1840
glicko2_floor,topics,G0,r1_rms_100,0.9523,0.9359,0.9684
glicko2_floor,topics,G0,r1_mean_100,-0.2557,-0.2796,-0.2324
glicko2_floor,topics,G0,r1_rms_200,0.8943,0.8783,0.9113
glicko2_floor,topics,G0,r1_mean_200,-0.2450,-0.2658,-0.2245
glicko2_floor,topics,G0,r2_brier,0.1734,0.1715,0.1752
glicko2_floor,topics,G0,r2_bias,0.0047,0.0016,0.0077
glicko2_floor,topics,G0,r3_inside,0.4006,0.3953,0.4060
glicko2_floor,topics,G0,r3_below_0.5,0.0501,0.0461,0.0542
glicko2_floor,topics,G0,r3_above_0.95,0.0457,0.0423,0.0490
glicko2_floor,topics,G0,r4_false,0.1054,0.0981,0.1131
glicko2_floor,topics,G0,r4_false_0.70,0.0482,0.0432,0.0535
glicko2_floor,topics,G0,r4_below,0.6228,0.6070,0.6381
glicko2_floor,topics,G0,r4_false_at_task,0.1336,0.1197,0.1487
glicko2_floor,topics,G0,r4_declared,9.2280,8.8210,9.6330
glicko2_floor,topics,G0,r5_late_answers,5.2073,5.0350,5.4009
glicko2_floor,topics,G0,r5_never,0.1627,0.1536,0.1714
glicko2_floor,topics,G0,r6_lag,-0.1467,-0.1653,-0.1280
glicko2_floor,topics,G0,r7_longest_wrong,1.6110,1.5440,1.6810
glicko2_floor,topics,G0,r7_hard_first,0.1060,0.0943,0.1177
glicko2_floor,topics,G0,r4b_chance_below_0.5,0.1075,0.0980,0.1192
glicko2_floor,topics,G0,r4b_chance_0.5_to_0.6,0.1348,0.1291,0.1411
glicko2_floor,topics,G0,r4b_chance_0.6_to_0.7,0.2243,0.2186,0.2302
glicko2_floor,topics,G0,r4b_chance_0.7_to_0.8,0.2802,0.2724,0.2876
glicko2_floor,topics,G0,r4b_chance_0.8_up,0.2531,0.2426,0.2636
glicko2_floor,topics,G0,r3_reachable,0.9453,0.9358,0.9545
glicko2_floor,topics,G0,r8_topic_rank_6_20,49.7200,48.4133,51.0867
glicko2_floor,topics,G0,r8_topic_rank_150_200,7.9275,7.5373,8.3451
glicko2_floor,topics,G0,r9_kept_up_6_50,-0.0196,-0.0261,-0.0133
glicko2_floor,topics,G0,r9_kept_up_101_200,0.0062,0.0037,0.0091
glicko2_floor,topics,G0,r10_shown,2.6590,2.4470,2.8870
glicko2_floor,topics,G0,r2_ece,0.0054,0.0030,0.0086
glicko2_floor,topics,G0,r4b_3,0.3617,0.3444,0.3784
glicko2_floor,topics,G0,r4b_5,0.3692,0.3520,0.3865
glicko2_floor,topics,G0,r4b_10,0.3813,0.3637,0.3987
glicko2_floor,topics,G0,r4b_20,0.3918,0.3740,0.4093
glicko2_floor,topics,G0,r4b_50,0.4107,0.3905,0.4324
glicko2_floor,topics,G0,r8_move_p95_6_20,324.0000,324.0000,324.0000
glicko2_floor,topics,G0,r8_move_p95_150_200,41.0000,40.0000,42.0000
glicko2_floor,topics,G0,r9_kept_up_later_less_earlier,0.0259,0.0199,0.0314
glicko2_floor,topics,G0,r10_taken_back_5,0.1922,0.1534,0.2324
glicko2_floor,topics,G0,r10_taken_back_10,0.3291,0.2714,0.3911
glicko2_floor,topics,G1,r1_rms_5,1.9753,1.9475,2.0033
glicko2_floor,topics,G1,r1_mean_5,-0.2864,-0.4000,-0.1757
glicko2_floor,topics,G1,r1_rms_10,1.9569,1.9318,1.9811
glicko2_floor,topics,G1,r1_mean_10,-0.3264,-0.4291,-0.2212
glicko2_floor,topics,G1,r1_rms_20,1.7375,1.7121,1.7639
glicko2_floor,topics,G1,r1_mean_20,-0.3059,-0.4013,-0.2155
glicko2_floor,topics,G1,r1_rms_50,1.2999,1.2761,1.3241
glicko2_floor,topics,G1,r1_mean_50,-0.3217,-0.3863,-0.2579
glicko2_floor,topics,G1,r1_rms_100,1.0283,1.0077,1.0500
glicko2_floor,topics,G1,r1_mean_100,-0.2992,-0.3465,-0.2544
glicko2_floor,topics,G1,r1_rms_200,0.8573,0.8371,0.8775
glicko2_floor,topics,G1,r1_mean_200,-0.1913,-0.2276,-0.1576
glicko2_floor,topics,G1,r2_brier,0.1752,0.1711,0.1797
glicko2_floor,topics,G1,r2_bias,-0.0090,-0.0154,-0.0026
glicko2_floor,topics,G1,r3_inside,0.2461,0.2384,0.2536
glicko2_floor,topics,G1,r3_below_0.5,0.1461,0.1349,0.1582
glicko2_floor,topics,G1,r3_above_0.95,0.1300,0.1210,0.1396
glicko2_floor,topics,G1,r4_false,0.0549,0.0476,0.0632
glicko2_floor,topics,G1,r4_false_0.70,0.0413,0.0357,0.0475
glicko2_floor,topics,G1,r4_below,0.6702,0.6472,0.6927
glicko2_floor,topics,G1,r4_false_at_task,0.0373,0.0294,0.0456
glicko2_floor,topics,G1,r4_declared,10.9690,10.4260,11.5320
glicko2_floor,topics,G1,r5_late_answers,6.1568,6.0083,6.3231
glicko2_floor,topics,G1,r5_never,0.0666,0.0618,0.0717
glicko2_floor,topics,G1,r6_lag,-0.3399,-0.3726,-0.3083
glicko2_floor,topics,G1,r7_longest_wrong,2.0150,1.8880,2.1480
glicko2_floor,topics,G1,r7_hard_first,0.3903,0.3652,0.4161
glicko2_floor,topics,G1,r4b_chance_below_0.5,0.3620,0.3432,0.3811
glicko2_floor,topics,G1,r4b_chance_0.5_to_0.6,0.2065,0.1987,0.2144
glicko2_floor,topics,G1,r4b_chance_0.6_to_0.7,0.1810,0.1752,0.1876
glicko2_floor,topics,G1,r4b_chance_0.7_to_0.8,0.1484,0.1385,0.1596
glicko2_floor,topics,G1,r4b_chance_0.8_up,0.1021,0.0912,0.1140
glicko2_floor,topics,G1,r3_reachable,0.8001,0.7793,0.8217
glicko2_floor,topics,G1,r8_topic_rank_6_20,52.8533,51.5867,54.2267
glicko2_floor,topics,G1,r8_topic_rank_150_200,8.3510,7.9020,8.7980
glicko2_floor,topics,G1,r9_kept_up_6_50,-0.0284,-0.0402,-0.0166
glicko2_floor,topics,G1,r9_kept_up_101_200,0.0295,0.0255,0.0335
glicko2_floor,topics,G1,r10_shown,3.4300,3.0930,3.7920
glicko2_floor,topics,G1,r2_ece,0.0159,0.0105,0.0212
glicko2_floor,topics,G1,r4b_3,0.2423,0.2194,0.2652
glicko2_floor,topics,G1,r4b_5,0.2523,0.2299,0.2753
glicko2_floor,topics,G1,r4b_10,0.2600,0.2375,0.2829
glicko2_floor,topics,G1,r4b_20,0.2605,0.2370,0.2839
glicko2_floor,topics,G1,r4b_50,0.2605,0.2373,0.2839
glicko2_floor,topics,G1,r8_move_p95_6_20,324.0000,324.0000,324.0000
glicko2_floor,topics,G1,r8_move_p95_150_200,44.0000,43.0000,45.0000
glicko2_floor,topics,G1,r9_kept_up_later_less_earlier,0.0578,0.0480,0.0679
glicko2_floor,topics,G1,r10_taken_back_5,0.0755,0.0620,0.0909
glicko2_floor,topics,G1,r10_taken_back_10,0.1421,0.1127,0.1727
glicko2_floor,topics,G2,r1_rms_5,1.1596,1.1331,1.1849
glicko2_floor,topics,G2,r1_mean_5,-0.1344,-0.1824,-0.0843
glicko2_floor,topics,G2,r1_rms_10,1.1670,1.1456,1.1876
glicko2_floor,topics,G2,r1_mean_10,-0.1927,-0.2369,-0.1461
glicko2_floor,topics,G2,r1_rms_20,1.1862,1.1675,1.2054
glicko2_floor,topics,G2,r1_mean_20,-0.2989,-0.3376,-0.2601
glicko2_floor,topics,G2,r1_rms_50,1.2082,1.1891,1.2274
glicko2_floor,topics,G2,r1_mean_50,-0.6191,-0.6489,-0.5888
glicko2_floor,topics,G2,r1_rms_100,1.4011,1.3802,1.4233
glicko2_floor,topics,G2,r1_mean_100,-1.0417,-1.0656,-1.0166
glicko2_floor,topics,G2,r1_rms_200,1.9946,1.9729,2.0175
glicko2_floor,topics,G2,r1_mean_200,-1.7673,-1.7896,-1.7451
glicko2_floor,topics,G2,r2_brier,0.1277,0.1263,0.1292
glicko2_floor,topics,G2,r2_bias,-0.0764,-0.0790,-0.0737
glicko2_floor,topics,G2,r3_inside,0.2237,0.2190,0.2287
glicko2_floor,topics,G2,r3_below_0.5,0.0244,0.0223,0.0264
glicko2_floor,topics,G2,r3_above_0.95,0.2089,0.2009,0.2170
glicko2_floor,topics,G2,r4_false,0.0417,0.0374,0.0461
glicko2_floor,topics,G2,r4_false_0.70,0.0161,0.0137,0.0189
glicko2_floor,topics,G2,r4_below,0.6250,0.6077,0.6418
glicko2_floor,topics,G2,r4_false_at_task,0.0467,0.0393,0.0546
glicko2_floor,topics,G2,r4_declared,11.7640,11.3620,12.1820
glicko2_floor,topics,G2,r5_late_answers,8.0232,7.8027,8.2637
glicko2_floor,topics,G2,r5_never,0.2368,0.2286,0.2455
glicko2_floor,topics,G2,r6_lag,-1.2424,-1.2654,-1.2199
glicko2_floor,topics,G2,r7_longest_wrong,1.5730,1.5110,1.6390
glicko2_floor,topics,G2,r7_hard_first,0.0989,0.0885,0.1097
glicko2_floor,topics,G2,r4b_chance_below_0.5,0.1045,0.0981,0.1109
glicko2_floor,topics,G2,r4b_chance_0.5_to_0.6,0.1149,0.1100,0.1203
glicko2_floor,topics,G2,r4b_chance_0.6_to_0.7,0.1770,0.1700,0.1837
glicko2_floor,topics,G2,r4b_chance_0.7_to_0.8,0.2400,0.2332,0.2471
glicko2_floor,topics,G2,r4b_chance_0.8_up,0.3637,0.3525,0.3750
glicko2_floor,topics,G2,r3_reachable,0.9690,0.9650,0.9725
glicko2_floor,topics,G2,r8_topic_rank_6_20,50.0067,48.7933,51.3267
glicko2_floor,topics,G2,r8_topic_rank_150_200,8.4333,8.1020,8.7686
glicko2_floor,topics,G2,r9_kept_up_6_50,0.0054,-0.0000,0.0110
glicko2_floor,topics,G2,r9_kept_up_101_200,0.1218,0.1196,0.1240
glicko2_floor,topics,G2,r10_shown,3.4980,3.2170,3.7920
glicko2_floor,topics,G2,r2_ece,0.0764,0.0738,0.0790
glicko2_floor,topics,G2,r4b_3,0.3806,0.3628,0.3976
glicko2_floor,topics,G2,r4b_5,0.3925,0.3759,0.4095
glicko2_floor,topics,G2,r4b_10,0.4213,0.4037,0.4403
glicko2_floor,topics,G2,r4b_20,0.4602,0.4327,0.4900
glicko2_floor,topics,G2,r4b_50,0.4699,0.4380,0.5044
glicko2_floor,topics,G2,r8_move_p95_6_20,324.0000,324.0000,324.0000
glicko2_floor,topics,G2,r8_move_p95_150_200,36.0000,35.0000,37.0000
glicko2_floor,topics,G2,r9_kept_up_later_less_earlier,0.1164,0.1110,0.1216
glicko2_floor,topics,G2,r10_taken_back_5,0.0498,0.0364,0.0649
glicko2_floor,topics,G2,r10_taken_back_10,0.1056,0.0784,0.1342
glicko2_floor,topics,G3,r1_rms_5,1.1508,1.1252,1.1786
glicko2_floor,topics,G3,r1_mean_5,-0.0633,-0.1164,-0.0131
glicko2_floor,topics,G3,r1_rms_10,1.1587,1.1371,1.1805
glicko2_floor,topics,G3,r1_mean_10,-0.0881,-0.1363,-0.0375
glicko2_floor,topics,G3,r1_rms_20,1.1418,1.1251,1.1603
glicko2_floor,topics,G3,r1_mean_20,-0.1136,-0.1538,-0.0766
glicko2_floor,topics,G3,r1_rms_50,1.0474,1.0306,1.0641
glicko2_floor,topics,G3,r1_mean_50,-0.2251,-0.2551,-0.1963
glicko2_floor,topics,G3,r1_rms_100,1.1998,1.1753,1.2227
glicko2_floor,topics,G3,r1_mean_100,-0.7088,-0.7433,-0.6735
glicko2_floor,topics,G3,r1_rms_200,1.3576,1.3372,1.3791
glicko2_floor,topics,G3,r1_mean_200,-1.0254,-1.0475,-1.0050
glicko2_floor,topics,G3,r2_brier,0.1543,0.1525,0.1561
glicko2_floor,topics,G3,r2_bias,-0.0289,-0.0318,-0.0259
glicko2_floor,topics,G3,r3_inside,0.3288,0.3233,0.3340
glicko2_floor,topics,G3,r3_below_0.5,0.0411,0.0382,0.0443
glicko2_floor,topics,G3,r3_above_0.95,0.0969,0.0917,0.1022
glicko2_floor,topics,G3,r4_false,0.0742,0.0682,0.0803
glicko2_floor,topics,G3,r4_false_0.70,0.0355,0.0313,0.0399
glicko2_floor,topics,G3,r4_below,0.6321,0.6140,0.6493
glicko2_floor,topics,G3,r4_false_at_task,0.0830,0.0723,0.0945
glicko2_floor,topics,G3,r4_declared,9.6990,9.2650,10.1210
glicko2_floor,topics,G3,r5_late_answers,6.5498,6.3430,6.7770
glicko2_floor,topics,G3,r5_never,0.2271,0.2170,0.2370
glicko2_floor,topics,G3,r6_lag,-0.6550,-0.6779,-0.6327
glicko2_floor,topics,G3,r6_jump_answers,76.0470,73.5790,78.4960
glicko2_floor,topics,G3,r6_jump_unsettled,0.6650,0.6350,0.6950
glicko2_floor,topics,G3,r7_longest_wrong,1.5850,1.5160,1.6580
glicko2_floor,topics,G3,r7_hard_first,0.1088,0.0969,0.1200
glicko2_floor,topics,G3,r4b_chance_below_0.5,0.1073,0.1001,0.1152
glicko2_floor,topics,G3,r4b_chance_0.5_to_0.6,0.1173,0.1127,0.1221
glicko2_floor,topics,G3,r4b_chance_0.6_to_0.7,0.1876,0.1822,0.1931
glicko2_floor,topics,G3,r4b_chance_0.7_to_0.8,0.2618,0.2556,0.2687
glicko2_floor,topics,G3,r4b_chance_0.8_up,0.3260,0.3142,0.3375
glicko2_floor,topics,G3,r3_reachable,0.9562,0.9483,0.9634
glicko2_floor,topics,G3,r8_topic_rank_6_20,50.4933,49.3400,51.7600
glicko2_floor,topics,G3,r8_topic_rank_150_200,7.6961,7.3314,8.0765
glicko2_floor,topics,G3,r9_kept_up_6_50,-0.0269,-0.0330,-0.0206
glicko2_floor,topics,G3,r9_kept_up_101_200,0.0638,0.0610,0.0666
glicko2_floor,topics,G3,r10_shown,2.7600,2.5150,2.9960
glicko2_floor,topics,G3,r2_ece,0.0311,0.0284,0.0339
glicko2_floor,topics,G3,r4b_3,0.3485,0.3313,0.3658
glicko2_floor,topics,G3,r4b_5,0.3584,0.3418,0.3757
glicko2_floor,topics,G3,r4b_10,0.3833,0.3655,0.4010
glicko2_floor,topics,G3,r4b_20,0.3994,0.3802,0.4188
glicko2_floor,topics,G3,r4b_50,0.4228,0.3972,0.4505
glicko2_floor,topics,G3,r8_move_p95_6_20,324.0000,324.0000,324.0000
glicko2_floor,topics,G3,r8_move_p95_150_200,36.0000,35.0000,37.0000
glicko2_floor,topics,G3,r9_kept_up_later_less_earlier,0.0907,0.0848,0.0966
glicko2_floor,topics,G3,r10_taken_back_5,0.1162,0.0888,0.1452
glicko2_floor,topics,G3,r10_taken_back_10,0.2271,0.1779,0.2799
glicko2_floor,topics,G4,r1_rms_5,1.1856,1.1600,1.2120
glicko2_floor,topics,G4,r1_mean_5,-0.2222,-0.2744,-0.1721
glicko2_floor,topics,G4,r1_rms_10,1.2088,1.1868,1.2309
glicko2_floor,topics,G4,r1_mean_10,-0.2616,-0.3044,-0.2189
glicko2_floor,topics,G4,r1_rms_20,1.2002,1.1818,1.2193
glicko2_floor,topics,G4,r1_mean_20,-0.3312,-0.3717,-0.2926
glicko2_floor,topics,G4,r1_rms_50,1.1300,1.1119,1.1484
glicko2_floor,topics,G4,r1_mean_50,-0.4951,-0.5235,-0.4655
glicko2_floor,topics,G4,r1_rms_100,1.0520,1.0351,1.0713
glicko2_floor,topics,G4,r1_mean_100,-0.5808,-0.6039,-0.5570
glicko2_floor,topics,G4,r1_rms_200,1.0093,0.9911,1.0276
glicko2_floor,topics,G4,r1_mean_200,-0.5901,-0.6107,-0.5691
glicko2_floor,topics,G4,r2_brier,0.1824,0.1807,0.1841
glicko2_floor,topics,G4,r2_bias,0.0205,0.0176,0.0235
glicko2_floor,topics,G4,r3_inside,0.3638,0.3602,0.3676
glicko2_floor,topics,G4,r3_below_0.5,0.0752,0.0710,0.0793
glicko2_floor,topics,G4,r3_above_0.95,0.0496,0.0466,0.0527
glicko2_floor,topics,G4,r4_false,0.0544,0.0489,0.0600
glicko2_floor,topics,G4,r4_false_0.70,0.0229,0.0194,0.0265
glicko2_floor,topics,G4,r4_below,0.6259,0.6114,0.6396
glicko2_floor,topics,G4,r4_false_at_task,0.0699,0.0598,0.0801
glicko2_floor,topics,G4,r4_declared,8.0360,7.6690,8.4240
glicko2_floor,topics,G4,r5_late_answers,5.1751,4.9753,5.3781
glicko2_floor,topics,G4,r5_never,0.2387,0.2284,0.2488
glicko2_floor,topics,G4,r6_lag,-0.5104,-0.5284,-0.4922
glicko2_floor,topics,G4,r7_longest_wrong,1.7490,1.6820,1.8170
glicko2_floor,topics,G4,r7_hard_first,0.1686,0.1545,0.1826
glicko2_floor,topics,G4,r4b_chance_below_0.5,0.1608,0.1508,0.1714
glicko2_floor,topics,G4,r4b_chance_0.5_to_0.6,0.1491,0.1441,0.1542
glicko2_floor,topics,G4,r4b_chance_0.6_to_0.7,0.2057,0.2010,0.2106
glicko2_floor,topics,G4,r4b_chance_0.7_to_0.8,0.2345,0.2290,0.2402
glicko2_floor,topics,G4,r4b_chance_0.8_up,0.2499,0.2398,0.2600
glicko2_floor,topics,G4,r3_reachable,0.9510,0.9424,0.9595
glicko2_floor,topics,G4,r8_topic_rank_6_20,53.2133,51.8467,54.4733
glicko2_floor,topics,G4,r8_topic_rank_150_200,8.3255,7.9098,8.7471
glicko2_floor,topics,G4,r9_kept_up_6_50,-0.0560,-0.0623,-0.0501
glicko2_floor,topics,G4,r9_kept_up_101_200,-0.0002,-0.0028,0.0024
glicko2_floor,topics,G4,r10_shown,2.2710,2.0930,2.4530
glicko2_floor,topics,G4,r2_ece,0.0214,0.0185,0.0243
glicko2_floor,topics,G4,r4b_3,0.2979,0.2812,0.3144
glicko2_floor,topics,G4,r4b_5,0.3036,0.2875,0.3206
glicko2_floor,topics,G4,r4b_10,0.3086,0.2911,0.3251
glicko2_floor,topics,G4,r4b_20,0.3105,0.2933,0.3276
glicko2_floor,topics,G4,r4b_50,0.3105,0.2937,0.3277
glicko2_floor,topics,G4,r8_move_p95_6_20,324.0000,324.0000,324.0000
glicko2_floor,topics,G4,r8_move_p95_150_200,41.0000,41.0000,42.0000
glicko2_floor,topics,G4,r9_kept_up_later_less_earlier,0.0558,0.0499,0.0622
glicko2_floor,topics,G4,r10_taken_back_5,0.2453,0.1969,0.2956
glicko2_floor,topics,G4,r10_taken_back_10,0.4408,0.3721,0.5073
glicko2_floor,topics,G5,r1_rms_5,1.1773,1.1457,1.2101
glicko2_floor,topics,G5,r1_mean_5,-0.0937,-0.1555,-0.0359
glicko2_floor,topics,G5,r1_rms_10,1.1963,1.1706,1.2235
glicko2_floor,topics,G5,r1_mean_10,-0.0906,-0.1427,-0.0357
glicko2_floor,topics,G5,r1_rms_20,1.1977,1.1746,1.2193
glicko2_floor,topics,G5,r1_mean_20,-0.1114,-0.1548,-0.0665
glicko2_floor,topics,G5,r1_rms_50,1.0684,1.0494,1.0875
glicko2_floor,topics,G5,r1_mean_50,-0.2172,-0.2491,-0.1839
glicko2_floor,topics,G5,r1_rms_100,0.9517,0.9323,0.9709
glicko2_floor,topics,G5,r1_mean_100,-0.2665,-0.2929,-0.2405
glicko2_floor,topics,G5,r1_rms_200,0.8817,0.8629,0.9004
glicko2_floor,topics,G5,r1_mean_200,-0.2562,-0.2794,-0.2341
glicko2_floor,topics,G5,r2_brier,0.1767,0.1747,0.1787
glicko2_floor,topics,G5,r2_bias,0.0082,0.0050,0.0112
glicko2_floor,topics,G5,r3_inside,0.3882,0.3826,0.3938
glicko2_floor,topics,G5,r3_below_0.5,0.0584,0.0537,0.0634
glicko2_floor,topics,G5,r3_above_0.95,0.0506,0.0468,0.0549
glicko2_floor,topics,G5,r4_false,0.1008,0.0933,0.1087
glicko2_floor,topics,G5,r4_false_0.70,0.0439,0.0393,0.0487
glicko2_floor,topics,G5,r4_below,0.6199,0.6052,0.6354
glicko2_floor,topics,G5,r4_false_at_task,0.1153,0.1021,0.1288
glicko2_floor,topics,G5,r4_declared,9.1060,8.7140,9.5270
glicko2_floor,topics,G5,r5_late_answers,5.3851,5.1983,5.5812
glicko2_floor,topics,G5,r5_never,0.1611,0.1513,0.1713
glicko2_floor,topics,G5,r6_lag,-0.1451,-0.1659,-0.1248
glicko2_floor,topics,G5,r7_longest_wrong,1.7290,1.6550,1.8110
glicko2_floor,topics,G5,r7_hard_first,0.1308,0.1170,0.1444
glicko2_floor,topics,G5,r4b_chance_below_0.5,0.1242,0.1121,0.1366
glicko2_floor,topics,G5,r4b_chance_0.5_to_0.6,0.1495,0.1420,0.1572
glicko2_floor,topics,G5,r4b_chance_0.6_to_0.7,0.2268,0.2204,0.2331
glicko2_floor,topics,G5,r4b_chance_0.7_to_0.8,0.2654,0.2563,0.2743
glicko2_floor,topics,G5,r4b_chance_0.8_up,0.2341,0.2221,0.2458
glicko2_floor,topics,G5,r3_reachable,0.9274,0.9152,0.9385
glicko2_floor,topics,G5,r8_topic_rank_6_20,50.8267,49.5867,52.0533
glicko2_floor,topics,G5,r8_topic_rank_150_200,8.4843,8.0745,8.8882
glicko2_floor,topics,G5,r9_kept_up_6_50,-0.0297,-0.0361,-0.0232
glicko2_floor,topics,G5,r9_kept_up_101_200,0.0050,0.0020,0.0080
glicko2_floor,topics,G5,r10_shown,2.7060,2.5000,2.9200
glicko2_floor,topics,G5,r2_ece,0.0096,0.0062,0.0130
glicko2_floor,topics,G5,r4b_3,0.3526,0.3349,0.3708
glicko2_floor,topics,G5,r4b_5,0.3594,0.3417,0.3774
glicko2_floor,topics,G5,r4b_10,0.3732,0.3549,0.3916
glicko2_floor,topics,G5,r4b_20,0.3811,0.3627,0.3994
glicko2_floor,topics,G5,r4b_50,0.3930,0.3729,0.4152
glicko2_floor,topics,G5,r8_move_p95_6_20,324.0000,324.0000,324.0000
glicko2_floor,topics,G5,r8_move_p95_150_200,42.0000,41.0000,43.0000
glicko2_floor,topics,G5,r9_kept_up_later_less_earlier,0.0347,0.0290,0.0410
glicko2_floor,topics,G5,r10_taken_back_5,0.1766,0.1400,0.2179
glicko2_floor,topics,G5,r10_taken_back_10,0.3459,0.2893,0.4103
glicko2_floor,topics,G6,r1_rms_5,1.1531,1.1239,1.1826
glicko2_floor,topics,G6,r1_mean_5,-0.1001,-0.1521,-0.0496
glicko2_floor,topics,G6,r1_rms_10,1.1696,1.1439,1.1967
glicko2_floor,topics,G6,r1_mean_10,-0.1029,-0.1506,-0.0532
glicko2_floor,topics,G6,r1_rms_20,1.1666,1.1417,1.1902
glicko2_floor,topics,G6,r1_mean_20,-0.1312,-0.1728,-0.0873
glicko2_floor,topics,G6,r1_rms_50,1.0931,1.0684,1.1194
glicko2_floor,topics,G6,r1_mean_50,-0.2314,-0.2729,-0.1921
glicko2_floor,topics,G6,r1_rms_100,1.0259,0.9987,1.0536
glicko2_floor,topics,G6,r1_mean_100,-0.2786,-0.3161,-0.2420
glicko2_floor,topics,G6,r1_rms_200,0.9954,0.9688,1.0232
glicko2_floor,topics,G6,r1_mean_200,-0.2861,-0.3256,-0.2455
glicko2_floor,topics,G6,r2_brier,0.1775,0.1754,0.1796
glicko2_floor,topics,G6,r2_bias,0.0127,0.0091,0.0161
glicko2_floor,topics,G6,r3_inside,0.3900,0.3777,0.4025
glicko2_floor,topics,G6,r3_below_0.5,0.0637,0.0592,0.0685
glicko2_floor,topics,G6,r3_above_0.95,0.1166,0.1081,0.1256
glicko2_floor,topics,G6,r4_false,0.1404,0.1284,0.1530
glicko2_floor,topics,G6,r4_false_0.70,0.0604,0.0539,0.0676
glicko2_floor,topics,G6,r4_below,0.6246,0.6076,0.6404
glicko2_floor,topics,G6,r4_false_at_task,0.1652,0.1475,0.1844
glicko2_floor,topics,G6,r4_declared,8.7390,8.3150,9.1650
glicko2_floor,topics,G6,r5_late_answers,5.0883,4.9165,5.2717
glicko2_floor,topics,G6,r5_never,0.1327,0.1230,0.1424
glicko2_floor,topics,G6,r6_lag,-0.2388,-0.2806,-0.2011
glicko2_floor,topics,G6,r7_longest_wrong,1.6160,1.5470,1.6850
glicko2_floor,topics,G6,r7_hard_first,0.1009,0.0897,0.1118
glicko2_floor,topics,G6,r4b_chance_below_0.5,0.1228,0.1118,0.1348
glicko2_floor,topics,G6,r4b_chance_0.5_to_0.6,0.1310,0.1229,0.1394
glicko2_floor,topics,G6,r4b_chance_0.6_to_0.7,0.2423,0.2315,0.2540
glicko2_floor,topics,G6,r4b_chance_0.7_to_0.8,0.2937,0.2810,0.3062
glicko2_floor,topics,G6,r4b_chance_0.8_up,0.2102,0.1980,0.2215
glicko2_floor,topics,G6,r3_reachable,0.7946,0.7774,0.8119
glicko2_floor,topics,G6,r8_topic_rank_6_20,51.1600,49.8933,52.3800
glicko2_floor,topics,G6,r8_topic_rank_150_200,8.1784,7.7902,8.5608
glicko2_floor,topics,G6,r9_kept_up_6_50,-0.0288,-0.0351,-0.0224
glicko2_floor,topics,G6,r9_kept_up_101_200,-0.0028,-0.0059,0.0002
glicko2_floor,topics,G6,r10_shown,2.5250,2.3050,2.7570
glicko2_floor,topics,G6,r2_ece,0.0133,0.0098,0.0167
glicko2_floor,topics,G6,r4b_3,0.3624,0.3457,0.3795
glicko2_floor,topics,G6,r4b_5,0.3730,0.3554,0.3908
glicko2_floor,topics,G6,r4b_10,0.3883,0.3721,0.4061
glicko2_floor,topics,G6,r4b_20,0.3940,0.3773,0.4114
glicko2_floor,topics,G6,r4b_50,0.4047,0.3848,0.4234
glicko2_floor,topics,G6,r8_move_p95_6_20,324.0000,324.0000,324.0000
glicko2_floor,topics,G6,r8_move_p95_150_200,42.0000,41.0000,43.0000
glicko2_floor,topics,G6,r9_kept_up_later_less_earlier,0.0261,0.0202,0.0317
glicko2_floor,topics,G6,r10_taken_back_5,0.1264,0.0958,0.1627
glicko2_floor,topics,G6,r10_taken_back_10,0.3123,0.2410,0.3828
glicko2_floor,topics,G7,r1_rms_5,1.1513,1.1239,1.1794
glicko2_floor,topics,G7,r1_mean_5,-0.0796,-0.1313,-0.0307
glicko2_floor,topics,G7,r1_rms_10,1.1553,1.1324,1.1787
glicko2_floor,topics,G7,r1_mean_10,-0.1025,-0.1444,-0.0564
glicko2_floor,topics,G7,r1_rms_20,1.1619,1.1424,1.1815
glicko2_floor,topics,G7,r1_mean_20,-0.1436,-0.1838,-0.1010
glicko2_floor,topics,G7,r1_rms_50,1.0857,1.0684,1.1027
glicko2_floor,topics,G7,r1_mean_50,-0.2528,-0.2828,-0.2196
glicko2_floor,topics,G7,r1_rms_100,0.9809,0.9645,0.9976
glicko2_floor,topics,G7,r1_mean_100,-0.3081,-0.3359,-0.2819
glicko2_floor,topics,G7,r1_rms_200,0.9253,0.9079,0.9425
glicko2_floor,topics,G7,r1_mean_200,-0.3044,-0.3293,-0.2786
glicko2_floor,topics,G7,r2_brier,0.1761,0.1743,0.1778
glicko2_floor,topics,G7,r2_bias,0.0107,0.0078,0.0136
glicko2_floor,topics,G7,r3_inside,0.3977,0.3923,0.4026
glicko2_floor,topics,G7,r3_below_0.5,0.0561,0.0523,0.0605
glicko2_floor,topics,G7,r3_above_0.95,0.0448,0.0413,0.0484
glicko2_floor,topics,G7,r4_false,0.0995,0.0914,0.1075
glicko2_floor,topics,G7,r4_false_0.70,0.0459,0.0408,0.0510
glicko2_floor,topics,G7,r4_below,0.6301,0.6149,0.6446
glicko2_floor,topics,G7,r4_false_at_task,0.1214,0.1074,0.1363
glicko2_floor,topics,G7,r4_declared,8.7720,8.3760,9.2020
glicko2_floor,topics,G7,r5_late_answers,5.3113,5.1133,5.5116
glicko2_floor,topics,G7,r5_never,0.1405,0.1315,0.1498
glicko2_floor,topics,G7,r6_lag,-0.1904,-0.2140,-0.1669
glicko2_floor,topics,G7,r7_longest_wrong,1.6980,1.6280,1.7730
glicko2_floor,topics,G7,r7_hard_first,0.1250,0.1128,0.1377
glicko2_floor,topics,G7,r4b_chance_below_0.5,0.1166,0.1066,0.1280
glicko2_floor,topics,G7,r4b_chance_0.5_to_0.6,0.1327,0.1278,0.1379
glicko2_floor,topics,G7,r4b_chance_0.6_to_0.7,0.2217,0.2158,0.2276
glicko2_floor,topics,G7,r4b_chance_0.7_to_0.8,0.2745,0.2671,0.2814
glicko2_floor,topics,G7,r4b_chance_0.8_up,0.2544,0.2441,0.2652
glicko2_floor,topics,G7,r3_reachable,0.9466,0.9377,0.9545
glicko2_floor,topics,G7,r8_topic_rank_6_20,52.2600,51.0333,53.5533
glicko2_floor,topics,G7,r8_topic_rank_150_200,8.1431,7.7569,8.5412
glicko2_floor,topics,G7,r9_kept_up_6_50,-0.0352,-0.0413,-0.0292
glicko2_floor,topics,G7,r9_kept_up_101_200,0.0036,0.0009,0.0063
glicko2_floor,topics,G7,r10_shown,2.3930,2.2010,2.5890
glicko2_floor,topics,G7,r2_ece,0.0110,0.0079,0.0141
glicko2_floor,topics,G7,r4b_3,0.3533,0.3367,0.3694
glicko2_floor,topics,G7,r4b_5,0.3623,0.3468,0.3782
glicko2_floor,topics,G7,r4b_10,0.3775,0.3605,0.3945
glicko2_floor,topics,G7,r4b_20,0.3871,0.3693,0.4037
glicko2_floor,topics,G7,r4b_50,0.4003,0.3804,0.4195
glicko2_floor,topics,G7,r8_move_p95_6_20,324.0000,324.0000,324.0000
glicko2_floor,topics,G7,r8_move_p95_150_200,40.0000,39.0000,41.0000
glicko2_floor,topics,G7,r9_kept_up_later_less_earlier,0.0388,0.0329,0.0448
glicko2_floor,topics,G7,r10_taken_back_5,0.1759,0.1352,0.2238
glicko2_floor,topics,G7,r10_taken_back_10,0.3937,0.3219,0.4688
glicko2_floor,topics,G8,r1_rms_5,1.1658,1.1373,1.1925
glicko2_floor,topics,G8,r1_mean_5,-0.0880,-0.1377,-0.0353
glicko2_floor,topics,G8,r1_rms_10,1.1669,1.1441,1.1908
glicko2_floor,topics,G8,r1_mean_10,-0.0973,-0.1456,-0.0490
glicko2_floor,topics,G8,r1_rms_20,1.1670,1.1475,1.1879
glicko2_floor,topics,G8,r1_mean_20,-0.1288,-0.1731,-0.0883
glicko2_floor,topics,G8,r1_rms_50,1.0701,1.0524,1.0868
glicko2_floor,topics,G8,r1_mean_50,-0.2341,-0.2676,-0.2039
glicko2_floor,topics,G8,r1_rms_100,0.9549,0.9385,0.9721
glicko2_floor,topics,G8,r1_mean_100,-0.2826,-0.3061,-0.2598
glicko2_floor,topics,G8,r1_rms_200,0.8910,0.8751,0.9085
glicko2_floor,topics,G8,r1_mean_200,-0.2672,-0.2877,-0.2465
glicko2_floor,topics,G8,r2_brier,0.1736,0.1718,0.1754
glicko2_floor,topics,G8,r2_bias,0.0062,0.0031,0.0093
glicko2_floor,topics,G8,r3_inside,0.3938,0.3890,0.3988
glicko2_floor,topics,G8,r3_below_0.5,0.0506,0.0470,0.0544
glicko2_floor,topics,G8,r3_above_0.95,0.0496,0.0461,0.0533
glicko2_floor,topics,G8,r4_false,0.0946,0.0877,0.1021
glicko2_floor,topics,G8,r4_false_0.70,0.0435,0.0389,0.0484
glicko2_floor,topics,G8,r4_below,0.5888,0.5740,0.6045
glicko2_floor,topics,G8,r4_false_at_task,0.1211,0.1079,0.1348
glicko2_floor,topics,G8,r4_declared,8.6750,8.2620,9.0750
glicko2_floor,topics,G8,r5_late_answers,5.5802,5.3972,5.7784
glicko2_floor,topics,G8,r5_never,0.1639,0.1545,0.1730
glicko2_floor,topics,G8,r6_lag,-0.1575,-0.1772,-0.1387
glicko2_floor,topics,G8,r7_longest_wrong,1.5830,1.5230,1.6440
glicko2_floor,topics,G8,r7_hard_first,0.1051,0.0939,0.1172
glicko2_floor,topics,G8,r4b_chance_below_0.5,0.1076,0.1000,0.1156
glicko2_floor,topics,G8,r4b_chance_0.5_to_0.6,0.1362,0.1310,0.1419
glicko2_floor,topics,G8,r4b_chance_0.6_to_0.7,0.2243,0.2187,0.2295
glicko2_floor,topics,G8,r4b_chance_0.7_to_0.8,0.2743,0.2678,0.2808
glicko2_floor,topics,G8,r4b_chance_0.8_up,0.2576,0.2471,0.2682
glicko2_floor,topics,G8,r3_reachable,0.9504,0.9418,0.9585
glicko2_floor,topics,G8,r8_topic_rank_6_20,50.3733,49.0867,51.6733
glicko2_floor,topics,G8,r8_topic_rank_150_200,8.4176,8.0373,8.8059
glicko2_floor,topics,G8,r9_kept_up_6_50,-0.0278,-0.0342,-0.0215
glicko2_floor,topics,G8,r9_kept_up_101_200,0.0073,0.0043,0.0105
glicko2_floor,topics,G8,r10_shown,2.8990,2.6860,3.1070
glicko2_floor,topics,G8,r2_ece,0.0066,0.0036,0.0097
glicko2_floor,topics,G8,r4b_3,0.3076,0.2910,0.3230
glicko2_floor,topics,G8,r4b_5,0.3195,0.3025,0.3358
glicko2_floor,topics,G8,r4b_10,0.3349,0.3187,0.3503
glicko2_floor,topics,G8,r4b_20,0.3452,0.3277,0.3623
glicko2_floor,topics,G8,r4b_50,0.3652,0.3450,0.3876
glicko2_floor,topics,G8,r8_move_p95_6_20,324.0000,324.0000,324.0000
glicko2_floor,topics,G8,r8_move_p95_150_200,42.0000,41.0000,43.0000
glicko2_floor,topics,G8,r9_kept_up_later_less_earlier,0.0351,0.0290,0.0413
glicko2_floor,topics,G8,r10_taken_back_5,0.1419,0.1119,0.1755
glicko2_floor,topics,G8,r10_taken_back_10,0.2793,0.2254,0.3404
glicko2_floor,topics,G0-exact,r1_rms_5,1.1755,1.1489,1.2027
glicko2_floor,topics,G0-exact,r1_mean_5,-0.1392,-0.1918,-0.0892
glicko2_floor,topics,G0-exact,r1_rms_10,1.1643,1.1415,1.1867
glicko2_floor,topics,G0-exact,r1_mean_10,-0.1201,-0.1679,-0.0732
glicko2_floor,topics,G0-exact,r1_rms_20,1.1554,1.1353,1.1756
glicko2_floor,topics,G0-exact,r1_mean_20,-0.1329,-0.1754,-0.0906
glicko2_floor,topics,G0-exact,r1_rms_50,1.0538,1.0362,1.0712
glicko2_floor,topics,G0-exact,r1_mean_50,-0.2047,-0.2353,-0.1754
glicko2_floor,topics,G0-exact,r1_rms_100,0.9411,0.9245,0.9581
glicko2_floor,topics,G0-exact,r1_mean_100,-0.2418,-0.2658,-0.2185
glicko2_floor,topics,G0-exact,r1_rms_200,0.8786,0.8607,0.8962
glicko2_floor,topics,G0-exact,r1_mean_200,-0.2286,-0.2494,-0.2084
glicko2_floor,topics,G0-exact,r2_brier,0.1726,0.1708,0.1745
glicko2_floor,topics,G0-exact,r2_bias,0.0040,0.0008,0.0070
glicko2_floor,topics,G0-exact,r3_inside,0.4987,0.4884,0.5097
glicko2_floor,topics,G0-exact,r3_below_0.5,0.0326,0.0295,0.0358
glicko2_floor,topics,G0-exact,r3_above_0.95,0.0283,0.0253,0.0318
glicko2_floor,topics,G0-exact,r4_false,0.0963,0.0887,0.1039
glicko2_floor,topics,G0-exact,r4_false_0.70,0.0440,0.0393,0.0492
glicko2_floor,topics,G0-exact,r4_below,0.6244,0.6095,0.6406
glicko2_floor,topics,G0-exact,r4_false_at_task,0.1228,0.1092,0.1371
glicko2_floor,topics,G0-exact,r4_declared,9.2150,8.7840,9.6060
glicko2_floor,topics,G0-exact,r5_late_answers,5.2711,5.0836,5.4754
glicko2_floor,topics,G0-exact,r5_never,0.1400,0.1319,0.1482
glicko2_floor,topics,G0-exact,r6_lag,-0.1068,-0.1257,-0.0883
glicko2_floor,topics,G0-exact,r7_longest_wrong,1.5490,1.4900,1.6100
glicko2_floor,topics,G0-exact,r7_hard_first,0.0842,0.0733,0.0959
glicko2_floor,topics,G0-exact,r4b_chance_below_0.5,0.0665,0.0602,0.0730
glicko2_floor,topics,G0-exact,r4b_chance_0.5_to_0.6,0.1087,0.1006,0.1171
glicko2_floor,topics,G0-exact,r4b_chance_0.6_to_0.7,0.2660,0.2503,0.2826
glicko2_floor,topics,G0-exact,r4b_chance_0.7_to_0.8,0.3796,0.3603,0.3972
glicko2_floor,topics,G0-exact,r4b_chance_0.8_up,0.1792,0.1653,0.1942
glicko2_floor,topics,G0-exact,r3_reachable,0.9542,0.9466,0.9622
glicko2_floor,topics,G0-exact,r8_topic_rank_6_20,49.7200,48.4800,50.9733
glicko2_floor,topics,G0-exact,r8_topic_rank_150_200,8.4569,8.0451,8.8373
glicko2_floor,topics,G0-exact,r9_kept_up_6_50,-0.0173,-0.0233,-0.0111
glicko2_floor,topics,G0-exact,r9_kept_up_101_200,0.0059,0.0031,0.0086
glicko2_floor,topics,G0-exact,r10_shown,2.6750,2.4700,2.8910
glicko2_floor,topics,G0-exact,r2_ece,0.0045,0.0027,0.0078
glicko2_floor,topics,G0-exact,r4b_3,0.3632,0.3474,0.3799
glicko2_floor,topics,G0-exact,r4b_5,0.3728,0.3572,0.3887
glicko2_floor,topics,G0-exact,r4b_10,0.3863,0.3697,0.4037
glicko2_floor,topics,G0-exact,r4b_20,0.3949,0.3781,0.4119
glicko2_floor,topics,G0-exact,r4b_50,0.4093,0.3893,0.4291
glicko2_floor,topics,G0-exact,r8_move_p95_6_20,324.0000,324.0000,324.0000
glicko2_floor,topics,G0-exact,r8_move_p95_150_200,41.0000,40.0000,42.0000
glicko2_floor,topics,G0-exact,r9_kept_up_later_less_earlier,0.0232,0.0177,0.0291
glicko2_floor,topics,G0-exact,r10_taken_back_5,0.1579,0.1217,0.1954
glicko2_floor,topics,G0-exact,r10_taken_back_10,0.3289,0.2627,0.3956
glicko2_floor,topics,G0-miss0.25,r1_rms_5,1.1398,1.1120,1.1686
glicko2_floor,topics,G0-miss0.25,r1_mean_5,0.0090,-0.0409,0.0601
glicko2_floor,topics,G0-miss0.25,r1_rms_10,1.1552,1.1320,1.1766
glicko2_floor,topics,G0-miss0.25,r1_mean_10,-0.0036,-0.0470,0.0408
glicko2_floor,topics,G0-miss0.25,r1_rms_20,1.1390,1.1203,1.1591
glicko2_floor,topics,G0-miss0.25,r1_mean_20,-0.0441,-0.0857,-0.0049
glicko2_floor,topics,G0-miss0.25,r1_rms_50,1.0336,1.0162,1.0490
glicko2_floor,topics,G0-miss0.25,r1_mean_50,-0.1506,-0.1800,-0.1214
glicko2_floor,topics,G0-miss0.25,r1_rms_100,0.9241,0.9080,0.9403
glicko2_floor,topics,G0-miss0.25,r1_mean_100,-0.2022,-0.2246,-0.1790
glicko2_floor,topics,G0-miss0.25,r1_rms_200,0.8661,0.8492,0.8819
glicko2_floor,topics,G0-miss0.25,r1_mean_200,-0.1972,-0.2179,-0.1768
glicko2_floor,topics,G0-miss0.25,r2_brier,0.1751,0.1734,0.1768
glicko2_floor,topics,G0-miss0.25,r2_bias,0.0084,0.0055,0.0115
glicko2_floor,topics,G0-miss0.25,r3_inside,0.4716,0.4642,0.4793
glicko2_floor,topics,G0-miss0.25,r3_below_0.5,0.0413,0.0380,0.0447
glicko2_floor,topics,G0-miss0.25,r3_above_0.95,0.0271,0.0244,0.0300
glicko2_floor,topics,G0-miss0.25,r4_false,0.1097,0.1018,0.1183
glicko2_floor,topics,G0-miss0.25,r4_false_0.70,0.0493,0.0445,0.0545
glicko2_floor,topics,G0-miss0.25,r4_below,0.6296,0.6155,0.6442
glicko2_floor,topics,G0-miss0.25,r4_false_at_task,0.1337,0.1188,0.1492
glicko2_floor,topics,G0-miss0.25,r4_declared,8.7850,8.4050,9.1880
glicko2_floor,topics,G0-miss0.25,r5_late_answers,5.1248,4.9428,5.3149
glicko2_floor,topics,G0-miss0.25,r5_never,0.1449,0.1367,0.1538
glicko2_floor,topics,G0-miss0.25,r6_lag,-0.0958,-0.1128,-0.0780
glicko2_floor,topics,G0-miss0.25,r7_longest_wrong,1.5970,1.5370,1.6610
glicko2_floor,topics,G0-miss0.25,r7_hard_first,0.1005,0.0887,0.1132
glicko2_floor,topics,G0-miss0.25,r4b_chance_below_0.5,0.0816,0.0739,0.0896
glicko2_floor,topics,G0-miss0.25,r4b_chance_0.5_to_0.6,0.1184,0.1117,0.1249
glicko2_floor,topics,G0-miss0.25,r4b_chance_0.6_to_0.7,0.2529,0.2439,0.2623
glicko2_floor,topics,G0-miss0.25,r4b_chance_0.7_to_0.8,0.3428,0.3321,0.3538
glicko2_floor,topics,G0-miss0.25,r4b_chance_0.8_up,0.2042,0.1934,0.2156
glicko2_floor,topics,G0-miss0.25,r3_reachable,0.9491,0.9412,0.9574
glicko2_floor,topics,G0-miss0.25,r8_topic_rank_6_20,52.2200,50.9333,53.5200
glicko2_floor,topics,G0-miss0.25,r8_topic_rank_150_200,8.2098,7.8059,8.6118
glicko2_floor,topics,G0-miss0.25,r9_kept_up_6_50,-0.0311,-0.0374,-0.0250
glicko2_floor,topics,G0-miss0.25,r9_kept_up_101_200,0.0050,0.0023,0.0076
glicko2_floor,topics,G0-miss0.25,r10_shown,2.4820,2.2800,2.6740
glicko2_floor,topics,G0-miss0.25,r2_ece,0.0089,0.0060,0.0118
glicko2_floor,topics,G0-miss0.25,r4b_3,0.3654,0.3486,0.3811
glicko2_floor,topics,G0-miss0.25,r4b_5,0.3712,0.3548,0.3872
glicko2_floor,topics,G0-miss0.25,r4b_10,0.3832,0.3672,0.3992
glicko2_floor,topics,G0-miss0.25,r4b_20,0.3898,0.3733,0.4072
glicko2_floor,topics,G0-miss0.25,r4b_50,0.4067,0.3882,0.4267
glicko2_floor,topics,G0-miss0.25,r8_move_p95_6_20,324.0000,324.0000,324.0000
glicko2_floor,topics,G0-miss0.25,r8_move_p95_150_200,41.0000,40.0000,41.0000
glicko2_floor,topics,G0-miss0.25,r9_kept_up_later_less_earlier,0.0361,0.0304,0.0421
glicko2_floor,topics,G0-miss0.25,r10_taken_back_5,0.1972,0.1519,0.2446
glicko2_floor,topics,G0-miss0.25,r10_taken_back_10,0.3461,0.2726,0.4215
glicko2_floor,topics,G0-miss1,r1_rms_5,1.2016,1.1728,1.2302
glicko2_floor,topics,G0-miss1,r1_mean_5,-0.1291,-0.1856,-0.0744
glicko2_floor,topics,G0-miss1,r1_rms_10,1.2151,1.1922,1.2390
glicko2_floor,topics,G0-miss1,r1_mean_10,-0.1301,-0.1809,-0.0797
glicko2_floor,topics,G0-miss1,r1_rms_20,1.2030,1.1826,1.2230
glicko2_floor,topics,G0-miss1,r1_mean_20,-0.1643,-0.2076,-0.1203
glicko2_floor,topics,G0-miss1,r1_rms_50,1.1149,1.0972,1.1329
glicko2_floor,topics,G0-miss1,r1_mean_50,-0.2715,-0.3034,-0.2399
glicko2_floor,topics,G0-miss1,r1_rms_100,1.0112,0.9940,1.0288
glicko2_floor,topics,G0-miss1,r1_mean_100,-0.3309,-0.3561,-0.3064
glicko2_floor,topics,G0-miss1,r1_rms_200,0.9523,0.9354,0.9697
glicko2_floor,topics,G0-miss1,r1_mean_200,-0.3266,-0.3496,-0.3032
glicko2_floor,topics,G0-miss1,r2_brier,0.1759,0.1741,0.1777
glicko2_floor,topics,G0-miss1,r2_bias,0.0096,0.0067,0.0126
glicko2_floor,topics,G0-miss1,r3_inside,0.2831,0.2803,0.2858
glicko2_floor,topics,G0-miss1,r3_below_0.5,0.0984,0.0944,0.1024
glicko2_floor,topics,G0-miss1,r3_above_0.95,0.1235,0.1189,0.1285
glicko2_floor,topics,G0-miss1,r4_false,0.0982,0.0906,0.1063
glicko2_floor,topics,G0-miss1,r4_false_0.70,0.0460,0.0412,0.0513
glicko2_floor,topics,G0-miss1,r4_below,0.6175,0.6030,0.6316
glicko2_floor,topics,G0-miss1,r4_false_at_task,0.1210,0.1077,0.1351
glicko2_floor,topics,G0-miss1,r4_declared,8.9880,8.5880,9.3990
glicko2_floor,topics,G0-miss1,r5_late_answers,5.2386,5.0508,5.4348
glicko2_floor,topics,G0-miss1,r5_never,0.1725,0.1627,0.1821
glicko2_floor,topics,G0-miss1,r6_lag,-0.2619,-0.2830,-0.2405
glicko2_floor,topics,G0-miss1,r7_longest_wrong,1.6190,1.5610,1.6800
glicko2_floor,topics,G0-miss1,r7_hard_first,0.1450,0.1334,0.1567
glicko2_floor,topics,G0-miss1,r4b_chance_below_0.5,0.1757,0.1687,0.1832
glicko2_floor,topics,G0-miss1,r4b_chance_0.5_to_0.6,0.1253,0.1217,0.1290
glicko2_floor,topics,G0-miss1,r4b_chance_0.6_to_0.7,0.1537,0.1501,0.1574
glicko2_floor,topics,G0-miss1,r4b_chance_0.7_to_0.8,0.1876,0.1837,0.1915
glicko2_floor,topics,G0-miss1,r4b_chance_0.8_up,0.3576,0.3491,0.3662
glicko2_floor,topics,G0-miss1,r3_reachable,0.9564,0.9487,0.9634
glicko2_floor,topics,G0-miss1,r8_topic_rank_6_20,51.5867,50.3400,52.8400
glicko2_floor,topics,G0-miss1,r8_topic_rank_150_200,8.4627,8.0529,8.8706
glicko2_floor,topics,G0-miss1,r9_kept_up_6_50,-0.0307,-0.0371,-0.0250
glicko2_floor,topics,G0-miss1,r9_kept_up_101_200,0.0042,0.0016,0.0071
glicko2_floor,topics,G0-miss1,r10_shown,2.6210,2.4050,2.8370
glicko2_floor,topics,G0-miss1,r2_ece,0.0100,0.0070,0.0131
glicko2_floor,topics,G0-miss1,r4b_3,0.3732,0.3568,0.3892
glicko2_floor,topics,G0-miss1,r4b_5,0.3811,0.3649,0.3971
glicko2_floor,topics,G0-miss1,r4b_10,0.3938,0.3774,0.4101
glicko2_floor,topics,G0-miss1,r4b_20,0.3979,0.3812,0.4143
glicko2_floor,topics,G0-miss1,r4b_50,0.4068,0.3890,0.4250
glicko2_floor,topics,G0-miss1,r8_move_p95_6_20,324.0000,324.0000,324.0000
glicko2_floor,topics,G0-miss1,r8_move_p95_150_200,41.0000,40.0000,42.0000
glicko2_floor,topics,G0-miss1,r9_kept_up_later_less_earlier,0.0350,0.0294,0.0405
glicko2_floor,topics,G0-miss1,r10_taken_back_5,0.2033,0.1556,0.2569
glicko2_floor,topics,G0-miss1,r10_taken_back_10,0.4054,0.3325,0.4846
glicko2_floor,topics,G2-half,r1_rms_5,1.1473,1.1190,1.1745
glicko2_floor,topics,G2-half,r1_mean_5,-0.1169,-0.1691,-0.0627
glicko2_floor,topics,G2-half,r1_rms_10,1.1557,1.1334,1.1796
glicko2_floor,topics,G2-half,r1_mean_10,-0.1407,-0.1876,-0.0966
glicko2_floor,topics,G2-half,r1_rms_20,1.1624,1.1429,1.1819
glicko2_floor,topics,G2-half,r1_mean_20,-0.1932,-0.2353,-0.1515
glicko2_floor,topics,G2-half,r1_rms_50,1.1123,1.0937,1.1300
glicko2_floor,topics,G2-half,r1_mean_50,-0.4016,-0.4319,-0.3703
glicko2_floor,topics,G2-half,r1_rms_100,1.1183,1.0991,1.1370
glicko2_floor,topics,G2-half,r1_mean_100,-0.6385,-0.6635,-0.6131
glicko2_floor,topics,G2-half,r1_rms_200,1.3199,1.2982,1.3414
glicko2_floor,topics,G2-half,r1_mean_200,-0.9945,-1.0156,-0.9725
glicko2_floor,topics,G2-half,r2_brier,0.1480,0.1464,0.1495
glicko2_floor,topics,G2-half,r2_bias,-0.0407,-0.0435,-0.0379
glicko2_floor,topics,G2-half,r3_inside,0.3247,0.3193,0.3299
glicko2_floor,topics,G2-half,r3_below_0.5,0.0332,0.0306,0.0359
glicko2_floor,topics,G2-half,r3_above_0.95,0.0946,0.0894,0.1001
glicko2_floor,topics,G2-half,r4_false,0.0650,0.0596,0.0707
glicko2_floor,topics,G2-half,r4_false_0.70,0.0280,0.0246,0.0316
glicko2_floor,topics,G2-half,r4_below,0.6488,0.6331,0.6650
glicko2_floor,topics,G2-half,r4_false_at_task,0.0886,0.0770,0.1005
glicko2_floor,topics,G2-half,r4_declared,10.3500,9.9700,10.7340
glicko2_floor,topics,G2-half,r5_late_answers,7.3823,7.1337,7.6384
glicko2_floor,topics,G2-half,r5_never,0.2237,0.2148,0.2329
glicko2_floor,topics,G2-half,r6_lag,-0.6844,-0.7048,-0.6622
glicko2_floor,topics,G2-half,r7_longest_wrong,1.5410,1.4810,1.6050
glicko2_floor,topics,G2-half,r7_hard_first,0.1091,0.0975,0.1214
glicko2_floor,topics,G2-half,r4b_chance_below_0.5,0.0949,0.0888,0.1006
glicko2_floor,topics,G2-half,r4b_chance_0.5_to_0.6,0.1090,0.1046,0.1137
glicko2_floor,topics,G2-half,r4b_chance_0.6_to_0.7,0.1849,0.1786,0.1907
glicko2_floor,topics,G2-half,r4b_chance_0.7_to_0.8,0.2604,0.2544,0.2665
glicko2_floor,topics,G2-half,r4b_chance_0.8_up,0.3508,0.3396,0.3624
glicko2_floor,topics,G2-half,r3_reachable,0.9696,0.9666,0.9724
glicko2_floor,topics,G2-half,r8_topic_rank_6_20,50.4933,49.2400,51.7667
glicko2_floor,topics,G2-half,r8_topic_rank_150_200,7.9373,7.5784,8.2843
glicko2_floor,topics,G2-half,r9_kept_up_6_50,-0.0072,-0.0131,-0.0009
glicko2_floor,topics,G2-half,r9_kept_up_101_200,0.0734,0.0709,0.0758
glicko2_floor,topics,G2-half,r10_shown,2.7770,2.5520,3.0160
glicko2_floor,topics,G2-half,r2_ece,0.0412,0.0387,0.0437
glicko2_floor,topics,G2-half,r4b_3,0.3823,0.3658,0.3984
glicko2_floor,topics,G2-half,r4b_5,0.3897,0.3732,0.4065
glicko2_floor,topics,G2-half,r4b_10,0.4100,0.3933,0.4272
glicko2_floor,topics,G2-half,r4b_20,0.4174,0.3990,0.4352
glicko2_floor,topics,G2-half,r4b_50,0.4174,0.3999,0.4357
glicko2_floor,topics,G2-half,r8_move_p95_6_20,324.0000,324.0000,324.0000
glicko2_floor,topics,G2-half,r8_move_p95_150_200,37.0000,36.0000,39.0000
glicko2_floor,topics,G2-half,r9_kept_up_later_less_earlier,0.0806,0.0750,0.0864
glicko2_floor,topics,G2-half,r10_taken_back_5,0.0769,0.0525,0.1016
glicko2_floor,topics,G2-half,r10_taken_back_10,0.1534,0.1146,0.1954
glicko2_floor,topics,G2-fading,r1_rms_5,1.1671,1.1388,1.1951
glicko2_floor,topics,G2-fading,r1_mean_5,-0.1001,-0.1516,-0.0499
glicko2_floor,topics,G2-fading,r1_rms_10,1.1756,1.1521,1.1982
glicko2_floor,topics,G2-fading,r1_mean_10,-0.1528,-0.1994,-0.1055
glicko2_floor,topics,G2-fading,r1_rms_20,1.1794,1.1598,1.1982
glicko2_floor,topics,G2-fading,r1_mean_20,-0.2474,-0.2899,-0.2077
glicko2_floor,topics,G2-fading,r1_rms_50,1.1455,1.1267,1.1633
glicko2_floor,topics,G2-fading,r1_mean_50,-0.4730,-0.5018,-0.4427
glicko2_floor,topics,G2-fading,r1_rms_100,1.1279,1.1085,1.1481
glicko2_floor,topics,G2-fading,r1_mean_100,-0.6373,-0.6602,-0.6133
glicko2_floor,topics,G2-fading,r1_rms_200,1.1658,1.1454,1.1864
glicko2_floor,topics,G2-fading,r1_mean_200,-0.7607,-0.7803,-0.7397
glicko2_floor,topics,G2-fading,r2_brier,0.1530,0.1514,0.1548
glicko2_floor,topics,G2-fading,r2_bias,-0.0315,-0.0346,-0.0286
glicko2_floor,topics,G2-fading,r3_inside,0.3539,0.3480,0.3597
glicko2_floor,topics,G2-fading,r3_below_0.5,0.0320,0.0296,0.0343
glicko2_floor,topics,G2-fading,r3_above_0.95,0.0836,0.0783,0.0892
glicko2_floor,topics,G2-fading,r4_false,0.0634,0.0580,0.0690
glicko2_floor,topics,G2-fading,r4_false_0.70,0.0284,0.0249,0.0322
glicko2_floor,topics,G2-fading,r4_below,0.6346,0.6184,0.6512
glicko2_floor,topics,G2-fading,r4_false_at_task,0.0778,0.0682,0.0884
glicko2_floor,topics,G2-fading,r4_declared,10.0290,9.5940,10.4280
glicko2_floor,topics,G2-fading,r5_late_answers,6.6963,6.4647,6.9420
glicko2_floor,topics,G2-fading,r5_never,0.2020,0.1930,0.2105
glicko2_floor,topics,G2-fading,r6_lag,-0.5224,-0.5430,-0.5020
glicko2_floor,topics,G2-fading,r7_longest_wrong,1.5770,1.5150,1.6410
glicko2_floor,topics,G2-fading,r7_hard_first,0.1011,0.0897,0.1123
glicko2_floor,topics,G2-fading,r4b_chance_below_0.5,0.0830,0.0778,0.0879
glicko2_floor,topics,G2-fading,r4b_chance_0.5_to_0.6,0.1070,0.1025,0.1118
glicko2_floor,topics,G2-fading,r4b_chance_0.6_to_0.7,0.1831,0.1771,0.1893
glicko2_floor,topics,G2-fading,r4b_chance_0.7_to_0.8,0.2758,0.2698,0.2822
glicko2_floor,topics,G2-fading,r4b_chance_0.8_up,0.3511,0.3392,0.3635
glicko2_floor,topics,G2-fading,r3_reachable,0.9679,0.9648,0.9709
glicko2_floor,topics,G2-fading,r8_topic_rank_6_20,50.4133,49.1600,51.6200
glicko2_floor,topics,G2-fading,r8_topic_rank_150_200,8.1941,7.8039,8.5824
glicko2_floor,topics,G2-fading,r9_kept_up_6_50,-0.0060,-0.0120,-0.0001
glicko2_floor,topics,G2-fading,r9_kept_up_101_200,0.0528,0.0501,0.0554
glicko2_floor,topics,G2-fading,r10_shown,2.8330,2.5860,3.0870
glicko2_floor,topics,G2-fading,r2_ece,0.0320,0.0293,0.0346
glicko2_floor,topics,G2-fading,r4b_3,0.3649,0.3481,0.3809
glicko2_floor,topics,G2-fading,r4b_5,0.3718,0.3549,0.3885
glicko2_floor,topics,G2-fading,r4b_10,0.3937,0.3763,0.4104
glicko2_floor,topics,G2-fading,r4b_20,0.4173,0.3979,0.4381
glicko2_floor,topics,G2-fading,r4b_50,0.4342,0.4106,0.4606
glicko2_floor,topics,G2-fading,r8_move_p95_6_20,324.0000,324.0000,324.0000
glicko2_floor,topics,G2-fading,r8_move_p95_150_200,39.0000,38.0000,39.0000
glicko2_floor,topics,G2-fading,r9_kept_up_later_less_earlier,0.0588,0.0535,0.0641
glicko2_floor,topics,G2-fading,r10_taken_back_5,0.1107,0.0849,0.1410
glicko2_floor,topics,G2-fading,r10_taken_back_10,0.2247,0.1812,0.2710
glicko2_floor,topics,G3-drop,r1_rms_5,1.1476,1.1217,1.1751
glicko2_floor,topics,G3-drop,r1_mean_5,-0.0800,-0.1313,-0.0303
glicko2_floor,topics,G3-drop,r1_rms_10,1.1653,1.1421,1.1876
glicko2_floor,topics,G3-drop,r1_mean_10,-0.0919,-0.1382,-0.0446
glicko2_floor,topics,G3-drop,r1_rms_20,1.1563,1.1367,1.1757
glicko2_floor,topics,G3-drop,r1_mean_20,-0.1136,-0.1540,-0.0717
glicko2_floor,topics,G3-drop,r1_rms_50,1.0515,1.0347,1.0687
glicko2_floor,topics,G3-drop,r1_mean_50,-0.1906,-0.2216,-0.1609
glicko2_floor,topics,G3-drop,r1_rms_100,1.0192,1.0017,1.0375
glicko2_floor,topics,G3-drop,r1_mean_100,0.1998,0.1650,0.2355
glicko2_floor,topics,G3-drop,r1_rms_200,0.9803,0.9619,0.9986
glicko2_floor,topics,G3-drop,r1_mean_200,0.4947,0.4728,0.5172
glicko2_floor,topics,G3-drop,r2_brier,0.1965,0.1944,0.1985
glicko2_floor,topics,G3-drop,r2_bias,0.0460,0.0427,0.0492
glicko2_floor,topics,G3-drop,r3_inside,0.3687,0.3636,0.3735
glicko2_floor,topics,G3-drop,r3_below_0.5,0.0957,0.0899,0.1017
glicko2_floor,topics,G3-drop,r3_above_0.95,0.0370,0.0340,0.0400
glicko2_floor,topics,G3-drop,r4_false,0.1319,0.1232,0.1413
glicko2_floor,topics,G3-drop,r4_false_0.70,0.0700,0.0637,0.0764
glicko2_floor,topics,G3-drop,r4_below,0.6209,0.6058,0.6347
glicko2_floor,topics,G3-drop,r4_false_at_task,0.1426,0.1278,0.1580
glicko2_floor,topics,G3-drop,r4_declared,8.7700,8.3430,9.1650
glicko2_floor,topics,G3-drop,r5_late_answers,4.4143,4.2987,4.5433
glicko2_floor,topics,G3-drop,r5_never,0.1973,0.1874,0.2078
glicko2_floor,topics,G3-drop,r6_lag,0.2795,0.2604,0.2992
glicko2_floor,topics,G3-drop,r6_jump_answers,50.2840,47.7700,52.9740
glicko2_floor,topics,G3-drop,r6_jump_unsettled,0.3220,0.2940,0.3520
glicko2_floor,topics,G3-drop,r7_longest_wrong,1.5470,1.4860,1.6070
glicko2_floor,topics,G3-drop,r7_hard_first,0.1097,0.0976,0.1214
glicko2_floor,topics,G3-drop,r4b_chance_below_0.5,0.2016,0.1877,0.2172
glicko2_floor,topics,G3-drop,r4b_chance_0.5_to_0.6,0.1868,0.1813,0.1923
glicko2_floor,topics,G3-drop,r4b_chance_0.6_to_0.7,0.2281,0.2221,0.2343
glicko2_floor,topics,G3-drop,r4b_chance_0.7_to_0.8,0.2250,0.2173,0.2327
glicko2_floor,topics,G3-drop,r4b_chance_0.8_up,0.1585,0.1507,0.1665
glicko2_floor,topics,G3-drop,r3_reachable,0.8952,0.8829,0.9067
glicko2_floor,topics,G3-drop,r8_topic_rank_6_20,50.3867,49.1200,51.5533
glicko2_floor,topics,G3-drop,r8_topic_rank_150_200,8.6373,8.2059,9.1098
glicko2_floor,topics,G3-drop,r9_kept_up_6_50,-0.0231,-0.0292,-0.0165
glicko2_floor,topics,G3-drop,r9_kept_up_101_200,-0.0604,-0.0636,-0.0571
glicko2_floor,topics,G3-drop,r10_shown,2.5730,2.3640,2.7920
glicko2_floor,topics,G3-drop,r2_ece,0.0465,0.0434,0.0500
glicko2_floor,topics,G3-drop,r4b_3,0.3404,0.3234,0.3568
glicko2_floor,topics,G3-drop,r4b_5,0.3469,0.3301,0.3626
glicko2_floor,topics,G3-drop,r4b_10,0.3542,0.3372,0.3714
glicko2_floor,topics,G3-drop,r4b_20,0.3567,0.3395,0.3734
glicko2_floor,topics,G3-drop,r4b_50,0.3567,0.3407,0.3735
glicko2_floor,topics,G3-drop,r8_move_p95_6_20,324.0000,324.0000,324.0000
glicko2_floor,topics,G3-drop,r8_move_p95_150_200,48.0000,46.0000,49.0000
glicko2_floor,topics,G3-drop,r9_kept_up_later_less_earlier,-0.0373,-0.0431,-0.0312
glicko2_floor,topics,G3-drop,r10_taken_back_5,0.3025,0.2564,0.3571
glicko2_floor,topics,G3-drop,r10_taken_back_10,0.5044,0.4300,0.5843
glicko2_floor,topics,G0-start0.5,r1_rms_5,1.0237,1.0034,1.0460
glicko2_floor,topics,G0-start0.5,r1_mean_5,-0.0452,-0.0796,-0.0104
glicko2_floor,topics,G0-start0.5,r1_rms_10,1.0253,1.0088,1.0421
glicko2_floor,topics,G0-start0.5,r1_mean_10,-0.0443,-0.0721,-0.0152
glicko2_floor,topics,G0-start0.5,r1_rms_20,1.0788,1.0645,1.0932
glicko2_floor,topics,G0-start0.5,r1_mean_20,-0.0881,-0.1138,-0.0613
glicko2_floor,topics,G0-start0.5,r1_rms_50,1.0460,1.0326,1.0605
glicko2_floor,topics,G0-start0.5,r1_mean_50,-0.2013,-0.2236,-0.1795
glicko2_floor,topics,G0-start0.5,r1_rms_100,0.9627,0.9492,0.9770
glicko2_floor,topics,G0-start0.5,r1_mean_100,-0.2560,-0.2759,-0.2370
glicko2_floor,topics,G0-start0.5,r1_rms_200,0.9140,0.8992,0.9294
glicko2_floor,topics,G0-start0.5,r1_mean_200,-0.2613,-0.2805,-0.2428
glicko2_floor,topics,G0-start0.5,r2_brier,0.1740,0.1729,0.1751
glicko2_floor,topics,G0-start0.5,r2_bias,0.0083,0.0064,0.0100
glicko2_floor,topics,G0-start0.5,r3_inside,0.4152,0.4112,0.4193
glicko2_floor,topics,G0-start0.5,r3_below_0.5,0.0389,0.0369,0.0407
glicko2_floor,topics,G0-start0.5,r3_above_0.95,0.0383,0.0362,0.0405
glicko2_floor,topics,G0-start0.5,r4_false,0.1111,0.1040,0.1181
glicko2_floor,topics,G0-start0.5,r4_false_0.70,0.0623,0.0574,0.0675
glicko2_floor,topics,G0-start0.5,r4_below,0.6147,0.6026,0.6271
glicko2_floor,topics,G0-start0.5,r4_false_at_task,0.1531,0.1388,0.1679
glicko2_floor,topics,G0-start0.5,r4_declared,8.5260,8.1850,8.8880
glicko2_floor,topics,G0-start0.5,r5_late_answers,4.8608,4.6872,5.0454
glicko2_floor,topics,G0-start0.5,r5_never,0.1196,0.1117,0.1283
glicko2_floor,topics,G0-start0.5,r6_lag,-0.1256,-0.1419,-0.1087
glicko2_floor,topics,G0-start0.5,r7_longest_wrong,1.4840,1.4370,1.5320
glicko2_floor,topics,G0-start0.5,r7_hard_first,0.0444,0.0395,0.0499
glicko2_floor,topics,G0-start0.5,r4b_chance_below_0.5,0.0762,0.0722,0.0804
glicko2_floor,topics,G0-start0.5,r4b_chance_0.5_to_0.6,0.1301,0.1256,0.1347
glicko2_floor,topics,G0-start0.5,r4b_chance_0.6_to_0.7,0.2154,0.2103,0.2203
glicko2_floor,topics,G0-start0.5,r4b_chance_0.7_to_0.8,0.2926,0.2870,0.2979
glicko2_floor,topics,G0-start0.5,r4b_chance_0.8_up,0.2857,0.2769,0.2946
glicko2_floor,topics,G0-start0.5,r3_reachable,0.9694,0.9634,0.9746
glicko2_floor,topics,G0-start0.5,r8_topic_rank_6_20,50.2467,49.0467,51.5600
glicko2_floor,topics,G0-start0.5,r8_topic_rank_150_200,8.1451,7.7137,8.5686
glicko2_floor,topics,G0-start0.5,r9_kept_up_6_50,-0.0259,-0.0301,-0.0217
glicko2_floor,topics,G0-start0.5,r9_kept_up_101_200,0.0016,-0.0007,0.0041
glicko2_floor,topics,G0-start0.5,r10_shown,2.3410,2.1850,2.4910
glicko2_floor,topics,G0-start0.5,r2_ece,0.0083,0.0064,0.0102
glicko2_floor,topics,G0-start0.5,r4b_3,0.3766,0.3616,0.3913
glicko2_floor,topics,G0-start0.5,r4b_5,0.3815,0.3663,0.3966
glicko2_floor,topics,G0-start0.5,r4b_10,0.3929,0.3779,0.4074
glicko2_floor,topics,G0-start0.5,r4b_20,0.4003,0.3856,0.4161
glicko2_floor,topics,G0-start0.5,r4b_50,0.4116,0.3963,0.4283
glicko2_floor,topics,G0-start0.5,r8_move_p95_6_20,324.0000,324.0000,324.0000
glicko2_floor,topics,G0-start0.5,r8_move_p95_150_200,41.0000,40.0000,42.0000
glicko2_floor,topics,G0-start0.5,r9_kept_up_later_less_earlier,0.0275,0.0227,0.0323
glicko2_floor,topics,G0-start0.5,r10_taken_back_5,0.2014,0.1549,0.2475
glicko2_floor,topics,G0-start0.5,r10_taken_back_10,0.3626,0.2897,0.4405
glicko2_floor,topics,G0-start2,r1_rms_5,1.5763,1.5308,1.6264
glicko2_floor,topics,G0-start2,r1_mean_5,-0.1805,-0.2752,-0.0847
glicko2_floor,topics,G0-start2,r1_rms_10,1.5682,1.5203,1.6160
glicko2_floor,topics,G0-start2,r1_mean_10,-0.2027,-0.2925,-0.1104
glicko2_floor,topics,G0-start2,r1_rms_20,1.4773,1.4347,1.5226
glicko2_floor,topics,G0-start2,r1_mean_20,-0.2137,-0.2971,-0.1314
glicko2_floor,topics,G0-start2,r1_rms_50,1.2342,1.2029,1.2681
glicko2_floor,topics,G0-start2,r1_mean_50,-0.2742,-0.3325,-0.2168
glicko2_floor,topics,G0-start2,r1_rms_100,1.0537,1.0269,1.0813
glicko2_floor,topics,G0-start2,r1_mean_100,-0.2835,-0.3280,-0.2374
glicko2_floor,topics,G0-start2,r1_rms_200,0.9411,0.9175,0.9657
glicko2_floor,topics,G0-start2,r1_mean_200,-0.2376,-0.2722,-0.2000
glicko2_floor,topics,G0-start2,r2_brier,0.1725,0.1693,0.1755
glicko2_floor,topics,G0-start2,r2_bias,-0.0007,-0.0058,0.0043
glicko2_floor,topics,G0-start2,r3_inside,0.3368,0.3285,0.3451
glicko2_floor,topics,G0-start2,r3_below_0.5,0.0937,0.0834,0.1049
glicko2_floor,topics,G0-start2,r3_above_0.95,0.0931,0.0839,0.1024
glicko2_floor,topics,G0-start2,r4_false,0.0773,0.0694,0.0859
glicko2_floor,topics,G0-start2,r4_false_0.70,0.0366,0.0319,0.0417
glicko2_floor,topics,G0-start2,r4_below,0.6321,0.6141,0.6514
glicko2_floor,topics,G0-start2,r4_false_at_task,0.0819,0.0697,0.0949
glicko2_floor,topics,G0-start2,r4_declared,9.7850,9.2920,10.2680
glicko2_floor,topics,G0-start2,r5_late_answers,5.7531,5.5745,5.9440
glicko2_floor,topics,G0-start2,r5_never,0.1535,0.1441,0.1630
glicko2_floor,topics,G0-start2,r6_lag,-0.2338,-0.2658,-0.2000
glicko2_floor,topics,G0-start2,r7_longest_wrong,1.7790,1.6840,1.8760
glicko2_floor,topics,G0-start2,r7_hard_first,0.2087,0.1892,0.2288
glicko2_floor,topics,G0-start2,r4b_chance_below_0.5,0.2457,0.2167,0.2767
glicko2_floor,topics,G0-start2,r4b_chance_0.5_to_0.6,0.1441,0.1365,0.1518
glicko2_floor,topics,G0-start2,r4b_chance_0.6_to_0.7,0.1984,0.1894,0.2079
glicko2_floor,topics,G0-start2,r4b_chance_0.7_to_0.8,0.2227,0.2106,0.2350
glicko2_floor,topics,G0-start2,r4b_chance_0.8_up,0.1892,0.1760,0.2029
glicko2_floor,topics,G0-start2,r3_reachable,0.8851,0.8693,0.9003
glicko2_floor,topics,G0-start2,r8_topic_rank_6_20,51.6000,50.3200,52.9333
glicko2_floor,topics,G0-start2,r8_topic_rank_150_200,8.2824,7.9098,8.6784
glicko2_floor,topics,G0-start2,r9_kept_up_6_50,-0.0245,-0.0342,-0.0152
glicko2_floor,topics,G0-start2,r9_kept_up_101_200,0.0150,0.0113,0.0188
glicko2_floor,topics,G0-start2,r10_shown,3.0150,2.7460,3.2950
glicko2_floor,topics,G0-start2,r2_ece,0.0061,0.0040,0.0095
glicko2_floor,topics,G0-start2,r4b_3,0.3092,0.2900,0.3271
glicko2_floor,topics,G0-start2,r4b_5,0.3196,0.3005,0.3386
glicko2_floor,topics,G0-start2,r4b_10,0.3326,0.3125,0.3522
glicko2_floor,topics,G0-start2,r4b_20,0.3401,0.3199,0.3622
glicko2_floor,topics,G0-start2,r4b_50,0.3497,0.3286,0.3724
glicko2_floor,topics,G0-start2,r8_move_p95_6_20,324.0000,324.0000,324.0000
glicko2_floor,topics,G0-start2,r8_move_p95_150_200,42.0000,41.0000,42.0000
glicko2_floor,topics,G0-start2,r9_kept_up_later_less_earlier,0.0395,0.0319,0.0467
glicko2_floor,topics,G0-start2,r10_taken_back_5,0.0962,0.0752,0.1229
glicko2_floor,topics,G0-start2,r10_taken_back_10,0.2393,0.1920,0.2877
glicko2_floor,topics,G0-topics0.3,r1_rms_5,1.0889,1.0624,1.1162
glicko2_floor,topics,G0-topics0.3,r1_mean_5,-0.0656,-0.1160,-0.0156
glicko2_floor,topics,G0-topics0.3,r1_rms_10,1.0996,1.0761,1.1224
glicko2_floor,topics,G0-topics0.3,r1_mean_10,-0.0726,-0.1162,-0.0310
glicko2_floor,topics,G0-topics0.3,r1_rms_20,1.1072,1.0876,1.1254
glicko2_floor,topics,G0-topics0.3,r1_mean_20,-0.0989,-0.1373,-0.0585
glicko2_floor,topics,G0-topics0.3,r1_rms_50,1.0375,1.0216,1.0530
glicko2_floor,topics,G0-topics0.3,r1_mean_50,-0.1962,-0.2253,-0.1675
glicko2_floor,topics,G0-topics0.3,r1_rms_100,0.9461,0.9295,0.9622
glicko2_floor,topics,G0-topics0.3,r1_mean_100,-0.2406,-0.2643,-0.2171
glicko2_floor,topics,G0-topics0.3,r1_rms_200,0.8940,0.8767,0.9113
glicko2_floor,topics,G0-topics0.3,r1_mean_200,-0.2356,-0.2562,-0.2142
glicko2_floor,topics,G0-topics0.3,r2_brier,0.1742,0.1725,0.1759
glicko2_floor,topics,G0-topics0.3,r2_bias,0.0058,0.0030,0.0086
glicko2_floor,topics,G0-topics0.3,r3_inside,0.4060,0.4009,0.4109
glicko2_floor,topics,G0-topics0.3,r3_below_0.5,0.0463,0.0433,0.0495
glicko2_floor,topics,G0-topics0.3,r3_above_0.95,0.0432,0.0401,0.0464
glicko2_floor,topics,G0-topics0.3,r4_false,0.1076,0.0990,0.1159
glicko2_floor,topics,G0-topics0.3,r4_false_0.70,0.0514,0.0460,0.0567
glicko2_floor,topics,G0-topics0.3,r4_below,0.6245,0.6096,0.6400
glicko2_floor,topics,G0-topics0.3,r4_false_at_task,0.1362,0.1203,0.1517
glicko2_floor,topics,G0-topics0.3,r4_declared,9.1110,8.7080,9.5080
glicko2_floor,topics,G0-topics0.3,r5_late_answers,5.2504,5.0586,5.4562
glicko2_floor,topics,G0-topics0.3,r5_never,0.1485,0.1378,0.1592
glicko2_floor,topics,G0-topics0.3,r6_lag,-0.1426,-0.1620,-0.1244
glicko2_floor,topics,G0-topics0.3,r7_longest_wrong,1.5340,1.4740,1.5950
glicko2_floor,topics,G0-topics0.3,r7_hard_first,0.0821,0.0715,0.0930
glicko2_floor,topics,G0-topics0.3,r4b_chance_below_0.5,0.0968,0.0901,0.1039
glicko2_floor,topics,G0-topics0.3,r4b_chance_0.5_to_0.6,0.1357,0.1295,0.1421
glicko2_floor,topics,G0-topics0.3,r4b_chance_0.6_to_0.7,0.2255,0.2201,0.2307
glicko2_floor,topics,G0-topics0.3,r4b_chance_0.7_to_0.8,0.2816,0.2749,0.2883
glicko2_floor,topics,G0-topics0.3,r4b_chance_0.8_up,0.2604,0.2490,0.2721
glicko2_floor,topics,G0-topics0.3,r3_reachable,0.9529,0.9436,0.9613
glicko2_floor,topics,G0-topics0.3,r8_topic_rank_6_20,50.9867,49.7333,52.2800
glicko2_floor,topics,G0-topics0.3,r8_topic_rank_150_200,8.1784,7.7627,8.5627
glicko2_floor,topics,G0-topics0.3,r9_kept_up_6_50,-0.0235,-0.0297,-0.0177
glicko2_floor,topics,G0-topics0.3,r9_kept_up_101_200,0.0042,0.0016,0.0068
glicko2_floor,topics,G0-topics0.3,r10_shown,2.5830,2.3810,2.7820
glicko2_floor,topics,G0-topics0.3,r2_ece,0.0065,0.0037,0.0094
glicko2_floor,topics,G0-topics0.3,r4b_3,0.3723,0.3554,0.3891
glicko2_floor,topics,G0-topics0.3,r4b_5,0.3781,0.3611,0.3943
glicko2_floor,topics,G0-topics0.3,r4b_10,0.3887,0.3720,0.4058
glicko2_floor,topics,G0-topics0.3,r4b_20,0.3963,0.3792,0.4138
glicko2_floor,topics,G0-topics0.3,r4b_50,0.4139,0.3933,0.4348
glicko2_floor,topics,G0-topics0.3,r8_move_p95_6_20,324.0000,324.0000,324.0000
glicko2_floor,topics,G0-topics0.3,r8_move_p95_150_200,41.0000,40.0000,42.0000
glicko2_floor,topics,G0-topics0.3,r9_kept_up_later_less_earlier,0.0277,0.0220,0.0336
glicko2_floor,topics,G0-topics0.3,r10_taken_back_5,0.1372,0.1045,0.1754
glicko2_floor,topics,G0-topics0.3,r10_taken_back_10,0.3331,0.2711,0.4002
glicko2_floor,topics,G0-topics1,r1_rms_5,1.3045,1.2734,1.3351
glicko2_floor,topics,G0-topics1,r1_mean_5,-0.1440,-0.2015,-0.0871
glicko2_floor,topics,G0-topics1,r1_rms_10,1.3263,1.3009,1.3518
glicko2_floor,topics,G0-topics1,r1_mean_10,-0.1360,-0.1882,-0.0842
glicko2_floor,topics,G0-topics1,r1_rms_20,1.2672,1.2453,1.2904
glicko2_floor,topics,G0-topics1,r1_mean_20,-0.1658,-0.2113,-0.1205
glicko2_floor,topics,G0-topics1,r1_rms_50,1.1077,1.0879,1.1274
glicko2_floor,topics,G0-topics1,r1_mean_50,-0.2420,-0.2747,-0.2087
glicko2_floor,topics,G0-topics1,r1_rms_100,0.9783,0.9607,0.9963
glicko2_floor,topics,G0-topics1,r1_mean_100,-0.2663,-0.2923,-0.2400
glicko2_floor,topics,G0-topics1,r1_rms_200,0.9099,0.8931,0.9276
glicko2_floor,topics,G0-topics1,r1_mean_200,-0.2532,-0.2769,-0.2298
glicko2_floor,topics,G0-topics1,r2_brier,0.1727,0.1712,0.1744
glicko2_floor,topics,G0-topics1,r2_bias,0.0045,0.0017,0.0076
glicko2_floor,topics,G0-topics1,r3_inside,0.3924,0.3876,0.3971
glicko2_floor,topics,G0-topics1,r3_below_0.5,0.0546,0.0510,0.0588
glicko2_floor,topics,G0-topics1,r3_above_0.95,0.0590,0.0550,0.0630
glicko2_floor,topics,G0-topics1,r4_false,0.0921,0.0848,0.0992
glicko2_floor,topics,G0-topics1,r4_false_0.70,0.0413,0.0370,0.0456
glicko2_floor,topics,G0-topics1,r4_below,0.6412,0.6262,0.6561
glicko2_floor,topics,G0-topics1,r4_false_at_task,0.1090,0.0971,0.1220
glicko2_floor,topics,G0-topics1,r4_declared,9.1550,8.7520,9.5620
glicko2_floor,topics,G0-topics1,r5_late_answers,5.5733,5.3788,5.7855
glicko2_floor,topics,G0-topics1,r5_never,0.1713,0.1638,0.1789
glicko2_floor,topics,G0-topics1,r6_lag,-0.1515,-0.1680,-0.1334
glicko2_floor,topics,G0-topics1,r7_longest_wrong,1.6420,1.5820,1.7030
glicko2_floor,topics,G0-topics1,r7_hard_first,0.1448,0.1332,0.1561
glicko2_floor,topics,G0-topics1,r4b_chance_below_0.5,0.1160,0.1064,0.1279
glicko2_floor,topics,G0-topics1,r4b_chance_0.5_to_0.6,0.1270,0.1222,0.1319
glicko2_floor,topics,G0-topics1,r4b_chance_0.6_to_0.7,0.2244,0.2186,0.2303
glicko2_floor,topics,G0-topics1,r4b_chance_0.7_to_0.8,0.2804,0.2733,0.2869
glicko2_floor,topics,G0-topics1,r4b_chance_0.8_up,0.2522,0.2424,0.2628
glicko2_floor,topics,G0-topics1,r3_reachable,0.9485,0.9408,0.9560
glicko2_floor,topics,G0-topics1,r8_topic_rank_6_20,51.9533,50.7733,53.1667
glicko2_floor,topics,G0-topics1,r8_topic_rank_150_200,7.7490,7.3784,8.1569
glicko2_floor,topics,G0-topics1,r9_kept_up_6_50,-0.0244,-0.0305,-0.0185
glicko2_floor,topics,G0-topics1,r9_kept_up_101_200,0.0062,0.0035,0.0090
glicko2_floor,topics,G0-topics1,r10_shown,2.5300,2.3300,2.7350
glicko2_floor,topics,G0-topics1,r2_ece,0.0045,0.0020,0.0075
glicko2_floor,topics,G0-topics1,r4b_3,0.3494,0.3324,0.3660
glicko2_floor,topics,G0-topics1,r4b_5,0.3608,0.3441,0.3774
glicko2_floor,topics,G0-topics1,r4b_10,0.3763,0.3590,0.3932
glicko2_floor,topics,G0-topics1,r4b_20,0.3838,0.3670,0.4012
glicko2_floor,topics,G0-topics1,r4b_50,0.4001,0.3796,0.4210
glicko2_floor,topics,G0-topics1,r8_move_p95_6_20,324.0000,324.0000,324.0000
glicko2_floor,topics,G0-topics1,r8_move_p95_150_200,39.0000,38.0000,40.0000
glicko2_floor,topics,G0-topics1,r9_kept_up_later_less_earlier,0.0307,0.0248,0.0366
glicko2_floor,topics,G0-topics1,r10_taken_back_5,0.1766,0.1412,0.2138
glicko2_floor,topics,G0-topics1,r10_taken_back_10,0.3116,0.2558,0.3720
floor_0.05+cautious_z1,both,G0,r1_rms_5,1.0198,0.9846,1.0556
floor_0.05+cautious_z1,both,G0,r1_mean_5,-0.0343,-0.1021,0.0361
floor_0.05+cautious_z1,both,G0,r1_rms_10,0.9513,0.9207,0.9832
floor_0.05+cautious_z1,both,G0,r1_mean_10,-0.0579,-0.1165,0.0044
floor_0.05+cautious_z1,both,G0,r1_rms_20,0.8459,0.8211,0.8711
floor_0.05+cautious_z1,both,G0,r1_mean_20,-0.0805,-0.1303,-0.0279
floor_0.05+cautious_z1,both,G0,r1_rms_50,0.6801,0.6643,0.6975
floor_0.05+cautious_z1,both,G0,r1_mean_50,-0.0966,-0.1318,-0.0607
floor_0.05+cautious_z1,both,G0,r1_rms_100,0.5648,0.5534,0.5757
floor_0.05+cautious_z1,both,G0,r1_mean_100,-0.1056,-0.1294,-0.0829
floor_0.05+cautious_z1,both,G0,r1_rms_200,0.4836,0.4754,0.4923
floor_0.05+cautious_z1,both,G0,r1_mean_200,-0.0903,-0.1071,-0.0741
floor_0.05+cautious_z1,both,G0,r2_brier,0.1738,0.1720,0.1756
floor_0.05+cautious_z1,both,G0,r2_bias,0.0030,-0.0002,0.0061
floor_0.05+cautious_z1,both,G0,r3_inside,0.4284,0.4235,0.4340
floor_0.05+cautious_z1,both,G0,r3_below_0.5,0.0371,0.0333,0.0409
floor_0.05+cautious_z1,both,G0,r3_above_0.95,0.0295,0.0270,0.0326
floor_0.05+cautious_z1,both,G0,r4_false,0.0360,0.0311,0.0417
floor_0.05+cautious_z1,both,G0,r4_false_0.70,0.0083,0.0059,0.0108
floor_0.05+cautious_z1,both,G0,r4_below,0.5595,0.5420,0.5776
floor_0.05+cautious_z1,both,G0,r4_false_at_task,0.0316,0.0239,0.0400
floor_0.05+cautious_z1,both,G0,r4_declared,8.4750,8.0720,8.8850
floor_0.05+cautious_z1,both,G0,r5_late_answers,4.6305,4.4769,4.7996
floor_0.05+cautious_z1,both,G0,r5_never,0.1941,0.1798,0.2085
floor_0.05+cautious_z1,both,G0,r6_lag,-0.1091,-0.1245,-0.0934
floor_0.05+cautious_z1,both,G0,r7_error_5,0.8674,0.8296,0.9093
floor_0.05+cautious_z1,both,G0,r7_error_10,0.7892,0.7529,0.8258
floor_0.05+cautious_z1,both,G0,r7_longest_wrong,1.7620,1.7060,1.8150
floor_0.05+cautious_z1,both,G0,r7_hard_first,0.1330,0.1223,0.1442
floor_0.05+cautious_z1,both,G0,r4b_chance_below_0.5,0.0847,0.0752,0.0954
floor_0.05+cautious_z1,both,G0,r4b_chance_0.5_to_0.6,0.1241,0.1176,0.1310
floor_0.05+cautious_z1,both,G0,r4b_chance_0.6_to_0.7,0.2131,0.2071,0.2192
floor_0.05+cautious_z1,both,G0,r4b_chance_0.7_to_0.8,0.2848,0.2777,0.2918
floor_0.05+cautious_z1,both,G0,r4b_chance_0.8_up,0.2932,0.2797,0.3063
floor_0.05+cautious_z1,both,G0,r3_reachable,0.9335,0.9247,0.9422
floor_0.05+cautious_z1,both,G0,r8_rank_6_20,3.8133,3.3467,4.2800
floor_0.05+cautious_z1,both,G0,r8_topic_rank_6_20,18.4467,17.4867,19.4667
floor_0.05+cautious_z1,both,G0,r8_rank_150_200,1.6333,1.3863,1.8961
floor_0.05+cautious_z1,both,G0,r8_topic_rank_150_200,8.9843,8.5843,9.3941
floor_0.05+cautious_z1,both,G0,r9_kept_up_6_50,-0.0110,-0.0180,-0.0043
floor_0.05+cautious_z1,both,G0,r9_kept_up_101_200,0.0024,-0.0003,0.0050
floor_0.05+cautious_z1,both,G0,r10_shown,3.7480,3.5070,3.9900
floor_0.05+cautious_z1,both,G0,r2_ece,0.0050,0.0032,0.0080
floor_0.05+cautious_z1,both,G0,r4b_3,0.1565,0.1437,0.1685
floor_0.05+cautious_z1,both,G0,r4b_5,0.1854,0.1709,0.2003
floor_0.05+cautious_z1,both,G0,r4b_10,0.2010,0.1860,0.2161
floor_0.05+cautious_z1,both,G0,r4b_20,0.2113,0.1944,0.2279
floor_0.05+cautious_z1,both,G0,r4b_50,0.2192,0.2000,0.2409
floor_0.05+cautious_z1,both,G0,r8_move_p95_6_20,73.0000,73.0000,74.0000
floor_0.05+cautious_z1,both,G0,r8_move_p95_150_200,41.0000,40.0000,41.0000
floor_0.05+cautious_z1,both,G0,r9_kept_up_later_less_earlier,0.0133,0.0076,0.0193
floor_0.05+cautious_z1,both,G0,r10_taken_back_5,0.1761,0.1568,0.1951
floor_0.05+cautious_z1,both,G0,r10_taken_back_10,0.3431,0.3081,0.3760
floor_0.05+cautious_z1,both,G1,r1_rms_5,1.1039,1.0592,1.1474
floor_0.05+cautious_z1,both,G1,r1_mean_5,-0.0548,-0.1296,0.0247
floor_0.05+cautious_z1,both,G1,r1_rms_10,1.0359,0.9965,1.0752
floor_0.05+cautious_z1,both,G1,r1_mean_10,-0.0865,-0.1570,-0.0146
floor_0.05+cautious_z1,both,G1,r1_rms_20,0.9216,0.8893,0.9546
floor_0.05+cautious_z1,both,G1,r1_mean_20,-0.1047,-0.1616,-0.0442
floor_0.05+cautious_z1,both,G1,r1_rms_50,0.7373,0.7155,0.7591
floor_0.05+cautious_z1,both,G1,r1_mean_50,-0.1234,-0.1651,-0.0829
floor_0.05+cautious_z1,both,G1,r1_rms_100,0.6048,0.5903,0.6197
floor_0.05+cautious_z1,both,G1,r1_mean_100,-0.1146,-0.1408,-0.0885
floor_0.05+cautious_z1,both,G1,r1_rms_200,0.5064,0.4970,0.5156
floor_0.05+cautious_z1,both,G1,r1_mean_200,-0.0898,-0.1079,-0.0706
floor_0.05+cautious_z1,both,G1,r2_brier,0.1814,0.1787,0.1841
floor_0.05+cautious_z1,both,G1,r2_bias,0.0004,-0.0029,0.0039
floor_0.05+cautious_z1,both,G1,r3_inside,0.3508,0.3411,0.3607
floor_0.05+cautious_z1,both,G1,r3_below_0.5,0.1117,0.1003,0.1236
floor_0.05+cautious_z1,both,G1,r3_above_0.95,0.0448,0.0398,0.0498
floor_0.05+cautious_z1,both,G1,r4_false,0.0051,0.0032,0.0072
floor_0.05+cautious_z1,both,G1,r4_false_0.70,0.0018,0.0007,0.0031
floor_0.05+cautious_z1,both,G1,r4_below,0.3841,0.3601,0.4094
floor_0.05+cautious_z1,both,G1,r4_false_at_task,0.0016,0.0004,0.0033
floor_0.05+cautious_z1,both,G1,r4_declared,8.9050,8.4310,9.3560
floor_0.05+cautious_z1,both,G1,r5_late_answers,4.4540,4.3249,4.5913
floor_0.05+cautious_z1,both,G1,r5_never,0.0394,0.0336,0.0463
floor_0.05+cautious_z1,both,G1,r6_lag,-0.1190,-0.1395,-0.1007
floor_0.05+cautious_z1,both,G1,r7_error_5,0.9437,0.8945,0.9973
floor_0.05+cautious_z1,both,G1,r7_error_10,0.8675,0.8210,0.9160
floor_0.05+cautious_z1,both,G1,r7_longest_wrong,2.0150,1.9380,2.0950
floor_0.05+cautious_z1,both,G1,r7_hard_first,0.2259,0.2093,0.2435
floor_0.05+cautious_z1,both,G1,r4b_chance_below_0.5,0.2792,0.2577,0.2993
floor_0.05+cautious_z1,both,G1,r4b_chance_0.5_to_0.6,0.1835,0.1749,0.1916
floor_0.05+cautious_z1,both,G1,r4b_chance_0.6_to_0.7,0.1755,0.1704,0.1806
floor_0.05+cautious_z1,both,G1,r4b_chance_0.7_to_0.8,0.1736,0.1637,0.1841
floor_0.05+cautious_z1,both,G1,r4b_chance_0.8_up,0.1882,0.1731,0.2045
floor_0.05+cautious_z1,both,G1,r3_reachable,0.8061,0.7847,0.8269
floor_0.05+cautious_z1,both,G1,r8_rank_6_20,3.9800,3.5333,4.4533
floor_0.05+cautious_z1,both,G1,r8_topic_rank_6_20,17.7400,16.7533,18.7400
floor_0.05+cautious_z1,both,G1,r8_rank_150_200,1.5157,1.2765,1.7667
floor_0.05+cautious_z1,both,G1,r8_topic_rank_150_200,7.1588,6.7020,7.5961
floor_0.05+cautious_z1,both,G1,r9_kept_up_6_50,-0.0093,-0.0166,-0.0024
floor_0.05+cautious_z1,both,G1,r9_kept_up_101_200,0.0043,0.0015,0.0071
floor_0.05+cautious_z1,both,G1,r10_shown,5.5600,5.1300,5.9710
floor_0.05+cautious_z1,both,G1,r2_ece,0.0070,0.0063,0.0109
floor_0.05+cautious_z1,both,G1,r4b_3,0.0930,0.0816,0.1048
floor_0.05+cautious_z1,both,G1,r4b_5,0.1074,0.0944,0.1206
floor_0.05+cautious_z1,both,G1,r4b_10,0.1104,0.0974,0.1245
floor_0.05+cautious_z1,both,G1,r4b_20,0.1117,0.0991,0.1253
floor_0.05+cautious_z1,both,G1,r4b_50,0.1185,0.1026,0.1368
floor_0.05+cautious_z1,both,G1,r8_move_p95_6_20,72.0000,72.0000,73.0000
floor_0.05+cautious_z1,both,G1,r8_move_p95_150_200,41.0000,40.0000,41.0000
floor_0.05+cautious_z1,both,G1,r9_kept_up_later_less_earlier,0.0137,0.0071,0.0202
floor_0.05+cautious_z1,both,G1,r10_taken_back_5,0.1477,0.1360,0.1610
floor_0.05+cautious_z1,both,G1,r10_taken_back_10,0.3284,0.2978,0.3598
floor_0.05+cautious_z1,both,G2,r1_rms_5,0.9612,0.9281,0.9963
floor_0.05+cautious_z1,both,G2,r1_mean_5,-0.1063,-0.1667,-0.0438
floor_0.05+cautious_z1,both,G2,r1_rms_10,0.9122,0.8817,0.9435
floor_0.05+cautious_z1,both,G2,r1_mean_10,-0.1813,-0.2398,-0.1229
floor_0.05+cautious_z1,both,G2,r1_rms_20,0.8470,0.8202,0.8734
floor_0.05+cautious_z1,both,G2,r1_mean_20,-0.2829,-0.3317,-0.2337
floor_0.05+cautious_z1,both,G2,r1_rms_50,0.8170,0.7945,0.8413
floor_0.05+cautious_z1,both,G2,r1_mean_50,-0.5129,-0.5482,-0.4797
floor_0.05+cautious_z1,both,G2,r1_rms_100,0.9563,0.9365,0.9778
floor_0.05+cautious_z1,both,G2,r1_mean_100,-0.8058,-0.8314,-0.7812
floor_0.05+cautious_z1,both,G2,r1_rms_200,1.2095,1.1932,1.2273
floor_0.05+cautious_z1,both,G2,r1_mean_200,-1.1227,-1.1395,-1.1055
floor_0.05+cautious_z1,both,G2,r2_brier,0.1307,0.1292,0.1321
floor_0.05+cautious_z1,both,G2,r2_bias,-0.0732,-0.0758,-0.0707
floor_0.05+cautious_z1,both,G2,r3_inside,0.2749,0.2686,0.2814
floor_0.05+cautious_z1,both,G2,r3_below_0.5,0.0149,0.0135,0.0165
floor_0.05+cautious_z1,both,G2,r3_above_0.95,0.1403,0.1329,0.1477
floor_0.05+cautious_z1,both,G2,r4_false,0.0053,0.0037,0.0070
floor_0.05+cautious_z1,both,G2,r4_false_0.70,0.0005,0.0001,0.0012
floor_0.05+cautious_z1,both,G2,r4_below,0.5690,0.5486,0.5921
floor_0.05+cautious_z1,both,G2,r4_false_at_task,0.0060,0.0035,0.0091
floor_0.05+cautious_z1,both,G2,r4_declared,11.1320,10.6850,11.5550
floor_0.05+cautious_z1,both,G2,r5_late_answers,6.5127,6.3355,6.6880
floor_0.05+cautious_z1,both,G2,r5_never,0.3848,0.3701,0.4003
floor_0.05+cautious_z1,both,G2,r6_lag,-1.0078,-1.0284,-0.9889
floor_0.05+cautious_z1,both,G2,r7_error_5,0.8038,0.7653,0.8444
floor_0.05+cautious_z1,both,G2,r7_error_10,0.7419,0.7054,0.7810
floor_0.05+cautious_z1,both,G2,r7_longest_wrong,1.7310,1.6780,1.7870
floor_0.05+cautious_z1,both,G2,r7_hard_first,0.1201,0.1105,0.1303
floor_0.05+cautious_z1,both,G2,r4b_chance_below_0.5,0.0564,0.0506,0.0624
floor_0.05+cautious_z1,both,G2,r4b_chance_0.5_to_0.6,0.0682,0.0637,0.0729
floor_0.05+cautious_z1,both,G2,r4b_chance_0.6_to_0.7,0.1280,0.1225,0.1337
floor_0.05+cautious_z1,both,G2,r4b_chance_0.7_to_0.8,0.2343,0.2282,0.2399
floor_0.05+cautious_z1,both,G2,r4b_chance_0.8_up,0.5131,0.4988,0.5267
floor_0.05+cautious_z1,both,G2,r3_reachable,0.9612,0.9574,0.9649
floor_0.05+cautious_z1,both,G2,r8_rank_6_20,3.9667,3.4800,4.4667
floor_0.05+cautious_z1,both,G2,r8_topic_rank_6_20,18.0533,17.1000,19.0133
floor_0.05+cautious_z1,both,G2,r8_rank_150_200,1.5431,1.3569,1.7353
floor_0.05+cautious_z1,both,G2,r8_topic_rank_150_200,8.8412,8.4098,9.2588
floor_0.05+cautious_z1,both,G2,r9_kept_up_6_50,0.0214,0.0153,0.0272
floor_0.05+cautious_z1,both,G2,r9_kept_up_101_200,0.1058,0.1038,0.1081
floor_0.05+cautious_z1,both,G2,r10_shown,4.8640,4.5060,5.2350
floor_0.05+cautious_z1,both,G2,r2_ece,0.0733,0.0705,0.0760
floor_0.05+cautious_z1,both,G2,r4b_3,0.1411,0.1286,0.1546
floor_0.05+cautious_z1,both,G2,r4b_5,0.1738,0.1591,0.1882
floor_0.05+cautious_z1,both,G2,r4b_10,0.2311,0.2100,0.2552
floor_0.05+cautious_z1,both,G2,r4b_20,0.2706,0.2375,0.3045
floor_0.05+cautious_z1,both,G2,r4b_50,0.2706,0.2363,0.3072
floor_0.05+cautious_z1,both,G2,r8_move_p95_6_20,73.0000,73.0000,74.0000
floor_0.05+cautious_z1,both,G2,r8_move_p95_150_200,39.0000,38.0000,39.0000
floor_0.05+cautious_z1,both,G2,r9_kept_up_later_less_earlier,0.0844,0.0790,0.0897
floor_0.05+cautious_z1,both,G2,r10_taken_back_5,0.0664,0.0578,0.0756
floor_0.05+cautious_z1,both,G2,r10_taken_back_10,0.1324,0.1154,0.1512
floor_0.05+cautious_z1,both,G3,r1_rms_5,1.0052,0.9711,1.0429
floor_0.05+cautious_z1,both,G3,r1_mean_5,0.0400,-0.0266,0.1042
floor_0.05+cautious_z1,both,G3,r1_rms_10,0.9347,0.9032,0.9642
floor_0.05+cautious_z1,both,G3,r1_mean_10,-0.0016,-0.0599,0.0590
floor_0.05+cautious_z1,both,G3,r1_rms_20,0.8293,0.8035,0.8538
floor_0.05+cautious_z1,both,G3,r1_mean_20,-0.0252,-0.0727,0.0247
floor_0.05+cautious_z1,both,G3,r1_rms_50,0.6783,0.6614,0.6954
floor_0.05+cautious_z1,both,G3,r1_mean_50,-0.0831,-0.1163,-0.0499
floor_0.05+cautious_z1,both,G3,r1_rms_100,0.7951,0.7728,0.8164
floor_0.05+cautious_z1,both,G3,r1_mean_100,-0.4983,-0.5308,-0.4645
floor_0.05+cautious_z1,both,G3,r1_rms_200,0.7184,0.7039,0.7332
floor_0.05+cautious_z1,both,G3,r1_mean_200,-0.5427,-0.5616,-0.5237
floor_0.05+cautious_z1,both,G3,r2_brier,0.1541,0.1525,0.1558
floor_0.05+cautious_z1,both,G3,r2_bias,-0.0328,-0.0356,-0.0299
floor_0.05+cautious_z1,both,G3,r3_inside,0.3542,0.3488,0.3594
floor_0.05+cautious_z1,both,G3,r3_below_0.5,0.0296,0.0268,0.0325
floor_0.05+cautious_z1,both,G3,r3_above_0.95,0.0731,0.0683,0.0781
floor_0.05+cautious_z1,both,G3,r4_false,0.0217,0.0179,0.0258
floor_0.05+cautious_z1,both,G3,r4_false_0.70,0.0046,0.0030,0.0062
floor_0.05+cautious_z1,both,G3,r4_below,0.5831,0.5629,0.6050
floor_0.05+cautious_z1,both,G3,r4_false_at_task,0.0195,0.0143,0.0251
floor_0.05+cautious_z1,both,G3,r4_declared,9.2230,8.7730,9.6440
floor_0.05+cautious_z1,both,G3,r5_late_answers,5.8477,5.6509,6.0438
floor_0.05+cautious_z1,both,G3,r5_never,0.3355,0.3192,0.3508
floor_0.05+cautious_z1,both,G3,r6_lag,-0.6323,-0.6503,-0.6140
floor_0.05+cautious_z1,both,G3,r6_jump_answers,73.1670,70.8640,75.5170
floor_0.05+cautious_z1,both,G3,r6_jump_unsettled,0.5680,0.5380,0.6000
floor_0.05+cautious_z1,both,G3,r7_error_5,0.8573,0.8179,0.8990
floor_0.05+cautious_z1,both,G3,r7_error_10,0.7823,0.7475,0.8205
floor_0.05+cautious_z1,both,G3,r7_longest_wrong,1.7670,1.7140,1.8260
floor_0.05+cautious_z1,both,G3,r7_hard_first,0.1441,0.1330,0.1564
floor_0.05+cautious_z1,both,G3,r4b_chance_below_0.5,0.0801,0.0722,0.0881
floor_0.05+cautious_z1,both,G3,r4b_chance_0.5_to_0.6,0.1006,0.0954,0.1060
floor_0.05+cautious_z1,both,G3,r4b_chance_0.6_to_0.7,0.1750,0.1689,0.1808
floor_0.05+cautious_z1,both,G3,r4b_chance_0.7_to_0.8,0.2539,0.2478,0.2597
floor_0.05+cautious_z1,both,G3,r4b_chance_0.8_up,0.3904,0.3767,0.4052
floor_0.05+cautious_z1,both,G3,r3_reachable,0.9518,0.9454,0.9573
floor_0.05+cautious_z1,both,G3,r8_rank_6_20,3.4133,3.0000,3.8733
floor_0.05+cautious_z1,both,G3,r8_topic_rank_6_20,16.7333,15.8733,17.6733
floor_0.05+cautious_z1,both,G3,r8_rank_150_200,1.6608,1.4471,1.9000
floor_0.05+cautious_z1,both,G3,r8_topic_rank_150_200,8.8686,8.4490,9.3020
floor_0.05+cautious_z1,both,G3,r9_kept_up_6_50,-0.0176,-0.0243,-0.0108
floor_0.05+cautious_z1,both,G3,r9_kept_up_101_200,0.0644,0.0621,0.0669
floor_0.05+cautious_z1,both,G3,r10_shown,3.9010,3.6170,4.2090
floor_0.05+cautious_z1,both,G3,r2_ece,0.0328,0.0299,0.0357
floor_0.05+cautious_z1,both,G3,r4b_3,0.1482,0.1360,0.1610
floor_0.05+cautious_z1,both,G3,r4b_5,0.1882,0.1738,0.2033
floor_0.05+cautious_z1,both,G3,r4b_10,0.2153,0.1974,0.2324
floor_0.05+cautious_z1,both,G3,r4b_20,0.2442,0.2243,0.2655
floor_0.05+cautious_z1,both,G3,r4b_50,0.2558,0.2302,0.2817
floor_0.05+cautious_z1,both,G3,r8_move_p95_6_20,73.0000,73.0000,74.0000
floor_0.05+cautious_z1,both,G3,r8_move_p95_150_200,40.0000,39.0000,40.0000
floor_0.05+cautious_z1,both,G3,r9_kept_up_later_less_earlier,0.0819,0.0757,0.0882
floor_0.05+cautious_z1,both,G3,r10_taken_back_5,0.0906,0.0772,0.1042
floor_0.05+cautious_z1,both,G3,r10_taken_back_10,0.1909,0.1648,0.2177
floor_0.05+cautious_z1,both,G4,r1_rms_5,1.0187,0.9821,1.0549
floor_0.05+cautious_z1,both,G4,r1_mean_5,-0.2314,-0.2995,-0.1674
floor_0.05+cautious_z1,both,G4,r1_rms_10,0.9610,0.9283,0.9952
floor_0.05+cautious_z1,both,G4,r1_mean_10,-0.2847,-0.3466,-0.2242
floor_0.05+cautious_z1,both,G4,r1_rms_20,0.8830,0.8557,0.9101
floor_0.05+cautious_z1,both,G4,r1_mean_20,-0.3398,-0.3905,-0.2879
floor_0.05+cautious_z1,both,G4,r1_rms_50,0.7602,0.7390,0.7803
floor_0.05+cautious_z1,both,G4,r1_mean_50,-0.4185,-0.4538,-0.3864
floor_0.05+cautious_z1,both,G4,r1_rms_100,0.7053,0.6891,0.7217
floor_0.05+cautious_z1,both,G4,r1_mean_100,-0.4730,-0.4956,-0.4506
floor_0.05+cautious_z1,both,G4,r1_rms_200,0.6726,0.6613,0.6844
floor_0.05+cautious_z1,both,G4,r1_mean_200,-0.4933,-0.5091,-0.4770
floor_0.05+cautious_z1,both,G4,r2_brier,0.1800,0.1782,0.1818
floor_0.05+cautious_z1,both,G4,r2_bias,0.0137,0.0108,0.0164
floor_0.05+cautious_z1,both,G4,r3_inside,0.3924,0.3878,0.3966
floor_0.05+cautious_z1,both,G4,r3_below_0.5,0.0549,0.0506,0.0593
floor_0.05+cautious_z1,both,G4,r3_above_0.95,0.0360,0.0330,0.0393
floor_0.05+cautious_z1,both,G4,r4_false,0.0112,0.0086,0.0142
floor_0.05+cautious_z1,both,G4,r4_false_0.70,0.0024,0.0013,0.0037
floor_0.05+cautious_z1,both,G4,r4_below,0.5795,0.5599,0.5980
floor_0.05+cautious_z1,both,G4,r4_false_at_task,0.0108,0.0070,0.0151
floor_0.05+cautious_z1,both,G4,r4_declared,7.4950,7.1050,7.8890
floor_0.05+cautious_z1,both,G4,r5_late_answers,4.5999,4.4161,4.7913
floor_0.05+cautious_z1,both,G4,r5_never,0.3041,0.2867,0.3204
floor_0.05+cautious_z1,both,G4,r6_lag,-0.4838,-0.4992,-0.4670
floor_0.05+cautious_z1,both,G4,r7_error_5,0.8817,0.8414,0.9229
floor_0.05+cautious_z1,both,G4,r7_error_10,0.8082,0.7681,0.8461
floor_0.05+cautious_z1,both,G4,r7_longest_wrong,1.8790,1.8240,1.9340
floor_0.05+cautious_z1,both,G4,r7_hard_first,0.1852,0.1731,0.1984
floor_0.05+cautious_z1,both,G4,r4b_chance_below_0.5,0.1235,0.1127,0.1348
floor_0.05+cautious_z1,both,G4,r4b_chance_0.5_to_0.6,0.1361,0.1307,0.1412
floor_0.05+cautious_z1,both,G4,r4b_chance_0.6_to_0.7,0.2030,0.1982,0.2080
floor_0.05+cautious_z1,both,G4,r4b_chance_0.7_to_0.8,0.2513,0.2453,0.2575
floor_0.05+cautious_z1,both,G4,r4b_chance_0.8_up,0.2862,0.2737,0.2991
floor_0.05+cautious_z1,both,G4,r3_reachable,0.9502,0.9423,0.9572
floor_0.05+cautious_z1,both,G4,r8_rank_6_20,4.0067,3.5467,4.4933
floor_0.05+cautious_z1,both,G4,r8_topic_rank_6_20,18.5933,17.7133,19.5133
floor_0.05+cautious_z1,both,G4,r8_rank_150_200,1.4098,1.1784,1.6647
floor_0.05+cautious_z1,both,G4,r8_topic_rank_150_200,8.7961,8.3922,9.1922
floor_0.05+cautious_z1,both,G4,r9_kept_up_6_50,-0.0321,-0.0387,-0.0251
floor_0.05+cautious_z1,both,G4,r9_kept_up_101_200,-0.0027,-0.0053,-0.0001
floor_0.05+cautious_z1,both,G4,r10_shown,3.2510,3.0120,3.4720
floor_0.05+cautious_z1,both,G4,r2_ece,0.0155,0.0125,0.0185
floor_0.05+cautious_z1,both,G4,r4b_3,0.1192,0.1085,0.1299
floor_0.05+cautious_z1,both,G4,r4b_5,0.1420,0.1291,0.1542
floor_0.05+cautious_z1,both,G4,r4b_10,0.1541,0.1404,0.1677
floor_0.05+cautious_z1,both,G4,r4b_20,0.1565,0.1422,0.1716
floor_0.05+cautious_z1,both,G4,r4b_50,0.1587,0.1444,0.1742
floor_0.05+cautious_z1,both,G4,r8_move_p95_6_20,74.0000,73.0000,74.0000
floor_0.05+cautious_z1,both,G4,r8_move_p95_150_200,40.0000,40.0000,41.0000
floor_0.05+cautious_z1,both,G4,r9_kept_up_later_less_earlier,0.0293,0.0232,0.0354
floor_0.05+cautious_z1,both,G4,r10_taken_back_5,0.1852,0.1633,0.2074
floor_0.05+cautious_z1,both,G4,r10_taken_back_10,0.3522,0.3131,0.3897
floor_0.05+cautious_z1,both,G5,r1_rms_5,0.9406,0.8966,0.9870
floor_0.05+cautious_z1,both,G5,r1_mean_5,0.0549,-0.0143,0.1241
floor_0.05+cautious_z1,both,G5,r1_rms_10,0.8776,0.8415,0.9126
floor_0.05+cautious_z1,both,G5,r1_mean_10,0.0268,-0.0360,0.0858
floor_0.05+cautious_z1,both,G5,r1_rms_20,0.8964,0.8675,0.9252
floor_0.05+cautious_z1,both,G5,r1_mean_20,0.0029,-0.0499,0.0530
floor_0.05+cautious_z1,both,G5,r1_rms_50,0.7605,0.7415,0.7811
floor_0.05+cautious_z1,both,G5,r1_mean_50,-0.0395,-0.0756,-0.0039
floor_0.05+cautious_z1,both,G5,r1_rms_100,0.6469,0.6323,0.6614
floor_0.05+cautious_z1,both,G5,r1_mean_100,-0.0869,-0.1121,-0.0611
floor_0.05+cautious_z1,both,G5,r1_rms_200,0.5453,0.5348,0.5558
floor_0.05+cautious_z1,both,G5,r1_mean_200,-0.0954,-0.1135,-0.0789
floor_0.05+cautious_z1,both,G5,r2_brier,0.1798,0.1779,0.1819
floor_0.05+cautious_z1,both,G5,r2_bias,0.0114,0.0083,0.0146
floor_0.05+cautious_z1,both,G5,r3_inside,0.4052,0.3994,0.4109
floor_0.05+cautious_z1,both,G5,r3_below_0.5,0.0557,0.0507,0.0610
floor_0.05+cautious_z1,both,G5,r3_above_0.95,0.0343,0.0308,0.0380
floor_0.05+cautious_z1,both,G5,r4_false,0.0422,0.0357,0.0492
floor_0.05+cautious_z1,both,G5,r4_false_0.70,0.0104,0.0075,0.0136
floor_0.05+cautious_z1,both,G5,r4_below,0.5505,0.5316,0.5698
floor_0.05+cautious_z1,both,G5,r4_false_at_task,0.0378,0.0282,0.0475
floor_0.05+cautious_z1,both,G5,r4_declared,8.1810,7.8090,8.5810
floor_0.05+cautious_z1,both,G5,r5_late_answers,4.4538,4.2797,4.6369
floor_0.05+cautious_z1,both,G5,r5_never,0.2261,0.2105,0.2410
floor_0.05+cautious_z1,both,G5,r6_lag,-0.0929,-0.1100,-0.0755
floor_0.05+cautious_z1,both,G5,r7_error_5,1.0265,0.9781,1.0744
floor_0.05+cautious_z1,both,G5,r7_error_10,0.9690,0.9257,1.0133
floor_0.05+cautious_z1,both,G5,r7_longest_wrong,1.9320,1.8720,1.9960
floor_0.05+cautious_z1,both,G5,r7_hard_first,0.1471,0.1346,0.1602
floor_0.05+cautious_z1,both,G5,r4b_chance_below_0.5,0.1264,0.1139,0.1400
floor_0.05+cautious_z1,both,G5,r4b_chance_0.5_to_0.6,0.1444,0.1366,0.1522
floor_0.05+cautious_z1,both,G5,r4b_chance_0.6_to_0.7,0.2206,0.2137,0.2277
floor_0.05+cautious_z1,both,G5,r4b_chance_0.7_to_0.8,0.2574,0.2490,0.2657
floor_0.05+cautious_z1,both,G5,r4b_chance_0.8_up,0.2511,0.2360,0.2658
floor_0.05+cautious_z1,both,G5,r3_reachable,0.9080,0.8958,0.9199
floor_0.05+cautious_z1,both,G5,r8_rank_6_20,3.9733,3.5000,4.4800
floor_0.05+cautious_z1,both,G5,r8_topic_rank_6_20,18.2467,17.3067,19.1867
floor_0.05+cautious_z1,both,G5,r8_rank_150_200,1.8569,1.5902,2.1314
floor_0.05+cautious_z1,both,G5,r8_topic_rank_150_200,8.6706,8.2686,9.0765
floor_0.05+cautious_z1,both,G5,r9_kept_up_6_50,-0.0292,-0.0368,-0.0219
floor_0.05+cautious_z1,both,G5,r9_kept_up_101_200,-0.0015,-0.0041,0.0012
floor_0.05+cautious_z1,both,G5,r10_shown,3.7570,3.5120,4.0080
floor_0.05+cautious_z1,both,G5,r2_ece,0.0145,0.0114,0.0177
floor_0.05+cautious_z1,both,G5,r4b_3,0.1602,0.1465,0.1746
floor_0.05+cautious_z1,both,G5,r4b_5,0.1911,0.1744,0.2070
floor_0.05+cautious_z1,both,G5,r4b_10,0.2032,0.1865,0.2198
floor_0.05+cautious_z1,both,G5,r4b_20,0.2127,0.1956,0.2295
floor_0.05+cautious_z1,both,G5,r4b_50,0.2298,0.2067,0.2553
floor_0.05+cautious_z1,both,G5,r8_move_p95_6_20,74.0000,73.0000,74.0000
floor_0.05+cautious_z1,both,G5,r8_move_p95_150_200,41.0000,40.0000,41.0000
floor_0.05+cautious_z1,both,G5,r9_kept_up_later_less_earlier,0.0277,0.0211,0.0348
floor_0.05+cautious_z1,both,G5,r10_taken_back_5,0.2021,0.1796,0.2237
floor_0.05+cautious_z1,both,G5,r10_taken_back_10,0.3824,0.3484,0.4187
floor_0.05+cautious_z1,both,G6,r1_rms_5,1.0532,1.0107,1.0946
floor_0.05+cautious_z1,both,G6,r1_mean_5,-0.0431,-0.1121,0.0258
floor_0.05+cautious_z1,both,G6,r1_rms_10,0.9979,0.9599,1.0365
floor_0.05+cautious_z1,both,G6,r1_mean_10,-0.0757,-0.1427,-0.0094
floor_0.05+cautious_z1,both,G6,r1_rms_20,0.9199,0.8874,0.9532
floor_0.05+cautious_z1,both,G6,r1_mean_20,-0.1043,-0.1631,-0.0496
floor_0.05+cautious_z1,both,G6,r1_rms_50,0.8130,0.7828,0.8436
floor_0.05+cautious_z1,both,G6,r1_mean_50,-0.1448,-0.1951,-0.0965
floor_0.05+cautious_z1,both,G6,r1_rms_100,0.7575,0.7306,0.7827
floor_0.05+cautious_z1,both,G6,r1_mean_100,-0.1847,-0.2298,-0.1403
floor_0.05+cautious_z1,both,G6,r1_rms_200,0.7478,0.7247,0.7715
floor_0.05+cautious_z1,both,G6,r1_mean_200,-0.2295,-0.2717,-0.1863
floor_0.05+cautious_z1,both,G6,r2_brier,0.1788,0.1770,0.1807
floor_0.05+cautious_z1,both,G6,r2_bias,0.0113,0.0083,0.0143
floor_0.05+cautious_z1,both,G6,r3_inside,0.4245,0.4101,0.4388
floor_0.05+cautious_z1,both,G6,r3_below_0.5,0.0599,0.0551,0.0648
floor_0.05+cautious_z1,both,G6,r3_above_0.95,0.0924,0.0858,0.0995
floor_0.05+cautious_z1,both,G6,r4_false,0.0764,0.0644,0.0896
floor_0.05+cautious_z1,both,G6,r4_false_0.70,0.0202,0.0149,0.0260
floor_0.05+cautious_z1,both,G6,r4_below,0.5562,0.5343,0.5763
floor_0.05+cautious_z1,both,G6,r4_false_at_task,0.0726,0.0573,0.0882
floor_0.05+cautious_z1,both,G6,r4_declared,7.9810,7.5510,8.3950
floor_0.05+cautious_z1,both,G6,r5_late_answers,4.7257,4.5446,4.9224
floor_0.05+cautious_z1,both,G6,r5_never,0.1739,0.1576,0.1899
floor_0.05+cautious_z1,both,G6,r6_lag,-0.2032,-0.2424,-0.1625
floor_0.05+cautious_z1,both,G6,r7_error_5,0.9205,0.8746,0.9674
floor_0.05+cautious_z1,both,G6,r7_error_10,0.8556,0.8142,0.9010
floor_0.05+cautious_z1,both,G6,r7_longest_wrong,1.8080,1.7520,1.8650
floor_0.05+cautious_z1,both,G6,r7_hard_first,0.1397,0.1277,0.1513
floor_0.05+cautious_z1,both,G6,r4b_chance_below_0.5,0.1087,0.0976,0.1220
floor_0.05+cautious_z1,both,G6,r4b_chance_0.5_to_0.6,0.1157,0.1066,0.1253
floor_0.05+cautious_z1,both,G6,r4b_chance_0.6_to_0.7,0.2362,0.2239,0.2484
floor_0.05+cautious_z1,both,G6,r4b_chance_0.7_to_0.8,0.3121,0.2976,0.3266
floor_0.05+cautious_z1,both,G6,r4b_chance_0.8_up,0.2274,0.2133,0.2422
floor_0.05+cautious_z1,both,G6,r3_reachable,0.7819,0.7675,0.7971
floor_0.05+cautious_z1,both,G6,r8_rank_6_20,3.8400,3.3933,4.2867
floor_0.05+cautious_z1,both,G6,r8_topic_rank_6_20,18.2067,17.2200,19.2133
floor_0.05+cautious_z1,both,G6,r8_rank_150_200,1.5353,1.3157,1.7588
floor_0.05+cautious_z1,both,G6,r8_topic_rank_150_200,8.6431,8.2843,9.0255
floor_0.05+cautious_z1,both,G6,r9_kept_up_6_50,-0.0179,-0.0244,-0.0114
floor_0.05+cautious_z1,both,G6,r9_kept_up_101_200,-0.0066,-0.0092,-0.0039
floor_0.05+cautious_z1,both,G6,r10_shown,3.5860,3.3190,3.8570
floor_0.05+cautious_z1,both,G6,r2_ece,0.0145,0.0114,0.0175
floor_0.05+cautious_z1,both,G6,r4b_3,0.1712,0.1568,0.1857
floor_0.05+cautious_z1,both,G6,r4b_5,0.2092,0.1927,0.2271
floor_0.05+cautious_z1,both,G6,r4b_10,0.2235,0.2046,0.2417
floor_0.05+cautious_z1,both,G6,r4b_20,0.2301,0.2110,0.2488
floor_0.05+cautious_z1,both,G6,r4b_50,0.2368,0.2151,0.2611
floor_0.05+cautious_z1,both,G6,r8_move_p95_6_20,73.0000,73.0000,74.0000
floor_0.05+cautious_z1,both,G6,r8_move_p95_150_200,40.0000,40.0000,41.0000
floor_0.05+cautious_z1,both,G6,r9_kept_up_later_less_earlier,0.0113,0.0055,0.0171
floor_0.05+cautious_z1,both,G6,r10_taken_back_5,0.2009,0.1798,0.2227
floor_0.05+cautious_z1,both,G6,r10_taken_back_10,0.3685,0.3371,0.4021
floor_0.05+cautious_z1,both,G7,r1_rms_5,1.0109,0.9735,1.0498
floor_0.05+cautious_z1,both,G7,r1_mean_5,-0.0813,-0.1461,-0.0146
floor_0.05+cautious_z1,both,G7,r1_rms_10,0.9580,0.9272,0.9924
floor_0.05+cautious_z1,both,G7,r1_mean_10,-0.1180,-0.1776,-0.0594
floor_0.05+cautious_z1,both,G7,r1_rms_20,0.8697,0.8436,0.8981
floor_0.05+cautious_z1,both,G7,r1_mean_20,-0.1359,-0.1854,-0.0825
floor_0.05+cautious_z1,both,G7,r1_rms_50,0.7331,0.7121,0.7532
floor_0.05+cautious_z1,both,G7,r1_mean_50,-0.1527,-0.1903,-0.1141
floor_0.05+cautious_z1,both,G7,r1_rms_100,0.6343,0.6208,0.6475
floor_0.05+cautious_z1,both,G7,r1_mean_100,-0.1594,-0.1885,-0.1313
floor_0.05+cautious_z1,both,G7,r1_rms_200,0.5599,0.5501,0.5703
floor_0.05+cautious_z1,both,G7,r1_mean_200,-0.1623,-0.1848,-0.1395
floor_0.05+cautious_z1,both,G7,r2_brier,0.1738,0.1721,0.1755
floor_0.05+cautious_z1,both,G7,r2_bias,0.0047,0.0020,0.0077
floor_0.05+cautious_z1,both,G7,r3_inside,0.4279,0.4221,0.4331
floor_0.05+cautious_z1,both,G7,r3_below_0.5,0.0386,0.0349,0.0426
floor_0.05+cautious_z1,both,G7,r3_above_0.95,0.0303,0.0272,0.0334
floor_0.05+cautious_z1,both,G7,r4_false,0.0398,0.0342,0.0458
floor_0.05+cautious_z1,both,G7,r4_false_0.70,0.0101,0.0077,0.0125
floor_0.05+cautious_z1,both,G7,r4_below,0.5609,0.5414,0.5807
floor_0.05+cautious_z1,both,G7,r4_false_at_task,0.0359,0.0265,0.0458
floor_0.05+cautious_z1,both,G7,r4_declared,8.1310,7.7480,8.5220
floor_0.05+cautious_z1,both,G7,r5_late_answers,4.6028,4.4320,4.7744
floor_0.05+cautious_z1,both,G7,r5_never,0.1700,0.1561,0.1845
floor_0.05+cautious_z1,both,G7,r6_lag,-0.1524,-0.1749,-0.1298
floor_0.05+cautious_z1,both,G7,r7_error_5,0.8694,0.8293,0.9143
floor_0.05+cautious_z1,both,G7,r7_error_10,0.8061,0.7690,0.8465
floor_0.05+cautious_z1,both,G7,r7_longest_wrong,1.8030,1.7490,1.8630
floor_0.05+cautious_z1,both,G7,r7_hard_first,0.1375,0.1266,0.1488
floor_0.05+cautious_z1,both,G7,r4b_chance_below_0.5,0.0881,0.0784,0.1003
floor_0.05+cautious_z1,both,G7,r4b_chance_0.5_to_0.6,0.1212,0.1158,0.1269
floor_0.05+cautious_z1,both,G7,r4b_chance_0.6_to_0.7,0.2118,0.2058,0.2177
floor_0.05+cautious_z1,both,G7,r4b_chance_0.7_to_0.8,0.2859,0.2791,0.2926
floor_0.05+cautious_z1,both,G7,r4b_chance_0.8_up,0.2931,0.2807,0.3053
floor_0.05+cautious_z1,both,G7,r3_reachable,0.9324,0.9236,0.9407
floor_0.05+cautious_z1,both,G7,r8_rank_6_20,3.7533,3.2933,4.2333
floor_0.05+cautious_z1,both,G7,r8_topic_rank_6_20,18.0600,17.2000,19.0267
floor_0.05+cautious_z1,both,G7,r8_rank_150_200,1.5137,1.2765,1.7647
floor_0.05+cautious_z1,both,G7,r8_topic_rank_150_200,8.8373,8.4490,9.2176
floor_0.05+cautious_z1,both,G7,r9_kept_up_6_50,-0.0114,-0.0181,-0.0050
floor_0.05+cautious_z1,both,G7,r9_kept_up_101_200,-0.0005,-0.0031,0.0020
floor_0.05+cautious_z1,both,G7,r10_shown,3.5770,3.3330,3.8180
floor_0.05+cautious_z1,both,G7,r2_ece,0.0066,0.0037,0.0094
floor_0.05+cautious_z1,both,G7,r4b_3,0.1596,0.1471,0.1727
floor_0.05+cautious_z1,both,G7,r4b_5,0.1848,0.1711,0.1990
floor_0.05+cautious_z1,both,G7,r4b_10,0.1978,0.1820,0.2143
floor_0.05+cautious_z1,both,G7,r4b_20,0.2060,0.1893,0.2224
floor_0.05+cautious_z1,both,G7,r4b_50,0.2194,0.1988,0.2423
floor_0.05+cautious_z1,both,G7,r8_move_p95_6_20,73.0000,73.0000,74.0000
floor_0.05+cautious_z1,both,G7,r8_move_p95_150_200,40.0000,40.0000,41.0000
floor_0.05+cautious_z1,both,G7,r9_kept_up_later_less_earlier,0.0109,0.0054,0.0166
floor_0.05+cautious_z1,both,G7,r10_taken_back_5,0.2004,0.1813,0.2214
floor_0.05+cautious_z1,both,G7,r10_taken_back_10,0.4068,0.3700,0.4452
floor_0.05+cautious_z1,both,G8,r1_rms_5,1.0037,0.9693,1.0386
floor_0.05+cautious_z1,both,G8,r1_mean_5,-0.0258,-0.0948,0.0367
floor_0.05+cautious_z1,both,G8,r1_rms_10,0.9367,0.9049,0.9685
floor_0.05+cautious_z1,both,G8,r1_mean_10,-0.0522,-0.1127,0.0078
floor_0.05+cautious_z1,both,G8,r1_rms_20,0.8482,0.8216,0.8754
floor_0.05+cautious_z1,both,G8,r1_mean_20,-0.0786,-0.1289,-0.0277
floor_0.05+cautious_z1,both,G8,r1_rms_50,0.6880,0.6698,0.7063
floor_0.05+cautious_z1,both,G8,r1_mean_50,-0.1081,-0.1430,-0.0726
floor_0.05+cautious_z1,both,G8,r1_rms_100,0.5759,0.5649,0.5879
floor_0.05+cautious_z1,both,G8,r1_mean_100,-0.1222,-0.1457,-0.0994
floor_0.05+cautious_z1,both,G8,r1_rms_200,0.4909,0.4827,0.4994
floor_0.05+cautious_z1,both,G8,r1_mean_200,-0.1022,-0.1183,-0.0861
floor_0.05+cautious_z1,both,G8,r2_brier,0.1733,0.1717,0.1751
floor_0.05+cautious_z1,both,G8,r2_bias,0.0037,0.0007,0.0067
floor_0.05+cautious_z1,both,G8,r3_inside,0.4274,0.4222,0.4330
floor_0.05+cautious_z1,both,G8,r3_below_0.5,0.0355,0.0324,0.0392
floor_0.05+cautious_z1,both,G8,r3_above_0.95,0.0324,0.0288,0.0361
floor_0.05+cautious_z1,both,G8,r4_false,0.0361,0.0305,0.0420
floor_0.05+cautious_z1,both,G8,r4_false_0.70,0.0080,0.0058,0.0103
floor_0.05+cautious_z1,both,G8,r4_below,0.5645,0.5452,0.5840
floor_0.05+cautious_z1,both,G8,r4_false_at_task,0.0329,0.0254,0.0414
floor_0.05+cautious_z1,both,G8,r4_declared,8.1630,7.7670,8.5540
floor_0.05+cautious_z1,both,G8,r5_late_answers,5.0476,4.8692,5.2215
floor_0.05+cautious_z1,both,G8,r5_never,0.1964,0.1818,0.2122
floor_0.05+cautious_z1,both,G8,r6_lag,-0.1106,-0.1266,-0.0928
floor_0.05+cautious_z1,both,G8,r7_error_5,0.8571,0.8189,0.8980
floor_0.05+cautious_z1,both,G8,r7_error_10,0.7828,0.7462,0.8209
floor_0.05+cautious_z1,both,G8,r7_longest_wrong,1.7480,1.6970,1.7980
floor_0.05+cautious_z1,both,G8,r7_hard_first,0.1378,0.1268,0.1499
floor_0.05+cautious_z1,both,G8,r4b_chance_below_0.5,0.0791,0.0711,0.0876
floor_0.05+cautious_z1,both,G8,r4b_chance_0.5_to_0.6,0.1234,0.1172,0.1302
floor_0.05+cautious_z1,both,G8,r4b_chance_0.6_to_0.7,0.2177,0.2114,0.2236
floor_0.05+cautious_z1,both,G8,r4b_chance_0.7_to_0.8,0.2929,0.2861,0.2998
floor_0.05+cautious_z1,both,G8,r4b_chance_0.8_up,0.2869,0.2733,0.2998
floor_0.05+cautious_z1,both,G8,r3_reachable,0.9393,0.9312,0.9468
floor_0.05+cautious_z1,both,G8,r8_rank_6_20,3.0533,2.6400,3.4933
floor_0.05+cautious_z1,both,G8,r8_topic_rank_6_20,17.7467,16.8667,18.6667
floor_0.05+cautious_z1,both,G8,r8_rank_150_200,1.7137,1.4588,1.9863
floor_0.05+cautious_z1,both,G8,r8_topic_rank_150_200,8.9647,8.5804,9.3608
floor_0.05+cautious_z1,both,G8,r9_kept_up_6_50,-0.0143,-0.0213,-0.0074
floor_0.05+cautious_z1,both,G8,r9_kept_up_101_200,0.0027,-0.0003,0.0055
floor_0.05+cautious_z1,both,G8,r10_shown,3.6490,3.4040,3.9000
floor_0.05+cautious_z1,both,G8,r2_ece,0.0057,0.0033,0.0087
floor_0.05+cautious_z1,both,G8,r4b_3,0.1456,0.1335,0.1576
floor_0.05+cautious_z1,both,G8,r4b_5,0.1814,0.1671,0.1960
floor_0.05+cautious_z1,both,G8,r4b_10,0.1954,0.1808,0.2107
floor_0.05+cautious_z1,both,G8,r4b_20,0.2107,0.1936,0.2289
floor_0.05+cautious_z1,both,G8,r4b_50,0.2130,0.1953,0.2321
floor_0.05+cautious_z1,both,G8,r8_move_p95_6_20,73.0000,73.0000,74.0000
floor_0.05+cautious_z1,both,G8,r8_move_p95_150_200,41.0000,40.0000,41.0000
floor_0.05+cautious_z1,both,G8,r9_kept_up_later_less_earlier,0.0169,0.0104,0.0236
floor_0.05+cautious_z1,both,G8,r10_taken_back_5,0.1777,0.1582,0.1982
floor_0.05+cautious_z1,both,G8,r10_taken_back_10,0.3682,0.3348,0.4048
floor_0.05+cautious_z1,both,G0-exact,r1_rms_5,0.9667,0.9323,1.0025
floor_0.05+cautious_z1,both,G0-exact,r1_mean_5,-0.0739,-0.1405,-0.0140
floor_0.05+cautious_z1,both,G0-exact,r1_rms_10,0.8980,0.8699,0.9268
floor_0.05+cautious_z1,both,G0-exact,r1_mean_10,-0.0833,-0.1383,-0.0305
floor_0.05+cautious_z1,both,G0-exact,r1_rms_20,0.8090,0.7845,0.8339
floor_0.05+cautious_z1,both,G0-exact,r1_mean_20,-0.0879,-0.1328,-0.0401
floor_0.05+cautious_z1,both,G0-exact,r1_rms_50,0.6566,0.6416,0.6727
floor_0.05+cautious_z1,both,G0-exact,r1_mean_50,-0.0838,-0.1174,-0.0527
floor_0.05+cautious_z1,both,G0-exact,r1_rms_100,0.5451,0.5349,0.5555
floor_0.05+cautious_z1,both,G0-exact,r1_mean_100,-0.0764,-0.0984,-0.0556
floor_0.05+cautious_z1,both,G0-exact,r1_rms_200,0.4745,0.4671,0.4820
floor_0.05+cautious_z1,both,G0-exact,r1_mean_200,-0.0603,-0.0752,-0.0452
floor_0.05+cautious_z1,both,G0-exact,r2_brier,0.1710,0.1693,0.1726
floor_0.05+cautious_z1,both,G0-exact,r2_bias,0.0001,-0.0027,0.0030
floor_0.05+cautious_z1,both,G0-exact,r3_inside,0.5436,0.5341,0.5536
floor_0.05+cautious_z1,both,G0-exact,r3_below_0.5,0.0164,0.0139,0.0191
floor_0.05+cautious_z1,both,G0-exact,r3_above_0.95,0.0126,0.0104,0.0151
floor_0.05+cautious_z1,both,G0-exact,r4_false,0.0363,0.0311,0.0418
floor_0.05+cautious_z1,both,G0-exact,r4_false_0.70,0.0079,0.0059,0.0103
floor_0.05+cautious_z1,both,G0-exact,r4_below,0.5546,0.5351,0.5741
floor_0.05+cautious_z1,both,G0-exact,r4_false_at_task,0.0319,0.0243,0.0401
floor_0.05+cautious_z1,both,G0-exact,r4_declared,8.4580,8.0620,8.8460
floor_0.05+cautious_z1,both,G0-exact,r5_late_answers,4.8036,4.6393,4.9663
floor_0.05+cautious_z1,both,G0-exact,r5_never,0.1759,0.1611,0.1910
floor_0.05+cautious_z1,both,G0-exact,r6_lag,-0.0683,-0.0829,-0.0531
floor_0.05+cautious_z1,both,G0-exact,r7_error_5,0.8078,0.7707,0.8460
floor_0.05+cautious_z1,both,G0-exact,r7_error_10,0.7349,0.6994,0.7700
floor_0.05+cautious_z1,both,G0-exact,r7_longest_wrong,1.7240,1.6720,1.7790
floor_0.05+cautious_z1,both,G0-exact,r7_hard_first,0.1023,0.0916,0.1129
floor_0.05+cautious_z1,both,G0-exact,r4b_chance_below_0.5,0.0426,0.0364,0.0494
floor_0.05+cautious_z1,both,G0-exact,r4b_chance_0.5_to_0.6,0.0931,0.0848,0.1023
floor_0.05+cautious_z1,both,G0-exact,r4b_chance_0.6_to_0.7,0.2636,0.2486,0.2778
floor_0.05+cautious_z1,both,G0-exact,r4b_chance_0.7_to_0.8,0.3907,0.3742,0.4082
floor_0.05+cautious_z1,both,G0-exact,r4b_chance_0.8_up,0.2100,0.1950,0.2260
floor_0.05+cautious_z1,both,G0-exact,r3_reachable,0.9391,0.9312,0.9461
floor_0.05+cautious_z1,both,G0-exact,r8_rank_6_20,3.9400,3.4800,4.3933
floor_0.05+cautious_z1,both,G0-exact,r8_topic_rank_6_20,18.1133,17.1600,19.0733
floor_0.05+cautious_z1,both,G0-exact,r8_rank_150_200,1.7588,1.5000,2.0275
floor_0.05+cautious_z1,both,G0-exact,r8_topic_rank_150_200,8.8216,8.4216,9.2157
floor_0.05+cautious_z1,both,G0-exact,r9_kept_up_6_50,-0.0032,-0.0097,0.0031
floor_0.05+cautious_z1,both,G0-exact,r9_kept_up_101_200,0.0027,0.0002,0.0051
floor_0.05+cautious_z1,both,G0-exact,r10_shown,3.7710,3.5270,4.0320
floor_0.05+cautious_z1,both,G0-exact,r2_ece,0.0017,0.0010,0.0044
floor_0.05+cautious_z1,both,G0-exact,r4b_3,0.1573,0.1445,0.1698
floor_0.05+cautious_z1,both,G0-exact,r4b_5,0.1875,0.1728,0.2020
floor_0.05+cautious_z1,both,G0-exact,r4b_10,0.2016,0.1860,0.2175
floor_0.05+cautious_z1,both,G0-exact,r4b_20,0.2165,0.2002,0.2331
floor_0.05+cautious_z1,both,G0-exact,r4b_50,0.2291,0.2076,0.2538
floor_0.05+cautious_z1,both,G0-exact,r8_move_p95_6_20,73.0000,73.0000,73.0000
floor_0.05+cautious_z1,both,G0-exact,r8_move_p95_150_200,41.0000,40.0000,41.0000
floor_0.05+cautious_z1,both,G0-exact,r9_kept_up_later_less_earlier,0.0060,0.0001,0.0121
floor_0.05+cautious_z1,both,G0-exact,r10_taken_back_5,0.1625,0.1425,0.1825
floor_0.05+cautious_z1,both,G0-exact,r10_taken_back_10,0.3387,0.3036,0.3718
floor_0.05+cautious_z1,both,G0-miss0.25,r1_rms_5,1.0025,0.9665,1.0371
floor_0.05+cautious_z1,both,G0-miss0.25,r1_mean_5,0.0650,-0.0008,0.1317
floor_0.05+cautious_z1,both,G0-miss0.25,r1_rms_10,0.9285,0.8983,0.9587
floor_0.05+cautious_z1,both,G0-miss0.25,r1_mean_10,0.0265,-0.0326,0.0852
floor_0.05+cautious_z1,both,G0-miss0.25,r1_rms_20,0.8237,0.8004,0.8465
floor_0.05+cautious_z1,both,G0-miss0.25,r1_mean_20,0.0050,-0.0424,0.0526
floor_0.05+cautious_z1,both,G0-miss0.25,r1_rms_50,0.6606,0.6443,0.6774
floor_0.05+cautious_z1,both,G0-miss0.25,r1_mean_50,-0.0341,-0.0683,-0.0004
floor_0.05+cautious_z1,both,G0-miss0.25,r1_rms_100,0.5448,0.5344,0.5559
floor_0.05+cautious_z1,both,G0-miss0.25,r1_mean_100,-0.0525,-0.0739,-0.0316
floor_0.05+cautious_z1,both,G0-miss0.25,r1_rms_200,0.4743,0.4668,0.4820
floor_0.05+cautious_z1,both,G0-miss0.25,r1_mean_200,-0.0455,-0.0612,-0.0294
floor_0.05+cautious_z1,both,G0-miss0.25,r2_brier,0.1743,0.1725,0.1759
floor_0.05+cautious_z1,both,G0-miss0.25,r2_bias,0.0055,0.0026,0.0085
floor_0.05+cautious_z1,both,G0-miss0.25,r3_inside,0.5108,0.5034,0.5184
floor_0.05+cautious_z1,both,G0-miss0.25,r3_below_0.5,0.0252,0.0221,0.0286
floor_0.05+cautious_z1,both,G0-miss0.25,r3_above_0.95,0.0136,0.0115,0.0159
floor_0.05+cautious_z1,both,G0-miss0.25,r4_false,0.0490,0.0420,0.0559
floor_0.05+cautious_z1,both,G0-miss0.25,r4_false_0.70,0.0076,0.0054,0.0100
floor_0.05+cautious_z1,both,G0-miss0.25,r4_below,0.5524,0.5340,0.5720
floor_0.05+cautious_z1,both,G0-miss0.25,r4_false_at_task,0.0511,0.0403,0.0621
floor_0.05+cautious_z1,both,G0-miss0.25,r4_declared,8.1810,7.7870,8.5740
floor_0.05+cautious_z1,both,G0-miss0.25,r5_late_answers,4.6540,4.4808,4.8398
floor_0.05+cautious_z1,both,G0-miss0.25,r5_never,0.1722,0.1589,0.1863
floor_0.05+cautious_z1,both,G0-miss0.25,r6_lag,-0.0558,-0.0721,-0.0406
floor_0.05+cautious_z1,both,G0-miss0.25,r7_error_5,0.8623,0.8234,0.9014
floor_0.05+cautious_z1,both,G0-miss0.25,r7_error_10,0.7766,0.7425,0.8131
floor_0.05+cautious_z1,both,G0-miss0.25,r7_longest_wrong,1.8000,1.7460,1.8580
floor_0.05+cautious_z1,both,G0-miss0.25,r7_hard_first,0.1421,0.1299,0.1542
floor_0.05+cautious_z1,both,G0-miss0.25,r4b_chance_below_0.5,0.0612,0.0540,0.0695
floor_0.05+cautious_z1,both,G0-miss0.25,r4b_chance_0.5_to_0.6,0.1083,0.1013,0.1157
floor_0.05+cautious_z1,both,G0-miss0.25,r4b_chance_0.6_to_0.7,0.2509,0.2419,0.2599
floor_0.05+cautious_z1,both,G0-miss0.25,r4b_chance_0.7_to_0.8,0.3498,0.3389,0.3603
floor_0.05+cautious_z1,both,G0-miss0.25,r4b_chance_0.8_up,0.2297,0.2158,0.2437
floor_0.05+cautious_z1,both,G0-miss0.25,r3_reachable,0.9397,0.9324,0.9465
floor_0.05+cautious_z1,both,G0-miss0.25,r8_rank_6_20,3.5867,3.1600,4.0533
floor_0.05+cautious_z1,both,G0-miss0.25,r8_topic_rank_6_20,17.8667,16.9733,18.7800
floor_0.05+cautious_z1,both,G0-miss0.25,r8_rank_150_200,2.0196,1.7373,2.3353
floor_0.05+cautious_z1,both,G0-miss0.25,r8_topic_rank_150_200,8.7510,8.3824,9.1275
floor_0.05+cautious_z1,both,G0-miss0.25,r9_kept_up_6_50,-0.0167,-0.0236,-0.0098
floor_0.05+cautious_z1,both,G0-miss0.25,r9_kept_up_101_200,0.0012,-0.0012,0.0039
floor_0.05+cautious_z1,both,G0-miss0.25,r10_shown,3.7390,3.4920,3.9770
floor_0.05+cautious_z1,both,G0-miss0.25,r2_ece,0.0075,0.0047,0.0103
floor_0.05+cautious_z1,both,G0-miss0.25,r4b_3,0.1635,0.1501,0.1771
floor_0.05+cautious_z1,both,G0-miss0.25,r4b_5,0.1960,0.1816,0.2111
floor_0.05+cautious_z1,both,G0-miss0.25,r4b_10,0.2118,0.1959,0.2272
floor_0.05+cautious_z1,both,G0-miss0.25,r4b_20,0.2201,0.2033,0.2365
floor_0.05+cautious_z1,both,G0-miss0.25,r4b_50,0.2329,0.2126,0.2559
floor_0.05+cautious_z1,both,G0-miss0.25,r8_move_p95_6_20,73.0000,73.0000,74.0000
floor_0.05+cautious_z1,both,G0-miss0.25,r8_move_p95_150_200,40.0000,40.0000,41.0000
floor_0.05+cautious_z1,both,G0-miss0.25,r9_kept_up_later_less_earlier,0.0179,0.0117,0.0242
floor_0.05+cautious_z1,both,G0-miss0.25,r10_taken_back_5,0.1738,0.1528,0.1931
floor_0.05+cautious_z1,both,G0-miss0.25,r10_taken_back_10,0.3505,0.3138,0.3879
floor_0.05+cautious_z1,both,G0-miss1,r1_rms_5,1.0575,1.0181,1.0980
floor_0.05+cautious_z1,both,G0-miss1,r1_mean_5,-0.0953,-0.1696,-0.0232
floor_0.05+cautious_z1,both,G0-miss1,r1_rms_10,0.9780,0.9462,1.0133
floor_0.05+cautious_z1,both,G0-miss1,r1_mean_10,-0.1215,-0.1839,-0.0577
floor_0.05+cautious_z1,both,G0-miss1,r1_rms_20,0.8792,0.8498,0.9081
floor_0.05+cautious_z1,both,G0-miss1,r1_mean_20,-0.1417,-0.1953,-0.0898
floor_0.05+cautious_z1,both,G0-miss1,r1_rms_50,0.7367,0.7167,0.7566
floor_0.05+cautious_z1,both,G0-miss1,r1_mean_50,-0.1803,-0.2192,-0.1439
floor_0.05+cautious_z1,both,G0-miss1,r1_rms_100,0.6272,0.6124,0.6410
floor_0.05+cautious_z1,both,G0-miss1,r1_mean_100,-0.2077,-0.2354,-0.1827
floor_0.05+cautious_z1,both,G0-miss1,r1_rms_200,0.5452,0.5359,0.5548
floor_0.05+cautious_z1,both,G0-miss1,r1_mean_200,-0.2136,-0.2303,-0.1969
floor_0.05+cautious_z1,both,G0-miss1,r2_brier,0.1758,0.1740,0.1776
floor_0.05+cautious_z1,both,G0-miss1,r2_bias,0.0070,0.0038,0.0102
floor_0.05+cautious_z1,both,G0-miss1,r3_inside,0.2972,0.2943,0.3000
floor_0.05+cautious_z1,both,G0-miss1,r3_below_0.5,0.0888,0.0846,0.0931
floor_0.05+cautious_z1,both,G0-miss1,r3_above_0.95,0.1082,0.1036,0.1133
floor_0.05+cautious_z1,both,G0-miss1,r4_false,0.0380,0.0318,0.0447
floor_0.05+cautious_z1,both,G0-miss1,r4_false_0.70,0.0079,0.0058,0.0105
floor_0.05+cautious_z1,both,G0-miss1,r4_below,0.5584,0.5394,0.5770
floor_0.05+cautious_z1,both,G0-miss1,r4_false_at_task,0.0360,0.0273,0.0456
floor_0.05+cautious_z1,both,G0-miss1,r4_declared,8.3080,7.9140,8.6870
floor_0.05+cautious_z1,both,G0-miss1,r5_late_answers,4.6269,4.4330,4.8072
floor_0.05+cautious_z1,both,G0-miss1,r5_never,0.2193,0.2030,0.2351
floor_0.05+cautious_z1,both,G0-miss1,r6_lag,-0.2165,-0.2343,-0.1974
floor_0.05+cautious_z1,both,G0-miss1,r7_error_5,0.9087,0.8652,0.9537
floor_0.05+cautious_z1,both,G0-miss1,r7_error_10,0.8279,0.7876,0.8694
floor_0.05+cautious_z1,both,G0-miss1,r7_longest_wrong,1.8220,1.7700,1.8780
floor_0.05+cautious_z1,both,G0-miss1,r7_hard_first,0.1714,0.1602,0.1827
floor_0.05+cautious_z1,both,G0-miss1,r4b_chance_below_0.5,0.1540,0.1452,0.1633
floor_0.05+cautious_z1,both,G0-miss1,r4b_chance_0.5_to_0.6,0.1174,0.1137,0.1210
floor_0.05+cautious_z1,both,G0-miss1,r4b_chance_0.6_to_0.7,0.1487,0.1453,0.1523
floor_0.05+cautious_z1,both,G0-miss1,r4b_chance_0.7_to_0.8,0.1918,0.1883,0.1955
floor_0.05+cautious_z1,both,G0-miss1,r4b_chance_0.8_up,0.3881,0.3774,0.3993
floor_0.05+cautious_z1,both,G0-miss1,r3_reachable,0.9450,0.9376,0.9519
floor_0.05+cautious_z1,both,G0-miss1,r8_rank_6_20,3.2133,2.8000,3.6667
floor_0.05+cautious_z1,both,G0-miss1,r8_topic_rank_6_20,17.3133,16.4133,18.2000
floor_0.05+cautious_z1,both,G0-miss1,r8_rank_150_200,1.8137,1.5353,2.0843
floor_0.05+cautious_z1,both,G0-miss1,r8_topic_rank_150_200,8.6863,8.3000,9.0608
floor_0.05+cautious_z1,both,G0-miss1,r9_kept_up_6_50,-0.0158,-0.0226,-0.0095
floor_0.05+cautious_z1,both,G0-miss1,r9_kept_up_101_200,-0.0006,-0.0033,0.0020
floor_0.05+cautious_z1,both,G0-miss1,r10_shown,3.7660,3.5230,4.0250
floor_0.05+cautious_z1,both,G0-miss1,r2_ece,0.0088,0.0058,0.0118
floor_0.05+cautious_z1,both,G0-miss1,r4b_3,0.1645,0.1510,0.1778
floor_0.05+cautious_z1,both,G0-miss1,r4b_5,0.1964,0.1814,0.2117
floor_0.05+cautious_z1,both,G0-miss1,r4b_10,0.2051,0.1897,0.2207
floor_0.05+cautious_z1,both,G0-miss1,r4b_20,0.2119,0.1952,0.2293
floor_0.05+cautious_z1,both,G0-miss1,r4b_50,0.2119,0.1953,0.2291
floor_0.05+cautious_z1,both,G0-miss1,r8_move_p95_6_20,73.0000,73.0000,73.0000
floor_0.05+cautious_z1,both,G0-miss1,r8_move_p95_150_200,41.0000,40.0000,41.0000
floor_0.05+cautious_z1,both,G0-miss1,r9_kept_up_later_less_earlier,0.0152,0.0090,0.0209
floor_0.05+cautious_z1,both,G0-miss1,r10_taken_back_5,0.1641,0.1457,0.1839
floor_0.05+cautious_z1,both,G0-miss1,r10_taken_back_10,0.3583,0.3206,0.3956
floor_0.05+cautious_z1,both,G2-half,r1_rms_5,1.0035,0.9682,1.0407
floor_0.05+cautious_z1,both,G2-half,r1_mean_5,-0.0551,-0.1220,0.0122
floor_0.05+cautious_z1,both,G2-half,r1_rms_10,0.9432,0.9134,0.9757
floor_0.05+cautious_z1,both,G2-half,r1_mean_10,-0.0973,-0.1588,-0.0375
floor_0.05+cautious_z1,both,G2-half,r1_rms_20,0.8455,0.8197,0.8726
floor_0.05+cautious_z1,both,G2-half,r1_mean_20,-0.1585,-0.2081,-0.1064
floor_0.05+cautious_z1,both,G2-half,r1_rms_50,0.7203,0.7017,0.7402
floor_0.05+cautious_z1,both,G2-half,r1_mean_50,-0.2913,-0.3269,-0.2567
floor_0.05+cautious_z1,both,G2-half,r1_rms_100,0.7013,0.6854,0.7178
floor_0.05+cautious_z1,both,G2-half,r1_mean_100,-0.4494,-0.4750,-0.4257
floor_0.05+cautious_z1,both,G2-half,r1_rms_200,0.7345,0.7209,0.7486
floor_0.05+cautious_z1,both,G2-half,r1_mean_200,-0.5765,-0.5931,-0.5593
floor_0.05+cautious_z1,both,G2-half,r2_brier,0.1516,0.1500,0.1532
floor_0.05+cautious_z1,both,G2-half,r2_bias,-0.0368,-0.0396,-0.0339
floor_0.05+cautious_z1,both,G2-half,r3_inside,0.3747,0.3686,0.3806
floor_0.05+cautious_z1,both,G2-half,r3_below_0.5,0.0224,0.0203,0.0248
floor_0.05+cautious_z1,both,G2-half,r3_above_0.95,0.0623,0.0575,0.0675
floor_0.05+cautious_z1,both,G2-half,r4_false,0.0168,0.0135,0.0203
floor_0.05+cautious_z1,both,G2-half,r4_false_0.70,0.0027,0.0017,0.0038
floor_0.05+cautious_z1,both,G2-half,r4_below,0.5850,0.5662,0.6056
floor_0.05+cautious_z1,both,G2-half,r4_false_at_task,0.0141,0.0095,0.0189
floor_0.05+cautious_z1,both,G2-half,r4_declared,9.7300,9.3380,10.1150
floor_0.05+cautious_z1,both,G2-half,r5_late_answers,6.0485,5.8484,6.2475
floor_0.05+cautious_z1,both,G2-half,r5_never,0.3204,0.3057,0.3361
floor_0.05+cautious_z1,both,G2-half,r6_lag,-0.5377,-0.5555,-0.5200
floor_0.05+cautious_z1,both,G2-half,r7_error_5,0.8583,0.8210,0.9008
floor_0.05+cautious_z1,both,G2-half,r7_error_10,0.7894,0.7542,0.8244
floor_0.05+cautious_z1,both,G2-half,r7_longest_wrong,1.7240,1.6710,1.7790
floor_0.05+cautious_z1,both,G2-half,r7_hard_first,0.1321,0.1213,0.1437
floor_0.05+cautious_z1,both,G2-half,r4b_chance_below_0.5,0.0643,0.0583,0.0710
floor_0.05+cautious_z1,both,G2-half,r4b_chance_0.5_to_0.6,0.0887,0.0835,0.0936
floor_0.05+cautious_z1,both,G2-half,r4b_chance_0.6_to_0.7,0.1687,0.1623,0.1751
floor_0.05+cautious_z1,both,G2-half,r4b_chance_0.7_to_0.8,0.2684,0.2622,0.2746
floor_0.05+cautious_z1,both,G2-half,r4b_chance_0.8_up,0.4099,0.3967,0.4245
floor_0.05+cautious_z1,both,G2-half,r3_reachable,0.9589,0.9549,0.9625
floor_0.05+cautious_z1,both,G2-half,r8_rank_6_20,3.6000,3.1333,4.0800
floor_0.05+cautious_z1,both,G2-half,r8_topic_rank_6_20,17.1533,16.2400,18.0533
floor_0.05+cautious_z1,both,G2-half,r8_rank_150_200,1.6725,1.4314,1.9157
floor_0.05+cautious_z1,both,G2-half,r8_topic_rank_150_200,8.8157,8.4020,9.2451
floor_0.05+cautious_z1,both,G2-half,r9_kept_up_6_50,0.0045,-0.0022,0.0112
floor_0.05+cautious_z1,both,G2-half,r9_kept_up_101_200,0.0582,0.0557,0.0604
floor_0.05+cautious_z1,both,G2-half,r10_shown,4.1240,3.8520,4.4050
floor_0.05+cautious_z1,both,G2-half,r2_ece,0.0368,0.0339,0.0396
floor_0.05+cautious_z1,both,G2-half,r4b_3,0.1563,0.1443,0.1688
floor_0.05+cautious_z1,both,G2-half,r4b_5,0.1903,0.1765,0.2044
floor_0.05+cautious_z1,both,G2-half,r4b_10,0.2245,0.2080,0.2411
floor_0.05+cautious_z1,both,G2-half,r4b_20,0.2531,0.2334,0.2739
floor_0.05+cautious_z1,both,G2-half,r4b_50,0.2603,0.2357,0.2871
floor_0.05+cautious_z1,both,G2-half,r8_move_p95_6_20,73.0000,73.0000,73.0000
floor_0.05+cautious_z1,both,G2-half,r8_move_p95_150_200,40.0000,40.0000,41.0000
floor_0.05+cautious_z1,both,G2-half,r9_kept_up_later_less_earlier,0.0536,0.0478,0.0601
floor_0.05+cautious_z1,both,G2-half,r10_taken_back_5,0.1083,0.0943,0.1226
floor_0.05+cautious_z1,both,G2-half,r10_taken_back_10,0.2199,0.1950,0.2476
floor_0.05+cautious_z1,both,G2-fading,r1_rms_5,1.0200,0.9836,1.0594
floor_0.05+cautious_z1,both,G2-fading,r1_mean_5,-0.0023,-0.0718,0.0626
floor_0.05+cautious_z1,both,G2-fading,r1_rms_10,0.9375,0.9044,0.9695
floor_0.05+cautious_z1,both,G2-fading,r1_mean_10,-0.0779,-0.1392,-0.0169
floor_0.05+cautious_z1,both,G2-fading,r1_rms_20,0.8523,0.8255,0.8808
floor_0.05+cautious_z1,both,G2-fading,r1_mean_20,-0.1712,-0.2224,-0.1221
floor_0.05+cautious_z1,both,G2-fading,r1_rms_50,0.7390,0.7169,0.7606
floor_0.05+cautious_z1,both,G2-fading,r1_mean_50,-0.3309,-0.3650,-0.2948
floor_0.05+cautious_z1,both,G2-fading,r1_rms_100,0.6828,0.6661,0.6996
floor_0.05+cautious_z1,both,G2-fading,r1_mean_100,-0.4137,-0.4397,-0.3892
floor_0.05+cautious_z1,both,G2-fading,r1_rms_200,0.6069,0.5958,0.6178
floor_0.05+cautious_z1,both,G2-fading,r1_mean_200,-0.3875,-0.4040,-0.3705
floor_0.05+cautious_z1,both,G2-fading,r2_brier,0.1558,0.1542,0.1575
floor_0.05+cautious_z1,both,G2-fading,r2_bias,-0.0283,-0.0313,-0.0255
floor_0.05+cautious_z1,both,G2-fading,r3_inside,0.3903,0.3839,0.3966
floor_0.05+cautious_z1,both,G2-fading,r3_below_0.5,0.0233,0.0209,0.0257
floor_0.05+cautious_z1,both,G2-fading,r3_above_0.95,0.0559,0.0511,0.0612
floor_0.05+cautious_z1,both,G2-fading,r4_false,0.0193,0.0157,0.0233
floor_0.05+cautious_z1,both,G2-fading,r4_false_0.70,0.0041,0.0026,0.0058
floor_0.05+cautious_z1,both,G2-fading,r4_below,0.5711,0.5514,0.5917
floor_0.05+cautious_z1,both,G2-fading,r4_false_at_task,0.0145,0.0098,0.0197
floor_0.05+cautious_z1,both,G2-fading,r4_declared,9.0050,8.6120,9.4210
floor_0.05+cautious_z1,both,G2-fading,r5_late_answers,5.4621,5.2675,5.6619
floor_0.05+cautious_z1,both,G2-fading,r5_never,0.2942,0.2791,0.3110
floor_0.05+cautious_z1,both,G2-fading,r6_lag,-0.4146,-0.4337,-0.3968
floor_0.05+cautious_z1,both,G2-fading,r7_error_5,0.8779,0.8357,0.9194
floor_0.05+cautious_z1,both,G2-fading,r7_error_10,0.7881,0.7484,0.8262
floor_0.05+cautious_z1,both,G2-fading,r7_longest_wrong,1.7980,1.7420,1.8540
floor_0.05+cautious_z1,both,G2-fading,r7_hard_first,0.1412,0.1296,0.1528
floor_0.05+cautious_z1,both,G2-fading,r4b_chance_below_0.5,0.0601,0.0546,0.0660
floor_0.05+cautious_z1,both,G2-fading,r4b_chance_0.5_to_0.6,0.0920,0.0870,0.0972
floor_0.05+cautious_z1,both,G2-fading,r4b_chance_0.6_to_0.7,0.1777,0.1716,0.1839
floor_0.05+cautious_z1,both,G2-fading,r4b_chance_0.7_to_0.8,0.2800,0.2742,0.2855
floor_0.05+cautious_z1,both,G2-fading,r4b_chance_0.8_up,0.3903,0.3756,0.4043
floor_0.05+cautious_z1,both,G2-fading,r3_reachable,0.9573,0.9537,0.9609
floor_0.05+cautious_z1,both,G2-fading,r8_rank_6_20,3.5133,3.0800,3.9800
floor_0.05+cautious_z1,both,G2-fading,r8_topic_rank_6_20,17.0800,16.1400,18.0133
floor_0.05+cautious_z1,both,G2-fading,r8_rank_150_200,1.7608,1.5118,2.0333
floor_0.05+cautious_z1,both,G2-fading,r8_topic_rank_150_200,8.7529,8.3412,9.1569
floor_0.05+cautious_z1,both,G2-fading,r9_kept_up_6_50,0.0018,-0.0048,0.0083
floor_0.05+cautious_z1,both,G2-fading,r9_kept_up_101_200,0.0406,0.0379,0.0431
floor_0.05+cautious_z1,both,G2-fading,r10_shown,3.9060,3.6470,4.1710
floor_0.05+cautious_z1,both,G2-fading,r2_ece,0.0283,0.0254,0.0313
floor_0.05+cautious_z1,both,G2-fading,r4b_3,0.1485,0.1359,0.1612
floor_0.05+cautious_z1,both,G2-fading,r4b_5,0.1816,0.1672,0.1961
floor_0.05+cautious_z1,both,G2-fading,r4b_10,0.2025,0.1871,0.2192
floor_0.05+cautious_z1,both,G2-fading,r4b_20,0.2259,0.2069,0.2450
floor_0.05+cautious_z1,both,G2-fading,r4b_50,0.2444,0.2164,0.2765
floor_0.05+cautious_z1,both,G2-fading,r8_move_p95_6_20,73.0000,73.0000,73.0000
floor_0.05+cautious_z1,both,G2-fading,r8_move_p95_150_200,40.0000,40.0000,41.0000
floor_0.05+cautious_z1,both,G2-fading,r9_kept_up_later_less_earlier,0.0388,0.0332,0.0446
floor_0.05+cautious_z1,both,G2-fading,r10_taken_back_5,0.1212,0.1055,0.1375
floor_0.05+cautious_z1,both,G2-fading,r10_taken_back_10,0.2768,0.2435,0.3094
floor_0.05+cautious_z1,both,G3-drop,r1_rms_5,0.9710,0.9368,1.0036
floor_0.05+cautious_z1,both,G3-drop,r1_mean_5,0.0278,-0.0404,0.0926
floor_0.05+cautious_z1,both,G3-drop,r1_rms_10,0.9145,0.8841,0.9460
floor_0.05+cautious_z1,both,G3-drop,r1_mean_10,-0.0022,-0.0602,0.0534
floor_0.05+cautious_z1,both,G3-drop,r1_rms_20,0.8179,0.7934,0.8417
floor_0.05+cautious_z1,both,G3-drop,r1_mean_20,-0.0205,-0.0696,0.0278
floor_0.05+cautious_z1,both,G3-drop,r1_rms_50,0.6681,0.6522,0.6849
floor_0.05+cautious_z1,both,G3-drop,r1_mean_50,-0.0485,-0.0820,-0.0145
floor_0.05+cautious_z1,both,G3-drop,r1_rms_100,0.7075,0.6910,0.7259
floor_0.05+cautious_z1,both,G3-drop,r1_mean_100,0.3053,0.2728,0.3377
floor_0.05+cautious_z1,both,G3-drop,r1_rms_200,0.5573,0.5475,0.5684
floor_0.05+cautious_z1,both,G3-drop,r1_mean_200,0.2831,0.2656,0.3000
floor_0.05+cautious_z1,both,G3-drop,r2_brier,0.2008,0.1990,0.2027
floor_0.05+cautious_z1,both,G3-drop,r2_bias,0.0505,0.0473,0.0536
floor_0.05+cautious_z1,both,G3-drop,r3_inside,0.3870,0.3824,0.3917
floor_0.05+cautious_z1,both,G3-drop,r3_below_0.5,0.0863,0.0806,0.0922
floor_0.05+cautious_z1,both,G3-drop,r3_above_0.95,0.0200,0.0175,0.0222
floor_0.05+cautious_z1,both,G3-drop,r4_false,0.0684,0.0605,0.0768
floor_0.05+cautious_z1,both,G3-drop,r4_false_0.70,0.0222,0.0183,0.0267
floor_0.05+cautious_z1,both,G3-drop,r4_below,0.4972,0.4795,0.5155
floor_0.05+cautious_z1,both,G3-drop,r4_false_at_task,0.0655,0.0547,0.0769
floor_0.05+cautious_z1,both,G3-drop,r4_declared,8.3170,7.9380,8.7500
floor_0.05+cautious_z1,both,G3-drop,r5_late_answers,3.7060,3.5899,3.8278
floor_0.05+cautious_z1,both,G3-drop,r5_never,0.2524,0.2351,0.2704
floor_0.05+cautious_z1,both,G3-drop,r6_lag,0.3607,0.3456,0.3770
floor_0.05+cautious_z1,both,G3-drop,r6_jump_answers,47.9780,45.6080,50.0960
floor_0.05+cautious_z1,both,G3-drop,r6_jump_unsettled,0.2190,0.1930,0.2450
floor_0.05+cautious_z1,both,G3-drop,r7_error_5,0.8329,0.7915,0.8716
floor_0.05+cautious_z1,both,G3-drop,r7_error_10,0.7581,0.7213,0.7949
floor_0.05+cautious_z1,both,G3-drop,r7_longest_wrong,1.7690,1.7150,1.8240
floor_0.05+cautious_z1,both,G3-drop,r7_hard_first,0.1437,0.1326,0.1551
floor_0.05+cautious_z1,both,G3-drop,r4b_chance_below_0.5,0.1740,0.1600,0.1891
floor_0.05+cautious_z1,both,G3-drop,r4b_chance_0.5_to_0.6,0.1779,0.1725,0.1833
floor_0.05+cautious_z1,both,G3-drop,r4b_chance_0.6_to_0.7,0.2247,0.2190,0.2304
floor_0.05+cautious_z1,both,G3-drop,r4b_chance_0.7_to_0.8,0.2301,0.2232,0.2368
floor_0.05+cautious_z1,both,G3-drop,r4b_chance_0.8_up,0.1934,0.1828,0.2045
floor_0.05+cautious_z1,both,G3-drop,r3_reachable,0.8765,0.8649,0.8875
floor_0.05+cautious_z1,both,G3-drop,r8_rank_6_20,4.0400,3.5733,4.5400
floor_0.05+cautious_z1,both,G3-drop,r8_topic_rank_6_20,18.5267,17.5533,19.4800
floor_0.05+cautious_z1,both,G3-drop,r8_rank_150_200,1.8647,1.6294,2.1275
floor_0.05+cautious_z1,both,G3-drop,r8_topic_rank_150_200,9.3451,8.9176,9.7608
floor_0.05+cautious_z1,both,G3-drop,r9_kept_up_6_50,-0.0157,-0.0220,-0.0094
floor_0.05+cautious_z1,both,G3-drop,r9_kept_up_101_200,-0.0715,-0.0743,-0.0686
floor_0.05+cautious_z1,both,G3-drop,r10_shown,4.1680,3.9070,4.4380
floor_0.05+cautious_z1,both,G3-drop,r2_ece,0.0506,0.0477,0.0539
floor_0.05+cautious_z1,both,G3-drop,r4b_3,0.1507,0.1389,0.1638
floor_0.05+cautious_z1,both,G3-drop,r4b_5,0.1799,0.1658,0.1937
floor_0.05+cautious_z1,both,G3-drop,r4b_10,0.1848,0.1704,0.1988
floor_0.05+cautious_z1,both,G3-drop,r4b_20,0.1861,0.1720,0.2006
floor_0.05+cautious_z1,both,G3-drop,r4b_50,0.1861,0.1714,0.2006
floor_0.05+cautious_z1,both,G3-drop,r8_move_p95_6_20,73.0000,73.0000,74.0000
floor_0.05+cautious_z1,both,G3-drop,r8_move_p95_150_200,43.0000,42.0000,43.0000
floor_0.05+cautious_z1,both,G3-drop,r9_kept_up_later_less_earlier,-0.0558,-0.0620,-0.0496
floor_0.05+cautious_z1,both,G3-drop,r10_taken_back_5,0.3134,0.2914,0.3346
floor_0.05+cautious_z1,both,G3-drop,r10_taken_back_10,0.5384,0.5068,0.5688
floor_0.05+cautious_z1,both,G0-start0.5,r1_rms_5,0.9579,0.9239,0.9917
floor_0.05+cautious_z1,both,G0-start0.5,r1_mean_5,-0.0059,-0.0652,0.0541
floor_0.05+cautious_z1,both,G0-start0.5,r1_rms_10,0.8996,0.8694,0.9308
floor_0.05+cautious_z1,both,G0-start0.5,r1_mean_10,-0.0245,-0.0799,0.0299
floor_0.05+cautious_z1,both,G0-start0.5,r1_rms_20,0.8060,0.7815,0.8322
floor_0.05+cautious_z1,both,G0-start0.5,r1_mean_20,-0.0546,-0.1018,-0.0095
floor_0.05+cautious_z1,both,G0-start0.5,r1_rms_50,0.6570,0.6411,0.6735
floor_0.05+cautious_z1,both,G0-start0.5,r1_mean_50,-0.0855,-0.1168,-0.0530
floor_0.05+cautious_z1,both,G0-start0.5,r1_rms_100,0.5597,0.5495,0.5708
floor_0.05+cautious_z1,both,G0-start0.5,r1_mean_100,-0.0974,-0.1192,-0.0758
floor_0.05+cautious_z1,both,G0-start0.5,r1_rms_200,0.4829,0.4752,0.4907
floor_0.05+cautious_z1,both,G0-start0.5,r1_mean_200,-0.0989,-0.1139,-0.0841
floor_0.05+cautious_z1,both,G0-start0.5,r2_brier,0.1726,0.1710,0.1742
floor_0.05+cautious_z1,both,G0-start0.5,r2_bias,0.0050,0.0023,0.0077
floor_0.05+cautious_z1,both,G0-start0.5,r3_inside,0.4322,0.4273,0.4366
floor_0.05+cautious_z1,both,G0-start0.5,r3_below_0.5,0.0321,0.0296,0.0348
floor_0.05+cautious_z1,both,G0-start0.5,r3_above_0.95,0.0285,0.0257,0.0313
floor_0.05+cautious_z1,both,G0-start0.5,r4_false,0.0201,0.0158,0.0253
floor_0.05+cautious_z1,both,G0-start0.5,r4_false_0.70,0.0062,0.0040,0.0088
floor_0.05+cautious_z1,both,G0-start0.5,r4_below,0.5417,0.5259,0.5581
floor_0.05+cautious_z1,both,G0-start0.5,r4_false_at_task,0.0195,0.0126,0.0278
floor_0.05+cautious_z1,both,G0-start0.5,r4_declared,8.0450,7.6750,8.4090
floor_0.05+cautious_z1,both,G0-start0.5,r5_late_answers,4.1096,3.9622,4.2724
floor_0.05+cautious_z1,both,G0-start0.5,r5_never,0.1346,0.1219,0.1463
floor_0.05+cautious_z1,both,G0-start0.5,r6_lag,-0.1063,-0.1225,-0.0907
floor_0.05+cautious_z1,both,G0-start0.5,r7_error_5,0.8047,0.7683,0.8426
floor_0.05+cautious_z1,both,G0-start0.5,r7_error_10,0.7385,0.7040,0.7750
floor_0.05+cautious_z1,both,G0-start0.5,r7_longest_wrong,1.6880,1.6380,1.7410
floor_0.05+cautious_z1,both,G0-start0.5,r7_hard_first,0.1212,0.1112,0.1321
floor_0.05+cautious_z1,both,G0-start0.5,r4b_chance_below_0.5,0.0691,0.0632,0.0745
floor_0.05+cautious_z1,both,G0-start0.5,r4b_chance_0.5_to_0.6,0.1136,0.1084,0.1188
floor_0.05+cautious_z1,both,G0-start0.5,r4b_chance_0.6_to_0.7,0.2097,0.2046,0.2150
floor_0.05+cautious_z1,both,G0-start0.5,r4b_chance_0.7_to_0.8,0.2874,0.2820,0.2928
floor_0.05+cautious_z1,both,G0-start0.5,r4b_chance_0.8_up,0.3202,0.3089,0.3320
floor_0.05+cautious_z1,both,G0-start0.5,r3_reachable,0.9622,0.9578,0.9666
floor_0.05+cautious_z1,both,G0-start0.5,r8_rank_6_20,3.6133,3.1600,4.0733
floor_0.05+cautious_z1,both,G0-start0.5,r8_topic_rank_6_20,17.3200,16.3667,18.2267
floor_0.05+cautious_z1,both,G0-start0.5,r8_rank_150_200,1.5098,1.2765,1.7510
floor_0.05+cautious_z1,both,G0-start0.5,r8_topic_rank_150_200,9.5059,9.1137,9.9020
floor_0.05+cautious_z1,both,G0-start0.5,r9_kept_up_6_50,-0.0138,-0.0204,-0.0076
floor_0.05+cautious_z1,both,G0-start0.5,r9_kept_up_101_200,-0.0002,-0.0028,0.0023
floor_0.05+cautious_z1,both,G0-start0.5,r10_shown,3.7000,3.5000,3.9070
floor_0.05+cautious_z1,both,G0-start0.5,r2_ece,0.0060,0.0034,0.0087
floor_0.05+cautious_z1,both,G0-start0.5,r4b_3,0.1466,0.1349,0.1583
floor_0.05+cautious_z1,both,G0-start0.5,r4b_5,0.1705,0.1560,0.1847
floor_0.05+cautious_z1,both,G0-start0.5,r4b_10,0.1780,0.1636,0.1916
floor_0.05+cautious_z1,both,G0-start0.5,r4b_20,0.1878,0.1717,0.2036
floor_0.05+cautious_z1,both,G0-start0.5,r4b_50,0.2062,0.1783,0.2483
floor_0.05+cautious_z1,both,G0-start0.5,r8_move_p95_6_20,73.0000,73.0000,74.0000
floor_0.05+cautious_z1,both,G0-start0.5,r8_move_p95_150_200,41.0000,40.0000,41.0000
floor_0.05+cautious_z1,both,G0-start0.5,r9_kept_up_later_less_earlier,0.0137,0.0078,0.0192
floor_0.05+cautious_z1,both,G0-start0.5,r10_taken_back_5,0.1858,0.1664,0.2059
floor_0.05+cautious_z1,both,G0-start0.5,r10_taken_back_10,0.3500,0.3155,0.3834
floor_0.05+cautious_z1,both,G0-start2,r1_rms_5,1.0902,1.0467,1.1335
floor_0.05+cautious_z1,both,G0-start2,r1_mean_5,-0.0252,-0.1021,0.0473
floor_0.05+cautious_z1,both,G0-start2,r1_rms_10,1.0133,0.9763,1.0509
floor_0.05+cautious_z1,both,G0-start2,r1_mean_10,-0.0625,-0.1280,0.0064
floor_0.05+cautious_z1,both,G0-start2,r1_rms_20,0.9046,0.8735,0.9363
floor_0.05+cautious_z1,both,G0-start2,r1_mean_20,-0.0911,-0.1467,-0.0341
floor_0.05+cautious_z1,both,G0-start2,r1_rms_50,0.7289,0.7075,0.7513
floor_0.05+cautious_z1,both,G0-start2,r1_mean_50,-0.1125,-0.1529,-0.0719
floor_0.05+cautious_z1,both,G0-start2,r1_rms_100,0.6003,0.5854,0.6151
floor_0.05+cautious_z1,both,G0-start2,r1_mean_100,-0.1163,-0.1437,-0.0891
floor_0.05+cautious_z1,both,G0-start2,r1_rms_200,0.5029,0.4936,0.5133
floor_0.05+cautious_z1,both,G0-start2,r1_mean_200,-0.0916,-0.1100,-0.0736
floor_0.05+cautious_z1,both,G0-start2,r2_brier,0.1751,0.1729,0.1773
floor_0.05+cautious_z1,both,G0-start2,r2_bias,0.0020,-0.0012,0.0053
floor_0.05+cautious_z1,both,G0-start2,r3_inside,0.3994,0.3916,0.4068
floor_0.05+cautious_z1,both,G0-start2,r3_below_0.5,0.0714,0.0616,0.0821
floor_0.05+cautious_z1,both,G0-start2,r3_above_0.95,0.0416,0.0363,0.0475
floor_0.05+cautious_z1,both,G0-start2,r4_false,0.0343,0.0291,0.0398
floor_0.05+cautious_z1,both,G0-start2,r4_false_0.70,0.0067,0.0048,0.0088
floor_0.05+cautious_z1,both,G0-start2,r4_below,0.4972,0.4742,0.5200
floor_0.05+cautious_z1,both,G0-start2,r4_false_at_task,0.0277,0.0207,0.0354
floor_0.05+cautious_z1,both,G0-start2,r4_declared,8.9850,8.5430,9.4200
floor_0.05+cautious_z1,both,G0-start2,r5_late_answers,5.0332,4.8629,5.1986
floor_0.05+cautious_z1,both,G0-start2,r5_never,0.1674,0.1532,0.1812
floor_0.05+cautious_z1,both,G0-start2,r6_lag,-0.1150,-0.1352,-0.0969
floor_0.05+cautious_z1,both,G0-start2,r7_error_5,0.9488,0.9004,0.9964
floor_0.05+cautious_z1,both,G0-start2,r7_error_10,0.8650,0.8224,0.9116
floor_0.05+cautious_z1,both,G0-start2,r7_longest_wrong,1.9170,1.8480,1.9900
floor_0.05+cautious_z1,both,G0-start2,r7_hard_first,0.1766,0.1611,0.1920
floor_0.05+cautious_z1,both,G0-start2,r4b_chance_below_0.5,0.2020,0.1745,0.2309
floor_0.05+cautious_z1,both,G0-start2,r4b_chance_0.5_to_0.6,0.1353,0.1280,0.1433
floor_0.05+cautious_z1,both,G0-start2,r4b_chance_0.6_to_0.7,0.2006,0.1920,0.2090
floor_0.05+cautious_z1,both,G0-start2,r4b_chance_0.7_to_0.8,0.2360,0.2240,0.2479
floor_0.05+cautious_z1,both,G0-start2,r4b_chance_0.8_up,0.2261,0.2108,0.2415
floor_0.05+cautious_z1,both,G0-start2,r3_reachable,0.8741,0.8575,0.8898
floor_0.05+cautious_z1,both,G0-start2,r8_rank_6_20,3.9133,3.4667,4.3667
floor_0.05+cautious_z1,both,G0-start2,r8_topic_rank_6_20,17.5600,16.6133,18.6133
floor_0.05+cautious_z1,both,G0-start2,r8_rank_150_200,1.7196,1.4667,1.9627
floor_0.05+cautious_z1,both,G0-start2,r8_topic_rank_150_200,8.5863,8.1667,9.0157
floor_0.05+cautious_z1,both,G0-start2,r9_kept_up_6_50,-0.0129,-0.0198,-0.0054
floor_0.05+cautious_z1,both,G0-start2,r9_kept_up_101_200,0.0042,0.0014,0.0071
floor_0.05+cautious_z1,both,G0-start2,r10_shown,4.5160,4.1600,4.8650
floor_0.05+cautious_z1,both,G0-start2,r2_ece,0.0026,0.0020,0.0060
floor_0.05+cautious_z1,both,G0-start2,r4b_3,0.1358,0.1239,0.1483
floor_0.05+cautious_z1,both,G0-start2,r4b_5,0.1638,0.1498,0.1786
floor_0.05+cautious_z1,both,G0-start2,r4b_10,0.1810,0.1657,0.1966
floor_0.05+cautious_z1,both,G0-start2,r4b_20,0.1864,0.1691,0.2039
floor_0.05+cautious_z1,both,G0-start2,r4b_50,0.1898,0.1726,0.2083
floor_0.05+cautious_z1,both,G0-start2,r8_move_p95_6_20,73.0000,73.0000,73.0000
floor_0.05+cautious_z1,both,G0-start2,r8_move_p95_150_200,41.0000,40.0000,41.0000
floor_0.05+cautious_z1,both,G0-start2,r9_kept_up_later_less_earlier,0.0171,0.0109,0.0230
floor_0.05+cautious_z1,both,G0-start2,r10_taken_back_5,0.1590,0.1423,0.1769
floor_0.05+cautious_z1,both,G0-start2,r10_taken_back_10,0.3354,0.3027,0.3680
floor_0.05+cautious_z1,both,G0-topics0.3,r1_rms_5,0.9082,0.8697,0.9463
floor_0.05+cautious_z1,both,G0-topics0.3,r1_mean_5,0.0615,-0.0011,0.1279
floor_0.05+cautious_z1,both,G0-topics0.3,r1_rms_10,0.8324,0.8000,0.8662
floor_0.05+cautious_z1,both,G0-topics0.3,r1_mean_10,0.0222,-0.0334,0.0824
floor_0.05+cautious_z1,both,G0-topics0.3,r1_rms_20,0.7312,0.7053,0.7579
floor_0.05+cautious_z1,both,G0-topics0.3,r1_mean_20,0.0008,-0.0453,0.0500
floor_0.05+cautious_z1,both,G0-topics0.3,r1_rms_50,0.5870,0.5699,0.6071
floor_0.05+cautious_z1,both,G0-topics0.3,r1_mean_50,-0.0365,-0.0704,-0.0026
floor_0.05+cautious_z1,both,G0-topics0.3,r1_rms_100,0.5028,0.4916,0.5149
floor_0.05+cautious_z1,both,G0-topics0.3,r1_mean_100,-0.0603,-0.0837,-0.0369
floor_0.05+cautious_z1,both,G0-topics0.3,r1_rms_200,0.4410,0.4336,0.4495
floor_0.05+cautious_z1,both,G0-topics0.3,r1_mean_200,-0.0805,-0.0963,-0.0643
floor_0.05+cautious_z1,both,G0-topics0.3,r2_brier,0.1758,0.1741,0.1776
floor_0.05+cautious_z1,both,G0-topics0.3,r2_bias,0.0076,0.0048,0.0106
floor_0.05+cautious_z1,both,G0-topics0.3,r3_inside,0.4524,0.4470,0.4584
floor_0.05+cautious_z1,both,G0-topics0.3,r3_below_0.5,0.0318,0.0287,0.0349
floor_0.05+cautious_z1,both,G0-topics0.3,r3_above_0.95,0.0218,0.0191,0.0249
floor_0.05+cautious_z1,both,G0-topics0.3,r4_false,0.0360,0.0301,0.0425
floor_0.05+cautious_z1,both,G0-topics0.3,r4_false_0.70,0.0056,0.0037,0.0077
floor_0.05+cautious_z1,both,G0-topics0.3,r4_below,0.5538,0.5356,0.5724
floor_0.05+cautious_z1,both,G0-topics0.3,r4_false_at_task,0.0341,0.0248,0.0447
floor_0.05+cautious_z1,both,G0-topics0.3,r4_declared,8.5460,8.1630,8.9460
floor_0.05+cautious_z1,both,G0-topics0.3,r5_late_answers,4.3930,4.2255,4.5674
floor_0.05+cautious_z1,both,G0-topics0.3,r5_never,0.1650,0.1484,0.1805
floor_0.05+cautious_z1,both,G0-topics0.3,r6_lag,-0.0833,-0.0995,-0.0669
floor_0.05+cautious_z1,both,G0-topics0.3,r7_error_5,0.8420,0.8001,0.8842
floor_0.05+cautious_z1,both,G0-topics0.3,r7_error_10,0.7695,0.7324,0.8071
floor_0.05+cautious_z1,both,G0-topics0.3,r7_longest_wrong,1.7560,1.7000,1.8130
floor_0.05+cautious_z1,both,G0-topics0.3,r7_hard_first,0.1291,0.1180,0.1401
floor_0.05+cautious_z1,both,G0-topics0.3,r4b_chance_below_0.5,0.0705,0.0634,0.0783
floor_0.05+cautious_z1,both,G0-topics0.3,r4b_chance_0.5_to_0.6,0.1249,0.1178,0.1325
floor_0.05+cautious_z1,both,G0-topics0.3,r4b_chance_0.6_to_0.7,0.2212,0.2153,0.2272
floor_0.05+cautious_z1,both,G0-topics0.3,r4b_chance_0.7_to_0.8,0.2968,0.2896,0.3044
floor_0.05+cautious_z1,both,G0-topics0.3,r4b_chance_0.8_up,0.2865,0.2732,0.2997
floor_0.05+cautious_z1,both,G0-topics0.3,r3_reachable,0.9453,0.9370,0.9528
floor_0.05+cautious_z1,both,G0-topics0.3,r8_rank_6_20,3.8733,3.4267,4.3533
floor_0.05+cautious_z1,both,G0-topics0.3,r8_topic_rank_6_20,18.4333,17.4533,19.4000
floor_0.05+cautious_z1,both,G0-topics0.3,r8_rank_150_200,1.9196,1.6471,2.2039
floor_0.05+cautious_z1,both,G0-topics0.3,r8_topic_rank_150_200,8.9353,8.5255,9.3510
floor_0.05+cautious_z1,both,G0-topics0.3,r9_kept_up_6_50,-0.0166,-0.0233,-0.0098
floor_0.05+cautious_z1,both,G0-topics0.3,r9_kept_up_101_200,-0.0027,-0.0053,-0.0001
floor_0.05+cautious_z1,both,G0-topics0.3,r10_shown,3.8430,3.6110,4.0870
floor_0.05+cautious_z1,both,G0-topics0.3,r2_ece,0.0089,0.0061,0.0120
floor_0.05+cautious_z1,both,G0-topics0.3,r4b_3,0.1716,0.1579,0.1842
floor_0.05+cautious_z1,both,G0-topics0.3,r4b_5,0.2047,0.1884,0.2203
floor_0.05+cautious_z1,both,G0-topics0.3,r4b_10,0.2179,0.2023,0.2341
floor_0.05+cautious_z1,both,G0-topics0.3,r4b_20,0.2300,0.2118,0.2470
floor_0.05+cautious_z1,both,G0-topics0.3,r4b_50,0.2496,0.2210,0.2861
floor_0.05+cautious_z1,both,G0-topics0.3,r8_move_p95_6_20,73.0000,73.0000,74.0000
floor_0.05+cautious_z1,both,G0-topics0.3,r8_move_p95_150_200,41.0000,40.0000,41.0000
floor_0.05+cautious_z1,both,G0-topics0.3,r9_kept_up_later_less_earlier,0.0139,0.0076,0.0197
floor_0.05+cautious_z1,both,G0-topics0.3,r10_taken_back_5,0.2027,0.1826,0.2238
floor_0.05+cautious_z1,both,G0-topics0.3,r10_taken_back_10,0.3649,0.3332,0.3986
floor_0.05+cautious_z1,both,G0-topics1,r1_rms_5,1.2869,1.2534,1.3240
floor_0.05+cautious_z1,both,G0-topics1,r1_mean_5,-0.0538,-0.1168,0.0149
floor_0.05+cautious_z1,both,G0-topics1,r1_rms_10,1.2628,1.2327,1.2931
floor_0.05+cautious_z1,both,G0-topics1,r1_mean_10,-0.0780,-0.1377,-0.0144
floor_0.05+cautious_z1,both,G0-topics1,r1_rms_20,1.1774,1.1527,1.2017
floor_0.05+cautious_z1,both,G0-topics1,r1_mean_20,-0.1256,-0.1818,-0.0756
floor_0.05+cautious_z1,both,G0-topics1,r1_rms_50,1.0074,0.9883,1.0265
floor_0.05+cautious_z1,both,G0-topics1,r1_mean_50,-0.1811,-0.2177,-0.1435
floor_0.05+cautious_z1,both,G0-topics1,r1_rms_100,0.8526,0.8377,0.8678
floor_0.05+cautious_z1,both,G0-topics1,r1_mean_100,-0.1860,-0.2099,-0.1623
floor_0.05+cautious_z1,both,G0-topics1,r1_rms_200,0.7211,0.7090,0.7329
floor_0.05+cautious_z1,both,G0-topics1,r1_mean_200,-0.1632,-0.1821,-0.1456
floor_0.05+cautious_z1,both,G0-topics1,r2_brier,0.1748,0.1733,0.1765
floor_0.05+cautious_z1,both,G0-topics1,r2_bias,0.0062,0.0032,0.0093
floor_0.05+cautious_z1,both,G0-topics1,r3_inside,0.3680,0.3635,0.3729
floor_0.05+cautious_z1,both,G0-topics1,r3_below_0.5,0.0627,0.0583,0.0672
floor_0.05+cautious_z1,both,G0-topics1,r3_above_0.95,0.0675,0.0632,0.0720
floor_0.05+cautious_z1,both,G0-topics1,r4_false,0.0586,0.0518,0.0657
floor_0.05+cautious_z1,both,G0-topics1,r4_false_0.70,0.0244,0.0202,0.0285
floor_0.05+cautious_z1,both,G0-topics1,r4_below,0.5740,0.5561,0.5928
floor_0.05+cautious_z1,both,G0-topics1,r4_false_at_task,0.0585,0.0495,0.0689
floor_0.05+cautious_z1,both,G0-topics1,r4_declared,8.2310,7.8390,8.6110
floor_0.05+cautious_z1,both,G0-topics1,r5_late_answers,4.9142,4.7384,5.1054
floor_0.05+cautious_z1,both,G0-topics1,r5_never,0.2617,0.2488,0.2747
floor_0.05+cautious_z1,both,G0-topics1,r6_lag,-0.1687,-0.1861,-0.1509
floor_0.05+cautious_z1,both,G0-topics1,r7_error_5,0.8726,0.8327,0.9154
floor_0.05+cautious_z1,both,G0-topics1,r7_error_10,0.8047,0.7642,0.8450
floor_0.05+cautious_z1,both,G0-topics1,r7_longest_wrong,1.9440,1.8750,2.0120
floor_0.05+cautious_z1,both,G0-topics1,r7_hard_first,0.1882,0.1768,0.2004
floor_0.05+cautious_z1,both,G0-topics1,r4b_chance_below_0.5,0.1376,0.1275,0.1492
floor_0.05+cautious_z1,both,G0-topics1,r4b_chance_0.5_to_0.6,0.1301,0.1255,0.1349
floor_0.05+cautious_z1,both,G0-topics1,r4b_chance_0.6_to_0.7,0.2024,0.1968,0.2081
floor_0.05+cautious_z1,both,G0-topics1,r4b_chance_0.7_to_0.8,0.2526,0.2460,0.2588
floor_0.05+cautious_z1,both,G0-topics1,r4b_chance_0.8_up,0.2773,0.2658,0.2891
floor_0.05+cautious_z1,both,G0-topics1,r3_reachable,0.9151,0.9075,0.9228
floor_0.05+cautious_z1,both,G0-topics1,r8_rank_6_20,3.9467,3.5000,4.4267
floor_0.05+cautious_z1,both,G0-topics1,r8_topic_rank_6_20,18.3667,17.4267,19.3067
floor_0.05+cautious_z1,both,G0-topics1,r8_rank_150_200,1.6863,1.4333,1.9471
floor_0.05+cautious_z1,both,G0-topics1,r8_topic_rank_150_200,8.7333,8.3588,9.1196
floor_0.05+cautious_z1,both,G0-topics1,r9_kept_up_6_50,-0.0264,-0.0333,-0.0200
floor_0.05+cautious_z1,both,G0-topics1,r9_kept_up_101_200,0.0026,0.0001,0.0053
floor_0.05+cautious_z1,both,G0-topics1,r10_shown,3.5380,3.2990,3.7820
floor_0.05+cautious_z1,both,G0-topics1,r2_ece,0.0076,0.0050,0.0105
floor_0.05+cautious_z1,both,G0-topics1,r4b_3,0.1646,0.1522,0.1777
floor_0.05+cautious_z1,both,G0-topics1,r4b_5,0.2041,0.1889,0.2191
floor_0.05+cautious_z1,both,G0-topics1,r4b_10,0.2193,0.2047,0.2346
floor_0.05+cautious_z1,both,G0-topics1,r4b_20,0.2282,0.2113,0.2444
floor_0.05+cautious_z1,both,G0-topics1,r4b_50,0.2282,0.2111,0.2456
floor_0.05+cautious_z1,both,G0-topics1,r8_move_p95_6_20,73.0000,73.0000,73.0000
floor_0.05+cautious_z1,both,G0-topics1,r8_move_p95_150_200,40.0000,39.0000,40.0000
floor_0.05+cautious_z1,both,G0-topics1,r9_kept_up_later_less_earlier,0.0290,0.0227,0.0353
floor_0.05+cautious_z1,both,G0-topics1,r10_taken_back_5,0.2028,0.1805,0.2243
floor_0.05+cautious_z1,both,G0-topics1,r10_taken_back_10,0.3936,0.3579,0.4308
oracle,both,G0,r1_rms_5,0.0000,0.0000,0.0000
oracle,both,G0,r1_mean_5,0.0000,0.0000,0.0000
oracle,both,G0,r1_rms_10,0.0000,0.0000,0.0000
oracle,both,G0,r1_mean_10,0.0000,0.0000,0.0000
oracle,both,G0,r1_rms_20,0.0000,0.0000,0.0000
oracle,both,G0,r1_mean_20,0.0000,0.0000,0.0000
oracle,both,G0,r1_rms_50,0.0000,0.0000,0.0000
oracle,both,G0,r1_mean_50,0.0000,0.0000,0.0000
oracle,both,G0,r1_rms_100,0.0000,0.0000,0.0000
oracle,both,G0,r1_mean_100,0.0000,0.0000,0.0000
oracle,both,G0,r1_rms_200,0.0000,0.0000,0.0000
oracle,both,G0,r1_mean_200,0.0000,0.0000,0.0000
oracle,both,G0,r2_brier,0.1768,0.1756,0.1780
oracle,both,G0,r2_bias,0.0061,0.0042,0.0079
oracle,both,G0,r3_inside,0.6070,0.6026,0.6109
oracle,both,G0,r3_below_0.5,0.0076,0.0052,0.0105
oracle,both,G0,r3_above_0.95,0.0007,0.0006,0.0008
oracle,both,G0,r4_false,0.0000,0.0000,0.0000
oracle,both,G0,r4_false_0.70,0.0000,0.0000,0.0000
oracle,both,G0,r4_below,0.6465,0.6299,0.6617
oracle,both,G0,r4_false_at_task,0.0000,0.0000,0.0000
oracle,both,G0,r4_declared,8.3140,7.9430,8.6890
oracle,both,G0,r5_late_answers,4.5556,4.4656,4.6678
oracle,both,G0,r5_never,0.2900,0.2696,0.3098
oracle,both,G0,r6_lag,0.0000,0.0000,0.0000
oracle,both,G0,r7_error_5,0.0000,0.0000,0.0000
oracle,both,G0,r7_error_10,0.0000,0.0000,0.0000
oracle,both,G0,r7_longest_wrong,1.6510,1.5990,1.7030
oracle,both,G0,r7_hard_first,0.0060,0.0034,0.0090
oracle,both,G0,r4b_chance_below_0.5,0.0189,0.0119,0.0270
oracle,both,G0,r4b_chance_0.5_to_0.6,0.0747,0.0705,0.0792
oracle,both,G0,r4b_chance_0.6_to_0.7,0.2548,0.2507,0.2593
oracle,both,G0,r4b_chance_0.7_to_0.8,0.4206,0.4132,0.4270
oracle,both,G0,r4b_chance_0.8_up,0.2310,0.2251,0.2366
oracle,both,G0,r3_reachable,0.9693,0.9626,0.9754
oracle,both,G0,r9_kept_up_6_50,-0.0027,-0.0064,0.0009
oracle,both,G0,r9_kept_up_101_200,-0.0081,-0.0107,-0.0055
oracle,both,G0,r10_shown,3.0680,2.8830,3.2670
oracle,both,G0,r2_ece,0.0063,0.0046,0.0082
oracle,both,G0,r4b_3,0.2270,0.2149,0.2399
oracle,both,G0,r4b_5,0.4080,0.3914,0.4245
oracle,both,G0,r4b_10,0.4639,0.4455,0.4811
oracle,both,G0,r4b_20,0.4876,0.4695,0.5051
oracle,both,G0,r4b_50,0.5122,0.4910,0.5356
oracle,both,G0,r9_kept_up_later_less_earlier,-0.0054,-0.0100,-0.0008
oracle,both,G0,r10_taken_back_5,0.1551,0.1237,0.1864
oracle,both,G0,r10_taken_back_10,0.3015,0.2604,0.3464
oracle,both,G1,r1_rms_5,0.0000,0.0000,0.0000
oracle,both,G1,r1_mean_5,0.0000,0.0000,0.0000
oracle,both,G1,r1_rms_10,0.0000,0.0000,0.0000
oracle,both,G1,r1_mean_10,0.0000,0.0000,0.0000
oracle,both,G1,r1_rms_20,0.0000,0.0000,0.0000
oracle,both,G1,r1_mean_20,0.0000,0.0000,0.0000
oracle,both,G1,r1_rms_50,0.0000,0.0000,0.0000
oracle,both,G1,r1_mean_50,0.0000,0.0000,0.0000
oracle,both,G1,r1_rms_100,0.0000,0.0000,0.0000
oracle,both,G1,r1_mean_100,0.0000,0.0000,0.0000
oracle,both,G1,r1_rms_200,0.0000,0.0000,0.0000
oracle,both,G1,r1_mean_200,0.0000,0.0000,0.0000
oracle,both,G1,r2_brier,0.1853,0.1835,0.1871
oracle,both,G1,r2_bias,0.0055,0.0036,0.0075
oracle,both,G1,r3_inside,0.5310,0.5182,0.5431
oracle,both,G1,r3_below_0.5,0.0748,0.0638,0.0869
oracle,both,G1,r3_above_0.95,0.0008,0.0007,0.0009
oracle,both,G1,r4_false,0.0007,0.0002,0.0012
oracle,both,G1,r4_false_0.70,0.0007,0.0002,0.0012
oracle,both,G1,r4_below,0.4401,0.4127,0.4677
oracle,both,G1,r4_false_at_task,0.0012,0.0004,0.0023
oracle,both,G1,r4_declared,9.2230,8.7760,9.6680
oracle,both,G1,r5_late_answers,4.4534,4.3775,4.5451
oracle,both,G1,r5_never,0.0498,0.0428,0.0572
oracle,both,G1,r6_lag,0.0000,0.0000,0.0000
oracle,both,G1,r7_error_5,0.0000,0.0000,0.0000
oracle,both,G1,r7_error_10,0.0000,0.0000,0.0000
oracle,both,G1,r7_longest_wrong,1.8640,1.7970,1.9340
oracle,both,G1,r7_hard_first,0.0744,0.0628,0.0863
oracle,both,G1,r4b_chance_below_0.5,0.2157,0.1907,0.2406
oracle,both,G1,r4b_chance_0.5_to_0.6,0.1514,0.1420,0.1605
oracle,both,G1,r4b_chance_0.6_to_0.7,0.2128,0.2065,0.2197
oracle,both,G1,r4b_chance_0.7_to_0.8,0.2773,0.2598,0.2960
oracle,both,G1,r4b_chance_0.8_up,0.1428,0.1324,0.1540
oracle,both,G1,r3_reachable,0.8399,0.8185,0.8601
oracle,both,G1,r9_kept_up_6_50,-0.0038,-0.0079,0.0002
oracle,both,G1,r9_kept_up_101_200,-0.0058,-0.0086,-0.0031
oracle,both,G1,r10_shown,5.2660,4.8680,5.7090
oracle,both,G1,r2_ece,0.0075,0.0058,0.0093
oracle,both,G1,r4b_3,0.2344,0.2179,0.2499
oracle,both,G1,r4b_5,0.3954,0.3723,0.4188
oracle,both,G1,r4b_10,0.4543,0.4299,0.4811
oracle,both,G1,r4b_20,0.4573,0.4328,0.4831
oracle,both,G1,r4b_50,0.4622,0.4352,0.4888
oracle,both,G1,r9_kept_up_later_less_earlier,-0.0020,-0.0067,0.0028
oracle,both,G1,r10_taken_back_5,0.1742,0.1593,0.1888
oracle,both,G1,r10_taken_back_10,0.3724,0.3409,0.4023
oracle,both,G2,r1_rms_5,0.0000,0.0000,0.0000
oracle,both,G2,r1_mean_5,0.0000,0.0000,0.0000
oracle,both,G2,r1_rms_10,0.0000,0.0000,0.0000
oracle,both,G2,r1_mean_10,0.0000,0.0000,0.0000
oracle,both,G2,r1_rms_20,0.0000,0.0000,0.0000
oracle,both,G2,r1_mean_20,0.0000,0.0000,0.0000
oracle,both,G2,r1_rms_50,0.0000,0.0000,0.0000
oracle,both,G2,r1_mean_50,0.0000,0.0000,0.0000
oracle,both,G2,r1_rms_100,0.0000,0.0000,0.0000
oracle,both,G2,r1_mean_100,0.0000,0.0000,0.0000
oracle,both,G2,r1_rms_200,0.0000,0.0000,0.0000
oracle,both,G2,r1_mean_200,0.0000,0.0000,0.0000
oracle,both,G2,r2_brier,0.1752,0.1741,0.1763
oracle,both,G2,r2_bias,0.0070,0.0052,0.0088
oracle,both,G2,r3_inside,0.6057,0.6029,0.6084
oracle,both,G2,r3_below_0.5,0.0035,0.0032,0.0037
oracle,both,G2,r3_above_0.95,0.0021,0.0013,0.0031
oracle,both,G2,r4_false,0.0000,0.0000,0.0000
oracle,both,G2,r4_false_0.70,0.0000,0.0000,0.0000
oracle,both,G2,r4_below,0.5533,0.5322,0.5743
oracle,both,G2,r4_false_at_task,0.0000,0.0000,0.0000
oracle,both,G2,r4_declared,16.4190,16.0050,16.8330
oracle,both,G2,r5_late_answers,4.1074,4.0691,4.1449
oracle,both,G2,r5_never,0.1040,0.0960,0.1114
oracle,both,G2,r6_lag,0.0000,0.0000,0.0000
oracle,both,G2,r7_error_5,0.0000,0.0000,0.0000
oracle,both,G2,r7_error_10,0.0000,0.0000,0.0000
oracle,both,G2,r7_longest_wrong,1.6670,1.6160,1.7200
oracle,both,G2,r7_hard_first,0.0030,0.0020,0.0042
oracle,both,G2,r4b_chance_below_0.5,0.0069,0.0061,0.0077
oracle,both,G2,r4b_chance_0.5_to_0.6,0.0705,0.0683,0.0728
oracle,both,G2,r4b_chance_0.6_to_0.7,0.2566,0.2530,0.2603
oracle,both,G2,r4b_chance_0.7_to_0.8,0.4273,0.4232,0.4312
oracle,both,G2,r4b_chance_0.8_up,0.2387,0.2350,0.2424
oracle,both,G2,r3_reachable,0.9693,0.9657,0.9728
oracle,both,G2,r9_kept_up_6_50,-0.0069,-0.0106,-0.0030
oracle,both,G2,r9_kept_up_101_200,-0.0064,-0.0090,-0.0038
oracle,both,G2,r10_shown,7.5320,7.0700,8.0080
oracle,both,G2,r2_ece,0.0073,0.0056,0.0091
oracle,both,G2,r4b_3,0.1541,0.1453,0.1636
oracle,both,G2,r4b_5,0.2335,0.2218,0.2450
oracle,both,G2,r4b_10,0.5412,0.5221,0.5594
oracle,both,G2,r4b_20,0.8563,0.8343,0.8773
oracle,both,G2,r4b_50,0.9572,0.9177,1.0000
oracle,both,G2,r9_kept_up_later_less_earlier,0.0005,-0.0042,0.0051
oracle,both,G2,r10_taken_back_5,0.1784,0.1665,0.1899
oracle,both,G2,r10_taken_back_10,0.3615,0.3369,0.3877
oracle,both,G3,r1_rms_5,0.0000,0.0000,0.0000
oracle,both,G3,r1_mean_5,0.0000,0.0000,0.0000
oracle,both,G3,r1_rms_10,0.0000,0.0000,0.0000
oracle,both,G3,r1_mean_10,0.0000,0.0000,0.0000
oracle,both,G3,r1_rms_20,0.0000,0.0000,0.0000
oracle,both,G3,r1_mean_20,0.0000,0.0000,0.0000
oracle,both,G3,r1_rms_50,0.0000,0.0000,0.0000
oracle,both,G3,r1_mean_50,0.0000,0.0000,0.0000
oracle,both,G3,r1_rms_100,0.0000,0.0000,0.0000
oracle,both,G3,r1_mean_100,0.0000,0.0000,0.0000
oracle,both,G3,r1_rms_200,0.0000,0.0000,0.0000
oracle,both,G3,r1_mean_200,0.0000,0.0000,0.0000
oracle,both,G3,r2_brier,0.1771,0.1760,0.1782
oracle,both,G3,r2_bias,0.0089,0.0071,0.0108
oracle,both,G3,r3_inside,0.6099,0.6068,0.6127
oracle,both,G3,r3_below_0.5,0.0054,0.0040,0.0072
oracle,both,G3,r3_above_0.95,0.0008,0.0006,0.0009
oracle,both,G3,r4_false,0.0001,0.0000,0.0003
oracle,both,G3,r4_false_0.70,0.0001,0.0000,0.0003
oracle,both,G3,r4_below,0.5299,0.5136,0.5460
oracle,both,G3,r4_false_at_task,0.0002,0.0000,0.0006
oracle,both,G3,r4_declared,11.9590,11.5050,12.4180
oracle,both,G3,r5_late_answers,4.4480,4.3214,4.5729
oracle,both,G3,r5_never,0.2060,0.1921,0.2208
oracle,both,G3,r6_lag,0.0000,0.0000,0.0000
oracle,both,G3,r6_jump_answers,0.0000,0.0000,0.0000
oracle,both,G3,r6_jump_unsettled,0.0000,0.0000,0.0000
oracle,both,G3,r7_error_5,0.0000,0.0000,0.0000
oracle,both,G3,r7_error_10,0.0000,0.0000,0.0000
oracle,both,G3,r7_longest_wrong,1.6310,1.5780,1.6830
oracle,both,G3,r7_hard_first,0.0068,0.0039,0.0101
oracle,both,G3,r4b_chance_below_0.5,0.0128,0.0086,0.0181
oracle,both,G3,r4b_chance_0.5_to_0.6,0.0683,0.0656,0.0712
oracle,both,G3,r4b_chance_0.6_to_0.7,0.2527,0.2490,0.2566
oracle,both,G3,r4b_chance_0.7_to_0.8,0.4246,0.4194,0.4298
oracle,both,G3,r4b_chance_0.8_up,0.2415,0.2369,0.2462
oracle,both,G3,r3_reachable,0.9771,0.9728,0.9804
oracle,both,G3,r9_kept_up_6_50,-0.0103,-0.0143,-0.0065
oracle,both,G3,r9_kept_up_101_200,-0.0099,-0.0126,-0.0074
oracle,both,G3,r10_shown,5.7940,5.4530,6.1120
oracle,both,G3,r2_ece,0.0092,0.0074,0.0110
oracle,both,G3,r4b_3,0.2033,0.1930,0.2139
oracle,both,G3,r4b_5,0.3653,0.3512,0.3797
oracle,both,G3,r4b_10,0.4581,0.4432,0.4732
oracle,both,G3,r4b_20,0.5546,0.5367,0.5727
oracle,both,G3,r4b_50,0.5998,0.5760,0.6269
oracle,both,G3,r9_kept_up_later_less_earlier,0.0004,-0.0042,0.0049
oracle,both,G3,r10_taken_back_5,0.1787,0.1596,0.1992
oracle,both,G3,r10_taken_back_10,0.3606,0.3299,0.3933
oracle,both,G4,r1_rms_5,0.0000,0.0000,0.0000
oracle,both,G4,r1_mean_5,0.0000,0.0000,0.0000
oracle,both,G4,r1_rms_10,0.0000,0.0000,0.0000
oracle,both,G4,r1_mean_10,0.0000,0.0000,0.0000
oracle,both,G4,r1_rms_20,0.0000,0.0000,0.0000
oracle,both,G4,r1_mean_20,0.0000,0.0000,0.0000
oracle,both,G4,r1_rms_50,0.0000,0.0000,0.0000
oracle,both,G4,r1_mean_50,0.0000,0.0000,0.0000
oracle,both,G4,r1_rms_100,0.0000,0.0000,0.0000
oracle,both,G4,r1_mean_100,0.0000,0.0000,0.0000
oracle,both,G4,r1_rms_200,0.0000,0.0000,0.0000
oracle,both,G4,r1_mean_200,0.0000,0.0000,0.0000
oracle,both,G4,r2_brier,0.2132,0.2120,0.2143
oracle,both,G4,r2_bias,0.0738,0.0717,0.0756
oracle,both,G4,r3_inside,0.4421,0.4391,0.4451
oracle,both,G4,r3_below_0.5,0.0520,0.0499,0.0544
oracle,both,G4,r3_above_0.95,0.0004,0.0003,0.0005
oracle,both,G4,r4_false,0.0000,0.0000,0.0000
oracle,both,G4,r4_false_0.70,0.0000,0.0000,0.0000
oracle,both,G4,r4_below,0.6699,0.6534,0.6856
oracle,both,G4,r4_false_at_task,0.0000,0.0000,0.0000
oracle,both,G4,r4_declared,9.2020,8.8010,9.6220
oracle,both,G4,r5_late_answers,4.7196,4.6188,4.8214
oracle,both,G4,r5_never,0.2801,0.2617,0.2992
oracle,both,G4,r6_lag,0.0000,0.0000,0.0000
oracle,both,G4,r7_error_5,0.0000,0.0000,0.0000
oracle,both,G4,r7_error_10,0.0000,0.0000,0.0000
oracle,both,G4,r7_longest_wrong,1.9160,1.8580,1.9750
oracle,both,G4,r7_hard_first,0.0511,0.0467,0.0559
oracle,both,G4,r4b_chance_below_0.5,0.0918,0.0869,0.0976
oracle,both,G4,r4b_chance_0.5_to_0.6,0.2057,0.2026,0.2089
oracle,both,G4,r4b_chance_0.6_to_0.7,0.2963,0.2923,0.3002
oracle,both,G4,r4b_chance_0.7_to_0.8,0.2791,0.2748,0.2833
oracle,both,G4,r4b_chance_0.8_up,0.1271,0.1241,0.1300
oracle,both,G4,r3_reachable,0.9755,0.9708,0.9798
oracle,both,G4,r9_kept_up_6_50,-0.0765,-0.0810,-0.0721
oracle,both,G4,r9_kept_up_101_200,-0.0728,-0.0754,-0.0701
oracle,both,G4,r10_shown,3.2160,3.0020,3.4360
oracle,both,G4,r2_ece,0.0738,0.0718,0.0758
oracle,both,G4,r4b_3,0.2302,0.2172,0.2425
oracle,both,G4,r4b_5,0.3917,0.3757,0.4078
oracle,both,G4,r4b_10,0.4749,0.4580,0.4920
oracle,both,G4,r4b_20,0.4994,0.4813,0.5174
oracle,both,G4,r4b_50,0.5291,0.5067,0.5558
oracle,both,G4,r9_kept_up_later_less_earlier,0.0038,-0.0014,0.0091
oracle,both,G4,r10_taken_back_5,0.2005,0.1647,0.2347
oracle,both,G4,r10_taken_back_10,0.4195,0.3709,0.4690
oracle,both,G5,r1_rms_5,0.0000,0.0000,0.0000
oracle,both,G5,r1_mean_5,0.0000,0.0000,0.0000
oracle,both,G5,r1_rms_10,0.0000,0.0000,0.0000
oracle,both,G5,r1_mean_10,0.0000,0.0000,0.0000
oracle,both,G5,r1_rms_20,0.0000,0.0000,0.0000
oracle,both,G5,r1_mean_20,0.0000,0.0000,0.0000
oracle,both,G5,r1_rms_50,0.0000,0.0000,0.0000
oracle,both,G5,r1_mean_50,0.0000,0.0000,0.0000
oracle,both,G5,r1_rms_100,0.0000,0.0000,0.0000
oracle,both,G5,r1_mean_100,0.0000,0.0000,0.0000
oracle,both,G5,r1_rms_200,0.0000,0.0000,0.0000
oracle,both,G5,r1_mean_200,0.0000,0.0000,0.0000
oracle,both,G5,r2_brier,0.1785,0.1772,0.1798
oracle,both,G5,r2_bias,0.0077,0.0058,0.0095
oracle,both,G5,r3_inside,0.5980,0.5925,0.6033
oracle,both,G5,r3_below_0.5,0.0118,0.0083,0.0157
oracle,both,G5,r3_above_0.95,0.0007,0.0006,0.0009
oracle,both,G5,r4_false,0.0000,0.0000,0.0000
oracle,both,G5,r4_false_0.70,0.0000,0.0000,0.0000
oracle,both,G5,r4_below,0.6392,0.6195,0.6587
oracle,both,G5,r4_false_at_task,0.0000,0.0000,0.0000
oracle,both,G5,r4_declared,8.2930,7.9090,8.6900
oracle,both,G5,r5_late_answers,4.5283,4.4578,4.6117
oracle,both,G5,r5_never,0.2911,0.2688,0.3149
oracle,both,G5,r6_lag,0.0000,0.0000,0.0000
oracle,both,G5,r7_error_5,0.0000,0.0000,0.0000
oracle,both,G5,r7_error_10,0.0000,0.0000,0.0000
oracle,both,G5,r7_longest_wrong,1.7120,1.6590,1.7660
oracle,both,G5,r7_hard_first,0.0119,0.0078,0.0166
oracle,both,G5,r4b_chance_below_0.5,0.0311,0.0208,0.0425
oracle,both,G5,r4b_chance_0.5_to_0.6,0.0860,0.0795,0.0930
oracle,both,G5,r4b_chance_0.6_to_0.7,0.2536,0.2490,0.2586
oracle,both,G5,r4b_chance_0.7_to_0.8,0.4054,0.3960,0.4148
oracle,both,G5,r4b_chance_0.8_up,0.2239,0.2163,0.2313
oracle,both,G5,r3_reachable,0.9552,0.9447,0.9650
oracle,both,G5,r9_kept_up_6_50,-0.0087,-0.0126,-0.0049
oracle,both,G5,r9_kept_up_101_200,-0.0063,-0.0089,-0.0037
oracle,both,G5,r10_shown,3.1160,2.8950,3.3400
oracle,both,G5,r2_ece,0.0078,0.0060,0.0097
oracle,both,G5,r4b_3,0.2092,0.1941,0.2246
oracle,both,G5,r4b_5,0.3824,0.3633,0.4017
oracle,both,G5,r4b_10,0.4468,0.4247,0.4677
oracle,both,G5,r4b_20,0.4705,0.4472,0.4923
oracle,both,G5,r4b_50,0.4953,0.4685,0.5257
oracle,both,G5,r9_kept_up_later_less_earlier,0.0024,-0.0022,0.0072
oracle,both,G5,r10_taken_back_5,0.1131,0.0833,0.1444
oracle,both,G5,r10_taken_back_10,0.2576,0.2125,0.3023
oracle,both,G6,r1_rms_5,0.0000,0.0000,0.0000
oracle,both,G6,r1_mean_5,0.0000,0.0000,0.0000
oracle,both,G6,r1_rms_10,0.0000,0.0000,0.0000
oracle,both,G6,r1_mean_10,0.0000,0.0000,0.0000
oracle,both,G6,r1_rms_20,0.0000,0.0000,0.0000
oracle,both,G6,r1_mean_20,0.0000,0.0000,0.0000
oracle,both,G6,r1_rms_50,0.0000,0.0000,0.0000
oracle,both,G6,r1_mean_50,0.0000,0.0000,0.0000
oracle,both,G6,r1_rms_100,0.0000,0.0000,0.0000
oracle,both,G6,r1_mean_100,0.0000,0.0000,0.0000
oracle,both,G6,r1_rms_200,0.0000,0.0000,0.0000
oracle,both,G6,r1_mean_200,0.0000,0.0000,0.0000
oracle,both,G6,r2_brier,0.1653,0.1621,0.1684
oracle,both,G6,r2_bias,0.0133,0.0111,0.0154
oracle,both,G6,r3_inside,0.3460,0.3381,0.3538
oracle,both,G6,r3_below_0.5,0.0106,0.0080,0.0141
oracle,both,G6,r3_above_0.95,0.1172,0.1095,0.1252
oracle,both,G6,r4_false,0.1502,0.1342,0.1671
oracle,both,G6,r4_false_0.70,0.0001,0.0000,0.0004
oracle,both,G6,r4_below,0.6406,0.6241,0.6579
oracle,both,G6,r4_false_at_task,0.1327,0.1115,0.1538
oracle,both,G6,r4_declared,8.0110,7.6260,8.3920
oracle,both,G6,r5_late_answers,4.3998,4.3335,4.4761
oracle,both,G6,r5_never,0.3223,0.2970,0.3491
oracle,both,G6,r6_lag,0.0000,0.0000,0.0000
oracle,both,G6,r7_error_5,0.0000,0.0000,0.0000
oracle,both,G6,r7_error_10,0.0000,0.0000,0.0000
oracle,both,G6,r7_longest_wrong,1.6200,1.5630,1.6780
oracle,both,G6,r7_hard_first,0.0094,0.0065,0.0128
oracle,both,G6,r4b_chance_below_0.5,0.0221,0.0137,0.0331
oracle,both,G6,r4b_chance_0.5_to_0.6,0.0732,0.0670,0.0810
oracle,both,G6,r4b_chance_0.6_to_0.7,0.4138,0.3950,0.4333
oracle,both,G6,r4b_chance_0.7_to_0.8,0.2431,0.2361,0.2501
oracle,both,G6,r4b_chance_0.8_up,0.2478,0.2252,0.2707
oracle,both,G6,r3_reachable,0.7909,0.7761,0.8050
oracle,both,G6,r9_kept_up_6_50,0.0030,-0.0033,0.0093
oracle,both,G6,r9_kept_up_101_200,0.0018,-0.0039,0.0076
oracle,both,G6,r10_shown,3.0790,2.8900,3.2870
oracle,both,G6,r2_ece,0.0153,0.0134,0.0173
oracle,both,G6,r4b_3,0.2913,0.2768,0.3054
oracle,both,G6,r4b_5,0.4696,0.4528,0.4865
oracle,both,G6,r4b_10,0.5414,0.5224,0.5606
oracle,both,G6,r4b_20,0.5690,0.5505,0.5878
oracle,both,G6,r4b_50,0.6000,0.5759,0.6263
oracle,both,G6,r9_kept_up_later_less_earlier,-0.0013,-0.0055,0.0032
oracle,both,G6,r10_taken_back_5,0.1659,0.1284,0.2048
oracle,both,G6,r10_taken_back_10,0.2919,0.2433,0.3409
oracle,both,G7,r1_rms_5,0.0000,0.0000,0.0000
oracle,both,G7,r1_mean_5,0.0000,0.0000,0.0000
oracle,both,G7,r1_rms_10,0.0000,0.0000,0.0000
oracle,both,G7,r1_mean_10,0.0000,0.0000,0.0000
oracle,both,G7,r1_rms_20,0.0000,0.0000,0.0000
oracle,both,G7,r1_mean_20,0.0000,0.0000,0.0000
oracle,both,G7,r1_rms_50,0.0000,0.0000,0.0000
oracle,both,G7,r1_mean_50,0.0000,0.0000,0.0000
oracle,both,G7,r1_rms_100,0.0000,0.0000,0.0000
oracle,both,G7,r1_mean_100,0.0000,0.0000,0.0000
oracle,both,G7,r1_rms_200,0.0000,0.0000,0.0000
oracle,both,G7,r1_mean_200,0.0000,0.0000,0.0000
oracle,both,G7,r2_brier,0.1828,0.1812,0.1846
oracle,both,G7,r2_bias,0.0089,0.0070,0.0108
oracle,both,G7,r3_inside,0.5535,0.5483,0.5595
oracle,both,G7,r3_below_0.5,0.0241,0.0214,0.0271
oracle,both,G7,r3_above_0.95,0.0010,0.0008,0.0012
oracle,both,G7,r4_false,0.0000,0.0000,0.0000
oracle,both,G7,r4_false_0.70,0.0000,0.0000,0.0000
oracle,both,G7,r4_below,0.6650,0.6490,0.6805
oracle,both,G7,r4_false_at_task,0.0000,0.0000,0.0000
oracle,both,G7,r4_declared,8.5350,8.1700,8.9220
oracle,both,G7,r5_late_answers,4.5399,4.4559,4.6332
oracle,both,G7,r5_never,0.2488,0.2255,0.2724
oracle,both,G7,r6_lag,0.0000,0.0000,0.0000
oracle,both,G7,r7_error_5,0.0000,0.0000,0.0000
oracle,both,G7,r7_error_10,0.0000,0.0000,0.0000
oracle,both,G7,r7_longest_wrong,1.7350,1.6810,1.7930
oracle,both,G7,r7_hard_first,0.0224,0.0190,0.0260
oracle,both,G7,r4b_chance_below_0.5,0.0518,0.0446,0.0612
oracle,both,G7,r4b_chance_0.5_to_0.6,0.1127,0.1058,0.1192
oracle,both,G7,r4b_chance_0.6_to_0.7,0.2553,0.2489,0.2615
oracle,both,G7,r4b_chance_0.7_to_0.8,0.3682,0.3605,0.3760
oracle,both,G7,r4b_chance_0.8_up,0.2120,0.2024,0.2219
oracle,both,G7,r3_reachable,0.9395,0.9317,0.9475
oracle,both,G7,r9_kept_up_6_50,-0.0247,-0.0294,-0.0197
oracle,both,G7,r9_kept_up_101_200,-0.0234,-0.0274,-0.0196
oracle,both,G7,r10_shown,3.0320,2.8470,3.2210
oracle,both,G7,r2_ece,0.0091,0.0072,0.0109
oracle,both,G7,r4b_3,0.2853,0.2717,0.2987
oracle,both,G7,r4b_5,0.4360,0.4205,0.4517
oracle,both,G7,r4b_10,0.5000,0.4826,0.5171
oracle,both,G7,r4b_20,0.5226,0.5050,0.5395
oracle,both,G7,r4b_50,0.5496,0.5285,0.5696
oracle,both,G7,r9_kept_up_later_less_earlier,0.0013,-0.0036,0.0064
oracle,both,G7,r10_taken_back_5,0.1865,0.1554,0.2179
oracle,both,G7,r10_taken_back_10,0.3529,0.3085,0.3982
oracle,both,G8,r1_rms_5,0.0000,0.0000,0.0000
oracle,both,G8,r1_mean_5,0.0000,0.0000,0.0000
oracle,both,G8,r1_rms_10,0.0000,0.0000,0.0000
oracle,both,G8,r1_mean_10,0.0000,0.0000,0.0000
oracle,both,G8,r1_rms_20,0.0000,0.0000,0.0000
oracle,both,G8,r1_mean_20,0.0000,0.0000,0.0000
oracle,both,G8,r1_rms_50,0.0000,0.0000,0.0000
oracle,both,G8,r1_mean_50,0.0000,0.0000,0.0000
oracle,both,G8,r1_rms_100,0.0000,0.0000,0.0000
oracle,both,G8,r1_mean_100,0.0000,0.0000,0.0000
oracle,both,G8,r1_rms_200,0.0000,0.0000,0.0000
oracle,both,G8,r1_mean_200,0.0000,0.0000,0.0000
oracle,both,G8,r2_brier,0.1773,0.1761,0.1785
oracle,both,G8,r2_bias,0.0084,0.0064,0.0105
oracle,both,G8,r3_inside,0.6076,0.6040,0.6110
oracle,both,G8,r3_below_0.5,0.0056,0.0042,0.0075
oracle,both,G8,r3_above_0.95,0.0008,0.0007,0.0009
oracle,both,G8,r4_false,0.0001,0.0000,0.0004
oracle,both,G8,r4_false_0.70,0.0001,0.0000,0.0004
oracle,both,G8,r4_below,0.6314,0.6153,0.6477
oracle,both,G8,r4_false_at_task,0.0003,0.0000,0.0011
oracle,both,G8,r4_declared,8.0430,7.6790,8.4370
oracle,both,G8,r5_late_answers,4.9871,4.8719,5.1102
oracle,both,G8,r5_never,0.2775,0.2582,0.2965
oracle,both,G8,r6_lag,0.0000,0.0000,0.0000
oracle,both,G8,r7_error_5,0.0000,0.0000,0.0000
oracle,both,G8,r7_error_10,0.0000,0.0000,0.0000
oracle,both,G8,r7_longest_wrong,1.6610,1.6090,1.7150
oracle,both,G8,r7_hard_first,0.0052,0.0035,0.0071
oracle,both,G8,r4b_chance_below_0.5,0.0138,0.0094,0.0197
oracle,both,G8,r4b_chance_0.5_to_0.6,0.0743,0.0705,0.0783
oracle,both,G8,r4b_chance_0.6_to_0.7,0.2528,0.2487,0.2568
oracle,both,G8,r4b_chance_0.7_to_0.8,0.4227,0.4166,0.4285
oracle,both,G8,r4b_chance_0.8_up,0.2364,0.2310,0.2416
oracle,both,G8,r3_reachable,0.9727,0.9671,0.9775
oracle,both,G8,r9_kept_up_6_50,-0.0107,-0.0149,-0.0062
oracle,both,G8,r9_kept_up_101_200,-0.0073,-0.0104,-0.0043
oracle,both,G8,r10_shown,3.1030,2.9140,3.3110
oracle,both,G8,r2_ece,0.0086,0.0067,0.0107
oracle,both,G8,r4b_3,0.2377,0.2253,0.2510
oracle,both,G8,r4b_5,0.3753,0.3587,0.3926
oracle,both,G8,r4b_10,0.4697,0.4518,0.4873
oracle,both,G8,r4b_20,0.4921,0.4736,0.5107
oracle,both,G8,r4b_50,0.5162,0.4934,0.5403
oracle,both,G8,r9_kept_up_later_less_earlier,0.0034,-0.0019,0.0086
oracle,both,G8,r10_taken_back_5,0.1296,0.0992,0.1574
oracle,both,G8,r10_taken_back_10,0.2981,0.2501,0.3453
oracle,both,G0-exact,r1_rms_5,0.0000,0.0000,0.0000
oracle,both,G0-exact,r1_mean_5,0.0000,0.0000,0.0000
oracle,both,G0-exact,r1_rms_10,0.0000,0.0000,0.0000
oracle,both,G0-exact,r1_mean_10,0.0000,0.0000,0.0000
oracle,both,G0-exact,r1_rms_20,0.0000,0.0000,0.0000
oracle,both,G0-exact,r1_mean_20,0.0000,0.0000,0.0000
oracle,both,G0-exact,r1_rms_50,0.0000,0.0000,0.0000
oracle,both,G0-exact,r1_mean_50,0.0000,0.0000,0.0000
oracle,both,G0-exact,r1_rms_100,0.0000,0.0000,0.0000
oracle,both,G0-exact,r1_mean_100,0.0000,0.0000,0.0000
oracle,both,G0-exact,r1_rms_200,0.0000,0.0000,0.0000
oracle,both,G0-exact,r1_mean_200,0.0000,0.0000,0.0000
oracle,both,G0-exact,r2_brier,0.1720,0.1709,0.1731
oracle,both,G0-exact,r2_bias,-0.0005,-0.0023,0.0014
oracle,both,G0-exact,r3_inside,0.9764,0.9718,0.9805
oracle,both,G0-exact,r3_below_0.5,0.0005,0.0000,0.0015
oracle,both,G0-exact,r3_above_0.95,0.0000,0.0000,0.0000
oracle,both,G0-exact,r4_false,0.0000,0.0000,0.0000
oracle,both,G0-exact,r4_false_0.70,0.0000,0.0000,0.0000
oracle,both,G0-exact,r4_below,0.6412,0.6237,0.6573
oracle,both,G0-exact,r4_false_at_task,0.0000,0.0000,0.0000
oracle,both,G0-exact,r4_declared,8.2640,7.8900,8.6390
oracle,both,G0-exact,r5_late_answers,4.5370,4.4700,4.6146
oracle,both,G0-exact,r5_never,0.2689,0.2504,0.2879
oracle,both,G0-exact,r6_lag,0.0000,0.0000,0.0000
oracle,both,G0-exact,r7_error_5,0.0000,0.0000,0.0000
oracle,both,G0-exact,r7_error_10,0.0000,0.0000,0.0000
oracle,both,G0-exact,r7_longest_wrong,1.5970,1.5480,1.6460
oracle,both,G0-exact,r7_hard_first,0.0005,0.0000,0.0013
oracle,both,G0-exact,r4b_chance_below_0.5,0.0015,0.0000,0.0044
oracle,both,G0-exact,r4b_chance_0.5_to_0.6,0.0031,0.0000,0.0080
oracle,both,G0-exact,r4b_chance_0.6_to_0.7,0.0324,0.0257,0.0399
oracle,both,G0-exact,r4b_chance_0.7_to_0.8,0.9631,0.9503,0.9728
oracle,both,G0-exact,r4b_chance_0.8_up,0.0000,0.0000,0.0000
oracle,both,G0-exact,r3_reachable,0.9764,0.9719,0.9803
oracle,both,G0-exact,r9_kept_up_6_50,0.0053,0.0014,0.0090
oracle,both,G0-exact,r9_kept_up_101_200,-0.0013,-0.0038,0.0012
oracle,both,G0-exact,r10_shown,3.1650,2.9690,3.3800
oracle,both,G0-exact,r2_ece,0.0017,0.0007,0.0036
oracle,both,G0-exact,r4b_3,0.2350,0.2219,0.2480
oracle,both,G0-exact,r4b_5,0.4213,0.4036,0.4382
oracle,both,G0-exact,r4b_10,0.4821,0.4643,0.4991
oracle,both,G0-exact,r4b_20,0.5052,0.4876,0.5219
oracle,both,G0-exact,r4b_50,0.5280,0.5075,0.5493
oracle,both,G0-exact,r9_kept_up_later_less_earlier,-0.0066,-0.0111,-0.0021
oracle,both,G0-exact,r10_taken_back_5,0.1430,0.1139,0.1723
oracle,both,G0-exact,r10_taken_back_10,0.2675,0.2316,0.3023
oracle,both,G0-miss0.25,r1_rms_5,0.0000,0.0000,0.0000
oracle,both,G0-miss0.25,r1_mean_5,0.0000,0.0000,0.0000
oracle,both,G0-miss0.25,r1_rms_10,0.0000,0.0000,0.0000
oracle,both,G0-miss0.25,r1_mean_10,0.0000,0.0000,0.0000
oracle,both,G0-miss0.25,r1_rms_20,0.0000,0.0000,0.0000
oracle,both,G0-miss0.25,r1_mean_20,0.0000,0.0000,0.0000
oracle,both,G0-miss0.25,r1_rms_50,0.0000,0.0000,0.0000
oracle,both,G0-miss0.25,r1_mean_50,0.0000,0.0000,0.0000
oracle,both,G0-miss0.25,r1_rms_100,0.0000,0.0000,0.0000
oracle,both,G0-miss0.25,r1_mean_100,0.0000,0.0000,0.0000
oracle,both,G0-miss0.25,r1_rms_200,0.0000,0.0000,0.0000
oracle,both,G0-miss0.25,r1_mean_200,0.0000,0.0000,0.0000
oracle,both,G0-miss0.25,r2_brier,0.1737,0.1726,0.1749
oracle,both,G0-miss0.25,r2_bias,0.0012,-0.0005,0.0030
oracle,both,G0-miss0.25,r3_inside,0.8304,0.8254,0.8349
oracle,both,G0-miss0.25,r3_below_0.5,0.0015,0.0000,0.0035
oracle,both,G0-miss0.25,r3_above_0.95,0.0000,0.0000,0.0000
oracle,both,G0-miss0.25,r4_false,0.0000,0.0000,0.0000
oracle,both,G0-miss0.25,r4_false_0.70,0.0000,0.0000,0.0000
oracle,both,G0-miss0.25,r4_below,0.6454,0.6295,0.6614
oracle,both,G0-miss0.25,r4_false_at_task,0.0000,0.0000,0.0000
oracle,both,G0-miss0.25,r4_declared,7.9600,7.5930,8.3330
oracle,both,G0-miss0.25,r5_late_answers,4.4865,4.4237,4.5584
oracle,both,G0-miss0.25,r5_never,0.2736,0.2546,0.2937
oracle,both,G0-miss0.25,r6_lag,0.0000,0.0000,0.0000
oracle,both,G0-miss0.25,r7_error_5,0.0000,0.0000,0.0000
oracle,both,G0-miss0.25,r7_error_10,0.0000,0.0000,0.0000
oracle,both,G0-miss0.25,r7_longest_wrong,1.6250,1.5730,1.6750
oracle,both,G0-miss0.25,r7_hard_first,0.0010,0.0000,0.0023
oracle,both,G0-miss0.25,r4b_chance_below_0.5,0.0044,0.0000,0.0099
oracle,both,G0-miss0.25,r4b_chance_0.5_to_0.6,0.0067,0.0038,0.0103
oracle,both,G0-miss0.25,r4b_chance_0.6_to_0.7,0.2055,0.2000,0.2112
oracle,both,G0-miss0.25,r4b_chance_0.7_to_0.8,0.6898,0.6809,0.6973
oracle,both,G0-miss0.25,r4b_chance_0.8_up,0.0937,0.0905,0.0971
oracle,both,G0-miss0.25,r3_reachable,0.9762,0.9714,0.9804
oracle,both,G0-miss0.25,r9_kept_up_6_50,-0.0034,-0.0072,0.0005
oracle,both,G0-miss0.25,r9_kept_up_101_200,-0.0002,-0.0027,0.0024
oracle,both,G0-miss0.25,r10_shown,2.9340,2.7420,3.1240
oracle,both,G0-miss0.25,r2_ece,0.0023,0.0009,0.0040
oracle,both,G0-miss0.25,r4b_3,0.2305,0.2176,0.2432
oracle,both,G0-miss0.25,r4b_5,0.4001,0.3832,0.4154
oracle,both,G0-miss0.25,r4b_10,0.4627,0.4446,0.4804
oracle,both,G0-miss0.25,r4b_20,0.4868,0.4685,0.5058
oracle,both,G0-miss0.25,r4b_50,0.5132,0.4906,0.5341
oracle,both,G0-miss0.25,r9_kept_up_later_less_earlier,0.0032,-0.0015,0.0081
oracle,both,G0-miss0.25,r10_taken_back_5,0.1451,0.1123,0.1784
oracle,both,G0-miss0.25,r10_taken_back_10,0.3230,0.2730,0.3724
oracle,both,G0-miss1,r1_rms_5,0.0000,0.0000,0.0000
oracle,both,G0-miss1,r1_mean_5,0.0000,0.0000,0.0000
oracle,both,G0-miss1,r1_rms_10,0.0000,0.0000,0.0000
oracle,both,G0-miss1,r1_mean_10,0.0000,0.0000,0.0000
oracle,both,G0-miss1,r1_rms_20,0.0000,0.0000,0.0000
oracle,both,G0-miss1,r1_mean_20,0.0000,0.0000,0.0000
oracle,both,G0-miss1,r1_rms_50,0.0000,0.0000,0.0000
oracle,both,G0-miss1,r1_mean_50,0.0000,0.0000,0.0000
oracle,both,G0-miss1,r1_rms_100,0.0000,0.0000,0.0000
oracle,both,G0-miss1,r1_mean_100,0.0000,0.0000,0.0000
oracle,both,G0-miss1,r1_rms_200,0.0000,0.0000,0.0000
oracle,both,G0-miss1,r1_mean_200,0.0000,0.0000,0.0000
oracle,both,G0-miss1,r2_brier,0.1860,0.1849,0.1871
oracle,both,G0-miss1,r2_bias,0.0236,0.0217,0.0255
oracle,both,G0-miss1,r3_inside,0.3579,0.3556,0.3600
oracle,both,G0-miss1,r3_below_0.5,0.0767,0.0746,0.0790
oracle,both,G0-miss1,r3_above_0.95,0.0451,0.0441,0.0461
oracle,both,G0-miss1,r4_false,0.0000,0.0000,0.0000
oracle,both,G0-miss1,r4_false_0.70,0.0000,0.0000,0.0000
oracle,both,G0-miss1,r4_below,0.6391,0.6235,0.6540
oracle,both,G0-miss1,r4_false_at_task,0.0000,0.0000,0.0000
oracle,both,G0-miss1,r4_declared,8.6350,8.2440,8.9990
oracle,both,G0-miss1,r5_late_answers,4.5379,4.4786,4.5969
oracle,both,G0-miss1,r5_never,0.2727,0.2533,0.2922
oracle,both,G0-miss1,r6_lag,0.0000,0.0000,0.0000
oracle,both,G0-miss1,r7_error_5,0.0000,0.0000,0.0000
oracle,both,G0-miss1,r7_error_10,0.0000,0.0000,0.0000
oracle,both,G0-miss1,r7_longest_wrong,1.7630,1.7090,1.8160
oracle,both,G0-miss1,r7_hard_first,0.0756,0.0706,0.0810
oracle,both,G0-miss1,r4b_chance_below_0.5,0.1106,0.1058,0.1166
oracle,both,G0-miss1,r4b_chance_0.5_to_0.6,0.1240,0.1213,0.1266
oracle,both,G0-miss1,r4b_chance_0.6_to_0.7,0.1763,0.1732,0.1794
oracle,both,G0-miss1,r4b_chance_0.7_to_0.8,0.2277,0.2244,0.2311
oracle,both,G0-miss1,r4b_chance_0.8_up,0.3614,0.3562,0.3666
oracle,both,G0-miss1,r3_reachable,0.9758,0.9706,0.9804
oracle,both,G0-miss1,r9_kept_up_6_50,-0.0234,-0.0273,-0.0192
oracle,both,G0-miss1,r9_kept_up_101_200,-0.0237,-0.0263,-0.0211
oracle,both,G0-miss1,r10_shown,3.2380,3.0270,3.4490
oracle,both,G0-miss1,r2_ece,0.0238,0.0221,0.0257
oracle,both,G0-miss1,r4b_3,0.2279,0.2156,0.2410
oracle,both,G0-miss1,r4b_5,0.4038,0.3866,0.4198
oracle,both,G0-miss1,r4b_10,0.4715,0.4536,0.4889
oracle,both,G0-miss1,r4b_20,0.4951,0.4762,0.5142
oracle,both,G0-miss1,r4b_50,0.5350,0.5072,0.5678
oracle,both,G0-miss1,r9_kept_up_later_less_earlier,-0.0003,-0.0052,0.0049
oracle,both,G0-miss1,r10_taken_back_5,0.1653,0.1361,0.1928
oracle,both,G0-miss1,r10_taken_back_10,0.3157,0.2707,0.3608
oracle,both,G2-half,r1_rms_5,0.0000,0.0000,0.0000
oracle,both,G2-half,r1_mean_5,0.0000,0.0000,0.0000
oracle,both,G2-half,r1_rms_10,0.0000,0.0000,0.0000
oracle,both,G2-half,r1_mean_10,0.0000,0.0000,0.0000
oracle,both,G2-half,r1_rms_20,0.0000,0.0000,0.0000
oracle,both,G2-half,r1_mean_20,0.0000,0.0000,0.0000
oracle,both,G2-half,r1_rms_50,0.0000,0.0000,0.0000
oracle,both,G2-half,r1_mean_50,0.0000,0.0000,0.0000
oracle,both,G2-half,r1_rms_100,0.0000,0.0000,0.0000
oracle,both,G2-half,r1_mean_100,0.0000,0.0000,0.0000
oracle,both,G2-half,r1_rms_200,0.0000,0.0000,0.0000
oracle,both,G2-half,r1_mean_200,0.0000,0.0000,0.0000
oracle,both,G2-half,r2_brier,0.1767,0.1756,0.1777
oracle,both,G2-half,r2_bias,0.0080,0.0063,0.0099
oracle,both,G2-half,r3_inside,0.6112,0.6089,0.6136
oracle,both,G2-half,r3_below_0.5,0.0043,0.0039,0.0049
oracle,both,G2-half,r3_above_0.95,0.0007,0.0006,0.0009
oracle,both,G2-half,r4_false,0.0000,0.0000,0.0000
oracle,both,G2-half,r4_false_0.70,0.0000,0.0000,0.0000
oracle,both,G2-half,r4_below,0.6255,0.6062,0.6442
oracle,both,G2-half,r4_false_at_task,0.0000,0.0000,0.0000
oracle,both,G2-half,r4_declared,12.3530,11.9200,12.7710
oracle,both,G2-half,r5_late_answers,5.5494,5.4541,5.6444
oracle,both,G2-half,r5_never,0.1635,0.1535,0.1733
oracle,both,G2-half,r6_lag,0.0000,0.0000,0.0000
oracle,both,G2-half,r7_error_5,0.0000,0.0000,0.0000
oracle,both,G2-half,r7_error_10,0.0000,0.0000,0.0000
oracle,both,G2-half,r7_longest_wrong,1.6050,1.5550,1.6570
oracle,both,G2-half,r7_hard_first,0.0058,0.0038,0.0083
oracle,both,G2-half,r4b_chance_below_0.5,0.0102,0.0088,0.0119
oracle,both,G2-half,r4b_chance_0.5_to_0.6,0.0698,0.0676,0.0720
oracle,both,G2-half,r4b_chance_0.6_to_0.7,0.2528,0.2493,0.2562
oracle,both,G2-half,r4b_chance_0.7_to_0.8,0.4256,0.4214,0.4295
oracle,both,G2-half,r4b_chance_0.8_up,0.2416,0.2381,0.2453
oracle,both,G2-half,r3_reachable,0.9789,0.9774,0.9803
oracle,both,G2-half,r9_kept_up_6_50,-0.0057,-0.0096,-0.0019
oracle,both,G2-half,r9_kept_up_101_200,-0.0071,-0.0097,-0.0044
oracle,both,G2-half,r10_shown,4.7490,4.4330,5.0590
oracle,both,G2-half,r2_ece,0.0081,0.0063,0.0100
oracle,both,G2-half,r4b_3,0.2114,0.2015,0.2212
oracle,both,G2-half,r4b_5,0.3010,0.2890,0.3127
oracle,both,G2-half,r4b_10,0.4081,0.3931,0.4237
oracle,both,G2-half,r4b_20,0.7178,0.6901,0.7447
oracle,both,G2-half,r4b_50,0.7662,0.7335,0.7995
oracle,both,G2-half,r9_kept_up_later_less_earlier,-0.0014,-0.0061,0.0034
oracle,both,G2-half,r10_taken_back_5,0.2093,0.1938,0.2243
oracle,both,G2-half,r10_taken_back_10,0.3923,0.3702,0.4152
oracle,both,G2-fading,r1_rms_5,0.0000,0.0000,0.0000
oracle,both,G2-fading,r1_mean_5,0.0000,0.0000,0.0000
oracle,both,G2-fading,r1_rms_10,0.0000,0.0000,0.0000
oracle,both,G2-fading,r1_mean_10,0.0000,0.0000,0.0000
oracle,both,G2-fading,r1_rms_20,0.0000,0.0000,0.0000
oracle,both,G2-fading,r1_mean_20,0.0000,0.0000,0.0000
oracle,both,G2-fading,r1_rms_50,0.0000,0.0000,0.0000
oracle,both,G2-fading,r1_mean_50,0.0000,0.0000,0.0000
oracle,both,G2-fading,r1_rms_100,0.0000,0.0000,0.0000
oracle,both,G2-fading,r1_mean_100,0.0000,0.0000,0.0000
oracle,both,G2-fading,r1_rms_200,0.0000,0.0000,0.0000
oracle,both,G2-fading,r1_mean_200,0.0000,0.0000,0.0000
oracle,both,G2-fading,r2_brier,0.1768,0.1758,0.1778
oracle,both,G2-fading,r2_bias,0.0088,0.0070,0.0106
oracle,both,G2-fading,r3_inside,0.6113,0.6090,0.6137
oracle,both,G2-fading,r3_below_0.5,0.0041,0.0037,0.0046
oracle,both,G2-fading,r3_above_0.95,0.0009,0.0007,0.0010
oracle,both,G2-fading,r4_false,0.0001,0.0000,0.0003
oracle,both,G2-fading,r4_false_0.70,0.0001,0.0000,0.0003
oracle,both,G2-fading,r4_below,0.6011,0.5818,0.6200
oracle,both,G2-fading,r4_false_at_task,0.0002,0.0000,0.0008
oracle,both,G2-fading,r4_declared,10.4940,10.0950,10.8970
oracle,both,G2-fading,r5_late_answers,5.2948,5.1766,5.4107
oracle,both,G2-fading,r5_never,0.1922,0.1820,0.2022
oracle,both,G2-fading,r6_lag,0.0000,0.0000,0.0000
oracle,both,G2-fading,r7_error_5,0.0000,0.0000,0.0000
oracle,both,G2-fading,r7_error_10,0.0000,0.0000,0.0000
oracle,both,G2-fading,r7_longest_wrong,1.6480,1.5950,1.7010
oracle,both,G2-fading,r7_hard_first,0.0049,0.0029,0.0073
oracle,both,G2-fading,r4b_chance_below_0.5,0.0092,0.0079,0.0106
oracle,both,G2-fading,r4b_chance_0.5_to_0.6,0.0700,0.0678,0.0721
oracle,both,G2-fading,r4b_chance_0.6_to_0.7,0.2515,0.2481,0.2549
oracle,both,G2-fading,r4b_chance_0.7_to_0.8,0.4296,0.4258,0.4337
oracle,both,G2-fading,r4b_chance_0.8_up,0.2397,0.2361,0.2433
oracle,both,G2-fading,r3_reachable,0.9772,0.9754,0.9787
oracle,both,G2-fading,r9_kept_up_6_50,-0.0090,-0.0128,-0.0049
oracle,both,G2-fading,r9_kept_up_101_200,-0.0082,-0.0106,-0.0056
oracle,both,G2-fading,r10_shown,4.3300,4.0360,4.6160
oracle,both,G2-fading,r2_ece,0.0088,0.0070,0.0108
oracle,both,G2-fading,r4b_3,0.2090,0.1976,0.2209
oracle,both,G2-fading,r4b_5,0.2648,0.2515,0.2780
oracle,both,G2-fading,r4b_10,0.3343,0.3191,0.3497
oracle,both,G2-fading,r4b_20,0.4825,0.4570,0.5083
oracle,both,G2-fading,r4b_50,0.5200,0.4860,0.5565
oracle,both,G2-fading,r9_kept_up_later_less_earlier,0.0008,-0.0038,0.0054
oracle,both,G2-fading,r10_taken_back_5,0.2006,0.1807,0.2204
oracle,both,G2-fading,r10_taken_back_10,0.3794,0.3496,0.4093
oracle,both,G3-drop,r1_rms_5,0.0000,0.0000,0.0000
oracle,both,G3-drop,r1_mean_5,0.0000,0.0000,0.0000
oracle,both,G3-drop,r1_rms_10,0.0000,0.0000,0.0000
oracle,both,G3-drop,r1_mean_10,0.0000,0.0000,0.0000
oracle,both,G3-drop,r1_rms_20,0.0000,0.0000,0.0000
oracle,both,G3-drop,r1_mean_20,0.0000,0.0000,0.0000
oracle,both,G3-drop,r1_rms_50,0.0000,0.0000,0.0000
oracle,both,G3-drop,r1_mean_50,0.0000,0.0000,0.0000
oracle,both,G3-drop,r1_rms_100,0.0000,0.0000,0.0000
oracle,both,G3-drop,r1_mean_100,0.0000,0.0000,0.0000
oracle,both,G3-drop,r1_rms_200,0.0000,0.0000,0.0000
oracle,both,G3-drop,r1_mean_200,0.0000,0.0000,0.0000
oracle,both,G3-drop,r2_brier,0.1785,0.1772,0.1796
oracle,both,G3-drop,r2_bias,0.0064,0.0045,0.0083
oracle,both,G3-drop,r3_inside,0.5940,0.5890,0.5990
oracle,both,G3-drop,r3_below_0.5,0.0185,0.0140,0.0234
oracle,both,G3-drop,r3_above_0.95,0.0008,0.0007,0.0010
oracle,both,G3-drop,r4_false,0.0000,0.0000,0.0000
oracle,both,G3-drop,r4_false_0.70,0.0000,0.0000,0.0000
oracle,both,G3-drop,r4_below,0.6388,0.6211,0.6560
oracle,both,G3-drop,r4_false_at_task,0.0000,0.0000,0.0000
oracle,both,G3-drop,r4_declared,7.6020,7.2420,7.9690
oracle,both,G3-drop,r5_late_answers,4.1739,4.1190,4.2332
oracle,both,G3-drop,r5_never,0.3550,0.3327,0.3791
oracle,both,G3-drop,r6_lag,0.0000,0.0000,0.0000
oracle,both,G3-drop,r6_jump_answers,0.0000,0.0000,0.0000
oracle,both,G3-drop,r6_jump_unsettled,0.0000,0.0000,0.0000
oracle,both,G3-drop,r7_error_5,0.0000,0.0000,0.0000
oracle,both,G3-drop,r7_error_10,0.0000,0.0000,0.0000
oracle,both,G3-drop,r7_longest_wrong,1.6230,1.5740,1.6730
oracle,both,G3-drop,r7_hard_first,0.0065,0.0040,0.0097
oracle,both,G3-drop,r4b_chance_below_0.5,0.0509,0.0382,0.0656
oracle,both,G3-drop,r4b_chance_0.5_to_0.6,0.0824,0.0779,0.0873
oracle,both,G3-drop,r4b_chance_0.6_to_0.7,0.2480,0.2430,0.2530
oracle,both,G3-drop,r4b_chance_0.7_to_0.8,0.3941,0.3855,0.4028
oracle,both,G3-drop,r4b_chance_0.8_up,0.2246,0.2181,0.2313
oracle,both,G3-drop,r3_reachable,0.9531,0.9441,0.9610
oracle,both,G3-drop,r9_kept_up_6_50,-0.0030,-0.0067,0.0010
oracle,both,G3-drop,r9_kept_up_101_200,-0.0077,-0.0103,-0.0049
oracle,both,G3-drop,r10_shown,2.9170,2.7290,3.1170
oracle,both,G3-drop,r2_ece,0.0067,0.0049,0.0089
oracle,both,G3-drop,r4b_3,0.2105,0.1980,0.2236
oracle,both,G3-drop,r4b_5,0.3783,0.3612,0.3959
oracle,both,G3-drop,r4b_10,0.4435,0.4255,0.4644
oracle,both,G3-drop,r4b_20,0.4520,0.4335,0.4720
oracle,both,G3-drop,r4b_50,0.4564,0.4357,0.4772
oracle,both,G3-drop,r9_kept_up_later_less_earlier,-0.0047,-0.0092,0.0002
oracle,both,G3-drop,r10_taken_back_5,0.1564,0.1224,0.1917
oracle,both,G3-drop,r10_taken_back_10,0.3348,0.2861,0.3845
oracle,both,G0-start0.5,r1_rms_5,0.0000,0.0000,0.0000
oracle,both,G0-start0.5,r1_mean_5,0.0000,0.0000,0.0000
oracle,both,G0-start0.5,r1_rms_10,0.0000,0.0000,0.0000
oracle,both,G0-start0.5,r1_mean_10,0.0000,0.0000,0.0000
oracle,both,G0-start0.5,r1_rms_20,0.0000,0.0000,0.0000
oracle,both,G0-start0.5,r1_mean_20,0.0000,0.0000,0.0000
oracle,both,G0-start0.5,r1_rms_50,0.0000,0.0000,0.0000
oracle,both,G0-start0.5,r1_mean_50,0.0000,0.0000,0.0000
oracle,both,G0-start0.5,r1_rms_100,0.0000,0.0000,0.0000
oracle,both,G0-start0.5,r1_mean_100,0.0000,0.0000,0.0000
oracle,both,G0-start0.5,r1_rms_200,0.0000,0.0000,0.0000
oracle,both,G0-start0.5,r1_mean_200,0.0000,0.0000,0.0000
oracle,both,G0-start0.5,r2_brier,0.1766,0.1756,0.1777
oracle,both,G0-start0.5,r2_bias,0.0086,0.0068,0.0104
oracle,both,G0-start0.5,r3_inside,0.6106,0.6080,0.6130
oracle,both,G0-start0.5,r3_below_0.5,0.0036,0.0033,0.0039
oracle,both,G0-start0.5,r3_above_0.95,0.0007,0.0006,0.0009
oracle,both,G0-start0.5,r4_false,0.0000,0.0000,0.0000
oracle,both,G0-start0.5,r4_false_0.70,0.0000,0.0000,0.0000
oracle,both,G0-start0.5,r4_below,0.6424,0.6304,0.6542
oracle,both,G0-start0.5,r4_false_at_task,0.0000,0.0000,0.0000
oracle,both,G0-start0.5,r4_declared,8.1070,7.7410,8.4620
oracle,both,G0-start0.5,r5_late_answers,4.3639,4.3311,4.3994
oracle,both,G0-start0.5,r5_never,0.2118,0.1949,0.2294
oracle,both,G0-start0.5,r6_lag,0.0000,0.0000,0.0000
oracle,both,G0-start0.5,r7_error_5,0.0000,0.0000,0.0000
oracle,both,G0-start0.5,r7_error_10,0.0000,0.0000,0.0000
oracle,both,G0-start0.5,r7_longest_wrong,1.5810,1.5320,1.6320
oracle,both,G0-start0.5,r7_hard_first,0.0027,0.0017,0.0038
oracle,both,G0-start0.5,r4b_chance_below_0.5,0.0078,0.0071,0.0086
oracle,both,G0-start0.5,r4b_chance_0.5_to_0.6,0.0705,0.0684,0.0728
oracle,both,G0-start0.5,r4b_chance_0.6_to_0.7,0.2556,0.2515,0.2599
oracle,both,G0-start0.5,r4b_chance_0.7_to_0.8,0.4277,0.4237,0.4318
oracle,both,G0-start0.5,r4b_chance_0.8_up,0.2384,0.2341,0.2426
oracle,both,G0-start0.5,r3_reachable,0.9770,0.9737,0.9799
oracle,both,G0-start0.5,r9_kept_up_6_50,-0.0083,-0.0120,-0.0043
oracle,both,G0-start0.5,r9_kept_up_101_200,-0.0092,-0.0116,-0.0066
oracle,both,G0-start0.5,r10_shown,3.0610,2.8960,3.2310
oracle,both,G0-start0.5,r2_ece,0.0086,0.0067,0.0104
oracle,both,G0-start0.5,r4b_3,0.2553,0.2422,0.2681
oracle,both,G0-start0.5,r4b_5,0.4347,0.4185,0.4509
oracle,both,G0-start0.5,r4b_10,0.4992,0.4814,0.5156
oracle,both,G0-start0.5,r4b_20,0.5136,0.4962,0.5309
oracle,both,G0-start0.5,r4b_50,0.5509,0.5232,0.5808
oracle,both,G0-start0.5,r9_kept_up_later_less_earlier,-0.0009,-0.0055,0.0037
oracle,both,G0-start0.5,r10_taken_back_5,0.1291,0.1007,0.1604
oracle,both,G0-start0.5,r10_taken_back_10,0.2947,0.2489,0.3407
oracle,both,G0-start2,r1_rms_5,0.0000,0.0000,0.0000
oracle,both,G0-start2,r1_mean_5,0.0000,0.0000,0.0000
oracle,both,G0-start2,r1_rms_10,0.0000,0.0000,0.0000
oracle,both,G0-start2,r1_mean_10,0.0000,0.0000,0.0000
oracle,both,G0-start2,r1_rms_20,0.0000,0.0000,0.0000
oracle,both,G0-start2,r1_mean_20,0.0000,0.0000,0.0000
oracle,both,G0-start2,r1_rms_50,0.0000,0.0000,0.0000
oracle,both,G0-start2,r1_mean_50,0.0000,0.0000,0.0000
oracle,both,G0-start2,r1_rms_100,0.0000,0.0000,0.0000
oracle,both,G0-start2,r1_mean_100,0.0000,0.0000,0.0000
oracle,both,G0-start2,r1_rms_200,0.0000,0.0000,0.0000
oracle,both,G0-start2,r1_mean_200,0.0000,0.0000,0.0000
oracle,both,G0-start2,r2_brier,0.1783,0.1769,0.1799
oracle,both,G0-start2,r2_bias,0.0070,0.0052,0.0088
oracle,both,G0-start2,r3_inside,0.5736,0.5650,0.5821
oracle,both,G0-start2,r3_below_0.5,0.0399,0.0305,0.0498
oracle,both,G0-start2,r3_above_0.95,0.0043,0.0018,0.0076
oracle,both,G0-start2,r4_false,0.0002,0.0000,0.0006
oracle,both,G0-start2,r4_false_0.70,0.0002,0.0000,0.0006
oracle,both,G0-start2,r4_below,0.5586,0.5356,0.5822
oracle,both,G0-start2,r4_false_at_task,0.0005,0.0000,0.0013
oracle,both,G0-start2,r4_declared,8.7250,8.3050,9.1310
oracle,both,G0-start2,r5_late_answers,4.7781,4.6419,4.9300
oracle,both,G0-start2,r5_never,0.2148,0.1968,0.2342
oracle,both,G0-start2,r6_lag,0.0000,0.0000,0.0000
oracle,both,G0-start2,r7_error_5,0.0000,0.0000,0.0000
oracle,both,G0-start2,r7_error_10,0.0000,0.0000,0.0000
oracle,both,G0-start2,r7_longest_wrong,1.8090,1.7440,1.8760
oracle,both,G0-start2,r7_hard_first,0.0402,0.0307,0.0510
oracle,both,G0-start2,r4b_chance_below_0.5,0.1140,0.0877,0.1420
oracle,both,G0-start2,r4b_chance_0.5_to_0.6,0.0846,0.0781,0.0912
oracle,both,G0-start2,r4b_chance_0.6_to_0.7,0.2283,0.2202,0.2359
oracle,both,G0-start2,r4b_chance_0.7_to_0.8,0.3669,0.3520,0.3820
oracle,both,G0-start2,r4b_chance_0.8_up,0.2062,0.1968,0.2160
oracle,both,G0-start2,r3_reachable,0.9198,0.9051,0.9336
oracle,both,G0-start2,r9_kept_up_6_50,-0.0079,-0.0120,-0.0040
oracle,both,G0-start2,r9_kept_up_101_200,-0.0066,-0.0092,-0.0040
oracle,both,G0-start2,r10_shown,3.9340,3.6400,4.2620
oracle,both,G0-start2,r2_ece,0.0075,0.0061,0.0096
oracle,both,G0-start2,r4b_3,0.2100,0.1970,0.2237
oracle,both,G0-start2,r4b_5,0.3809,0.3629,0.3995
oracle,both,G0-start2,r4b_10,0.4403,0.4206,0.4611
oracle,both,G0-start2,r4b_20,0.4624,0.4417,0.4831
oracle,both,G0-start2,r4b_50,0.4958,0.4707,0.5219
oracle,both,G0-start2,r9_kept_up_later_less_earlier,0.0013,-0.0033,0.0059
oracle,both,G0-start2,r10_taken_back_5,0.1409,0.1185,0.1632
oracle,both,G0-start2,r10_taken_back_10,0.2513,0.2149,0.2874
oracle,both,G0-topics0.3,r1_rms_5,0.0000,0.0000,0.0000
oracle,both,G0-topics0.3,r1_mean_5,0.0000,0.0000,0.0000
oracle,both,G0-topics0.3,r1_rms_10,0.0000,0.0000,0.0000
oracle,both,G0-topics0.3,r1_mean_10,0.0000,0.0000,0.0000
oracle,both,G0-topics0.3,r1_rms_20,0.0000,0.0000,0.0000
oracle,both,G0-topics0.3,r1_mean_20,0.0000,0.0000,0.0000
oracle,both,G0-topics0.3,r1_rms_50,0.0000,0.0000,0.0000
oracle,both,G0-topics0.3,r1_mean_50,0.0000,0.0000,0.0000
oracle,both,G0-topics0.3,r1_rms_100,0.0000,0.0000,0.0000
oracle,both,G0-topics0.3,r1_mean_100,0.0000,0.0000,0.0000
oracle,both,G0-topics0.3,r1_rms_200,0.0000,0.0000,0.0000
oracle,both,G0-topics0.3,r1_mean_200,0.0000,0.0000,0.0000
oracle,both,G0-topics0.3,r2_brier,0.1777,0.1765,0.1789
oracle,both,G0-topics0.3,r2_bias,0.0078,0.0060,0.0097
oracle,both,G0-topics0.3,r3_inside,0.6064,0.6024,0.6100
oracle,both,G0-topics0.3,r3_below_0.5,0.0056,0.0043,0.0073
oracle,both,G0-topics0.3,r3_above_0.95,0.0007,0.0006,0.0008
oracle,both,G0-topics0.3,r4_false,0.0000,0.0000,0.0000
oracle,both,G0-topics0.3,r4_false_0.70,0.0000,0.0000,0.0000
oracle,both,G0-topics0.3,r4_below,0.6526,0.6358,0.6707
oracle,both,G0-topics0.3,r4_false_at_task,0.0000,0.0000,0.0000
oracle,both,G0-topics0.3,r4_declared,8.3590,7.9610,8.7440
oracle,both,G0-topics0.3,r5_late_answers,4.5324,4.4417,4.6397
oracle,both,G0-topics0.3,r5_never,0.2756,0.2503,0.3011
oracle,both,G0-topics0.3,r6_lag,0.0000,0.0000,0.0000
oracle,both,G0-topics0.3,r7_error_5,0.0000,0.0000,0.0000
oracle,both,G0-topics0.3,r7_error_10,0.0000,0.0000,0.0000
oracle,both,G0-topics0.3,r7_longest_wrong,1.6320,1.5800,1.6890
oracle,both,G0-topics0.3,r7_hard_first,0.0068,0.0044,0.0092
oracle,both,G0-topics0.3,r4b_chance_below_0.5,0.0138,0.0100,0.0187
oracle,both,G0-topics0.3,r4b_chance_0.5_to_0.6,0.0792,0.0743,0.0848
oracle,both,G0-topics0.3,r4b_chance_0.6_to_0.7,0.2579,0.2540,0.2616
oracle,both,G0-topics0.3,r4b_chance_0.7_to_0.8,0.4193,0.4121,0.4257
oracle,both,G0-topics0.3,r4b_chance_0.8_up,0.2298,0.2241,0.2355
oracle,both,G0-topics0.3,r3_reachable,0.9682,0.9613,0.9746
oracle,both,G0-topics0.3,r9_kept_up_6_50,-0.0068,-0.0108,-0.0029
oracle,both,G0-topics0.3,r9_kept_up_101_200,-0.0091,-0.0116,-0.0065
oracle,both,G0-topics0.3,r10_shown,3.0140,2.8120,3.2260
oracle,both,G0-topics0.3,r2_ece,0.0081,0.0063,0.0100
oracle,both,G0-topics0.3,r4b_3,0.2301,0.2157,0.2450
oracle,both,G0-topics0.3,r4b_5,0.4112,0.3937,0.4285
oracle,both,G0-topics0.3,r4b_10,0.4834,0.4656,0.5015
oracle,both,G0-topics0.3,r4b_20,0.5071,0.4886,0.5263
oracle,both,G0-topics0.3,r4b_50,0.5282,0.5053,0.5518
oracle,both,G0-topics0.3,r9_kept_up_later_less_earlier,-0.0023,-0.0067,0.0024
oracle,both,G0-topics0.3,r10_taken_back_5,0.1611,0.1340,0.1874
oracle,both,G0-topics0.3,r10_taken_back_10,0.3113,0.2693,0.3505
oracle,both,G0-topics1,r1_rms_5,0.0000,0.0000,0.0000
oracle,both,G0-topics1,r1_mean_5,0.0000,0.0000,0.0000
oracle,both,G0-topics1,r1_rms_10,0.0000,0.0000,0.0000
oracle,both,G0-topics1,r1_mean_10,0.0000,0.0000,0.0000
oracle,both,G0-topics1,r1_rms_20,0.0000,0.0000,0.0000
oracle,both,G0-topics1,r1_mean_20,0.0000,0.0000,0.0000
oracle,both,G0-topics1,r1_rms_50,0.0000,0.0000,0.0000
oracle,both,G0-topics1,r1_mean_50,0.0000,0.0000,0.0000
oracle,both,G0-topics1,r1_rms_100,0.0000,0.0000,0.0000
oracle,both,G0-topics1,r1_mean_100,0.0000,0.0000,0.0000
oracle,both,G0-topics1,r1_rms_200,0.0000,0.0000,0.0000
oracle,both,G0-topics1,r1_mean_200,0.0000,0.0000,0.0000
oracle,both,G0-topics1,r2_brier,0.1775,0.1764,0.1786
oracle,both,G0-topics1,r2_bias,0.0090,0.0071,0.0107
oracle,both,G0-topics1,r3_inside,0.6100,0.6067,0.6131
oracle,both,G0-topics1,r3_below_0.5,0.0058,0.0038,0.0085
oracle,both,G0-topics1,r3_above_0.95,0.0008,0.0007,0.0010
oracle,both,G0-topics1,r4_false,0.0000,0.0000,0.0000
oracle,both,G0-topics1,r4_false_0.70,0.0000,0.0000,0.0000
oracle,both,G0-topics1,r4_below,0.6274,0.6116,0.6427
oracle,both,G0-topics1,r4_false_at_task,0.0000,0.0000,0.0000
oracle,both,G0-topics1,r4_declared,8.3230,7.9510,8.7030
oracle,both,G0-topics1,r5_late_answers,4.6269,4.5393,4.7303
oracle,both,G0-topics1,r5_never,0.2714,0.2573,0.2865
oracle,both,G0-topics1,r6_lag,0.0000,0.0000,0.0000
oracle,both,G0-topics1,r7_error_5,0.0000,0.0000,0.0000
oracle,both,G0-topics1,r7_error_10,0.0000,0.0000,0.0000
oracle,both,G0-topics1,r7_longest_wrong,1.6200,1.5660,1.6690
oracle,both,G0-topics1,r7_hard_first,0.0051,0.0029,0.0080
oracle,both,G0-topics1,r4b_chance_below_0.5,0.0142,0.0081,0.0230
oracle,both,G0-topics1,r4b_chance_0.5_to_0.6,0.0699,0.0678,0.0724
oracle,both,G0-topics1,r4b_chance_0.6_to_0.7,0.2521,0.2478,0.2562
oracle,both,G0-topics1,r4b_chance_0.7_to_0.8,0.4266,0.4207,0.4318
oracle,both,G0-topics1,r4b_chance_0.8_up,0.2372,0.2327,0.2418
oracle,both,G0-topics1,r3_reachable,0.9791,0.9745,0.9831
oracle,both,G0-topics1,r9_kept_up_6_50,-0.0106,-0.0146,-0.0065
oracle,both,G0-topics1,r9_kept_up_101_200,-0.0089,-0.0116,-0.0062
oracle,both,G0-topics1,r10_shown,3.1850,2.9900,3.3820
oracle,both,G0-topics1,r2_ece,0.0090,0.0072,0.0109
oracle,both,G0-topics1,r4b_3,0.2303,0.2191,0.2421
oracle,both,G0-topics1,r4b_5,0.4036,0.3883,0.4185
oracle,both,G0-topics1,r4b_10,0.4731,0.4581,0.4890
oracle,both,G0-topics1,r4b_20,0.4974,0.4815,0.5135
oracle,both,G0-topics1,r4b_50,0.5300,0.5088,0.5517
oracle,both,G0-topics1,r9_kept_up_later_less_earlier,0.0016,-0.0033,0.0068
oracle,both,G0-topics1,r10_taken_back_5,0.1657,0.1254,0.2043
oracle,both,G0-topics1,r10_taken_back_10,0.2680,0.2156,0.3173
